Unnamed: 0,Unnamed: 1,title,description,Unnamed: 4,Atributos <empresa terceira>,Unnamed: 6,Unnamed: 7,Unnamed: 8,Unnamed: 9,Unnamed: 10,Unnamed: 11,Unnamed: 12,Unnamed: 13,Unnamed: 14,Unnamed: 15,Unnamed: 16,Unnamed: 17,Atributos AI-PAVE-BR,Unnamed: 19,Unnamed: 20,Unnamed: 21,Unnamed: 22,Unnamed: 23,Unnamed: 24,Unnamed: 25,Unnamed: 26,Unnamed: 27,Unnamed: 28,Unnamed: 29,Unnamed: 30,Atributos Multimídia,Unnamed: 32,Unnamed: 33,Unnamed: 34,Unnamed: 35,Unnamed: 36,Unnamed: 37
id,product_type,,,extracted_attributes,marca_ol,material_da_estrutura_ol,quantidade_de_portas_ol,cor_ol,tipo_ol,quantidade_de_gavetas_ol,quantidade_de_prateleiras_ol,prateleira_ol,adicional_ol,material_ol,estilo_ol,componentes_ol,indicacao_ol,marca_llm,material_da_estrutura_llm,quantidade_de_portas_llm,cor_llm,tipo_llm,quantidade_de_gavetas_llm,quantidade_de_prateleiras_llm,prateleira_llm,adicional_llm,material_llm,estilo_llm,componentes_llm,indicacao_llm,marca,material_da_estrutura,quantidade_de_portas,cor,tipo,quantidade_de_gavetas,tipo_de_porta
moveiszapp||CL01102191,Armário,Armário Aéreo Gold Indekes Noz/Avelã 61x120x32,"<p>Armário de Cozinha Aéreo 1 Porta Noz/Avelã Indekes Gold 61x120x32 possui 120cm de largura, é uma peça ideal para pôr em cozinha, onde deixa um visual espetacular, além de o produto ser produzido em MDP de 15mm, revestido com pintura ultra-violeta. A porta compõe em sua pintura brilho perolizado e fita de borda em melamina, puxador em PVC, e pistão a gás que sustenta a porta aberta para que possa manuseá-la aberta.</p><p><br></p><p>Descrição do Produto:</p><p>Marca: Indekes</p><p>Modelo: Gold</p><p>Material: Puxador PVC / Estrutura MDP 15 mm</p><p>Tipo: Armário Aéreo</p><p>Tipo de Porta: Basculante</p><p>Porta com vidro: não</p><p>Puxador: PVC</p><p>Quantidade de Portas: 1</p><p>Quantidade de Prateleiras: 1</p><p>Acabamento: Pintura UV</p><p>Suporta até (kg): 10 kg</p><p>Conteúdo da Embalagem - 1 Armário Aéreo Indekes Gold 1 Porta - Noz/Avelã</p><p>Garantia: 3 meses</p><p>Montagem não inclusa.</p><p><br></p><p>Cuidados com o produto:</p><p>Não arrastar nem sobrecarregar os móveis, tanto no dia-a-dia como no transporte</p><p>Não é recomendado, para limpeza e manutenção dos móveis, o uso de produtos que contenham: ácidos, soda, álcool, thinner, acetonas e solventes.</p><p>Não usar palha, esponja de aço ou qualquer objeto áspero, utilizar apenas pano macio e sabão neutro.</p><p>Os produtos são parcialmente resistentes a intempéries, mantendo suas cores por longo período. No entanto, para maior vida útil, não é aconselhável mantê-los em ambientes externos, ao abrigo do tempo, quando não estiverem em uso.</p><p><br></p><p>Todos os móveis possuem garantia e manual de montagem.</p><p>Não nos responsabilizamos pelos custos de montagem.</p><p>Não nos responsabilizamos por subir escadas, corredores e elevadores ou transporte por guincho em apartamentos.</p><p>É de extrema importância ficar atento às dimensões dos produtos, pois é de sua total responsabilidade caso o produto tenha dimensões superiores ao local de acesso, dificultando ou impossibilitando que a mesma seja concluída.</p><p><br></p><p>*Foto ilustrativa. A tonalidade de cor pode variar entre peças diferentes. Além disso, a percepção das cores do produto pode ser um pouco diferente da mostrada na foto do anúncio em função da luminosidade do ambiente, calibração do monitor ou aparelho utilizado para visualização da foto.*</p>","{""material_da_estrutura"":""MDP"",""quantidade_de_portas"":""1 Porta"",""tipo"":""Aéreo""}",,MDP,1 Porta,,Aéreo,,,,,,,,,Indekes,MDP,1,NozAvelã,Aéreo,Não informado,1,Não informado,Não informado,PVC,Não informado,"Puxador PVC, Estrutura MDP 15 mm",Cozinha,Indekes,MDP,1 Porta,"[Noz, Avelã]",Aéreo,,Basculante
ajl||40169p,Armário,Armário Multiuso para Lavanderia Organizador Dispensa,"ARMÁRIO LAVANDERIA 2 PORTASMóvel para todos os ambientesMEDIDASAltura: 160 cmLargura: 60 cm Profundidade: 30,5 cm Peso suportado: 20 kgPeso do móvel: 25,4 kgCor: BrancoAcabamento: alto brilhoAltura entre as prateleiras de cima para baixo 1° 21,5 cm 2° 20,3 cm 3° 29,0 cm 4° 33,8 cm 5° 43,5 cm Largura das prateleiras: 36,5 cm Largura local da escada: 19,5 cm O lugar dos ganchos fica a critério do cliente","{""quantidade_de_portas"":""2 Portas"",""tipo"":""Organizador, Multiuso""}",,,2 Portas,,"Organizador, Multiuso",,,,,,,,,Não informado,Não informado,2,Branco,Multiuso,Não informado,5,Não informado,Não informado,Não informado,Não informado,Não informado,Lavanderia,AJL,Madeira,2 Portas,Branco,,,Convencional
shopjm2||62170B,Armário,Armário Aéreo Para Quarto 3 Portas 90 cm Malbec Avelã Gabriela Shop Jm,"<p>Dimensões do produto: Largura 90 cm; Profundidade 32 cm; Altura 61 cm.</p><p>Itens Inclusos: 1 armário aéreo</p><p>Produzido em MDP bio-sustentável de 15 mm</p><p>Design otimizado para maior espaço</p><p>Possui dobradiças metálicas</p><p>Puxadores perfil de PVC</p><p>Frente com pintura texturizada</p><p>Complexidade da montagem: Média, pode ser montado por mais de uma pessoa e/ou necessite de maior conhecimento para montagem.</p><p>Recomendações de uso, manutenção e limpeza: Limpar com flanela ou pano macio seco, não utilizar produtos abrasivos, desengordurantes, álcool ou solvente. Não expor o produto diretamente a luz solar e à umidade</p><p>Garantia: 3 meses</p><p>OBS: Foto meramente ilustrativa, objetos, utensílios e decoração não fazem parte do produto. </p>","{""cor"":""Malbec, Avelã"",""material_da_estrutura"":""MDP"",""quantidade_de_portas"":""3 Portas"",""tipo"":""Aéreo""}",,MDP,3 Portas,"Malbec, Avelã",Aéreo,,,,,,,,,Gabriela Shop,MDP,3 Portas,Avelã,Aéreo,Não informado,Não informado,Não informado,Não informado,MDP,Não informado,"Dobradiças Metálicas, Puxadores Perfil de PVC",Quarto,Peternella,MDP,3 Portas,"[Malbec, Avelã]",Aéreo,,Convencional
decorecomamor||123469p,Armário,Balcão Armário Branco C/ 1 Porta Com 4 Rodinhas,"&lt;br&gt;Armário Para Lavanderia 1 Porta Área de Serviço Multiuso Gabinete&lt;/br&gt;<br> &lt;br&gt;<br> &lt;br&gt;Lindo Armário para lavanderia com 4 prateleiras e abertura lateral para colocar escada, tábua de passar roupa ou o que desejar&lt;/br&gt;<br> &lt;br&gt;<br> &lt;br&gt;{ Dimensões do produto: }&lt;/br&gt;<br> &lt;br&gt;<br> &lt;br&gt;Altura: 160cm&lt;/br&gt;<br> &lt;br&gt;Largura: 42cm&lt;/br&gt;<br> &lt;br&gt;Profundidade: 34cm&lt;/br&gt;<br> &lt;br&gt;<br> &lt;br&gt;Armário com rodizios ( Rodinhas para facilitar a limpeza )&lt;/br&gt;<br> &lt;br&gt;Puxadores cromados&lt;/br&gt;<br> &lt;br&gt;Pintura Uv ( Melhor Acabamento )&lt;/br&gt;<br> &lt;br&gt;<br> <br>","{""marca"":""Decore Com Amor""}",Decore Com Amor,,,,,,,,,,,,,Não informado,Não informado,1 Porta,Branco,Armário Para Lavanderia,Não informado,4 prateleiras,Não informado,Com 4 Rodinhas,Não informado,Não informado,Rodinhas,Área de Serviço Multiuso,Decore com Amor,,1 Porta,Branco,,,Convencional
reidecasa1||500237,Armário,Armário Aéreo 3 Portas Alice CHF Móveis,"Que tal deixar a sua cozinha ainda mais organizada com o Armário Aéreo Alice? Com 3 portas, o móvel é ideal para guardar utensílios sem ocupar muito espaço. A peça garante resistência e durabilidade, contando com um design clean que proporciona uma decoração mais leve. Demais, né?<br>Informações técnicas<br>Acabamento Pintura: UV<br>Acabamento da Porta: Pintura UV<br>Acabamento da Prateleira: Pintura UV<br>Altura: 61 cm<br>Ambiente Principal;: Cozinha<br>Cor Flex: Não<br>Escala de Brilho: Brilhante<br>Escala de Brilho da Porta: Brilhante<br>Escala de Brilho da Prateleira: Brilhante<br>Estilo: Contemporâneo<br>Itens Inclusos: 1 Armário Aéreo e Manual de Montagem.<br>Largura: 103 cm<br>Linha ou Coleção: Alice<br>Material da Porta: MDP<br>Material da Prateleira: MDP<br>Material do Puxador da Porta: Plástico<br>Material Principal: MDP<br>Montagem Flex: Não<br>Necessita montagem: Sim<br>Peso: 20,2 kg<br>Peso Máximo por Prateleira: 15 kg<br>Possui Gavetas: Não<br>Possui pés: Suspenso<br>Possui Portas: 03<br>Possui Prateleiras: 02<br>Profundidade: 29 cm<br>Recomendações de Uso, Manutenção e Limpeza: Limpar com flanela limpa e seca. Não usar produtos abrasivos.<br>Sapatas Niveladoras: Não<br>Sistema de Montagem: Parafusos e Cavilhas.<br>Suporta até (kg): 35 kg<br>Tipo de Dobradiça/Corrediça da Porta: Metálica<br>Tipo de porta: Bater<br>Tipo de Puxador da Porta: Externo<br>Informações complementares<br>Marca CHF Móveis<br>Tipo: Aéreo","{""cor"":""Off White"",""marca"":""CHF Móveis"",""quantidade_de_portas"":""3 Portas""}",CHF Móveis,,3 Portas,Off White,,,,,,,,,,CHF Móveis,MDP,3,Não informado,Aéreo,Não informado,2,Não informado,Não informado,MDP,Contemporâneo,Não informado,Cozinha,CHF Móveis,MDP,3 Portas,"[Cedro, Off White]",Aéreo,,Convencional
ajl||8277p,Armário,Sala De Estar Armário Estante Balcão Expositor De Brinquedos,"LINDO ARMÁRIO ESTANTE MULTIUSO COM 4 PRATELEIRAS<br>Armário multiuso, serve para diversas partes da casa Lavanderia, Cozinha, Despensa, Escritório, Quarto Infantil...Serão enviados junto ao móvel 2 ganchos porta vassouras que podem ou não ser fixados ao armário.<br>MEDIDAS:<br>Altura: 160cm<br>Largura: 55cm<br>Profundidade: 27cm - Material MDP<br>- Pintura UV Brilhante- 4 Prateleiras<br>Aproveite este Super Preço Promocional, TEMOS POUCAS UNIDADES!!!<br>IRÁ COM GARANTIA E COM NOTA FISCAL","{""material_da_estrutura"":""MDP""}",,MDP,,,,,,,,,,,,Não informado,MDP,Não informado,Não informado,Estante,Não informado,4,Não informado,2 ganchos porta vassouras,MDP,Não informado,Não informado,"Sala De Estar, Lavanderia, Cozinha, Despensa, Escritório, Quarto Infantil",Click Forte,MDP,,Branco,,,
ajbcomercioltda||3623p,Armário,Armário Módulo Aéreo Branco Quarto Infantil Bebê,"<br>Multiuso - Penteadeira - Quarto - Cozinha - Lavanderia - Sala - Escritório - Painel - Tábua de Passar - Suporte Microondas<br><br>Mantenha os quartos decorados com a Bancada de Estudo CLICKFORTE. Móvel charmoso e elegante, ele vai trazer mais beleza e funcionalidade para a decoração do seu lar.A Bancada de Apoio Suspensa possui uma estrutura de alta qualidade. Confeccionada em madeira 100% MDP, com acabamento em pintura UV brilho, que proporciona uma maior durabilidade e resistência a peça de decoração. O espaço para TV pode comportar monitores de até 30"""" polegadas, além de um tampo e nichos para organização, suporta Microondas até 45Kg. Serve como Penteadeira, Tábua de Passar, Home Office, Bancada de estudos, Apoio para Notebook, Laptop.. entre outras utilidades.<br><br>Dimensões:<br><br>Altura: 0,60m<br>Largura: 0,88m<br>Profundidade: 0,36m<br><br>- Bancada de estudo fabricada em madeira<br>- Possui nichos organizadores<br>- Espaço para TV de até 30""""<br>- Acabamento em pintura ultravioleta<br>- Pode ser usado como Tábua de Passar<br>- Painel para TV<br>- Apoio para Cozinha<br>- Suporte Microondas<br>- Penteadeira ( não acompanha o espelho )<br><br>- Home Office","{""cor"":""Branco"",""marca"":""Ajl"",""tipo"":""Aéreo""}",Ajl,,,Branco,Aéreo,,,,,,,,,CLICKFORTE,madeira 100 MDP,Não informado,Branco,Módulo Aéreo,Não informado,Não informado,Não informado,Não informado,madeira,Não informado,Não informado,Quarto Infantil Bebê,Click Forte,MDP,,Branco,Aéreo,,
colormoveis||15845049427,Armário,Armário Aéreo 2 Portas Múltipla Bertolini,"O Armário Aéreo da Bertolini, possui um visual moderno e jovial, ideal para quem tem um estilo solto e despojado. Sua fabricação 100% em aço e o tratamento contra oxidação garantem durabilidade ao produto. Já o exclusivo rebaixo interno das portas e as dobradiças 100% em aço, a tornam a porta mais resistente do mercado. É de fácil limpeza e os cantos arredondados das portas garantem segurança à sua família. Proporcionando o armazenamento de alimentos e/ou utensílios de modo funcional. Durabilidade, resistência, higiene, facilidade na montagem, dobradiças 100% aço, tratamento contra oxidação, pintura epóxi / poliéster.","{""tipo"":""Aéreo""}",,,,,Aéreo,,,,,,,,,Bertolini,aço,2 Portas,Não informado,Aéreo,Não informado,Não informado,Não informado,Não informado,aço,moderno e jovial,dobradiças 100 aço,armazenamento de alimentos e/ou utensílios,Bertolini,Aço,2 Portas,Branco,Aéreo,,Convencional
outletdasfabricas||11100080,Armário,Livreiro Armário Estante Para Sala Quarto Escritório 1 Porta 5 Prateleiras Marrom Madeira Preto,"<p>Para dar uma renovada no seu ambiente, o livreiro 1 porta da Placa &amp; Ponto é o produto ideal! Fácil de montar e com acabamento office que deixa o móvel ainda mais elegante.</p> <p>Especificações</p> <p>Comprimento: 70 cm</p> <p>Largura: 35 cm</p> <p>Altura: 180 cm</p> <p>5 Prateleiras</p> <p>Cor: Marrom Madeira / Preto</p> <p>As configurações do seu monitor ou dispositivo móvel podem afetar a tonalidade da cor do produto. Conferir na descrição.</p> <p>Recomendação de Limpeza: Limpar com pano seco para retirar o pó. Não aplicar produtos abrasivos.</p> <p>Produtos de Enfeite e Eletrônicos Não Estão Inclusos.</p>","{""quantidade_de_portas"":""1 Porta""}",,,1 Porta,,,,,,,,,,,Placa amp Ponto,Não informado,1 Porta,Marrom Madeira  Preto,Livreiro Armário Estante,Não informado,5 Prateleiras,Não informado,Não informado,Não informado,Não informado,Não informado,Sala Quarto Escritório,Placa & Ponto,MDP,1 Porta,"[Marrom, Preto]",,,Convencional
yesmoveis||19636189189,Armário,Armário Aéreo 3 Portas Pilar Cinamomo e Branco Acetinado,"<p>Armário Aéreo 3 Portas Pilar Cinamomo e Branco Acetinado</p> <p>Peso Bruto (kg): 27,65</p> <p>Altura <br>(em cm): 64</p> <p>Largura <br>(em cm): 120</p> <p>Profundidade<br>(em cm): 37,5</p> <p>Características gerais/ Funcionalidades/ Diferenciais: Explore a combinação inigualável de sofisticação e funcionalidade com o Aéreo 3 Portas Pilar, uma peça que incorpora design moderno e praticidade excepcional. Este móvel apresenta três portas meticulosamente projetadas, sendo uma basculhante e duas deslizantes, destacando-se pelo elegante detalhe frisado na porta de correr. Além disso, fabricado em 100% MDF, oferece uma resistência e durabilidade superiores para seu móvel. Eleve o estilo e a eficiência de sua cozinha com o Aéreo 3 Portas Pilar, transformando seu espaço em um ambiente de requinte e praticidade.</p> <p>Estrutura do produto: MDF 15mm</p> <p>Balcão possui tampo?: Não</p> <p>Qde de portas: 3</p> <p>Qde de gavetas: 0</p> <p>Qde de prateleiras: 3</p> <p>Puxadores (tipo/ material): Não tem</p> <p>Acabamento(s): Pintura UV</p> <p>Escala de Brilho: Acetinado</p> <p>Recomendações de manutenção: Limpe a superfície usando um pano úmido com a solução(75%água + 15%detergente neutro), torça para retirar o excesso e, em seguida, finalize com um pano limpo e seco.</p> <p>Produto necessita montagem?: Sim</p> <p>Complexidade da montagem: Difícil</p> <p>Peso máximo que suporta (Kg): 10 Kg por prateleira</p> <p>Garantia: 3 meses</p>","{""material_da_estrutura"":""MDF"",""quantidade_de_portas"":""3 Portas"",""tipo"":""Aéreo""}",,MDF,3 Portas,,Aéreo,,,,,,,,,Pilar,MDF,3,Cinamomo e Branco Acetinado,Aéreo,0,3,Não informado,Não informado,MDF,Moderno,Não informado,Cozinha,CHF Móveis,MDF,3 Portas,"[Cinamomo, Branco Acetinado]",Aéreo,,"[Basculante, de Correr]"
homesupreme||3026,Armário,Armário Aéreo Para Cozinha Basculante Be Mobiliario Cook,"Uma linha de cozinhas cheia de possibilidades. Com a Cook, voce#770; tem a maior liberdade para compor seus mo#769;veis. Isso e#769; possi#769;vel grac#807;as a sua proposta u#769;nica de combinac#807;o#771;es de cores e modulac#807;o#771;es. Tanta versatilidade inspira quem busca uma soluc#807;a#771;o inteligente, pra#769;tica e contempora#770;nea. Assim, fica fa#769;cil viver experie#770;ncias u#769;nicas em um ambiente onde cada detalhe revela cuidado, beleza e um design minimalista. <br> <br> Dimensões do Produto: <br> Altura: 33,5 cm <br> Largura: 70 cm <br> Profundidade: 31 cm <br> Peso:9,2<br> <br> Garantia: 3 meses","{""marca"":""Be Mobiliário""}",Be Mobiliário,,,,,,,,,,,,,Be Mobiliario,Não informado,Não informado,Não informado,Aéreo,Não informado,Não informado,Não informado,Basculante,Não informado,Cook,Não informado,Cozinha,Be! Mobiliário,MDP,1 Porta,"[Aveiro, Oxid]",Aéreo,,Basculante
olistsp||OSP5NYU0KPQWN16P,Armário,Armário Multi Uso Alta Qualidade Porta Roupa Amisterda,"Loja ideale móveis em mdfA ideale móveis em mdf tr o que há de mais atual e moderno no mundo da decoração de ambientes e festas, priorizando sempre a qualidade e exclusividade. Procuramos não apenas atender às suas necessidades, mas superar expectativas.As peças da ideale móveis em mdf são especialmente desenvolvidas para pessoas modernas. Com um designe diferenciado que se alinha a qualquer ambiente, além de dar um ar de arrojado e ousadia.Nossas peças são fabricadas com o melhor mdf, com os melhores insumos e como a mais alta tecnologia. Utilizamos maquinas de ultima geração, totalmente automatizadas, proporcionando um visual autentico para atender com estilo nossos clientes.Todo nosso mdf é proveniente de madeira de reflorestamento com certificado, além da total destinação de resíduos com certificação ambiental.Cômoda balcão da rainha com 4 gavetas e 1 porta, que oferece capacidade extrema de utilidade e organização, devido ao grande número de gavetas e compartimento com porta, é perfeita para você que procura praticidade e organização para o seu quarto. Preparada para acomodar peças de todos os tamanhos, conta com quatro gavetas e uma porta para manter tudo bem organizado. É possui um excelente espaço para sapateira.Medidas geralAltura -75cmLargura -33cmComprimento -67cmMedidas das gavetas29,5 x 29,5 x 10cm de altura.","{""material_da_estrutura"":""MDF"",""quantidade_de_gavetas"":""1 Gaveta"",""quantidade_de_portas"":""1 Porta""}",,MDF,1 Porta,,,1 Gaveta,,,,,,,,Amisterda,MDF,1,Não informado,Multi Uso,Não informado,Não informado,Não informado,Não informado,MDF,Não informado,Não informado,Roupa,Ideale Móveis,MDF,1 Porta,,,4,Convencional
madeiramadeira-openapi||565807,Armário,Armário Aéreo Nicho e Organizador de Pratos Camponesa Nesher Móveis,"A Cozinha Nesher Camponesa tem design contemporâneo inspirado em cozinhas planejadas estilo Provençal, ferragens inovadoras e é muito prática. Disponível em módulos, permite composições variadas, conforme o gosto do consumidor. Projetada para proporcionar praticidade e funcionalidade no uso diário, produzida com matérias prima de primeira linha proporcionando qualidade superior e durabilidade. Diferenciais únicos: •Puxadores de alumínio na cor chumbo •Portas em estilo provençal •Bonitas e robustas molduras estilo provençal •Dobradiça SlowMotion com fechamento anti-impacto •Paneleiro Cristaleira com bonita porta de vidro provençal •Organizador de pratos no armário aéreo",{},,,,,,,,,,,,,,Nesher Móveis,Não informado,Não informado,Não informado,Aéreo,Não informado,Não informado,Não informado,Nicho e Organizador de Pratos,Não informado,Camponesa,Não informado,Cozinha,Nesher Móveis,MDF,,Cinza,Aéreo,,
guilhermeeletroonlyvendas||be1d7622c38811ed80a04201ac18502f,Armário,Armário de Parede com Balcão Cozinha Suspensa Ivete 5 Portas e 2 Gavetas - Nicioli,"DescriçãoCozinha Suspensa Ivete 5 Portas e 2 Gavetas - NicioliA Cozinha Ivete é suspensa e compacta, excelente escolha para você que possui pouco espaço, mas não abre mão da organização. Ela conta com 5 portas e 2 gavetas para manter seus utensílios sempre organizados. A Cozinha Ivete é perfeita para a otimização do espaço de circulação e ainda facilita na hora da limpeza.ESPECIFICAÇÕES:• Estrutura em MDP• Acabamento UV• 5 Portas• Nicho• 2 Gavetas• Corrediças metálicas• Puxadores modernos• Amplo espaçoDimensões:Tamanho do Produto (L x A x P):Largura: 180 cmAltura: 136 cmProfundidade: 33,5 cmGarantia: 3 mesesMontagem: O Produto vai desmontado com manual e todos acessórios. Recomendamos que a montagem seja feita por um profissionalRecomendação de Limpeza: Utilize pano levemente úmido","{""marca"":""Nicioli"",""material_da_estrutura"":""MDP"",""quantidade_de_gavetas"":""2 Gavetas"",""quantidade_de_portas"":""5 Portas"",""tipo"":""Balcão""}",Nicioli,MDP,5 Portas,,Balcão,2 Gavetas,,,,,,,,Nicioli,MDP,5 Portas,Não informado,Cozinha Suspensa,2 Gavetas,Não informado,Não informado,Nicho,Não informado,Moderno,Corrediças metálicas,Cozinha,Nicioli,MDP,5 Portas,Carvalho Rustico,Suspenso,2,
beltempo-oficial||7920,Armário,Gabinete 1 Porta 100% Mdf com Cuba de Embutir e Espelho 30cm Redondo com Alça e Suporte + Kit Instalação - Beltempo,"<p><br></p><p>Kit completo para o seu banheiro!</p><p><br></p><p>Tudo compatível para agilizar a sua instalação, e claro deixar seu banheiro muito mais bonito e </p><p>funcional!</p><p><br></p><p><strong>Gabinete 1 Porta:</strong></p><p>-Fabricado 100% com chapas em MDF 15mm (qualidade superior ao MDP que é padrão de </p><p>mercado).</p><p>-Revestido com BP impermeável e que não risca (no padrão ""fórmica"") nas duas faces para garantir durabilidade e excelente acabamento.</p><p>-Possui 1 porta com dobradiças que permitem ajuste manual, para que a porta permaneça sempre na posição ideal, sem erros de instalação.</p><p><br></p><p><strong>Dimensões:</strong></p><p><strong>GABINETE</strong></p><p>-Altura: 45,9cm</p><p>-Largura: 45,5cm</p><p>-Profundidade: 37,2cm</p><p><br></p><p><strong>ABERTURA DO NICHO</strong></p><p>-Altura: 10cm</p><p>-Largura: 45,5cm</p><p>-Profundidade: 37,2cm</p><p><br></p><p><strong>Cuba de Embutir:</strong></p><p>-Possui aba, auxiliando no reforço da peça, e garantindo um acabamento impecável.</p><p>-Espessura ideal para garantir design e segurança para sua casa.</p><p>-Resistente a Impactos, não é perigosa como a de vidro.</p><p>-Aditivadas com proteção anti-UV (não desbota ou perde a cor com o tempo).</p><p>-Anti-chamas.</p><p>-Cor: Branca ou Preta (Escolha acima)</p><p>-Formato: Redondo ou Quadrado (Escolha acima)</p><p>-Produzida em Resina PRISPOL [Polietileno Tereftalato Reforçado Glicol (PET-G) (100% Virgem)].</p><p><br></p><p><strong>Dimensões:</strong></p><p><strong>REDONDA</strong></p><p>-Diâmetro: 32cm</p><p>-Altura: 12cm</p><p><br></p><p><strong>QUADRADA</strong></p><p>-Abertura: 32x32cm</p><p>-Altura: 11,5cm</p><p><br></p><p>-Espessura da parede: 5mm</p><p>-Peso: 670g</p><p>-Ralo: Acabamento 6cm / Furação 3,5cm</p><p><br></p><p><strong>Espelho 30cm Redondo com Alça de Couro e Suporte:</strong></p><p>-Modelo: Roma Adnet</p><p>-Espelho de Vidro</p><p>-Alta Nitidez</p><p>-Não distorce a imagem</p><p>-Moldura em Alumínio</p><p>-Pintura Eletrostática</p><p>-Não amarela</p><p>-Não descasca com o tempo</p><p>-Alça de Couro</p><p>-Cor da Moldura: Branco ou Preto (Escolha acima)</p><p>-Cor da Alça: Branco com Alça Caramelo / Preto com Alça Preta</p><p>-Formato do Espelho: Redondo</p><p><br></p><p><strong>Dimensões:</strong></p><p>-Diâmetro: 30cm</p><p>-Espessura: 3,5cm</p><p><br></p><p><strong>Torneira Bica Móvel Alta Metalizada:</strong></p><p>-Seu tubo móvel com alcance de 360 graus oferece um ótimo alcance para o direcionamento do</p><p> jato de água.</p><p>-O mecanismo 1/4"" de Volta junto com o acionamento em alavanca, faz com que nossa torneira </p><p>seja muito eficaz e de simples manejo.</p><p>-O arejador torna a saída de água espumosa, lisa e com menos pressão. Isso minimiza salpicos e </p><p>permite uma economia de água de até 30%.</p><p>-Material: ABS, Polipropileno e Borracha Nitrílica</p><p>-Aplicação: Água Fria</p><p><br></p><p><strong>Válvula Metalizada:</strong></p><p>-Produzida toda em ABS, é um item indispensável para instalação de cubas em banheiros ou </p><p>lavabos.</p><p><br></p><p><strong>Sifão Sanfonado Branco:</strong></p><p>-Adapta-se a qualquer saída de válvula e a qualquer tubulação.</p><p>-Corrige possíveis desalinhamentos e impede o retorno do mau cheiro.</p><p>-Resistente a temperaturas de -20oC à + 90oC.</p><p>-Material: Polipropileno</p><p>-Peça Única evitando vazamentos.</p><p><br></p><p><strong>Dimensões:</strong></p><p>-Mínima: 37cm</p><p>-Máxima: 72cm</p><p>-Entradas: 29,5mm, 42mm, 48mm</p><p>-Saídas: 38mm, 40mm, 48mm, 50mm</p><p><br></p><p><strong>Engate Flexível 40cm Branco com Nípel:</strong></p><p>-Essencial para a ligação entre a rede hidráulica e a torneira.</p><p>-Possui grande resistência para Alta Pressão.</p><p>-Por ser flexível, adapta-se a qualquer tipo de instalação com muita facilidade.</p><p><br></p><p><strong>ITENS INCLUSOS NO KIT</strong></p><p>-01 Gabinete 1 Porta</p><p>-01 Cuba De Embutir</p><p>-01 Espelho 30cm Redondo com Alça de Couro e Suporte</p><p>-01 Torneira Bica Móvel Alta Metalizada</p><p>-01 Válvula Metalizada</p><p>-01 Sifão Sanfonado 72cm Branco</p><p>-01 Engate Flexível 40cm Branco com Nípel</p><p><br></p><p>-----------------------------------------</p><p><strong>GARANTIA DE 3 MESES</strong></p><p><br></p><p>Todos os nossos Produtos possuem Nota Fiscal e Garantia.</p><p>Acompanhamos sua encomenda desde o envio de nossa Loja até o seu recebimento, oferecendo todo Auxílio do Grupo Beltempo</p><p><br></p><p>ENVIO IMEDIATO!</p><p><br></p><p><strong>LOJA DE FÁBRICA BELTEMPO</strong></p><p><strong>﻿</strong></p><p>Comodidade e Segurança para você, seu negócio e sua família!</p><p><br></p><p>Compre direto da fábrica, rápido, sem burocracia e com a qualidade que você já conhece!</p>","{""cor"":""Preto, Branco"",""material_da_estrutura"":""MDF, MDP"",""quantidade_de_portas"":""1 Porta""}",,"MDF, MDP",1 Porta,"Preto, Branco",,,,,,,,,,Beltempo,MDF,1,Não informado,Gabinete,Não informado,Não informado,Não informado,com Cuba de Embutir e Espelho 30cm Redondo com Alça e Suporte  Kit Instalação,MDF,Não informado,"Cuba de Embutir, Espelho, Torneira Bica Móvel Alta Metalizada, Válvula Metalizada, Sifão Sanfonado Branco, Engate Flexível 40cm Branco com Nípel",Banheiro,Beltempo,MDF,1 Porta,Branco,Suspenso,,Convencional
valoremoveis||0802BR1,Armário,Armário Multiuso Pequeno com 2 Portas MDP Branco 0802,"O Armário Multiuso Valore Finesse foi desenvolvido pensando em atender todas as suas necessidades do dia a dia com um design atual, unindo versatilidade, conforto e beleza. Pode ser utilizado como sapateiro no quarto, armário multiuso na área de serviço, armário extra na cozinha, guarda objetos da garagem ou onde você precisar. Possui uma porta e prateleiras internas perfeitas para manter tudo organizado. Produzido com materiais de excelente qualidade, garantindo a sua durabilidade. Valore Móveis, inspiração para valorizar o seu lar!<br> <br>CARACTERÍSTICAS TÉCNICAS:<br>- Produzido em MDP de 12 mm <br>- Acabamento UV na cor Branco<br>- Porta com Dobradiça Metálica<br>- Puxadores Alça em ABS na cor Cromado<br> <br>INFORMAÇÕES TÉCNICAS:<br>Altura: 182 cm<br>Largura: 39 cm<br>Profundidade: 37,5 cm<br>Peso: 25 kg<br> <br>INFORMAÇÕES ADICIONAIS:<br>*ATENÇÃO: Não trabalhamos e não nos responsabilizamos pela montagem do móvel. Antes da montagem conferir se o produto está de acordo com o que comprou, produto montado e danificado pela montagem não será aceito troca. Montagem e instalação por conta do comprador.<br>**As imagens ambientadas são meramente ilustrativas e podem apresentar itens que não compõe o produto. As cores do produto podem variar de acordo com o monitor, a iluminação do ambiente ou sua percepção visual. <br>***Limpeza: Deve ser feita com pano macio e seco ou levemente umedecido com água e sabão neutro. Não devem ser utilizados abrasivos como palha de aço e objetos cortantes.<br>Garantia para defeitos de fabricação conforme Código de Defesa do Consumidor.","{""cor"":""Branco"",""material_da_estrutura"":""MDP"",""quantidade_de_portas"":""2 Portas"",""tipo"":""Multiuso""}",,MDP,2 Portas,Branco,Multiuso,,,,,,,,,Valore,MDP,2,Branco,Multiuso,Não informado,Não informado,Internas,Não informado,MDP,Não informado,"Dobradiça Metálica, Puxadores Alça em ABS","Sapateiro, Armário Multiuso, Área de Serviço, Cozinha, Garagem",Valore Móveis,MDP,2 Portas,Branco,,,Convencional
ajl||25139p,Armário,Fruteira Base p/ Micro-ondas 2 Portas Branco Preto Cozinha,<br>Fruteira 2 Portas Armário Microondas Balcão para Bebedouro<br><br><br><br>Descrição:<br><br>Material: Madeira <br><br>Medidas: Dimensões (A/L/P):<br>ALTURA: 72cm<br>LARGURA: 92cm<br>PROFUNDIDADE: 34cm<br><br>Cores Branco<br>2 Portas<br>2 Espaços para Frutas<br>Tampo superior Preto<br>Rodízios - Rodinhas Brancas<br>Acabamento alto brilho<br>Puxadores PVC Cromado<br>Comporta Microondas e Bebedouro<br><br>FOTOS REAIS DO PRODUTO<br>IRÁ COM GARANTIA,"{""cor"":""Branco, Preto"",""material_da_estrutura"":""Madeira"",""quantidade_de_portas"":""2 Portas""}",,Madeira,2 Portas,"Branco, Preto",,,,,,,,,,Não informado,Madeira,2 Portas,Branco,Armário,Não informado,Não informado,Não informado,Rodízios - Rodinhas Brancas,Não informado,Não informado,Não informado,Cozinha,AJL,Madeira,2 Portas,"[Branco, Preto]",,,Convencional
casamyb||965-1,Armário,Balcão Gabinete Armário Fruteira Belize BRANCO Notável,"<p>A Fruteira Belize New da Notável Móveis é ótima para armazenar utensílios em sua prateleira interna e servir como base para eletrodomésticos ou outros itens que precisar para uma rotina mais prática. E ela possui ainda, cestos aramados para organizar as frutas e verduras!</p><p><br></p><p>Especificações</p><p><br></p><p>Comprimento: 68 cm</p><p><br></p><p>Largura: 38 cm</p><p><br></p><p>Altura: 90 cm</p><p>(MONTAGEM NÃO INCLUSA)</p>","{""marca"":""Notável Móveis""}",Notável Móveis,,,,,,,,,,,,,Notável,Não informado,Não informado,BRANCO,Fruteira,Não informado,Não informado,interna,cestos aramados,Não informado,Não informado,Não informado,Não informado,Notável,,1 Porta,Branco,,1,Convencional
tabaratotolevando||15947,Armário,"Armário Cozinha Paris 2 Portas Ripadas 1,20 Indekes","Cozinha com módulos independente de fácil arranjo, pintura fácil de limpar e amplo espaço interno.<br> <br> A combinação perfeita de mobiliário e design.<br> <br> Uma casa confortável e bem decorada, proporcionar bem-estar à família e receber amigos.<br> <br> ATENÇÃO:<br> * Fotos meramente ilustrativas, demais itens apenas decorativos.<br> MODELO: PARIS<br> <br> Portas: 2 ripadas<br> <br> Estrutura: chapas de 15mm<br> <br> Pintura: UVUltra-violeta <br> <br> Dobradiça: metálica com regulagem<br> <br> Parafusos: especialmente desenvolvidos para fixação chapas de madeira<br> <br> Dimensões Do Produto:<br> Altura: 61 cm<br> Largura: 120 cm<br> Profundidade: 32 cm<br> Peso: 21,8 kg<br> <br> Garantia: 6 meses","{""cor"":""Freijó"",""marca"":""Indekes"",""quantidade_de_portas"":""2 Portas""}",Indekes,,2 Portas,Freijó,,,,,,,,,,Indekes,chapas de 15mm,2,Não informado,Cozinha,Não informado,Não informado,Não informado,Não informado,madeira,Não informado,"Dobradiça metálica com regulagem, Parafusos especialmente desenvolvidos para fixação chapas de madeira",Não informado,Indekes,,2 Portas,Freijó,Aéreo,,
pozelar||660068677p,Armário,Armário Aéreo Nevada com Nicho 180cm 4 Portas Branco/Preto - Lumil,"Ah, nada melhor do que ter uma <strong>cozinha</strong> linda e organizada! Então, vem conferir o <strong>Armário Aéreo Nevada com Nicho 180cm 4 Portas Branco/Preto</strong> que a Lumil desenvolveu especialmente para você!<br><br>O <strong>armário aéreo de cozinha</strong> é o item que não pode faltar para deixar esse cômodo prático e funcional, pois, é onde preparamos todas as refeições do dia e precisamos de praticidade na hora de pegar nossos utensílios e mantimentos, o armário vai te ajudar a deixar tudo no devido lugar! Vamos conhecer uma pouco mais sobre esse produto incrível? O <strong>Armário Aéreo</strong> Nevada possui 4 portas com puxadores em perfil alumínio e ainda conta com 1 prateleira interna oferecendo espaço e organização. Além disso, a estrutura em MDP com acabamento em pintura BP fazem dele um móvel resistente e de alta qualidade. Já o Nicho garrafeiro é ideal para guardar objetos de decoração ou aquele vinho especial.<br><br>Não perca tempo, adicione ao seu carrinho agora mesmo!<br><br><br><strong>ESPECIFICAÇÕES</strong><br><br><br><strong>Dimensões dos Produtos (Largura x Altura x Profundidade) </strong><br><strong>Armário Aéreo Nevada:</strong> 160 x 54 x 28,5 cm.<br><strong>Nicho Riad:</strong> 20 x 54 x 27 cm.<br><strong>Peso:</strong> 36,8 kg.<br><br><strong>Características do Produto</strong><br><strong>Material da Estrutura:</strong> MDP 15 mm.<br><strong>Acabamento:</strong> Pintura BP.<br><strong>Peso Suportado:</strong> Armário até 40 kg distribuídos./ Nicho até 5 kg distribuídos.<br><strong>Escala de Brilho:</strong> Fosco.<br><strong>Possui Prateleiras:</strong> Sim.<br><strong>Material da Prateleira:</strong> MDP.<br><strong>Quantidade de Prateleiras:</strong> 1 Prateleira.<br><strong>Possui Portas:</strong> Sim.<br><strong>Material da Porta:</strong> MDP.<br><strong>Quantidade de Portas:</strong> 4 Portas.<br><strong>Tipo de Porta:</strong> Convencional.<br><strong>Tipo de dobradiças:</strong> Metálicas.<br><strong>Possui Gavetas:</strong> Não.<br><strong>Tipo de corrediças:</strong> Não.<br><strong>Possui Nicho:</strong> Sim.<br><strong>Possui Puxador: </strong>Sim, alumínio.<br><strong>Possui Pés:</strong> Não.<br><strong>Diferenciais:</strong><br>- Design moderno.<br><strong>Sistema de Montagem: </strong>Cavilhas/ Parafusos.<br><strong>Manual de Montagem:</strong> Sim.<br><strong>Complexidade da Montagem:</strong> Média.<br><strong>Volumes:</strong> 2 Volumes.<br><strong>Conteúdo da Embalagem:</strong> 1 Armário Aéreo, 1 Nicho.<br><strong>Garantia do Fabricante:</strong> 90 dias contra defeito de fabricação.<br><strong>Montagem:</strong> Recomendamos que seja feita por um profissional.<br><strong>Recomendação de Limpeza:</strong> Utilize pano úmido.<br><br><strong>Observações importantes:</strong><br>- Produto para uso residencial em ambiente interno, não devendo ficar exposto diretamente ao sol, calor e umidades excessivas.<br>- Pode haver alguma diferença de tonalidade entre a imagem e o produto real, por conta do tratamento de imagens e a calibração de cores do seu monitor.<br>- As imagens são meramente ilustrativas, não acompanham objetos de decoração e eletrônicos.<br>- Confira o estado da embalagem, não devendo assinar o comprovante em caso de danos. - Não asseguramos, no ato da entrega, por subir escadas/elevadores, pelo transporte por guincho em apartamentos ou montagem, desmontagem e instalações. Eventuais despesas são por conta do comprador.<br>- Confira as dimensões do produto e certifique-se de que passará normalmente por supostos elevadores, portas, escadas e/ou corredores de sua residência.","{""marca"":""Lumil Móveis"",""material_da_estrutura"":""MDP"",""quantidade_de_portas"":""4 Portas"",""tipo"":""Aéreo""}",Lumil Móveis,MDP,4 Portas,,Aéreo,,,,,,,,,Lumil,MDP,4 Portas,BrancoPreto,Aéreo,Não,1 Prateleira,MDP,Nicho,MDP,Não informado,"Puxadores em perfil alumínio, 1 prateleira interna, Nicho garrafeiro",Cozinha,Lumil Móveis,MDP,4 Portas,"[Branco, Preto]",Aéreo,,Convencional
nvkmoveiseutilidades||71c92aa8792b11eca8324201ac18503a,Armário,Fruteira com Gaveta (Premium) - Branca,"FRUTEIRA POP – COM GAVETA (Com 3 Cestos reforçados)- Tampo arredondado com Perfil Plástico- 97 cm de altura- 33 cm de profundidade- 41 cm de largura.- Chapas MDP 15mm de espessura- Corrediças plásticas nos cestos- Cestos Epóxi (Não enferrujam) - Cestos com puxadoresMóvel em alta qualidade de acabamento, sua pintura, é em acabamento brilhante! Seu tampo é arredondado e com perfil plástico, trazendo mais segurança a eventuais impactos, todas as chapas são de 15mm de espessura, Gerando maior resistência e qualidade ao produto. O adicional da gaveta torna a peça indispensável na sua casa, compacta e prática.Seus cestos são de aço com pintura epóxi (Não enferrujam) possuem alta qualidade de acabamento e resistência, possuem puxadores envernizados na cor branca, tornando seu manuseio muito fácilO Mesmo possui corrediças plásticas para acomodar e deixar o manuseio dos cestos muito mais prático. Lembre-se nosso móvel vem desmontado, porém, na sua embalagem há um manual de montagem bem simples, o mesmo pode ser oferecido digitalmente, caso seja sua preferência.A melhor fruteira multiuso pode comparar. Obrigado pela preferência.",{},,,,,,,,,,,,,,Não informado,MDP,Não informado,Branca,Fruteira,1,Não informado,Não informado,Gaveta,Aço,Não informado,"Cestos, Tampo, Gaveta",Não informado,Bella Vercelli,MDP,,Branco,,1,
carlosemiliano||15856888531,Armário,Multiuso 2 Portas Berlim Arte Móveis Branco,"Multiuso 2 Portas Berlim Arte Móveis Branco<br><br>Esse multiuso, como o próprio noma já fiz, é útil para guardar todo e qualquer tipo de produto, como calcados, bolsas, brinquedos, material de limpeza, material de cozinha, entre outros.<br> <br><br>Medidas:<br>Altura: 100 cm<br> Largura: 65 cm <br>Profundidade: 36 cm <br> Peso: 52,20 Kg<br> <br> Características:<br> Tampo MDF 18mm<br> Rodízios inclusos<br> 2 Portas<br><br><br><br>Ficha Técnica:<br>Marca: Arte Móveis<br>Modelo: Mulituso Berlim<br>Ambiente principal: Cozinha/Lavanderia/Quarto/Escritório<br>Material predominante: MDP <br> Acabamento: Brilho<br>Cores dispóniveis: Branco<br> Cor do tampo: Branco<br> Cor frente porta: Branco<br> <br>Possui pés: Sim (rodízios) <br>Possui portas: 02<br>Possui gavetas: Não<br>Possui prateleira interna: 04<br>Possui nicho decorativo: Não<br>Necessita de montagem: Sim<br>Complexidade de montagem: Média<br>Sistema de montagem: Parafusos e cavilhas e girofix<br>Montagem e montador: Não inclusos<br>Recomendação de montagem: Seguir a orientação conforme o manual qua vai junto ao produto<br>Quantidade de volumes: 01<br>Situação do produto enviado: Novo e desmontado na caixa<br>Recomendações de uso, manutenção e limpeza: Pano levemente umedecido com sabão neutro<br>Garantia: 3 meses ( Contra defeito de fabricação ) a partir da data do recebimento do produto<br>Como você vai receber o produto na sua casa: Produto novo e desmontado na caixa com reforço de embalagem de papelão e plástico bolha garantindo a integridade e segurança no produto durante o transporte. <br> <br>Observações:<br>A Calina Móbile não oferece serviço de montagem, mas todos nossos produtos acompanham manual com passo a passo.<br><br><br> <br>",{},,,,,,,,,,,,,,Arte Móveis,MDP,2,Branco,Multiuso,Não,4,Sim,Rodízios inclusos,MDF,Não informado,Não informado,"Cozinha, Lavanderia, Quarto, Escritório",Arte Móveis,MDP,2 Portas,Branco,,,Convencional
dommoveis||DOMCS0007,Armário,"Armário Mdf Espelho Na Porta, Prateleira, Espelheira para Banheiro, Branco - Dom Móveis","<p>Para quem procura beleza, design e durabilidade, o armário para banheiro Dom Móveis é perfeito! Possui 2 espelhos sendo 1 na porta e outro amplo de 61x43 no corpo do móvel. A organização para seus itens de higiene e limpeza está garantida! Estruturado completamente em MDF 15mm, que possui maior durabilidade que outros materiais (como MDP, por exemplo). Orientamos que passe massa corrida nas laterais após instalação na parede, pois assim será vedado e evitará infiltração de umidade, além de proporcionar um acabamento a mais. A prateleira externa permite colocação de enfeites ou outros itens que desejar. Além de todos esses pontos positivos, o móvel vai montado, pronto para uso! Confira demais informações na ficha técnica do produto.</p>",{},,,,,,,,,,,,,,Dom Móveis,MDF,1,Branco,Banheiro,Não informado,Não informado,Espelheira,Não informado,MDF 15mm,Não informado,2 Espelhos,Não informado,,,,,,,
decorecomamor||116181p,Armário,Armário De Cozinha 2 Gavetas Cor Branca Base Organizador,"ARMÁRIO BALCÃO GAVETEIRO MULTIUSO 2 GAVETAS COM RODINHAS<br><br><br>Balcão modulado para compor os móveis de sua Cozinha, Lavanderia, Escritório, Área de Serviço, Salão de Beleza..<br><br>Para você que procura um móvel que ocupa pouco espaço e que ofereça beleza e praticidade ideal para te ajudar na organização da sua cozinha, dispensa, lavanderia, com 02 gavetas espaçosas, 01 porta e com 01 prateleira interna, espaços suficientes para armazenarem seus utensílios domésticos, materiais de limpeza, etc, além de Rodinhas para facilitar sua locomoção na hora da limpeza do dia a dia.<br><br>Medidas:<br><br>Altura: 86cm<br><br>Largura: 36cm<br><br>Profundidade: 35cm<br><br><br>-Produto compacto e com os espaços bem distribuídos<br>-2 Gavetões com corrediças metálicas<br>-4 Rodinhas de ótima qualidade<br>-1 Porta com dobradiças metálicas e com Prateleira Interna<br>-Puxador em pintura cromada<br>-Pintura UV brilhante<br>-Ótima bancada para Bebedouro, Máquina de Café..<br>-Pode ser usado na Cozinha, Lavanderia, Escritório, diversas partes da casa<br>Cor : Branco","{""cor"":""Branco"",""marca"":""Decore Com Amor"",""quantidade_de_gavetas"":""2 Gavetas"",""tipo"":""Organizador""}",Decore Com Amor,,,Branco,Organizador,2 Gavetas,,,,,,,,Não informado,Não informado,1,Branco,Balcão,2,1,Interna,Rodinhas,Não informado,Não informado,"Gavetões com corrediças metálicas, 4 Rodinhas, Porta com dobradiças metálicas e Prateleira Interna, Puxador em pintura cromada, Pintura UV brilhante","Cozinha, Lavanderia, Escritório, Área de Serviço, Salão de Beleza",Decore com Amor,,1 Porta,Branco,,2,Convencional
lidercasa||7899630631820,Armário,Armário Alto Fechado Escritório 2 Portas Studio Caemmun,"O Armário Alto Escritório Studio é funcional, elegante e deixará seu ambiente ainda mais organizado. Possui 2 Portas com amplo armazenamento interno para melhor organização do seu ambiente. Feito em MDP BP possui maior resistência e durabilidade.<br><br>Dimensões do Produto:<br>Altura: 142,4 cm<br>Largura: 70,9 cm<br>Profundidade: 45,1 cm<br>Peso: 35,71 kg <br><br>- Possui 2 Portas com abertura convencional<br>- Possui 3 Prateleiras sendo 2 Internas<br>- Possui 3 Nichos sendo 2 Internos<br>- Amplo espaço de armazenamento<br>- Possui 4 Pés <br><br>- Acompanha manual de montagem<br>- Estrutura em MDP BP de 15mm de espessura. HDF de 2,5mm de espessura.<br>- Tonalidade do Produto: Louro Freijo / Metalic Sued<br><br>Peso suportado:<br>- Base 2kg<br>- Prateleiras 1kg (cada)<br>- Nichos 1kg (cada)<br><br>- Garantia 90 dias contra defeito de fabricação<br>- Este móvel chegará em sua casa separado em 1 volumes<br>- Dimensões da embalagem: Comp x Larg x Alt (cm) = 1 Volume - 141,5 x 46 x 12,5<br><br>Recomendações de limpeza:<br>- Limpar com pano macio, seco ou úmido, sem uso de produtos abrasivos. Pois, podem trazer danos ao produto.<br><br>Sobre a entrega:<br>- As transportadoras contratadas, não realizam entregas em apartamentos. Realizando assim a entrega na portaria do prédio.<br><br>*Produto segue desmontado, montagem por conta do comprador.<br>*Imagens do produto são meramente ilustrativas.","{""marca"":""Caemmun""}",Caemmun,,,,,,,,,,,,,Caemmun,MDP BP,2,Louro Freijo  Metalic Sued,Alto,Não informado,3,Interna,Não informado,"MDP BP, HDF",Escritório,"2 Portas, 3 Prateleiras, 3 Nichos, 4 Pés",Não informado,Caemmun,MDP,2 Portas,"[Louro Freijo, Metalic Sued]",,,Convencional
prbaby||122132016,Armário,Armário Aéreo Canto Reto 2 Portas Kali Premium Amêndoa/Off White - Nicioli,"<strong>Armário Aéreo Canto Reto 2 Portas Kali Premium - Nicioli</strong><br>O Armário Aéreo Canto Reto Kali é o ideal para sua cozinha. Conta com acabamento refinado e um visual elegante, seu puxador perfil em alumínio na cor bronze agrega ainda mais charme ao seu ambiente. O Aéreo Kali faz parte da linha de cozinhas moduladas da Nicioli, com mais de 50 módulos diferentes que possibilitam criar sua cozinha dos sonhos.<br><br><strong>ESPECIFICAÇÕES:</strong><br><strong>• </strong>Estrutura em MDF<br><strong>• </strong>Acabamento UV<br><strong>• </strong>2 Portas<br><strong>•</strong> Dobradiças 35mm com amortecedor<br><strong>•</strong> Prateleira interna<br><strong>•</strong> Puxador modelo perfil em alumínio na cor bronze<br><strong>Obs:</strong> É necessário um aéreo reto para dar continuidade.<br><br><strong>Dimensões:</strong><br>Tamanho do Produto (L x A x P): 88,5 x 68 x 31,4 cm<br><br><strong>Garantia:</strong> 3 meses<br><strong>Montagem: </strong>O Produto vai desmontado com manual e todos acessórios. Recomendamos que a montagem seja feita por um profissional<br><strong>Recomendação de Limpeza:</strong> Utilize pano levemente úmido<br><br><strong>Observações:</strong><br>- A <strong>LOJA</strong> se responsabilizará pela entrega dos produtos até onde as rodovias alcançam, entregas fluviais ou aéreas devem ser cotadas a parte.<br>- As imagens são ilustrativas, não acompanham objetos de decoração.<br>- A montagem será de responsabilidade do comprador. Não nos responsabilizamos, no ato da entrega, por subir escadas/elevadores ou transporte por guincho em apartamentos. Eventuais despesas são de responsabilidade do comprador.<br>- Confira as dimensões do produto e certifique-se de que passará normalmente por supostos elevadores, portas, escadas e/ou corredores de sua residência.<br>Para mais informações, acesse nossa Central de Atendimento.","{""cor"":""Amendoa, Off White"",""marca"":""Nicioli"",""material_da_estrutura"":""MDF"",""quantidade_de_portas"":""2 Portas"",""tipo"":""Aéreo""}",Nicioli,MDF,2 Portas,"Amendoa, Off White",Aéreo,,,,,,,,,Nicioli,MDF,2 Portas,Amêndoa Off White,Aéreo Canto Reto,Não informado,Não informado,Prateleira interna,Dobradiças 35mm com amortecedor,Não informado,Premium,Puxador modelo perfil em alumínio na cor bronze,Cozinha,Nicioli,MDF,2 Portas,"[Amendoa, Off White]",Aéreo,,Convencional
magazineluiza||223357700,Armário,Armário 4 Prateleiras Appunto Office,"A estante é um móvel muito útil. Dá pra colocá-la em diferentes lugares da casa, basta escolher o cantinho que queira deixar mais organizado.A Estante Office ARM0100 da Appunto será muito útil não somente para organizar o local de trabalho, mas também pode auxiliar na biblioteca. As quatro prateleiras deixarão livros expostos e, além disso, podem receber itens de decoração como porta-retratos, vasos e pequenos quadros. Ela é fabricada em MDP com acabamento em Finish Foil (FF), tudo feito com muito carinho para entregar a você o que há de melhor.","{""cor"":""Branco"",""material_da_estrutura"":""MDP"",""quantidade_de_prateleiras"":""4 prateleiras"",""tipo"":""Estante""}",,MDP,,Branco,Estante,,4 prateleiras,,,,,,,Appunto Office,MDP,Não informado,Não informado,Armário,Não informado,4,Não informado,Não informado,MDP,Não informado,Não informado,"Organizar o local de trabalho, biblioteca",Appunto,MDP,,Branco,,,
acostaricacolchoes||20676A3639,Armário,Armário Kappesberg Aéreo Sense D735 c/98cm Nature,"<strong>Armário de Cozinha Kappesberg Aéreo Sense D735 Madeira c/ 1 Porta 98cm - Nature</strong><br> <br> Marca: <strong>Kappesberg</strong><br> Linha/Moelo: <strong>Kappesberg</strong><br><br>Dimensões(Cm): Comprimento(Profundidade): 59,00 x Largura: 98,00 x Altura: 60,00<br> <br> <strong>CARACTERÍSTICAS DE MÓVEIS</strong><br> <strong>Tipo de Estrutura do Móvel</strong><br> - MDF / MDP<br> <strong>Tipo de Pintura</strong><br> - UV (Ultravioleta)<br> - Pintura Texturizada<br> <strong>Tipo de Acabamento da Pintura</strong><br> - Semi Brilho<br> <strong>Características de móveis</strong><br> - Aéreo de Canto Oblíquo<br> <strong>Tipo de puxador</strong><br> - ABS / PVC<br> <strong>Quantidade de Prateleiras</strong><br> - 1 Prateleira<br> <strong>Quantidade de Portas</strong><br> - 1 Porta de Abrir<br> <strong>Quantidade de nichos</strong><br> - 3 Nichos<br> <strong>Garantia</strong><br> - 3 Meses<br> <br> <br> <strong> Não nos responsabilizamos pela montagem/instalação dos produtos.</strong><br> <strong>Todas as informações divulgadas são de responsabilidade exclusiva do fabricante/fornecedor. </strong><br> <strong>Imagens Meramente Ilustrativas.</strong><br> <strong>Verifique com os fabricantes do produto e de seus componentes eventuais limitações à utilização de todos os recursos e funcionalidades.</strong>","{""marca"":""Kappesberg"",""quantidade_de_portas"":""1 Porta"",""quantidade_de_prateleiras"":""1 Prateleira"",""tipo"":""Aéreo""}",Kappesberg,,1 Porta,,Aéreo,,1 Prateleira,,,,,,,Kappesberg,MDF  MDP,1,Nature,Aéreo de Canto Oblíquo,Não informado,1,1 Prateleira,Não informado,Madeira,Não informado,Não informado,Não informado,Kappesberg,"[MDF, MDP]",1 Porta,,Aéreo,,
madeiramadeira-openapi||560290,Armário,Armário Aéreo 2 Portas Piazza Vedere,"O armário aéreo superior de geladeira Piazza é produzido em MDP 15mm de alta qualidade, garantindo a durabilidade do produto. Possui 2 portas com dobradiças 26mm, o que torna este módulo perfeito para organização e armazenamento dos seus utensílios. Pode ser utilizado em conjunto com os demais módulos da Cozinha Piazza.","{""marca"":""Vedere"",""quantidade_de_portas"":""2 Portas"",""tipo"":""Aéreo""}",Vedere,,2 Portas,,Aéreo,,,,,,,,,Piazza,MDP,2 Portas,Não informado,Aéreo,Não informado,Não informado,Não informado,Não informado,15mm,Não informado,Dobradiças 26mm,Organização e armazenamento,Vedere,MDP,2 Portas,Bege,Aéreo,,Convencional
casachickmoveislondrina||14814298374,Armário,Armário Multiuso Rosa 2 Portas 3 Prateleiras,"<br> <br> Armário Multiuso 2 Portas Casa Chick<br> <br> Dimensões do Armário Multiuso 2 Portas:<br> - Altura: 112 cm<br> - Largura: 60 cm<br> - Profundidade: 37 cm<br> <br> Característica do Armário 2 Portas:<br> - Produzido em mdp de ótima qualidade;<br> - 2 portas com dobradiças metálicas;<br> - 3 prateleiras;<br> - 4 pés;<br> - O Armário Multiuso possui um amplo espaço interno, prateleiras de tamanhos ideais para você poder organizar da melhor forma;<br> - Ele pode ser usado em área de serviço para guardar produtos de limpeza, bolsas, pode ser usado em escritório, em quartos, possibilitando usar em qualquer ambiente conforme sua necessidade;<br> - Não acompanha objetos de decoração;<br> <br> - Não nos responsabilizamos pela montagem dos produtos. Todos os produtos acompanham acessórios para que sejam montados.<br> - Não nos responsabilizamos, no ato da entrega, por subir escadas/elevadores ou transporte por guincho em apartamentos. Eventuais despesas são de responsabilidade do comprador;<br> - Confira as dimensões deste produto e certifique-se de que passará normalmente por supostos elevadores, portas, escadas e/ou corredores de sua residência;<br> - Não aceitamos devolução de produtos com caixas violadas ou materiais danificados, confira a quantidade de volumes e se o que está sendo entregue corresponde com a mercadoria adquirida, não aceitamos devolução após o prazo de arrependimento de 7 dias corridos. <br> <br> <br> <strong>Acompanha o produto:</strong> <br> • 1 x Armário Multiuso Manual de montagem Acessórios de montagem<br> <strong>Garantia:</strong> <br> • 7 dias para Troca e Devolução<br>","{""cor"":""Castanho"",""material_da_estrutura"":""MDP"",""quantidade_de_portas"":""2 Portas"",""tipo"":""Multiuso""}",,MDP,2 Portas,Castanho,Multiuso,,,,,,,,,Casa Chick,MDP,2,Rosa,Multiuso,Não informado,3,Sim,4 pés,MDP,Não informado,Dobradiças metálicas,"Quarto, escritório, área de serviço",AJL,MDP,2 Portas,Castanho,,,Convencional
prmoveis||08830200268,Armário,Armário Multiuso Prático 2 Portas Nature/Preto - Zanzini Móveis,"<strong>Armário Multiuso Prático 2 Portas - Zanzini Móveis</strong><br>O Armário Multiuso Prático se adapta a todos os espaços, organizando e decorando ambientes como cozinha, copa, espaço gourmet e áreas de serviço. Tem espaço para acomodar micro-ondas e outro para bebedouro de água, 2 portas com dobradiças metálicas, uma prateleira na parte interna outra na parte externa, fruteira plástica removível que facilita a higienização e quatro rodízios que proporcionam mobilidade do móvel.<br><br><strong>ESPECIFICAÇÕES:</strong><br><strong>•</strong> Produto em MDP<br><strong>•</strong> Pintura UV<br><strong>•</strong> Tampo usinado<br><strong>•</strong> 2 Portas<br><strong>•</strong> Dobradiças metálicas<br><strong>•</strong> Fruteira removível<br><strong>•</strong> 2 Prateleiras<br><strong>•</strong> Puxador pontual em ABS<br><strong>•</strong> 4 Rodízios<br><br><strong>Dimensões:</strong><br>Tamanho do Produto (L x A x P): 87 x 87 x 42,3 cm<br><br><strong>Garantia</strong>: 3 meses<br><strong>Montagem</strong>: O Produto vai desmontado com manual e todos acessórios. Recomendamos que a montagem seja feita por um profissional<br><strong>Recomendação de Limpeza: </strong>Utilize pano levemente úmido<br><br><strong>Observações:</strong><br>- A <strong>LOJA</strong> se responsabilizará pela entrega dos produtos até aonde as rodovias alcançam, entregas fluviais ou aéreas devem ser cotadas a parte.<br>- As imagens são ilustrativas, não acompanham objetos de decoração.<br>- Pode haver alguma diferença de tonalidade entre a imagem e o produto, por conta do tratamento de imagens e a calibração de cores da sua tela.<br>- A montagem será de responsabilidade do comprador. Entregamos até a porta de entrada da residência ou até a portaria do condomínio. Não nos responsabilizamos, no ato da entrega, por subir escadas/elevadores ou transporte por guincho em apartamentos. Eventuais despesas são de responsabilidade do comprador.<br>- Confira as dimensões do produto no momento da compra e certifique-se de que passará normalmente por supostos elevadores, portas, escadas e/ou corredores de sua residência.<br>Para mais informações, acesse nossa Central de Atendimento.","{""marca"":""Zanzini"",""material_da_estrutura"":""MDP""}",Zanzini,MDP,,,,,,,,,,,,Zanzini Móveis,MDP,2 Portas,NaturePreto,Multiuso,Não informado,2,Não informado,"Fruteira removível, 4 Rodízios",MDP,Não informado,"Dobradiças metálicas, Puxador pontual em ABS","Cozinha, copa, espaço gourmet, áreas de serviço",Zanzini Móveis,MDP,2 Portas,"[Nature, Preto]",,,Convencional
decoramob||1257p,Armário,Armário Aéreo Basculante Para Geladeira Com 1 Porta Evidence Cor Carvalho Camurça Poliman Móveis,"Armário Aéreo Basculante Para Geladeira Com 1 Porta Evidence Cor Carvalho Camurça Poliman Móveis<br>O Armário Aéreo Basculante Geladeira 1 porta Evidence da Poliman Móveis é o produto ideal para quem procura praticidade e beleza, ótimo espaço interno, pode ser usado sozinho ou como complemento da cozinha modelo Evidence, possui 1 porta basculante com pistão a gás, o módulo proporciona melhor aproveitamento de espaço podendo ser usado sobre cooktop/fogão (ambos com depurador) ou geladeira. Com estrutura em MDP, pintura UV, dobradiças de aço, puxador perfil em alumínio dando um charme todo especial ao produto. Disponível em padrões de cor que combinam com os mais variados ambientes. Qualidade que só a Poliman oferece em seus produtos. Diferenciais:Porta basculante com pistão a gás, puxador perfil em alumínio. Dimensões Do ProdutoAltura: 30cmLargura: 80cmProfundidade: 31cmPeso: 9,6 kg Características e Especificações Técnicas:<br>Material Principal: MDPNecessita Montagem: SimPossui Corrediça: NãoPossui Dobradiça: 2; aço.Possui Gaveta: NãoPossui Pés: NãoPossui Portas: 01; basculante com pistão a gásPossui Prateleiras: NâoSuporta até (kg): 5 kg Tipo de Puxador da Gaveta: 1; perfil alumínio Complexidade da Montagem: BaixoPode ser montado por mais de uma pessoa e/ou necessite de maior conhecimento para montagem.Manutenção e Limpeza:<br>Para limpeza utilize pano macio levemente umedecido e na sequência pano seco. Não usar produtos químicos ou abrasivos para a limpeza.Observações Importantes:<br>Não nos responsabilizamos pela montagem ou desmontagem dos produtos, que deverá ser feita por um profissional qualificado. Estes serviços NÃO estão inclusos nos valores das mercadorias.<br>No ato da compra, certifique-se de que as medidas do produto estão adequadas aos elevadores, portas e corredores do local da entrega, visto que não fazemos a montagem ou desmontagem de portas ou janelas, transporte pela escada ou inçamentos pelo lado de fora do prédio.<br>Ao receber a mercadoria, o cliente deve verificar as condições da embalagem, caso haja alguma avaria NÃO assine o comprovante de recebimento.<br>Em casos de edifícios ou condomínios, o produto será entregue pela transportadora nas respectivas portarias (porteiros) que deverão ser comunicadas da entrega pelo comprador.<br>As imagens são meramente ilustrativas, não acompanham objetos de decoração ou quaisquer outros itens que não façam parte do produto anunciado. <br>Pode haver alguma diferença de tonalidade entre as imagens do anúncio e o produto real, por conta do tratamento das imagens, calibração de cores do seu monitor ou celular, e até mesmo pela sua percepção visual.","{""cor"":""Carvalho, Camurça"",""marca"":""Poliman Móveis"",""material_da_estrutura"":""Carvalho"",""quantidade_de_portas"":""1 Porta""}",Poliman Móveis,Carvalho,1 Porta,"Carvalho, Camurça",,,,,,,,,,Poliman Móveis,MDP,1,Carvalho Camurça,Aéreo Basculante,Não,Não,Não informado,com pistão a gás,MDP,Evidence,Puxador perfil em alumínio,Para Geladeira,Poliman Móveis,MDP,1 Porta,"[Carvalho, Camurça]",Aéreo,,Basculante
cliklar2||v15935,Armário,Armário Multiuso Sapateira 2 portas com Chave Isabela Cor Branco - Rud Rack,"Armário Multiuso Isabela 2 portas com Chave e 5 Prateleiras Cor Branco - Rud Rack<br><br> Descubra a praticidade do nosso armário multiuso! Com 2 portas e puxadores de alumínio, ele oferece acesso rápido e elegante. A fechadura com chave e a trava interna garantem segurança total. São 5 prateleiras internas que mantêm seus itens organizados. Com pintura U.V de alta qualidade, ele é resistente e durável. Renove sua decoração com estilo e eficiência, adquira agora mesmo esse armário multiuso que une qualidade, praticidade e design moderno. Aproveite já!<br> <br> Diferenciais:<br> - Cor: Branco Fosco<br> - 02 Portas com dobradiças metálicas<br> - Fechadura com chave<br> - Trava metálica interna<br> - Puxadores de alumínio<br> - 05 Prateleiras internas<br> - Pintura U.V de alta qualidade<br> - Pés PVC<br> - Amplo espaço interno<br> - Fabricação MDF e MDP<br> - Fácil montagem<br> - Peso suportado: 40 Kg distribuidos<br> <br><br> Dimensões do produto<br> Altura: 188 cm<br> Largura: 55 cm<br> Profundidade: 35 cm<br> Peso: 31 Kg<br> <br> Volume total: 01<br> Produto entregue desmontado <br> Acompanha manual e todas ferragens necessárias para montagem<br> <br> Garantia: 3 meses contra defeito de fabricação<br> Fabricante: Rud Rack<br> <br>Montagem: Recomendamos que a montagem seja feita por um profissional.<br> Recomendação de Limpeza: Utilize pano levemente úmido.<br> <br> Observações:<br> - Nos responsabilizamos pela entrega dos produtos até onde as rodovias alcançam, entregas fluviais ou aéreas devem ser cotadas a parte<br> - As imagens são ilustrativas, não acompanham objetos de decoração<br> - A montagem será de responsabilidade do comprador. Não nos responsabilizamos, no ato da entrega, por subir escadas/elevadores ou transporte por guincho em apartamentos. Eventuais despesas são de responsabilidade do comprador.<br> - Confira as dimensões do produto e certifique-se de que passará normalmente por supostos elevadores, portas, escadas e/ou corredores de sua residência.<br>Para mais informações, acesse nossa Central de Atendimento.","{""cor"":""Branco"",""material_da_estrutura"":""MDF, MDP"",""quantidade_de_portas"":""2 Portas""}",,"MDF, MDP",2 Portas,Branco,,,,,,,,,,Rud Rack,MDF e MDP,2,Branco,Multiuso,Não informado,5,Não informado,Com Chave,"Alumínio, PVC",Moderno,"Dobradiças Metálicas, Fechadura com Chave, Trava Metálica Interna, Puxadores de Alumínio, Pés PVC",Não informado,Rud Rack,"[MDF, MDP]",2 Portas,Branco,,,Convencional
doshermanos||39415p,Armário,Armário Banheiro Madeira Moderno Espaço Reduzido Organizador,"<br>A estante de canto em madeira pinus é uma peça de mobiliário versátil e funcional, projetada para otimizar o uso de espaços de canto em ambientes domésticos.<br> <br>Feita de madeira pinus, conhecida por sua durabilidade e aparência natural, a estante combina estilo e praticidade.<br> <br>Ela oferece prateleiras espaçosas para armazenar livros, objetos decorativos, plantas ou qualquer outro item que você deseje exibir ou organizar.<br> <br>Com seu design inteligente, a estante de canto em madeira pinus permite aproveitar ao máximo o espaço disponível em seu ambiente, adicionando um toque de charme rústico e funcionalidade à sua decoração.<br><br>[MEDIDAS]<br><br>- Altura: 110 cm<br><br>- Largura Total: 80 cm<br><br>- Largura Fechada: 50cm<br><br>[DESCRIÇÃO DO PRODUTO]<br><br>- Estante em madeira maciça de pinus;<br><br>- Capacidade de 10 kg por prateleira;<br><br>- Acabamento natural<br><br>- Produto não indicado para uso externo.<br><br>Produtos de alta qualidade e a pronta entrega.<br>","{""marca"":""Moderna"",""material_da_estrutura"":""Madeira"",""tipo"":""Moderno""}",Moderna,Madeira,,,Moderno,,,,,,,,,Não informado,Madeira,Não informado,Não informado,Banheiro,Não informado,Não informado,Não informado,Organizar,Pinus,Moderno,Não informado,Não informado,Dos Hermanos,Madeira,,,de Canto,,
decorecomamor||118937p,Armário,Porta Fruteira + Tampo Branco Chão Multifuncional,"FRUTEIRA ARMÁRIO BALCÃO P/ BEBEDOURO E MICROONDAS<br><br>Para você que procura um móvel que ocupa pouco espaço e que ofereça beleza e praticidade desenvolvemos esse lindo armário, ideal para te ajudar na organização da sua cozinha, dispensa, lavanderia, com 02 portas, 01 Nicho para utensílios domésticos e tem 02 espaços suficientes para armazenarem frutas, legumes etc, além de Rodinhas para facilitar sua locomoção na hora da limpeza do dia a dia.<br><br>Descrição:<br>Material: Madeira<br><br>Medidas: Dimensões (A/L/P):<br><br>ALTURA: 72cm<br>LARGURA: 92cm<br>PROFUNDIDADE: 34cm<br><br><br>2 Portas<br>2 Espaços para Frutas<br>Cores: Tampo superior Preto ou Branco<br>Rodízios - Rodinhas Brancas<br>Acabamento alto brilho<br>Puxadores PVC Cromado<br>Comporta Microondas e Bebedouro","{""marca"":""Decore Com Amor""}",Decore Com Amor,,,,,,,,,,,,,Não informado,Madeira,2,Branco,Armário,Não informado,Não informado,Não informado,Rodízios,Madeira,Não informado,Não informado,"Cozinha, dispensa, lavanderia",Decore com Amor,,2 Portas,Branco,,,Convencional
technoxcomercioltda||9109p,Armário,Armário Auxiliar P/ Lavanderia Lavanderia Madeira Pinus,"<br> Estante Escada decorativa feita 100% em madeira de reflorestamento pinus.Ideal para compor a decoração da sua casa ou para expor produtos em sua loja, sem dúvidas uma excelente opção para deixar seu cantinho um charme. <br><br> - Estante em madeira maciça reflorestada; <br><br> - Compra direto de fábrica; <br><br> - Perfeita para organizar e otimizar espaços; <br><br> - Muito utilizada em varanda ou sacadas cobertas!!; <br><br> - Leve e de fácil montagem; <br><br> - Não é envernizada. <br><br> - Madeira utilizada Pinus de reflorestamento. <br><br> - Lixamento extra em lixa grão 80<br><br> ESPECIFICAÇÕES: <br><br> PIRAMIDE<br><br> DIMENSÕES : <br><br> Altura total 100 cm <br> <br> Largura frontal 38 cm <br><br> Comprimento das penas 110 cm <br><br> Distância entre as prateleiras 30cm<br> <br>Dimensões prateleiras<br><br>1o prateleira<br><br>Comprimento -&gt; 22,5cm<br><br>Profundidade -&gt; 31cm<br><br>2o prateleira<br><br>Comprimento -&gt; 35cm<br><br>Profundidade -&gt; 31cm<br><br>3o prateleira<br><br>Comprimento -&gt; 54cm<br><br>Profundidade -&gt; 31cm<br><br>4o prateleira<br><br>Comprimento -&gt; 73cm<br><br>Profundidade -&gt; 31cm<br><br> Foto ilustrativa não acompanha objetos de decoração; PRODUTO ENVIADO MONTADONÃO ACOMPANHA OBJETOS DECORATIVOSPODE POSSUIR MÍNIMAS VARIAÇÕES NAS MEDIDAS DEVIDO AO ACABAMENTO EXTRA PARA QUE A PEÇA POSSUA A QUALIDADE ESPERADATIRE SUAS DÚVIDAS NO CAMPO DE PERGUNTAS DO ANÚNCIO<br>","{""material_da_estrutura"":""Pinus""}",,Pinus,,,,,,,,,,,,Não informado,Madeira,Não informado,Não informado,Auxiliar,Não informado,4,Não informado,Não informado,Pinus,Escada,Não informado,Lavanderia,Technox,Madeira,,,,,
moveiscarraro||4042419660,Armário,Armário Cozinha 2 Portas Tabaco,"<p>O Armário de Cozinha Multiuso Carraro é a peça ideal para ser utilizada em diferentes cômodos da casa, ajudando a manter todos os objetos em ordem e assim facilitando as tarefas do dia a dia. É uma solução indispensável para quem precisa de mais espaço e organização para o ambiente, pois conta com diversas prateleiras internas.<br><br><br>Especificações do Produto:<br><br>Medidas: Largura: 60,7 cm | Altura: 182 cm | Profundidade: 37,8 cm<br>Peso: 36 Kg<br>Matéria Prima: MDP<br>Portas: 2 portas de batente<br>Sistema Abertura: Dobradiça 26mm<br>Puxador: ABS<br>Prateleiras: 6 (7 nichos)<br>Peso suportado em cada prateleira: Até 10 Kg<br><br><br>Garantia:<br><br>Os produtos possuem garantia de 03 meses (se usado em condições normais), contra defeito de fabricação, ou componentes utilizados.<br>Esta garantia não cobre defeitos por uso inadequado ou abusivo, falta de cuidados e desbotamento natural dos revestimentos.<br><br><br>Condições de perda da garantia:<br><br>- Mau uso ou manuseio incorreto.<br>- Desbotamento causado pela exposição direta da luz solar.<br>- Danos causados por agentes da natureza, como inundações ou acidentes de qualquer espécie.<br>- Uso indevido de produtos abrasivos para realizar a limpeza.<br>- Decurso do prazo estabelecido.<br><br>Recomendações para uma boa conservação:<br><br>- Dicas para limpeza e conservação do seu produto, você encontrará no esquema de montagem que o acompanha.<br><br><br>Informações importantes:<br><br>- Trabalhamos para apresentar imagens fiéis ao produto real. Porém, as cores podem sofrer variações de acordo com o monitor, iluminação do ambiente em que se encontram e até por sua percepção visual comparado ao ambiente residencial.<br>- Desta forma, as imagens são meramente ilustrativas.<br>- Todos os objetos decorativos não acompanham o produto.<br><br>- O produto é enviado desmontado.<br>- O produto acompanha manual com instruções para a montagem.<br>- A empresa Móveis Carraro não realiza o serviço de montagem.<br><br><br><br>PERGUNTAS FREQUENTES<br><br>- Existem outras cores disponíveis?<br>Sim, este produto possui outras cores disponíveis em outros anúncios.<br><br>- Vocês entregam para todas as regiões do Brasil? De que forma é feita a entrega?<br>Sim, entregamos para todas as regiões do Brasil. E a entrega é realizada por transportadoras parceiras.<br><br>- Este produto é novo ou usado?<br>Todos os nossos produtos são novos. E acompanham nota fiscal e certificado de garantia.<br><br>- Recebo o produto montado?<br>Não, este produto é enviado desmontado. Junto com ele é enviado manual com instruções para a montagem.<br><br>- Vocês realizam a montagem do produto?<br>Não possuímos o serviço de montagem.<br><br><br></p>","{""quantidade_de_portas"":""2 Portas""}",,,2 Portas,,,,,,,,,,,Carraro,MDP,2,Tabaco,Cozinha,Não informado,6,7 nichos,Não informado,MDP,Não informado,"2 portas de batente, Dobradiça 26mm, Puxador ABS",Não informado,Móveis Carraro,MDP,2 Portas,,,,Convencional
jmmoveisecolhoes||85529A,Armário,Armário Aéreo E Balcão Com Tampo 120cm Nogueira Branco Unna Poliman,"<p>Dimensões do armário aéreo 3 portas: Largura 120 cm; Altura 76 cm; Profundidade 31 cm.</p><p>Dimensões do balcão 2 portas 2 gavetas: Largura 120 cm; Altura 84 cm; Profundidade 50 cm.</p><p>Dimensões do tampo: Largura 120 cm; Altura 2,7 cm; Profundidade 50 cm.</p><p>Itens Inclusos: 1 armário aéreo, 1 balcão e 1 tampo</p><p>Qualidade MDP Perfect</p><p>5 portas com excelente espaço interno</p><p>Prateleiras internas para melhor organização</p><p>2 gavetas com corrediças telescópicas</p><p>Tampo do balcão com montagem opcional, para que possa ser instalada uma pia</p><p>Design inspirado no estilo americano, para deixar sua cozinha ainda elegante</p><p>Puxadores retrô</p><p>Pés em PVC reguláveis</p><p>Rodapés removíveis com presilhas modelo click que facilitam na hora de fazer a limpeza</p><p>Molduras das portas em MDF</p><p>Complexidade da montagem: Média, pode ser montado por apenas uma pessoa e/ou necessite de maior conhecimento para montagem.</p><p>Recomendações de uso, manutenção e limpeza: Limpar com flanela ou pano macio seco, não utilizar produtos abrasivos, desengordurantes, álcool ou solvente. Não expor o produto diretamente a luz solar e à umidade</p><p>Garantia: 3 meses</p><p>OBS: Foto meramente ilustrativa, decorações não fazem parte do produto.</p>","{""cor"":""Nogueira, Branco"",""marca"":""Poliman"",""material_da_estrutura"":""MDF, MDP"",""quantidade_de_portas"":""2 Portas"",""tipo"":""Aéreo""}",Poliman,"MDF, MDP",2 Portas,"Nogueira, Branco",Aéreo,,,,,,,,,Poliman,MDP,5,Nogueira Branco,Aéreo E Balcão,2,Não informado,Internas,Tampo,MDF,Americano,"Puxadores retrô, Pés em PVC reguláveis, Rodapés removíveis com presilhas modelo click, Molduras das portas em MDF",Cozinha,Poliman Móveis,MDP,5 Portas,"[Nogueira, Branco]",Aéreo,2,Convencional
lazashop||15829713148,Armário,Armário para Banheiro 80cm com 02 portas e luminárias LED Cewal Branco/Mel,"<p>Que tal renovar seu banheiro trazendo elegância e modernidade ao cômodo da casa que inicia o seu dia a dia?</p><p><br></p><p> Com o armário para banheiro da Cewal Móveis você terá muito espaço para organizar seus objetos de beleza e higiene, com design contemporâneo e cores clássicas, trazendo ao ambiente tudo o que é essencial para iniciar seu dia.</p><p><br></p><p> Armário medindo 80cm largura x 76cm altura x 24cm profundidade produzido em excelente material MDP com revestimento BP.</p><p> 02 portas com dobradiças de amortecimento, garantindo fechamento sem impactos;</p><p> Espelhos lapidados de 3mm colados à porta;</p><p> Nicho externo para acomodação de objetos;</p><p> Prateleiras internas fixas;</p><p> 02 luminárias LED de baixo consumo.</p><p><br></p><p> Não acompanha acessórios e itens decorativos das imagens.</p><p> A tonalidade das cores pode alterar de acordo com cada tela/visor.</p>",{},,,,,,,,,,,,,,Cewal,MDP,2,BrancoMel,Banheiro,Não informado,Não informado,fixas,"Espelhos lapidados de 3mm colados à porta, Nicho externo para acomodação de objetos, 02 luminárias LED de baixo consumo",MDP,contemporâneo,Dobradiças de amortecimento,Não informado,Cewal Móveis,,2 Portas,"[Branco, Mel]",Suspenso,,Convencional
lojasminatel||1442913,Armário,Armario Multiuso 2 Pt Com Gaveta Capuccino Advantage Batrol,"<p><span>DESCRIÇÃO DO PRODUTO:<br><br>Dimensões do produto: Largura 74,7 cm; Profundidade 38,6 cm; Altura 174,5 cm.<br>Itens Inclusos: 1 armário multiuso<br>- Produzida em mdp ultra resistente<br>- 2 portas<br>- 1 gaveta interna com corrediça metálica<br>- Puxador Topázio mdf<br>- Dobradiça de pressão<br>- Pode ser utilizado em diversos ambientes<br>Complexidade da montagem: Média, pode ser montado por apenas uma pessoa e/ou necessite de maior conhecimento para montagem.<br>Recomendações de uso, manutenção e limpeza: Limpar com flanela ou pano macio seco, não utilizar produtos abrasivos, desengordurantes, álcool ou solvente. Não expor o produto diretamente a luz solar e à umidade.<br>Garantia: 3 meses.<br>obs: Foto meramente ilustrativa, decoração não faz parte do produto<br><br></span><span>ATENÇÃO: Imagens meramente ilustrativas. Não nos responsabilizamos pela instalação/montagem de produtos, subida por escadas/elevadores ou transporte por guincho para apartamentos. Confira as dimensões do produto adquirido e certifique-se de que não haverá problema para acomodação do produto em sua residência.</span></p>","{""material_da_estrutura"":""MDF, MDP"",""quantidade_de_portas"":""2 Portas""}",,"MDF, MDP",2 Portas,,,,,,,,,,,Batrol,MDP,2,Capuccino,Multiuso,1,Não informado,Não informado,Não informado,MDF,Não informado,Não informado,Não informado,Batrol,MDP,2 Portas,Capuccino,,,Convencional
movillemovelaria||15918580325,Armário,Armário para Cozinha 2 Portas 4 Gavetas Helena Branca - Moville,"<p>Escolher um Armário para Cozinha pode ser uma tarefa complicada, por este motivo a Moville Movelaria está aqui para te ajudar lhe entregando a melhor opção do mercado.</p><p><br></p><p>O Armário para Cozinha Helena é a melhor escolha do mercado, produzido com material de reflorestamento e moldado para se encaixar em qualquer ambiente com foco no estilo e praticidade.</p><p><br></p><p>Possui 4 gavetas espaçosas e sem puxador, promovendo um estilo atemporal e versátil pensando na limpeza do móvel no dia a dia.</p><p><br></p><p>Destaca-se com seus pés em estilo rodizio, utilizados para mesclar sua facilidade para limpeza com seu design moderno, combinando o melhor de dois mundos em um item perfeito para sua casa.</p><p><br></p><p>Um armário exclusivo da Moville Movelaria, pronta para lhe proporcionar um ambiente agradável e organizado</p><p><br></p><p>CARACTERÍSTICAS:</p><p><br></p><p>Altura: 94 cm</p><p>Largura: 90,8 cm</p><p>Profundidade: 35 cm</p><p>Peso do produto líquido: 29 KG</p><p>Montagem: Acompanha manual passo a passo</p><p>Cor: Branco</p><p>Volume 1: (A x L x P) 15,8 x 34,5 x 96,8 cm</p><p>Acabamento: Pintura UV fosco</p><p><br></p><p><br></p><p> LIMPEZA:</p><p> Retire o pó com uma flanela seca e depois utilize um pano macio umedecido com água.</p><p> Não utilizar produtos químicos e abrasivos.</p><p><br></p><p> *A Moville Movelaria não oferece serviços de montagem*</p>","{""cor"":""Preto, Branco"",""quantidade_de_portas"":""2 Portas""}",,,2 Portas,"Preto, Branco",,,,,,,,,,Moville,Não informado,2 Portas,Branca,Cozinha,4 Gavetas,Não informado,Não informado,Não informado,reflorestamento,Não informado,Não informado,Não informado,Moville,,2 Portas,Branco,,4,Convencional
madeiramadeira-openapi||110386,Armário,Armário Multiuso 2 Portas 5 Prateleiras Dalia Made Marcs,"Já pensou em organizar todos os seus objetos de forma harmoniosa e prática? Pois a solução está no Multiuso Dalia. Fabricado na cor branca, o móvel cria um ambiente mais harmonioso, dando uma sensação de limpeza ao ambiente. O Multiuso Dalia é produzido com MDP, um material de excelente qualidade, procedência e durabilidade, fibra que é sinônimo de segurança. Além disso, o móvel é prático pois possui prateleiras internas, sendo duas removíveis, para permitir a variação.","{""cor"":""Branco"",""material_da_estrutura"":""MDP"",""quantidade_de_portas"":""2 Portas""}",,MDP,2 Portas,Branco,,,,,,,,,,Marcs,MDP,2 Portas,branca,Multiuso,Não informado,5 Prateleiras,removíveis,Não informado,MDP,Não informado,Não informado,Não informado,,,,,,,
casah||ARPO150295,Armário,Armário de Cozinha 6 Portas Riade Branco,"<p>O Kit Cozinha destaca-se por sua praticidade e eficiência de uso, podendo ser utilizado em qualquer ambiente ou até mesmo como complemento de cozinha.</p> <p>Estrutura em MDP 12/15mm. Possui 1 gaveta com corrediça metálica, 6 portas, 1 nicho e 2 prateleiras.</p> <p>Dimensões do Produto:</p> <p>Altura: 188 cm</p> <p>Largura: 110 cm</p> <p>Profundidade: 35 cm</p> <p>Informações do Produto:</p> <p>Cor:Branco</p> <p>Gavetas: Sim (1) Corrediça Metálica</p> <p>Portas: Sim (6) </p> <p>Prateleira: Sim (2)</p> <p>Nichos: Sim (1)</p> <p>Pés: Sim (5) PVC</p> <p>Puxadores: Sim (7) Polímero</p> <p>Material Principal: MDP 12/15mm</p> <p>Itens Inclusos:</p> <p>1 Kit Cozinha</p> <p>Manual de Montagem</p> <p>Kit completo para montagem e manual de instruções</p> <p>Garantia:</p> <p>3 meses contra defeito de fabricação</p> <p>Informações Adicionais:</p> <p>Fotos meramente ilustrativas do produto no ambiente.</p> <p>Os objetos que ambientam as fotos não acompanham o produto;</p> <p>Verificar descrição e tamanho do produto antes da compra.</p> <p>Avaliar a mercadoria no ato do recebimento e recuse em caso de divergência ou avarias.</p> <p>Mantenha as informações de contato e endereço de entrega atualizados para entrarmos em contato caso necessário.</p> <p>Limpar com flanela ou pano macio seco, não utilizar produtos abrasivos, desengordurantes, álcool ou solvente. Não expor o produto diretamente à luz solar e à umidade.</p> <p>Sugerimos a contratação de um montador profissional para a montagem do produto. Não nos responsabilizamos por avarias causadas no ato da montagem.</p> <p>Não nos responsabilizamos pela montagem e desmontagem do produto no ato da entrega e devolução, assim como os custos gerados nestas situações.</p> <p>A transportadora entregará o produto no andar térreo do endereço de entrega.</p> <p>Não nos responsabilizamos por subir escadas, corredores e elevadores ou transporte por guincho em apartamentos.</p>","{""cor"":""Branco"",""quantidade_de_gavetas"":""1 Gaveta"",""quantidade_de_portas"":""6 Portas""}",,,6 Portas,Branco,,1 Gaveta,,,,,,,,Riade,MDP,6,Branco,Cozinha,1,2,Sim,Não informado,MDP,Não informado,"1 gaveta com corrediça metálica, 6 portas, 1 nicho, 2 prateleiras",Não informado,CasaH,MDP,6 Portas,Branco,,1,Convencional
ttcomercioeletronico||1635071,Armário,Mapoteca em Aco 10 Gavetas Pandin Azul Del Rey  1.20 M,"<p><strong>EAN: 1000016350716</strong></p><p><br></p><p><strong>Código: 1635071</strong></p><p><br></p><p><strong>DESCRIÇÃO COMPLETA</strong></p><p><br></p><p><strong>PRODUTO ENTREGUE DESMONTADO. Mapoteca com 10 gavetas da Linha Aço Pandin.</strong></p><p><br></p><p><strong>IMPORTANTE PARA VOCÊ</strong></p><p><br></p><p><strong>Passar um pano levemente umedecido com água ou detergente neutro e em seguida um pano seco para as limpezas do dia a dia.</strong></p><p><br></p><p><strong>Nunca use produtos abrasivos, como saponáceos, esponja de aço, escova com cerdas duras, entre outros.</strong></p><p><br></p><p><strong>Evitar expor utilizar os produtos em ambientes com alta umidade, exemplo: câmaras frias, saunas e áreas molhadas.</strong></p><p><br></p><p><strong>Não armazenar produtos corrosivos, exemplo: ácido, cloro etc.</strong></p><p><br></p><p><strong>FICHA TÉCNICA</strong></p><p><br></p><p><strong>Modelo: Map10.</strong></p><p><br></p><p><strong>Medidas (A x L x P): 122 cm x 120 cm x 77 cm.</strong></p><p><br></p><p><strong>Cor: Azul Del Rey.</strong></p><p><br></p><p><strong>COMPOSIÇÃO</strong></p><p><br></p><p><strong>Trilho Telescópio 1,100mm. Estrutura em aço 24. Capacidade de 35 kg por gaveta.</strong></p><p><br></p><p><strong>GARANTIA</strong></p><p><br></p><p><strong>12 meses contra qualquer defeito de fabricação.</strong></p>","{""marca"":""Pandin"",""material_da_estrutura"":""Aço""}",Pandin,Aço,,,,,,,,,,,,Pandin,Aço,Não informado,Azul Del Rey,Mapoteca,10,Não informado,Não informado,Não informado,Aço,Não informado,Trilho Telescópio 1100mm,Não informado,Pandin,Aço,,Azul Del Rey,,10,
depositoalvorada-santoandre||57p,Armário,Armário Plástico P/ Banheiro C/ Alumínio AL42 Astra Branco,"Armário Plástico P/ Banheiro C/ Alumínio AL42 Astra Branco O Armário Plástico com Perfil de Alumínio da Astra é um produto reforçado com uma moldura de alumínio nas portas, que aumenta ainda mais a durabilidade do produto. Possui cantoneiras para um melhor acabamento, evitando os cantos vivos que poderiam machucar. Com design moderno e traços retos, otimiza o espaço, organiza e armazena melhor os objetos do dia a dia. Muito funcional, o armário já vai montado e pode ser instalado sobreposto à parede. Pode ser usado para guardar produtos de higiene no banheiro e auxiliar no momento da higiene pessoal. CARACTERÍSTICAS • Possui moldura de alumínio nas portas e cantoneiras para um melhor acabamento, evitando os cantos vivos.<br> • Espelho em toda a superfície do armário.<br> • Divisão interna com porta-escova e prateleiras embutidas para armazenar os objetos do dia a dia.<br> • Leve, resistente e de fácil limpeza.<br> • Pode ser instalado sobreposto à parede. INFORMAÇÕES TÉCNICAS: Comprimento: 31 cm Largura: 10 cm Altura: 36 cm Marca: Astra Modelo: AL42","{""marca"":""Astra""}",Astra,,,,,,,,,,,,,Astra,Plástico,1,Branco,Banheiro,Não informado,Não informado,Embutidas,Com moldura de alumínio nas portas e cantoneiras para um melhor acabamento evitando os cantos vivosbr  Espelho em toda a superfície do armáriobr  Divisão interna com porta-escova e prateleiras embutidas para armazenar os objetos do dia diabr  Leve resistente e de fácil limpezabr  Pode ser instalado sobreposto à parede,Alumínio,Moderno,Porta-escova,Banheiro,Astra,Plástico,1 Porta,Branco,Suspenso,,Convencional
decorecomamor||118781p,Armário,Fruteira P/ Cozinha Espaço Para Guardar Utensílios Multiuso,"FRUTEIRA ARMÁRIO BALCÃO P/ BEBEDOURO E MICROONDAS<br><br>Para você que procura um móvel que ocupa pouco espaço e que ofereça beleza e praticidade desenvolvemos esse lindo armário, ideal para te ajudar na organização da sua cozinha, dispensa, lavanderia, com 02 portas, 01 Nicho para utensílios domésticos e tem 02 espaços suficientes para armazenarem frutas, legumes etc, além de Rodinhas para facilitar sua locomoção na hora da limpeza do dia a dia.<br><br>Descrição:<br>Material: Madeira<br><br>Medidas: Dimensões (A/L/P):<br><br>ALTURA: 72cm<br>LARGURA: 92cm<br>PROFUNDIDADE: 34cm<br><br><br>2 Portas<br>2 Espaços para Frutas<br>Cores: Tampo superior Preto ou Branco<br>Rodízios - Rodinhas Brancas<br>Acabamento alto brilho<br>Puxadores PVC Cromado<br>Comporta Microondas e Bebedouro","{""cor"":""Preto, Branco"",""marca"":""Decore Com Amor"",""material_da_estrutura"":""Madeira""}",Decore Com Amor,Madeira,,"Preto, Branco",,,,,,,,,,Não informado,Madeira,2 Portas,Preto ou Branco,Armário,Não informado,Não informado,Não informado,Rodízios - Rodinhas Brancas,Madeira,Não informado,Não informado,"Cozinha, Dispensa, Lavanderia",Decore com Amor,Madeira,2 Portas,"[Preto, Branco]",,,Convencional
mercoi-mercadointeligente||39p,Armário,Nicho Organizador Retrô com 3 Gavetas Preto / Preto - Qmovi,"Apresentamos o Nicho Organizador Retrô com 3 Gavetas, produto prático e multifuncional que pode ser utilizado em diversos ambientes, desde um quarto infantil até no escritório, com seus 9 compartimentos e 3 gavetas contribui bastante com a organização do local. Modelo com pés palito para dar um lindo aspecto retrô e bastante espaço para organizar objetos de diversos tamanhos e formatos. Construído com estrutura em MDP e MDF para mais durabilidade e resistência. Organize já o eu espaço, não perca!DimensõesLargura: 108 cm.<br>Altura: 92,5 cm.<br>Profundidade: 33,5 cm.<br>Peso: 32,33 Kg.Especificações Material da Estrutura: MDP 15 mm.<br>Material do Fundo: MDF 3 mm.<br>Peso suportado: 30 Kg distribuídos sem impacto.<br>Peso suportado por Prateleira: 3 Kg distribuídos sem impacto<br>Cor: Preto / Preto.<br>Acabamento: Pintura UV Atóxica.<br>Escala de Brilho: Fosco.<br>Possui Gavetas: Sim.<br>Tipo de Pés: Palito Retrô.<br>Diferenciais: Produto multifuncional com gavetas com fitas de feltro para não riscar o produto.<br>Sistema de Montagem: Minifix / Cavilhas / Parafusos.<br>Manual de Montagem: Sim.<br>Complexidade da Montagem: Baixa.<br>Volumes: 3 Volumes.<br>Garantia do Fabricante: 3 meses contra defeito de fabricação.<br>Montagem: Recomendamos que seja feita por um profissional.<br>Recomendação de Limpeza: Pano levemente úmido e detergente neutro.<br>Características do Produto- Móvel multifuncional, podendo ser utilizado em diversos ambientes;<br>- Possibilidade de composição dupla para aumentar o espaço;<br>- Possui pés retrô tipo palito;<br>- Grande quantidade de compartimentos para boa organização;<br>- Kit 3 Gavetas opcional para melhorar a divisão interna do nicho;<br>- Frente das gavetas com acabamento de bordas em pintura PU;<br>- Embalagem feita com papelão revestido por plástico, com isomanta e com BUP's (proteção de cantos) para garantir a qualidade do produto;<br>- Excelente acabamento revestido em pintura UV, que dá maior destaque à cor;<br>- Estrutura produzida com materiais de alta qualidade;<br>- Pintura atóxica e livre de materiais pesados.Opcionais- Pode ser vendido com adicional de 3, 6 ou 9 gavetas para ampliar ainda mas a função de organização do seu nicho, conforme necessidade.<br>- Temos versão do Nicho Organizador com rodízios ou com pés retrô.<br>Pergunte pelas opções se tiver interesse, ou encontre na nossa lista de produtos a venda.Cuidados com o Produto- Limpar com flanela ou pano macio levemente umedecido, não utilizar produtos abrasivos, desengordurantes, álcool ou solvente.<br>- Não expor o produto diretamente à luz solar e à umidade excessiva.Observações Relevantes- Nossos produtos são protegidos e embalados com total segurança.<br>- Produto não deve ficar exposto diretamente ao sol, calor e umidades excessivas, recomendamos o uso residencial em ambiente interno.<br>- Poderá haver eventuais diferenças de tonalidades entre a imagem da foto e o produto real, devido à configuração de calibragem de cores do seu monitor.<br>- As imagens são meramente ilustrativas, não acompanham objetos de decoração e eletrônicos.<br>- Ao receber a mercadoria, o cliente deve verificar as condições da embalagem, caso haja alguma avaria não assine o comprovante de recebimento.<br>- Montagem, desmontagem e outras instalações serão de total responsabilidade do cliente.<br>- Não nos responsabilizamos, no ato da entrega, por subir escadas/elevadores ou pelo transporte por guincho em apartamentos. Eventuais despesas com estes serviços são de responsabilidade do comprador.<br>- Antes da compra, confira cuidadosamente as dimensões do produto e certifique-se de que passará tranquilamente por elevadores, portas, escadas e/ou corredores de sua residência.<br>- Observe todos os itens descritos acima para evitar futuros imprevistos com sua compra. Qualquer despesa adicional será de responsabilidade do clien...",{},,,,,,,,,,,,,,Qmovi,MDP,Não informado,Preto,Nicho Organizador,3,9,Não informado,Não informado,MDF,Retrô,Pés Palito,Não informado,Qmovi,MDP,,Preto,,3,
mega-mamute||90005147,Armário,Armário Aéreo Multiuso com 01 Porta Basculante 80 cm Tarantela Cinamomo/Grafite,"O Armário Aéreo Multiuso Tarantela com seu visual moderno e charmoso veio para deixar sua cozinha mais elegante e organizada, 01 Porta basculante com um amplo espaço ideal para guardar seus utensílios.<br><br>Modelo: tarantela<br>PN: 11802.231<br>Cor: Cinamomo/Grafite<br>Marca: Valdemóveis<br><br>Produzido em MDP, com maior durabilidade<br>Acabamento em pintura UV<br><br>Puxador em alumínio, dando maior resistência<br>01 Porta basculante com dobradiças metálicas<br><br>Ideal para montagem suspensa<br>Ótimo para ganhar espaço em seu ambiente<br>Excelente para deixar tudo organizado<br><br>Dimensões(A x L x P): 38 x 80 x 31,5 cm (Produto Montado)<br>Peso: 10,5 Kg<br><br>Observações Relevantes:<br>- Todos os produtos vão embalados com total segurança.<br>- As cores dos produtos podem sofrer alterações dependendo do seu monitor.<br>- As imagens são meramente ilustrativas, não acompanham objetos de decoração e eletros.<br><br>- Confira as dimensões do produto no momento da compra e certifique-se de que passará normalmente por escadas, elevadores, portas e corredores.<br>- Não nos responsabilizamos no ato da entrega por montagens, desmontagens, instalações de produtos, nem utilização de guinchos ou equipamentos similares para acesso a pisos superiores em apartamentos.<br>- Observando as orientações acima, evita-se futuros desagrados ou imprevistos com a entrega do produto. Havendo despesas adicionais, serão de responsabilidade do cliente.<br><br>Manual de montagem:<br>https://arquivo.megamamute.com.br/produtos/anexo/46/90005146/90005146_original.pdf<br><br>Conteúdo da Embalagem:<br>01 x Armário Aéreo<br>01 x Manual de montagem<br><br>Garantia: 3 meses com a fabricante<br>Fabricante: Valdemóveis<br>","{""material_da_estrutura"":""MDP"",""tipo"":""Aéreo""}",,MDP,,,Aéreo,,,,,,,,,Valdemóveis,MDP,1,CinamomoGrafite,Aéreo,Não informado,Não informado,Não informado,Não informado,MDP,Moderno,"Porta basculante, dobradiças metálicas, puxador em alumínio",Cozinha,Valdemóveis,MDP,1 Porta,"[Cinamomo, Grafite]",Aéreo,,Basculante
sdmoveissapateirasecia||REF307,Armário,Armário Multiuso Rio de Janeiro Aberto com 4 Prateleiras,"Experimente a versatilidade e o design contemporâneo com o Armário Multiuso Rio de Janeiro Aberto, equipado com 4 prateleiras. Este armário é a solução perfeita para a organização de diversos itens em diferentes ambientes da sua casa.<br>Com um design aberto, o Armário Multiuso Rio de Janeiro permite fácil acesso aos itens nas 4 prateleiras espaçosas. Ideal para uso em salas, cozinhas, quartos, ou até mesmo escritórios, esse armário oferece um amplo espaço para organizar livros, utensílios, decorações ou o que mais você precisar.<br>Construído com materiais de alta qualidade, o Armário Multiuso Rio de Janeiro é resistente e durável, garantindo uma solução de armazenamento confiável. Seu design contemporâneo e versátil se integra facilmente a diversos estilos de decoração, proporcionando um toque moderno ao seu espaço.<br>Mantenha sua casa organizada e estilosa com o Armário Multiuso Rio de Janeiro. Uma escolha prática e elegante para quem busca uma solução versátil e funcional para armazenar e exibir diversos itens.","{""tipo"":""Multiuso""}",,,,,Multiuso,,,,,,,,,Rio de Janeiro,Não informado,Não informado,Não informado,Multiuso,Não informado,4,Não informado,Aberto,alta qualidade,contemporâneo,Não informado,"salas, cozinhas, quartos, escritórios",Sd Móveis,,,Branco,,,
mobly||BR722TA91PJOMOB-773095,Armário,Escrivaninha com Armário Aéreo e Nicho Patt Amarelo,"Que tal a Escrivaninha com Armário e Nicho Patt?Para conquistar um cantinho de estudos ou home office completo, basta apostar nos móveis certos para que o seu desempenho ganhe uma grande aliada: a organização! Com a Escrivaninha Patt os seus objetos pertinentes à rotina ficam dispostos no tampo da mesa, além de também poderem ser arrumados nos compartimentos do combo de Braçoário + nicho e prateleira. Já o visual de cores leves e design discreto ajuda a ambientar o espaço de maneira alegre e agradável para o dia a dia. Agora é só encontrar uma cadeira para dar aquele match perfeito com a sua mesa e acessórios!",{},,,,,,,,,,,,,,Patt,Não informado,Não informado,Amarelo,Armário Aéreo,Não informado,Não informado,Sim,Nicho,Não informado,Não informado,Não informado,Home Office,Bramov,MDF,1 Porta,Amarelo,Aéreo,,Basculante
vcmoveis||28732,Armário,Armário Aéreo para Micro-ondas Nova York Branco HP  Henn,"<p>Armário Aéreo para Micro-ondas Nova York Branco HP – Henn</p> <p>Para manter seu micro-ondas bem exposto e armazenado, apresentamos o Armário Aéreo da linha Nova York desenvolvido pela Henn. Ele oferece muita praticidade e ainda deixa sua cozinha cheia de requinte e elegância. Foi desenvolvido com ótimos materiais, oferecendo muito mais qualidade e durabilidade, perfeito para complementar sua cozinha. Confira e aproveite!</p> <p>Características Técnicas:<br> - Desenvolvido 100% em MDF<br> - Pintura na cor Branco HP<br> - Acabamento em U.V Fosco<br> - Possui 2 Nichos e 1 prateleira<br> - Espaço para colocar o micro-ondas 40x58x45 cm <br> - Lindo Design</p> <p>Dimensões:<br> Altura: 44 cm<br> Largura: 80 cm<br> Profundidade: 47 cm</p> <p>Obs: Não realizamos a montagem do produto, porém acompanha manual de instruções.</p>","{""marca"":""Henn""}",Henn,,,,,,,,,,,,,Henn,MDF,Não informado,Branco HP,Aéreo,Não informado,1,Sim,Não informado,MDF,Não informado,2 Nichos,Micro-ondas,Henn,MDF,,Branco,Aéreo,,
decorecomamor||155031p,Armário,"Armario balção alto Nicho 1,20m Para espaço interativo Moderno",p&gt;ARMÁRIO AÉREO MÓDULO 4 PORTAS MULTIUSO MODULADO -Medidas: (A/L/P):<br>Altura: 62 cm<br>Largura: 120 cm<br>Profundidade: 27 cmCor Branco<br>4 Portas<br>Acabamento alto brilho<br>Puxadores PVC Cromados<br>,"{""cor"":""Branco"",""quantidade_de_portas"":""4 Portas""}",,,4 Portas,Branco,,,,,,,,,,Não informado,Não informado,4 Portas,Branco,Aéreo,Não informado,Não informado,Não informado,Não informado,Não informado,Moderno,Puxadores PVC Cromados,Não informado,Nova Decor,,4 Portas,Branco,Aéreo,,Convencional
decorecomamor||165925p,Armário,Armário Organizador  Para Micro-ondas  Para Apoio Cafeteira,"ARMÁRIO MULTIUSO PARA TODA A CASA<br><br>Para você que procura um móvel que ocupa pouco espaço e que ofereça beleza e praticidade desenvolvemos este lindo armário, ideal para te ajudar na organização da sua cozinha, dispensa, lavanderia e Banheiro com 01 gaveta espaçosa e 02 espaços suficientes para armazenar livros, maquiagens, frutas, legumes etc<br><br><br><br>Medidas: Dimensões (A/L/P):<br><br>ALTURA: 70cm<br><br>LARGURA: 36cm<br><br>PROFUNDIDADE: 34cm<br><br><br>Características<br><br>Cor: Branco<br><br>1 Gaveta<br><br>2 compartimentos<br><br><br>Acabamento alto brilho<br><br>Puxador PVC Cromado<br><br>Ótima Bancada para Bebedouro ou Maquina de Café<br>",{},,,,,,,,,,,,,,Não informado,Não informado,Não informado,Branco,Organizador,1,2,Não informado,Não informado,Não informado,Não informado,Não informado,"Cozinha, Dispensa, Lavanderia, Banheiro",Decore com Amor,,2 Portas,Branco,,1,Convencional
diplomatamoveis||33558,Armário,Armário Gamer 4095 Ambiente Preto Fosco Carvalho TOQ Rústico  Qmovi,"<p><span>Armário Gamer 4095 Ambiente Preto Fosco Carvalho TOQ Rústico – Qmovi</span><span><br> <br> </span><span>O Armário Gamer desenvolvido pela Qmovi é ideal para decorar e organizar seus livros e objetos de maneira moderna e funcional. Seu design compacto, é perfeito para ambientes menores que precisam de otimização do espaço. Aproveite e garanta já o seu!</span><span><br> <br> Características Técnicas:<br> - Desenvolvido em MDP de 12 e 15 mm<br> - Acabamento em U.V Fosco<br> - Estrutura produzida com materiais de alta qualidade<br> - 2 Prateleiras <br> - 2 Portas<br> - Puxadores vazados<br> - Suporta até 42 kg distribuídos e sem impacto<br> - Peso suportado pela prateleira é de até 7 kg distribuídos e sem impacto<br> - Produto multifuncional, podendo ser utilizado em diversos espaços<br> - Ideal para colocação de livros e objetos decorativos<br> - Sistema anti-tombamento para evitar riscos de acidentes<br> - Lindo design</span></p><p><span>Dimensões:<br> Altura: 158 cm<br> Largura: 61 cm<br> Profundidade: 35 cm<br> <br> * Produto não acompanha acessórios e objetos decorativos. <br> <br> <span>Obs: Não realizamos a montagem do produto, porém acompanha manual de instruções.</span></span></p>","{""cor"":""Carvalho"",""marca"":""Qmovi"",""material_da_estrutura"":""Carvalho"",""quantidade_de_portas"":""2 Portas""}",Qmovi,Carvalho,2 Portas,Carvalho,,,,,,,,,,Qmovi,MDP,2,Preto Fosco Carvalho,Gamer,Não informado,2,Não informado,Não informado,MDP,Rústico,Puxadores vazados,Não informado,Qmovi,MDP,2 Portas,Carvalho,,,Convencional
jmmoveisecolhoes||30615,Armário,Armario Multiuso com 6 Prateleiras e Chave com Trinco Branco,"<p>Características</p><p>Dimensões do móvel: Largura 0,61M; Profundidade 0,40M; Altura 1,89M.</p><p>Itens Inclusos: 1 Multiuso.</p><p>Descrição técnica</p><p>6 prateleiras.</p><p>2 Portas</p><p>Puxadores Plásticos.</p><p>Chave com trinco.</p><p>Tonalidades das cores poderão ocorrer alteração conforme a configuração de cada monitor</p><p>Imagens meramente ilustrativas</p><p>Recomendações de uso, manutenção e limpeza: Limpar com flanela ou pano macio seco, não utilizar produtos abrasivos, desengordurantes, álcool ou solvente. Não expor o produto diretamente a luz solar e à umidade.</p><p>Garantia: 3 meses</p>","{""cor"":""Branco"",""quantidade_de_portas"":""2 Portas""}",,,2 Portas,Branco,,,,,,,,,,Não informado,Não informado,2,Branco,Multiuso,Não informado,6,Não informado,Chave com Trinco,Não informado,Não informado,Puxadores Plásticos,Não informado,Primus,,2 Portas,Branco,,,Convencional
mercadodoassento||44911,Armário,Armário para Banheiro Branco com Cuba Harpia,"Armário para Banheiro Branco com Cuba Harpia é a escolha perfeita para seu banheiro.<br><br> Gabinete com porta com exclusivo sistema de fechamento lento, puxador em metal e dois nichos. Se soltar a porta ela não bate, mas fecha suavemente. Produto de madeira MDP 15mm com revestimento, maior resistência e durabilidade. Ótimo espaço interno para guardar objetos. E para deixar tudo ainda mais prático, o gabinete é suspenso, o que facilita a limpeza do banheiro. <br><br> Cuba em Resina de Poliéster, material robusto, brilhante e de excelente acabamento, não é mármore sintético e nem plástico. Muito linda e elegante. <br><br> A limpeza do Gabinete deve ser feita com pano úmido e sabão neutro. A limpeza da Cuba deve ser feita com parte macia da esponja. <br><br> Tamanhos: <br> Gabinete: Altura 50cm x Largura 55cm x Profundidade 35cm <br> Cuba: 33,5cm de diâmetro e 8cm de altura <br> <br> O Gabinete vai desmontado, acompanha todos os parafusos de fixação e montagem, assim como manual de montagem. A montagem tem dificuldade baixa/média e pode ser feita por pessoa leiga seguindo as instruções. <br><br> Obs: todos os objetos decorativos das fotos não estão inclusos (por exemplo: torneira, válvula universal para lavatório, sifão, itens de higiene pessoal, etc)","{""cor"":""Branco""}",,,,Branco,,,,,,,,,,Harpia,MDP,1,Branco,Para Banheiro,Não informado,Não informado,Não informado,Cuba,Resina de Poliéster,Não informado,Puxador em metal,Não informado,Mercado das Prateleiras,MDP,1 Porta,Branco,,,Convencional
madeiramadeira-openapi||453162,Armário,Armário Multiuso 2 Portas 1 Gaveta Ipê Incabrás,"Compacto e fácil de instalar, o armário Ipê reúne características práticas em seu design. Com um visual de linhas, o armário consegue combinar facilmente com qualquer tipo de ambiente. O espaço interno, que vem com prateleiras e/ou cabideiro, é ótimo para organização de calçados, toalhas, livros, revistas e roupas. O armário Ipê é confeccionado em 100% mdf, um material naturalmente resistente, mas para aumentar a sua durabilidade, o acabamento é em pintura uv. Acompanha pés de madeira maciça revestidos em poliestireno, dando maior durabilidade contra umidade.","{""cor"":""Fendi"",""marca"":""Incabrás"",""material_da_estrutura"":""Madeira, MDP"",""quantidade_de_gavetas"":""1 Gaveta"",""quantidade_de_portas"":""2 Portas"",""tipo"":""Multiuso""}",Incabrás,"Madeira, MDP",2 Portas,Fendi,Multiuso,1 Gaveta,,,,,,,,Ipê,MDF,2 Portas,Não informado,Multiuso,1 Gaveta,Não informado,Sim,Cabideiro,Madeira maciça,Não informado,Pés de madeira maciça,"Calçados, toalhas, livros, revistas, roupas",,,,,,,
mercadodosmoveis2||15950677954,Armário,Módulo Aéreo Nadia com Nicho para Cozinha 200mm 830mm Évelin Duna,"AÉREO 200MM 830MM NICHO ÉVELIN CI82-23 - HENN <br> <br><br> <br>O Aéreo Nicho 200mm 830mm Évelin, possui um design contemporâneo, que complementa sua cozinha de maneira especial e única. É um móvel de ampla qualidade sendo 100% MDF. Exala sofisticação e glamour. Não perca essa oportunidade!! <br> <br><br> <br>Dimensões do Produto: <br> <br>(Altura x Largura x Profundidade): 83 x 20 x 31,5 cm.<br> <br><br> <br>Características do Produto: <br> <br>Material da Estrutura: MDF. <br> <br>Volumes: 01. <br> <br>Peso: 8 kg. <br> <br><br> <br>Diferenciais: <br> <br>- Móvel Decorativo. <br> <br>- Design Moderno. <br> <br>- Móvel Versátil. <br> <br><br> <br>Montagem: <br> <br>- Manual de Montagem: Sim. O produto pode estar sendo montado pelo comprador ou por um profissional. <br> <br><br> <br>Observações Importantes: <br> <br>- As imagens ambientadas são meramente ilustrativas e podem apresentar itens que não compõe o produto. <br> <br>- Limpar com flanela limpa e seca. Não molhar o móvel e não expor em lugar úmido ou próximo de fontes de calor, não usar produtos abrasivos. <br> <br>- Objetos decorativos que aparecem na foto não acompanham o produto. <br> <br>- As cores do produto podem variar de acordo com o monitor, a iluminação do ambiente ou sua percepção visual. <br> <br>- Os móveis são entregues desmontados e com manual de montagem. <br> <br>- Montagem, desmontagens, e instalações deve ser contratado um montador profissional pelo cliente. <br> <br>- Confira as dimensões antes da compra, e certifique-se de que o produto passará por elevadores, portas e corredores, já que nossa expedição não inclui a subida de lances de escada ou o lançamento de produtos. <br> <br>- Ao receber seus produtos verifique no ato do recebimento qualquer dano a embalagem do produto, caso tenha alguma irregularidade, favor não assinar o comprovante de recebimento. A transportadora tem obrigação de esperar a conferência. <br> <br>- Produto para uso residencial em ambiente interno, não devendo ficar exposto diretamente ao sol, calor e umidades excessivas. <br>","{""marca"":""Henn""}",Henn,,,,,,,,,,,,,Évelin,MDF,Não informado,Não informado,Aéreo,Não informado,Não informado,Não informado,Nicho,MDF,Moderno,Não informado,Cozinha,Henn,MDF,,,Aéreo,,
panoramamoveis||63719,Armário,Armário Aéreo Cozinha Light 3 Portas Itauba - Irm Móveis,"DETALHAMENTO:<br><br><br><strong>Estrutura</strong>:<br>-------------------------------------------<br>Possui Rodízios? Não<br>Possui Sapatas? Não<br>Possui Borda de PVC nas Bordas? Não<br>Pés com regulagem de altura? Não<br>Escala de Brilho: Semi-Brilho<br>Material da Estrutura: MDP<br><br><strong>Instalação</strong>:<br>-------------------------------------------<br>Necessita de Montagem: Sim<br>Sistema de Montagem: Parafusos, cavilhas e Minifix.<br>Grau de Dificuldade da Montagem: Médio<br>Como os Móveis Chegarão na Minha Casa: Desmontado em caixas, acompanhado de todas as peças, ferragens e manuais para montagem.<br><br><strong>Estrutura Interna</strong>:<br>-------------------------------------------<br>Material das Corrediças: Não possui<br>Quantidade de Puxadores: 3<br>Material do Puxador: Poliestireno<br>Material das Dobradiças: Metálica<br><br><strong>Outras Informações</strong>:<br>-------------------------------------------<br>Recomendação de Manutenção: Utilizar pano levemente umedecido, seguido de pano seco. Não utilizar quaisquer produtos abrasivos.<br>Observação: Objetos decorativos que aparecem nas imagens, não acompanham o produto.<br>Revestimento /Acabamento: Pintura UV<br>Garantia (dias): 90<br>Indicação de Uso: Cozinha<br><br><strong>Informações Adicionais Estante</strong>:<br>-------------------------------------------<br>Possui Vidro: Não<br>Tamanho Unico Grande Pequeno: Único<br>Quantidade de Portas: 3<br>Quantidade de Gavetas: 0<br>Possui Espelho: Não<br><br><strong>Tamanho/Peso</strong>:<br>-------------------------------------------<br>Altura: 38cm<br>Largura: 120cm<br>Profundidade: 32cm<br>Peso: 13,3kg<br><br><strong>Geral</strong>:<br>-------------------------------------------<br>SKU: 63719<br><br>O(a) Armário Aéreo Cozinha Light 3 Portas Itauba - Irm Móveis é produzido em MDP na escala de brilho Semi-Brilho, e possui um grau de dificuldade de montagem: Médio.<br>Seu revestimento/acabamento é: Pintura UV.<br><br>Infelizmente a Panorama Móveis não oferece serviço de montagem, deixamos essa informação bem clara em todas as nossas páginas de produto.Onde especificamos que os móveis chegarão desmontados, e que a montagem fica por conta do cliente.<br><br>Como não oferecemos esse serviço não embutimos o mesmo no preço dos produtos, ou seja, maior economia para você!Todos os nossos móveis também acompanham o manual de montagem, e caso você queira, pode realizar a montagem você mesmo, sempre especificamos os graus de montagem dos produtos.<br><br>Nos casos de grau baixo e médio, com pouco ou nenhum conhecimento, você mesmo pode efetuar a montagem, e fazer essa economia.Apenas nos graus de montagem alto, recomendamos a contratação de um montador com experiência, visto que são montagens mais complicadas. A montagem é feita com Parafusos, cavilhas e Minifix.. <br><br>Este móvel é indicado para que seja utilizado no(a) Cozinha, dando um toque especial no cômodo de sua casa.<br> Para que você mantenha seu produto sempre em ótimo estado, recomendamos que use apenas um pano seco ou levemente umedecido, sem o uso de quaisquer produtos abrasivos.<br><br>A Panorama Móveis garante aos clientes, 90 dias de garantia nos produtos, porém, recomendamos que entre em contato com o fornecedor/marca do produto, pois o mesmo(a), pode garantir um prazo maior de garantia.<br><br>Lembrando ainda que: quaisquer objetos decorativos que aparecem nas imagens, não acompanham o produto. Panorama Móveis, a sua loja de móveis online, eletrodomésticos e artigos para decoração!",{},,,,,,,,,,,,,,Irm Móveis,MDP,3,Não informado,Aéreo,0,Não informado,Não informado,Não informado,Não informado,Não informado,Não informado,Cozinha,IRM Móveis,MDP,3 Portas,,Aéreo,,Convencional
laris2||899p,Armário,Armário Portas de Correr Young 73 Branco com Porta Amarela,"Armário em MDP (Médium Density Particleboard) com revestimento melamínico que se funde a madeira dando um perfeito acabamento, com bordas em PVC. Esse produto possui portas com revestimento em cor e fundo mdf 3 mm branco. Tem a versatilidade de se encaixar em qualquer ambiente formando torres, pois possui um perfeito sistema de encaixe um sobre o outro. * Este produto é enviado desmontado e acompanha manual ilustrativo de montagem.Dimensões do produto montado:<br>Largura 66,5 cm<br>Altura 41,7 cm<br>Profundidade 35 cmPeso: 8 Kg<br>Marca: Evolukit<br>Cor: Branco e AmareloItens inclusos:<br>1 - Armário Young 73 Branco com Porta Amarela<br>1 - Manual de Montagem<br>​* Este produto não acompanha kit de fixação para suspensão em parede, caso seja necessário, entrar em contato após a compra.",{},,,,,,,,,,,,,,Evolukit,MDP,1,Branco e Amarelo,Armário,Não informado,Não informado,Não informado,Não informado,MDP,Não informado,Não informado,Não informado,Evolukit,MDP,2 Portas,"[Branco, Amarelo]",Aéreo,,de Correr
nunesmoveisecolchoes||BUFFET220AMENDOA,Armário,Balcão Multiuso/ Buffet 2 Portas Gaveta com Rodízio - Bella Vercelli 220,"<p>Dimensões: Altura: 81 CM Largura: 77 CM Profundidade: 40 CM </p><p><br></p><p>Peça compacta com prateleira móvel, podendo ser usado em diversos ambientes. </p><p><br></p><p>GAVETA REFORÇADA COM CORREDIÇA TELESCÓPICA; </p><p>COM RODÍZIOS; </p><p>01 PRATELEIRA REMOVÍVEL; </p><p>Chapas MDP 15mm de espessura, todas são de 15mm; </p><p><br></p><p><br></p><p>Garantia de até 90 dias após o recebimento do produto; </p><p><br></p><p>Atenção* </p><p>As cores do produto podem variar de acordo com o monitor, a iluminação do ambiente ou sua percepção visual. Os móveis são entregues desmontados. Montagem, desmontagens, e instalações devem ser contratadas pelo cliente. Confira as dimensões da compra, e certifique-se de que o produto passará por elevadores, portas e corredores. Pois não nos responsabilizamos pelo transporte dos produtos por escadas, guinchos, içamentos ou quaisquer outros meios específicos de transporte. Contém manual para montagem.</p>","{""cor"":""Amêndoa"",""quantidade_de_portas"":""2 Portas"",""tipo"":""Balcão, Multiuso""}",,,2 Portas,Amêndoa,"Balcão, Multiuso",,,,,,,,,Bella Vercelli,MDP,2,Não informado,Balcão Multiuso Buffet,1,1,removível,com Rodízios,MDP,Não informado,Gaveta com corrediça telescópica,Não informado,Bella Vercelli,MDP,2 Portas,Amêndoa,,1,Convencional
madeiramadeira-openapi||204676,Armário,Armário Aéreo 2 Portas de Abrir Zafira CHF Branco/ Chocolate,"Pensando em organizar sua cozinha e poupar espaço no ambiente mais gostoso da sua casa? Com este incrível Armário Aéreo Zafira você terá maior aproveitamento de espaço e organização na sua cozinha. Espaçoso, ele é ideal para deixar o lugar mais bonito e atraente, além de dar aquela força na hora de arrumar as panelas, mantimentos ou o que mais você preferir.","{""cor"":""Branco,Chocolate"",""marca"":""CHF Móveis"",""material_da_estrutura"":""MDP"",""quantidade_de_portas"":""2 portas"",""tipo"":""Aéreo""}",CHF Móveis,MDP,2 portas,"Branco,Chocolate",Aéreo,,,,,,,,,Zafira,Não informado,2 Portas,Branco Chocolate,Aéreo,Não informado,Não informado,Não informado,Não informado,Não informado,Não informado,Não informado,Cozinha,,,,,,,
multiloja||25651,Armário,Armário Aéreo de canto Reto 1 Porta Belize Henn,"O Armário Aéreo de canto reto da Henn tem a proposta de completar a sua cozinha. Desenvolvida em material MDF, possibilita uma maior durabilidade ao produto. <br> <br> <br> Características:<br> Estrutura MDF<br> Prateleira<br> Produto pode ser montado para os dois lados, direito e esquerdo<br> Dobradiças de 35 mm com amortecimento<br> Puxador<br> <br> <br> Dimensões:<br> Altura: 90 cm<br> Largura: 94,5 cm<br> Profundidade: 53,5 cm<br> Peso: 32 Kg<br> <br> <br> Garantia do fornecedor de 3 meses.","{""marca"":""Henn""}",Henn,,,,,,,,,,,,,Henn,MDF,1,Belize,Aéreo,Não informado,Não informado,Sim,"Dobradiças de 35 mm com amortecimento, Puxador",MDF,Canto Reto,Não informado,Cozinha,Henn,MDF,1 Porta,Cinza,Aéreo,,Convencional
tabaratotolevando||4750,Armário,Armário Aéreo de Canto Gold Indekes 61189,"Cozinha com módulos independente de fácil arranjo, pintura fosca fácil de limpar e amplo espaço interno.<br><br><br>Características:<br>Produzido em chapas de 15mm,<br>Pintura UV Ultra-violeta em tons madeirados,<br>Dobradiça metálica com regulagem, corrediças,<br>Puxadores em PVC duro,<br>Parafusos especialmente desenvolvidos para fixação chapas de madeira.<br><br><br>Dimensões:<br>Altura: 91 cm<br>Largura: 120 cm<br>Profundidade: 51 cm<br>Peso: 34 kg<br><br><br>Garantia do Fornecedor de 3 meses","{""cor"":""Nogal"",""marca"":""Indekes"",""tipo"":""Aéreo,Canto""}",Indekes,,,Nogal,"Aéreo,Canto",,,,,,,,,Indekes,MDF,Não informado,Gold,Aéreo de Canto,Não informado,Não informado,Não informado,Não informado,Não informado,Não informado,"Dobradiça metálica com regulagem corrediças, Puxadores em PVC duro, Parafusos especialmente desenvolvidos para fixação chapas de madeira",Cozinha,Indekes,,1 Porta,Nogal Imperial,Aéreo,,Convencional
flipvendademoveis||28402,Armário,Armário Organizador Kids Liv Branco Soft Freijó - Matic,"<p><span>Armário Organizador Kids Liv Branco Soft Freijó - Matic</span><span><br> </span><span>A Matic Móveis desenvolveu o Armário Organizador Kids Liv, elaborado para deixar o ambiente charmoso e aconchegante com tudo organizado para contribuir com a praticidade que o dia a dia exige, com qualidade, modernidade e um ótimo preço. Confira e aproveite!<br> <br> Característica Técnicas:</span><span><br> <span>- Desenvolvido em MDF</span><br> <span>- Pés em Madeira</span><br> <span>- Gavetas com corrediças telescópicas</span><br> <span>- Puxadores usinados nas portas e gavetas</span><br> <span>- Lindo design</span><br> <br> <span>Dimensões:</span><br> <span>Altura: 125,5 cm</span><br> <span>Largura: 75 cm</span><br> <span>Profundidade: 43 cm<br> </span></span><span>Obs: Não realizamos a montagem, porém acompanha manual de instruções.</span></p>","{""cor"":""Branco, Freijó"",""tipo"":""Organizador""}",,,,"Branco, Freijó",Organizador,,,,,,,,,Matic,MDF,Não informado,Branco Soft Freijó,Organizador,Não informado,Não informado,Não informado,Não informado,Madeira,Não informado,"Pés em Madeira, Gavetas com corrediças telescópicas, Puxadores usinados nas portas e gavetas",Kids,Matic Móveis,MDF,2 Portas,"[Branco, Freijó]",,2,Convencional
ajl||59201p,Armário,Armario Auxiliar de Banheiro para organizador,"<br>ARMÁRIO BALCÃO GAVETEIRO MULTIUSO 2 GAVETAS COM RODINHAS<br><br><br>Balcão modulado para compor os móveis de sua Cozinha, Lavanderia, Escritório, Área de Serviço, Banheiro, Salão de Beleza..<br><br><br><br> <br><br> <br><br>Para você que procura um móvel que ocupa pouco espaço e que ofereça beleza e praticidade a Click Forte desenvolveu esse lindo armário, ideal para te ajudar na organização da sua cozinha, dispensa, lavanderia, com 02 gavetas espaçosas, 01 porta e com 01 prateleira interna, espaços suficientes para armazenarem seus utensílios domésticos, materiais de limpeza, etc, além de Rodinhas para facilitar sua locomoção na hora da limpeza do dia a dia.<br><br>Medidas:<br><br> <br><br><br>Altura: 86cm<br><br>Largura: 36cm<br><br>Profundidade: 35cm<br><br><br><br>-Produto compacto e com os espaços bem distribuídos<br>-2 Gavetões com corrediças metálicas<br>-4 Rodinhas de ótima qualidade<br>-1 Porta com dobradiças metálicas e com Prateleira Interna<br>-Puxador em pintura cromada<br>-Pintura UV brilhante<br>-Ótima bancada para Bebedouro, Máquina de Café..<br>-Pode ser usado na Cozinha, Lavanderia, Escritório, diversas partes da casa<br><br> <br><br>Material Madeira Mdp<br>Cor : Branco<br><br> <br><br>Aproveite esse Super Preço Promocional, Temos Poucas Unidades<br><br><br><br><br><br><br><br> <br><br><br>IRÁ COM GARANTIA<br>IRÁ COM NOTA FISCAL","{""marca"":""Click Forte"",""tipo"":""Organizador""}",Click Forte,,,,Organizador,,,,,,,,,Click Forte,Mdp,1,Branco,Auxiliar,2,1,Sim,Rodinhas,Madeira,Não informado,"Gavetões com corrediças metálicas, Rodinhas, Porta com dobradiças metálicas, Prateleira Interna, Puxador em pintura cromadabr","Banheiro, Cozinha, Lavanderia, Escritório, Área de Serviço, Salão de Beleza",AJL,MDP,1 Porta,Branco,,2,Convencional
decorecomamor||118943p,Armário,Porta Fruteira + Tampo Branco De Chão Organizador,"FRUTEIRA ARMÁRIO BALCÃO P/ BEBEDOURO E MICROONDAS<br><br>Para você que procura um móvel que ocupa pouco espaço e que ofereça beleza e praticidade desenvolvemos esse lindo armário, ideal para te ajudar na organização da sua cozinha, dispensa, lavanderia, com 02 portas, 01 Nicho para utensílios domésticos e tem 02 espaços suficientes para armazenarem frutas, legumes etc, além de Rodinhas para facilitar sua locomoção na hora da limpeza do dia a dia.<br><br>Descrição:<br>Material: Madeira<br><br>Medidas: Dimensões (A/L/P):<br><br>ALTURA: 72cm<br>LARGURA: 92cm<br>PROFUNDIDADE: 34cm<br><br><br>2 Portas<br>2 Espaços para Frutas<br>Cores: Tampo superior Preto ou Branco<br>Rodízios - Rodinhas Brancas<br>Acabamento alto brilho<br>Puxadores PVC Cromado<br>Comporta Microondas e Bebedouro","{""cor"":""Branco"",""marca"":""Decore Com Amor"",""material_da_estrutura"":""Madeira""}",Decore Com Amor,Madeira,,Branco,,,,,,,,,,Não informado,Madeira,2,Branco,Armário,Não informado,Não informado,Não informado,Rodízios - Rodinhas Brancas,Madeira,Não informado,Nicho para utensílios domésticos,"Cozinha, Dispensa, Lavanderia",Decore com Amor,Madeira,2 Portas,Branco,,,Convencional
panoramamoveis||87976,Armário,Armário Multiuso Malta 2 Portas 5 Prateleiras Imbuia Rústico - Panorama Móveis,"Descrição:<br><br>O(a) Armário Multiuso Malta 2 Portas 5 Prateleiras Imbuia Rústico - Loja é produzido em MDP na escala de brilho Impressão UV, e possui um grau de dificuldade de montagem: Médio.<br>Seu revestimento/acabamento é: Pintura UV.<br><br><br>Infelizmente a Loja não oferece serviço de montagem, deixamos essa informação bem clara em todas as nossas páginas de produto.<br>Onde especificamos que os móveis chegarão desmontados, e que a montagem fica por conta do cliente.<br><br><br><br>Como não oferecemos esse serviço não embutimos o mesmo no preço dos produtos, ou seja, maior economia para você!<br>Todos os nossos móveis também acompanham o manual de montagem, e caso você queira, pode realizar a montagem você mesmo, sempre especificamos os graus de montagem dos produtos.<br><br><br><br>Nos casos de grau baixo e médio, com pouco ou nenhum conhecimento, você mesmo pode efetuar a montagem, e fazer essa economia.<br>Apenas nos graus de montagem alto, recomendamos a contratação de um montador com experiência, visto que são montagens mais complicadas.<br> A montagem é feita com Parafusos, cavilhas e Minifix.. <br><br><br><br>Este móvel é indicado para que seja utilizado no(a) Quarto, dando um toque especial no cômodo de sua casa.<br> Para que você mantenha seu produto sempre em ótimo estado, recomendamos que use apenas um pano seco ou levemente umedecido, <br>sem o uso de quaisquer produtos abrasivos.<br><br><br><br>A Loja garante aos clientes, 90 dias de garantia nos produtos, porém, recomendamos que entre em contato com o fornecedor/marca do produto, pois o mesmo(a), pode garantir um prazo maior de garantia.<br><br><br><br>Lembrando ainda que: quaisquer objetos decorativos que aparecem nas imagens, não acompanham o produto. <br>!<br><br>Características:<br><br>- Material da Estrutura: MDP<br>- Necessita de Montagem: Sim<br>- Como os Móveis Chegarão na Minha Casa: Desmontado em caixas, acompanhado de todas as peças, ferragens e manuais para montagem.<br>- Grau de Dificuldade da Montagem: Médio<br>- Sistema de Montagem: Parafusos, cavilhas e Minifix.<br>- Quantidade de Prateleiras: 5<br>- Peso Suportado nas Prateleiras (kg): 5<br>- Material das Dobradiças: Metálica<br>- Observação: Objetos decorativos que aparecem nas imagens, não acompanham o produto.<br>- Recomendação de Manutenção: Utilizar pano levemente umedecido, seguido de pano seco. Não utilizar quaisquer produtos abrasivos.<br>- Indicação de Uso: Quarto<br>- Garantia (dias): 90<br>- Quantidade de Puxadores: 2<br>- Escala de Brilho: Impressão UV<br>- Pés com regulagem de altura?: Não<br>- Acompanha: Armário Multiuso<br>- Quantidade de Pés/Sapatas: 4<br>- Possui Borda de PVC nas Bordas?: Não<br>- Revestimento /Acabamento: Pintura UV<br>- Quantidade de Portas: 2<br>- Tipo de Porta: Portas de Bater<br>- Material das Dobradiças: Metálica<br>- Material do Puxador: Plástico<br>- Material da Porta: MDP<br>- Espessura da Porta: 15 mm<br>- Quantidade de Prateleiras: 5<br>- Peso Suportado nas Prateleiras:: 5 Kg<br>- Montagem Invertida?: Não Pode ser Montado Invertido<br>- Possui Sapatas?: Não<br>- Possui Suporte Para Vassoura: Não<br>- Possui Rodízios: Não<br>- Possui Rodízios?: Não<br>- Possui Espelho?: Não<br>- Possui Vidro?: Não<br>- Espessura da Estrutura: 12mm/ 15mm<br>- Possui Gavetas?: Não<br>- Possui Portas?: Sim<br>- Possui Prateleiras?: Sim<br>- Possui Puxadores?: Sim<br>- Possui Pés?: Sim<br>- É frágil?: Não<br>- Possui Ripamento?: Não<br>- Possui Chave?: Não<br>- Material dos Pés: Plástico<br>- Acompanha Manual de Montagem: Sim<br><br><br>Dimensões:<br><br>- Altura: 190,00 cm<br>- Largura: 60,50 cm<br>- Profundidade: 40,00 cm<br>- Peso: 36,000 kg","{""cor"":""Marrom"",""quantidade_de_portas"":""2 Portas"",""tipo"":""Multiuso""}",,,2 Portas,Marrom,Multiuso,,,,,,,,,Panorama Móveis,MDP,2,Imbuia,Multiuso,Não informado,5,Não informado,Não informado,MDP,Rústico,Não informado,Quarto,Panorama Móveis,MDP,2 Portas,Marrom,,,Convencional
doshermanos||4771p,Armário,Armário Para Produtos De Beleza Cosméticos Banheiro,"<br>Floreira Para Cultivo tipo Caixote<br><br>Se você é apaixonado por flor, gosta de vasinhos de suculentas e cultivo e esta querendo dar uma melhorada em seu ambiente, você encontrou o produto certo.<br><br>A floreira serve para o cultivo direto ou abrigar seus vasos individuais ou em floreira única, serve para suculentes ou outras plantas pequenas de sua preferencia, além de ser o jeito ideal para quem tem pouco espaço, para embelezar sua sala, sua varanda ou sua sacada..<br><br>Altura: 95.00 cm<br><br>Largura: 60.00 cm<br><br>Distancia entre as Prateleiras: 32cm<br><br>Dimensões dos caixotes:<br><br>1o Caixote<br><br>Largura -50cm<br><br>altura -8cm<br><br>Profundidade - 20cm<br><br>2o Caixote<br><br>Largura - 50cm<br><br>altura - 8cm<br><br>Profundidade - 29cm<br><br>3o Caixote<br><br>Largura -50cm<br><br>altura - 8cm<br><br>Profundidade - 37cm<br><br>Produto enviado montado.<br>",{},,,,,,,,,,,,,,Não informado,Não informado,Não informado,Não informado,Para Produtos De Beleza Cosméticos,Não informado,Não informado,Não informado,Não informado,Não informado,Não informado,Não informado,Banheiro,Dos Hermanos,,,,,,
decorecomamor||133875p,Armário,Armário Com Cesto Organizador De Frutas Fruteira Prateleira,"ARMÁRIO MULTIUSO PARA TODA A CASA<br><br>Para você que procura um móvel que ocupa pouco espaço e que ofereça beleza e praticidade desenvolvemos este lindo armário, ideal para te ajudar na organização da sua cozinha, dispensa, lavanderia e Banheiro com 01 gaveta espaçosa e 02 espaços suficientes para armazenar livros, maquiagens, frutas, legumes etc<br><br><br><br>Medidas: Dimensões (A/L/P):<br><br>ALTURA: 70cm<br><br>LARGURA: 36cm<br><br>PROFUNDIDADE: 34cm<br><br><br>Características<br><br>Cor: Branco<br><br>1 Gaveta<br><br>2 compartimentos<br><br><br>Acabamento alto brilho<br><br>Puxador PVC Cromado<br><br>Ótima Bancada para Bebedouro ou Maquina de Café<br>","{""cor"":""Branco"",""marca"":""Decore Com Amor"",""quantidade_de_gavetas"":""1 Gaveta""}",Decore Com Amor,,,Branco,,1 Gaveta,,,,,,,,Não informado,Não informado,Não informado,Branco,Multiuso,1,2,Sim,"Cesto Organizador De Frutas, Fruteira",Não informado,Não informado,Puxador PVC Cromado,"Cozinha, Dispensa, Lavanderia, Banheiro",Decore com Amor,,,Branco,,1,
madeiramadeira-openapi||535422,Armário,Armário Aéreo de Cozinha 2 Portas de Vidro 1 Prateleira Gourmet Itatiaia,"O Armário Aéreo é a escolha certa pasa sua cozinha. Otimizando espaço e auxiliando na hora da organização. Com um design unico e diferenciado, com 2 portas de vidro com puxadores de aluminio, usado geralmente para armazenamento de copos, taças e pratos.","{""marca"":""Itatiaia""}",Itatiaia,,,,,,,,,,,,,Itatiaia,Não informado,2 Portas,Não informado,Aéreo,Não informado,1 Prateleira,Gourmet,Não informado,Vidro,Não informado,Puxadores de Alumínio,Cozinha,Itatiaia,MDP,2 Portas,Bege,Aéreo,,Convencional
ttcomercioeletronico||1638615,Armário,Armario Alto 02 Portas P25 Pandin Noce Naturale e Preto  1.60 M,"<strong>EAN: 1000016386159</strong><br><br><strong>Código: 1638615</strong><br><br><strong>DESCRIÇÃO COMPLETA</strong><br><br><strong>PRODUTO ENTREGUE DESMONTADO. Armário Alto com duas portas da Linha P25 PANDIN.</strong><br><br><strong>Segue as exigências da NR-17.</strong><br><br><strong>IMPORTANTE PARA VOCÊ</strong><br><br><strong>Passar um pano levemente umedecido com água ou detergente neutro e em seguida um pano seco para as limpezas do dia a dia.</strong><br><br><strong>Nunca use produtos abrasivos, como saponáceos, esponja de aço, escova com cerdas duras, entre outros.</strong><br><br><strong>Evitar expor utilizar os produtos em ambientes com alta umidade, exemplo: câmaras frias, saunas e áreas molhadas.</strong><br><br><strong>Não armazenar produtos corrosivos, exemplo: ácido, cloro etc.</strong><br><br><strong>FICHA TÉCNICA</strong><br><br><strong>Medidas (A x L x P): 158 cm x 80 cm x 40 cm.</strong><br><br><strong>Cor: Noce Naturalle e Preto</strong><br><br><strong>COMPOSIÇÃO</strong><br><br><strong>Confeccionado em MDP BP fabricado através de partículas de madeira com resinas sintéticas.</strong><br><br><strong>Fechadura cilíndrica Tipo Yale com sistema articulado contendo 02 chaves. Puxadores em polietileno tipo concha.</strong><br><br><strong>Pés: tipo octogonal com espessura de 5mm de poliestireno com regulagem que permite a regualgem quando há desnível do piso, facilitando assim o manuseio do produto.</strong><br><br><strong>Dobradiças: alta com travas plásticas com garras que se travam a porta de aço.</strong><br><br><strong>GARANTIA</strong><br><br><strong>12 meses contra qualquer defeito de fabricação.</strong><br><br>","{""cor"":""Noce"",""marca"":""Pandin"",""material_da_estrutura"":""MDP""}",Pandin,MDP,,Noce,,,,,,,,,,Pandin,MDP,2,Noce Naturalle e Preto,Alto,Não informado,Não informado,Não informado,Não informado,MDP,Não informado,"Fechadura cilíndrica Tipo Yale com sistema articulado contendo 02 chaves, Puxadores em polietileno tipo concha, Pés tipo octogonal com espessura de 5mm de poliestireno com regulagem que permite a regualgem quando há desnível do piso facilitando assim o manuseio do produto, Dobradiças alta com travas plásticas com garras que se travam a porta de aço",Não informado,Pandin,MDP,2 Portas,"[Noce Naturale, Preto]",,,Convencional
diplomatamoveis||32879,Armário,Kit Armário de Cozinha Ambiente 5322 Branco Flex - Araplac,"Kit Armário de Cozinha Ambiente 5322 Branco Flex - Araplac<p>Pensando em facilitar seu dia a dia na cozinha, a Araplac desenvolveu essa linda linha com um design super especial e que temos o prazer de apresentar a vocês, a Cozinha modelo 5322 conta com amplo espaço interno para maior praticidade e organização de seus utensílios, e vem também com uma novidade exclusiva da Araplac. Suas portas são flex e com sistema pivotante, essa novidade vem acompanhada de vários benefícios a você: melhora a qualidade e durabilidade do produto, é livre de dobradiças, proporcionam maior claridade e entrada de ar, tudo isso sem deixar a modernidade de lado. Produto flex conta com 2 opções de cores sendo escolhido na hora da montagem entre Branco e Branco Café tornando seu ambiente ainda mais elegante e sofisticado. Essa opção é ideal para você que procura por móveis compactos e que não ocupam muito espaço. Você não pode ficar de fora dessa, aproveite e garanta já a sua!</p><p>Características Técnicas:<br> - Desenvolvido em MDP<br> - Pintura e acabamento na cor Branco <br> - Produto flex, podendo ser montado nas cores:<br> Branco<br> Branco/Café<br> - Possui 05 portas com sistema Pivotante<br> - 03 Gavetas com corrediças metálicas, que deslizam livres de enrosco<br> - Puxadores na cor Bronze<br> - Prateleiras para maior organização<br> - 03 Nichos Porta condimentos<br> - Espaço para Micro-ondas ou Forno Elétrico<br> - Kit 06 pés em PVC reguláveis<br> - Amplo espaço interno e maior praticidade<br> - Lindo design</p><p>Dimensões:<br> Altura: 188 cm<br> Largura: 120 cm<br> Profundidade: 50 cm</p><p>Obs: Não realizamos a montagem, porém acompanha manual de instruções.</p>","{""marca"":""Araplac""}",Araplac,,,,,,,,,,,,,Araplac,MDP,5,Branco,Cozinha,3,Não informado,Sim,"Puxadores na cor Bronze, 03 Nichos Porta condimentos, Espaço para Micro-ondas ou Forno Elétrico, Kit 06 pés em PVC reguláveis",MDP,Moderno,"Portas com sistema Pivotante, Corrediças metálicas, Puxadores, Prateleiras, Nichos, Pés",Cozinha,Araplac,MDP,5 Portas,Branco,,3,Convencional
barrocartemoveisrusticos||2188,Armário,Armário Rústico Araucária em Madeira de Demolição - Cód 2188,"<p>Armário produzido em madeira maciça de demolição, material característico pela qualidade, durabilidade e resistência. Com acabamento em cera, o móvel é ideal para quem busca a junção de praticidade e beleza. Além de funcional, seu visual é capaz de imprimir muito charme e leveza à composição do ambiente. Aposte nessa ideia, afinal, quando encontramos o equilíbrio perfeito entre funcionalidade e estética alcançamos a essência do design!</p><p>Dimensões:</p><p>Comprimento = 1,00m</p><p>Altura = 1,90m</p><p>Profundidade = 0,40m</p><p><br></p><p>OBS: O ARMÁRIO VAI SEM VIDROS. Item fabricado na madeira de demolição peroba rosa com acabamento em cera. As imagens são reais do produto, porém como a matéria prima é a madeira, cada peça terá seus veios e características únicas. Por ser um produto rústico, a peça pode apresentar marcas profundas naturais, marcas de furos de pregos, restos de tintas, frisos de madeira já trabalhada, demonstrando que está adquirindo um verdadeiro móvel em madeira de demolição. Tais imperfeições caracterizam a madeira de demolição e não se qualificam como defeito. </p><p><br></p><p><br></p><p>É importante lembrar, que são produtos artesanais, portanto nenhuma peça fica 100% igual a outra.</p><p>Para utilização em áreas molhadas ou externas, recomenda-se aplicação de Stain impregnante ou algum tipo de verniz impermeabilizante, pois somente na cera, o móvel não fica protegido dos intempéries, além de manchar com qualquer respingo de água. Realizar a manutenção à cada 03 meses ou sempre que julgar necessário.</p>","{""cor"":""Demolição"",""material_da_estrutura"":""Madeira""}",,Madeira,,Demolição,,,,,,,,,,Araucária,Madeira de Demolição,Não informado,Não informado,Rústico,Não informado,Não informado,Não informado,Não informado,Madeira maciça,Rústico,Não informado,Não informado,Barrocarte,Madeira,2 Portas,Demolição,,4,Convencional
lojadiretomoveis||4610,Armário,Armário para Cozinha 15 cm 1 Porta Lis Luciane Móveis,"Armário para Cozinha 15 cm 1 Porta Lis Luciane Móveis<br> O Armário de 15cm 1 Porta Lis foi desenvolvido aliando beleza e praticidade na organização de sua cozinha. Conta com 1 porta de bater, puxador perfil alumínio prata e dobradiças reforçadas com amortecimento . Perfeito para sua cozinha. <br> <br> Características:<br> Corpo/Caixaria: MDP Legno Crema FF.<br> Frontais: MDP - BP. <br> Dobradiças: 0,35 mm Slow motion.<br> Puxadores: Perfil Alumínio Prata.<br> Portas: 1<br> Prateleiras: 1<br> <br> Dimensões do produtos:<br> Altura: 75 cm<br> Largura: 15 cm<br> Profundidade: 36,5 cm<br> Peso: 8,6 kg<br> <br> Garantia de 3 meses direto do fabricante","{""marca"":""Luciane""}",Luciane,,,,,,,,,,,,,Luciane Móveis,MDP,1,Não informado,Cozinha,Não informado,1,Não informado,Não informado,MDP,Lis,"Dobradiças 035 mm Slow motion, Puxadores Perfil Alumínio Prata",Não informado,Luciane Móveis,MDP,1 Porta,"[Legno Crema, Preto]",,,Convencional
t2adecora||123462277p,Armário,Armario de Cozinha Suspenso 2 Portas 80x33cm Lile Rimo Carvalho/Fendi,"A linha de móveis 'Lile' para cozinha combina funcionalidade e estilo, oferecendo armários espaçosos, gavetas e prateleiras ajustáveis para facilitar a organização. Com um design moderno e acabamentos elegantes, os móveis 'Lile' são perfeitos para otimizar o espaço e criar uma atmosfera convidativa em sua cozinha.","{""material_da_estrutura"":""Carvalho"",""tipo"":""Suspenso""}",,Carvalho,,,Suspenso,,,,,,,,,Rimo,Não informado,2 Portas,CarvalhoFendi,Suspenso,Não informado,Não informado,ajustáveis,Não informado,Não informado,Moderno,gavetas e prateleiras,Cozinha,Móveis Rimo,,2 Portas,"[Carvalho, Fendi]",Suspenso,,Convencional
madeiramadeira-openapi||204877,Armário,Armário de Cozinha 8 Portas 2 Gavetas e Fruteira Lírio CHF Branco/Caramelo,"Deixe a sua cozinha ainda mais linda com este Armário Lírio! Perfeito para o seu lar, ele conta com 8 portas e prateleira para colocar enfeites, porcelanas ou até mesmo vasos. Decore do jeito que quiser, e com a cor que quiser, pois ele é neutro e permite muitas criações! Feito em MDP, que é clean e que vai combinar com os outros móveis, ele é o que você tanto procurava!","{""cor"":""Branco,Caramelo"",""drawer"":""2 gavetas"",""marca"":""CHF Móveis"",""material_da_estrutura"":""MDP"",""quantidade_de_portas"":""8 portas"",""tipo"":""Fruteira""}",CHF Móveis,MDP,8 portas,"Branco,Caramelo",Fruteira,,,,,,,,,Lírio,MDP,8 Portas,BrancoCaramelo,Cozinha,2 Gavetas,Não informado,Sim,Fruteira,Não informado,Não informado,Não informado,Não informado,,,,,,,
naymulticoisastray||23024,Armário,Armário Alto ME4137 Aberto Branco - Tecno Mobili,"<p> Descrição do Produto: <br> Armário Alto ME4137 Aberto Branco - Tecno Mobili é ideal para um ambiente de trabalho ou em qualquer lugar que deseja manter uma excelente organização, conta com prateleiras espaçosas para armazenar o que quiser e deixar tudo na mais perfeita ordem! Sua função é facilitar ainda mais o seu dia-a-dia, além de acomodar seu objetos com estilo! Quer manter uma boa organização? Então não perca tempo.<br> <br> Especificações: <br> - Estrutura MDP 15mm <br> - Acabamento em BP<br> - Quatro Prateleiras <br> - Acompanha manual e todos os acessórios para montagem<br> - Recomendamos que a montagem seja feita por um profissional<br> - Limpeza: Utilizar somente pano úmido e sabão neutro<br> <br> Obs: Capacidade até 5Kg cada prateleira<br> <br> Dimensão do Produto (L x A x P): <br> 60 x 138 x 31,5cm<br> <br> Peso do Produto: <br> 19,8Kg<br> <br> Volume: <br> - 01 Unidade<br> <br> Observações importantes: <br> - As imagens são meramente ilustrativas e não acompanham objetos de decoração e eletros.<br> - Pode haver alguma diferença de tonalidade entre a imagem e o produto, por conta do tratamento de imagens e a calibração de cores da sua tela.<br> - Todos os nossos produtos são enviados devidamente embalados e com total segurança.<br> - Ao receber o produto o cliente deve verificar as condições da embalagem, havendo alguma avaria não assine o comprovante de recebimento, entre em contato com a loja para orientações.<br> - A nossa loja se responsabilizará pela entrega dos produtos adquiridos até a porta de entrada ou portaria do endereço indicado.<br> - Não nos responsabilizamos, no ato da entrega, por montagens, desmontagens e instalações de produtos, bem como, por subir ou descer escadas/elevadores ou pela utilização de guinchos ou equipamentos similares para acesso a pisos superiores em apartamentos, casas ou escritórios. Estas despesas adicionais serão de responsabilidade do cliente.<br> - Confira as dimensões do produto no momento da compra e certifique-se de que passará normalmente por elevadores, portas, escadas e/ou corredores, evitando assim futuros desagrados ou imprevistos com a entrega do produto. </p>","{""cor"":""Branco"",""marca"":""Tecno Mobili""}",Tecno Mobili,,,Branco,,,,,,,,,,Tecno Mobili,MDP,Não informado,Branco,Aberto,Não informado,Quatro,Não informado,Acompanha manual e todos os acessórios para montagem,MDP,Não informado,Não informado,Não informado,,,,,,,
ajl||52825p,Armário,Armário De Chão Sem Gaveteiro Sem Portas Suporte De Micro-ondas,"<br>MESA BANCADA MULTIUSO MANICURE ESCRIVANINHA PENTEADEIRA<br><br><br>DESCRIÇÃO:<br><br>Medidas: Dimensões (A/L/P):<br><br><br>ALTURA: 77cm<br>LARGURA: 70cm<br>PROFUNDIDADE: 30cm<br><br>Características<br><br>Material mdp<br>Cor: branco<br><br>Pode ser utilizado como mesa para manicures unha em gel em salão de beleza, cabeleireiro..<br><br>Mesa aparador, Penteadeira, mesa escrivaninha estudos, para quartos entre outros.<br><br>Enviamos pré montada ,com manual de instruções para montagem que é muito simples e fácil;<br><br><br><br>FOTOS REAIS DO PRODUTO<br><br>Aproveite esse Super Preço Promocional, Temos poucas Unidades<br><br><br>IRÁ COM GARANTIA<br>IRÁ COM NOTA FISCAL","{""cor"":""Branco"",""material_da_estrutura"":""MDP""}",,MDP,,Branco,,,,,,,,,,Não informado,mdp,0,branco,Armário De Chão,0,Não informado,Não informado,Não informado,mdp,Não informado,Não informado,Não informado,AJL,MDP,,Branco,,,
acostaricacolchoes||33357P6485,Armário,Armário Aéreo p/ Cozinha  Hibisco c/ 1 Porta Basculante Grafite/Branco - Telasul,"<strong>Armário Aéreo p/ Cozinha Hibisco c/ 1 Porta Basculante Grafite/Branco - Telasul</strong><br> <br> Marca: <strong>Telasul</strong><br> Linha/Moelo: <strong>Telasul</strong><br><br>Dimensões(Cm): Comprimento(Profundidade): 31,5 x Largura: 80 x Altura: 43<br> <br> <strong>CARACTERÍSTICAS DE MÓVEIS</strong><br> <strong>Tipo de Estrutura do Móvel</strong><br> - MDF/MDP<br> <strong>Tipo de Pintura</strong><br> - UV<br> <strong>Tipo de Acabamento da Pintura</strong><br> - Semi Brilho<br> <strong>Características de móveis</strong><br> - Armário Aéreo<br> <strong>Tipo de puxador</strong><br> - Alumínio Escovado<br> <strong>Quantidade de Gavetas</strong><br> - 0<br> <strong>Quantidade de Portas</strong><br> - 1<br> <strong>Garantia</strong><br> - 3<br> <br> <strong>BENEFÍCIOS DE MÓVEIS</strong><br> <strong>Certificação de Qualidade de Móveis</strong><br> - Qualidade Aprovada<br> <br> <br> <strong> Não nos responsabilizamos pela montagem/instalação dos produtos.</strong><br> <strong>Todas as informações divulgadas são de responsabilidade exclusiva do fabricante/fornecedor. </strong><br> <strong>Imagens Meramente Ilustrativas.</strong><br> <strong>Verifique com os fabricantes do produto e de seus componentes eventuais limitações à utilização de todos os recursos e funcionalidades.</strong>","{""cor"":""Grafite"",""marca"":""Telasul"",""material_da_estrutura"":""MDF, MDP"",""quantidade_de_portas"":""1 Porta"",""tipo"":""Aéreo, Basculante""}",Telasul,"MDF, MDP",1 Porta,Grafite,"Aéreo, Basculante",,,,,,,,,Telasul,MDFMDP,1,GrafiteBranco,Aéreo,0,Não informado,Não informado,Não informado,Não informado,Não informado,Não informado,Cozinha,Telasul,"[MDF, MDP]",1 Porta,"[Grafite, Branco]",Aéreo,,Basculante
ebomdecomprar||25677,Armário,Armário Aéreo 2 Portas com Vidro C366 Americana Henn,"Armário Aéreo com duas portas com vidro desenvolvida em material MDF, tem a possibilidade de completar sua cozinha modulada.<br> <br> <br> Características:<br> Estrutura MDF <br> 2 Portas com vidro<br> Prateleiras<br> Puxador<br> Dobradiças de 35 mm com amortecimento<br> <br> <br> Dimensões:<br> Altura: 83 cm<br> Largura: 80 cm<br> Profundidade: 32,5 cm<br> Peso: 23 Kg<br> <br> Garantia do fornecedor de 3 meses.","{""marca"":""Henn"",""tipo"":""Aéreo""}",Henn,,,,Aéreo,,,,,,,,,Americana Henn,MDF,2,Não informado,Aéreo,Não informado,Não informado,Sim,Vidro,MDF,Não informado,"Puxador, Dobradiças de 35 mm com amortecimento",Cozinha,Henn,MDF,2 Portas,Branco,Aéreo,,Convencional
casaseleta||20285,Armário,Armario Cozinha 6 Portas e 1 Gaveta Carol,"<p>Marca: Poliman Móveis;</p> <p>Linha: Cozinha;</p> <p>Modelo: Carol;</p> <p>Altura: 175 cm;</p> <p>Largura: 91 cm;</p> <p>Profundidade: 38 cm;</p> <p>Material da estrutura: MDP de 12 mm e 15 mm;</p> <p>Acabamento: Pintura UV;</p> <p>Quantidade de portas: 06, sendo 1 com detalhe em vidro;</p> <p>Material de dobradiças: metálicas;</p> <p>Quantidade de gavetas: 01;</p> <p>Material das corrediças: Metálicas;</p> <p>Com puxador: Sim;</p> <p>Material do puxador: Plástico;</p> <p>Quantidade prateleiras: 01;</p> <p>Com pés: Sim, fixo PVC;</p> <p>Peso suportado: 20 kg distribuídos;</p> <p>Requer montagem: Sim (kit montagem incluso);</p> <p>Condição do item: Novo;</p> <p>É kit: Não;</p> <p>Altura da embalagem: 7,2 cm;</p> <p>Largura da embalagem: 60,5 cm;</p> <p>Comprimento da embalagem: 162,6 cm;</p> <p>Peso: 35,900kg;</p> <p>Embalagem do envio: Papelão e plástico;</p> <p><br>Informações adicionais:</p> <p>Os objetos que ambientam as fotos não acompanham o produto;</p> <p>O produto será entregue desmontado;</p> <p>É de inteira responsabilidade do cliente a montagem do produto e/ou instalação, custos de transporte por escadas e/ou elevadores, guincho ou içamento, assim como possíveis irregularidades provenientes de manuseio inadequado;</p> <p>Embora o produto acompanhe o manual de montagem, verifique a complexidade antes de decidir montá-lo sozinho, recomendamos que contrate um profissional de sua confiança;</p> <p>Fique atento, nossas cores podem sofrer alterações dependendo do seu monitor;</p> <p>ANTES DE MONTAR O SEU PRODUTO, certifique-se que todas as instruções dispostas no manual, bem como todas as ferragens descritas, estejam presentes dentro da embalagem. Verifique se há alguma peça danificada, caso esteja, prestaremos a devida assistência dentro do prazo da garantia.</p>","{""marca"":""Poliman"",""material_da_estrutura"":""MDP"",""quantidade_de_portas"":""6 Portas""}",Poliman,MDP,6 Portas,,,,,,,,,,,Poliman Móveis,MDP de 12 mm e 15 mm,06 sendo 1 com detalhe em vidro,Não informado,Cozinha,1,1,Sim,"Os objetos que ambientam as fotos não acompanham o produto
O produto será entregue desmontado
É de inteira responsabilidade do cliente a montagem do produto e ou instalação custos de transporte por escadas e ou elevadores guincho ou içamento assim como possíveis irregularidades provenientes de manuseio inadequado
Embora o produto acompanhe o manual de montagem verifique a complexidade antes de decidir montá-lo sozinho recomendamos que contrate um profissional de sua confiança
Fique atento nossas cores podem sofrer alterações dependendo do seu monitor
ANTES DE MONTAR O SEU PRODUTO certifique-se que todas as instruções dispostas no manual bem como todas as ferragens descritas estejam presentes dentro da embalagem Verifique se há alguma peça danificada caso esteja prestaremos a devida assistência dentro do prazo da garantia",Não informado,Não informado,Não informado,Não informado,Poliman Móveis,MDP,6 Portas,Branco,,1,Convencional
decorecomamor||116883p,Armário,Balcão Armário 1 Porta Produtos Cabelo Pele Uten.,"ARMÁRIO BALCÃO GAVETEIRO MULTIUSO 2 GAVETAS COM RODINHAS<br><br><br>Balcão modulado para compor os móveis de sua Cozinha, Lavanderia, Escritório, Área de Serviço, Salão de Beleza..<br><br>Para você que procura um móvel que ocupa pouco espaço e que ofereça beleza e praticidade ideal para te ajudar na organização da sua cozinha, dispensa, lavanderia, com 02 gavetas espaçosas, 01 porta e com 01 prateleira interna, espaços suficientes para armazenarem seus utensílios domésticos, materiais de limpeza, etc, além de Rodinhas para facilitar sua locomoção na hora da limpeza do dia a dia.<br><br>Medidas:<br><br>Altura: 86cm<br><br>Largura: 36cm<br><br>Profundidade: 35cm<br><br><br>-Produto compacto e com os espaços bem distribuídos<br>-2 Gavetões com corrediças metálicas<br>-4 Rodinhas de ótima qualidade<br>-1 Porta com dobradiças metálicas e com Prateleira Interna<br>-Puxador em pintura cromada<br>-Pintura UV brilhante<br>-Ótima bancada para Bebedouro, Máquina de Café..<br>-Pode ser usado na Cozinha, Lavanderia, Escritório, diversas partes da casa<br>Cor : Branco","{""cor"":""Branco"",""marca"":""Decore Com Amor"",""quantidade_de_portas"":""1 Porta""}",Decore Com Amor,,1 Porta,Branco,,,,,,,,,,Não informado,Não informado,1,Branco,Balcão,2,1,Interna,Rodinhas,Não informado,Não informado,"Gavetões com corrediças metálicas, Rodinhas de ótima qualidade, Porta com dobradiças metálicas, Prateleira Interna, Puxador em pintura cromada","Cozinha, Lavanderia, Escritório, Área de Serviço, Salão de Beleza",Decore com Amor,,1 Porta,Branco,,2,Convencional
lojajfmoveis||3615233,Armário,Armário para Cozinha Basculante 70 cm 1 Porta Jade Luciane Matriz,"<p>Características:</p><p><br></p><p>Produzido em mdp 15mm</p><p><br></p><p>Corpo/Caixaria: Nogueira Dourado PF</p><p><br></p><p>Frontais: Verde Jade BP</p><p><br></p><p>Dobradiças: Metálicas 35mm</p><p><br></p><p>Pistão a gás de 50N</p><p><br></p><p>Puxadores: Gola Inox</p><p><br></p><p>Portas: 1</p><p><br></p><p><br></p><p>Dimensões do produto:</p><p><br></p><p>Altura: 37,5 cm</p><p><br></p><p>Largura: 70 cm</p><p><br></p><p>Profundidade: 36,5 cm</p><p><br></p><p>Peso: 12,1 kg</p><p><br></p><p><br></p><p>Garantia de 3 meses direto do fabricante.</p><p><br></p><p><br></p><p><br></p><p>PERGUNTAS FREQUENTES</p><p><br></p><p><br></p><p>1 – O produto é novo ou usado?</p><p><br></p><p>R.: Todos os nossos produtos são novos, enviados de nossos fornecedores diretamente para as casas de nossos clientes.</p><p><br></p><p><br></p><p>2 – O produto vem montado? Se não, vocês realizam a montagem?</p><p><br></p><p>R.: Todos nossos produtos acompanham seus respectivos manuais de montagem e instalação, que são simples e fáceis de serem seguidos, portanto não oferecemos a montagem.</p><p><br></p><p><br></p><p>3 – Vocês possuem loja física? Posso retirar meu produto em mãos? Vocês realizam pronta entrega?</p><p><br></p><p>R.: Não trabalhamos com loja física, apenas loja virtual. Nos comprometemos em cumprir a entrega na data combinada no ato da compra e trabalhamos ao máximo para que seja entregue o quanto antes.</p><p><br></p><p><br></p><p>4 – Vocês entregam no Brasil inteiro? Como é feita a entrega?</p><p><br></p><p>R.: Sim, entregamos no Brasil inteiro! A entrega é feita por nossas transportadoras parceiras.</p><p><br></p><p><br></p><p>5 – Vocês fazem agendamento de entregas?</p><p><br></p><p>R.: Infelizmente não, temos um prazo de entrega baseado na localização de nossos fornecedores e no CEP de destino. Nos comprometemos na entrega dentro do prazo limite.</p><p><br></p><p><br></p><p>6 – O produto acompanha Nota Fiscal.</p><p><br></p><p>R.: Sim, os produtos são entregues com suas respectivas notas fiscais.</p><p><br></p><p><br></p><p>7 – Qual é o horário de atendimento de vocês?</p><p><br></p><p>R.: Nosso horário de atendimento é de segunda à sexta-feira, das 8 até às 18h (exceto feriados).</p><p><br></p><p><br></p><p>8 - Os produtos possuem garantia?</p><p><br></p><p>R.: Sim, A J&amp;F Móveis oferece 3 meses de garantia para defeitos de fabricação.</p><p><br></p><p><br></p><p><br></p><p><br></p><p>Aviso: Imagem meramente ilustrativa. Decoração e eletros não acompanham o produto. A tonalidade de cor pode variar entre peças diferentes. Além disso, a percepção das cores do produto pode ser um pouco diferente da mostrada na foto do anúncio em função da luminosidade do ambiente, calibração do monitor ou aparelho usado para visualização da foto.</p><p><br></p><p><br></p><p>A J&amp;F Móveis se responsabilizará pela entrega dos produtos adquiridos até a porta de entrada ou portaria do endereço indicado. Esclarecemos que não nos responsabilizamos por montagens, desmontagens e instalações, ficando assim sob responsabilidade do cliente. Confira as dimensões do produto no momento da compra e certifique-se de que o item passará normalmente por elevadores, portas, escadas e/ou corredores, evitando assim futuros desagrados ou imprevistos com a entrega.</p>","{""marca"":""Luciane"",""material_da_estrutura"":""MDP"",""quantidade_de_portas"":""1 Porta""}",Luciane,MDP,1 Porta,,,,,,,,,,,Luciane Matriz,MDP,1,Jade,Basculante,Não informado,Não informado,Não informado,Pistão a gás de 50N,MDP,Não informado,Dobradiças Metálicas 35mm,Cozinha,Luciane Móveis,MDP,1 Porta,"[Nogueira, Verde Jade]",Aéreo,,Basculante
madesamoveis||GRGM26000373,Armário,Armário de Cozinha Completa 100% MDF 260cm Branco/Preto Acordes Madesa 03,"<p>A Cozinha Completa Acordes da Madesa se destaca por seu conforto e visual moderno. É a escolha perfeita para renovar a sua casa.<br><br>Um dos grandes destaque é a fabricação em 100% MDF, proveniente de florestas renováveis. Além disso, é composta por itens de qualidade, como puxadores em alumínio, dobradiças metálicas e corrediças telescópicas.<br><br>É uma cozinha planejada e totalmente personalizável, já você pode organizar as peças conforme desejar no seu ambiente.<br><br>O espaço interno dos armários e balcões é super bem dividido e espaçoso, ideal para organizar toda a parte de louça, panelas, eletros e mantimentos.<br><br>O balcão maior possui espaço para pia de inox ou pedra no tamanho de 120 x 52 cm. O balcão de 60 cm acompanha tampo, que pode ser recortado para a instalação de cooktop.<br><br>Para completar, os são pés reguláveis em PVC e rodapé removível em MDF, com encaixe fácil para retirar na hora da limpeza.<br><br>O acabamento da estrutura é branco fosco e as portas e frentes são em preto. É feito em Pintura Poliéster ecológica de alta resistência, que confere maior durabilidade e durabilidade ao móvel e oferece proteção contra os efeitos da água e do calor.<br><br>Medidas totais:<br>- 210 cm de altura<br>- 260 cm de largura<br>- 52 cm de profundidade nos módulos inferiores e 31 cm nos aéreos<br><br>Itens inclusos:<br>- Um (1) Aéreo de 120 cm com duas (2) portas<br>- Um (1) Balcão de Pia de 120 cm com duas (2) portas (Não acompanha tampo.)<br>- Um (1) Aéreo de 60 cm com uma (1) porta<br>- Um (1) Balcão de 60 cm com três (3) gavetas e tampo<br>- Um (1) Aéreo de 80 cm com uma (1) porta basculante<br><br>Código do produto: GRGM26000373<br><br>Obs.:<br>- As imagens são meramente ilustrativas, os eletros e a decoração não acompanham o produto<br>- A Madesa não disponibiliza serviço de montagem<br>- O produto segue com manual e todas as ferragens necessárias para a instalação<br><br>1 O produto vem montado? Se não, vocês realizam a montagem?<br>R.: A Madesa não disponibiliza serviço de montagem. Todos os produtos seguem com manual de instalação e as ferragens necessárias. Alguns produtos possuem vídeo explicando o passo a passo da montagem.<br><br>2 Vocês possuem loja física? Posso retirar meu produto em mãos?<br>R.: Não possuímos loja física, apenas loja virtual. Confira as opções de envio ao colocar o seu CEP.<br><br>3 Qual é o valor do envio? Posso pagar separadamente?<br>R.: O valor do envio é calculado com base no peso e volume do produto, e no CEP de destino. Você pode calcular o valor e prazo de entrega no simulador.<br><br>4 A Madesa entrega em todo Brasil? Como é feita a entrega?<br>R.: Sim, entregamos no Brasil inteiro através de transportadoras parceiras.<br><br>5 Os produtos possuem garantia?<br>R.: Sim. A Madesa oferece 3 meses de garantia para defeitos de fabricação.</p>","{""material_da_estrutura"":""MDF""}",,MDF,,,,,,,,,,,,Madesa,MDF,3,BrancoPreto,Cozinha Completa,3,Não informado,Não informado,"Pés reguláveis em PVC, rodapé removível em MDF","Alumínio, metálico, telescópicas",Moderno,"Puxadores, dobradiças, corrediças",Cozinha,Madesa,MDF,6 Portas,"[Branco, Preto]",,3,"[Convencional, Basculante]"
pz3online||0000085564,Armário,Estante Livreiro 1 Porta 2 Gavetas Estilo Industrial Chess F04 Preto/Solanum - Mpozenato,"A jornada diária de trabalho ou estudos com certeza necessita de um espaço exclusivo oferecendo a organização e eficácia necessária para um dia produtivo. Pois é nessa hora que a Mpozenato pode te ajudar, com móveis que além de transformar o ambiente, possam auxiliar na rotina. Portanto, conheça a <strong>Estante Livreiro Chess</strong>!!<br><br><br><br>Se você gosta do objetivo e funcional, a <strong>estante livreiro</strong> é a personificação desse conceito! Ela possui estrutura em MDP e MDF de qualidade, com acabamento em pintura BP fosco que além de garantir durabilidade e resistência o produto, ainda contribui para um design moderno no <strong>estilo industrial</strong>! Inclusive, conta com 8 prateleiras formando nichos para colocar seus objetos, 2 gavetas de corrediças telescópicas e 1 porta basculante! Me diz, essa <strong>estante</strong> é um complemento imperdível né?<br><br><br><br>Então o que está esperando? Corre garantir o seu!!<br><br><br><br>Ah, aproveite para conferir os modelos da linha Chess e monte o <strong>Home Office</strong> perfeito para você!<br><br><strong>Dimensões do Produto:</strong><br><br><strong>Largura:</strong> 140 cm.<br><br><strong>Altura:</strong>183 cm.<br><br><strong>Profundidade:</strong> 36 cm.<br><br><strong>Peso:</strong> 73 Kg.<br><br><br><br><strong>Características do Produto:</strong><br><br><strong>Material da Estrutura:</strong> MDP.<br><br><strong>Peso Suportado:</strong> 5 Kg por prateleira.<br><br><strong>Acabamento:</strong> Pintura BP.<br><br><strong>Escala de Brilho:</strong>Fosco.<br><br><strong>Possui Portas:</strong> Sim.<br><br><strong>Material da Porta:</strong> MDP.<br><br><strong>Quantidade de Portas:</strong> 1 Porta.<br><br><strong>Tipo de Porta:</strong> Basculante.<br><br><strong>Tipo de dobradiças:</strong> Metálicas.<br><br><strong>Possui Gavetas:</strong> Sim.<br><br><strong>Material da Gaveta:</strong> MDP.<br><br><strong>Quantidade de Gavetas:</strong> 2 Gavetas.<br><br><strong>Tipo de corrediças:</strong> Telescópicas.<br><br><strong>Possui Prateleiras:</strong> Sim.<br><br><strong>Quantidade de Prateleiras:</strong> 8 Prateleiras.<br><br><strong>Possui Pés:</strong> Sim, madeira BP 18mm.<br><br><strong>Possui puxador:</strong> Não.<br><br><strong>Diferenciais:</strong><br><br>- Design moderno.<br><br>- Produto funcional e versátil.<br><br>- Dobradiças com amortecedor.<br><br>- Fixação na parede com cantoneira 3 furos.<br><br>- Kit extra com parafusos e tapa furos incluso na ferragem para fixação de conjuntos.<br><br><strong>Sistema de montagem:</strong> Parafusos/Minifix/Cavilhas.<br><br><strong>Manual de Montagem:</strong> Sim.<br><br><strong>Complexidade da Montagem: </strong>Baixa.<br><br><strong>Volumes: </strong> 4 Volumes.<br><br><strong>Conteúdo da Embalagem: </strong>1 Estante Livreiro.<br><br><strong>Garantia do Fabricante:</strong> 90 dias contra defeito de fabricação.<br><br><strong>Montagem: </strong> Recomendamos que seja feita por um profissional.<br><br><strong>Recomendação de Limpeza: </strong> Utilize pano levemente úmido.<br><br><br><br><strong>Observações importantes: </strong><br><br>- Produto para uso residencial em ambiente interno, não devendo ficar exposto diretamente ao sol, calor e umidades excessivas.<br><br>- Pode haver alguma diferença de tonalidade entre a imagem e o produto real, por conta do tratamento de imagens e a calibração de cores do seu monitor.<br><br>- As imagens são meramente ilustrativas, não acompanham objetos de decoração e eletrônicos.<br><br>- Confira o estado da embalagem, não devendo assinar o comprovante em caso de danos.<br><br>- Não asseguramos, no ato da entrega, por subir escadas/elevadores, pelo transporte por guincho em apartamentos ou montagem, desmontagem e instalações. Eventuais despesas são por conta do comprador.<br><br>- Confira as dimensões do produto e certifique-se de que passará normalmente por supostos elevadores, portas, escadas e/ou corredores de sua residência.","{""material_da_estrutura"":""MDF, MDP"",""quantidade_de_gavetas"":""2 Gavetas"",""quantidade_de_portas"":""1 Porta""}",,"MDF, MDP",1 Porta,,,2 Gavetas,,,,,,,,Mpozenato,MDP e MDF,1,Preto,Estante Livreiro,2,8,Não informado,Não informado,MDP,Industrial,Não informado,Não informado,Mpozenato,MDP,1 Porta,"[Preto, Solanum]",,2,Basculante
madeiramadeira-openapi||147620,Armário,Armário 40cm 1 Porta Elis Glamy Madesa Branco/Tirol,"Feito em MDP e MDF, o Armário Elis Glamy Madesa é a peça que irá complementar a decoração da sua cozinha e possibilitará a organização de diversos objetos. Tem 1 porta e 1 prateleira.","{""cor"":""Branco"",""marca"":""Madesa"",""material_da_estrutura"":""MDP"",""quantidade_de_portas"":""1 porta"",""quantidade_de_prateleiras"":""1 prateleira""}",Madesa,MDP,1 porta,Branco,,,1 prateleira,,,,,,,Madesa,MDP e MDF,1,Branco Tirol,Armário,Não informado,1,Sim,Não informado,MDP e MDF,Glamy,"1 porta, 1 prateleira",Cozinha,,,,,,,
casaemobillia||SANTOR-PRET14,Armário,Armario de Cozinha Aereo Santorini Preto Brienza Movelaria,"<p>Lindo e prático , o armário aéreo com ótimo acabamento e excelente espaço interno para você utilizar na cozinha, ou onde mais sua imaginação mandar, graças à versatilidade deste produto. E com suas pra teleiras internas fica muito mais funcional</p><p><br>Tipo De Produto<br>Armario Aereo<br> <br>Material<br>MDP<br> <br>Ambiente De Uso<br>Cozinha/Lavanderia<br> <br>Cor<br>Preto<br> <br>Altura<br>60<br> <br>Largura<br>150<br> <br>Profundidade<br>30<br> <br>Peso<br>31.00<br> <br>Volumes<br>1<br> <br>Medida Produto Montado(Axlxp)<br>60x150x30<br> <br>Tipo De Pintura<br>UV<br> <br>Peso Bruto<br>32<br> <br>Garantia<br>90 Dias<br> <br>Modelo<br>Santorini<br> <br>Marca<br>Bela Casa Movelaria<br> <br>Fabricante<br>Bela Casa Movelaria<br> <br>Acessórios Para Montagem<br>Sim<br> <br>Manual De Montagem<br>Sim<br> <br>Dificuldade De Montagem<br>4<br> <br>Tonalidade<br>Preto<br> <br>Prateleiras<br>3<br> <br>Peso Suportado Gavetas Prateleira<br>5kg<br> <br>Numero De Portas<br>5<br> <br>Tipo De Portas<br>Bater<br> <br>Tipo De Dobradiças<br>Metalica<br> <br>Material Dos Puxadores<br>Polietileno<br> <br>Divisões Internas<br>2<br> <br>Pintura Interna<br>Branca<br> <br>detalhes<br>posui 5 portas mais suas prateleiras internas</p><p><br>- (Imagens meramente ilustrativas: os eletros e a decoração não acompanham o produto.)</p><p>Recomendações para uma boa conservação:Evitar a exposição direta à luz solar e à umidadePara limpeza, Limpar com pano macio e seco,<br>não utilizar qualquer outro tipo de produtos químicos tais como:<br>(alvejante, álcool, desinfetante, detergente, sabão em pó, sabão líquido entre outros)</p><p>Observações Importantes:As cores podem sofrer variações de acordo com o monitor, iluminação do ambiente em que encontra-se e até por sua percepção visual comparado ao ambiente residêncial.</p><p>ATENÇÃO GARANTIA NÃO COBRE: DANOS E AVARIAS CAUSADAS NO PRODUTO NA HORA DA MONTAGEM A POR ESTE MOTIVO A MONTAGEM DEVE SER FEITA POR UM PROFISSIONAL QUALIFICADO</p><p>Nossas entregas são feitas através Transportadora, entregamos até a porta de entrada da casa do cliente ou até a portaria do condomínio</p><p>NÃO SUBIMOS ESCADA, ELEVADORES, OU ADENTRAMOS DENTRO DA RESIDÊNCIA DO CONSUMIDOR</p><p>NÃO EFETUAMOS A MONTAGEM, ELA É DE RESPONSABILIDADE DO COMPRADOR</p><p>GARANTIA: 90 DIAS CONTRA DEFEITOS DE FABRICAÇÃO</p>","{""marca"":""Brienza Movelaria"",""material_da_estrutura"":""MDF, MDP"",""quantidade_de_portas"":""5 Portas"",""tipo"":""Aéreo""}",Brienza Movelaria,"MDF, MDP",5 Portas,,Aéreo,,,,,,,,,Bela Casa Movelaria,MDP,5,Preto,Armario Aereo,Não informado,3,Não informado,Não informado,MDP,Não informado,Não informado,CozinhaLavanderia,Casa Moderna Movelaria,MDP,5 Portas,Preto,Aéreo,,Convencional
rdshoploja||vcz_kit_marcia_bc2,Armário,Armário de Cozinha Kit Márcia Branco Ajl,"<p><strong><span>Características</span></strong><span><br>Material MDP de alta qualidade<br></span><span>Amplo espaço interno que garante maior organização<br>Pintura UV garantindo maior durabilidade<br></span><span>Possui 6 Portas com abertura convencional<br>1 gaveta, 1 prateleira ,2 nichos e tampo em MDP<br>Ótimo espaço interno acomodando os utensílios<br></span></p><p><span><strong><span>Dimensão Kit Marcia </span></strong></span></p><p>Largura: 105 cm<br>Altura: 177,5 cm<br>Profundidade: 38 cm</p><p><span>ATENÇÃO OBSERVAÇÕES IMPORTANTES<br> OBJETOS DECORATIVOS NÃO ACOMPANHAM OS PRODUTOS<br> Acompanha manual e todos os acessórios para montagem.<br> Recomendamos que a montagem seja feita por um profissional qualificado.<br> Garantia de 03 meses para eventuais defeitos de fabricação.<br> É INDISPENSÁVEL que seja feita a conferência do produto no ato da entrega.<br> Caso o produto chegue com algum defeito, o cliente deve informar no documento da Transportadora, entrar em contato com a Loja e NÃO EFETUAR A MONTAGEM.<br> NÃO SERÁ EFETUADA A TROCA DO PRODUTO APÓS A MONTAGEM TER SIDO EFETUADA.<br> A montagem é de total responsabilidade do cliente e Defeitos no produto ocasionados na montagem serão tratadas como assistências.<br> As cores do produto podem variar de acordo com o seu monitor, a iluminação do ambiente em que você está e até mesmo a sua percepção visual.<br> Não nos responsabilizamos, no ato da entrega, por subir escadas e elevadores.<br> Eventuais despesas são de responsabilidade do cliente.</span></p>",,,,,,,,,,,,,,,Ajl,MDP,6 Portas,Branco,Cozinha,1,1,Sim,2 nichos e tampo em MDP,MDP,Não informado,Não informado,Não informado,AJL,MDP,6 Portas,Branco,,1,Convencional
decorecomamor||46694255p,Armário,Armário  Mais Balcão Fruteira  Balcão Branco  Estilo Moderno,"CARACTERISTICAS DO ARMÁRIO DE CHÃO COM FRUTEIRA- Produto compacto e com os espaços bem distribuídos.<br>- 4 Rodinhas de ótima qualidade.<br>- 2 Portas com dobradiças metálicas.<br>- Puxador com pintura cromada.<br>- Pintura UV com acabamento em alto brilho.<br>- Bancada para micro ondas ou bebedouro.<br>- Suporta até 20kg.MEDIDAS:<br>Altura: 72cm<br>Largura: 92cm<br>Profundidade: 34cm CARACTERISTICAS DO ARMÁRIO SUSPENSO DE PAREDE - Cor: Branco<br>- 3 Portas com dobradiças metálicas.<br>- Acabamento em alto brilho.<br>- Puxadores de PVC Cromados.<br>- Acompanha fixadores para parede.<br>- Suporta até 15kg.<br>- Sem prateleiras internas<br>- Preso com 3 cantoneiras, buchas e parafusosMedidas:<br>Altura: 62cm<br>Largura: 90cm<br>Profundidade: 27cm",{},,,,,,,,,,,,,,Não informado,Não informado,2 Portas,Branco,Armário de Chão com Fruteira,Não informado,Não informado,Não informado,"4 Rodinhas de ótima qualidade, 2 Portas com dobradiças metálicas, Puxador com pintura cromada, Pintura UV com acabamento em alto brilho, Bancada para micro ondas ou bebedouro, Suporta até 20kg, 3 Portas com dobradiças metálicas, Acabamento em alto brilho, Puxadores de PVC Cromados, Acompanha fixadores para parede, Suporta até 15kg, Sem prateleiras internas, Preso com 3 cantoneiras buchas e parafusos",Não informado,Moderno,Não informado,Não informado,Decore com Amor,,5 Portas,Branco,,,Convencional
moveise||13030432639,Armário,Armário Aéreo para Cozinha 3 Portas Maringá Branco - Moveise,"<p>Com visual Moderno e linhas leves o Armário Aéreo Maringá, vem para fazer a diferença em seu ambiente, onde se pode armazenar os mais diversos itens, como louças, taças, utensílios de limpeza ou livros . Um móvel acessível e versátil, é ideal para compor sua cozinha, dispensa, lavanderia ou escritório, deixando aquele ambiente sempre organizado.</p><p><br></p><p>Ficha Técnica:</p><p><br></p><p>Cor Predominante: Branco</p><p><br></p><p>Acabamento: Texturizado</p><p><br></p><p>Escala de Brilho: Semi-Brilho</p><p><br></p><p>Bordas: com acabamento em PVC, garantindo seu maior acabamento e durabilidade.</p><p><br></p><p>Dobradiças de aço zincada</p><p><br></p><p>Possui: 03 Porta com 02 divisória. Dispensa Puxadores</p><p><br></p><p>Sistema de Montagem: Minifix, Cavilhas, Parafusos e Dobradiças.</p><p><br></p><p>Itens Inclusos: 01 Armário, Ferragens e Manual de Montagem.</p><p><br></p><p>Garantia: 03 meses contra defeito de fabricação</p><p><br></p><p>Altura do Produto: 59 cm</p><p><br></p><p>Largura do Produto: 75 cm</p><p><br></p><p>Profundidade do Produto: 27 cm</p><p><br></p><p>Marca: MOVEISE</p><p><br></p><p>Limpeza e cuidados</p><p>Estrutura:Pano levemente umedecido com água, seguido de pano seco.</p><p><br></p><p>Cuidados:Não utilizar produtos químicos ou abrasivos na limpeza. Evitar batidas.</p>","{""quantidade_de_portas"":""3 Portas""}",,,3 Portas,,,,,,,,,,,MOVEISE,Não informado,3,Branco,Aéreo,Não informado,Não informado,Não informado,Não informado,Não informado,Moderno,Não informado,Cozinha,Moveise,,3 Portas,Branco,Aéreo,,Convencional
opcaomoveis||1172,Armário,Armário Multiuso 2 Portas 4 Prateleiras Turim Preto Fosco Conquista,"O Armário Multiuso Turim da Conquista Móveis possui design moderno e pode ser instalado em vários ambientes, como na sala, lavanderia, quarto ou no escritório. O armário é perfeito para quem precisa organizar seus pertences, objetos de decoração, livros e revistas. Feito em MDP, conta com 2 portas e 4 prateleiras, oferecendo amplo espaço para sua organização.<br> <br> Medidas:<br> <br> Altura: 188 cm<br> Comprimento: 52 cm<br> Profundidade: 35 cm<br> <br> Características:<br> <br> - 2 portas<br> - 4 prateleiras<br> - Estrutura de MDP 12/15mm<br> - Acabamento pintura UV<br> - Puxadores em PVC <br> - 4 pés de plástico<br> - Suporte de peso por prateleira até 10kg<br> - Garantia de 03 meses<br> <br> AVISO:<br> <br> Esclarecemos que a OPÇÃO MÓVEIS se responsabilizará pela entrega dos produtos adquiridos até a porta de entrada ou portaria do endereço indicado, ou seja: é de total responsabilidade do cliente a montagem, desmontagem e instalação do produto adquirido. Para evitar futuros desagrados ou imprevistos com a entrega, também é necessário que o cliente confira as dimensões do produto escolhido, antes de finalizar a compra, devendo certificar-se de que a mercadoria passará normalmente por elevador, porta, escada e corredor.","{""cor"":""Preto"",""marca"":""Conquista Móveis"",""material_da_estrutura"":""MDP"",""quantidade_de_portas"":""2 Portas"",""tipo"":""Multiuso""}",Conquista Móveis,MDP,2 Portas,Preto,Multiuso,,,,,,,,,Conquista,MDP,2,Preto Fosco,Multiuso,Não informado,4,Não informado,Não informado,MDP,Moderno,"2 portas, 4 prateleiras, Estrutura de MDP 1215mm, Acabamento pintura UV, Puxadores em PVC, 4 pés de plástico","sala, lavanderia, quarto, escritório",Conquista Móveis,MDP,2 Portas,Preto,,,Convencional
lojasmm||2486,Armário,Armário Tecno Mobili Escritório 2 Portas de vidro e 5 Prateleiras ME4115,"Móveis Tecno Mobili praticidade, design e beleza para seu ambiente.<br>Estrutura em MDP, Confira!!<br><br><br>Dimensões do Produto:<br>Altura: 171,5 cm<br>Largura: 60,0 cm<br>Profundidade: 31,5 cm<br><br><br>Garantia do Fornecedor de 3 Meses.","{""cor"":""Carvalho"",""marca"":""Tecno Mobili"",""material_da_estrutura"":""MDP"",""quantidade_de_portas"":""2 Portas""}",Tecno Mobili,MDP,2 Portas,Carvalho,,,,,,,,,,Tecno Mobili,MDP,2 Portas,Não informado,Escritório,Não informado,5 Prateleiras,Não informado,Não informado,vidro,Não informado,Não informado,Não informado,,,,,,,
valoremoveis||COZSABBR7-1,Armário,Armário Multiuso para Cozinha 80x202Cm 3 Peças MDP Branco,"A Cozinha Valore Select Modulada foi desenvolvida para atender todas as suas necessidades do dia a dia com um design moderno, funcionalidade e versatilidade. A Cozinha Modulada é a tendência do momento e foi arquitetada com módulos úteis que vão facilitar a sua rotina diária, preparos dos alimentos e armazenamento dos utensílios e mantimentos, mantendo sua cozinha sempre organizada. Por se tratar de armários de cozinha modulados você pode ajustar os módulos conforme o espaço disponível e montar diversas modulações diferentes para deixar o ambiente muito mais aconchegante. A elegância fica por conta dos puxadores em perfil e os pés na cor prata dando um toque único de sofisticação. A Cozinha Valore Select é produzida com materiais de excelente qualidade, garantindo a durabilidade e vida útil. <br> <br>CARACTERÍSTICAS TÉCNICAS:<br>- Produzida em MDP de 15 mm<br>- Acabamento UV na cor Branco e Avelã<br>- Porta Basculante com Pistão a Gás<br>- Gavetas com Corrediça Telescópica<br>- Puxadores Perfil em ABS na cor Prata<br>- Pés com Regulagem em ABS na cor Prata<br>- Balcão para Cooktop possui Tampo com Ranhura que pode ser utilizado com Cooktop de 5 bocas, caso não cortar pode utilizar normalmente. <br> <br>MÓDULOS INCLUSOS NA COZINHA:<br>0455: Armário Basculante - Larg. 80cm Alt. 30cm Prof. 31,5cm P. 10kg<br>0456: Nicho Aéreo - Larg. 80cm Alt. 30cm Prof. 31,5cm P. 7kg <br>0454: Balcão Gavetão - Larg. 80cm Alt. 88cm Prof. 52cm P. 30kg <br> <br>INFORMAÇÕES TÉCNICAS:<br>Altura Total: 202 cm<br>Largura Total: 80 cm<br>Profundidade Total: 31,5/52 cm<br>Peso Total: 115 kg<br> <br>INFORMAÇÕES ADICIONAIS:<br>*ATENÇÃO: Não trabalhamos e não nos responsabilizamos pela montagem do móvel. Antes da montagem conferir se o produto está de acordo com o que comprou, produto montado e danificado pela montagem não será aceito troca. Montagem e instalação por conta do comprador.<br>**As imagens ambientadas são meramente ilustrativas e podem apresentar itens que não compõe o produto. As cores do produto podem variar de acordo com o monitor, a iluminação do ambiente ou sua percepção visual. <br>***Limpeza: Deve ser feita com pano macio e seco ou levemente umedecido com água e sabão neutro. Não devem ser utilizados abrasivos como palha de aço e objetos cortantes.<br>Garantia para defeitos de fabricação conforme Código de Defesa do Consumidor.","{""cor"":""Branco"",""material_da_estrutura"":""MDP"",""tipo"":""Multiuso""}",,MDP,,Branco,Multiuso,,,,,,,,,Não informado,MDP,3,Branco,Multiuso,1,Não informado,Não informado,Não informado,MDP,Moderno,"Basculante, Gavetão",Cozinha,Valore Móveis,MDP,1 Porta,Branco,,2,Basculante
casachickmoveislondrina||2005808935,Armário,Armário Aéreo para Cozinha 2 Portas com Vidro Raiar,"<br><br>Armário Aéreo para Cozinha 2 Portas com Vidro Raiar<br><br>O armário aéreo tem 2 portas com vidro de bater, 1 prateleira e uma divisão interna, tem 1,20 e é ideal para cozinhas, além de ser feito com materiais de alta qualidade!<br><br>Dimensões do Armário 2 Portas c/ Vidro Raiar:<br><br>- Altura: 67 cm<br>- Largura: 120 cm<br>- Profundidade: 30 cm<br><br>Características do Armário 2 Portas c/ Vidro Raiar:<br><br>​- Estrutura em MDP;<br>- Acabamento em verniz brilho e fosco;<br>- 2 portas com com vidro;<br>- Não acompanha objetos de decoração;<br><br>- Não nos responsabilizamos pela montagem dos produtos. Todos os produtos acompanham acessórios para que sejam montados.<br>- Não nos responsabilizamos, no ato da entrega, por subir escadas/elevadores ou transporte por guincho em apartamentos.;<br>- Eventuais despesas são de responsabilidade do comprador;<br>- Confira as dimensões deste produto e certifique-se de que passará normalmente por supostos elevadores, portas, escadas e/ou corredores de sua residência;<br>- Não aceitamos devolução de produtos com caixas violadas ou materiais danificados, confira a quantidade de volumes e se o que está sendo entregue corresponde com a mercadoria adquirida, não aceitamos devolução após o prazo de arrependimento de 7 dias corridos.<br><br><br><strong>Acompanha o produto:</strong><br> • 1 x Armário Aéreo com vidroManual de montagemAcessórios de montagem<br> <strong>Garantia:</strong><br> • 3 Meses<br>","{""material_da_estrutura"":""MDP"",""quantidade_de_portas"":""2 Portas""}",,MDP,2 Portas,,,,,,,,,,,Não informado,MDP,2 Portas,Não informado,Aéreo,Não informado,1,Não informado,com Vidro,Vidro,Não informado,Não informado,Cozinha,Aramóveis,MDP,2 Portas,,Aéreo,,Convencional
armazemsaolazaro||6471p,Armário,Armário Bancada Cantinho do Café Menta/Tauari Ripado 1 Porta Basculante com Pés de Madeira - Lukaliam,"Armário Bancada Cantinho do Café Menta/Tauari Ripado 1 Porta Basculante com Pés de Madeira - Lukaliam O Armário Cantinho do Café foi pensado especialmente para os apaixonados em café. O Armário feito para deixar o cantinho do café mais aconchegante e organizado para sua casa, escritório ou comércio. Possuí 1 porta basculante, prateleira, gancho para pendurar xícaras de café,nicho para organizar acessórios de seu café. Confira! 😊 Especificações Técnicas: Cor: Menta/Tauari RipadoGarantia: 3 Meses garantia fabricante contra defeito de fabricaçãoConteúdo da Embalagem: 1 Armário, Kit Ferragem e Manual de MontagemModelo: 903856Tamanho Montado: 150 cm x 79,5 cm x 41 cm - Altura x Largura x ProfundidadeProduto Montado: NãoNecessita Montagem: SimMaterial Principal: MDP/MDFAcabamento: Brilhante/FoscoPeso: 32 KgPossui Portas: 1Possui Puxadores: SimPossui Prateleira: 1Possui Pés: 4Tipo de Pés: Sim de MadeiraPossui Gavetas: NãoRecomendações de Uso, Manutenção e Limpeza: Nunca utilize álcool ou materiais abrasivos para limpeza. Informações importantes: • Fotos meramente ilustrativa. Os objetos que ambientam as fotos não acompanham o produto.• As cores do produto podem variar de acordo com o monitor, a iluminação do ambiente ou sua percepção visual.• A compra do produto não acompanha montagem/desmontagem.• Montagens, desmontagens e instalações são responsabilidades do cliente. Estes serviços não estão inclusos no valor do produto. Para evitar imprevistos na sua entrega, confira as dimensões do produto no momento da compra e certifique-se de que ele passará por elevadores, portas, escadas e corredores, já que nossa entrega não inclui a subida de lances de escada ou o içamento de produtos.• Verifique a complexidade antes de decidir montar sozinho, orientamos que este produto seja montado por um profissional de sua confiança, após a sua entrega.• Todas as instruções, manuais e peças necessárias para a montagem são fornecidos junto com o produto, não nos responsabilizamos pela instalação/montagem.• Fornecemos somente assistências, por defeitos de fábrica.","{""cor"":""Avena, Menta"",""material_da_estrutura"":""Metal, Madeira"",""quantidade_de_portas"":""1 Porta""}",,"Metal, Madeira",1 Porta,"Avena, Menta",,,,,,,,,,Lukaliam,MDP,1,MentaTauari Ripado,Bancada Cantinho do Café,Não,1,Sim,Pés de Madeira,MDP,Ripado,"1 Porta Basculante, Prateleira, Gancho para Pendurar Xícaras, Nicho para Organizar Acessórios","Casa, Escritório ou Comércio",Lukaliam,"[MDF, MDP]",1 Porta,"[Menta, Tauari Ripado]",,,Basculante
primeconceitostore||526,Armário,Kit 2 Armário Multiuso Sapateira 2 Portas 6 Prateleiras Leve Rústico Off White - Henn,"<p><strong>Armário Multiuso Sapateira 2 Portas 6 Prateleiras Leve - Henn</strong></p><p>Compacto e multifuncional.</p><p>Ideal para organizar roupas ou objetos, ele pode ser utilizado no quarto, na área de serviço ou na despensa.</p><p>O Armário Multiuso Leve é compacto e funcional. Com espaço ideal para organizar roupas ou objetos.</p><p>Possui 2 portas com amplo espaço interno, que conta com 6 prateleiras para armazenar seus pertences como preferir, pensadas para facilitar o armazenamento e visualização dos itens.</p><p>Ele possui um design moderno e um ótimo custo-benefício, confira!</p><p><strong>Medidas</strong>:</p><p>Altura: 180 cm</p><p>Largura: 61 cm</p><p>Profundidade: 34 cm</p><p><strong>Informações Técnicas:</strong></p><p>Portas: 02 portas</p><p>Prateleiras: 6</p><p>Dobradiças de 35 mm com amortecimento</p><p>Puxadores ABS</p><p>Desenvolvido em mdp/mdf</p><p>Acabamento em UV</p><p>Lindo design</p><p>Possui Vidro: Não possui</p><p>Possui Espelho: Não possui</p><p>Peso 39 kg</p><p>Produto desmontato: Sim</p><p>Montagem por conta do cliente: Sim</p><p><strong>Como cuidar e limpar o produto?</strong></p><p>Para a limpeza, recomendamos o uso de um pano macio e umedecido com água, na escolha do ambiente, opte também por lugares estratégicos que evitem a exposição constante ao sol ou a poeira, ou que necessitem de constante mudança de lugar, assim o produto irá durar por muito mais tempo</p><p><strong>Observações Importantes:</strong></p><p>A Prime Conceito Store não se responsabiliza pela montagem ou desmontagem dos produtos. Estes serviços não estão inclusos nos valores dos mesmos.</p><p>Pode haver alguma diferença de tonalidade entre as imagens do anúncio e o produto real, por conta do tratamento de imagens e a calibração de cores do seu monitor.</p><p>No ato da compra, certifique-se de que as medidas do produto estão adequadas aos elevadores, portas e corredores do local da entrega, visto que não fazemos a montagem ou desmontagem de portas ou janelas, transporte pela escada ou içamentos pelo lado de fora do prédio.</p><p>AO RECEBER A MERCADORIA, o cliente deve verificar as condições da embalagem, caso haja alguma avaria NÃO assine o comprovante de recebimento.</p><p>Em casos de Edifícios ou condomínios, o produto será entregue pela transportadora nas respectivas portarias (porteiros) que deverão ser avisados da entrega pelo comprador.</p><p>As imagens são meramente ilustrativas, não acompanham objetos de decoração e eletrônicos</p><p>Em caso de erro de montagem averiguado pela fabricante a garantia de 3 meses após a compra não será válida.</p>",{},,,,,,,,,,,,,,Henn,MDF,2,Off White,Multiuso,Não informado,6,Sim,Não informado,MDF,Rústico,"Dobradiças de 35 mm com amortecimento, Puxadores ABS",Organizar roupas ou objetos,Henn,"[MDF, MDP]",2 Portas,Off White,,,Convencional
mobiliadecor2||10061167,Armário,Armário Cozinha Gabinete Pia De 120 Cm Bianca Com Balcão Multiuso Micro-ondas Branco Frente Preta Serena,"O conjunto Balcão Gabinete para pia de cozinha Bianca e Balcão para Multiuso Serena é um conjunto indispensável em sua cozinha onde a praticidade e ergonomia andam lado a lado, são cores sofisticadas e com nova forma de montagem bem mais pratica, adaptando as suas necessidades e de sua cozinha, são diversos modelos para lhe atender, conheça você também nossa linha.<br><br>Características Balcão de Pia Bianca 118 cm:<br> Altura:83,5 cm (Com os Pés).<br> Altura sem os pés: 67 cm.<br> Largura: 118 cm (Padrão para pia de 120 cm).<br> Profundidade: 50 cm.<br> Material: MDP (madeira).<br> Portas: 2 Portas.<br> Gavetas: 3 Gavetas.<br> Prateleiras: 1 Prateleira.<br> Puxadores: 5 puxadores plásticos cromados<br> Pés: 5 pés reguláveis de plástico.<br> Altura dos pés:16,5 cm<br> Regulagem dos pés: Somente para nivelamento, (Chega no máximo a 18 cm).<br> Corrediças: Metálicas.<br>Acompanha tampo: Não<br><br>Características Balcão multiuso micro-ondas Forno Elétrico Serena:<br>Altura: 85 cm (Altura do produto com os pés e com o tampo)<br>Altura sem os pés: 68,5 cm<br>Largura: 70 cm<br>Profundidade: 53 cm<br>*A largura 70 cm e Profundidade 53 cm correspondem ao tampo do balcão, sem o tampo o balcão tem 68 cm de Largura e 50 cm de profundidade (mesma profundidade do balcão de pia).<br>Material: MDP <br>Portas: 2 Portas<br>Prateleiras: 1 prateleira (Opcional)<br>Puxadores: 2 puxadores plásticos cromados<br>Pés: 4 pés reguláveis de plástico.<br>Altura dos pés: 16,5 cm<br>Regulagem dos pés: Somente para nivelamento, (Chega no máximo a 18 cm).<br>Acompanha tampo: Sim<br><br>Características do kit montado:<br>Largura 188 cm (lado a lado os dois balcões).<br>Profundidade 53 cm (Profundidade do balcão para cooktop com tampo, sem tampo os balcões possuem 50 cm de profundidade.)<br>Altura: 85 cm (Altura do balcão para cooktop com tampo, sem tampo os balcões possuem 83,5 cm de altura.)<br><br>*Os Móveis não são acoplados, são montados individualmente e podem ser ultilizados em locais diferentes.<br><br>*Imagem meramente ilustrativa, não acompanha objetos decorativos, é somente os dois balcões.",{},,,,,,,,,,,,,,Serena,MDP,2 Portas,Branco,Armário de Cozinha,3 Gavetas,1 Prateleira,Sim,Multiuso,MDP,Não informado,Não informado,Cozinha,Moblis Móveis,MDP,2 Portas,"[Branco, Preto]",,3,Convencional
decorecomamor||4658895p,Armário,Armários  Multiuso  Para Manicure  Sem Porta,"CARRINHO AUXILIAR MEDIDAS:<br>- Altura: 65cm<br>- Largura: 39cm<br>- Profundidade: 30cm<br>- Altura entre as prateleiras de 25cm<br>COR: Branco<br>Com 4 rodízios ( Rodinhas ) para facilitar a locomoção<br>Com 3 prateleiras bem úteis Pode também usar como fruteira, carrinho de bebidas, organizador de brinquedos, tintas linhas entre outros, de acordo com sua necessidade.ARMÁRIO BANCADA DE PAREDE AÉREO MULTIUSODESCRIÇÃO:<br>Medidas: Dimensões (A/L/P):<br>LARGURA: 90cm<br>ALTURA: 26cm<br>PROFUNDIDADE: 30cm<br>**Suporta até 10kg**Características<br>Cor: branco<br>Pintura UV Alto Brilho<br>Acompanha Fixadores p/ ParedeArmário Bancada Aéreo Multiuso para toda a casa, Penteadeira, Salão de Beleza, Suporte para Microondas, Rack para TV...","{""tipo"":""Multiuso""}",,,,,Multiuso,,,,,,,,,Não informado,Não informado,Sem Porta,Branco,Multiuso,Não informado,3,Não informado,Com 4 rodízios  Rodinhas  para facilitar a locomoção,Não informado,Não informado,Não informado,Manicure,Nova Decor,,,Branco,Aéreo,,
technoxcomercioltda||53109p,Armário,Armário Auxiliar Para Cozinha,"<p><br></p><p>Sobre o Produto</p><p><br></p><p>Estante Arara John</p><p><br></p><p>Descrição do Produto:</p><p><br></p><p>A Estante Pinus é um produto prático e versátil, que pode ser utilizado em diversos ambientes, como quarto e escritório, na sala, cozinha ou seu depósito.</p><p><br></p><p>A Linha Pinus da Dos Fratelli reúne design minimalista e praticidade, traços retos e móveis de alta qualidade são as características dessa coleção.</p><p><br></p><p>Arara John</p><p><br></p><p>Comprimento: 80,5 cm</p><p><br></p><p>Profundidade: 31 cm</p><p><br></p><p>Altura: 170 cm</p><p><br></p><p>Distância entre prateleiras: 30cm;</p><p><br></p><p>Cabideiro - 72cm</p><p><br></p><p>Estante 5 Planos</p><p><br></p><p>Estante em madeira maciça de pinus;</p><p><br></p><p>Capacidade de 10 kg por prateleira;</p><p><br></p><p>Acabamento natural</p><p><br></p><p>Produto não indicado para uso externo.</p><p><br></p><p>Montagem prática e segura, com auxílio de parafusadeira e/ou chave de fenda cruzada;</p><p><br></p><p>Altura - 140cm</p><p><br></p><p>Largura - 50cm</p><p><br></p><p>Profundidade - 30cm</p>",{},,,,,,,,,,,,,,Não informado,Não informado,Não informado,Não informado,Auxiliar,Não informado,5,maciça de pinus,Não informado,pinus,Não informado,Cabideiro,Cozinha,Technox,Madeira,,,,,
movillemovelaria||M2772,Armário,Armário Aéreo Cozinha Raviolli 1 Porta Basculante Preto/Mel - Politorno,"Escolher um(a) Armário Aéreo pode ser uma tarefa difícil, por este motivo estamos aqui para te ajudar lhe entregando a melhor opção do mercado.<br> <br> <br> O(a) Armário Aéreo Raviolli é a escolha perfeita para o seu ambiente, produzido em MDP com acabamento em pintura UV. Buscando otimizar seu dia a dia, tem seu modelo divido de maneira que seus pertences fiquem bem distribuídos.<br> <br> <br> É um(a) Armário Aéreo com 1 Porta e 1 Prateleira, disponibilizando um excelente espaço interno. Ideal para espaços menores pois ocupa pouco espaço, tornando-se o produto para lhe proporcionar um ambiente mais prático e organizado.<br> <br> <br> Imagem meramente ilustrativa. Decoração não acompanha o produto.<br>O produto será entregue desmontado e não disponibilizamos o serviço de montagem.<br>Produto NOVO - acompanha nota fiscal, manual de montagem e certificado de garantia.<br> <br> CARACTERÍSTICAS:<br> <br> - Altura: 67 cm<br> - Largura: 80 cm<br> - Profundidade: 36,5 cm<br> - Peso do produto líquido: 18,53 Kg<br> - Montagem: Acompanha manual passo a passo<br> - Acabamento: Pintura UV fosco<br> - Material principal da estrutura: MDP<br><br> LIMPEZA:<br>Retire o pó com uma flanela seca e depois utilize um pano macio umedecido com água.<br> <br> Não utilizar produtos químicos e abrasivos.","{""cor"":""Mel"",""marca"":""Politorno"",""material_da_estrutura"":""MDF, MDP"",""quantidade_de_portas"":""1 Porta"",""tipo"":""Aéreo, Basculante""}",Politorno,"MDF, MDP",1 Porta,Mel,"Aéreo, Basculante",,,,,,,,,Politorno,MDP,1,PretoMel,Aéreo,Não informado,1,Sim,Não informado,MDP,Não informado,1 Porta,Cozinha,Politorno,MDP,1 Porta,"[Preto, Mel]",Aéreo,,Basculante
riosmoveis||2047p,Armário,Nicho Organizador 3x2 Aquarela Branco -  Henn,"Produto arrojado e versátil pode ser usado em diferentes ambientes, possui divisões funcionais que possibilita a colocação de brinquedos, livros, objetos de decoração dentre outros, mantendo seu ambiente organizado. Com medidas de 830mm de altura, 1080mm de largura e 335mm de profundidade e caixa com espessura de 25mm, pés cônicos inclusos que evitam o contato direto com o chão. O organizador Aquarela é compacto e prático, possibilita inúmeras composições em diferentes tipos de ambientes. Com este formato é possível trabalhar a imaginação da criança, pois os elementos estão na altura dos seus olhos, é possível desenvolver sua liberdade com segurança e criar inúmeras brincadeiras e composições que irá deixar o ambiente mais aconchegante e funcional. Medidas: Altura: 83cm Largura: 1,08m Profundidade: 33cm Não nos responsabilizamos pela montagem/instalação dos produtos.<br>Todas as informações divulgadas são de responsabilidade exclusiva do fabricante/fornecedor.<br>Imagens Meramente Ilustrativas.",{},,,,,,,,,,,,,,Henn,Não informado,Não informado,Branco,Organizador,Não informado,Não informado,Não informado,Pés cônicos inclusos,Não informado,Não informado,Não informado,Não informado,Henn,MDP,,Branco,,,
gazin||10406,Armário,Armário Aéreo 2 Portas com Vidro Viv Luz Kits Paraná,"Armário Aéreo 2 Portas com Vidro Viv Luz Kits Paraná<br> Tenha maior praticidade para sua cozinha, com o armário aéreo Viv Luz e complete seu jogo de cozinha. Além de trazer beleza e elegância, combinando com os mais variados ambientes. Confira mais detalhes: Com 2 portas basculantes, o armário possui um amplo espaço interno com prateleira, suas dobradiças são metálicas e seu acabamento em pintura UV. Além de ter estrutura em MDP, garantindo maior durabilidade. E olha que demais, uma das portas é em vidro reflex, trazendo mais beleza ao móvel. <br> <br> Características:<br> Marca: Kits Paraná<br> Modelo: Viv luz<br> Tipo: Armário Aéreo<br> Quantidade de portas: 2<br> Quantidade de prateleiras: 1<br> Tipo de dobradiças: Metálicas<br> Material da estrutura: MDP<br> Escala de brilho: Fosco<br> Peso máximo suportado: 12 kg por prateleira<br> Sistema de montagem: Parafusos, prego, cavilha<br> <br> Conteúdo da embalagem<br> 01 armário aéreo, acessórios de montagem e manual de instruções.<br> <br> Dimensões do produto:<br> Altura: 72 cm<br> Largura: 80 cm<br> Profundidade: 31,8 cm<br> Peso: 19,15 kg<br> <br> Garantia do fornecedor: 3 meses<br> <br> ATENÇÃO:<br> Não nos responsabilizamos, no ato da entrega, por desmontagens, subir escadas/elevadores ou transporte por guincho para apartamentos. Eventuais despesas são de responsabilidade do cliente. Confira as dimensões deste produto e certifique-se de que passará normalmente por supostos elevadores, portas, escadas e/ou corredores de sua moradia.<br> Recomendamos que os produtos sejam instalados por profissionais especializados e não nos responsabilizamos pelo mau uso ou instalação indevida, causando a perda da garantia.<br> Todas as informações divulgadas são de responsabilidade do fabricante/fornecedor.<br> Valor unitário.<br> Imagem meramente ilustrativa<br> Prazo de troca e devolução: 7 dias a partir do recebimento do produto - Lei no 8.078<br> - Sempre confira no ato da entrega.","{""cor"":""Nogueira, Off White"",""marca"":""Kit's Paraná"",""material_da_estrutura"":""MDP"",""quantidade_de_portas"":""2 Portas"",""tipo"":""Aéreo""}",Kit's Paraná,MDP,2 Portas,"Nogueira, Off White",Aéreo,,,,,,,,,Kits Paraná,MDP,2,Não informado,Armário Aéreo,Não informado,1,Não informado,Não informado,Não informado,Não informado,Não informado,Não informado,Kits Paraná,MDP,2 Portas,"[Nogueira,Off White]",Aéreo,,Basculante
madeiramadeira-openapi||629989,Armário,Armário Multiuso 4 Prateleiras 2 Portas Appunto,"O local de trabalho não precisa mais ser composto por móveis muito sóbrios e com design pouco atrativo. O Armário Multiuso com 4 Prateleiras e 2 Portas Appunto é a prova disso. Com linhas clean e design moderno, o Armário Multiuso com 4 Prateleiras e 2 Portas Appunto também se encaixa em sala de estar e residências com espaços restritos.",{},,,,,,,,,,,,,,Appunto,Não informado,2 Portas,Não informado,Multiuso,Não informado,4 Prateleiras,Não informado,Não informado,Não informado,Moderno,Não informado,"Sala de estar, residências com espaços restritos",Appunto,MDP,2 Portas,"[Branco, Castanho]",,,Convencional
decorecomamor||172851p,Armário,Armario aparador 1 gaveta utencilios,"ARMÁRIO MULTIUSO PARA TODA A CASA<br><br>Para você que procura um móvel que ocupa pouco espaço e que ofereça beleza e praticidade , ideal para te ajudar na organização da sua cozinha, dispensa, lavanderia e Banheiro com 01 gaveta espaçosa e 02 espaços suficientes para armazenar livros, maquiagens, frutas, legumes etc.<br><br><br><br>Medidas: Dimensões (A/L/P):<br><br>ALTURA: 70cm<br><br>LARGURA: 36cm<br><br>PROFUNDIDADE: 34cm<br><br><br>Características<br><br>Cor: Branco<br><br>1 Gaveta<br><br>2 compartimentos<br><br><br>Acabamento alto brilho<br><br>Puxador PVC Cromado<br><br>Ótima Bancada para Bebedouro ou Maquina de Café","{""cor"":""Branco"",""marca"":""Decore Com Amor""}",Decore Com Amor,,,Branco,,,,,,,,,,Não informado,Não informado,Não informado,Branco,Aparador,1,2,Não informado,Alto brilho,Não informado,Não informado,Puxador PVC Cromado,"Cozinha, dispensa, lavanderia e Banheiro",Decore com Amor,,,Branco,,1,
acostaricacolchoes||23858P4900,Armário,Armário Bertolini Aéreo Evidence 4033 Aço 120 Branco,"<br> Armário Aéreo p/ Cozinha Evidence 7008 3 Portas 120cm Branco - Bertolini<br><br> Marca: Bertolini<br><br>Dimensões(Cm): Comprimento(Profundidade): 28,3cm x Largura: 120cm x Altura: 52,5cm<br> <br> CARACTERÍSTICAS DE MÓVEIS<br> Tipo de Estrutura do Móvel<br> - 100% aço<br> Tipo de Pintura<br> - Epóxi<br> Tipo de Acabamento da Pintura<br> - Semi Brilho<br> Características de móveis<br> - Armário Aéreo<br> - Armário Triplo<br> Tipo de puxador<br> - c/ Proteção UV<br> - ABS/PVC<br> Quantidade de Prateleiras<br> - 1 Prateleira<br> Quantidade de Portas<br> - 3 Portas de Abrir<br> Garantia<br> - 3 meses<br> <br> 01 - CARACTERÍSTICAS E BENEFÍCIOS GERAIS<br> Quantidade de Portas<br> - 1 Porta de Abrir<br> Quantidade de Gavetas<br> - 1 Gaveta<br> Cor Principal<br> - Branco<br><br>Imagens Meramente Ilustrativas.<br>Não nos responsabilizamos pela montagem/instalação dos produtos.<br>Todas as informações divulgadas são de responsabilidade exclusiva do fabricante/fornecedor.","{""quantidade_de_portas"":""3 Portas""}",,,3 Portas,,,,,,,,,,,Bertolini,Aço,3 Portas,Branco,Aéreo,1 Gaveta,1 Prateleira,Não informado,Não informado,Não informado,Não informado,Não informado,Não informado,Bertolini,Aço,3 Portas,Branco,Aéreo,,Convencional
nunesmoveisecolchoes||VENEZA450BIANCO,Armário,Armário Multiuso 2 portas com rodízios - Bella Vercelii 450,"Dimensões:<br>Altura: 81 cm / Largura: 58 cm / Profundidade: 40 cm<br> <br>- COM RODÍZIOS<br>- DUAS PRATELEIRAS<br> <br>Pode ser usado em vários ambientes, na cozinha como suporte de utilidades domésticas, no quarto como suporte de televisão, dispõe de duas prateleiras internas. <br> <br>Garantia de até 90 dias após o recebimento do produto;<br> <br>Atenção*<br>As cores do produto podem variar de acordo com o monitor, a iluminação do ambiente ou sua percepção visual. Os móveis são entregues desmontados. Montagem, desmontagens, e instalações devem ser contratadas pelo cliente. Confira as dimensões da compra, e certifique-se de que o produto passará por elevadores, portas e corredores. Pois não nos responsabilizamos pelo transporte dos produtos por escadas, guinchos, içamentos ou quaisquer outros meios específicos de transporte. Contém manual para montagem.","{""quantidade_de_portas"":""2 Portas"",""tipo"":""Multiuso""}",,,2 Portas,,Multiuso,,,,,,,,,Bella Vercelii,Não informado,2,Não informado,Multiuso,Não informado,2,Sim,Com rodízios,Não informado,Não informado,Não informado,"Cozinha, quarto",Bella Vercelli,,2 Portas,Branco,,,Convencional
decorecomamor||123947p,Armário,Branco Armário Multiuso C 1 Porta Alto,"&lt;br&gt;Armário Para Lavanderia 1 Porta Área de Serviço Multiuso Gabinete&lt;/br&gt;<br> &lt;br&gt;<br> &lt;br&gt;Lindo Armário para lavanderia com 4 prateleiras e abertura lateral para colocar escada, tábua de passar roupa ou o que desejar&lt;/br&gt;<br> &lt;br&gt;<br> &lt;br&gt;{ Dimensões do produto: }&lt;/br&gt;<br> &lt;br&gt;<br> &lt;br&gt;Altura: 160cm&lt;/br&gt;<br> &lt;br&gt;Largura: 42cm&lt;/br&gt;<br> &lt;br&gt;Profundidade: 34cm&lt;/br&gt;<br> &lt;br&gt;<br> &lt;br&gt;Armário com rodizios ( Rodinhas para facilitar a limpeza )&lt;/br&gt;<br> &lt;br&gt;Puxadores cromados&lt;/br&gt;<br> &lt;br&gt;Pintura Uv ( Melhor Acabamento )&lt;/br&gt;<br> &lt;br&gt;<br> <br>","{""cor"":""Branco"",""marca"":""Decore Com Amor"",""quantidade_de_portas"":""1 Porta"",""tipo"":""Multiuso""}",Decore Com Amor,,1 Porta,Branco,Multiuso,,,,,,,,,Não informado,Não informado,1,Branco,Multiuso,Não informado,4,Não informado,Rodízios,Não informado,Não informado,Puxadores cromados,"Lavanderia, Área de Serviço",Decore com Amor,,1 Porta,Branco,,,Convencional
outletdasfabricas||404,Armário,Armário Estante Prateleira Escritório Salão de Beleza Barbeiro Manicure,"<p>Armário multiuso fabricado em madeira MDP, indicado para uso em casa, escritório, salão de beleza, manicure, cabeleireiro, barbearia. Possui grande capacidade de espaço, com o melhor custo/benefício do mercado.</p> <p>Especificações:</p> <p>3x prateleiras abertas</p> <p>2x portas com duas prateleiras internas</p> <p>Medidas:</p> <p>Altura: 160 cm</p> <p>Largura: 70 cm</p> <p>Profundidade: 30 cm</p>",{},,,,,,,,,,,,,,Não informado,MDP,2,Não informado,Estante,Não informado,3,3x prateleiras abertas,2x portas com duas prateleiras internas,madeira,Não informado,Não informado,casa escritório salão de beleza manicure cabeleireiro barbearia,Paronna,MDP,2 Portas,,,,Convencional
casaecasa||20204111214822,Armário,Multiuso Demobile Golden Ebano Touch 2P,"<p>Multiuso Demobile Golden Ebano Touch 2P</p><p><br></p><p>Caracteristicas:</p><p><br></p><p>A sapateira Golden tem capacidade de acomodar até 18 pares de sapatos e mesmo sendo essa sua função principal, seus 6</p><p>compartimentos também permitem a organização de diversos outros pertences. É produzido em MDP de alto padrão e com</p><p>acabamento de pintura UV; Sem dúvidas é um móvel que irá completar seu dormitório. Para garantir a qualidade do produto</p><p>dentro da embalagem, as caixas são revestidas por um plástico termoencolhível e todas as peças são separadas por</p><p>isomanta, tudo para preservar e evitar o atrito entre as peças dentro da embalagem. Você contará também com um manual</p><p>com o passo a passo para auxiliar no momento da sua montagem.</p><p><br></p><p>Medidas:</p><p><br></p><p>Altura 1,83 M</p><p>Largura 0,61 M</p><p>Profundidade 0,36 M</p><p>Peso 36,40 Kg</p>","{""cor"":""Ébano"",""marca"":""Demóbile""}",Demóbile,,,Ébano,,,,,,,,,,Demobile,MDP,2,Ebano Touch,Multiuso,Não informado,Não informado,Não informado,Não informado,MDP,Não informado,Não informado,Não informado,Demóbile,MDP,2 Portas,Ébano Touch,,,Convencional
lojadeskdesign||12801p,Armário,Kit Área de Serviço e Lavanderia com 02 Armários Aéreo 120cm e 80cm 100% MDF Branco - Desk Design,"Que tal o Kit Área de Serviço e Lavanderia com 02 Armários Aéreo 120cm e 80cm 100% MDF?<br><br><strong>Kit Área de Serviço e Lavanderia</strong> com <strong>02 Armários Aéreo</strong> de <strong>120cm</strong> e <strong>80cm</strong> é a solução perfeita para organizar e otimizar o espaço do seu ambiente. Produzido em <strong>100% MDF</strong> com acabamento <strong>BP</strong> de alta qualidade, esse kit oferece durabilidade e resistência, garantindo a satisfação dos clientes mais exigentes. Os armários aéreos possuem uma chapa de <strong>15mm</strong>, utilizada em <strong>Móveis Planejados</strong>, o que confere um aspecto sofisticado e elegante ao conjunto. Além disso, o kit conta com <strong>puxadores de alumínio</strong>, que agregam um toque de modernidade ao design. Com esse kit, você terá amplo espaço para armazenar seus produtos de limpeza, utensílios domésticos e outros itens essenciais da lavanderia. A organização será facilitada pelos compartimentos internos, permitindo que você mantenha tudo no lugar certo e à mão quando precisar. O kit é <strong>multiuso</strong> e se adapta a diferentes ambientes, seja na <strong>Lavanderia</strong>, <strong>Área de Serviço</strong> ou até mesmo na <strong>Cozinha</strong>. Além disso, a qualidade dos materiais utilizados garante a durabilidade do produto, proporcionando um investimento que vale a pena a longo prazo. Adquira agora mesmo o <strong>Kit Área de Serviço e Lavanderia com 02 Armários Aéreo</strong> e transforme sua área de serviço em um espaço funcional e bonito. Aproveite toda a praticidade e elegância que esse kit oferece. Não perca tempo e garanta o seu!<br><br><strong>Dimensões do Armário Maior:</strong><br><strong>Largura:</strong> 120 cm<br><strong>Altura:</strong> 55 cm<br><strong>Profundidade:</strong> 32 cm<br><strong>Peso Aproximado:</strong> 25 kg<br><br><strong>Dimensões do Armário Basculante:</strong><br><strong>Largura:</strong> 80 cm<br><strong>Altura:</strong> 30 cm<br><strong>Profundidade:</strong> 27 cm<br><strong>Peso Aproximado:</strong> 10 kg<br><br><strong>Características:</strong><br><strong>Material da Estrutura:</strong> MDF 15mm<br><strong>Peso Suportado:</strong> 35 kg distribuídos<br><strong>Acabamento:</strong> BP Texturizado TX<br><strong>Escala de Brilho:</strong> Fosco<br><strong>Possui Portas:</strong> Sim<br><strong>Quantidade de Portas:</strong> 4 portas<br><strong>Material das Portas:</strong> MDF<br><strong>Tipo de Porta:</strong> Convencional e Basculante<br><strong>Possui Dobradiças:</strong> Sim<br><strong>Tipo de Puxador:</strong> Embutido<br><strong>Material do Puxador:</strong> Alumínio<br><strong>Tipo de Produto:</strong> Armário Multiuso, Armário Aéreo, Armário de Parede<br><strong>Ambiente Principal:</strong> Cozinha, Área Gourmet, Quarto, Área de Serviço, Lavanderia<br><strong>Sistema de Montagem:</strong> Parafusos, Cavilhas e outros<br><strong>Possui Manual de Montagem:</strong> Sim<br><br><strong>Diferenciais:</strong><br>- Acabamento BP<br>- Pistão a Gás<br>- Estrutura em 100% MDF 15mm<br><br><strong>Itens Inclusos:</strong><br>- 02 Armários, manual e acessórios de montagem.<br><br><strong>Montagem:</strong><br>- Complexidade da Montagem: Média.<br>- Recomendamos que seja feita por um profissional qualificado.<br>- Produto enviado desmontado.<br><br><strong>Limpeza e cuidados:</strong> Utilizar pano levemente umedecido com água, seguido de pano seco. Não utilizar produtos químicos ou abrasivos na limpeza. Evitar contato com objetos cortantes. Manter ao abrigo de local interno, sem ficar exposto diretamente ao sol, calor e umidade excessivo.<br><br><strong>Garantia de Fábrica:</strong><br>90 dias contra defeito de fabricação.<br><br><strong>Importante:</strong><br>- Pode haver ligeira diferença de tonalidade entre a imagem digital e o produto real por conta do tratamento de imagens e a calibração de cores do seu monitor.<br>- As imagens são meramente ilustrativas, não acompanham objetos de decoração e eletrônicos.<br>- Produto para uso residencial em ambiente interno, não devendo ficar exposto diretamente ao sol, calor e umidades excessivas.<br>- Ao receber a mercadoria verifique a condição da embalagem, caso apresente violação ou esteja danificada não assine o comprovante de entrega.<br>- Montagem, desmontagem e outras instalações é de inteira responsabi...","{""material_da_estrutura"":""MDF""}",,MDF,,,,,,,,,,,,Desk Design,MDF,4 portas,Branco,Armário Aéreo,Não informado,Não informado,Não informado,Pistão a Gás,MDF,Não informado,Puxadores de alumínio,"Área de Serviço, Lavanderia, Cozinha",Desk Design,MDF,4 Portas,Branco,Aéreo,,"[Convencional, Basculante]"
doshermanos||29537p,Armário,Armarinho Banheiro Nicho Vazado Estante Guarda Volume,"<br>Estante feita 100% em madeira de reflorestamento,<br><br>Ideal para compor decoração da sua casa.... Excelente opção para organizar suas plantas e objetos de sua preferencia...<br><br>Muito utilizada em varanda ou sacadas cobertas!!<br><br>Feita no Brasil - Fabricação Própria - Lixamento extra<br><br>Acabamento natural na madeira - Não é envernizado<br><br>Madeira utilizada Pinus de reflorestamento<br><br>Medidas:<br><br>Altura x 70 cm<br><br>Largura x 55 cm<br><br>Profundidade x 35 cm<br><br>Distancia entre prateleiras:<br><br>Primeira 22 cm<br><br>Segunda 23 cm<br>",{},,,,,,,,,,,,,,Não informado,Madeira,Não informado,Não informado,Estante,Não informado,Não informado,Não informado,Não informado,Pinus,Não informado,Não informado,Banheiro,Dos Hermanos,Madeira,,,,,
ac-webshop||501790,Armário,Armario para Cozinha 7 Portas Monte Rey Valdemoveis,"O Armário Monte Rey Valdemóveis é produzido de MDP/MDF com acabamento em pintura UV que protege o produto de raios solares. Mede 2m de altura e 1,60m de largura. O Armário Monte Rey possui 7 portas (6 Portas de Bater e 1 Basculante), 2 gavetas externas e 4 Prateleiras. Além disso, possui um espaço onde você pode armazenar seu forno.<br><br>Pesos e Dimensões<br><br>Altura dos Pés 10 cm<br>Altura (cm) 200 cm<br>Largura (cm) 160 cm<br>Profundidade (cm) 45 cm<br>Peso (kg) 86.5 kg<br>Garantia<br>Garantia 03 Meses<br>Materiais e Acabamentos<br>Material Principal MDF<br>Material da Porta MDF/MDP<br>Acabamento Pintura UV<br>Acabamento da Gaveta Pintura Texturizada UV<br>Escala de Brilho Fosco<br>Material dos Pés Polipropileno<br>Material do Tampo MDF<br>Acabamento da Porta Pintura Texturizada UV<br>Material da Estrutura MDP<br>Material da Gaveta MDF/MDP<br>Material do Puxador da Gaveta ABS<br>Tipo de Corrediça da Gaveta Metálica Simples<br>Acabamento dos Pés Cromado<br>Escala de Brilho da Porta Fosco<br>Material do Puxador da Porta ABS<br>Tipo de Dobradiça/Corrediça da Porta Metálica<br>Acabamento da Prateleira Pintura Texturizada UV<br>Escala de Brilho da Prateleira Fosco<br>Material da Prateleira MDF/MDP<br>Material do Puxador ABS<br>Montagem<br>Necessita Montagem Sim<br>Sistema de Montagem Prego, Parafuso e Minifix.<br>Recomendações de Uso, Manutenção e Limpeza Recomendamos que a limpeza seja feita com pano umedecido, e que não seja utilizado lustra móveis.<br>Outras características<br>Peso Bruto (Kg) 87 kg<br>Características<br>Tipo de Porta Misto (Bater e Basculante)<br>Tipo de Gaveta Externa<br>Marca Valdemóveis<br>Suporta Até (kg) 100 kg<br>Possui Rodízio Não<br>Possui Prateleiras Sim<br>Possui Portas Sim<br>Possui Pés 08<br>Possui Gavetas Sim<br>Peso Máximo por Prateleira 5 kg<br>Gaveta com Chave Não<br>Estilo Moderno<br>Pés Reguláveis Não<br>Sapatas Niveladoras Não<br>Cor Interna Ipê<br>Peso Máximo por Gaveta 10 kg<br>Tipo de Puxador da Gaveta Externo<br>Tipo de Puxador da Porta Externo<br>Possui Espelhos Não<br>Origem do Produto Nacional<br>Quantidade de Portas 7<br>Ambiente Principal Cozinha<br>Ambiente Cozinha<br>Cor Predominante Marrom<br>Tipo de Módulo do Móvel Armário<br>Quantidade de Prateleiras 4<br>Cor Ipê<br>Quantidade de Gavetas 2<br>Itens Inclusos<br>Acompanha Tampo Sim<br>Acompanha Manual de Instalação Sim<br>Itens Inclusos 1 Armário Monte Rey e 1 Manual de montagem","{""cor"":""Cinamomo/Off White"",""marca"":""Valdemóveis"",""material_da_estrutura"":""MDF, MDP""}",Valdemóveis,"MDF, MDP",,Cinamomo/Off White,,,,,,,,,,Valdemóveis,MDP,7,Ipê,Armário,2,4,Sim,Não informado,MDF,Moderno,Não informado,Cozinha,Valdemóveis,"[MDF, MDP]",7 Portas,"[Cinamomo, Off White]",,2,"[Convencional, Basculante]"
wwpisos||7d270ca6b49511eebc474201ac185040,Armário,Armario Astra A-52 30 X 37 X 11cm Sobrepor Branco,Armario Astra A-52 30 X 37 X 11cm Sobrepor Branco Armário para banheiro em plástico de sobrepor.,"{""cor"":""Branco"",""marca"":""Astra""}",Astra,,,Branco,,,,,,,,,,Astra,Plástico,Não informado,Branco,Sobrepor,Não informado,Não informado,Não informado,Não informado,Plástico,Não informado,Não informado,Banheiro,Astra,Plástico,1 Porta,Branco,Suspenso,,Convencional
movel5||927-9861,Armário,Aéreo Cozinha Hannover 160cm com 4 portas vidro - M550702V,"É charme que você procura? Seja bem vindo ao passado! Este produto contempla a linha de móveis Antique Design, coleção Hannover. Fabricado em madeira maciça de reflorestamento ou então 100% MDF conforme o acabamento desejado. Seu design é inspirado nas janelas da cidade alemã Hannover e o estilo retrô destaca-se em qualquer decoração, agregando beleza e charme ao seu ambiente. O objetivo desta linha de produtos é trazer pra sua casa toda a elegância, beleza e sofisticação do mobiliário clássico, e o grande destaque é sua confecção artesanal, aliado ao design, durabilidade, qualidade e versatilidade. Surpreenda-se com os detalhes!MedidasAltura: 65 cm<br>Largura: 160 cm<br>Profundidade: 40 cmAcabamentos DisponíveisMadeira Maciça:<br>- Verniz: ImbuiaMDF:<br>- Laca: Branca, Cinza, Off White, Verde Musgo* Cor da foto: 108C + 024B* Opção de portas em madeira.","{""material_da_estrutura"":""Vidro"",""tipo"":""Aéreo""}",,Vidro,,,Aéreo,,,,,,,,,Hannover,Madeira maciça de reflorestamento ou MDF,4,Não informado,Aéreo,Não informado,Não informado,Não informado,Vidro,Madeira,Retrô,Não informado,Cozinha,Linz,MDF,4 Portas,Imbuia,Aéreo,,Convencional
doshermanos||35373p,Armário,Armario Aberto Prateleiras De Canto Vasos Decorativos Planta,"<br>A estante de canto em madeira pinus é uma peça de mobiliário versátil e funcional, projetada para otimizar o uso de espaços de canto em ambientes domésticos.<br> <br>Feita de madeira pinus, conhecida por sua durabilidade e aparência natural, a estante combina estilo e praticidade.<br> <br>Ela oferece prateleiras espaçosas para armazenar livros, objetos decorativos, plantas ou qualquer outro item que você deseje exibir ou organizar.<br> <br>Com seu design inteligente, a estante de canto em madeira pinus permite aproveitar ao máximo o espaço disponível em seu ambiente, adicionando um toque de charme rústico e funcionalidade à sua decoração.<br><br>[MEDIDAS]<br><br>- Altura: 110 cm<br><br>- Largura Total: 80 cm<br><br>- Largura Fechada: 50cm<br><br>[DESCRIÇÃO DO PRODUTO]<br><br>- Estante em madeira maciça de pinus;<br><br>- Capacidade de 10 kg por prateleira;<br><br>- Acabamento natural<br><br>- Produto não indicado para uso externo.<br><br>Produtos de alta qualidade e a pronta entrega.<br>","{""material_da_estrutura"":""Pinus""}",,Pinus,,,,,,,,,,,,Não informado,madeira pinus,Não informado,Não informado,aberto,Não informado,Não informado,Não informado,Não informado,madeira maciça,rustico,Não informado,Não informado,Dos Hermanos,Madeira,,,,,
madeiramadeira-openapi||695093,Armário,Armário Aéreo Geladeira 1 Porta Montreal Plus Sallêto Móveis,"O aéreo geladeira Montreal foi desenvolvido com conceitos de design modernos e atuais para que você tenha um ambiente funcional, organizado e muito bem estruturado para realizar as tarefas diárias. Todos os móveis desse conjunto contam com estrutura em MDP da mais alta qualidade, que garante uma longa vida útil à sua cozinha. Além disso, a estética perfeita a esta cozinha, puxadores modernos, discretos e resistentes e uma coloração incrível que ajuda a trazer mais aconchego, sofisticação e elegância para o ambiente. Aproveite..","{""cor"":""Carvalho, Grafite"",""marca"":""Salleto Móveis"",""material_da_estrutura"":""MDP"",""quantidade_de_portas"":""1 Porta"",""tipo"":""Aéreo""}",Salleto Móveis,MDP,1 Porta,"Carvalho, Grafite",Aéreo,,,,,,,,,Sallêto Móveis,MDP,1 Porta,Não informado,Aéreo Geladeira,Não informado,Não informado,Não informado,Não informado,Não informado,Moderno,Não informado,Cozinha,Sallêto Móveis,MDP,1 Porta,"[Carvalho, Grafite]",Aéreo,,Basculante
acostaricacolchoes||31350X6123,Armário,Armário de Cozinha Itatiaia Inova Arm 1pt Hor 80 Mdf Off White,"<strong>Armário de Cozinha Itatiaia Inova ARM 1PT HOR 80 c/ 1 Porta - Off White</strong><br> <br> Marca: <strong>Itatiaia</strong><br> Linha/Moelo: <strong>Itatiaia</strong><br><br>Dimensões(Cm): Comprimento(Profundidade): 31,90 x Largura: 79,90 x Altura: 34,20<br> <br> <strong>CARACTERÍSTICAS DE MÓVEIS</strong><br> <strong>Tipo de Estrutura do Móvel</strong><br> - 100% MDF<br> <strong>Tipo de Pintura</strong><br> - UV (Ultravioleta)<br> <strong>Tipo de Acabamento da Pintura</strong><br> - Semi Brilho<br> <strong>Características de móveis</strong><br> - Armário Aéreo<br> <strong>Tipo de puxador</strong><br> - Metálico<br> <strong>Quantidade de Portas</strong><br> - 1 Porta de Abrir<br> <strong>Diferenciais dos Nichos</strong><br> - Nicho para Geladeira<br> <strong>Garantia</strong><br> - 6 meses<br> <br> <br> <strong> Não nos responsabilizamos pela montagem/instalação dos produtos.</strong><br> <strong>Todas as informações divulgadas são de responsabilidade exclusiva do fabricante/fornecedor. </strong><br> <strong>Imagens Meramente Ilustrativas.</strong><br> <strong>Verifique com os fabricantes do produto e de seus componentes eventuais limitações à utilização de todos os recursos e funcionalidades.</strong>","{""marca"":""Itatiaia"",""tipo"":""Nicho""}",Itatiaia,,,,Nicho,,,,,,,,,Itatiaia,MDF,1 Porta,Off White,Armário Aéreo,Não informado,Não informado,Não informado,Nicho para Geladeira,MDF,Não informado,Não informado,Cozinha,Itatiaia,MDF,1 Porta,Off White,Aéreo,,Convencional
homesupreme||3680,Armário,Armário 600x760x430mm Movelbento,"O Balcão Multiuso ASM 155 da Movelbento é perfeito para organizar os itens de cozinha. Conta com duas portas e uma prateleira móvel. Estrutura em MDP, fornecendo melhor resistência à empenamentos, impactos e maior estabilidade. Acabamento com pintura uv, trazendo beleza e maior resistência ao produto.<br> <br> Dimensões<br> Altura: 76cm<br> Largura: 60cm<br> Profundidade: 43cm<br> Peso: 18kg<br> <br> Garantia do fornecedor de 3 meses.",{},,,,,,,,,,,,,,Movelbento,MDP,2,Não informado,Balcão Multiuso,Não informado,1,móvel,Não informado,Não informado,Não informado,Não informado,cozinha,Movelbento,MDP,2 Portas,Branco,,,Convencional
almeidadistribuidor||4987p,Armário,Armário Para Banheiro Herc 34cm X 37cm X 10cm Branco,Características principais<br>MarcaHerc<br>ModeloArmário para Banheiro com espelho<br>Outras características<br>Material: PVC<br>Forma: Quadrada<br>Largura x Altura: 34 cm x 37 cm,{},,,,,,,,,,,,,,Herc,Não informado,Não informado,Branco,Armário para Banheiro,Não informado,Não informado,Não informado,Não informado,PVC,Não informado,Espelho,Banheiro,Herc,PVC,1 Porta,Branco,Suspenso,,Convencional
madeiramadeira-openapi||266947,Armário,Armário Aéreo 2 Portas Opala Sallêto Móveis,"Pensando em organizar sua cozinha e poupar espaço no ambiente mais gostoso da sua casa? Com este incrível Armário Aéreo Opala você terá maior aproveitamento de espaço e organização na sua cozinha. Espaçoso, ele é ideal para deixar o lugar mais bonito e atraente, além de dar aquela força na hora de arrumar as panelas, mantimentos ou o que mais você preferir.","{""cor"":""Branco, Preto"",""marca"":""Sallêto Móveis"",""material_da_estrutura"":""MDP"",""quantidade_de_portas"":""2 Portas""}",Sallêto Móveis,MDP,2 Portas,"Branco, Preto",,,,,,,,,,Sallêto Móveis,Não informado,2 Portas,Opala,Aéreo,Não informado,Não informado,Não informado,Não informado,Não informado,Não informado,Não informado,Cozinha,,,,,,,
multimoveis2||CR35069.T01,Armário,Armário Closet 60cm com 2 Gavetas Multimóveis CR35069 Branco,"O Armário Closet 60cm com 2 Gavetas Multimóveis CR35069 é produzido em madeira ecologicamente correta, MDP (15mm) com acabamento semi brilho e pintura epóxi, o que garante maior durabilidade e facilidade na limpeza. Possui 1 cabideiro em aço com pintura epóxi, 1 prateleira e 2 gavetas, podendo ser usado no quarto sem ocupar muito espaço, perfeito para espaços menores. Com design minimalista e moderno, o armário closet é o produto ideal para compor seu cantinho.<br><br>Conteúdo da Embalagem:<br>1 (um) Armário Closet<br>Kit ferragem<br>Manual de montagem<br><br>Dimensões do produto montado:<br>Altura: 183cm | Largura: 60cm | Profundidade: 45cm<br>*Você pode consultar as medidas detalhadas na imagem técnica do produto.<br><br>*As cores do produto podem sofrer variações de tonalidade de acordo com as configurações do seu dispositivo.<br><br>Imagem meramente ilustrativa. Decoração não acompanha o produto.<br><br>O produto será entregue desmontado e não disponibilizamos o serviço de montagem.","{""cor"":""Branco"",""marca"":""Multimóveis"",""material_da_estrutura"":""MDP"",""tipo"":""Closet""}",Multimóveis,MDP,,Branco,Closet,,,,,,,,,Multimóveis,MDP,Não informado,Branco,Closet,2,1,Sim,1 cabideiro em aço com pintura epóxi,Madeira,Minimalista,"1 Armário Closet
Kit ferragem
Manual de montagem",Quarto,Multimóveis,MDP,,Branco,,2,
technoxcomercioltda||13699p,Armário,Armario Retro Industrial P/ Livros e cabeceiras C/ Cabideiro,"<br>- Estante em madeira 100% reflorestada;<br><br>- Produto ecologicamente correto e sem impacto ambiental;<br><br>- Venda direto de fábrica;<br><br>- Ideal para quartos, Estudios, Lojas, Jardins banheiros, hall de entrada etc;<br><br>- Com 3 prateleiras Multiuso<br><br>- Porta acessórios em ambas as laterais;<br><br>- Cabideiro em formato quadrado;<br><br>- Prateleira maleiro para itens menos utilizados;<br><br>- Tutorial em vídeo da montagem no YouTube.<br><br>ESPECIFICAÇÕES:<br><br>Estante arara com sapateira em madeira reflorestada de Pinus<br><br>DIMENSÕES:<br><br>Altura 170cm<br><br>Largura 82cm<br><br>Profundidade 32,2cm<br><br>PESO DO MÓVEL - 10,500 kg<br><br>ITENS INCLUSOS:<br><br>UMA ESTANTE ARARA EM MADEIRA DE PINUS<br>","{""material_da_estrutura"":""Pinus""}",,Pinus,,,,,,,,,,,,Não informado,madeira,Não informado,Não informado,Armario,Não informado,3,Multiuso,Cabideiro,pinus,Retro Industrial,Prateleira maleiro,"Quartos, Estudios, Lojas, Jardins, banheiros, hall de entrada",Technox,Madeira,,,,,
decorecomamor||16715p,Armário,Armário Módulo Armário Suspenso Aéreo 4 Portas P/ Banheiro,"ARMÁRIO AÉREO 4 PORTAS MULTIUSO SUSPENSO DE PAREDE<br><br>Serve para vários ambientes, Armário Aéreo de parede Multiuso.<br><br>Para você que procura um móvel que ocupa pouco espaço e que ofereça beleza e praticidade a Nova Decor desenvolveu esse lindo armário de parede, ideal para te ajudar na organização da sua cozinha, dispensa, lavanderia, Escritório, com 04 Portas, além de 02 Nichos, com espaços suficientes para armazenarem temperos, materiais de limpeza, panos, etc.. Medidas: (A/L/P):<br>Altura: 62 cm<br>Largura: 120 cm<br>Profundidade: 27 cm<br><br>Cor Branco<br>4 Portas<br>Acabamento alto brilho<br>Puxadores PVC Cromados<br><br><br>FOTOS REAIS DO PRODUTO","{""cor"":""Branco"",""marca"":""Decore Com Amor"",""quantidade_de_portas"":""4 Portas"",""tipo"":""Aéreo""}",Decore Com Amor,,4 Portas,Branco,Aéreo,,,,,,,,,Nova Decor,Não informado,4 Portas,Branco,Aéreo,Não informado,Não informado,Não informado,Não informado,Não informado,Não informado,Não informado,Banheiro,Decore com Amor,,4 Portas,Branco,Aéreo,,Convencional
madeiramadeira-openapi||184881,Armário,Armário Aéreo 80cm 1 Porta Basculante,"A Kappesberg traz um design clássico e requintado, que permite combinações que deixarão o ambiente de sua casa muito mais prática que lhe garantirá mais funcionalidade no seu dia-a-dia. Com uma grande variedade de produtos e lançamentos baseados em tecnologia e design inovadores.","{""marca"":""Kappesberg"",""material_da_estrutura"":""MDP"",""quantidade_de_portas"":""1 Porta"",""tipo"":""Aéreo, Basculante""}",Kappesberg,MDP,1 Porta,,"Aéreo, Basculante",,,,,,,,,Kappesberg,Não informado,1 Porta,Não informado,Aéreo,Não informado,Não informado,Não informado,Não informado,Não informado,Clássico,Basculante,Não informado,,,,,,,
lojasmm||4772,Armário,Armário Aéreo 2 Portas 120cm Lara Luciane,"Mobílie sua cozinha com móveis lindos e de qualidade. Com este moderno Armário aéreo de 120cm de largura, com 2 portas. A estrutura é em MDP com acabamento em BP e fundo em chapa dura.<br> <br> <br> Características:<br> Modelo: Lara 1,20 2PTS<br> Matéria prima em MDP 15 mm<br> 3 prateleiras<br> 2 Portas<br> Dobradiças metálicas 26 mm<br> Não Possui Pistão a gás<br> Sem gavetas<br> Sem corrediças<br> Montagem: Cavilhas e Parafusos<br> 2 Puxadores Em Plástico.<br> <br> <br> Dimensões:<br> Altura: 64 cm<br> Largura: 120 cm<br> Profundidade: 30 cm<br> Peso: 25.5 Kg<br> <br> <br> Garantia do Fornecedor de 6 meses","{""cor"":""Branco, Carvalho"",""marca"":""Luciane Móveis"",""material_da_estrutura"":""MDP""}",Luciane Móveis,MDP,,"Branco, Carvalho",,,,,,,,,,Luciane,MDP,2,Não informado,Aéreo,0,3,Não informado,Não informado,MDP,Moderno,Dobradiças metálicas,Cozinha,,,,,,,
milanistore||FIRENZE94101X184,Armário,Armario Aereo 1 Porta Basculante 70cm 94101 Amendola Nude Prime Tx Demobile,"<p>Armario Aereo 1 Porta Basculante Para Cozinha - Linha Firenze, com visual clean e moderno, conta com excelente qualidade e acabamento de alto padrão, possui estrutura em MDP de 15 mm, e acabamento em pintura UV. Composto por 01 porta articulada com dobradiças metálicas e pistão a gás, equipada com puxador cover em plástico ABS na cor Preto Fosco, possui amplo espaço para armazenamento. Suporta até 3 Kg. Este Armário é um módulo avulso da Composição Cozinha Firenze, confira em nosso site outros módulos desta linha, você pode compor sua cozinha da forma que desejar e fazer diversas combinações. Este móvel chegará em sua casa separado em 1 volume.<br><br><strong>Módulo Aéreo 1 Porta Basculante 70 cm - 94101</strong><br>Altura 29,6 cm<br>Largura 70 cm<br>Profundidade 28,6 cm<br><br><strong>Sistema de Montagem</strong><br>Parafusos, buchas e cavilhas.<br><br><strong>Recomendação de Limpeza</strong><br>Limpar com pano úmido para retirar o pó. Não aplicar produtos abrasivos.<br><br><strong>*Não Acompanha Demais Móveis.<br>*Produtos de Enfeites e Geladeira Não Inclusos. </strong><br><br><strong>Importante Saber</strong><br>As imagens são meramente ilustrativas, não acompanham objetos de decoração e eletrônicos.<br>A tonalidade da cor do produto pode variar de acordo a calibração de cores do seu monitor, a iluminação do ambiente ou sua percepção visual.<br>O cliente deve verificar a quantidade de <strong>VOLUMES</strong> descritos na nota, as condições da embalagem, caso haja algum dano <strong>NÃO ASSINE</strong> o comprovante de recebimento e <strong>RECUSE</strong> a mercadoria.<br>Montagem, desmontagem e outras instalações serão de responsabilidade do cliente.<br>Não nos responsabilizamos por subir escadas/elevadores ou pelo transporte por guincho em apartamentos. Eventuais despesas são de responsabilidade do comprador.<br>Confira as dimensões do produto e certifique-se de que passarão normalmente por supostos elevadores, portas, escadas ou corredores de sua residência.<br>O comprador ou a pessoa que receber os produtos <strong>DEVE VERIFICAR SE OS PRODUTOS RECEBIDOS</strong> correspondem ao mesmo modelo e à mesma quantidade dos produtos adquiridos, o entregador equivocado pode entregar volumes de outra carga.<br><br><strong>Garantia De Fábrica</strong><br>90 dias para eventuais defeitos de fabricação.</p>","{""marca"":""Demóbile"",""material_da_estrutura"":""MDP"",""quantidade_de_portas"":""1 Porta"",""tipo"":""Aéreo""}",Demóbile,MDP,1 Porta,,Aéreo,,,,,,,,,Demobile,MDP,1,Nude,Aéreo,Não informado,Não informado,Não informado,Não informado,MDP,Moderno,Porta Basculante,Cozinha,Demóbile,MDP,1 Porta,Amendola Nude,Aéreo,,Basculante
yesmoveis||9345230,Armário,Armário Granada Cinamomo/Off White Valdemóveis,"Armário Granada Cinamomo/Off White ValdemóveisDescubra o Armário de Cozinha Granada: sofisticado, versátil e com três opções de cores. Organize sua cozinha com estilo e praticidade. Adquira agora e transforme seu espaço em um ambiente único e encantador!ESPECIFICAÇÕES TÉCNICASCódigo GTIN/EAN 7899611232534. Acompanha Nota Fiscal. Material de composição: Aço. Cor: Cinamomo/off white. Marca: Valdemóveis. Acabamento revestido com pintura UV. Material: Mdp 15mm. Acabamento do tampo: Mdp texturizado15mm. Quantidade de portas: 7 Quantidade de prateleiras/base: 3. Estrutura das prateleiras: Mdp 15mm. Quantidade de nichos: 3. Quantidade de gavetas: 2. Gavetas com corrediças telescópicas. Pés: Pés niveladores de 25mm. Quantidade de pés: 8. Material dos pés: Plático. Detalhes: Nicho Adega exclusivo.Puxador em Mdf envelopado.Porta de bater com dobradiça metálica de presssão. Espaços do produto: Espaço livre para trabalho 1060x490mm (LxP). Produto nacional. Requer instalação profissional. Acompanha manual de montagem. MEDIDASLargura: 146,5 cm. Altura: 200 cm. Profundidade: 45 cm. Peso líquido: 77,3 kg.RECOMENDAÇÕES DE MANUTENÇÃO E LIMPEZALimpeza com pano umedecido. AVISOSAs cores dos produtos podem sofrer alterações dependendo do seu monitor ou tela do celular. Não nos responsabilizamos pela montagem e instalação dos produtos.Os objetos, eletrodomésticos e demais móveis que ambientam as fotos não acompanham o produto. Todos os produtos sempre são embalados com total segurança em caixas de papelão revestidas com plástico. Confira a embalagem e o produto no ato da entrega, caso o produto ou embalagem estejam avariados recuse imediatamente, coloque uma observação no verso da nota, se possível, registre por meio de fotos no momento da entrega e entre em contato conosco. Não nos responsabilizamos no ato da entrega por montagens, desmontagens, instalações de produtos, nem utilização de guinchos ou equipamentos similares para acesso a pisos superiores em apartamentos. A entrega será feita até a porta ou portaria do endereço no qual o pedido foi efetuado.Qualquer necessidade de movimentação do produto até o local onde ele será utilizado é de inteira responsabilidade do cliente. Sempre confira as dimensões do produto com as dimensões das passagens nas quais ele precisará ser deslocado, certifique-se de que passará normalmente por escadas, elevadores, portas e corredores. Em nenhuma hipótese as transportadoras sobem escadas, elevadores e adentram residências.","{""marca"":""Valdemóveis"",""material_da_estrutura"":""MDP""}",Valdemóveis,MDP,,,,,,,,,,,,Valdemóveis,Aço,7,Cinamomooff white,Cozinha,2,3,Mdp 15mm,Nicho Adega exclusivo,Mdp 15mm,Não informado,"Puxador em Mdf envelopado, Porta de bater com dobradiça metálica de pressão",Não informado,Valdemóveis,MDP,7 Portas,Cinamomo/Off White,,2,Convencional
gazin||5665,Armário,Armário Multiuso Carraro 2 Portas com Espelho,"<p>Armário Multiuso Carraro 2 Portas com Espelho</p><p> Utilitário versátil, pode ser utilizado em vários ambientes da casa, sua porta lateral é revestida de espelho, o que proporciona amplitude ao ambiente, além de ser um item indispensável para qualquer produto.</p><p><br></p><p> Características:</p><p> Matéria-prima e acabamento:</p><p> MDP 12 e 15mm</p><p> Fundos em MDF 2,5 mm</p><p> Acabamento em pintura UV liso brilhante e sincronizado Touch fosco</p><p> Acessórios:</p><p> Puxador em ABS</p><p> Dobradiças metálicas</p><p> Pés Plásticos</p><p> Espelhos</p><p><br></p><p> Dimensões:</p><p> Altura: 174 cm</p><p> Largura: 56 cm</p><p> Profundidade: 38 cm</p><p> Peso: 36 kg</p><p><br></p><p> Garantia do Fornecedor: 3 meses.</p>","{""cor"":""Branco"",""material_da_estrutura"":""MDF, MDP"",""quantidade_de_portas"":""2 Portas"",""tipo"":""Multiuso""}",,"MDF, MDP",2 Portas,Branco,Multiuso,,,,,,,,,Carraro,MDP,2 Portas,Não informado,Multiuso,Não informado,Não informado,Não informado,com Espelho,MDP 12 e 15mm,Não informado,"Puxador em ABS, Dobradiças metálicas, Pés Plásticos, Espelhos",Não informado,Móveis Carraro,MDP,2 Portas,Branco,,,Convencional
moveisarapongas2||20042218,Armário,Armário De Cozinha Tieli 4 Peças Com Vidro Bor/pret - Móveis Arapongas,"O Armário Cozinha Tieli 4 peças é um lançamento pensado para proporcionar funcionalidade e beleza para agregar a sua cozinha!<br><br>Medida do Produto Montado: A: 186CM | L: 175CM<br>Medida do Balcão: A:88cm | L:105cm | P:44cm<br>Medida Balcão 2PTS: A:88cm | L:70cm | P:44cm<br>Medida do Aéreo 2PTS: A:88cm | L:70cm | P:44cm<br>Medida do Aéreo 2PTS com VIDRO : A:49cm | L:105cm | P:31,6cm<br><br>Materiais de Fabricação<br>- Fabricada em MDP com acabamento em FF (Finish Foil)<br>- Vidro 4mm (Reflecta)<br>- Vidro TEMPERADO <br>- Tonalidade: Boreal/Preto Fosco<br>- Corrediça Metálica<br>- Estruturado com madeira de altíssima qualidade, evitando fungos e mofo<br><br>Conteúdo da Embalagem:<br>- 01 Cozinha<br>- Manual de Montagem<br>- Acessórios para Montagem: Cavilhas, Parafusos, Sache de cola, Etiqueta, Tapa furo.<br><br>Observações Importantes:<br>- Imagens ambientadas meramente ilustrativas, objetos decorativos não compõe o produto;<br>- Produto novo, garantia somente para defeitos de fabricação: 3 meses;<br>- Não realizamos entregas em zonas rurais, via caminhos fluviais e distritos, NÃO ACEITAMOS CEP GERAL;<br>- Não trabalhamos com entrega agendada. O recebedor deve ter mais de 18 anos. O valor do frete não inclui: subida de escada, elevador ou lançamento de produto, em condomínio residencial a entrega é feita somente até a portaria. As entregas são realizadas em dias e horários comerciais;<br>- Ao receber o produto observe se a embalagem está em perfeita condição. Confira atentamente a quantidade de volumes;<br>- Produto entregue desmontado. É responsabilidade do cliente a montagem/instalação do produto, inclusive despesa para sua realização. Recomendamos a contratação de um profissional especializado;<br>- Evitar a exposição direta à luz solar e à umidade. Limpar com pano macio e seco, não utilizar produtos químicos;<br>- A cor do produto pode variar de acordo com o monitor, a iluminação do ambiente ou sua percepção visual.","{""material_da_estrutura"":""MDP""}",,MDP,,,,,,,,,,,,Tieli,MDP,4,BorealPreto Fosco,Cozinha,Não informado,Não informado,Não informado,Com Vidro,"MDP, Vidro 4mm Reflecta, Vidro TEMPERADO, Corrediça Metálica",Não informado,Não informado,Não informado,Móveis Arapongas,MDP,9 Portas,"[Boreal, Preto Fosco]",,1,Convencional
acasademoveis||MP2093.898,Armário,Armário de Cozinha Compacta de Canto com Rodapé Veneza Multimóveis MP2093.898 Preto/Branco,"A Cozinha Compacta de Canto com Rodapé Veneza Multimóveis MP2093 com Armário e Balcão tem um excelente custo benefício e um amplo espaço interno. Produzida em MDP com acabamento acetinado (cerca de 20% de brilho), que garante maior durabilidade e resistência, possui corrediças metálicas (mais leveza no manuseio), rodapés, que deixam o ambiente mais estiloso, puxadores em ABS e tampo em MDP 15mm com pintura de alta resistência. Os módulos de canto podem ser montados dos dois lados (esquerdo ou direito), conforme a sua preferência. Esta cozinha conta, ainda, com balcão com tampo removível (compatível com pia de 150 cm), com 1 gaveta e 3 portas. Os módulos são individuais e você pode montar da maneira que se adaptar melhor ao seu ambiente. <br><br>Conteúdo da Embalagem:<br>1 (um) armário aéreo de canto 90cm<br>1 (um) armário aéreo 150cm<br>1 (um) balcão com tampo de canto 90cm<br>1 (um) balcão com tampo 150cm<br>1 (um) kit com rodapés<br><br>Dimensões do produto montado:<br>Altura: 203cm | Largura: 90 x 202cm | Profundidade: 32cm (aéreos) - 53cm (balcão com tampo)<br>*Você pode consultar as medidas internas na imagem técnica do produto.<br>*As cores do produto podem sofrer variações de tonalidade de acordo com as configurações do seu dispositivo.<br><br>Imagem meramente ilustrativa. Decoração e eletros não acompanham o produto.<br><br>O produto será entregue desmontado e não disponibilizamos o serviço de montagem.","{""cor"":""Preto, Branco"",""marca"":""Multimóveis"",""material_da_estrutura"":""MDP""}",Multimóveis,MDP,,"Preto, Branco",,,,,,,,,,Multimóveis,MDP,3,PretoBranco,Cozinha Compacta,1,Não informado,Não informado,com Rodapé,MDP,Não informado,Não informado,Não informado,Multimóveis,MDP,7 Portas,"[Preto, Branco]",de Canto,1,Convencional
inboxcomerciodemoveis||39552,Armário,Armário Multiuso Flex Cinamomo - Valdemóveis,"<p>Armário Multiuso Flex Cinamomo - Valdemóveis</p> <p>O Armário Multiuso da linha Flex é a solução perfeita para otimizar o espaço e manter seus pertences organizados, seja no quarto, na sala de estar, no escritório ou em qualquer outro ambiente da sua casa. Seu design moderno se adapta a diferentes estilos de decoração, tornando-o uma peça versátil e funcional para o seu ambiente. Desenvolvido pela Valdemóveis com excelentes materiais para maior durabilidade do móvel. Aproveite!</p> <p>Características Técnicas:<br> - Desenvolvido em MDP/MDF de 15mm<br> - Acabamento em pintura U.V na cor Cinamomo<br> - Possui 05 Prateleiras amplas e espaçosas<br> - Espaço entre as prateleiras 500x300x270mm(LxPxA)<br> - Moldura incorporada ao produto<br> - Amplo espaço<br> - Kit com 08 pés em ABS para elevação<br> - Lindo design</p> <p>Dimensões:<br> Altura: 187 cm<br> Largura: 63 cm<br> Profundidade: 31,3 cm</p> <p>Atenção: Não realizamos a montagem ou instalação do produto, porém acompanha manual de instruções.</p><p>Importante: Imprescindível a conferência no ato da entrega. Em caso de anormalidade, recuse.</p>","{""marca"":""Valdemóveis"",""material_da_estrutura"":""MDF, MDP"",""tipo"":""Multiuso""}",Valdemóveis,"MDF, MDP",,,Multiuso,,,,,,,,,Valdemóveis,MDP/MDF,Não informado,Cinamomo,Multiuso,Não informado,5,Amplas e espaçosas,"Moldura incorporada ao produto, Kit com 08 pés em ABS para elevação",MDP/MDF,Moderno,Não informado,"Quarto, sala de estar, escritório",Valdemóveis,"[MDF, MDP]",,Cinamomo,,,
homesupreme||2972,Armário,Armário De Cozinha Para Fornos Aveiro Be Mobiliario Cook,"Uma linha de cozinhas cheia de possibilidades. Com a Cook, voce#770; tem a maior liberdade para compor seus mo#769;veis. Isso e#769; possi#769;vel grac#807;as a sua proposta u#769;nica de combinac#807;o#771;es de cores e modulac#807;o#771;es. Tanta versatilidade inspira quem busca uma soluc#807;a#771;o inteligente, pra#769;tica e contempora#770;nea. Assim, fica fa#769;cil viver experie#770;ncias u#769;nicas em um ambiente onde cada detalhe revela cuidado, beleza e um design minimalista.<br> <br> Dimensões do Produto: <br> Altura: 220 cm<br> Largura: 70 cm<br> Profundidade: 51 cm<br> Peso: 49,4 Kg<br> <br> Garantia: 3 meses","{""marca"":""Be Mobiliário""}",Be Mobiliário,,,,,,,,,,,,,Be Mobiliario,Não informado,Não informado,Não informado,Cozinha,Não informado,Não informado,Não informado,Não informado,Não informado,Não informado,Não informado,Não informado,Be Mobiliário,,3 Portas,Aveiro e Oxid,,,"[Convencional, Basculante]"
acostaricacolchoes||33274S6133,Armário,Armário Aéreo p/ Cozinha  Belize 1 Porta Cinza - Henn,"<br> Armário Aéreo p/ Cozinha Belize c/1 Porta 40cm Cinza - Henn<br><br> Marca: Henn<br><br>Dimensões(Cm): Comprimento(Profundidade): 40,5cm x Largura: 70,6cm x Altura: 10,5cm<br><br> Material de Estrutura<br> - 100% MDF<br> Tipo de Móvel<br> - Armário Aéreo<br> Tipo de Pintura<br> - Pintura em UV (Ultravioleta)<br> Tipo de Acabamento da Pintura<br> - Semi Brilho<br> Tipo de Acabamento<br> - Interior em Trama<br><br> Tipo de Dobradiças<br> - Dobradiças c/ Amortecimento<br> Tipo de puxador<br> - ABS/PVC<br> Quantidade de Portas<br> - 1 Porta de Abrir<br> Quantidade de Prateleiras<br> - 2 Prateleiras<br><br> Montagem do Produto<br> - Desmontável<br> Certificação de Qualidade<br> - Certificação de Qualidade Aprovada<br> Garantia<br> - 3 meses<br><br>Imagens Meramente Ilustrativas.<br>Não nos responsabilizamos pela montagem/instalação dos produtos.<br>Todas as informações divulgadas são de responsabilidade exclusiva do fabricante/fornecedor.","{""marca"":""Henn"",""material_da_estrutura"":""MDF"",""quantidade_de_portas"":""1 Porta""}",Henn,MDF,1 Porta,,,,,,,,,,,Henn,100 MDF,1 Porta de Abrir,Cinza,Armário Aéreo,Não informado,2 Prateleiras,Não informado,Não informado,Não informado,Não informado,Não informado,Não informado,Henn,MDF,1 Porta,Cinza,Aéreo,,Convencional
arede||883631208,Armário,Sapateira Multiuso Armário Organizador 3 Gavetas Quarto Madeira Maciça Pinus Marrom Carvalho Branco,"<p>Essa sapateira é a peça perfeita para a composição de qualquer casa, ideal para quem preza pela estética e organização. Trazendo elegância e classe em sua composição, combina com diversos ambientes. É composta em madeira maciça de pinus de reflorestamento, possui 3 gavetas.</p> <p>Especificações</p> <p>Comprimento: 70 cm </p> <p>Largura: 28 cm</p> <p>Altura: 123 cm</p> <p>3 Gavetas</p> <p>Puxadores metálicos em ouro envelhecido</p> <p>Estrutura em madeira maciça de pinus de reflorestamento</p> <p>Recomendação de Limpeza: Limpar com pano seco para retirar o pó. Não aplicar produtos abrasivos.</p> <p>Produtos de Enfeite e Eletrônicos Não Estão Inclusos.</p>",{},,,,,,,,,,,,,,Não informado,Madeira Maciça,Não informado,Marrom Carvalho Branco,Sapateira,3 Gavetas,Não informado,Não informado,Puxadores metálicos em ouro envelhecido,Pinus,Multiuso,Não informado,Quarto,Finestra,Madeira,,Branco,,3,
silhappystore||15848954809,Armário,Armário Aéreo 60cm Parede Cozinha Lavanderia Banheiro,"<p>Armário Aéreo Multiuso com excelente custo benefício para você! Possui 2 portas e amplo espaço interno, prateleira com 3 níveis de regulagem. Revestido com melamínico que garante a durabilidade do móvel e também a sua beleza. Ideal para quartos, cozinhas, lavanderias, etc.</p><p><br></p><p>Característica</p><p><br></p><p>Estrutura em MDF 15mm</p><p>Revestimento melamínico/BP</p><p>2 portas</p><p>1 Prateleira com 3 níveis de regulagem</p><p>Capacidade de cada prateleira 15kg</p><p>Puxadores perfil alumínio de encaixe</p><p>Dobradiças 35mm com amortecedor</p><p><br></p><p>Produto entregue montado</p><p>Fotos reais do produto</p><p>Acompanha Kit para fixação em parede</p><p>Garantia de 3 meses contra defeitos de fabricação</p><p><br></p><p>Medidas:</p><p>Largura: 60</p><p>Altura: 62cm</p><p>Profundidade: 32cm</p><p>Peso:12kg</p>","{""quantidade_de_portas"":""2 Portas"",""tipo"":""Aéreo""}",,,2 Portas,,Aéreo,,,,,,,,,Não informado,MDF,2,Não informado,Aéreo,Não informado,3,com 3 níveis de regulagem,com amortecedor,Melamínico,Não informado,Puxadores perfil alumínio de encaixe,"Cozinha, Lavanderia, Banheiro",SilHappyStore,MDF,2 Portas,Branco,Aéreo,,Convencional
flipvendademoveis||29207,Armário,Armário Aéreo Nicho Connect 20x83 cm Duna  Henn,"<p>Armário Aéreo Nicho Connect 20x83 cm Duna – Henn</p><p>Para complementar sua cozinha, apresentamos o Armário Aéreo Nicho da linha Connect desenvolvido pela Henn. Com seu lindo design contemporâneo na cor Duna, oferece muito aconchego e sofisticação ao ambiente. Produzido 100% em MDF, entrega muito mais qualidade e durabilidade auxiliando no seu dia a dia. Confira e aproveite!</p><p>Características Técnicas: <br> - Desenvolvido 100% em MDF <br> - Pintura UV na cor Duna <br> - Acabamento fosco <br> - Possui 1 prateleira <br> - Muito mais qualidade <br> - Design Lindo e Moderno</p><p>Dimensões:<br> Altura: 83 cm<br> Largura: 20 cm<br> Profundidade: 31 cm</p><p>Obs: Não realizamos a montagem do produto, porem acompanha manual de montagem.</p>","{""marca"":""Henn"",""material_da_estrutura"":""MDF""}",Henn,MDF,,,,,,,,,,,,Henn,MDF,Não informado,Duna,Aéreo,Não informado,1,Sim,Não informado,MDF,Contemporâneo,Não informado,Cozinha,Henn,MDF,,Duna,Aéreo,,
ceccasaeconstrucao||21d199eb478b05dbde804e1c8fe04dbe,Armário,Armário Branco a320,Medidas: 20x13x73,"{""cor"":""Branco""}",,,,Branco,,,,,,,,,,Não informado,Não informado,Não informado,Branco,Armário,Não informado,Não informado,Não informado,Não informado,Não informado,Não informado,Não informado,Não informado,Fermar Scalline,,,Branco,,,
redeconstruir-minascomercial||15937531552,Armário,Armário Banheiro Lotus 55cm com Espelheira Café/Off White Mgm Moveis,"Armário Banheiro Lotus 55cm com Espelheira Café/Off White Mgm Moveis <br> <br>Armário para banheiro suspenso com espelheira<br> <br>Especificações;<br>- 1 porta e uma prateleira em MDF<br>- Espelheira com duas prateleiras<br>- Puxador em ABS<br>- Estrutura 100% MDF<br>- Amplo espaço interno<br>- Lavatório 100% mármore sintético com mais durabilidade e resistência.<br>- Modelo: Lotus<br>- Peso suportado máximo:2 kg<br> <br>Medida do Armário:<br>- Altura: 46cm<br>- Largura: 55cm<br>- Profundidade: 31,5cm<br> <br>Medida da Espelheira:<br>- Altura: 44cm<br>- Largura:55cm<br>- Profundidade:13,7cm<br> <br>* Não acompanha os demais itens das imagens.<br> <br>* Imagens meramente ilustrativa.",{},,,,,,,,,,,,,,Mgm Moveis,MDF,1,CaféOff White,Banheiro,Não informado,1,MDF,Espelheira,MDF,Não informado,Puxador em ABS,Não informado,MGM Móveis,MDF,1 Porta,"[Café, Off White]",Suspenso,,Convencional
acostaricacolchoes||6375997d96144038047e8258,Armário,Armário Multiuso Casal Turim c/ 2 Portas Amêndoa/Off White - Conquista,"<strong>Armário Multiuso Casal Turim c/ 2 Portas Amêndoa/Off White - Conquista</strong><br> <br> Marca: <strong>Conquista</strong><br><br>Dimensões(Cm): Comprimento(Profundidade): 52,4 x Largura: 35,2 x Altura: 188,7<br> <br> <strong>CARACTERÍSTICAS DE MÓVEIS</strong><br> <strong>Tipo de Estrutura do Móvel</strong><br> - MDP<br> <strong>Tipo de Pintura</strong><br> - UV<br> <strong>Tipo de Acabamento da Pintura</strong><br> - Semi Brilho<br> <strong>Tipo de puxador</strong><br> - ABS/PVC<br> <strong>Quantidade de Prateleiras</strong><br> - 4<br> <strong>Quantidade de Portas</strong><br> - 2<br> <strong>Garantia</strong><br> - 3<br> <br> <strong>BENEFÍCIOS DE MÓVEIS</strong><br> <strong>Certificação de Qualidade de Móveis</strong><br> - Qualidade Aprovada<br> <br> <br> <strong> Não nos responsabilizamos pela montagem/instalação dos produtos.</strong><br> <strong>Todas as informações divulgadas são de responsabilidade exclusiva do fabricante/fornecedor. </strong><br> <strong>Imagens Meramente Ilustrativas.</strong><br> <strong>Verifique com os fabricantes do produto e de seus componentes eventuais limitações à utilização de todos os recursos e funcionalidades.</strong>","{""cor"":""Amêndoa, Off White"",""marca"":""Conquista Móveis"",""material_da_estrutura"":""MDP"",""quantidade_de_portas"":""2 Portas""}",Conquista Móveis,MDP,2 Portas,"Amêndoa, Off White",,,,,,,,,,Conquista,MDP,2,AmêndoaOff White,Multiuso Casal,Não informado,4,Não informado,Não informado,Não informado,Não informado,Não informado,Não informado,Conquista Móveis,MDP,2 Portas,"[Amêndoa, Off White]",,,Convencional
oliststore||MGL25UJ9Y1TSMWHN,Armário,Armario De Cozinha Suspenso Bolivia Branco Casa Moderna,"Armario de Cozinha Suspenso Bolivia Branco Casa Moderna Lindo, prático e funcional, o armário aéreo com ótimo acabamento e excelente espaço interno para você utilizar na cozinha, ou onde mais sua imaginação mandar, graças à versatilidade deste produto. O armário aéreo é produzido em MDP 15mm de alta qualidade, garantindo a durabilidade do produto. Medidas do Produto Montado (L x A x P): 90 x 60 x 30 Este produto possui 02 variações de cor. Branco e Castani. Acabamento em Pintura UV. Informações Importantes: Recomendamos que a montagem seja feita por profissional adequado (montador) que tenha competência para tal, pois a garantia não cobre peças danificadas por imperícia neste processo. Imagens meramente ilustrativas. Objetos de decoração nas fotos não fazem parte da venda. O produto pode sofrer pequenas variações de cor de acordo com o aparelho em que está sendo visto ou de acordo com o lote fabricado. Dicas de Limpeza: O produto deve ser limpo com pano macio e umedecido em água. Para secagem usar pano seco. Não utilizar produtos químicos ou álcool pois a pintura pode ser que sofreu danos e o móvel sofrer uma redução na vida útil.","{""cor"":""Branco"",""marca"":""Moderna"",""material_da_estrutura"":""MDP"",""tipo"":""Suspenso""}",Moderna,MDP,,Branco,Suspenso,,,,,,,,,Casa Moderna,MDP,2,Branco,Suspenso,Não informado,Não informado,Não informado,Não informado,MDP,Não informado,Não informado,Cozinha,Casa Moderna Movelaria,MDP,3 Portas,Branco,Suspenso,,Convencional
outletdasfabricas||40220336-0002,Armário,Armário Aéreo Cozinha Fettuccine Politorno de Canto 1 Porta e 4 Nichos Branco Cinza,"<p>O Armário Aéreo Fettuccine de Canto da Politorno é a solução perfeita para otimizar o espaço da sua cozinha. Com 1 porta, equipada com sistema de amortecimento slide on, proporcionando abertura suave e silenciosa. Além disso, conta com 4 nichos adega, ideais para armazenar suas garrafas de forma organizada e 4 prateleiras firmes e resistentes. Seu modelo sofisticado e moderno nas cores branco e cinza combinam com qualquer estilo de decoração. Com o Armário Aéreo Fettuccine de Canto da Politorno, funcionalidade e estilo se encontram, garantindo a melhor escolha para sua cozinha!</p> <p>Especificações:</p> <p>Comprimento: 93,5 cm</p> <p>Largura: 52 cm</p> <p>Altura: 67 cm</p> <p>Estrutura do produto: MDP</p> <p>1 Porta feita em MDF com amortecimento slide on, que proporciona um fechamento suave</p> <p>4 Prateleiras firmes e resistentes</p> <p>4 Nichos adega garrafeiros para armazenar suas garrafas de bebidas</p> <p>Puxador de inox, com brilho, proporcionando aspecto brilhante</p> <p>Revestimento em UV TEX/Revestimento Melamínico</p> <p>Acabamento em FF Álamo</p> <p>Sistema de montagem conta com travessas de fixação que distribuem o peso de forma adequada</p> <p>Costas do módulo possuem um sistema de encaixe que torna a montagem mais rápida e precisa</p> <p>Costas com ranhura, maior precisão e acabamento, evita mofo no móvel e na parede</p> <p>Acabamento de 6 camadas: Relevo, verniz, impressão, primer, primer, massa e MDP</p> <p>Borda PVC 1 mm - acabamento de maior qualidade ao toque e resistência</p> <p>Acabamento Fosco</p> <p>Cor: Branco / Ardósia</p> <p>As configurações do seu monitor ou dispositivo móvel podem afetar a tonalidade da cor do produto. Conferir na descrição.</p> <p>Recomendação de Limpeza: Limpar com pano seco para retirar o pó. Não aplicar produtos abrasivos.</p> <p>Produtos de Enfeite e Eletrônicos Não Estão Inclusos. </p>","{""marca"":""Politorno"",""quantidade_de_portas"":""1 Porta"",""tipo"":""Aéreo, Canto""}",Politorno,,1 Porta,,"Aéreo, Canto",,,,,,,,,Politorno,MDP,1,Branco Cinza,Aéreo,Não informado,4,firmes e resistentes,4 nichos adega,MDF,Moderno,"Sistema de amortecimento slide on, Puxador de inox",Cozinha,Politorno,MDP,1 Porta,"[Branco, Cinza]",Aéreo,,Convencional
decorecomamor||145811p,Armário,Balcão Armário Branco C/ 1 Porta Rodinhas Base De Decoração,"Medidas: Dimensões (A/L/P):<br><br>ALTURA: 0,71m<br><br>LARGURA: 0,60m<br><br>PROFUNDIDADE: 0,35m<br><br>Cores: Branco c/ preto<br><br>1 Gaveta<br><br>Corrediças metálicas<br><br>Rodízios - Rodinhas brancas<br><br>Acabamento alto brilho<br><br>Puxadores PVC Cromados<br><br>Características<br><br>Cor: Branco com Preto<br>","{""cor"":""Branco"",""marca"":""Decore Com Amor"",""quantidade_de_gavetas"":""1 Gaveta"",""quantidade_de_portas"":""1 Porta""}",Decore Com Amor,,1 Porta,Branco,,1 Gaveta,,,,,,,,Não informado,Não informado,1 Porta,Branco c preto,Balcão,1 Gaveta,Não informado,Não informado,Rodinhas - Rodinhas brancas,Não informado,Não informado,Corrediças metálicas,Base De Decoração,Decore com Amor,,1 Porta,Branco,,1,Convencional
girusindustriaecomerciodemoveise||245,Armário,Armário Lavanderia Multiuso 2 Portas,"<p> Armário Lavanderia 2 Portas Multiuso </p> <p>Lindo Armário para lavanderia com 4 prateleiras e abertura lateral para colocar escada, tábua de passar roupa ou o que desejar.</p> <p>Armário com rodízios ( rodinhas ) </p> <p>Puxadores cromado</p> <p>Pintura UV</p> <p>Dimensões do produto:</p> <p> Altura: 1,60m</p> <p> Largura: 0,60m</p> <p> Profundidade: 0,34m</p> <p> Material: Mdp </p> <p>FOTOS REAIS DO PRODUTO</p> <p>IRÁ COM GARANTIA</p>","{""material_da_estrutura"":""MDP"",""quantidade_de_portas"":""2 portas"",""quantidade_de_prateleiras"":""4 prateleiras"",""tipo"":""Multiuso""}",,MDP,2 portas,,Multiuso,,4 prateleiras,,,,,,,Não informado,MDP,2 Portas,Não informado,Lavanderia,Não informado,4 prateleiras,Não informado,com rodízios  rodinhas,MDP,Multiuso,Puxadores cromadop,Não informado,Click Forte,MDP,2 Portas,Branco,,,Convencional
madesamoveis||GRGL2600037K,Armário,Armário de Cozinha Completa 260cm Rustic/Preto Glamy Madesa 03,"<p>Este Armário de Cozinha Completa da linha Glamy da Madesa é moderno e espaçoso, perfeito para deixar sua casa muito mais confortável e prática.<br><br>Com ótimo espaço interno, esta cozinha conta com armários e balcões com ótima capacidade e perfeitos para fazer a organização de todos os utensílios, louças e alimentos.<br><br>A fabricação é feita com materiais de qualidade, como corrediças telescópicas, puxadores com perfil total em alumínio, dobradiças com amortecimento e pés reguláveis em PVC, com rodapé removível em MDP.<br><br>Um grande detalhe desta cozinha é que ela é planejada, composta por módulos avulsos que podem ser organizados conforme a necessidade do seu ambiente.<br><br>Para completar, o acabamento da estrutura é no padrão amadeirado Rustic e o das portas e frentes é preto. Feito em Pintura Poliéster ecológica, o processo conta com a aplicação de 7 camadas de proteção resistentes a água e calor.<br><br>Esta cozinha pode ser complementada pelos módulos avulsos da linha Glamy da Madesa.<br><br>Medidas totais:<br>- 225 cm de altura<br>- 260 cm de largura<br>- 52 cm de profundidade nos balcões e 31 cm nos aéreos<br><br>Itens inclusos:<br>- Um (1) Aéreo de 120 cm com duas (2) portas<br>- Um (1) Balcão de Pia com uma (1) porta e duas (2) gavetas (Não acompanha tampo e pia.)<br>- Um (1) Aéreo de 60 cm com uma (1) porta<br>- Um (1) Balcão de 60 cm com uma (1) porta e tampo<br>- Um (1) Aéreo de 80 cm com uma (1) porta basculante<br><br>Código do produto: GRGL2600037K<br><br>Obs.:<br>- As imagens são meramente ilustrativas, a pia, os eletros e a decoração não acompanham o produto<br>- A Madesa não disponibiliza serviço de montagem<br>- O produto segue com manual e todas as ferragens necessárias para a instalação<br><br>1 O produto vem montado? Se não, vocês realizam a montagem?<br>R.: A Madesa não disponibiliza serviço de montagem. Todos os produtos seguem com manual de instalação e as ferragens necessárias. Alguns produtos possuem vídeo explicando o passo a passo da montagem.<br><br>2 Vocês possuem loja física? Posso retirar meu produto em mãos?<br>R.: Não possuímos loja física, apenas loja virtual. Confira as opções de envio ao colocar o seu CEP.<br><br>3 Qual é o valor do envio? Posso pagar separadamente?<br>R.: O valor do envio é calculado com base no peso e volume do produto, e no CEP de destino. Você pode calcular o valor e prazo de entrega no simulador.<br><br>4 A Madesa entrega em todo Brasil? Como é feita a entrega?<br>R.: Sim, entregamos no Brasil inteiro através de transportadoras parceiras.<br><br>5 Os produtos possuem garantia?<br>R.: Sim. A Madesa oferece 3 meses de garantia para defeitos de fabricação.</p>","{""marca"":""Madesa"",""quantidade_de_portas"":""2 Portas""}",Madesa,,2 Portas,,,,,,,,,,,Madesa,MDP,7,RusticPreto,Cozinha Completa,2,Não informado,Não informado,Pés reguláveis em PVC com rodapé removível em MDP,MDP,Moderno,"Corrediças telescópicas, puxadores com perfil total em alumínio, dobradiças com amortecimento",Cozinha,Madesa,MDP,6 Portas,Preto,,2,"[Convencional, Basculante]"
vallisadecor||armc2prte5prtlpretx1qmovi,Armário,Armário Com 2 Portas e 5 Prateleiras Preto 4095 - Qmovi,"Armário Com 2 Portas e 5 Prateleiras Preto 4095 - Qmovi <br> <br>O Armário foi desenhado para decorar e organizar seus objetos de maneira moderna e funcional. Seu design compacto, é perfeito para ambientes menores que precisam de otimização do espaço. O produto faz combinação perfeita com a Mesa Gamer/Escritório e com a Mesa Escrivaninha Qmovi.<br> <br>DIMENSÕES: <br>Altura: 158 cm; <br>Largura: 61 cm; <br>Profundidade: 35 cm.<br> <br>CARACTERISTICAS: <br>- Material da Estrutura: MDP<br>- Espessura do Tampo (mm): 15<br>- Pintura: UV <br>- Sapata plástica:<br>- Quantidade de Prateleiras: 5<br>- Tipo de Puxador: Puxador de Plástico Coleira<br>- Quantidade de Portas: 2<br>- Suporta até 42kg distribuídos e sem impacto<br>- Garantia: 3 meses (contra defeito de fábrica)<br> <br>MONTAGEM: <br>- Necessita Montagem: Sim<br>- O Produto vai desmontado com manual e todos acessórios. Recomendamos que a montagem seja feita por um profissional. <br>- Para a montagem do produto, consulte o esquema de montagem incluso na embalagem. Tempo médio de montagem: 50 min<br> <br>- Você irá receber: 01 Volume.<br> <br>OBSERVAÇÕES IMPORTANTES: <br>- Instruções de Limpeza: Utilizar um pano limpo e levemente úmido;<br>- As imagens são meramente ilustrativas não acompanham objetos de decoração;<br>- Poderá ocorrer uma pequena variação de tonalidade na cor do produto, devido a produção de luz e sombra da foto, comparado ao ambiente residencial;<br>- Todos os produtos vão embalados com total segurança;<br>- Montagem será de responsabilidade do comprador. Recomenda-se um profissional com experiência para montagem do produto;<br>- Não nos responsabilizamos, no ato da entrega, por subir escadas/elevadores ou transporte por guincho em apartamentos. Eventuais despesas são de responsabilidade do comprador;<br>- Confira antes de comprar as dimensões do produto;<br>- As orientações acima, evita-se futuros desagrados ou imprevistos com a entrega do produto.","{""cor"":""Preto"",""marca"":""Qmovi"",""quantidade_de_portas"":""2 Portas"",""quantidade_de_prateleiras"":""5 Prateleiras""}",Qmovi,,2 Portas,Preto,,,5 Prateleiras,,,,,,,Qmovi,MDP,2,Preto,Não informado,Não informado,5,Não informado,Não informado,Não informado,Não informado,Não informado,Não informado,Qmovi,MDP,2 Portas,Preto,,,Convencional
thlmoveis||26663,Armário,Armário com 04 prateleiras para Home Office ME4115 Amendoa - Tecno Mobili,"Armário com 04 prateleiras para Home Office ME4115 Amêndoa é a peça certa para organizar seu escritório. Possui 04 prateleiras para melhor organizar seus arquivos de documentos. Sua estrutura em BP tornando o produto mais resistente. Aproveite!<br><br><strong>Dimensões do Produto:</strong><br><strong>Largura:</strong> 60 cm.<br><strong>Altura:</strong> 171 cm.<br><strong>Profundidade:</strong> 31,5 cm.<br><strong>Peso:</strong> 30,85 Kg.<br><br><strong>Características do Produto:</strong><br><strong>Material da Estrutura:</strong> MDP 15 mm.<br><strong>Peso Suportado: </strong>12 Kg por prateleira.<br><strong>Acabamento: </strong>Pintura BP.<br><strong>Escala de brilho: </strong>Fosco.<br><strong>Possui Portas: </strong>Sim.<br><strong>Material da Porta: </strong>MDP.<br><strong>Quantidade de Portas: </strong>2 Portas.<br><strong>Tipo de Portas: </strong>Convencional.<br><strong>Tipo de dobradiças:</strong> Metálicas.<br><strong>Possui Prateleiras: </strong>Sim.<br><strong>Material da prateleira: </strong>MDP.<br><strong>Quantidade de Prateleiras: </strong>4 Prateleiras.<br><strong>Possui Nichos: </strong>Sim.<br><strong>Quantidade de Nichos: </strong>3 Nichos internos.<br><strong>Possui Gavetas:</strong> Não.<br><strong>Possui Pés: </strong>Não.<br><strong>Possui puxador: </strong>Sim.<br><strong>Diferenciais: </strong><br>- Puxadores de plástico PVC cromado.<br>- Design moderno.<br><strong>Sistema de montagem: </strong>Minifix.<br><strong>Manual de montagem: </strong>Sim.<br><strong>Complexidade da Montagem: </strong>Média.<br><strong>Montagem: </strong>Recomendamos que a montagem seja feita por um profissional.<br><strong>Conteúdo da Embalagem: </strong>1 Armário.<br><strong>Volumes: </strong>2 Volumes.<br><strong>Garantia do Fabricante: </strong>90 dias contra defeito de fabricação.<br><strong>Recomendação de limpeza: </strong>Utilize pano levemente úmido.<br><br><strong>Observações importantes:</strong><br>- Produto para uso residencial em ambiente interno, não devendo ficar exposto diretamente ao sol, calor e umidades excessivas.<br>- Pode haver alguma diferença de tonalidade entre a imagem e o produto real, por conta do tratamento de imagens e a calibração de cores do seu monitor.<br>- As imagens são meramente ilustrativas, não acompanham objetos de decoração e eletrônicos.<br>- Ao receber a mercadoria, o cliente deve verificar as condições da embalagem, caso haja alguma avaria não assine o comprovante de recebimento.<br>- Montagem, desmontagem e outras instalações serão de responsabilidade do cliente. Não nos responsabilizamos, no ato da entrega, por subir escadas/elevadores ou pelo transporte por guincho em apartamentos. Eventuais despesas são de responsabilidade do comprador.<br>- Confira as dimensões do produto e certifique-se de que passará normalmente por supostos elevadores, portas, escadas e/ou corredores de sua residência.","{""marca"":""Tecno Mobili"",""material_da_estrutura"":""MDP""}",Tecno Mobili,MDP,,,,,,,,,,,,Tecno Mobili,MDP,2 Portas,Amêndoa,Armário,Não,4 Prateleiras,MDP,Não informado,MDP,Moderno,Puxadores de plástico PVC cromados,Home Office,Tecnomobili,MDP,2 Portas,Amêndoa,,,Convencional
ajl||128739p,Armário,Armário Aparador + 02 Prateleiras + Arara Simples P/ Cozinha e P/ Area Serviço P/ Todos Ambientes,"<br>*** CLIQUE AQUI PARA VER AS MEDIDAS ***<br><br><br>- Estante arara em madeira maciça reflorestada;<br><br>- Compra direto de fábrica;<br><br>- Perfeita para organizar e otimizar espaços;<br><br>- Perfeito para todo lugar da casa, multiuso para cozinha, lavanderia e closet.<br><br><br>ESPECIFICAÇÕES:<br><br>Estante arara com prateleiras e estrutura em madeira maciça de Pinus.<br><br><br>DIMENSÕES :<br><br>Altura 170,0 cm<br><br>Largura 60 cm<br><br>Profundidade 32 cm<br><br><br>2Prateleira 60cm<br><br>[ Características: ]<br><br>2 Par de Mão Francesa<br><br>2 Tábua em Pinus 60cm x 20cm x 1,8cm<br><br>Cor Mão Francesa: Preto All Black<br><br><br>*ACOMPANHA PARAFUSOS E BUCHAS*<br><br><br>Aparador Pinus<br><br>[MEDIDAS]<br><br>- Altura: 140 cm<br><br>- Largura: 50 cm<br><br>- Profundidade: 30 cm<br><br>[DESCRIÇÃO DO PRODUTO]<br><br><br>- Produto: Estante 5 prateleiras<br><br>- Ambiente: Todos<br><br>- Material: 100% Pinus natural aparelhado<br><br>- Cor: Pinus Natural<br><br>- Montagem: Super fácil em menos de 20 minutos.<br><br><br>Medida da mão francesa: 20cm de profundidade x 10cm de altura (para prateleiras de 20cm de profundidade)<br><br>Com encaixe ideal para madeiras de 20cm de profundidade, você pode montar pela largura que quiser (recomendamos uma mão francesa a cada 60cm)<br><br>A peça conta com um design clean e moderno para decorar seu ambiente e destacar os tampos e a própria peça.<br><br>Feito com materiais de primeira qualidade, produção artesanal, acabamento realizado de forma individual para garantir a qualidade e eficácia de cada peça.<br><br><br>Especificação técnica:<br><br><br>- Tábua Pinus com nó 60 x 1,8 x 20cm<br><br>- Peça produzida em barra chata galvanizada 1x1/8 (2,5cm largura x 3mm espessura)<br><br>- Pintura automotiva com tinta PU<br><br>- Peso que a peça suporta: até 15kg<br><br><br>Perguntas e respostas<br><br>Qual informação você precisa?<br><br><br><br>APROVEITE ESSE VALOR PROMOCIONAL TEMPORÁRIO<br>",{},,,,,,,,,,,,,,Não informado,Madeira maciça,Não informado,Preto All Black,Aparador,Não informado,2,Sim,Não informado,Pinus,Moderno,"2 Par de Mão Francesa, 2 Tábua em Pinus 60cm x 20cm x 18cm","Cozinha, Área de serviço, Todos ambientes",AJL,Madeira,,,,,
moveislinhares||110794,Armário,Armário Aéreo Porto 80cm Itatiaia com 2 Portas - Off White,"Armário Aéreo Porto 80cm Itatiaia com 2 Portas - Off White<br><br>Excelente opção para guardar xícaras, taças e porcelanas! Com um design moderno com muita personalidade, proporciona um ambiente aconchegante!<br><br>Informações Técnicas:<br>- Marca: Itatiaia<br>- Modelo: Porto<br>- Estrutura: 100% MDF<br><br>Cor:<br>- Off White<br><br>Características:<br>- 02 Portas<br>- Puxador em ABS<br>- Acabamento impecável<br>- 01 prateleira interna<br><br>Dimensões:<br>- Altura: 68cm<br>- Largura: 80cm<br>- Profundidade: 31cm<br><br>Garantia do Produto: 03 Meses","{""marca"":""Itatiaia"",""tipo"":""Aéreo""}",Itatiaia,,,,Aéreo,,,,,,,,,Itatiaia,MDF,2,Off White,Aéreo,Não informado,1,interna,Puxador em ABS,Não informado,Moderno,Não informado,guardar xícaras taças e porcelanas,Itatiaia,MDF,2 Portas,Off White,Aéreo,,Convencional
madesamoveis||G253506ETE,Armário,Armário Aéreo Madesa Stella 35 cm 1 Porta - Rustic/Branco,"<p>O Armário Aéreo de 35 cm da linha Stella da Madesa conta com uma porta convencional e espaço interno dividido em dois nichos que auxiliam na organização de louças, mantimentos e o que mais você preferir.<br><br>É fabricado com materiais de alto padrão, como puxadores slim em alumínio e dobradiças metálicas com amortecimento para fechamento suave.<br><br>O acabamento da estrutura é no padrão amadeirado Rustic e a porta é branca. A parte interna das costas é branca. O processo é feito com a Pintura Poliéster ecológica com sete camadas de proteção, exclusiva da Madesa.<br><br>Este aéreo pode ser combinado com outros módulos e com todas as cozinhas da linha Stella da Madesa.<br><br>Imagens meramente ilustrativas. A decoração não acompanha o produto.<br><br>Itens inclusos:<br>- Um (1) Armário Aéreo de 66 cm de altura x 35 cm de largura x 31 cm de profundidade com uma (1) porta e dois (2) nichos internos.<br><br>Código do produto: G253506ETE<br><br>Obs.: A Madesa não disponibiliza serviço de montagem. O produto segue com manual de instalação e todas as ferragens necessárias para sua montagem.<br><br>1 O produto é novo ou usado?<br>R.: Todos os produtos da Madesa são novos, enviados da nossa fábrica diretamente para as casas de nossos clientes.<br><br>2 O produto vem montado? Se não, vocês realizam a montagem?<br>R.: A Madesa não disponibiliza serviço de montagem. Todos os produtos seguem com manual de instalação e as ferragens necessárias. Alguns produtos possuem vídeo explicando o passo a passo da montagem.<br><br>3 Vocês possuem loja física? Posso retirar meu produto em mãos?<br>R.: Não possuímos loja física, apenas loja virtual. Confira as opções de envio ao colocar o seu CEP.<br><br>4 Qual é o valor do envio? Posso pagar separadamente?<br>R.: O valor do envio é calculado com base no peso e volume do produto, e no CEP de destino. Você pode calcular o valor e prazo de entrega no simulador.<br><br>5 A Madesa entrega em todo Brasil? Como é feita a entrega?<br>R.: Sim, entregamos no Brasil inteiro através de transportadoras parceiras.<br><br>6 O produto acompanha Nota Fiscal?<br>R.: Sim, todos os produtos são entregues com suas respectivas notas fiscais.<br><br>7 Os produtos possuem garantia?<br>R.: Sim. A Madesa oferece 3 meses de garantia para defeitos de fabricação.</p>","{""cor"":""Branco"",""marca"":""Madesa"",""material_da_estrutura"":""MDP"",""quantidade_de_portas"":""1 Porta""}",Madesa,MDP,1 Porta,Branco,,,,,,,,,,Madesa,Não informado,1,RusticBranco,Aéreo,Não informado,2,Não informado,Não informado,Alumínio,Não informado,Dobradiças metálicas,"Louças, mantimentos",Madesa,MDP,1 Porta,"[Rustic, Branco]",Aéreo,,Convencional
milanimovelaria||by7344,Armário,Armario aereo 2 portas milla amendoa off white puxador aluminio,"Armario Aereo 2 portas Milla, estrutura reforçada em Mdp de 15 mm, com acabamento em pintura Uv na cor Castanho (Fosco) e Off White (Brilho). Composto por 02 portas com dobradiças metálicas, puxador perfil aluminio, amplo espaço interno com prateleira. Você também poderá compor sua cozinha com outros módulos da linha Milla.<br> <br> <br>Dimensões<br>Altura 68,5 cm<br>Largura 79 cm<br>Profundidade 30 cm<br> <br>Recomendamos que a limpeza seja efetuada com pano seco e ou levemente umedecido. Não aplicar produtos químicos<br> <br>* Foto Ilustrativa.<br> <br> <br> <br>Não acompanhando objetos de enfeites e eletros;<br>Ao receber o produto verifique as condições da embalagem, em caso de avaria entre em contato conosco para orientações;<br>Confira as dimensões do produto e certifique-se de que passarão normalmente por supostos elevadores, portas, escadas ou corredores de sua moradia;<br>Entregamos os produtos até a frente de sua moradia, ou seja, até sua porta se for casa ou portaria se for apartamento.<br>A Loja não disponibiliza o serviço de montagem, a montagem é de total responsabilidade do comprador.<br>Recomendamos que a montagem seja feita por um profissional da área.<br>","{""cor"":""Amêndoa, Off White"",""quantidade_de_portas"":""2 Portas"",""tipo"":""Aéreo""}",,,2 Portas,"Amêndoa, Off White",Aéreo,,,,,,,,,Milla,MDP,2,Amendoa Off White,Aéreo,Não informado,1,Sim,Puxador Alumínio,MDP,Não informado,Dobradiças Metálicas,Cozinha,ByMadero Mobilia,MDP,2 Portas,"[Amêndoa, Off White]",Aéreo,,Convencional
shopjm||43504E,Armário,Balcão Com Fruteira Branco Grafite Clara Madine,"<p>Dimensões do produto: Largura 91,5 cm; Profundidade 36 cm; Altura 85,5 cm; Altura Inferior 71,5cm.</p><p>Itens Inclusos: 1 armário fruteira</p><p>-MDP</p><p>-Suporte para frutas em PVC</p><p>-Possui rodízios</p><p>-Espaço para bebedouro</p><p>-Espaço para micro-ondas</p><p>Complexidade da montagem: Média, pode ser montado por mais de uma pessoa e/ou necessite de maior conhecimento para montagem.</p><p>Recomendações de uso, manutenção e limpeza: Limpar com flanela ou pano macio seco, não utilizar produtos abrasivos, desengordurantes, álcool ou solvente. Não expor o produto diretamente a luz solar e à umidade</p><p>Garantia: 3 meses</p><p>OBS: Foto meramente ilustrativa, objetos, utensílios e decoração não fazem parte do produto. </p>","{""material_da_estrutura"":""MDP""}",,MDP,,,,,,,,,,,,Madine,MDP,Não informado,Branco Grafite Clara,Balcão Com Fruteira,Não informado,Não informado,Não informado,Possui rodízios,PVC,Não informado,Suporte para frutas,"Espaço para bebedouro, Espaço para micro-ondas",Madine,MDP,1 Porta,"[Branco, Grafite]",,,Convencional
moveiscarraro||9042419660,Armário,Armário Infantil 2 Portas Tabaco,"<p>O Armário Infantil Multiuso Carraro é a peça ideal para ser utilizada em diferentes cômodos da casa, ajudando a manter todos os objetos em ordem e assim facilitando as tarefas do dia a dia. É uma solução indispensável para quem precisa de mais espaço e organização para o ambiente, pois conta com diversas prateleiras internas.<br><br><br>Especificações do Produto:<br><br>Medidas: Largura: 60,7 cm | Altura: 182 cm | Profundidade: 37,8 cm<br>Peso: 36 Kg<br>Matéria Prima: MDP<br>Portas: 2 portas de batente<br>Sistema Abertura: Dobradiça 26mm<br>Puxador: ABS<br>Prateleiras: 6 (7 nichos)<br>Peso suportado em cada prateleira: Até 10 Kg<br><br><br>Garantia:<br><br>Os produtos possuem garantia de 03 meses (se usado em condições normais), contra defeito de fabricação, ou componentes utilizados.<br>Esta garantia não cobre defeitos por uso inadequado ou abusivo, falta de cuidados e desbotamento natural dos revestimentos.<br><br><br>Condições de perda da garantia:<br><br>- Mau uso ou manuseio incorreto.<br>- Desbotamento causado pela exposição direta da luz solar.<br>- Danos causados por agentes da natureza, como inundações ou acidentes de qualquer espécie.<br>- Uso indevido de produtos abrasivos para realizar a limpeza.<br>- Decurso do prazo estabelecido.<br><br><br>Recomendações para uma boa conservação:<br><br>- Dicas para limpeza e conservação do seu produto, você encontrará no esquema de montagem que o acompanha.<br><br><br>Informações importantes:<br><br>- Trabalhamos para apresentar imagens fiéis ao produto real. Porém, as cores podem sofrer variações de acordo com o monitor, iluminação do ambiente em que se encontram e até por sua percepção visual comparado ao ambiente residencial.<br>- Desta forma, as imagens são meramente ilustrativas.<br>- Todos os objetos decorativos não acompanham o produto.<br><br>- O produto é enviado desmontado.<br>- O produto acompanha manual com instruções para a montagem.<br>- A empresa Móveis Carraro não realiza o serviço de montagem.<br><br><br><br>PERGUNTAS FREQUENTES<br><br>- Existem outras cores disponíveis?<br>Sim, este produto possui outras cores disponíveis em outros anúncios.<br><br>- Vocês entregam para todas as regiões do Brasil? De que forma é feita a entrega?<br>Sim, entregamos para todas as regiões do Brasil. E a entrega é realizada por transportadoras parceiras.<br><br>- Este produto é novo ou usado?<br>Todos os nossos produtos são novos. E acompanham nota fiscal e certificado de garantia.<br><br>- Recebo o produto montado?<br>Não, este produto é enviado desmontado. Junto com ele é enviado manual com instruções para a montagem.<br><br>- Vocês realizam a montagem do produto?<br>Não possuímos o serviço de montagem.</p>","{""quantidade_de_portas"":""2 Portas""}",,,2 Portas,,,,,,,,,,,Carraro,MDP,2,Tabaco,Infantil,Não informado,6,7 nichos,Não informado,MDP,Não informado,"Dobradiça 26mm, Puxador ABS",Multiuso,Móveis Carraro,MDP,2 Portas,Tabaco,,,Convencional
madeiramadeira-openapi||869082,Armário,Armário para Escritório Credenza Madeira 02 Portas Cred1200_at,"O Armário Credenza da linha ARETTO PANDIN , modelo CRED1200_AT, tem dimensões de 745mm de altura, 1200mm de largura e 450mm de profundidade. Sua estrutura é feita de madeira, garantindo garantia e estética. Com duas portas de aço, proporciona segurança e organização. Disponível em vários cores, permite adaptação ao ambiente corporativo e personalização com o cor da marca, sendo uma opção versátil e funcional para escritórios.","{""marca"":""Pandin""}",Pandin,,,,,,,,,,,,,ARETTO PANDIN,madeira,2,Não informado,Credenza,Não informado,Não informado,Não informado,Não informado,aço,Não informado,Não informado,escritórios,Pandin,MDP,2 Portas,"[Branco, Vermelho]",,,Convencional
decorecomamor||144819p,Armário,Armário Fruteira 1 Gaveta Puxadores 1 Porta Multiuso,"Medidas: Dimensões (A/L/P):<br><br>ALTURA: 0,71m<br><br>LARGURA: 0,60m<br><br>PROFUNDIDADE: 0,35m<br><br>Cores: Branco c/ preto<br><br>1 Gaveta<br><br>Corrediças metálicas<br><br>Rodízios - Rodinhas brancas<br><br>Acabamento alto brilho<br><br>Puxadores PVC Cromados<br><br>Características<br><br>Cor: Branco com Preto<br>","{""cor"":""Branco, Preto"",""marca"":""Decore Com Amor"",""quantidade_de_gavetas"":""1 Gaveta"",""quantidade_de_portas"":""1 Porta""}",Decore Com Amor,,1 Porta,"Branco, Preto",,1 Gaveta,,,,,,,,Não informado,Não informado,1,Branco com Preto,Fruteira,1,Não informado,Não informado,Multiuso,Não informado,Não informado,Puxadores PVC Cromados,Não informado,Decore com Amor,,1 Porta,"[Branco, Preto]",,1,Convencional
madeiramadeira-openapi||829189,Armário,Armário para Escritório Alto 2 Portas com Chave PE25 Pandin Móveis,Armário com tampo encabeçado de 25mm de espessura com acabamentos em fita abs 1mm. Com 02 portas e gabinete em MDP 15mm tendo 1 prateleira fixa e 2 reguláveis consegue combinar facilmente com outras mobílias sem atrapalhar a decoração. É ideal para desempenhar tarefas diárias de trabalho armazenando de documentos e livros deixando o seu local de trabalho muito mais organizado e elegante,"{""cor"":""Preto"",""marca"":""Pandin"",""material_da_estrutura"":""MDF, MDP"",""quantidade_de_portas"":""2 Portas""}",Pandin,"MDF, MDP",2 Portas,Preto,,,,,,,,,,Pandin Móveis,MDP,2,Não informado,Armário para Escritório,0,3,fixa e reguláveis,com chave,MDP,Não informado,Não informado,para armazenar documentos e livros,Pandin,MDP,2 Portas,"[Marrom, Preto]",,,Convencional
mpozenato-online||108178,Armário,Armário de Cozinha Modulada de Canto 8 Peças CP01 Balcão Preto - Lumil,"O <strong>Armário de Cozinha Modulada de Canto 8 Peças CP01 Balcão Preto</strong>, da Lumil, é uma ótima opção para quem busca praticidade e organização. <br><br>Essa <strong>Cozinha Modulada</strong> é perfeita para quem gosta de cozinhar e precisa de espaço para armazenar utensílios e eletrodomésticos. Composta por 8 peças, o design clean e os puxadores em alumínio dão um toque moderno ao ambiente! Vem conhecer os componentes dessa linda <strong>Cozinha</strong>! <br><br>A começar pelo <strong>Paneleiro</strong> que conta com espaço para micro-ondas e forno elétrico, além de 2 portas para guardar seus utensílios. Na parte inferior você vai contar com 3 Balcões, o <strong>Balcão para Pia de 120cm sem tampo</strong> é versátil e pode ser personalizado com pia de inox ou granito, de acordo com a sua preferência, o <strong>Balcão 80cm com tampo</strong> possui 2 Portas e o <strong>Balcão de Canto com tampo</strong> auxilia na otimização do espaço para aproveitar todos os cantos do ambiente! Já na parte superior, você vai dispor de 4 Armários aéreos, <strong>Armário de Geladeira 70cm</strong> com porta basculante é prático e funcional, <strong>Armário 120cm</strong> que conta com 3 portas, <strong>Armário 80cm</strong> com 2 portas e <strong>Armário de Canto</strong> com 1 Porta e nichos. <br><br>Todos os móveis são produzidos em MDP de 15 mm e acabamento em BP resistentes a riscos e fácil de limpar, já o fundo em MDF de 3 mm garante estabilidade e segurança. Além disso, os móveis possuem dobradiças metálicas nas portas e gavetas com corrediças metálicas assegurando suavidade no abrir e fechar. Os pés em PVC possuem regulagem de altura e são ideais para corrigir pequenos desníveis de piso. <br><br>Com essa Cozinha modulada, você terá um ambiente organizado, prático e moderno para cozinhar suas refeições favoritas! Então não perca tempo, adicione ao seu carrinho de compras agora mesmo!<br><br><br><strong>ESPECIFICAÇÕES</strong> <br><br><br><strong>Dimensões do Produto:</strong><br><strong>Largura:</strong> Superior: 266 x 201,3 cm/ Inferior: 266 x 131 cm. <br><strong>Altura:</strong> 202 cm. <br><strong>Profundidade:</strong> 51 cm. <br><strong>Peso Total:</strong> 191 Kg. <br><br><strong>**NÃO ACOMPANHA PIA INOX. </strong><br><br><strong>Outras medidas: (Largura x Altura x Profundidade): </strong><br><strong>Balcão Gabinete 120cm Michigan:</strong> 117 x 83 x 50 cm. <br><strong>Armário Aéreo 120cm Virgínia:</strong> 120 x 54 x 29 cm. <br><strong>Armário Aéreo 70cm Texas:</strong> 70 x 25 x 29 cm. <br><strong>Armário Aéreo 80cm Califórnia:</strong> 80,5 x 54 x 29 cm. <br><strong>Balcão Gabinete 80cm Flórida:</strong> 80,5 x 89 x 50 cm. <br><strong>Balcão de Canto Denver:</strong> 90 x 89 x 51 cm. <br><strong>Armário Aéreo de Canto Austin:</strong> 90 x 54 x 50,8 cm. <br><strong>Paneleiro Colorado:</strong> 56,5 x 202 x 42 cm. <br><br><strong>Características do Produto:</strong><br><strong>Material da Estrutura:</strong> MDP 15 mm. <br><strong>Material do fundo:</strong> MDF 3mm. <br><strong>Peso Suportado:</strong> 238 Kg distribuídos. <br><strong>Acabamento:</strong> Melamina BP. <br><strong>Escala de brilho:</strong> Fosco. <br><strong>Possui Tampo:</strong> Sim. <br><strong>Possui Pia:</strong> Não. <br><strong>Possui Portas:</strong> Sim. <br><strong>Material da Porta:</strong> MDP. <br><strong>Quantidade de Portas:</strong> 15 Portas. <br><strong>Tipo de dobradiças:</strong> Metálicas. <br><strong>Tipo de Porta:</strong> Convencional/Basculante. <br><strong>Possui Gavetas:</strong> Sim. <br><strong>Material da Gaveta:</strong> MDP. <br><strong>Quantidade de Gavetas:</strong> 2 Gavetas. <br><strong>Tipo de corrediças:</strong> Metálicas. <br><strong>Possui Nichos:</strong> Sim. <br><strong>Quantidade de Nichos:</strong> 5 Nichos. <br><strong>Tipo de puxador:</strong> Alumínio. <br><strong>Possui Pés:</strong> Sim. <br><strong>Diferenciais:</strong><br>-Amplo espaço interno.<br>-Puxadores em alumínio.<br>-Design moderno.<br>-Espaço para forno elétrico e/ou microondas (Verifique as medidas).<br>-Pés Reguláveis em PVC.<br><strong>Sistema de Montagem:</strong> Parafusos e Cavilhas. <br><strong>Manual de Montagem:</strong> Sim. <br><strong>Complexidade da Montagem:</strong> Alta. <br><strong>Conteúdo da Embalagem:</strong> 1 Balcão 120cm, 1 Armário Aéreo 120cm, 1 Armário Aéreo 70cm, 1 Armário Aéreo 80cm, 1 Balcão 80cm, 1 Balcão de canto, 1 Armário Aéreo de Canto, 1 Paneleiro. <br><strong>Garantia do Fabricante:</strong> 90 dias contra defeitos de fabricação. <br><strong>Volumes:</strong> 9 Volumes. <br><strong>Montagem:</strong> Recomendamos que seja feita por um profissional. <br><strong>Recomendação de Limpeza:</strong> Utilize pano levemente úmido. <br><br><strong>Observações importantes:</strong><br>- Produto para uso residencial em ambiente interno, não devendo ficar exposto diretamente ao sol, calor e umidades excessivas.<br>- Pode haver alguma diferença de tonalidade entre a imagem e o produto real, por conta do tratamento de imagens e a calibração de cores do seu monitor.<br>- As imagens são meramente ilustrativas, não acompanham objetos de decoração e eletrônicos.<br>- Ao receber a mercadoria, o cliente deve verificar as condições da embalagem, caso haja alguma avaria não assine o comprovante de recebimento.<br>- Montagem, desmontagem e outras instalações serão de responsabilidade do cliente. Não nos responsabilizamos, no ato da entrega, por subir escadas/elevadores ou pelo transporte por guincho em apartamentos. Eventuais despesas são de responsabilidade do comprador.<br>- Confira as dimensões do produto e certifique-se de que passará normalmente por supostos elevadores, portas, escadas e/ou corredores de sua residência.","{""marca"":""Lumil Móveis""}",Lumil Móveis,,,,,,,,,,,,,Lumil,MDP,15 Portas,Preto,Modulada,2 Gavetas,Não informado,Não informado,Não informado,MDP,Moderno,"1 Balcão 120cm, 1 Armário Aéreo 120cm, 1 Armário Aéreo 70cm, 1 Armário Aéreo 80cm, 1 Balcão 80cm, 1 Balcão de canto, 1 Armário Aéreo de Canto, 1 Paneleiro",Cozinha,Lumil Móveis,MDP,15 Portas,Preto,de Canto,2 Gavetas,"[Convencional, Basculante]"
carolinaestofados||15952136649,Armário,Armário Livreiro 4 Prateleiras Janaina Branco 1189 AJL Móveis,"Deixe a sua casa do jeito que você sempre sonhou! Vamos te oferecer móveis bonitos e resistentes que vão te acompanhar durante a vida, com preços justos e os melhores materiais do mercado. Conheça os produtos AJL Móveis!<br><br> Características:<br> Desenvolvida 100% em MDP<br> Pintura e acabamento em U.V<br> Possui 04 Prateleiras<br> Acabamento impecável<br> Resistente<br> Lindo design<br><br> Dimensões:<br> Altura: 184,5 cm<br> Largura: 33 cm<br> Profundidade: 30,5 cm<br> Peso: 19 kg<br><br> Caro cliente, por gentileza solicitamos que confira o produto no ato da entrega, atento a todos os detalhes. O manuseio incorreto no transporte pode ocorrer danos no produto.<br><br> GARANTIA: NÃO COBRE DEFEITOS POR MAU USO OU PELA MONTAGEM INCORRETA.<br><br> OBS.: NÃO REALIZAMOS A MONTAGEM","{""cor"":""Branco""}",,,,Branco,,,,,,,,,,AJL Móveis,MDP,Não informado,Branco,Livreiro,Não informado,4,Não informado,Não informado,MDP,Não informado,Não informado,Não informado,AJL,MDP,,Branco,,,
acasademoveis||V2046.130,Armário,Armário de Cozinha Completa de Canto Veneza Multimóveis V2046,"O Armário de Cozinha Completa de Canto Veneza Multimóveis V2046 tem um excelente custo benefício e um amplo espaço interno. Produzido em MDP com acabamento acetinado (cerca de 20% de brilho), que garante maior durabilidade e resistência, possui corrediças metálicas (mais leveza no manuseio), pés retrô em polipropileno, que deixam o ambiente mais estiloso, puxadores em ABS e tampo em MDP 15mm com pintura de alta resistência. Os módulos de canto podem ser montados dos dois lados (esquerdo ou direito), conforme a sua preferência. Esta cozinha conta, ainda, com balcão com tampo removível (compatível com pia de 150 cm), com 1 gaveta e 3 portas e balcão para cooktop (o recorte do tampo deve ser realizado na hora da montagem conforme a medida do seu fogão) com 1 gaveta e 1 porta. Os módulos são individuais e você pode montar da maneira que se adaptar melhor ao seu ambiente.<br><br>Conteúdo da Embalagem:<br>1 (um) armário para forno e microondas 62cm<br>1 (um) armário aéreo 70cm<br>1 (um) armário aéreo de canto 90cm<br>1 (um) armário aéreo 150cm<br>1 (um) balcão com tampo 70cm<br>1 (um) balcão com tampo de canto 90cm<br>1 (um) balcão com tampo 150cm<br>1 (um) paneleiro 62cm<br><br>Dimensões do produto montado:<br>Altura: 203cm | Largura: 222 x 264cm | Profundidade: 32cm (aéreos) - 53cm (balcão com tampo e paneleiro)<br>*Você pode consultar as medidas internas na imagem técnica do produto.<br><br>*As cores do produto podem sofrer variações de tonalidade de acordo com as configurações do seu dispositivo.<br><br>Imagem meramente ilustrativa. Decoração e eletros não acompanham o produto.<br><br>O produto será entregue desmontado e não disponibilizamos o serviço de montagem.","{""marca"":""Multimóveis"",""material_da_estrutura"":""MDP"",""quantidade_de_portas"":""1 Porta""}",Multimóveis,MDP,1 Porta,,,,,,,,,,,Multimóveis,MDP,Não informado,Não informado,Cozinha Completa,Não informado,Não informado,Não informado,Não informado,MDP,Não informado,Não informado,Cozinha,Multimóveis,MDP,13 Portas,Preto,de Canto,,"[Convencional, Basculante]"
decorecomamor||127405p,Armário,Módulo Armário Organizador Aéreo Suspenso De Parede Banheiro Lavabo,"ARMÁRIO AÉREO 2 PORTAS MULTIUSO MODULADO<br><br>Anúncio referente a uma peça com 2 portas. (PRIMEIRA FOTO)<br>Para você que procura um móvel que ocupa pouco espaço e que ofereça beleza e praticidade, ideal para te ajudar na organização da sua cozinha, dispensa, lavanderia, Escritório, com 02 Portas, além de 01 Nicho, com espaço suficiente para armazenar temperos, materiais de limpeza, panos, etc..<br><br>[Medidas]<br>- Altura: 62cm<br>- Largura: 60cm<br>- Profundidade: 27cm<br><br>[Descrição do produto]<br>- Acompanha Fixadores para Parede<br>- Cor: Branco<br>- 2 Portas<br>- Acabamento alto brilho<br>- Puxadores PVC Cromados<br><br>FOTOS REAIS DO PRODUTO",{},,,,,,,,,,,,,,Não informado,Não informado,2 Portas,Branco,Aéreo,Não informado,Não informado,Não informado,Não informado,Não informado,Não informado,Não informado,Banheiro Lavabo,Decore com Amor,,2 Portas,Branco,Suspenso,,Convencional
comercialcanaamoveis||35361,Armário,Armário Aéreo 3 Portas com Vidro 120 cm Americana Cinza  Henn,"<p>Armário Aéreo 3 Portas com Vidro 120 cm Americana Cinza – Henn</p><p>Para complementar sua cozinha e deixá-la muito mais prática, apresentamos o Armário Aéreo 3 Portas da linha Americana, desenvolvido pela Henn, com materiais de alto padrão, proporcionando a durabilidade do móvel. Com seu design moderno e arrojado é ideal para organização de utensílios, garantindo beleza e sofisticação a sua cozinha. Aproveite e garanta já o seu!</p><p>Características Técnicas:<br> - Desenvolvido 100% em MDF<br> - Pintura na cor Cinza<br> - Acabamento em U.V Fosco<br> - Frente com usinagem em baixo relevo<br> - 3 Portas<br> - 2 Portas com vidro incolor<br> - Dobradiças de 35 mm com amortecimento<br> - Puxadores em zamac<br> - Puxadores pontuais na cor ouro velho<br> - Produto de excelente qualidade<br> - Lindo Design</p><p>Dimensões:<br> Altura: 83 cm<br> Largura: 120 cm<br> Profundidade: 32,5 cm</p><p>Atenção: Não realizamos a montagem ou instalação do produto, porém acompanha manual de instruções.</p><p>Importante: Imprescindível a conferência no ato da entrega. Em caso de anormalidade, recuse.</p>","{""marca"":""Henn"",""material_da_estrutura"":""MDF"",""quantidade_de_portas"":""3 Portas"",""tipo"":""Aéreo""}",Henn,MDF,3 Portas,,Aéreo,,,,,,,,,Henn,MDF,3 Portas,Cinza,Aéreo,Não informado,Não informado,Não informado,Não informado,MDF,Americana,Vidro,Cozinha,Henn,MDF,3 Portas,Cinza,Aéreo,,Convencional
ebbamoveis||23621,Armário,Armário Cozinha Compacta 100%Mdf 5Pçs 2Aéreos 1Torre 1Paneleiro E 1Balcão Divina Mgm Móveis Freijó/Off,"Armário Cozinha Compacta 100%Mdf 5Pçs 2Aéreos 1Torre 1Paneleiro E 1Balcão Divina Mgm Móveis Freijó/Off<br><br><p>Transforme sua Cozinha com Estilo e Durabilidade! Apresentamos a nossa mais recente criação em móveis para sua cozinha: a Cozinha Compacta 100% MDF MGM. Projetada com o compromisso de unir elegância, funcionalidade e durabilidade, esta cozinha é a solução ideal para otimizar seu espaço sem abrir mão do design sofisticado.</p><br> <br> <br><br>INFORMAÇÕES GERAIS<br> <br> Acompanha Manual de Instalação: Sim, Manual acompanha produto <br> <br> Complexidade Da Montagem: Alta: Deverá ser montado por um especialista em montagem <br> <br> Garantia: 90 dias, após o recebimento do produto <br> <br> Informações Complementares: Os objetos que ambientam as fotos não acompanham o produto <br> <br> Monitor: As configurações do seu monitor ou dispositivo móvel afetam a tonalidade do produto <br> <br> Necessita Montagem: Sim, o produto é vendido desmontado <br> <br> Recomendações De Uso: Limpe com pano umedecido, seguido de pano seco, sem produtos abrasivos <br> <br> Sobre A Montagem: A loja não oferece serviço de montagem dos produtos <br> <br> Sobre a tonalidade: A tonalidade de cor pode variar de acordo com o lote do fabricante <br> <br> <br><br>ARMÁRIO AÉREO DE COZINHA 100%MDF 120 CM 2 PORTAS DIVINA MGM MÓVEIS FREIJÓ<br> <br> <br><br>ARMÁRIO AÉREO DE COZINHA 100%MDF 80CM GELADEIRA 1 PT BASCULANTE DIVINA MGM MÓVEIS FREIJÓ<br> <br> <br><br>BALCÃO DE COZINHA 100% MDF 120CM 2 PORTAS 2 GAVETAS DIVINA MGM MÓVEIS FREIJÓ/OFF WHITE<br> <br> <br><br>PANELEIRO DE COZINHA 100%MDF 37CM 2 PORTAS DIVINA MGM MÓVEIS FREIJÓ/OFF WHITE<br> <br> <br><br>TORRE QUENTE 100%MDF 70CM 4 PORTAS 1 NICHO P/ FORNO DIVINA MGM MÓVEIS FREIJÓ/OFF WHITE<br>","{""cor"":""Freijó,Off White"",""material_da_estrutura"":""MDF""}",,MDF,,"Freijó,Off White",,,,,,,,,,Divina MGM Móveis,MDF,5,FreijóOff,Cozinha Compacta,2,Não informado,Não informado,Não informado,MDF,Não informado,"2 Aéreos, 1 Torre, 1 Paneleiro, 1 Balcão",Cozinha,MGM Móveis,MDF,10 Portas,"[Freijó, Off White]",,2 Gavetas,"[Convencional, Basculante]"
sodimacdicico||869674002,Armário,Armario Aereo Madeira Tamarindo/Preto Montado 120 Cozimax,<p>MARCA: Cozimax</p><p>MODELO: Flamingo</p><p>GARANTIA: 3 meses</p><p>COR: Preto</p><p>MATERIAL: Madeira</p><p>CARACTERÍSTICAS: Corpo Madeirado; Puxadores Em Aço Eletrogalvanizado.</p><p>ORIGEM: Nacional</p><p>ACABAMENTO: Auto Brilho/Textura</p><p>USO: Banheiro</p><p>APLICAÇÃO: Parafusado na Parede</p><p>TAMANHO: Grande</p><p>MATERIAL DOBRADIÇA: Metal</p><p>INCLUSO: Kit Acessórios</p><p>TONALIDADE: Tamarindo/Preto</p>,"{""cor"":""Preto"",""tipo"":""Aéreo""}",,,,Preto,Aéreo,,,,,,,,,Cozimax,Madeira,Não informado,Preto,Aéreo,Não informado,Não informado,Não informado,Não informado,Madeira,Não informado,Puxadores Em Aço Eletrogalvanizado,Banheiro,Cozimax,Madeira,2 Portas,"[Tamarindo, Preto]",,3 Gavetas,Convencional
zamori||13991,Armário,Armário Aéreo Multiuso 02 Portas Antonella B03 Branco - Lyam Decor,"<p>Descrição do produto: Ideal para qualquer ambiente, o Armário Aéreo Multiuso é a melhor opção quando se procura por praticidade e muito espaço. Este produto cai muito bem em projeto que a decoração é composta com móveis lineares, com formatos mais retos e compactos. Acabamento com alta composição de tinta, um armário aéreo impecável para compor o seu ambiente. </p> <p>Dimensões do produto (L x A x P)<br> 59,6 x 38 x 26,5 cm</p> <p>Características:<br> Estrutura em MDP de 15mm.<br> Padrão de acabamento melamínico B.P fosco aplicação que garante maior resistência a riscos, qualidade e durabilidade ao produto.<br> Possui 1 prateleiras interna e 02 portas com dobradiças metálicas.<br> Suporta até 16 Kg.<br> Acompanha kit de ferragens e manual de montagem.</p> <p><br> Observações importantes:<br> - A montagem será de responsabilidade do comprador;<br> - Responsabilizamo-nos pela entrega em todo território nacional, até onde as rodovias alcançam, entregas fluviais ou aéreas devem ser cotadas a parte;<br> - As imagens são ilustrativas, não acompanham objetos de decoração e eletrônicos;<br> - Não nos responsabilizamos, no ato da entrega, por subir escadas/elevadores ou transporte por guincho em apartamentos.<br> - Eventuais despesas são de responsabilidade do comprador;<br> - Confira as dimensões do produto e certifique-se de que passará normalmente por supostos elevadores, portas, escadas e/ou corredores de sua residência;</p>","{""cor"":""Branco"",""tipo"":""Aéreo""}",,,,Branco,Aéreo,,,,,,,,,Lyam Decor,MDP,2,Branco,Aéreo,0,1,Interna,Não informado,Melamínico BP fosco,Multiuso,Dobradiças metálicas,Não informado,Lyam Decor,MDP,2 Portas,Branco,Aéreo,,Convencional
madesamoveis||XMGRTE3100035Z,Armário,Armário de Cozinha Completa 310cm Stella Madesa 03,"<p>O Armário de Cozinha Completa Stella, da Madesa, é a escolha perfeita para quem busca um móvel funcional, espaçoso e com um toque de modernidade.<br><br>O conjunto é composto por módulos avulsos, que podem ser personalizados de acordo com o tamanho e a configuração do seu espaço. Isso permite que você crie uma cozinha planejada, que atenda às suas necessidades.<br><br>Para garantir segurança e praticidade, o conjunto conta com puxadores slim em alumínio, gavetas com corrediças telescópicas e portas com amortecimento para fechamento suave. Além disso, os pés são reguláveis em PVC, com rodapé removível de MDP.<br><br>O acabamento é feito em Pintura Poliéster ecológica, resistente aos efeitos da água e ao calor.<br><br>E você ainda pode complementar sua cozinha outros módulos disponíveis na linha Stella. Não é demais?<br><br>Medidas totais: <br>- 225 cm de altura<br>- 310 cm de largura<br>- 52 cm de profundidade nos balcões e na torre e 31 cm nos aéreos<br><br>Itens inclusos: <br>- Um (1) Aéreo de 120 cm com duas (2) portas<br>- Um (1) Balcão de Pia de 120 cm com duas (2) portas e tampo<br>- Um (1) Aéreo de 120 cm com duas (2) portas de correr<br>- Um (1) Balcão de Pia de 120 cm com duas (2) portas e três (3) gavetas (Sem tampo.)<br>- Uma (1) Torre de 70 cm com dois (2) nichos para fornos, um (1) nicho menor e três (3) portas<br><br>Código do produto: <br> XMGRTE31000309<br> XMGRTE3100039B<br> XMGRTE3100035Z<br> XMGRTE3100036E<br><br>Obs.: <br>- As imagens são meramente ilustrativas, os eletros e a decoração não acompanham o produto<br>- A Madesa não disponibiliza serviço de montagem<br>- O produto segue com manual e todas as ferragens necessárias para a instalação<br>- Por segurança, é necessário fixar a torre na parede<br><br></p>","{""marca"":""Madesa"",""material_da_estrutura"":""MDP""}",Madesa,MDP,,,,,,,,,,,,Madesa,MDP,10,Não informado,Cozinha,3,Não informado,Não informado,Não informado,Pintura Poliéster,Moderno,"Puxadores slim em alumínio, gavetas com corrediças telescópicas, portas com amortecimento para fechamento suave, pés reguláveis em PVC, rodapé removível de MDP",Não informado,Madesa,MDP,11 Portas,Rustic,,3 Gavetas,"[Convencional, Basculante, de Correr]"
multimoveis2||CR40033T01,Armário,Nicho Organizador com Prateleira Multimóveis CR40033 Branco,"O Nicho Organizador com Prateleira Multimóveis CR40033 é o produto ideal para deixar seu ambiente mais bonito e sofisticado. Seu design minimalista, torna o móvel muito versátil, podendo ser utilizado de diversas maneiras e em qualquer ambiente. Este produto é produzido em MDP (15mm) que proporciona facilidade na limpeza, e uma maior durabilidade, com acabamento em BP. Composto por 1 prateleira (suporta até 24kg), possui um excelente espaço interno para organizar seus pertences. Produto perfeito para complementar o seu ambiente.<br><br>Conteúdo da Embalagem:<br>1 (um) nicho<br>Kit ferragem<br>Manual de montagem<br><br>INFORMAÇÕES TÉCNICAS<br>- Peso: 11,45Kg<br>- Altura: 60,5cm<br>- Largura: 67,5cm<br>- Profundidade: 35cm<br>- Este produto é vendido em 01 Volume embalado em caixa de papelão com isopor nas laterais e revestidos com plásticos termoencolhível.<br><br>*As cores do produto podem sofrer variações de tonalidade de acordo com as configurações do seu dispositivo.<br><br>Imagem meramente ilustrativa. Decoração não acompanha o produto.<br><br>O produto será entregue desmontado e não disponibilizamos o serviço de montagem.<br><br>GARANTIA<br>Garantia de 3 Meses (contra defeitos de fabricação).",{},,,,,,,,,,,,,,Multimóveis,MDP,Não informado,Branco,Nicho Organizador,Não informado,1,Sim,Não informado,MDP 15mm,Minimalista,1 prateleira,Não informado,Multimóveis,MDP,,Branco,,,
ajl||12535p,Armário,Armário Para Banheiro Balcão Multiuso 3P Branco De 90cm,"ARMÁRIO AÉREO 3 PORTAS MULTIUSO SUSPENSO DE PAREDE<br><br>Serve para vários ambientes, Armário Aéreo de parede Multiuso. Para você que procura um móvel que ocupa pouco espaço e que ofereça beleza e praticidade a Click Forte desenvolveu esse lindo armário de parede, ideal para te ajudar na organização da sua cozinha, dispensa, lavanderia, Escritório, com 03 Portas, além de 02 Nichos, com espaços suficientes para armazenarem temperos, materiais de limpeza, panos, etc..<br><br><br>Medidas: <br>ALTURA: 62cm <br>LARGURA: 90cm<br>PROFUNDIDADE: 27cm<br><br>Cor Branco<br>3 Portas<br>Acabamento alto brilho<br>Puxadores PVC CromadosMaterial mdpAcompanha fixadores p/ Parede<br><br>FOTOS REAIS DO PRODUTO<br><br>Aproveite esse Super Preço Promocional, Temos Poucas Unidades<br> <br>IRÁ COM GARANTIA<br>IRÁ COM NOTA FISCAL","{""cor"":""Branco"",""marca"":""Click Forte"",""quantidade_de_portas"":""3 Portas"",""tipo"":""Balcão, Multiuso""}",Click Forte,,3 Portas,Branco,"Balcão, Multiuso",,,,,,,,,Click Forte,MDP,3,Branco,Aéreo,Não informado,Não informado,Não informado,Não informado,MDP,Multiuso,Puxadores PVC Cromados,Banheiro,Click Forte,,3 Portas,Branco,Aéreo,,Convencional
sodimacdicico||877904002,Armário,"Aéreo Flex 1,44 Mt Branco","<p>MARCA: MGM</p><p>MODELO: Flex</p><p>GARANTIA: 3 meses</p><p>COR: Branco</p><p>MATERIAL: MDF</p><p>CARACTERÍSTICAS: Armário para Cozinha Aéreo com 3 Portas e Puxadores Externos</p><p>ORIGEM: Nacional</p><p>ACABAMENTO: Semi Brilho</p><p>PESO BRUTO: 17,5 kg</p><p>PESO LÍQUIDO: 17 kg</p><p>ESPESSURA: 12mm</p><p>USO: Cozinha</p><p>TAMANHO: Médio</p><p>INCLUSO: 01 Aéreo para Cozinha</p><p>COMPR. EMBALAGEM: 31,8 cm</p><p>LARGURA EMBALAGEM: 1,44 cm</p><p>ALTURA EMBALAGEM: 40 cm</p>","{""cor"":""Branco"",""material_da_estrutura"":""MDF"",""tipo"":""Aéreo""}",,MDF,,Branco,Aéreo,,,,,,,,,MGM,MDF,3,Branco,Aéreo,Não informado,Não informado,Não informado,Puxadores Externos,MDF,Não informado,Não informado,Cozinha,MGM Móveis,MDF,3 Portas,Branco,Aéreo,,Convencional
inboxcomerciodemoveis||28732,Armário,Armário Aéreo para Micro-ondas Nova York Branco HP  Henn,"<p>Armário Aéreo para Micro-ondas Nova York Branco HP – Henn</p> <p>Para manter seu micro-ondas bem exposto e armazenado, apresentamos o Armário Aéreo da linha Nova York desenvolvido pela Henn. Ele oferece muita praticidade e ainda deixa sua cozinha cheia de requinte e elegância. Foi desenvolvido com ótimos materiais, oferecendo muito mais qualidade e durabilidade, perfeito para complementar sua cozinha. Confira e aproveite!</p> <p>Características Técnicas:<br> - Desenvolvido 100% em MDF<br> - Pintura na cor Branco HP<br> - Acabamento em U.V Fosco<br> - Possui 2 Nichos e 1 prateleira<br> - Espaço para colocar o micro-ondas 40x58x45 cm <br> - Lindo Design</p> <p>Dimensões:<br> Altura: 44 cm<br> Largura: 80 cm<br> Profundidade: 47 cm</p> <p>Obs: Não realizamos a montagem do produto, porém acompanha manual de instruções.</p>","{""marca"":""Henn"",""material_da_estrutura"":""MDF"",""tipo"":""Aéreo""}",Henn,MDF,,,Aéreo,,,,,,,,,Henn,MDF,Não informado,Branco HP,Aéreo,Não informado,1,Sim,Não informado,MDF,Não informado,2 Nichos,Micro-ondas,Henn,MDF,,Branco,Aéreo,,
petdodarin||11880336507,Armário,Armário de Area de serviço MDP Branco MOD-02,"Serve para várias partes da casa, Armário Aéreo de parede Multiuso.<br> <br> Para você que procura um móvel que ocupa pouco espaço e que ofereça beleza e praticidade, esse lindo armário de parede, ideal para te ajudar na organização da sua cozinha, dispensa, lavanderia, escritório, com 02 Portas, além de 01 Nicho, com espaço suficiente para armazenar temperos, materiais de limpeza, panos, etc..<br> <br> Medidas: (A/L/P):<br> <br> • ALTURA: 62cm<br> • LARGURA: 60cm<br> • PROFUNDIDADE: 35cm<br> <br> OBS: PODEM SER COMPRADAS 2 UNIDADES PARA SE FIXAR UM AO LADO DO OUTRO E CHEGAR NA LARGURA DE 1,20 Metro<br> <br> Características:<br> <br> • Cor: Branco<br> • Portas: 2<br> • Acabamento: Alto brilho<br> • Material: MDP<br> • Puxadores PVC Cromados<br> <br> - IRÁ COM GARANTIA<br> - IRÁ COM NOTA FISCAL","{""cor"":""Branco"",""material_da_estrutura"":""MDP""}",,MDP,,Branco,,,,,,,,,,Não informado,MDP,2,Branco,Aéreo,Não informado,Não informado,Não informado,Não informado,MDP,Não informado,Puxadores PVC Cromados,"Cozinha, dispensa, lavanderia, escritório",N1 Store,MDP,2 Portas,Branco,Aéreo,,Convencional
madeiramadeira-openapi||659208,Armário,Armário Aéreo Angular de Canto 2 Portas New Jazz Itatiaia,"Armário de parede Itatiaia com 2 portas angular de canto, corpo em MDF 15mm pintado, Portas em MDF BP 15mm; Caixas em papelão revestidas com plástico termo retrátil, corpo em chapa MDF pintado padrão madeirado; Portas em chapa MDF.","{""cor"":""Freijó,Off White"",""marca"":""Itatiaia"",""material_da_estrutura"":""MDF"",""quantidade_de_portas"":""2 Portas""}",Itatiaia,MDF,2 Portas,"Freijó,Off White",,,,,,,,,,Itatiaia,MDF,2 Portas,Não informado,Aéreo Angular de Canto,Não informado,Não informado,Não informado,Não informado,MDF,New Jazz,Não informado,Não informado,Itatiaia,MDF,2 Portas,"[Freijó, Off White]",Aéreo,,Convencional
shopd||ABAER40-F15-74X80-MA-PT,Armário,Armário 74x80x42 Baixo Para Escritório AER40 FD15 - MACHIATTO/PRETO - KASMOBILE,"•Armário BAIXO •Medidas: A 74 x L 80 x P 42, desenho com medidas junto as imagens.•Produzido em MDP com revestimento melaminico.•Tampo em 40mm reegrossado nas bordas internas.•Base, Laterais, prateleiras, portas e fundo em 15mm de espessura.•01 prateleiras interna com ajuste de altura.•Manual de montagem: SIM•Montagem por conta do cliente: SIM•Envio: Transportadora•Marca: KASMOBILE|•Observações importantes:•No ato do recebimento do pedido efetue a conferência, caso tenha alguma divergência ou avaria recuse o recebimento e entre em contato conosco. •Não efetuamos entregas em área rural. •As imagens são ilustrativas, não acompanham objetos de decoração ou eletrônicos. •Cores podem ter variações, devido a resolução e iluminação.•Verifique através do desenho disponível no anuncio se o produto é adequado ao seu espaço.","{""cor"":""Preto"",""material_da_estrutura"":""MDP""}",,MDP,,Preto,,,,,,,,,,KASMOBILE,MDP,1,MACHIATTOPRETO,Baixo,Não informado,1,com ajuste de altura,Não informado,melaminico,Não informado,Não informado,Escritório,KasMobile,MDP,2 Portas,"[Machiatto, Preto]",,,Convencional
doshermanos||36621p,Armário,Armário Para Pasta Suspensa Guardar Documentos,"<br>A estante de canto em madeira pinus é uma peça de mobiliário versátil e funcional, projetada para otimizar o uso de espaços de canto em ambientes domésticos.<br> <br>Feita de madeira pinus, conhecida por sua durabilidade e aparência natural, a estante combina estilo e praticidade.<br> <br>Ela oferece prateleiras espaçosas para armazenar livros, objetos decorativos, plantas ou qualquer outro item que você deseje exibir ou organizar.<br> <br>Com seu design inteligente, a estante de canto em madeira pinus permite aproveitar ao máximo o espaço disponível em seu ambiente, adicionando um toque de charme rústico e funcionalidade à sua decoração.<br><br>[MEDIDAS]<br><br>- Altura: 110 cm<br><br>- Largura Total: 80 cm<br><br>- Largura Fechada: 50cm<br><br>[DESCRIÇÃO DO PRODUTO]<br><br>- Estante em madeira maciça de pinus;<br><br>- Capacidade de 10 kg por prateleira;<br><br>- Acabamento natural<br><br>- Produto não indicado para uso externo.<br><br>Produtos de alta qualidade e a pronta entrega.<br>",{},,,,,,,,,,,,,,Não informado,madeira pinus,Não informado,Não informado,estante,Não informado,Não informado,Não informado,Não informado,madeira maciça,Não informado,Não informado,Não informado,Dos Hermanos,Pinus,,,,,
mmfexpositores||010626,Armário,Estrutura Inicial Tubo Crem. 30x30 450x1040x2200 mm Fidel Dourado,Obtenha uma estrutura robusta e versátil com o Móvel Estrutura Inicial Tubo Cremalheira 30x30 - 450x1240x2200 mm. Ideal para organização eficiente.,{},,,,,,,,,,,,,,Fidel,Tubo Cremalheira,Não informado,Dourado,Estrutura Inicial,Não informado,Não informado,Não informado,Não informado,Não informado,Não informado,Não informado,Organização eficiente,Fidel Dourado,,,,,,
panoramamoveis||53649,Armário,Cozinha Compacta Helena 8 Portas 1 Gaveta Brunne/3d - Genialflex Móveis,"DETALHAMENTO:<br><br><br><strong>Estrutura</strong>:<br>-------------------------------------------<br>Escala de Brilho: Semi-Brilho<br>Material da Estrutura: MDP<br>Quantidade de Pés/Sapatas: 6<br><br><strong>Instalação</strong>:<br>-------------------------------------------<br>Como os Móveis Chegarão na Minha Casa: Desmontados em caixas acompanhados de ferragens e manuais para montagem.<br>Grau de Dificuldade da Montagem: Médio<br>Sistema de Montagem: Cavilhas e parafusos e Minifix<br>Necessita de Montagem: Sim<br><br><strong>Estrutura Interna</strong>:<br>-------------------------------------------<br>Quantidade de Puxadores: 9<br>Peso Suportado nas Gavetas (kg): 3<br>Peso Suportado nas Prateleiras (kg): 5<br>Material das Corrediças: Metálica<br>Material das Dobradiças: Metálica<br>Material do Puxador: Plástico<br><br><strong>Outras Informações</strong>:<br>-------------------------------------------<br>Garantia (dias): 90<br>Revestimento/Acabamento: Pintura UV<br>Indicação de Uso: Cozinha<br>Recomendação de Manutenção: Pano levemente umedecido.<br>Observação: Objetos decorativos que aparecem nas imagens não acompanham o produto!<br><br><strong>Cozinha</strong>:<br>-------------------------------------------<br>Espaço Para Micro-ondas: Não<br>Acompanha Tampo: Não<br>Acompanha Pia: Não<br>Quantidade de Portas: 8 Portas<br>Quantidade de Gavetas: 1 Gaveta<br>Quantidade de Prateleiras: 2 Prateleiras<br>Medidas Espaço Forno (A x L x P): 44,0x61,5x49,0 cm<br>Possui Espelho: Não<br>Possui Vidro: Sim<br>Espaço Para Forno: Sim<br><br><strong>Informações Adicionais Cozinha</strong>:<br>-------------------------------------------<br>Cozinha Suspensa: Não<br><br><strong>Geral</strong>:<br>-------------------------------------------<br>Cor: Marrom<br>SKU: 53649<br><br><strong>Tamanho/Peso</strong>:<br>-------------------------------------------<br>Altura: 199,5cm<br>Largura: 186cm<br>Profundidade: 50,5cm<br>Peso: 76,4kg<br><br><p>O(a) Cozinha Compacta Helena 8 Portas 1 Gaveta Brunne/3d - Genialflex Móveis é produzido em MDP na escala de brilho Semi-Brilho, e possui um grau de dificuldade de montagem: Médio.<br>Seu revestimento/acabamento é: Pintura UV.<br><br>Infelizmente a Panorama Móveis não oferece serviço de montagem, deixamos essa informação bem clara em todas as nossas páginas de produto. Onde especificamos que os móveis chegarão desmontados, e que a montagem fica por conta do cliente.<br><br>Como não oferecemos esse serviço não embutimos o mesmo no preço dos produtos, ou seja, maior economia para você! Todos os nossos móveis também acompanham o manual de montagem, e caso você queira, pode realizar a montagem você mesmo, sempre especificamos os graus de montagem dos produtos.<br><br>Nos casos de grau baixo e médio, com pouco ou nenhum conhecimento, você mesmo pode efetuar a montagem, e fazer essa economia. Apenas nos graus de montagem alto, recomendamos a contratação de um montador com experiência, visto que são montagens mais complicadas. A montagem é feita com Cavilhas e parafusos e Minifix.<br><br>Este móvel é indicado para que seja utilizado no(a) Cozinha, dando um toque especial no cômodo de sua casa.<br>Para que você mantenha seu produto sempre em ótimo estado, recomendamos que use apenas um pano seco ou levemente umedecido, sem o uso de quaisquer produtos abrasivos.<br><br>A Panorama Móveis garante aos clientes, 90 dias de garantia nos produtos, porém, recomendamos que entre em contato com o fornecedor/marca do produto, pois o mesmo(a), pode garantir um prazo maior de garantia.<br><br>Lembrando ainda que: quaisquer objetos decorativos que aparecem nas imagens, não acompanham o produto. Panorama Móveis, a sua loja de móveis online, eletrodomésticos e artigos para decoração!</p>",{},,,,,,,,,,,,,,Genialflex Móveis,MDP,8 Portas,Marrom,Cozinha Compacta,1 Gaveta,2 Prateleiras,Não informado,Não informado,Não informado,Não informado,Não informado,Cozinha,Genialflex,MDP,8 Portas,Marrom,,1 Gaveta,Convencional
carolinamobilia||99936293207493,Armário,Armário Cozinha Suspenso Aéreo 3 Portas Valência Branco Sallêto,"<p>Armário Cozinha Suspenso Aéreo Valência conta com 3 portas espessura 15 MM material MDP, dobradiças metálicas, os puxadores são compostos por material polipropileno. Seu espaço interno possui 1 prateleira espessura 12 MM proporcionando um amplo espaço para que você possa organizar os mais diversos itens na sua cozinha: Panelas, talheres, louças. Acabamento em pintura UV, possui um design moderno, visual sofisticado e um ótimo custo benefício. Se encontra nas cores Branco, Carvalho Grafite e Carvalho Off.</p><p>Este Armário pode ser combinado com outros módulos da cozinha linha Valência. </p><p>INFORMAÇÕES TÉCNICAS DO PRODUTO</p><p>CÓDIGO DO FABRICANTE: 99936293</p><p>MODELO: Armário Cozinha Suspenso Aéreo </p><p>TIPO DE PINTURA: UV</p><p>ESTRUTURA: MDP.</p><p>MEDIDAS (CxLxA) cm: 120 x 26 x 54,5</p><p>PUXADORES DAS GAVETAS E PORTA (as): Polipropileno </p><p>ADVERTÊNCIAS: Não nos responsabilizamos pela montagem dos produtos. A tonalidade da cor do produto pode variar entre a imagem de exibição do site e o item físico. Leia atentamente todas as instruções de montagem contidas no manual de montagem do produto antes de iniciar a montagem do produto. Guarde este documento para futuras utilizações. Consequências pela não observação e seguimento das advertências aqui descritas são de inteira responsabilidade do usuário, ficando o fabricante isento de quaisquer responsabilidades por quaisquer fatos/acidentes que possam ocorrer.</p><p>PRAZO DE GARANTIA EM MESES: 3</p>","{""cor"":""Branco"",""marca"":""Sallêto Móveis"",""material_da_estrutura"":""MDP"",""quantidade_de_portas"":""3 Portas"",""tipo"":""Aéreo""}",Sallêto Móveis,MDP,3 Portas,Branco,Aéreo,,,,,,,,,Sallêto,MDP,3,Branco,Suspenso Aéreo,Não informado,1,12 MM,"dobradiças metálicas, puxadores em polipropileno",MDP,Moderno,Não informado,Cozinha,Sallêto Móveis,MDP,3 Portas,Branco,"[Suspenso, Aéreo]",,Convencional
technoxcomercioltda||74145p,Armário,Armário Multiuso Fruteira Base Microondas Filtro Bebedouro,"Benefícios do produto- Organize e melhore seu cantinho de trabalho- Conforto na utilização do computador, ideal para escritório e homme office- Excelente item decorativo para seu ambiente- Design inovador e alto nível de acabamentoMaterial- 100% MDF PREMIUMEspecificações- Comprimento 91cm- Largura 35cm- Altura 30 cm-Conteúdo da embalagem01x Tampo mesa home office02x mão francensas em madeira maciça01x Kit de instalação com buchas e parafusosNível de dificuldade de montagem: FÁCILATENÇÃO****NÃO ACOMPANHA COMPUTADOR E ITENS DECORATIVOS****- Produto exclusivo ALMAK!- Aproveite o sistema de frete único, adicionando todos os produtos que tem interesse ao seu CARRINHO DE COMPRAS e finalizando a compra por lá, desta forma você poderá comprar diversos produtos e pagará 1 frete apenas.Boas compras!","{""material_da_estrutura"":""Madeira""}",,Madeira,,,,,,,,,,,,ALMAK,MDF,Não informado,Não informado,Multiuso,Não informado,Não informado,Não informado,"Fruteira, Base para Microondas, Filtro para Bebedouro",MDF,Não informado,"Tampo mesa home office, mão francensas em madeira maciça, Kit de instalação com buchas e parafusos","Escritório, Home office",Technox,MDF,,,,,
tonielquemoveis2||6892.89,Armário,"Armario Lavanderia Rebeca 2 Portas  1,96m  Pés Reguláveis","Armário para lavanderia com 2 portas é uma solução de armazenamento eficiente e versátil para ajudar a manter a organização em sua área de lavanderia, permitindo que você armazene seus itens essenciais de forma segura e acessível. Oferece amplo espaço de armazenamento para todos os seus produtos de limpeza, detergentes, escovas, panos e acessórios. Mantenha sua lavanderia organizada e todos os itens ao seu alcance. Além de sua funcionalidade apresenta um design elegante e contemporâneo, que combina perfeitamente com qualquer estilo de decoração. <br><br> Somente com esse armário você tem: <br><br> <br> 2 portas com dobradiças metálicas; <br> 4 prateleiras internas; <br> Puxadores em MDF; <br> Suporta até 7kg nas prateleiras; <br> Fabricado em 100% MDP de 15mm; <br> Acabamento Touch Alto-Relevo ou Alto Brilho UV; <br> 4 pés em PVC com regulagem de altura; <br> Acompanha manual de montagem. <br><br> Dimensões aproximadas Altura 1,96m x Largura 0,54m x Profundidade 0,39 cm x Peso 38 kg. <br><br> \\Não nos responsabilizamos pela montagem ou instalação do produto. Sugerimos a contratação de um serviço terceirizado de montagem ou de algum profissional experiente de sua preferencia.\\ <br><br> (imagens meramente ilustrativas)","{""marca"":""Quarta Divisão"",""quantidade_de_portas"":""2 Portas""}",Quarta Divisão,,2 Portas,,,,,,,,,,,Rebeca,MDP,2,Não informado,Lavanderia,Não informado,4,Não informado,Pés Reguláveis,MDF,Não informado,"Dobradiças Metálicas, Puxadores em MDF",Não informado,Quarta Divisão Móveis,MDP,2 Portas,[Teka Madrid],,,Convencional
flipvendademoveis||35422,Armário,Armário Aéreo 2 Portas de Vidro 80 cm Évelin Off White  Henn,"<p>Armário Aéreo 2 Portas de Vidro 80 cm Évelin Off White – Henn</p><p>Modernidade e sofisticação para sua cozinha você encontra aqui! Apresentamos o Armário Aéreo de Cozinha da linha Évelin, desenvolvido pela Henn. Perfeito para complementar o ambiente e deixá-lo ainda mais sofisticado. Desenvolvido 100% em MDF, oferece muito mais qualidade e durabilidade do móvel, sem contar no lindo design na cor Off White com portas de vidro reflecta que dará um charme super especial para sua cozinha. Confira e aproveite!</p><p>Características Técnicas:<br> - 100% MDF<br> - Pintura UV na cor Off White<br> - Acabamento brilho<br> - Possui 2 portas<br> - Possui 1 prateleira<br> - Dobradiças de 35mm<br> - Puxadores em alumínio <br> - Portas de vidro reflecta<br> - Muito mais qualidade<br> - Amplo espaço interno<br> - Design lindo e moderno</p><p>Dimensões:<br> Altura: 67,5 cm<br> Largura: 80 cm<br> Profundidade: 32 cm</p><p>Atenção: Não realizamos a montagem ou instalação do produto, porém acompanha manual de instruções.</p><p>Importante: Imprescindível a conferência no ato da entrega. Em caso de anormalidade, recuse.</p>","{""marca"":""Henn"",""material_da_estrutura"":""MDF"",""quantidade_de_portas"":""2 Portas"",""tipo"":""Aéreo""}",Henn,MDF,2 Portas,,Aéreo,,,,,,,,,Henn,MDF,2,Off White,Aéreo,Não informado,1,Sim,Portas de vidro reflecta,Vidro,Moderno,"Dobradiças de 35mm, Puxadores em alumínio",Cozinha,Henn,MDF,2 Portas,[Off White],Aéreo,,Convencional
thlmoveis||660046122,Armário,Armário Aéreo Virgínia e Balcão Com Pia 120cm Michigan Branco/Preto - Lumil Móveis,"Confira agora o <strong>Armário Aéreo Com Balcão</strong> imperdível que a Lumil preparou e tenha a <strong>cozinha moderna</strong> e funcional que sempre quis!!<br><br>Por ser um cômodo onde praticidade e funcionalidade são conceitos que devem andar juntos, a cozinha muitas vezes é onde mais ficamos em dúvida sobre os complementos. Mas que tal investir em um kit com o essencial? Sim, a começar pelo <strong>Armário Virgínia</strong> que além das 3 portas com puxador em perfil metálico contém amplo espaço interno, já o <strong>balcão para pia</strong> Michigan Branc/Preto é uma ótima alternativa por conter elementos indispensáveis nessa hora, que são as 3 portas com puxador em perfil metálico contendo amplo espaço interno e 2 gavetas para seus talheres! Tudo em MDP com acabamento em pintura BP e pés em PVC para sustentação do móvel!! Inclusive, possui pia inox que acompanha válvula com pino metálico e cuba com rebaixe novita!<br><br>Ou seja, não perca essa oportunidade e adiciona já ao seu carrinho!! <strong>Dimensões dos Produtos (Largura x Altura x Profundidade): </strong><br><strong>Armário Aéreo:</strong> 120 x 54 x 29 cm.<br><strong>Balcão:</strong> 117 x 83 x 50 cm.<br><strong>Pia:</strong> 120 x 13,5 x 53 cm.<br><strong>Peso:</strong> 75,7 Kg.<br><br><strong>** ACOMPANHA PIA INOX / COM FURAÇÃO DE USO OPCIONAL PARA TORNEIRA.</strong><br><br><strong>Outras Medidas (L x A x P)</strong><br><strong>Cuba:</strong> 41 cm x 32 cm x 11 cm.<br><strong>Válvula:</strong> 9 cm x 5,6 cm x 9 cm.<br><br><strong>Características do Produto:</strong><br><strong>Material da Estrutura:</strong> MDP/MDF.<br><strong>Acabamento:</strong> Pintura BP.<br><strong>Peso Suportado:</strong> 30 kg distribuídos.<br><strong>Escala de Brilho:</strong> Fosco.<br><strong>Possui Prateleiras:</strong> Sim.<br><strong>Material da Prateleira:</strong> MDP.<br><strong>Quantidade de Prateleiras:</strong> 2 Prateleiras.<br><strong>Possui Portas:</strong> Sim.<br><strong>Material da Porta:</strong> MDP.<br><strong>Quantidade de Portas:</strong> 6 Portas.<br><strong>Tipo de Porta:</strong> Convencional.<br><strong>Tipo de dobradiças:</strong> Metálicas.<br><strong>Possui Gavetas:</strong> Sim.<br><strong>Material da Gaveta:</strong> MDP.<br><strong>Quantidade de Gavetas:</strong> 2 Gavetas.<br><strong>Tipo de corrediças:</strong> Metálicas.<br><strong>Possui Puxador:</strong> Sim, alumínio.<br><strong>Acompanha Tampo:</strong> Sim.<br><strong>Tipo de Tampo:</strong> Pia Inox com cuba.<br><strong>Acompanha Válvula:</strong> Sim.<br><strong>Diâmetro da Válvula:</strong> 3.1/2.<br><strong>Diferenciais:</strong><br>- Design moderno.<br>- Pés reguláveis.<br>- Acompanha Pia.<br>- Cuba com rebaixe Novita.<br>- Acompanha válvula com pino metálico.<br><strong>Sistema de Montagem:</strong> Cavilhas/Parafusos.<br><strong>Manual de Montagem:</strong> Sim.<br><strong>Complexidade da Montagem:</strong> Média.<br><strong>Volumes:</strong> 3 Volumes.<br><strong>Conteúdo da Embalagem:</strong> 1 Armário Aéreo, 1 Balcão, 1 Pia.<br><strong>Garantia do Fabricante:</strong> 90 dias contra defeito de fabricação.<br><strong>Montagem:</strong> Recomendamos que seja feita por um profissional.<br><strong>Recomendação de Limpeza:</strong> Utilize pano úmido.<br><br><strong>Observações importantes:</strong><br>- Produto para uso residencial em ambiente interno, não devendo ficar exposto diretamente ao sol, calor e umidades excessivas.<br>- Pode haver alguma diferença de tonalidade entre a imagem e o produto real, por conta do tratamento de imagens e a calibração de cores do seu monitor.<br>- As imagens são meramente ilustrativas, não acompanham objetos de decoração e eletrônicos.<br>- Confira o estado da embalagem, não devendo assinar o comprovante em caso de danos.<br>- Não asseguramos, no ato da entrega, por subir escadas/elevadores, pelo transporte por guincho em apartamentos ou montagem, desmontagem e instalações. Eventuais despesas são por conta do comprador.<br>- Confira as dimensões do produto e certifique-se de que passará normalmente por supostos elevadores, portas, escadas e/ou corredores de sua residência.","{""cor"":""Branco, Preto"",""material_da_estrutura"":""MDF, MDP""}",,"MDF, MDP",,"Branco, Preto",,,,,,,,,,Lumil Móveis,MDP,6 Portas,BrancoPreto,Aéreo,2 Gavetas,2 Prateleiras,MDP,Não informado,MDP,Moderno,Pés reguláveis,Cozinha,Lumil Móveis,"[MDF, MDP]",6 Portas,"[Branco, Preto]",Aéreo,2 Gavetas,Convencional
barrocartemoveisrusticos||433p,Armário,Armário Rústico Slim Em Madeira De Demolição - Cód 1240,"<p>Armário produzido em madeira maciça de demolição, material característico pela qualidade, durabilidade e resistência. O móvel é ideal para quem busca a junção de praticidade e beleza. Além de funcional, seu visual é capaz de imprimir muito charme e leveza à composição do ambiente. Aposte nessa ideia, afinal, quando encontramos o equilíbrio perfeito entre funcionalidade e estética alcançamos a essência do design! </p><p><br></p><p>Dimensões: </p><p>Comprimento = 0,50m </p><p>Altura = 1,80m </p><p>Profundidade = 0,40m</p><p><br></p><p><br></p><p>OBS: O ARMÁRIO VAI SEM VIDROS. Item fabricado na madeira de demolição peroba rosa com acabamento em cera e resto de tinta. As imagens são reais do produto, porém como a matéria prima é a madeira, cada peça terá seus veios e características únicas. Por ser um produto rústico, a peça pode apresentar marcas profundas naturais, marcas de furos de pregos, restos de tintas, frisos de madeira já trabalhada, demonstrando que está adquirindo um verdadeiro móvel em madeira de demolição. Tais imperfeições caracterizam a madeira de demolição e não se qualificam como defeito. </p><p><br></p><p>É importante lembrar, que são produtos artesanais, portanto nenhuma peça fica 100% igual a outra.</p><p>Para utilização em áreas molhadas ou externas, recomenda-se aplicação de Stain impregnante ou algum tipo de verniz impermeabilizante, pois somente na cera, o móvel não fica protegido dos intempéries, além de manchar com qualquer respingo de água. Realizar a manutenção à cada 03 meses ou sempre que julgar necessário.</p>","{""cor"":""Demolição"",""material_da_estrutura"":""Madeira""}",,Madeira,,Demolição,,,,,,,,,,Não informado,Madeira de Demolição,Não informado,Não informado,Rústico Slim,Não informado,Não informado,Não informado,Não informado,Madeira maciça,Rústico,Não informado,Não informado,Barrocarte,Madeira,1 Porta,Demolição,,2 Gavetas,Convencional
casah||ARAJL1933,Armário,Armário Aéreo 2 Portas Bristol Preto,"<p>O Armário Suspenso veio para tornar sua organização prática e funcional, além de deixar o ambiente muito mais bonito.</p> <p>É Produzido em MDP, conta com duas portas e uma prateleira para organizar seus alimentos e copos.</p> <p>Dimensões do Armário:</p> <p>Altura: 55 cm</p> <p>Largura: 80,7 cm</p> <p>Profundidade: 32 cm</p> <p>Informações do Armário:</p> <p>Cor: Preto</p> <p>Portas: Sim (2)</p> <p>Prateleira: Sim (1)</p> <p>Material Principal: MDP</p> <p>Itens Inclusos:</p> <p>1 Armário Aéreo</p> <p>Manual de Montagem</p> <p>Kit completo para montagem e manual de instruções</p> <p>Garantia:</p> <p>3 meses contra defeito de fabricação</p> <p>Informações Adicionais:</p> <p>Fotos meramente ilustrativas do produto no ambiente.</p> <p>Os objetos que ambientam as fotos não acompanham o produto;</p> <p>Verificar descrição e tamanho do produto antes da compra.</p> <p>Avaliar a mercadoria no ato do recebimento e recuse em caso de divergência ou avarias.</p> <p>Mantenha as informações de contato e endereço de entrega atualizados para entrarmos em contato caso necessário.</p> <p>Limpar com flanela ou pano macio seco, não utilizar produtos abrasivos, desengordurantes, álcool ou solvente. Não expor o produto diretamente à luz solar e à umidade.</p> <p>Sugerimos a contratação de um montador profissional para a montagem do produto. Não nos responsabilizamos por avarias causadas no ato da montagem.</p> <p>Não nos responsabilizamos pela montagem e desmontagem do produto no ato da entrega e devolução, assim como os custos gerados nestas situações.</p> <p>A transportadora entregará o produto no andar térreo do endereço de entrega.</p> <p>Não nos responsabilizamos por subir escadas, corredores e elevadores ou transporte por guincho em apartamentos.</p>","{""cor"":""Preto"",""quantidade_de_portas"":""2 Portas"",""tipo"":""Aéreo, Balcão""}",,,2 Portas,Preto,"Aéreo, Balcão",,,,,,,,,Bristol,MDP,2,Preto,Aéreo,Não informado,1,Sim,Não informado,MDP,Não informado,Não informado,Não informado,CasaH,MDP,2 Portas,Preto,Aéreo,,Convencional
decorecomamor||153891p,Armário,Armario de cozinha aéreo Para Sala de Estar Estilo Vintage,"ARMÁRIO AÉREO 3 PORTAS MULTIUSO SUSPENSO DE PAREDE<br><br>Serve para vários ambientes, Armário Aéreo de parede Multiuso.<br><br>Para você que procura um móvel que ocupa pouco espaço e que ofereça beleza e praticidade, ideal para te ajudar na organização da sua cozinha, dispensa, lavanderia, Escritório, com 03 Portas, além de 02 Nichos, com espaços suficientes para armazenarem temperos, materiais de limpeza, panos, etc..<br><br>Medidas:<br>Altura: 62cm<br>Largura: 90cm<br>Profundidade: 27cm<br><br>Cor Branco<br>3 Portas<br>Acabamento alto brilho<br>Puxadores PVC Cromados<br>Acompanha fixadores p/ Parede<br><br>FOTOS REAIS DO PRODUTO","{""tipo"":""Aéreo""}",,,,,Aéreo,,,,,,,,,Não informado,Não informado,3 Portas,Branco,Aéreo,Não informado,Não informado,Não informado,Não informado,Não informado,Vintage,Não informado,"Cozinha, Sala de Estar, Dispensa, Lavanderia, Escritório",Nova Decor,,3 Portas,Branco,Aéreo,,Convencional
decorecomamor||875p,Armário,Armário Balcão 1 Porta Multiuso 2 Gavetas Utensílios,"ARMÁRIO BALCÃO GAVETEIRO MULTIUSO 2 GAVETAS COM RODINHAS<br><br><br>Balcão modulado para compor os móveis de sua Cozinha, Lavanderia, Escritório, Área de Serviço, Salão de Beleza..<br><br>Para você que procura um móvel que ocupa pouco espaço e que ofereça beleza e praticidade ideal para te ajudar na organização da sua cozinha, dispensa, lavanderia, com 02 gavetas espaçosas, 01 porta e com 01 prateleira interna, espaços suficientes para armazenarem seus utensílios domésticos, materiais de limpeza, etc, além de Rodinhas para facilitar sua locomoção na hora da limpeza do dia a dia.<br><br>Medidas:<br><br>Altura: 86cm<br><br>Largura: 36cm<br><br>Profundidade: 35cm<br><br><br>-Produto compacto e com os espaços bem distribuídos<br>-2 Gavetões com corrediças metálicas<br>-4 Rodinhas de ótima qualidade<br>-1 Porta com dobradiças metálicas e com Prateleira Interna<br>-Puxador em pintura cromada<br>-Pintura UV brilhante<br>-Ótima bancada para Bebedouro, Máquina de Café..<br>-Pode ser usado na Cozinha, Lavanderia, Escritório, diversas partes da casa<br>Cor : Branco","{""cor"":""Branco"",""marca"":""Decore Com Amor"",""quantidade_de_gavetas"":""2 Gavetas"",""quantidade_de_portas"":""1 Porta"",""tipo"":""Balcão, Multiuso""}",Decore Com Amor,,1 Porta,Branco,"Balcão, Multiuso",2 Gavetas,,,,,,,,Não informado,Não informado,1,Branco,Balcão,2,1,interna,Rodinhas,Não informado,Multiuso,"gavetas, portas, prateleiras, rodinhas","Cozinha, Lavanderia, Escritório, Área de Serviço, Salão de Beleza",Decore com Amor,,1 Porta,Branco,,2 Gavetas,Convencional
tuiamoveis||EMILY11,Armário,Cozinha Compacta Emily 4 Portas Atacama Off White - Aramóveis,"Produzido em MDP de 15mm e 12mm de espessura, proporcionando resistência e durabilidade. Amplo espaço interno, garantindo maior firmeza ao móvel. Puxadores de madeira dando maior resistência. Dobradiças metálicas dando maior durabilidade e resistência ao abrir e fechar as portas. Acabamento em verniz alto brilho e fosco, garantindo a conservação do móvel, além de manter o brilho constante oferece ao móvel beleza, resistência e durabilidade prolongando a vida útil do produto. <br><br>Características.:<br>• Altura: 199,1 cm<br>• Largura: 218,4 cm<br>• Profundidade: 38 cm<br>• Peso: 50,85 Kg<br>Características e Especificações Técnicas:<br>• Material: MDP 12/15mm<br>• Acabamento: Pintura UV<br>• Quantidade de Portas: 4<br>• 2 nichos<br><br>Garantia: 3 meses<br><br><br>Objetos são apenas decorativos, a venda é a apenas do produto.<br> <br><br>Montagem: Recomendamos que a montagem seja feita por um profissional.<br><br>Recomendação de Limpeza: Utilize pano levemente úmido.<br><br>Observações:<br><br>- Nos responsabilizamos pela entrega dos produtos até onde as rodovias alcançam, entregas fluviais ou aéreas devem ser cotadas a parte.<br><br>- As imagens são ilustrativas, não acompanham objetos de decoração.<br><br>- A montagem será de responsabilidade do comprador. Não nos responsabilizamos, no ato da entrega, por subir escadas/elevadores ou transporte por guincho em apartamentos. Eventuais despesas são de responsabilidade do comprador.<br><br>- Confira as dimensões do produto e certifique-se de que passará normalmente por supostos elevadores, portas, escadas e/ou corredores de sua residência.<br><br> """"<br>""<br>",{},,,,,,,,,,,,,,Aramóveis,MDP,4,Off White,Cozinha Compacta,Não informado,Não informado,Não informado,Não informado,MDP,Não informado,Não informado,Não informado,Aramóveis,MDP,4 Portas,"[Atacama, Off White]",,,Convencional
grupok1sa||N749-BRNG,Armário,Armário Aéreo Celeste Kappesberg 100% MDF 2 Portas com Vidro Branco/Nogueira 80cm,"<p>Sua cozinha completa com toda a beleza e praticidade do Aéreo 2 Portas c/ vidro 80cm N749 da Cozinha Celeste da Kappesberg. Produzido em chapa MDF de 15mm, ele garante robustez, firmesa e qualidade, além de um acabamento perfeito. Com sete camadas de pintura, tanto na parte interna quanto na externa, a caixaria conta com acabamento em brilho na cor branca, enquanto que as portas são na cor nogueira, uma combinação aconchegante e linda, deixando sua cozinha perfeita. Com duas portas e duas prateleiras, essa é uma peça indispensável em todas as combinações. E o destaque fica com a moldura e o vidro reflecta nas portas, garantindo um design único e moderno, além do espaço perfeito para organizar louças e mantimentos, fechando uma ótima combinação com o balcão do mesmo tamanho. E seus puxadores metálicos quadrados na cor dourada completam o design e a qualidade da cozinha, deixando seu ambiente ainda mais estiloso. Renove seu espaço e o deixe ainda mais completo com a Cozinha Celeste da Kappesberg.</p> <p>Informações importantes:</p> <p>As imagens são meramente ilustrativas, não acompanha acessórios;</p> <p>Pode haver variação de cor de acordo com a calibragem da tela onde o produto está sendo visualizado;</p> <p>Todos nossos móveis são entregues desmontados;</p> <p>A montagem é sempre por conta do cliente (orientamos a contratação de um profissional qualificado, o manual de montagem acompanha o produto);</p> <p>O vídeo do produto pode ser genérico, então atente-se às imagens do anúncio para optar pela cor/modelo.</p>",,,,,,,,,,,,,,,Kappesberg,MDF,2 Portas,BrancoNogueira,Aéreo,Não informado,2 prateleiras,Não informado,com Vidro,MDF,Moderno,"Vidro, Puxadores metálicos quadrados na cor dourada",Cozinha,Kappesberg,MDF,2 Portas,"[Branco, Nogueira]",Aéreo,,Convencional
madesamoveis||GRNC1600023B,Armário,Armário de Cozinha Completa Suspenso 160cm Cinza Nice Madesa 02,"<p>Uma cozinha funcional, espaçosa e moderna. Conheça este Armário de Cozinha Completa Nice da Madesa.<br><br>Fabricada com materiais de alta qualidade, possui puxadores em alumínio na cor titanium, corrediças telescópicas para abertura total da gaveta e dobradiças metálicas nas portas.<br><br>A cozinha é suspensa, com um visual super atual, além de ser muito fácil de limpar. E os módulos deste armário são avulsos e podem ser organizados conforme a melhor disposição para o seu espaço. Isso a torna uma cozinha planejada.<br><br>Para completar, o balcão acompanha tampo em MDP, mas é possível fazer a remoção para a instalação de uma pia de inox ou pedra.<br><br>O acabamento do móvel é cinza, feito em Pintura Poliéster ecológica, que oferece proteção contra os efeitos da água e do calor.<br><br>Medidas totais:<br>- 160 cm de largura<br>- 195 cm de altura<br>- 52 cm de profundidade no balcão e na torre e 31 cm no aéreo<br><br>Itens inclusos:<br>- Um (1) Paneleiro de 40 cm com duas (2) portas<br>- Um (1) Aéreo de 120 cm com duas (2) portas<br>- Um (1) Balcão de Pia de 120 cm com uma (1) gaveta, três (3) portas e tampo<br><br>Código do produto: GRNC1600023B<br><br>Obs.:<br>- Imagens meramente ilustrativas<br>- A Madesa não disponibiliza serviço de montagem<br>- O produto segue com manual e todas as ferragens necessárias para a instalação<br>- A cozinha não acompanha pés, deve ser instalada de forma suspensa, com fixação na parede</p>","{""marca"":""Madesa""}",Madesa,,,,,,,,,,,,,Madesa,MDP,6,Cinza,Cozinha,1,Não informado,Não informado,Não informado,Alumínio,Moderno,"Puxadores, Corrediças telescópicas, Dobradiças metálicas",Não informado,Madesa,MDP,7 Portas,Cinza,"[Suspenso, Aéreo]",1 Gaveta,Convencional
ajl||22657p,Armário,Armario Multiuso Organiza Tenis Calçados AJL,"<br>*** CLIQUE AQUI PARA VER AS MEDIDAS ***<br><br><br>- Estante arara em madeira maciça reflorestada;<br><br>- Compra direto de fábrica;<br><br>- Perfeita para organizar e otimizar espaços;<br><br>- Perfeito para todo lugar da casa, multiuso para cozinha, lavanderia e closet.<br><br><br>ESPECIFICAÇÕES:<br><br>Estante arara com prateleiras e estrutura em madeira maciça de Pinus.<br><br>DIMENSÕES :<br><br>Altura 170,0 cm<br><br>Largura 80 cm<br><br>Profundidade 32 cm<br><br><br>Aparador Pinus<br><br>[DESCRIÇÃO DO PRODUTO]<br><br>- Altura: 140cm<br><br>- Largura: 50cm<br><br>- Profundidade: 30cm<br><br>- Prateleiras: 5<br><br>- Montagem: Super fácil em menos de 20 minutos.<br><br>- Produto: Estante 5 prateleiras<br><br>- Ambiente: Todos<br><br>- Material: 100% Pinus natural aparelhado<br><br>- Cor: Pinus Natural<br><br>APROVEITE ESSE VALOR PROMOCIONAL TEMPORÁRIO<br><br>O MELHOR PREÇO DO BRASIL E ENTREGA RÁPIDA.<br>","{""tipo"":""Multiuso""}",,,,,Multiuso,,,,,,,,,AJL,madeira maciça,Não informado,Pinus Natural,Armario,Não informado,5,Não informado,Não informado,Pinus,Não informado,Não informado,organizar tenis calçados,AJL Móveis,Pinus,,,,,
acostaricacolchoes||6373c733502f893f40765f9f,Armário,Armário de Cozinha Modulado  Star New c/ 3 Portas c/Vidro Branco/Preto - Telasul,<br> Armário Aéreo p/ Cozinha Star New c/ 3 Portas c/Vidro 120cm Branco/Preto - Telasul<br><br> Marca: Telasul<br><br>Dimensões(Cm): Comprimento(Profundidade): 29cm x Largura: 120cm x Altura: 55cm<br> <br> CARACTERÍSTICAS DE MÓVEIS<br> Tipo de Estrutura do Móvel<br> - 100% aço<br> Tipo de Pintura<br> - Eletrostática a Pó<br> - Antiferruginosa<br> Tipo de Acabamento da Pintura<br> - Semi Brilho<br> Características de móveis<br> - Armário Aéreo<br> - Armário Triplo<br> Tipo de puxador<br> - Acrílico<br> Quantidade de Prateleiras<br> - 1 Prateleira<br> Quantidade de Portas<br> - 3 Portas de Abrir<br> Garantia<br> - 3 meses<br> <br> BENEFÍCIOS DE MÓVEIS<br> Certificação de Qualidade de Móveis<br> - Qualidade Aprovada<br> <br> 01 - CARACTERÍSTICAS E BENEFÍCIOS GERAIS<br> Cor Principal<br> - Branco<br><br>Imagens Meramente Ilustrativas.<br>Não nos responsabilizamos pela montagem/instalação dos produtos.<br>Todas as informações divulgadas são de responsabilidade exclusiva do fabricante/fornecedor.,"{""cor"":""Branco, Preto"",""quantidade_de_portas"":""3 Portas""}",,,3 Portas,"Branco, Preto",,,,,,,,,,Telasul,Não informado,3 Portas,BrancoPreto,Aéreo,Não informado,1,Não informado,Não informado,Não informado,Não informado,Vidro,Cozinha,Telasul,Aço,3 Portas,"[Branco, Preto]","[Modulado, Aéreo]",,Convencional
flipvendademoveis||33049,Armário,Armário para Cozinha Ambiente Kit Márcia Preto Fosco - AJL,"<p>Armário para Cozinha Ambiente Kit Márcia Preto Fosco - AJL</p><p>O armário pra sua cozinha você encontra aqui! Apresentamos a você esse lindo modelo desenvolvido pela AJL ideal para ambientes compactos que não possuem muito espaço, o Kit da linha Márcia conta com um design lindo e delicado na cor Preto Fosco proporcionando modernidade e um fino toque ao ambiente, ótimas divisões que irão lhe auxiliar na organização dos seus utensílios, fabricado com materiais de ótimas qualidades para maior resistência e durabilidade do móvel. Confira e aproveite!</p><p>Características Técnicas:<br> - Desenvolvido 100% em MDP<br> - Acabamento em pintura na cor Preto Fosco<br> - Possui 06 Portas com dobradiças metálicas<br> - Prateleiras<br> - 01 Gaveta com corrediças metálicas<br> - Espaço para comportar pequenos objetos<br> - Puxadores em plástico na cor prata<br> - Kit 05 pés em PVC na cor prata<br> - Amplo espaço interno<br> - Lindo design</p><p>Dimensões:<br> Altura: 177,5 cm<br> Largura: 105 cm<br> Profundidade: 38 cm</p><p>Imagens ilustrativas, objetos decorativos não inclusos.<br> Obs: Não realizamos a montagem, porém acompanha manual de instruções.</p>","{""cor"":""Preto"",""marca"":""AJL Móveis"",""material_da_estrutura"":""MDP""}",AJL Móveis,MDP,,Preto,,,,,,,,,,AJL,MDP,6,Preto Fosco,Cozinha,1,Não informado,Sim,"Puxadores em plástico na cor prata, Kit 05 pés em PVC na cor prata",MDP,Não informado,"Dobradiças metálicas, Corrediças metálicas",Ambientes compactos,AJL Móveis,MDP,6 Portas,[Preto Fosco],,1 Gaveta,Convencional
ajl||7559p,Armário,Lavanderia Armário Branco Expositor De Estante Brinquedos,"LINDO ARMÁRIO ESTANTE MULTIUSO COM 4 PRATELEIRAS<br>Armário multiuso, serve para diversas partes da casa Lavanderia, Cozinha, Despensa, Escritório, Quarto Infantil...Serão enviados junto ao móvel 2 ganchos porta vassouras que podem ou não ser fixados ao armário.<br>MEDIDAS:<br>Altura: 160cm<br>Largura: 55cm<br>Profundidade: 27cm - Material MDP<br>- Pintura UV Brilhante- 4 Prateleiras<br>Aproveite este Super Preço Promocional, TEMOS POUCAS UNIDADES!!!<br>IRÁ COM GARANTIA E COM NOTA FISCAL","{""cor"":""Branco""}",,,,Branco,,,,,,,,,,Não informado,MDP,Não informado,Branco,Estante,Não informado,4,Não informado,2 ganchos porta vassouras,MDP,Não informado,Não informado,"Lavanderia, Cozinha, Despensa, Escritório, Quarto Infantil",Click Forte,MDP,,Branco,,,
colormoveis||113-255,Armário,Multiuso Napole Com Chaves Rústico - Mirarack Móveis,"Largura <br> 57 cm <br> Altura <br> 190 cm<br> Profundidade<br> 40 cm<br> Peso <br> 43,60 kg<br> Matéria Prima <br> MDP<br> Garantia<br>3 Meses Dica de Montagem<br> Recomendamos que a montagem seja feita por profissional de sua confiança<br> Recomendações de Limpeza<br> Utilizar pano macio seco ou ligeiramente umedecido com água<br> Informações complementares <br> A iluminação do ambiente ou do monitor podem variar as cores do produto. <br> Conteúdo da Embalagem<br> 1 Multiuso e Manual de Montagem<br> Atenção*<br>Verifique se as dimensões dos produtos passam por elevadores, portas, escadas e corredores. Pois não nos responsabilizamos pelo transporte dos produtos por escadas, guinchos, içamentos ou quaisquer outros meios específicos de transporte.<br> Sobre a Montagem*<br> Montagens e desmontagens devem ser contratadas pelo cliente.<br> Os Móveis são entregues desmontados e acompanham manual de montagem, análise antes de montar sozinho ou contrate um profissional.<br> Garantia* 3 Meses<br> <br> <br> <br>","{""cor"":""Rústico"",""tipo"":""Multiuso""}",,,,Rústico,Multiuso,,,,,,,,,Mirarack Móveis,MDP,Não informado,Rústico,Multiuso,Não informado,Não informado,Não informado,Com Chaves,MDP,Não informado,Não informado,Não informado,Mirarack Móveis,MDP,2 Portas,Rústico,,,Convencional
ajl||66179p,Armário,Armário Balcão Aereo Para  & Área De Serv. + Carrinho,"<br>KIT 2 ITENS <br>CARRINHO AUXILIAR MULTIUSO + ARMÁRIO BANCADA MULTIUSO<br><br>**** PRONTA ENTREGA - PARA TODO BRASIL ****<br><br>ARMÁRIO BANCADA MULTIUSO RK500:<br><br>Armário Bancada Aéreo Multiuso para toda a casa, Penteadeira, Salão de Beleza, Suporte para Microondas, Rack para TV... <br><br>Medidas: (A/L/P):<br>Altura: 26cm<br>Largura: 90cm<br>Profundidade: 30cm<br> Suporta até 10kg<br><br>Acompanha Fixadores para Parede<br>Cor: Branco<br>Acabamento alto brilho<br><br>CARRINHO AUXILIAR MULTIUSO:<br><br>ALTURA: 65cm<br>LARGURA: 39cm<br>PROFUNDIDADE: 30cm<br><br>Ideal para Salão de beleza e manicures em geral.<br><br><br> Altura entre as prateleiras de 25 cm<br>Enviamos pré montada,com manual de instruções para montagem que é muito simples e fácil;<br><br>FOTOS REAIS DO PRODUTO<br><br>Aproveite esse Super Preço Promocional, Temos poucas Unidades<br><br>IRÁ COM GARANTIA<br>IRÁ COM NOTA FISCAL",{},,,,,,,,,,,,,,Não informado,Não informado,Não informado,Branco,Aéreo,Não informado,Não informado,Não informado,Não informado,Não informado,Não informado,Não informado,Para toda a casa Penteadeira Salão de Beleza Suporte para Microondas Rack para TV,AJL Móveis,,,Branco,Aéreo,,
macinteriores||1947,Armário,Kit França 4 Portas,"A MAC Interiores é uma empresa especializada em decoração de interiores, oferecendo uma vasta seleção de móveis, estofados e produtos decorativos para transformar a sua casa em um lar acolhedor e confortável. Com anos de experiência no mercado, a MAC Interiores é reconhecida por sua alta qualidade, bom gosto e atendimento personalizado.<br> Ao escolher a MAC Interiores, você terá acesso a um catálogo de produtos selecionados com cuidado, que contemplam as últimas tendências em decoração, sempre com a preocupação em oferecer o melhor custo-benefício aos nossos clientes. Nós trabalhamos apenas pela internet, garantindo que o processo de compra seja simples, seguro e conveniente.<br> Nossos móveis são fabricados com os melhores materiais, proporcionando durabilidade e conforto para você e sua família. Além disso, nossa equipe de design está sempre antenada às últimas tendências e inovações em decoração, garantindo que nossos produtos estejam sempre em sintonia com as mais recentes tendências.<br> Nós estamos ansiosos para ajudá-lo a criar o lar dos seus sonhos!<br> <br> Kit França 4 Portas<br> <br> Características:<br> Marca: Arte Moveis<br> Modelo: França<br> Tampo MDF 1,5 cm<br> Estrutura MDP 1,5 cm<br> Pés reguláveis<br> Corrediças telescópicas<br> Pistão a gás<br> <br> Dimensões:<br> Altura: 194 cm <br> Largura: 120,5 cm <br> Profundidade: 45 cm<br> Peso: 64,2 kg<br> <br> Garantia do fornecedor: 3 Meses<br> <br> Observações Importantes!!!<br> O serviço de transporte não se responsabiliza por entregas que precisem subir escadas ou içados em andar superior.<br> Acessórios e adornos presentes nas imagens de apresentação NÃO acompanham o produto.<br> Os produtos podem apresentar diferenças de tonalidade entre a foto e o produto real de acordo com a calibração da tela.<br> Confira se é possível passar o produto por escadas, vãos, portas ou janelas que atrasem a chegada do produto ao local desejado.<br> <br> Recomendações!!! <br> Antes de finalizar a compra, confira todas as medidas e características do produto e veja se está em conformidade com o desejado.<br> A MAC Interiores não realiza a montagem dos produtos. Recomendamos que a montagem seja feita por um profissional.<br> Manuais e peças para montagem são fornecidos juntamente com os produtos.","{""cor"":""Freijó"",""marca"":""Arte Móveis"",""material_da_estrutura"":""MDF, MDP""}",Arte Móveis,"MDF, MDP",,Freijó,,,,,,,,,,Arte Moveis,MDP,4,Não informado,Não informado,Não informado,Não informado,Não informado,Não informado,MDF,Françabr,Corrediças telescópicasbr Pistão a gásbr,Não informado,Arte Móveis,MDP,4 Portas,Freijó,,2 Gavetas,"[Convencional, Basculante]"
doshermanos||33613p,Armário,Armario C/ Nichos De Banheiro Prateleiras Ajustaveis Madeira,"<br>Quem é um verdadeiro apaixonado pelos livros sabe o quanto eles são valiosos e merecem um espaço especial, não é?<br> <br>E para isso, nada melhor do que contar com o nosso exclusivo expositor rústico.<br> <br>O móvel possui o tamanho ideal para você dispor dos seus itens e até harmonizá-los com objetos decorativos.<br><br>Dimensões do produto<br><br>Altura: 73cm<br><br>Largura: 100cm<br><br>Profundidade: 34cm<br><br>Distância entre as prateleiras: 1° a 2° prateleira = 20cm. 3° a 2° prateleira = 45cm<br><br>Especificações<br><br>É multiuso, serve em casa e no escritório<br><br>É versátil<br><br>Montagem é por conta do cliente. Disponibilizamos junto ao produto manual de montagem e kit de parafusos.<br>","{""material_da_estrutura"":""Madeira"",""tipo"":""Nicho""}",,Madeira,,,Nicho,,,,,,,,,Não informado,Madeira,Não informado,Não informado,Armario,Não informado,Não informado,Ajustaveis,Não informado,Não informado,Rústico,Nichos,Banheiro,Dos Hermanos,,,,,,
sodimachomecenter||889362,Armário,"Armário Multiuso 1 Porta Castanho Mdp 15mm 182x67,5x35cm BRV Móveis",<p>MARCA: Brv Móveis</p><p>MODELO: Sod 200-164</p><p>GARANTIA: 3 Meses Contra Defeito De Fabricação</p><p>COR: Marrom</p><p>MATERIAL: Mdp 15Mm</p><p>ORIGEM: Nacional</p><p>ACABAMENTO: Bp</p><p>ESPESSURA: 15Mm</p><p>USO: Cozinha</p><p>TAMANHO: Médio</p><p>INCLUSO: Manual de montagem e kit ferragem</p>,"{""marca"":""BRV Móveis"",""material_da_estrutura"":""MDP"",""quantidade_de_portas"":""1 Porta"",""tipo"":""Multiuso""}",BRV Móveis,MDP,1 Porta,,Multiuso,,,,,,,,,BRV Móveis,Mdp,1,Castanho,Multiuso,Não informado,Não informado,Não informado,Não informado,Mdp 15mm,Não informado,Não informado,Não informado,BRV Móveis,MDP,1 Porta,Castanho,,,Convencional
mercoi-mercadointeligente||43p,Armário,Nicho Organizador Retrô com 6 Gavetas Branco / Branco / Preto - Qmovi,"Apresentamos o Nicho Organizador Retrô com 6 Gavetas, produto prático e multifuncional que pode ser utilizado em diversos ambientes, desde um quarto infantil até no escritório, com seus 9 compartimentos e 6 gavetas contribui bastante com a organização do local. Modelo com pés palito para dar um lindo aspecto retrô e bastante espaço para organizar objetos de diversos tamanhos e formatos. Construído com estrutura em MDP e MDF para mais durabilidade e resistência. Organize já o eu espaço, não perca!DimensõesLargura: 108 cm.<br>Altura: 92,5 cm.<br>Profundidade: 33,5 cm.<br>Peso: 39,93 Kg.Especificações Material da Estrutura: MDP 15 mm.<br>Material do Fundo: MDF 3 mm.<br>Peso suportado: 30 Kg distribuídos sem impacto.<br>Peso suportado por Prateleira: 3 Kg distribuídos sem impacto<br>Cor: Branco / Branco / Preto.<br>Acabamento: Pintura UV Atóxica.<br>Escala de Brilho: Nicho e Gavetas Brancas Brilhante, Gavetas Pretas Fosco.<br>Possui Gavetas: Sim.<br>Tipo de Pés: Palito Retrô.<br>Diferenciais: Produto multifuncional com gavetas com fitas de feltro para não riscar o produto.<br>Sistema de Montagem: Minifix / Cavilhas / Parafusos.<br>Manual de Montagem: Sim.<br>Complexidade da Montagem: Baixa.<br>Volumes: 4 Volumes.<br>Garantia do Fabricante: 3 meses contra defeito de fabricação.<br>Montagem: Recomendamos que seja feita por um profissional.<br>Recomendação de Limpeza: Pano levemente úmido e detergente neutro.<br>Características do Produto- Móvel multifuncional, podendo ser utilizado em diversos ambientes;<br>- Possibilidade de composição dupla para aumentar o espaço;<br>- Possui pés retrô tipo palito;<br>- Grande quantidade de compartimentos para boa organização;<br>- Kit 3 Gavetas opcional para melhorar a divisão interna do nicho;<br>- Frente das gavetas com acabamento de bordas em pintura PU;<br>- Embalagem feita com papelão revestido por plástico, com isomanta e com BUP's (proteção de cantos) para garantir a qualidade do produto;<br>- Excelente acabamento revestido em pintura UV, que dá maior destaque à cor;<br>- Estrutura produzida com materiais de alta qualidade;<br>- Pintura atóxica e livre de materiais pesados.Opcionais- Pode ser vendido com adicional de 3, 6 ou 9 gavetas para ampliar ainda mas a função de organização do seu nicho, conforme necessidade.<br>- Temos versão do Nicho Organizador com rodízios ou com pés retrô.<br>Pergunte pelas opções se tiver interesse, ou encontre na nossa lista de produtos a venda.Cuidados com o Produto- Limpar com flanela ou pano macio levemente umedecido, não utilizar produtos abrasivos, desengordurantes, álcool ou solvente.<br>- Não expor o produto diretamente à luz solar e à umidade excessiva.Observações Relevantes- Nossos produtos são protegidos e embalados com total segurança.<br>- Produto não deve ficar exposto diretamente ao sol, calor e umidades excessivas, recomendamos o uso residencial em ambiente interno.<br>- Poderá haver eventuais diferenças de tonalidades entre a imagem da foto e o produto real, devido à configuração de calibragem de cores do seu monitor.<br>- As imagens são meramente ilustrativas, não acompanham objetos de decoração e eletrônicos.<br>- Ao receber a mercadoria, o cliente deve verificar as condições da embalagem, caso haja alguma avaria não assine o comprovante de recebimento.<br>- Montagem, desmontagem e outras instalações serão de total responsabilidade do cliente.<br>- Não nos responsabilizamos, no ato da entrega, por subir escadas/elevadores ou pelo transporte por guincho em apartamentos. Eventuais despesas com estes serviços são de responsabilidade do comprador.<br>- Antes da compra, confira cuidadosamente as dimensões do produto e certifique-se de que passará tranquilamente por elevadores, portas, escadas e/ou corredores de sua residência.<br>- Observe todos os itens descritos acima para evitar futuros imprevistos com sua compra. ...",{},,,,,,,,,,,,,,Qmovi,MDP,Não informado,Branco,Nicho Organizador,6,9,Não informado,Não informado,MDF,Retrô,Pés Palito,Não informado,Qmovi,"[MDF, MDP]",,"[Branco, Preto]",,6 Gavetas,
doshermanos||30905p,Armário,Armario Livros Moderno Nichos 3 Prateleiras Madeira Natural,"<br>Quem é um verdadeiro apaixonado pelos livros sabe o quanto eles são valiosos e merecem um espaço especial, não é?<br> <br>E para isso, nada melhor do que contar com o nosso exclusivo expositor rústico.<br> <br>O móvel possui o tamanho ideal para você dispor dos seus itens e até harmonizá-los com objetos decorativos.<br><br>Dimensões do produto<br><br>Altura: 73cm<br><br>Largura: 100cm<br><br>Profundidade: 34cm<br><br>Distância entre as prateleiras: 1° a 2° prateleira = 20cm. 3° a 2° prateleira = 45cm<br><br>Especificações<br><br>É multiuso, serve em casa e no escritório<br><br>É versátil<br><br>Montagem é por conta do cliente. Disponibilizamos junto ao produto manual de montagem e kit de parafusos.<br>","{""marca"":""Moderna"",""material_da_estrutura"":""Madeira"",""tipo"":""Moderno""}",Moderna,Madeira,,,Moderno,,,,,,,,,Não informado,Madeira,Não informado,Natural,Livros,Não informado,3,Não informado,Não informado,Não informado,Moderno,Nichos,Não informado,Dos Hermanos,,,,,,
pz3online||109845,Armário,Armário de Cozinha Compacta 121cm Pádua K02 Nogueira/Off White/Ripado - Mpozenato,"Você acabou de encontrar a <strong>Cozinha Compacta</strong> ideal para a sua casa, conheça mais sobre a <strong>Cozinha Compacta 6 Portas 1 Gaveta Pádua K02 Nogueira/Off White/Ripado</strong>, da Mpozenato! <br><br>Essa <strong>Cozinha</strong> vai ser ótima para te auxiliar no preparo das refeições, contém 6 portas com duas prateleiras, bancada para apoio de eletro portáteis, uma gaveta para talheres ou utensílios pequenos, e também, na parte superior uma prateleira para vasos, baleiro ou outros objetos de decoração. Ah, e ainda temos o detalhe ripado de impressão UV na gaveta e em uma porta para um design mais moderno. Para garantir a qualidade e durabilidade deste lindo <strong>Armário de Cozinha</strong>, a produção é em MDP e acabamento em pintura com secagem em luzes UV, acabamento fosco e textura sensível ao toque, nas portas e gaveta são utilizadas corrediças e dobradiças 100% metálicas para garantir a suavidade e segurança no abrir e fechar! <br><br>Uma aquisição imperdível, leve a sua agora mesmo! <br><br><br><strong>ESPECIFICAÇÕES</strong> <br><br><br><strong>Dimensões do Produto (L x A x P)</strong><br><strong>Largura:</strong> 121,5 cm. <br><strong>Altura:</strong> 176 cm. <br><strong>Profundidade:</strong> 36,3 cm. <br><strong>Peso:</strong> 42,95 Kg. <br><br><strong>Características do Produto</strong><br><strong>Material da Estrutura:</strong> MDP 12/15 mm. <br><strong>Material do Fundo:</strong> MDF 3 mm. <br><strong>Peso Suportado:</strong> 60 Kg distribuídos. <br><strong>Acompanha Pia:</strong> Não. <br><strong>Acompanha Tampo:</strong> Sim. <br><strong>Acabamento:</strong> Pintura UV. <br><strong>Escala de Brilho:</strong> Fosco. <br><strong>Quantidade de Portas:</strong> 6 Portas. <br><strong>Material da Porta:</strong> MDP. <br><strong>Tipo de Porta:</strong> Convencional. <br><strong>Possui Gavetas:</strong> Sim. <br><strong>Tipo de Corrediças</strong>: Telescópicas metálicas. <br><strong>Quantidade de Gavetas:</strong> 1 Gaveta. <br><strong>Tipo de Puxador:</strong> Plástico. <br><strong>Possui Prateleiras:</strong> Sim. <br><strong>Quantidade de Prateleiras:</strong> 3 Prateleiras. <br><strong>Material da Prateleira:</strong> MDP. <br><strong>Possui Nichos:</strong> Não. <br><strong>Possui Pés:</strong> Sim. <br><strong>Quantidade de Pés:</strong> 5 Pés. <br><strong>Tipo de Pés:</strong> Plástico. <br><strong>Diferenciais:</strong><br>- Design moderno. <br>- Acabamento em pintura com secagem em luzes UV. <br>- Cozinha compacta com espaço no centro para utensílios ou eletrodomésticos. <br><strong>Sistema de Montagem:</strong> Cavilhas/Parafusos. <br><strong>Manual de Montagem:</strong> Sim. <br><strong>Complexidade da Montagem:</strong> Alta. <br><strong>Volumes:</strong> 2 Volumes. <br><strong>Conteúdo da Embalagem:</strong> 1 Cozinha Compacta. <br><strong>Garantia do Fabricante:</strong> 90 dias contra defeito de fabricação. <br><strong>Montagem:</strong> Recomendamos que seja feita por um profissional. <br><strong>Recomendação de Limpeza:</strong> Utilize pano úmido. <br><br><strong>Observações importantes:</strong><br>- Produto para uso residencial em ambiente interno, não devendo ficar exposto diretamente ao sol, calor e umidades excessivas.<br>- Pode haver alguma diferença de tonalidade entre a imagem e o produto real, por conta do tratamento de imagens e a calibração de cores do seu monitor.<br>- As imagens são meramente ilustrativas, não acompanham objetos de decoração e eletrônicos.<br>- Confira o estado da embalagem, não devendo assinar o comprovante em caso de danos.<br>- Não asseguramos, no ato da entrega, por subir escadas/elevadores, pelo transporte por guincho em apartamentos ou montagem, desmontagem e instalações. Eventuais despesas são por conta do comprador.<br>- Confira as dimensões do produto e certifique-se de que passará normalmente por supostos elevadores, portas, escadas e/ou corredores de sua residência.","{""material_da_estrutura"":""MDF, MDP""}",,"MDF, MDP",,,,,,,,,,,,Mpozenato,MDP,6 Portas,NogueiraOff WhiteRipado,Cozinha Compacta,1 Gaveta,3 Prateleiras,MDP,Não informado,MDP,Moderno,Não informado,Cozinha,Mpozenato,MDP,6 Portas,"[Nogueira, Off White]",,1 Gaveta,Convencional
gumoveisonline2||12797650900,Armário,Armário Multiuso Organizador Dallas,"O armário multiuso é um móvel versátil e pode ser utilizado em para diversas funções e em diversos cômodos da casa. O armário multiuso Dallas, é um produto completo! Conta com 4 prateleiras espaçosas e acompanha um cabideiro, que você pode escolher se quer utilizar ou não. Legal né? É todo produzido em MDF, com pés em madeira maciça e puxadores em alumínio. Invista nesse coringa e tenha versatilidade em seu dia a dia!<br> <br>Itens inclusos: 1 Armário Multiuso<br> <br>Dimensões do produto:<br>Largura 72 cm;<br>Profundidade 48 cm;<br>Altura 1,87 m.<br> <br>Instruções de limpeza: limpar com pano úmido, detergente neutro ou aspirador de pó.<br>Cor do produto: as cores impressas apresentam uma tonalidade próxima ao produto, podendo haver variações entre a imagem e o padrão original.<br>Embalagem: Todos os nossos produtos são devidamente embalados e com total segurança.<br>Montagem: Não montamos os produtos. O serviço de montagem deve ser contratado pelo cliente.<br>Atenção: Não nos responsabilizamos, no ato da entrega, por desmontagens, subir escadas, elevadores ou transporte por guincho para apartamentos. Eventuais despesas são de responsabilidade do cliente. Confira as dimensões deste produto e certifique-se de que passará normalmente por supostos elevadores, portas, escadas e/ou corredores em forma da letra ""S"".","{""cor"":""Castanho"",""marca"":""Moval"",""material_da_estrutura"":""MDF, MDP"",""tipo"":""Organizador, Multiuso""}",Moval,"MDF, MDP",,Castanho,"Organizador, Multiuso",,,,,,,,,Não informado,MDF,Não informado,Não informado,Multiuso,Não informado,4,Não informado,Cabideiro,Madeira maciça,Não informado,Puxadores em alumínio,Não informado,Mobigu,MDF,2 Portas,Castanho,,,Convencional
lojaagsmoveis||155p,Armário,Armário Aéreo Zanzini Color Plus Sob Geladeira 80 cm Natura/Off White,"Armário Aéreo Color Sob Geladeira 1 Porta ZanziniPensando em um produto prático e funcional além de trazer uma decoração diferenciada para sua cozinha? então o armário sob geladeira 0,80 mt color é a solução. Ele tem uma porta de abrir com dobradiças metálicas de 35mm e pistão que proporciona maior resistência, puxador com perfil de alumínio ideal para facilitar a limpeza. É o armário ideal para aproveitar os espaços, organizar os utensílios de sua cozinha e deixar o lugar mais bonito e atraente. Aproveite e utilize outros produtos da linha ""Color"" para renovar sua cozinha com design moderno e elegante. Dimensões do Produto<br>Largura: 80 cm.<br>Altura: 32 cm.<br>Profundidade: 31,3 cm.","{""marca"":""Zanzini"",""quantidade_de_portas"":""1 Porta""}",Zanzini,,1 Porta,,,,,,,,,,,Zanzini,Não informado,1 Porta,NaturaOff White,Aéreo,Não informado,Não informado,Não informado,Sob Geladeira,Não informado,Color Plus,"dobradiças metálicas de 35mm e pistão, puxador com perfil de alumínio",cozinha,Zanzini Móveis,,1 Porta,"[Natura, Off White]",Aéreo,,Basculante
decorecomamor||167459p,Armário,Fruteira  Para Utenzilios  Para Cantinho Do Café Com Tampo Na Cor Preta,"ARMÁRIO MULTIUSO PARA TODA A CASA<br><br>Para você que procura um móvel que ocupa pouco espaço e que ofereça beleza e praticidade desenvolvemos este lindo armário, ideal para te ajudar na organização da sua cozinha, dispensa, lavanderia e Banheiro com 01 gaveta espaçosa e 02 espaços suficientes para armazenar livros, maquiagens, frutas, legumes etc<br><br><br><br>Medidas: Dimensões (A/L/P):<br><br>ALTURA: 70cm<br><br>LARGURA: 36cm<br><br>PROFUNDIDADE: 34cm<br><br><br>Características<br><br>Cor: Branco<br><br>1 Gaveta<br><br>2 compartimentos<br><br><br>Acabamento alto brilho<br><br>Puxador PVC Cromado<br><br>Ótima Bancada para Bebedouro ou Maquina de Café<br>","{""cor"":""Branco"",""marca"":""Decore Com Amor""}",Decore Com Amor,,,Branco,,,,,,,,,,Não informado,Não informado,Não informado,Preta,Armário,1,2,Não informado,Não informado,Não informado,Não informado,Não informado,"Cozinha, dispensa, lavanderia e Banheiro",Decore com Amor,,2 Portas,Branco,,,Convencional
bellavercelli||9584785e1b3611ee812e4201ac185049,Armário,"Móvel MultiUso - Sala, Cozinha, Hall de Entrada","Sapateira Pequena – perfeita para Hall de entrada. (Alta qualidade de acabamento)- Altura: 50 cm- Largura: 70 cm- Profundidade:26,5 cm- Espaço entre prateleiras: 18,5 cm- Espessura das chapas: 15mm- Sapata plástica nos pés- Acabamento em todas as extremidades da peça. Com seu designer compacto e moderno, nosso produto veio trazer organização e praticidade ao seu espaço. Pode ser utilizada no quarto, sala, banheiro até como decoração no hall de entrada! Perfeita para sua necessidade. Lembrando que a peça possui acabamento em todas suas extremidades, assim, tornando possível a sua utilização como separador de ambientes ou até mesmo uma mesinha de centro.Para evitar avarias com o transporte, enviamos o produto desmontado. Sua montagem é simples, com a peça também é enviado um manual de montagem. Sempre estamos a disposição para responder eventuais dúvidas. Obrigado pela preferência.",{},,,,,,,,,,,,,,Não informado,Não informado,Não informado,Não informado,Sapateira,Não informado,Não informado,Não informado,Acabamento em todas as extremidades da peça,Não informado,Moderno,Sapata plástica nos pés,"Hall de entrada, quarto, sala, banheiro",Bella Vercelli,,,Branco,,,
lojatvsom||1614-147,Armário,Balcão cristal 2 portas darmovel,"Marca: Darmovel MóveisMDP 12MM - MDP 15MM (NO TAMPO) - PINTURA UV - PUXADORES PLÁSTICOS - PÉS PLÁSTICOS - DOBRADIÇAS DE PRESSÃO 26MM<br>Altura: 90,5 cmLargura: 68 cmProfundidade: 45 cmPeso sem Embalagem: 17 Kg Tipo de Pintura: Pintura UVNúmero de Portas: 2Número de Gavetas: 0Possui Espelho: Não PossuiPossui Vidro: Não possuiNecessita Fixação na Parede: NãoSistema de Montagem: SimNecessita Montagem: Sim MONTAGEM:A montagem deverá ser feita obedecendo as instruções do manual de montagem que será fornecido com o produto no momento da entrega. Para o uso adequado e conservação do móvel deve-se evitar maus tratos, para evitar possível alteração na cor original dos móveis. CONSERVAÇÃO E LIMPEZA:Para maior durabilidade, recomenda-se que a limpeza dos móveis seja feita da seguinte forma: Nas partes externas (portas, laterais e frente de gaveta), internas, vidros e espelhos, a limpeza deverá ser feita com pano limpo e levemente umedecido em água e sabão neutro. Em seguida, deverá ser passado um pano limpo e seco. Em caso de transferência do móvel para local diverso, esta só poderá ocorrer através de profissional especializado, sendo que para a movimentação do móvel é necessário que o mesmo seja levantado do chão. O produto não deve ser arrastado, pois avarias no manuseio e transporte, não estão contempladas na garantia.PRAZO DE GARANTIA:O prazo de garantia será de noventa (90) dias, conforme prevista no artigo 26 do Código do Consumidor, a contar da efetiva entrega do produto, desde que observadas as condições normais de uso e conservação. Essa garantia cobre defeitos de fabricação.","{""cor"":""Branco"",""quantidade_de_portas"":""2 Portas"",""tipo"":""Balcão""}",,,2 Portas,Branco,Balcão,,,,,,,,,Darmovel,MDP,2,Não informado,Balcão,0,Não informado,Não informado,Não informado,MDP,Não informado,"Puxadores plásticos, Pés plásticos, Dobradiças de pressão 26mm",Não informado,Darmovel Móveis,MDP,2 Portas,Branco,,,Convencional
moveisemoveis||12427_40,Armário,Armário de Cozinha 7 Portas 4 Gavetas Maranella Valdemóveis,"""<br>Armário de Cozinha 7 Portas 4 Gavetas Maranella Valdemóveis <br>A cozinha Maranella é ideal para você que gosta de tudo organizado. Ela é charmosa e cheia de compartimentos legais, como as prateleiras, a adega e espaço para micro-ondas, que além de atender suas necessidades, vai encantar na decoração da sua cozinha.<br> <br>Pesos e Dimensões<br>Altura: 200 cm;<br>Largura: 199 cm <br>Profundidade: 47 cm;<br>Peso: 124 Kg;<br> <br>Características<br>Produzido em MDP e MDF;<br>Produzido com equipamentos de alta tecnologia;<br>Produto avaliado e aprovado por um rigoroso controle de qualidade;<br>Fácil montagem e manual de montagem simplificado;<br>Maior profundidade, possibilitando amplo espaço interno para organização;<br>Acabamento com toque aveludado;<br> <br>Materiais e Acabamentos<br>Produto em MDF/MDP;<br>Pintura U.V. e acabamento em micro textura;<br>Possui 7 portas ; <br>Portas de bater; <br>Puxador externo;<br>1 porta estilo basculante;<br>Possui Prateleiras;<br>Peso máximo por prateleira 15 kg;<br>Possui nichos;<br>Possui espaço para micro-ondas ;<br>Possui adega para até 5 garrafas;<br>Possui vidro do tipo reflecta<br>Possui 8 pés PVC com niveladores;<br>Possui 4 gavetas;<br>Gavetas com corrediça telescópicas;<br> <br>Montagem<br>Necessita de Montagem: Sim;<br>Sistema de Montagem: Parafusos;<br>Recomendações de Uso, Manutenção e Limpeza: Limpeza com pano levemente umidecido. Não aplicar nenhum tipo de produto químico, como Lustra móveis, poliflor, etc... ;<br> <br>Observações<br>Situação do produto enviado: Novo e desmontado na caixa<br>Garantia: 3 meses ( Contra defeito de fabricação ) a partir da data do recebimento do produto<br>Como você vai receber o produto na sua casa: Produto novo e desmontado na caixa com reforço de embalagem de papelão e plástico bolha garantindo a integridade e segurança no produto durante o transporte. <br>Ao receber a mercadoria, verifique as condições da embalagem, caso haja alguma avaria, entre em contato com nosso SAC.<br>""""<br>""","{""marca"":""Valdemóveis"",""material_da_estrutura"":""MDP"",""quantidade_de_gavetas"":""4 Gavetas""}",Valdemóveis,MDP,,,,4 Gavetas,,,,,,,,Valdemóveis,MDP e MDF,7,Não informado,Cozinha,4,Não informado,Sim,"Espaço para micro-ondas, adega para até 5 garrafas, vidro do tipo reflecta, 8 pés PVC com niveladores, gavetas com corrediça telescópicas","MDF, MDP",Não informado,"Portas de bater, puxador externo, 1 porta estilo basculante, nichos",Não informado,Valdemóveis,"[MDF, MDP]",7 Portas,"[Ipê, Grafite]",,4 Gavetas,"[Convencional, Basculante]"
edeksa||837-2627,Armário,Torre Lis 70 cm 2 Nichos para Microondas c/grade Superior de Respiro 3 Portas Luciane,"Informações do produtoA Cozinha Lis Luciane tem um design charmoso e transmite ao ambiente uma beleza aconchegante.<br>Possui uma extensa modulação com muito espaço, organização e flexibilidade de composições.<br> Módulo: Torre 70 cm 2 Nichos para Microondas c/grade Superior de Respiro 3 Portas<br>Características:<br>Corpo/Caixaria: MDP FF 15mm - Madeirado Legno Crema<br>Frontais: MDP BP 15mm - Madeirado Legno Crema, Branco MAT, Cinza Puro<br>Dobradiças: Ø35mm Slowmotion (com amortecedor)<br>Puxadores: Perfil Alumínio Gola - Prata<br>Pés: PS cromado (Poliestireno)<br>Porta: 3<br>Prateleira: 4<br>Pistão a gás de 50N<br>Itens inclusos: manual de montagem, ferragens e acessórios<br>Sistema de montagem com minifix, parafusos, cavilhas e cola.<br> Dimensões:<br>Altura: 220 cm<br>Largura: 70 cm<br>Profundidade: 53 cm<br>Peso: 60,35 kg<br> Garantia: 3 meses contra defeitos de fabricação (direto com o fabricante)Obs: Objetos de decoração são meramente ilustrativos (não acompanham o produto);<br> Cores apresentadas nos produtos podem sofrer variações de tonalidade de acordo com a configuração de cada equipamento de visualização.",{},,,,,,,,,,,,,,Luciane,MDP,3,Madeirado Legno Crema,Torre,Não informado,4,Sim,Com grade superior de respiro,MDP,Não informado,"Dobradiças 35mm Slowmotion com amortecedor, Puxadores Perfil Alumínio Gola - Prata, Pés PS cromado Poliestireno, Pistão a gás de 50N",Para Microondas,Luciane Móveis,MDP,3 Portas,"[Madeirado Legno Crema, Cinza Puro]",,,"[Convencional, Basculante]"
deazmoveis||1279p,Armário,Fruteira Nobre Com Vidro Branca Com Preta Com Rodizios Balca,"CARACTERÍSTICAS: *Altura 88 cm<br> *Largura 73 cm<br> *Profundidade 39 cm<br> *Tampos padrão branco<br> *Puxadores cromados<br> *Prateleira interna central removível<br> *Pés RODÍZIOS<br> *Vidro decorativo na porta!<br> *Material: MDP<br> ================================= EMBALAGEM *Na hora da entrega, devem estar devidamente lacrados. GARANTIA *03 Meses contra defeitos de fabricação **EMPRESA HÁ 25 ANOS NO MERCADO DE MÓVEIS*** A De A-Z Móveis não se responsabiliza pela devolução ou troca por mal uso do produto! MONTAGEM<br> Acompanha todos acessórios e manual para montagem, mas indicamos a contratação de um profissional. *A MONTAGEM DO PRODUTO NÃO É OFERECIDA PELA DE A-Z MÓVEIS.* *NÃO ACOMPANHA ÍTENS DE CENÁRIO / DECORAÇÃO*",{},,,,,,,,,,,,,,A-Z Móveis,MDP,Não informado,Branca Com Preta,Fruteira,Não informado,Não informado,removível,Com Rodizios,Vidro,Nobre,"Puxadores cromados, Pés RODÍZIOS, Vidro decorativo",Não informado,Passe Bem,MDP,1 Porta,"[Branco, Preto]",,1 Gaveta,Convencional
sunhouse||61426,Armário,Armario Aereo C/ Espelho Troia Stain Jatobaá 86cm - 61426,"<strong>Armário Aéreo C/ Espelho Troia Stain Jatobá 86cm<br><br> Características<br></strong> O Armário com Espelho Troia Stain é adequado para banheiros e lavabos. Com acabamento em Óleo Stain fungicida, que dá embelezamento natural à madeira e traz conforto e aconchego ao ambiente.<br> <br> - Madeira maciça de Eucalipto;<br>- Traseiro em MDF;<br>- Móvel Sustentável;<br>- Cor Azul;<br>- 2 níveis de altura + 4 penduradores + Espelho;<br>- Acabamento com Óleo Stain.<br><strong> <br>Atenção!<br></strong> Oferecemos a possibilidade de alteração de cor do acabamento deste móvel.<br>Caso tenha interesse, entre em contato conosco.<br><br><strong> Dimensões<br></strong> - Altura: 60 centímetros<br>- Largura: 86 centímetros<br>- Profundidade: 20 centímetros<br>- 8 Kg<br><br><strong> Recomendações<br></strong> Cuidados com a conservação do móvel, garantem maior durabilidade e beleza. Períodos prolongados em temperaturas altas ou ambientes muito úmidos, poderão provocar o surgimento de pequenas fissuras na madeira. Alterações do clima, podem gerar desequilíbrios no comportamento da madeira, com a condições de clima normais, a percepção de pequenas fissuras tenderão a desaparecer.<br>Se o seu móvel estiver dentro de casa, recomendamos a reaplicação do óleo STAIN no mínimo 01 (uma) vez por ano. Reapertar os parafusos periodicamente, contribui para aumentar a vida útil de seu móvel.<br><br><strong> Informações Importantes<br></strong> - Imagens ilustrativas, não acompanham objetos de decoração e eletrônicos;<br>- Montagem de responsabilidade do comprador. Não subimos escadas/elevadores ou transporte por guincho em apartamentos. Despesas extras são de responsabilidade do comprador;<br>- Antes de comprar, certifique-se de que o produto passará em elevadores, portas, escadas ou corredores.<br> <br> Dimensões Altura: 60,00 Centímetros Largura: 86,00 Centímetros Profundidade: 20,00 Centímetros Peso: 8,00 Kilos <br> Dormitorios Materiais: Madeira Montagem: Necessita Montagem? Parcialmente (produto Entregue Montado Parcialmente)","{""tipo"":""Aéreo""}",,,,,Aéreo,,,,,,,,,Troia,Madeira,Não informado,Jatobá,Aéreo,Não informado,Não informado,Não informado,Espelho,Eucalipto,Não informado,4 penduradores,Banheiros e Lavabos,Sun House,"[Eucalipto, MDF]",,,Aéreo,,
prmoveis||12201481,Armário,Armário Aéreo 1 Porta Kali Premium 30cm Amêndoa/Arezzo Rústico - Nicioli,"<strong>Armário Aéreo 1 Porta Kali Premium 30cm - Nicioli</strong><br>O Armário Aéreo Kali é o ideal para sua cozinha. Conta com acabamento refinado e um visual elegante, seu puxador perfil em alumínio na cor bronze agrega ainda mais charme ao seu ambiente. O Aéreo Kali faz parte da linha de cozinhas moduladas da Nicioli, com mais de 50 módulos diferentes que possibilitam criar sua cozinha dos sonhos.<br><br><strong>ESPECIFICAÇÕES:</strong><br><strong>• </strong>Estrutura em MDF<br><strong>• </strong>Acabamento UV<br><strong>• </strong>1 Porta<br><strong>•</strong> Dobradiças 35mm com amortecedor<br><strong>•</strong> Prateleira interna<br><strong>•</strong> Puxador modelo perfil em alumínio na cor bronze<br><br><strong>Dimensões:</strong><br>Tamanho do Produto (L x A x P): 30 x 68 x 31,4 cm<br><br><strong>Garantia:</strong> 3 meses<br><strong>Montagem: </strong>O Produto vai desmontado com manual e todos acessórios. Recomendamos que a montagem seja feita por um profissional<br><strong>Recomendação de Limpeza:</strong> Utilize pano levemente úmido<br><br><strong>Observações:</strong><br>- A <strong>LOJA</strong> se responsabilizará pela entrega dos produtos até onde as rodovias alcançam, entregas fluviais ou aéreas devem ser cotadas a parte.<br>- As imagens são ilustrativas, não acompanham objetos de decoração.<br>- A montagem será de responsabilidade do comprador. Não nos responsabilizamos, no ato da entrega, por subir escadas/elevadores ou transporte por guincho em apartamentos. Eventuais despesas são de responsabilidade do comprador.<br>- Confira as dimensões do produto e certifique-se de que passará normalmente por supostos elevadores, portas, escadas e/ou corredores de sua residência.<br>Para mais informações, acesse nossa Central de Atendimento.","{""marca"":""Nicioli"",""material_da_estrutura"":""MDF"",""quantidade_de_portas"":""1 Porta"",""tipo"":""Aéreo""}",Nicioli,MDF,1 Porta,,Aéreo,,,,,,,,,Nicioli,MDF,1,AmêndoaArezzo Rústico,Aéreo,Não informado,1,interna,"Dobradiças 35mm com amortecedor, Puxador modelo perfil em alumínio na cor bronze",Não informado,Não informado,Não informado,Cozinha,Nicioli,MDF,1 Porta,"[Amêndoa, Arezzo Rústico]",Aéreo,,Convencional
acostaricacolchoes||24166Z5016,Armário,Armário Aéreo p/ Cozinha  Rubi 2 Portas Branco - Telasul,<br> Armário Aéreo p/ Cozinha Rubi 2 Portas 70cm Branco - Telasul<br><br> Marca: Telasul<br><br>Dimensões(Cm): Comprimento(Profundidade): 29cm x Largura: 70cm x Altura: 38cm<br> <br> CARACTERÍSTICAS DE MÓVEIS<br> Tipo de Estrutura do Móvel<br> - 100% aço<br> Tipo de Pintura<br> - Eletrostática a Pó<br> - Antiferruginosa<br> Tipo de Acabamento da Pintura<br> - Semi Brilho<br> Características de móveis<br> - Armário Aéreo<br> - Armário Duplo<br> - Módulo p/ Geladeira<br> Tipo de puxador<br> - Polipropileno<br> Quantidade de Portas<br> - 2 Portas de Abrir<br> Garantia<br> - 3 meses<br> <br> BENEFÍCIOS DE MÓVEIS<br> Certificação de Qualidade de Móveis<br> - Qualidade Aprovada<br> <br> 01 - CARACTERÍSTICAS E BENEFÍCIOS GERAIS<br> Quantidade de Portas<br> - 1 Porta de Abrir<br> Quantidade de Gavetas<br> - 1 Gaveta<br> Cor Principal<br> - Branco<br><br>Imagens Meramente Ilustrativas.<br>Não nos responsabilizamos pela montagem/instalação dos produtos.<br>Todas as informações divulgadas são de responsabilidade exclusiva do fabricante/fornecedor.,{},,,,,,,,,,,,,,Telasul,100 aço,2 Portas,Branco,Armário Aéreo,1 Gaveta,Não informado,Não informado,Não informado,Não informado,Não informado,Não informado,Cozinha,Telasul,Aço,2 Portas,Branco,Aéreo,,Convencional
prmoveis||007001002081,Armário,Armário Multiuso Berlim 2 Portas Carvalho New - Móveis Luapa,"<p><strong>Armário Multiuso Berlim 2 Portas - Móveis Luapa</strong><br>O Armário Multiuso Berlim é excelente para trazer mais praticidade à sua casa, possui estrutura de excelente qualidade confeccionada em MDF e MDP de 15mm e acabamento em pintura UV que proporciona maior durabilidade e resistência ao produto. Conta com duas opções de montagem com 1 cabideiro e mais 2 prateleiras ou com 5 prateleiras que possibilita manter seu interior sempre bem organizado.<br><br><strong>ESPECIFICAÇÕES:</strong><br><strong>•</strong> Estrutura em MDF 15mm e MDP 15mm<br><strong>•</strong> Pintura UV<br><strong>•</strong> Pés de madeira <br><strong>• </strong>Puxador em MDP 15mm<br><strong>•</strong> Cabideiro em alumínio<br><strong>• </strong>Prateleiras internas<br><strong>•</strong> Duas opções de montagem: com 1 cabideiro e mais 2 prateleiras ou com 5 prateleiras<br><strong>•</strong> Pode ser adequado para várias finalidades, tais como: armário 2 portas, guarda-livro, sapateira, armário de escritório, entre outros<br><br><strong>Dimensões:</strong><br>Tamanho do Produto (L x A x P): 79 x 194 x 48 cm<br><br><strong>Garantia</strong>: 3 meses<br><strong>Montagem</strong>: O Produto vai desmontado com manual e todos acessórios. Recomendamos que a montagem seja feita por um profissional<br><strong>Recomendação de Limpeza: </strong>Utilize pano levemente úmido<br><br><strong>Observações:</strong><br>- A <strong>LOJA</strong> se responsabilizará pela entrega dos produtos até onde as rodovias alcançam, entregas fluviais ou aéreas devem ser cotadas a parte<br>- As imagens são ilustrativas, não acompanham objetos de decoração<br>- A montagem será de responsabilidade do comprador. Não nos responsabilizamos, no ato da entrega, por subir escadas/elevadores ou transporte por guincho em apartamentos. Eventuais despesas são de responsabilidade do comprador.<br>- Confira as dimensões do produto e certifique-se de que passará normalmente por supostos elevadores, portas, escadas e/ou corredores de sua residência.<br>Para mais informações, acesse nossa Central de Atendimento.</p>","{""cor"":""Carvalho"",""material_da_estrutura"":""MDF, MDP"",""quantidade_de_portas"":""2 Portas"",""tipo"":""Multiuso""}",,"MDF, MDP",2 Portas,Carvalho,Multiuso,,,,,,,,,Móveis Luapa,MDF e MDP,2,Carvalho,Multiuso,Não informado,5,interna,Cabideiro em alumínio,MDF e MDP,Não informado,Pés de madeira,"Guarda-livro, sapateira, armário de escritório",Móveis Luapa,"[MDF, MDP]",2 Portas,Carvalho,,,Convencional
lojadiretomoveis||3762,Armário,Armário para Cozinha Basculante Duplo 120 cm 2 Portas Safira Luciane Móveis,"Desenvolvido com materiais de altíssima qualidade, o Armário Safira para Cozinha Basculante Duplo 120 cm 2 Portas Luciane oferece excelente distribuição de espaço interno.<br> Dobradiças Slowmotion com amortecedor incorporado para fechamento suave das portas e Puxadores tipo concha PS Cobre.<br> <br> Características: <br> Produzido em MDP 15mm <br> Corpo/Caixaria: Nogueira Dourado FF <br> Frontais: MDF Branco Pet<br> Dobradiças: Metálicas Ø35mm<br> Pistões a gás de 80N <br> Puxadores: Plástico Cobre<br> Portas: 2<br> Prateleiras: 1 <br> <br> Dimensões do produto: <br> Altura: 75 cm <br> Largura: 120 cm <br> Profundidade: 36,5 cm <br> Peso: 31,95 kg <br> <br> Garantia de 3 meses direto do fabricante.<br> <br> Informações complementares:<br> Fique de olho: siga sempre as orientações do fabricante e utilize seu produto de acordo com o manual. A empresa não se responsabiliza pelo mau uso do produto, o que pode causar perda da garantia.#8239;<br> Certifique se que seus dados estejam atualizados, como endereço e um telefone válido.<br> A entrega será realizada no térreo, sendo assim em prédios o deslocamento da mercadoria, subir escadas, elevadores ou transporte por guincho para apartamentos fica sob responsabilidade do comprador.<br> Todas as nossas entregas são realizadas em horário comercial, não sendo possível fazer agendamento, sugerimos acompanhar o rastreio do pedido e ter alguém para receber no endereço indicado.<br> Não nos encarregamos por montagens, desmontagens e outras instalações, serão de responsabilidade do comprador.","{""cor"":""Nogueira, Branco"",""marca"":""Luciane Móveis"",""material_da_estrutura"":""MDF, MDP""}",Luciane Móveis,"MDF, MDP",,"Nogueira, Branco",,,,,,,,,,Luciane Móveis,MDP,2,Nogueira Dourado,Basculante,Não informado,1,Não informado,Dobradiças Slowmotion com amortecedor incorporado para fechamento suave das portas e Puxadores tipo concha PS Cobre,MDF,Não informado,Pistões a gás de 80N,Cozinha,Luciane Móveis,MDP,2 Portas,"[Nogueira Dourado, Branco]",Aéreo,,Basculante
mouramaterias||071a5906473e11eea2944201ac185056,Armário,Armário Banheiro 35x38x10 Branco C/Eespelho Viatek - Herc,"Produto: ARMÁRIO PARA BANHEIRO aplicação: Utilizado como armário para Banheiro Características técnicas: Fabricado em PP;Marca Viatek Acabamento brilhante; Leve e resistente; Fácil instalação Composição: Espelho Acrilico. Parafuso e Buchas para fixação Dimensoes: 34x37x10 cm.peso 1,190gcod Barra 7898951425156 Cor :Branco Instruções de instalação: Posicionar no local preferido, copiar posição dos furos que existe no fundo do armário e furar a parede com broca Ø6mm. Fixar o armário na parede pelos furos existentes no fundo do armário.","{""cor"":""Branco"",""marca"":""Herc""}",Herc,,,Branco,,,,,,,,,,Viatek,PP,Não informado,Branco,Banheiro,Não informado,Não informado,Não informado,Espelho Acrilico,Não informado,Não informado,Parafuso e Buchas para fixação,Não informado,Viatek,PP,1 Porta,Branco,Aéreo,,Convencional
acostaricacolchoes||25430H4559,Armário,Armário Aéreo p/ Cozinha  Maxxi G763 1 Porta c/Vidro Nogal - Kappesberg,<br> Armário Aéreo p/ Cozinha Maxxi G763 1 Porta c/Vidro 60cm Nogal - Kappesberg<br><br> Marca: Kappesberg<br><br>Dimensões(Cm): Comprimento(Profundidade): 37cm x Largura: 60cm x Altura: 90cm<br><br> Material de Estrutura<br> - MDP<br> Tipo de Pintura<br> - Pintura em UV (Ultravioleta)<br> Tipo de Acabamento da Pintura<br> - Alto Brilho<br><br> Tipo de puxador<br> - Puxador Metálico<br> Quantidade de Portas<br> - 1 Porta de Abrir<br> Quantidade de Prateleiras<br> - 2 Prateleiras<br><br> Certificação de Qualidade<br> - Certificação de Qualidade Aprovada<br> Garantia<br> - 3 meses<br><br>Imagens Meramente Ilustrativas.<br>Não nos responsabilizamos pela montagem/instalação dos produtos.<br>Todas as informações divulgadas são de responsabilidade exclusiva do fabricante/fornecedor.,"{""cor"":""Nogal"",""marca"":""Kappesberg"",""material_da_estrutura"":""MDP"",""quantidade_de_portas"":""1 Porta""}",Kappesberg,MDP,1 Porta,Nogal,,,,,,,,,,Kappesberg,MDP,1 Porta de Abrir,Nogal,Aéreo,Não informado,2 Prateleiras,Não informado,Não informado,Não informado,Não informado,Não informado,Cozinha,Kappesberg,MDP,1 Porta,Nogal,Aéreo,,Convencional
madeiramadeira-openapi||827512,Armário,Armário para Escritório Alto Semi Aberto 2 Portas com Chave PE40 Pandin Móveis,Armário com tampo encabeçado de 40mm de espessura com acabamentos em fita abs 1mm. Com 02 portas e gabinete em MDP 15mm tendo 1 prateleira fixa e 2 reguláveis consegue combinar facilmente com outras mobílias sem atrapalhar a decoração. É ideal para desempenhar tarefas diárias de trabalho armazenando de documentos e livros deixando o seu local de trabalho muito mais organizado e elegante.,"{""marca"":""Pandin"",""material_da_estrutura"":""MDP"",""quantidade_de_portas"":""2 Portas"",""quantidade_de_prateleiras"":""1 Prateleira""}",Pandin,MDP,2 Portas,,,,1 Prateleira,,,,,,,Pandin Móveis,MDP,2 Portas,Não informado,Semi Aberto,Não informado,3,fixa e reguláveis,com Chave,MDP,Não informado,Não informado,Escritório,Pandin Móveis,MDP,2 Portas,Walnut,,1 Gaveta,Convencional
decorecomamor||144677p,Armário,Armário Balcão Fruteira 1 Porta Cozinha Base Decorar,"Medidas: Dimensões (A/L/P):<br><br>ALTURA: 0,71m<br><br>LARGURA: 0,60m<br><br>PROFUNDIDADE: 0,35m<br><br>Cores: Branco c/ preto<br><br>1 Gaveta<br><br>Corrediças metálicas<br><br>Rodízios - Rodinhas brancas<br><br>Acabamento alto brilho<br><br>Puxadores PVC Cromados<br><br>Características<br><br>Cor: Branco com Preto<br>","{""cor"":""Branco, Preto"",""marca"":""Decore Com Amor"",""quantidade_de_gavetas"":""1 Gaveta"",""quantidade_de_portas"":""1 Porta""}",Decore Com Amor,,1 Porta,"Branco, Preto",,1 Gaveta,,,,,,,,Não informado,Não informado,1 Porta,Branco com Preto,Balcão Fruteira,1 Gaveta,Não informado,Não informado,"Corrediças metálicas, Rodízios - Rodinhas brancas, Acabamento alto brilho, Puxadores PVC Cromados",Não informado,Não informado,Não informado,Cozinha,Decore com Amor,,1 Porta,"[Branco, Preto]",,1 Gaveta,Convencional
decorecomamor||150367p,Armário,Armário  espaçoso  para utensilios  de casa  lavanderia,"ARMÁRIO P/ LAVANDERIA MULTIUSO 2 PORTAS ÁREA DE SERVIÇO<br><br><br>Lindo Armário para lavanderia com 4 prateleiras e abertura lateral para colocar escada, tábua de passar roupas ou o que desejar, Material mdp com 04 Rodinhas que facilitam arrastar na hora da limpeza.<br>Armário com rodízios (rodinhas) <br>Puxadores PVC Cromados<br><br>Dimensões do produto:<br>Altura: 160cm<br>Largura: 60cm<br>Profundidade: 34cm<br><br><br>","{""marca"":""Decore Com Amor"",""material_da_estrutura"":""MDP""}",Decore Com Amor,MDP,,,,,,,,,,,,Não informado,MDP,2,Não informado,Lavanderia,Não informado,4,Não informado,Rodízios,MDP,Não informado,Puxadores PVC Cromados,Não informado,Decore com Amor,MDP,2 Portas,Branco,,,Convencional
madeiramadeira-openapi||860791,Armário,Armário Aéreo 1 Porta Basculante 80cm Emily Espresso Móveis,"O Armário Aéreos possui 34cm de altura e confeccionado 100% em MDF. Projetado para proporcionar praticidade e funcionalidade ao uso. Este produto foi desenvolvido para atender os mais criteriosos usuários aliando funcionalidade com elegância. Um novo conceito inspirado nas clássicas cozinhas estilo americano, seu design contemporâneo embeleza qualquer ambiente","{""marca"":""Espresso Móveis"",""material_da_estrutura"":""MDF"",""quantidade_de_portas"":""1 Porta"",""tipo"":""Aéreo, Basculante""}",Espresso Móveis,MDF,1 Porta,,"Aéreo, Basculante",,,,,,,,,Emily Móveis,MDF,1,Espresso,Aéreo,Não informado,Não informado,Não informado,Não informado,MDF Projetado,Americano,Basculante,Não informado,Espresso Móveis,MDF,1 Porta,Cinza,Aéreo,,Basculante
zrsportsfitnessltda||275b6ab42b1711eda2b74201ac185019,Armário,Columpios Pilates Aéreo,"O Columpio é um equipamento utilizado nas aulas de Pilates Aéreo principalmente em Estúdios de Pilates, mas também em Academias, parques e residências.Os Columpios são confeccionados em tecidos 100% poliamida, similar ao nylon paraquedas, laváveis e muito resistentes em diversas cores.Composição: 01 Rede central em tecido duplo, 03 Pares de alças pequenas, médias e grandes, 03 Pares de Manoplas, reguladores e 04 Mosquetões.Acompanha: 01 Corda dupla para regulagem de altura, 01 Bolsinha para transporte.",,,,,,,,,,,,,,,Não informado,Não informado,Não informado,diversas cores,Columpio,Não informado,Não informado,Não informado,Não informado,poliamida,Não informado,"01 Rede central em tecido duplo, 03 Pares de alças pequenas, médias e grandes, 03 Pares de Manoplas reguladores, 04 Mosquetões, 01 Corda dupla para regulagem de altura, 01 Bolsinha para transporte",Pilates Aéreo,tipo de produto,,,,,,
prbaby||122114462,Armário,Armário Aéreo Kali Premium 2 Portas de Vidro 80cm Amêndoa - Nicioli,"<strong>Armário Aéreo Kali Premium 2 Portas de Vidro 80cm - Nicioli</strong><br>O Armário Aéreo Kali é o ideal para sua cozinha. Conta com 2 portas de vidro e um amplo espaço que se torna perfeito para organizar seus pertences. Possui puxador na cor bronze que traz um toque de charme e elegância ao ambiente. O Aéreo Kali faz parte da linha de cozinhas moduladas da Nicioli, com mais de 50 módulos diferentes que possibilitam criar sua cozinha dos sonhos.<br><br><strong>ESPECIFICAÇÕES:</strong><br><strong>• </strong>Estrutura em MDF<br><strong>• </strong>Acabamento UV<br><strong>• </strong>2 Portas<br><strong>• </strong>Portas em perfil alumínio com vidro reflecta<br><strong>•</strong> Dobradiças 35mm com amortecedor<br><strong>•</strong> Prateleira interna<br><strong>•</strong> Puxadores em alumínio na cor bronze<br><br><strong>Dimensões:</strong><br>Tamanho do Produto (L x A x P): 80 x 68 x 31,4 cm<br><br><strong>Garantia:</strong> 3 meses<br><strong>Montagem: </strong>O Produto vai desmontado com manual e todos acessórios. Recomendamos que a montagem seja feita por um profissional<br><strong>Recomendação de Limpeza:</strong> Utilize pano levemente úmido<br><br><strong>Observações:</strong><br>- A <strong>LOJA</strong> se responsabilizará pela entrega dos produtos até onde as rodovias alcançam, entregas fluviais ou aéreas devem ser cotadas a parte.<br>- As imagens são ilustrativas, não acompanham objetos de decoração.<br>- A montagem será de responsabilidade do comprador. Não nos responsabilizamos, no ato da entrega, por subir escadas/elevadores ou transporte por guincho em apartamentos. Eventuais despesas são de responsabilidade do comprador.<br>- Confira as dimensões do produto e certifique-se de que passará normalmente por supostos elevadores, portas, escadas e/ou corredores de sua residência.<br>Para mais informações, acesse nossa Central de Atendimento.","{""marca"":""Nicioli"",""material_da_estrutura"":""MDF"",""quantidade_de_portas"":""2 Portas"",""tipo"":""Aéreo""}",Nicioli,MDF,2 Portas,,Aéreo,,,,,,,,,Nicioli,MDF,2 Portas,Amêndoa,Aéreo,Não informado,1,interna,Não informado,Vidro,Não informado,Puxadores em alumínio na cor bronze,Cozinha,Nicioli,MDF,2 Portas,Amêndoa,Aéreo,,Convencional
abmaza||12217p,Armário,Armário Aéreo Karen 90cm 3 Portas Nature Off White - Abmaza,"Que tal o Armário Aéreo Karen 90cm 3 Portas ?<br><br>Com o Armário Aéreo Karen as louças, potes e pequenos eletrodomésticos ganharão um cantinho perfeito para ficarem organizados do jeito que você sempre quis. Ideal para ser fixado na parede, ele deixa o espaço abaixo para você complementar o uso com um balcão e deixar sua rotina mais completa. Estruturado em MDP, o móvel tem acabamento com frente texturizada e puxadores discretos, trazendo ainda mais charme e sofisticação para o seu espaço de chef. Compre já!<br><br><strong>Dimensão do Produto Montado:</strong><br><strong>Largura: </strong>90 cm<br><strong>Altura: </strong>61 cm<br><strong>Profundidade:</strong> 32 cm<br><strong>Peso Aproximado: </strong>22,85 kg<br><br><strong>Características:</strong><br><strong>Material da Estrutura: </strong>MDP de 15mm<br><strong>Acabamento:</strong> Pintura UV com frente texturizada<br><strong>Possui Portas:</strong> Sim<br><strong>Quantidade de Portas: </strong>3 portas com dobradiças metálicas<br><strong>Tipo de Puxador: </strong>Perfil de PVC<br><strong>Possui Prateleiras:</strong> Sim<br><strong>Quantidade de Prateleiras:</strong> 1 Prateleira<br><strong>Ambiente Principal:</strong> Cozinha<br><strong>Sistema de Montagem:</strong> Parafusos, Cavilhas e Outros<br><strong>Possui Manual de Montagem:</strong> Sim<br><br><strong>Diferenciais:</strong><br>- Design Moderno<br>- Estrutura em MDP<br>- Amplo Espaço Interno<br><br><strong>Itens Inclusos:</strong><br>- 1 Armário Aéreo<br><br><strong>Montagem:</strong><br>- Complexidade da Montagem: Média.<br>- Recomendamos que seja feita por um profissional qualificado.<br>- Produto enviado desmontado.<br><br><strong>Limpeza e cuidados:</strong> Utilizar pano levemente umedecido com água, seguido de pano seco. Não utilizar produtos químicos ou abrasivos na limpeza. Evitar contato com objetos cortantes. Manter ao abrigo de local interno, sem ficar exposto diretamente ao sol, calor e umidade excessivo.<br><br><strong>Importante:</strong><br>- Pode haver ligeira diferença de tonalidade entre a imagem digital e o produto real por conta do tratamento de imagens e a calibração de cores do seu monitor.<br>- As imagens são meramente ilustrativas, não acompanham objetos de decoração e eletrônicos.<br>- Produto para uso residencial em ambiente interno, não devendo ficar exposto diretamente ao sol, calor e umidades excessivas.<br>- Ao receber a mercadoria verifique a condição da embalagem, caso apresente violação ou esteja danificada não assine o comprovante de entrega.<br>- Montagem, desmontagem e outras instalações é de inteira responsabilidade do cliente.<br>- Caso resida em apartamento ou condomínio é indispensável que confira as dimensões do produto e certifique-se de que passará normalmente por elevadores, portas, escadas e/ou corredores de sua residência. Não nos responsabilizamos no ato da entrega, por subir escadas/elevadores ou pelo transporte por guincho em apartamentos. Eventuais despesas são de responsabilidade do comprador.","{""material_da_estrutura"":""MDP"",""quantidade_de_portas"":""3 Portas""}",,MDP,3 Portas,,,,,,,,,,,Abmaza,MDP,3 portas,Nature Off White,Aéreo,Não informado,1 Prateleira,Sim,Não informado,MDP,Moderno,"Dobradiças metálicas, Perfil de PVC",Cozinha,Peternella Móveis,MDP,3 Portas,"[Nature, Off White]",Aéreo,,Convencional
acostaricacolchoes||22831A4620,Armário,Armário Henn Aéreo Integra Canto Reto Rústico/Fend,"<strong>Armário de Cozinha Henn Aéreo Integra Canto Reto c/ 1 Porta - Rústico c/ Fendi</strong><br> <br> Marca: <strong>Henn</strong><br> Linha/Moelo: <strong>Henn</strong><br><br>Dimensões(Cm): Comprimento(Profundidade): 53,50 x Largura: 94,50 x Altura: 67,50<br> <br> <strong>CARACTERÍSTICAS DE MÓVEIS</strong><br> <strong>Tipo de Estrutura do Móvel</strong><br> - 100% MDP<br> <strong>Tipo de Pintura</strong><br> - UV (Ultravioleta)<br> <strong>Tipo de Acabamento da Pintura</strong><br> - Semi Brilho<br> <strong>Características de móveis</strong><br> - Armário Aéreo<br> <strong>Tipo de puxador</strong><br> - Metálico<br> <strong>Quantidade de Prateleiras</strong><br> - 1 Prateleira<br> <strong>Quantidade de Portas</strong><br> - 1 Porta de Abrir<br> <strong>Quantidade de nichos</strong><br> - 2 Nichos<br> <strong>Garantia</strong><br> - 3 Meses<br> <br> <br> <strong> Não nos responsabilizamos pela montagem/instalação dos produtos.</strong><br> <strong>Todas as informações divulgadas são de responsabilidade exclusiva do fabricante/fornecedor. </strong><br> <strong>Imagens Meramente Ilustrativas.</strong><br> <strong>Verifique com os fabricantes do produto e de seus componentes eventuais limitações à utilização de todos os recursos e funcionalidades.</strong>","{""cor"":""Rústico"",""tipo"":""Aéreo,Canto""}",,,,Rústico,"Aéreo,Canto",,,,,,,,,Henn,100 MDP,1 Porta de Abrir,Rústico c Fendi,Armário Aéreo,Não informado,1 Prateleira,Não informado,Não informado,Não informado,Não informado,Não informado,Não informado,Henn,MDP,1 Porta,"[Rústico, Fendi]",Aéreo,,Convencional
lojasmm||16865,Armário,Armário Aéreo 2 Portas Canto Diagonal Classic Luciane,"Armário Classic Luciane tudo que sua cozinha precisa. Amplo espaço para organização de seus utensílios, além de um designer inovador.<br> <br> ATENÇÃO:<br> * Fotos meramente ilustrativas, demais itens apenas decorativos.<br> MODELO: CLASSIC<br> <br> Porta: 2<br> <br> Canto diagonal<br> <br> Corpo/Caixaria: MDP <br> <br> Frontal: BP<br> <br> Dobradiça de 35mm com amortecimento<br> <br> Dimensões do produto:<br> Altura: 85 cm<br> Largura: 40 cm<br> Profundidade: 33 cm<br> Peso: 27,5 kg<br> <br> Garantia: 3 meses","{""cor"":""Freijó"",""marca"":""Luciane"",""material_da_estrutura"":""MDP"",""quantidade_de_portas"":""2 Portas""}",Luciane,MDP,2 Portas,Freijó,,,,,,,,,,Luciane,MDP,2,Não informado,Aéreo,Não informado,Não informado,Não informado,Não informado,BP,Classic,Dobradiça de 35mm com amortecimento,Cozinha,Luciane Cozinhas,MDP,2 Portas,Freijó,Aéreo,,Convencional
girusindustriaecomerciodemoveise||265,Armário,Armário Balcão Fruteira Suporte Microondas Cozinha Serviço Preto,"<p><span><strong>FRUTEIRA ARMÁRIO BALCÃO MULTIUSO COM RODINHAS </strong></span></p> <p><span>Para você que procura um móvel que ocupa pouco espaço e que ofereça beleza e praticidade a Click Forte desenvolveu esse lindo armário, ideal para te ajudar na organização da sua cozinha, dispensa, lavanderia, com 01 gaveta espaçosa, 01 porta e tem 02 espaços suficientes para armazenarem frutas, legumes etc, além de Rodinhas para facilitar sua locomoção na hora da limpeza do dia a dia.<br><br>Tampo Superior Preto</span><br> </p><p><span>MEDIDAS:</span></p><p><br><span><strong>Altura</strong>: 72cm<br><br><strong>Largura</strong>: 60cm<br><br><strong>Profundidade</strong>: 34cm<br><br><br>-Produto compacto e com os espaços bem distribuídos <br>-1 Gavetão com corrediças metálicas<br>-4 Rodinhas de ótima qualidade<br>-1 Porta com dobradiças metálicas<br>-Puxador em pintura cromada<br>-Pintura UV brilhante<br>-Ótima bancada para micro-ondas ou Bebedouro <br>-Pode ser usado na Cozinha, Lavanderia, Escritório, diversas partes da casa</span></p> <p><span>Cor: Branco c/ Preto</span></p><p><span>Material Madeira Mdp<br><br>Aproveite esse Super Preço Promocional, Temos Poucas Unidades</span></p><p><br><span>IRÁ COM GARANTIA<br>IRÁ COM NOTA FISCAL</span><br> </p>","{""cor"":""Preto, Branco"",""marca"":""Click Forte"",""material_da_estrutura"":""MDP""}",Click Forte,MDP,,"Preto, Branco",,,,,,,,,,Click Forte,MDP,1,Preto,Armário Balcão Fruteira,1,2,Não informado,Rodinhas,Madeira,Não informado,Não informado,"Cozinha, Dispensa, Lavanderia",Click Forte,MDP,1 Porta,"[Preto, Branco]",,1 Gaveta,Convencional
trilar||19887,Armário,Armário Cozinha 01 Porta de Vidro Basculante 120 cm Évelin,"O Armário Aéreo 1 Porta Basculante de Vidro 120cm é produzido em MDF e faz parte da linha Évelin que une na mesma coleção, o suprassumo do design às mais inteligentes soluções. O resultado: versatilidade e beleza para você montar a cozinha dos seus sonhos.<br> <br> CARACTERÍSTICAS GERAIS:<br> Estilo: Moderno<br> Linha: Évelin<br> Ambiente Principal: Cozinha<br> Marca: Henn<br> Origem: Nacional<br> Garantia do Fornecedor: 3 Meses<br> Itens Inclusos: 01 Armário de Cozinha e instrução de montagem<br> <br> ATENÇÃO / IMPORTANTE:<br> Necessita Montagem: Sim<br> Sistema de Montagem: Parafusos e Cavilhas<br> Montagem Flex: Não<br> Complexidade de Montagem: Média pode ser montado por mais de uma pessoa ou necessitar maior conhecimento de montagem.<br> Montagem/instalação a cargo do cliente. Não dispomos de montadores. Mas acompanha manual para montagem, bastante intuitivo.<br> Recomendações de Uso, Manutenções e Limpeza: Para limpeza de seu móvel, use uma flanela limpa e seca. Não utilize produtos químicos que possam danificar o produto.<br> As cores podem sofrer alterações devido a luminosidade, monitor e a percepção do usuário.<br> Desmontagens, subir escadas/elevadores ou transporte por guincho para apartamentos, e suas despesas são a cargo do cliente.<br> Eletros e decorações não acompanham o produto.<br> <br> FICHA TÉCNICA:<br> Cor Interna: Trama<br> Acabamento: Pintura UV Texturizada<br> Escala de Brilho: Fosco<br> Material do Fundo: MDF<br> Material Principal: MDF<br> Qtd. Portas: 1<br> Material da Dobradiça: Metálica de 35mm <br> Material do Puxador Porta: Alumínio<br> Tipo Porta: Basculante<br> Qtd. Prateleiras: 1<br> Peso Máximo por Prateleira: 8 Kg<br> Material da Prateleira: MDF<br> Produto Suporte até (Kg): 8 Kg<br> Possui vidro: Possui vidro Reflecta na porta<br> Medidas Montado (A x L x P): 67,5 x 120 x 32 Cm<br> Peso Montado: 28 Kg","{""marca"":""Henn""}",Henn,,,,,,,,,,,,,Henn,MDF,1,Não informado,Aéreo,Não informado,1,MDF,Não informado,MDF,Moderno,Não informado,Cozinha,Henn,MDF,1 Porta,Duna,Aéreo,,Basculante
madeiramadeira-openapi||300953,Armário,Armário Aéreo 1 Porta Basculante Modulada Lis Decibal,"O Armário Aéreo de Cozinha de 80cm da Linha Modulada Lis, conta com 1 porta basculante, pistão a gás, puxadores de alumínio. Material 100% MDF, pintura UV, amplo espaço interno, design inovador, excelente acabamento.","{""marca"":""Decibal"",""quantidade_de_portas"":""1 Porta"",""tipo"":""Aéreo, Basculante""}",Decibal,,1 Porta,,"Aéreo, Basculante",,,,,,,,,Decibal,MDF,1,Não informado,Aéreo,Não informado,Não informado,Não informado,Basculante,100 MDF,Modulada Lis,"Puxadores de alumínio, pistão a gás",Cozinha,não tem navegation id,,,,,,
trilar||10298,Armário,Aéreo Micro-ondas Essência Henn,"O Aéreo micro-ondas Essência da Henn era a peça que faltava para completar e organizar sua cozinha do sonhos!<br> <br> O móvel ainda conta com prateleiras para manter ainda mais organizada sua cozinha.<br> <br> Agora você pode guardar todos os seus utensílios de cozinha para desfrutar um jantar com a família com toda a qualidade da linha de cozinhas moduladas da Henn. <br> Não perca tempo!<br> <br> <br> PRODUTO NÃO ACOMPANHA MICRO0ONDAS, É APENAS O MÓVEL<br> <br> Características do produto:<br> <br> Material da estrutura: MDF<br> Tipo de pintura: UV<br> Número de volumes: 1<br> Número de prateleiras: 2<br> <br> <br> Necessita de montagem, sugerida que montagem seja efetuada por um profissional<br> <br> Manutenção e limpeza:<br> Para manter seu móvel novo por muito mais tempo, evite locais úmidos, mantenha-o distante de líquidos e de fontes de calor.<br> Evite a exposição prolongada ao sol.<br> Para limpá-lo com segurança utilize uma flanela seca sem produtos abrasivos e nem lustra móveis.<br> <br> Não nos responsabilizamos pelo transporte por escadas/elevadores, guincho ou igçamento deste produto, qualquer despesa é de responsabilidade do cliente.<br> Orientamos que a montagem e instalações do produto seja realizado por um técnico de sua confiança, após a sua entrega. Não nos responsabilizamos pela instalação/montagem.<br> <br> Dimensões do produto montado:<br> Altura: 44 cm <br> Largura: 80 cm<br> Profundidade: 47,5 cm<br> Peso: 15 Kg <br> <br> Garantia do fornecedor: 03 meses","{""marca"":""Henn"",""material_da_estrutura"":""MDF"",""tipo"":""Aéreo""}",Henn,MDF,,,Aéreo,,,,,,,,,Henn,MDF,Não informado,Não informado,Aéreo micro-ondas,Não informado,2,Não informado,Não informado,Não informado,Não informado,Não informado,Cozinha,Henn,MDF,,,Aéreo,,
psmoveis||115.1.043,Armário,ARMÁRIO DE AÇO BRANCO 01 PORTA 70cm x 35cm,ARMÁRIO DE AÇO BALCÃO BRANCO COM MADEIRA 01 PORTA 70cm x 35cm ROMA COLORMAQ COD B1P4G - BM,"{""cor"":""Branco"",""marca"":""Colormaq"",""material_da_estrutura"":""Aço"",""quantidade_de_portas"":""1 Porta""}",Colormaq,Aço,1 Porta,Branco,,,,,,,,,,COLORMAQ,AÇO,1,BRANCO,BALCÃO,Não informado,Não informado,Não informado,COM MADEIRA,AÇO,ROMA,Não informado,Não informado,Colormaq,Aço,1 Porta,Branco,,4 Gavetas,Convencional
clickfortemagazine||1217p,Armário,Armário Branco Sem Espelheira Para Cozinha E Lavanderia,"<br>ARMÁRIO AÉREO 2 PORTAS MULTIUSO MODULADO -<br><br>Anúncio referente a uma peça com 2 portas. (primeira imagem)<br><br><br>Medidas: (A/L/P):<br>Altura: 62cm<br>Largura: 60cm<br>Profundidade: 27cm<br><br><br>** PODENDO COMPRAR 2 UNIDADES E FORMAR 1,20METRO DE LARGURA **<br><br>Cor Branco<br>2 Portas<br>Acabamento alto brilho<br>Acompanha fixadores p/ parede<br><br>Puxadores PVC Cromados<br>Características<br>Cor: branco<br><br>IRÁ COM GARANTIA<br>PRONTA ENTREGA","{""cor"":""Branco"",""quantidade_de_portas"":""2 Portas""}",,,2 Portas,Branco,,,,,,,,,,Não informado,Não informado,2 Portas,Branco,Aéreo,Não informado,Não informado,Não informado,Não informado,Não informado,Não informado,Puxadores PVC Cromados,Cozinha E Lavanderia,Click Forte,,2 Portas,Branco,Aéreo,,Convencional
drossi||95473-94699,Armário,Armário 2P Cantinho do Café Rilary para Cozinha M12 - D'Rossi,"O Armário 2 Portas Cantinho do Café Rilary é uma peça elegante e funcional, perfeita para complementar a sua sala de jantar. Este armário é feito em MDP-BP, um material durável e resistente, com acabamento em tom branco que confere um visual moderno ao ambiente. Com suas dimensões cuidadosamente projetadas, este armário possui quatro pés que garantem estabilidade e um visual elevado, facilitando a limpeza do espaço ao seu redor. Ele conta com duas portas que oferecem acesso a um amplo espaço interno, ideal para armazenar utensílios de cozinha, louças ou para aquele cantinho do café. Internamente, o armário é dividido por uma prateleira, proporcionando uma organização eficiente dos seus itens, permitindo que você os mantenha sempre à mão e bem organizados. Outro detalhe charmoso desta peça é sua prateleira lateral, com um espaço ideal para guardar seus itens decorativos mantendo-os de forma prática e com fácil acesso. Além de sua funcionalidade, o design do Armário Rilary é pensado para se integrar harmoniosamente a diferentes estilos de decoração, tornando-se uma peça chave para quem busca praticidade sem abrir mão do estilo.<br> <br> <strong>Dimensões do Produto: </strong><br> <br> <strong>Altura: </strong>150 cm<br> <strong>Largura: </strong>70,5 cm<br> <strong>Profundidade: </strong>38,5 cm<br> <strong>Peso: </strong>30 kg<br> <br> <strong>Especificações do Produto: </strong><br> <br> <strong>Estrutura: </strong>MDP<br> <strong>Acabamento: </strong>Pintura BP<br> <strong>Quantidade de Portas: </strong>2 Portas<br> <strong>Escala de Brilho: </strong>Fosco<br> <strong>Quantidade de Portas: </strong>2 Portas<br> <strong>Material da Porta: </strong>MDP<br> <strong>Tipo de Porta: </strong>Convencional<br> <strong>Possui Gavetas: </strong>Não<br> <strong>Possui Prateleiras: </strong>Sim<br> <strong>Quantidade de Prateleiras: </strong>2 Prateleiras<br> <strong>Possui Pés: </strong>Sim<br> <strong>Tipo de Pés: </strong>Plástico PVC<br> <strong>Quantidade de Pés: </strong>4 Pés<br> <strong>Peso Suportado: </strong>30 kg distribuídos<br> <strong>Manual de Montagem: </strong>Sim<br> <strong>Complexidade da Montagem: </strong>Média<br> <strong>Diferenciais: </strong>Design moderno<br> <strong>Montagem: </strong>Recomendamos que seja feita por um profissional<br> <strong>Garantia: </strong>90 dias contra defeito de fabricação<br> <strong>Instruções de Limpeza: </strong>Utilizar um pano limpo e levemente úmido<br> <strong>Você irá Receber: </strong>01 Armário 2 Portas Cantinho do Café Entregue em: 01 Volume<br>","{""material_da_estrutura"":""MDP""}",,MDP,,,,,,,,,,,,DRossi,MDP,2 Portas,Branco,Cantinho do Café,Não,2 Prateleiras,Sim,Não informado,MDP,Moderno,Não informado,Cozinha,D'Rossi,MDP,2 Portas,,,,Convencional
ponttolavado-openapi||38915,Armário,Espelho para Banheiro com Armário Bege claro,"Espelho para Banheiro com Armário Bege claro é a escolha perfeita para quem busca elegância, sofisticação e praticidade para seu banheiro. <br><br> O armário possui compartimento interno com 2 prateleiras de vidro para guardar e organizar itens de higiene pessoal e acessórios do seu banheiro, além de acompanhar um espelho amplo que visa um uso prático e cômodo. Possui puxador redondo cromado, e dobradiças com amortecedor, você solta e a porta não bate, fecha lentamente. <br><br> O material é produzido em MDP 15mm com revestimento na cor Bege, que permite maior durabilidade ao móvel. <br><br> Produto vai montado, pronto para uso, acompanha 2 parafusos e buchas, ficando a cargo do cliente apenas a instalação. Caso não tenha experiência com fixação de móveis na parede sugerimos a contratação de um profissional. <br><br> Para a instalação, basta fixar os dois parafusos na parede, depois encaixar o móvel neles (o armário possui 2 suportes metálicos na parte de trás, para encaixar nos parafusos). <br><br> A limpeza, recomenda-se com pano seco ou levemente umedecido, não utilizar produtos abrasivos ou químicos. <br><br> Suas medidas totais são: 58cm de Largura x 46cm de Altura x 13cm de Profundidade. <br> O espelho mede: 33cm de Largura x 42,5cm. <br> Peso: 7,5kg. <br><br> Obs.: Este anuncio inclui somente o armário com espelho, todos os itens de decoração das fotos não estão inclusos.","{""cor"":""Bege""}",,,,Bege,,,,,,,,,,Não informado,MDP,1,Bege,Armário para Banheiro,0,2,Vidro,Espelho,MDP 15mm,Não informado,"Puxador redondo cromado, Dobradiças com amortecedor",Banheiro,Mercado das Prateleiras,MDP,1 Porta,Bege,Aéreo,,Convencional
acostaricacolchoes||2626D3185,Armário,Armário Itatiaia Aéreo Canto Jazz IA Alto Bege,"<strong>Armário de Cozinha Itatiaia Aéreo de Canto Jazz IA Madeira c/ 2 Portas Alto - Coimbra Bege</strong><br> <br> Marca: <strong>Itatiaia</strong><br> Linha/Moelo: <strong>Itatiaia</strong><br><br>Dimensões(Cm): Comprimento(Profundidade): 71,00 x Largura: 71,00 x Altura: 69,00<br> <br> <strong>CARACTERÍSTICAS DE MÓVEIS</strong><br> <strong>Tipo de Estrutura do Móvel</strong><br> - MDF / MDP<br> <strong>Tipo de Pintura</strong><br> - UV (Ultravioleta)<br> <strong>Tipo de Acabamento da Pintura</strong><br> - Semi Brilho<br> <strong>Características de móveis</strong><br> - Armário de Ângulo<br> <strong>Tipo de puxador</strong><br> - Metálico<br> <strong>Quantidade de Portas</strong><br> - 2 Portas de Abrir<br> <strong>Garantia</strong><br> - 3 Meses<br> <br> <br> <strong> Não nos responsabilizamos pela montagem/instalação dos produtos.</strong><br> <strong>Todas as informações divulgadas são de responsabilidade exclusiva do fabricante/fornecedor. </strong><br> <strong>Imagens Meramente Ilustrativas.</strong><br> <strong>Verifique com os fabricantes do produto e de seus componentes eventuais limitações à utilização de todos os recursos e funcionalidades.</strong>","{""marca"":""Itatiaia"",""tipo"":""Aéreo,Canto""}",Itatiaia,,,,"Aéreo,Canto",,,,,,,,,Itatiaia,MDF  MDP,2 Portas de Abrir,Bege,Aéreo de Canto,Não informado,Não informado,Não informado,Não informado,Madeira,Jazz IA,Não informado,Cozinha,Itatiaia,"[MDF, MDP]",2 Portas,[Coimbra Bege],Aéreo,,Convencional
comercialcanaamoveis||37771,Armário,Armário Aéreo Canto Unna Branco  Poliman,"<p>Armário Aéreo Canto Unna Branco – Poliman</p><p>Começou a procurar móveis para sua cozinha? Apresentamos para você o Armário Aéreo Canto da linha Unna, uma excelente solução para otimizar o espaço em sua cozinha. Inspirado nas clássicas cozinhas americanas, conta com duas portas, que proporcionam um fácil acesso ao interior, permitindo que você organize seus utensílios e itens de maneira organizada e eficiente. Fabricado pela Poliman, é feito em MDP com materiais de qualidade, garantindo uma maior resistência e durabilidade. Com seu acabamento cuidadosamente elaborado, combinando funcionalidade com um visual moderno e elegante. Possui um design prático e funcional, adequado para se encaixar perfeitamente em cantos, maximizando o uso do espaço. É uma excelente escolha prática e esteticamente agradável para completar o design e a organização do seu ambiente. Confira e garanta o seu!<br> <br> Características Técnicas:</p><p>Produzido em MDP de 15mm<br> - Pintura na cor Branco<br> - Acabamento em UV fosco <br> - Possui 2 portas<br> - Possui 1 prateleira<br> - Possui 2 nichos<br> - Dobradiças metálicas 35mm<br> - Puxador retro em polímero<br> - Lindo design<br> <br> Dimensões:</p><p>Altura: 76cm<br> Largura: 95cm<br> Profundidade: 31m<br> <br> * Atenção: Não realizamos a montagem ou instalação do produto, porém acompanha manual de instruções.</p><p>Importante: Imprescindível à conferência no ato da entrega. Em caso de anormalidade, recuse.</p>","{""marca"":""Poliman"",""material_da_estrutura"":""MDP"",""quantidade_de_portas"":""2 Portas""}",Poliman,MDP,2 Portas,,,,,,,,,,,Poliman,MDP,2,Branco,Aéreo Canto,Não informado,1,Sim,2 nichos,MDP,Moderno,"Dobradiças metálicas 35mm, Puxador retro em polímero",Cozinha,Poliman Móveis,MDP,2 Portas,Branco,Aéreo,,Convencional
mega-mamute||16838,Armário,Armário Multiuso 02 Portas Branco/Castanho BMU 42-193 BRV Móveis,"A preocupação com a sustentabilidade é um tema cada vez mais importante. Pensando nisso e no compromisso com a casa, a BRV tem um apelo todo especial no que se refere organização. Desenvolvimento que garante a resistência e vitalidade do móvel, promovendo ao ambiente uma melhor organização dos objetos de forma rápida, simples e prática, promovendo uma maior organização no ambiente.<br><br>Modelo: BMU 42-193<br>PN: BMU 42-193<br>Cor: Branco/Castanho<br>Marca: BRV<br><br>Design belo e elegante<br>Estrutura produzida em MDP 15 mm<br>Acabamento em BP<br>Possui 02 portas<br>Suporta até 22 Kg<br><br>Dimensões (A x L x P): 90,5 x 70,5 x 35 cm (Produto Montado)<br>Peso: 20 Kg<br><br>Observações Relevantes:<br>- Todos os produtos vão embalados com total segurança.<br>- As cores dos produtos podem sofrer alterações dependendo do seu monitor.<br>- As imagens são meramente ilustrativas, não acompanham objetos de decoração e eletros.<br>- Confira as dimensões do produto no momento da compra e certifique-se de que passará normalmente por escadas, elevadores, portas e corredores.<br><br>- Não nos responsabilizamos no ato da entrega por montagens, desmontagens, instalações de produtos, nem utilização de guinchos ou equipamentos similares para acesso a pisos superiores em apartamentos.<br>- Observando as orientações acima, evita-se futuros desagrados ou imprevistos com a entrega do produto. Havendo despesas adicionais, serão de responsabilidade do cliente.<br><br>https://arquivo.megamamute.com.br/produtos/anexo/37/16837/16837_original.pdf<br><br>Conteúdo da Embalagem:<br>01 x Armário Multiuso<br>01 x Kit Ferragem<br>01 x Manual de montagem<br><br>Garantia: 3 meses com a fabricante<br>Fabricante: BRV<br>","{""marca"":""BRV Móveis"",""material_da_estrutura"":""MDP"",""tipo"":""Multiuso""}",BRV Móveis,MDP,,,Multiuso,,,,,,,,,BRV,MDP,2,BrancoCastanho,Multiuso,Não informado,Não informado,Não informado,Não informado,Não informado,Não informado,Não informado,Não informado,BRV Móveis,MDP,2 Portas,"[Branco, Castanho]",,,Convencional
doshermanos||32903p,Armário,Armário Balcão Para Área De Serviço Multiuso Madeira,"<br>Quem é um verdadeiro apaixonado pelos livros sabe o quanto eles são valiosos e merecem um espaço especial, não é?<br> <br>E para isso, nada melhor do que contar com o nosso exclusivo expositor rústico.<br> <br>O móvel possui o tamanho ideal para você dispor dos seus itens e até harmonizá-los com objetos decorativos.<br><br>Dimensões do produto<br><br>Altura: 73cm<br><br>Largura: 100cm<br><br>Profundidade: 34cm<br><br>Distância entre as prateleiras: 1° a 2° prateleira = 20cm. 3° a 2° prateleira = 45cm<br><br>Especificações<br><br>É multiuso, serve em casa e no escritório<br><br>É versátil<br><br>Montagem é por conta do cliente. Disponibilizamos junto ao produto manual de montagem e kit de parafusos.<br>","{""material_da_estrutura"":""Madeira"",""tipo"":""Multiuso""}",,Madeira,,,Multiuso,,,,,,,,,Não informado,Madeira,Não informado,Não informado,Balcão,Não informado,Não informado,Não informado,Não informado,Não informado,Rústico,Não informado,Área de Serviço,Dos Hermanos,,,,,,
decorecomamor||150141p,Armário,Armário  para organização  para casa  com quatro prateleiras,"ARMÁRIO P/ LAVANDERIA MULTIUSO 2 PORTAS ÁREA DE SERVIÇO<br><br><br>Lindo Armário para lavanderia com 4 prateleiras e abertura lateral para colocar escada, tábua de passar roupas ou o que desejar, Material mdp com 04 Rodinhas que facilitam arrastar na hora da limpeza.<br>Armário com rodízios (rodinhas) <br>Puxadores PVC Cromados<br><br>Dimensões do produto:<br>Altura: 160cm<br>Largura: 60cm<br>Profundidade: 34cm<br><br><br>","{""marca"":""Decore Com Amor"",""material_da_estrutura"":""MDP""}",Decore Com Amor,MDP,,,,,,,,,,,,Não informado,MDP,2,Não informado,para lavanderia,Não informado,4,Não informado,com 04 Rodinhas,MDP,Não informado,"Rodízios rodinhas
Puxadores PVC Cromados",Não informado,Decore com Amor,MDP,2 Portas,Branco,,,Convencional
lojasim2||3446,Armário,Armário de Cozinha 5 Portas 2 Gavetas Siena Aramóveis,"A Cozinha Compacta 5 Portas 2 Gavetas Siena Aramóveis. Produzida em MDP e MDF com espessuras de 3mm, 12mm e 15mm, garantindo uma estrutura resistente e durável. Seu amplo espaço interno oferece firmeza ao móvel, e a gaveta espaçosa conta com excelente fixação e corrediça de metal, assegurando funcionalidade. Equipada com dobradiças metálicas para maior durabilidade ao abrir e fechar as portas. O acabamento em verniz alto-brilho não só conserva o móvel, mas também mantém seu brilho constante, conferindo beleza, resistência e durabilidade.<br> <br> Características:<br> Estrutura: MDP e MDF<br> 5 Portas<br> 2 Gavetas <br> Prateleiras<br> Puxadores de Plástico<br> Corrediça metálica<br> Dobradiças metálicas<br> Acabamento em verniz texturizado <br> <br> Conteúdos da Embalagem: 1 Armário, 1 Manual de instruções <br> <br> Dimensões:<br> Altura: 192,2 cm<br> Largura: 160 cm<br> Profundidade: 38,5 cm<br> Peso: 63,9 kg <br> <br> Garantia do Fabricante: 3 Meses","{""marca"":""Aramóveis"",""material_da_estrutura"":""MDF, MDP"",""quantidade_de_gavetas"":""2 Gavetas"",""quantidade_de_portas"":""5 Portas""}",Aramóveis,"MDF, MDP",5 Portas,,,2 Gavetas,,,,,,,,Aramóveis,MDP e MDF,5 Portas,Não informado,Cozinha Compacta,2 Gavetas,Não informado,Sim,"Puxadores de Plástico, Corrediça metálica, Dobradiças metálicas, Acabamento em verniz texturizado",Não informado,Não informado,Não informado,Não informado,Aramóveis,"[MDF, MDP]",5 Portas,"[Atacama, Off White]",,2 Gavetas,Convencional
casah||ARCA8111388,Armário,Armário Office 2 Portas California Mel Cacao,"<p>OArmárioalém de ser moderno e prático ainda é uma ótima opção para quem precisa aumentar a usabilidade no espaço do quarto</p> <p>Revestimento através do sistema de impressão com secagem uv em linha onde o móvel recebe um tratamento de pintura de 07 camadas com secagem UV,<br>proporcionando maior durabilidade ao móvel;</p> <p>Medidas Do Produto:</p> <p>Altura:142,4 cm</p> <p>Largura:70,9 cm</p> <p>Comprimento:45,1 cm</p> <p>Informações Complementares:</p> <p>Cor: Mel/Cacao</p> <p>Portas: Sim (2)</p> <p>Prateleiras: Sim (2)</p> <p>Gavetas: Não</p> <p>Material Principal:MDP BP 15mm, HDF 2,5mm</p> <p>Itens Inclusos:</p> <p>01 Armário</p> <p>Kit completo para montagem, Manual detalhado de instruções para montagem</p> <p>Garantia:</p> <p>3 meses contra defeito de fabricação.</p> <p>Informações Adicionais:</p> <p>Fotos meramente ilustrativas do produto no ambiente.</p> <p>Os objetos que ambientam as fotos não acompanham o produto;</p> <p>Verificar descrição e tamanho do produto antes da compra.</p> <p>Avaliar a mercadoria no ato do recebimento e recusar em caso de divergência ou avarias.</p> <p>Mantenha as informações de contato e endereço de entrega atualizados para entrarmos em contato caso necessário.</p> <p>Limpar com flanela ou pano macio seco, não utilizar produtos abrasivos, desengordurantes, álcool ou solvente. Não expor o produto diretamente à luz solar e à umidade.</p> <p>Sugerimos a contratação de um montador profissional para a montagem do produto. Não nos responsabilizamos por avarias causadas no ato da montagem.</p> <p>Não nos responsabilizamos pela montagem e desmontagem do produto no ato da entrega e devolução, assim como os custos gerados nestas situações.</p> <p>A transportadora entregará o produto no andar térreo do endereço de entrega.</p> <p>Não nos responsabilizamos por subir escadas, corredores e elevadores ou transporte por guincho em apartamentos.</p>","{""cor"":""Bege"",""material_da_estrutura"":""MDP""}",,MDP,,Bege,,,,,,,,,,Não informado,MDP BP 15mm HDF 25mm,2,Mel Cacao,Office,Não,2,Sim,Não informado,MDP BP 15mm HDF 25mm,California,Não informado,Não informado,CasaH,MDP,2 Portas,"[Mel, Cacao]",,,Convencional
deazmoveis||3447p,Armário,Roupeiro /  Sapateira / Armário / Multiuso / Organizador THOO Alto 01 Porta Com Espelho Frontal Cor Off White,"*Altura 204 cm<br>*Largura 60 cm<br>*Profundidade 44 cm<br>*Pintura UV alta resistência<br>*Com espelho frontal<br>*01 portas <br>*Pés em ABS anti-umidade<br> =================================EMBALAGEM*Na hora da entrega, devem estar devidamente lacrados.GARANTIA*03 Meses contra defeitos de fabricação**EMPRESA HÁ 25 ANOS NO MERCADO DE MÓVEIS***A De A-Z Móveis não se responsabiliza pela devolução ou troca por mal uso do produto!MONTAGEM<br>Acompanha todos acessórios e manual para montagem, mas indicamos a contratação de um profissional.*A MONTAGEM DO PRODUTO NÃO É OFERECIDA PELA DE A-Z MÓVEIS.**NÃO ACOMPANHA ÍTENS DE CENÁRIO / DECORAÇÃO*","{""tipo"":""Organizador, Multiuso""}",,,,,"Organizador, Multiuso",,,,,,,,,THOO,Não informado,1,Off White,Roupeiro,Não informado,Não informado,Não informado,Com espelho frontal,Não informado,Não informado,Pés em ABS anti-umidade,Não informado,JA Móveis,,1 Porta,Off White,,,Convencional
lilies||13353573533,Armário,Armário Multiuso Com Rodízios E Cabideiros Branco Lilies Móveis,"Armário Multiuso Com Rodízios E Cabideiros Mendoza Branco Lilies Móveis<br> <br>Conheça o versátil e usual Armário Multiuso Com Rodízios Mendoza. O produto dispõe de prateleiras internas, 3 ganchos para organizar objetos, rodízios para melhor movimentação e espaço interno para acomodar escada e aspirador de pó. Realmente é uma peça indispensável para o seu lar! Aproveite! Este produto foi Produzido em excelente material MDP 15 mm e com acabamento em Finish Foil Acetinado, que garante maior resistência e qualidade em seu móvel. A essência de criar soluções que trazem mais conforto sua vida é o grande diferencial dos produtos Lilies Móveis. Cada nova ideia é uma mistura de criatividade, funcionalidade e muita dedicação.<br> <br> <br>Medidas: LxAxC: 46,5x190,0x46,8cm<br>Cor: Branco<br>Material MDP<br>Acabamento: FINISH FOIL ACETINADO<br>Portas: 1, 3 dobradiças metálicas<br>Puxador; 1 Ponto<br>Prateleiras: 4<br>Quantidade de Pés: 4, RODÍZIOS D 4 X A 6CM<br>Peso recomendado: 30kg<br>3 GANCHOS DE AÇO<br> <br>Deve ser feita com pano macio e seco ou levemente umedecido com água e sabão neutro. Não devem ser utilizados abrasivos como palha de aço e objetos cortantes.<br> <br>1 Volume<br>Medida: 193,7x46,6x7,3<br>Peso: 34,5kg<br> <br>Não nos responsabilizamos pela montagem.<br>As imagens são meramente ilustrativas. Objetos decorativos e eletrônicos não acompanham o produto.<br>A tonalidade dos produtos pode variar de acordo com a luminosidade, monitor ou percepção visual.","{""marca"":""Art In Móveis""}",Art In Móveis,,,,,,,,,,,,,Lilies Móveis,MDP,1,Branco,Multiuso,Não informado,4,Não informado,"Rodízios, Cabideiros, 3 Ganchos de Aço",MDP,Não informado,"Rodízios, Cabideiros, 3 Ganchos de Aço",Não informado,Art In Móveis,MDP,1 Porta,Branco,,,Convencional
balaroti||105879,Armário,Armário Cozinha 160Cm Supremo Preto 5854-15 A.j. Rorato,Armário Cozinha 160Cm Supremo Preto 5854-15,"{""cor"":""Preto"",""marca"":""A.J. Rorato"",""material_da_estrutura"":""MDF""}",A.J. Rorato,MDF,,Preto,,,,,,,,,,Rorato,Não informado,Não informado,Preto,Cozinha,Não informado,Não informado,Não informado,Não informado,Não informado,Não informado,Não informado,Não informado,A.j. Rorato,MDF,4 Portas,"[Branco, Preto]",,2 Gavetas,Convencional
milanistore||FIRENZE94331X153,Armário,Armario Aereo 3 Portas 120cm 94331 Amendola Branco Demobile,"Armário Aéreo Para Cozinha - Linha Firenze, com visual clean e moderno, conta com excelente qualidade e acabamento de alto padrão, possui estrutura em MDP de 15mm, acabamento em pintura UV. Composto por 03 portas articuladas com dobradiças metálicas, prateleiras internas com amplo espaço para armazenamento, puxadores cover em plástico ABS na cor Preto Fosco. Este armário é um módulo avulso da Composição Cozinha Firenze, confira em nosso site outros módulos desta linha, você pode compor sua cozinha da forma que desejar e fazer diversas combinações. Este móvel chegará em sua casa separado em 1 volume.<br><br><strong>Módulo Aéreo 3 Portas 120cm - 94331</strong><br>Altura 67 cm<br>Largura 120 cm<br>Profundidade 29 cm<br><br><strong>Sistema de Montagem</strong><br>Parafusos, buchas e cavilhas.<br><br><strong>Recomendação de Limpeza</strong><br>Limpar com pano úmido para retirar o pó. Não aplicar produtos abrasivos.<br><br><strong>Produtos de Enfeites Não Inclusos.</strong> <p><strong>Importante saber</strong><br>As imagens são meramente ilustrativas, não acompanham objetos de decoração e eletrônicos.<br>A tonalidade da cor do produto pode variar de acordo a calibração de cores do seu monitor, a iluminação do ambiente ou sua percepção visual.<br>Ao receber a mercadoria, o cliente deve verificar a quantidade de <strong>VOLUMES</strong> descritos na nota, as condições da embalagem, caso haja algum dano <strong>NÃO ASSINE</strong> o comprovante de recebimento e <strong>RECUSE</strong> a mercadoria.<br>Montagem, desmontagem e outras instalações serão de responsabilidade do cliente.<br>Não nos responsabilizamos, no ato da entrega, por subir escadas/elevadores ou pelo transporte por guincho em apartamentos. Eventuais despesas são de responsabilidade do comprador.<br>Confira as dimensões do produto e certifique-se de que passarão normalmente por supostos elevadores, portas, escadas ou corredores de sua residência.<br>No momento do recebimento o comprador ou a pessoa que receber os produtos <strong>DEVE VERIFICAR SE OS PRODUTOS RECEBIDOS</strong> correspondem ao mesmo modelo e à mesma quantidade dos produtos adquiridos, o entregador equivocado pode entregar volumes de outra carga.</p> <p><strong>Garantia De Fábrica</strong><br>90 dias para eventuais defeitos de fabricação.</p>","{""cor"":""Amendôla, Branco"",""marca"":""Demóbile"",""quantidade_de_portas"":""3 Portas"",""tipo"":""Aéreo""}",Demóbile,,3 Portas,"Amendôla, Branco",Aéreo,,,,,,,,,Demobile,MDP,3,Branco,Aéreo,Não informado,Não informado,Internas,Não informado,MDP,Moderno,"Dobradiças metálicas, puxadores cover em plástico ABS",Cozinha,Demóbile,MDP,3 Portas,"[Amendôla, Branco]",Aéreo,,Convencional
doctormoveis2||369152,Armário,"Multiuso Multiuso Michele 2 Portas 1,10m","Multiuso Sapateira | Com 2 portas, 3 prateleiras internas, dobradiças metálicas, puxadores cromados e rodízios faz da Multiuso Sapateira um móvel com design sofisticado, é própria para pessoas exigentes com organização, sendo feita em MDP de 15mm nas portas e MDP 12mm para prateleiras, laterais e tampos. Suporta pesos de até 8kg em suas prateleiras e 15kg no tampo suficiente para acomodar diversos itens domésticos. Perfeita para guardar acessórios para quarto, cozinha, lavanderia como calcados, livros, produtos de limpeza, roupas e pertences pessoais. Seu maior diferencial são os rodízios que facilitam a movimentação do produto para limpeza.<br><br> Altura total 1,16m x Largura 0,545m x Profundidade 0,39m x Peso 21kg<br><br> \\Não nos responsabilizamos pela montagem ou instalação do produto. Sugerimos a contratação de um serviço terceirizado de montagem ou de algum profissional experiente de sua preferência. Imagem meramente ilustrativa\\<br><br> Dados necessários para a entrega:<br> - Nome completo<br> - Telefone (Informe o código de área sem o 0 + Telefone)<br> - Endereço de entrega (casa, apto, bloco)<br> - Endereço de E-mail.<br><br> DÚVIDAS FREQUENTES<br><br> 1. OS PRODUTOS SÃO NOVOS, ORIGINAIS, POSSUEM GARANTIA?<br> Todos os nossos produtos são novos, originais e possuem garantia por parte do fabricante.<br><br> 2. A MERCADORIA ESTÁ DISPONÍVEL À PRONTA ENTREGA?<br> Todas as mercadorias estão disponíveis para entrega enquanto durarem os estoques.<br><br> 3. O PRODUTO ACOMPANHA NOTA FISCAL?<br> Todos os nossos produtos acompanham a nota fiscal que é emitida automaticamente de acordo com os dados em cadastrado na plataforma. OBS: Nós não efetuamos posteriores alterações de dados! O cadastro é de responsabilidade do cliente com acesso restrito.<br><br> 4. O PRODUTO TEM GARANTIA?<br> Sim, todos os produtos são vendidos com garantia do fabricante.<br><br> 5.POLÍTICA DE TROCA E DEVOLUÇÃO<br> Nos termos da Política de Troca e Devolução, você poderá realizar a troca do seu produto por meio do nosso SAC (Serviço de Atendimento ao Consumidor), caso haja a constatação de avarias, embalagem violada, itens faltantes ou produto em desacordo com o pedido. Essa solicitação deverá ser feita em até 07 (sete) dias corridos após a data de recebimento do produto.<br><br> 6. CANAL NO YOUTUBE - TUTORIAL DE MONTAGENS<br> Se inscreva no nosso canal e fique por dentro dos videos de montagens exclusivos dos nossos produtos.<br><br> Orientamos que fique atento aos itens abaixo a fim de evitar problemas com sua compra:<br> - Descrição, características e especificações do produto;<br> - Tonalidade e dimensões do produto (imagens meramente ilustrativa<br>","{""cor"":""Castanho"",""marca"":""Quarta Divisão"",""quantidade_de_portas"":""2 Portas"",""tipo"":""Multiuso""}",Quarta Divisão,,2 Portas,Castanho,Multiuso,,,,,,,,,Não informado,MDP,2,Não informado,Multiuso,Não informado,3,internas,dobradiças metálicas puxadores cromados e rodízios,MDP,Não informado,Não informado,quarto cozinha lavanderia,Quarta Divisão Móveis,MDP,2 Portas,Castanho,,,Convencional
madeiramadeira-openapi||656461,Armário,Armário Para Escritório Livreiro Aberto 2 Portas 5 Prateleiras Espresso Móveis,"Produto Multiuso, possui o tamanho ideal para dispor os seus itens e até harmonizá-los com objetos Decorativos. Possui 2 Portas Pequenas, Pés em PVC e 06-Prateleiras.Pintura UV Texturizada. Se adapta em vários ambientes, desde como uma estante para livros num escritório até para se utilizar numa área de serviços para organizar melhor o espaço. Todo de 15mm.","{""cor"":""Preto"",""marca"":""Espresso Móveis"",""material_da_estrutura"":""MDP"",""quantidade_de_portas"":""2 Portas""}",Espresso Móveis,MDP,2 Portas,Preto,,,,,,,,,,Móveis,Não informado,2 Portas,Espresso,Livreiro Aberto,Não informado,5 Prateleiras,06-Prateleiras,Pés em PVC,Não informado,Não informado,Não informado,Escritório,Espresso Móveis,MDP,2 Portas,"[Preto, Amarelo]",,,Convencional
olistplus||OPM1020U4WGR4XXR,Armário,Armário Estreito Para Cozinha Porta Temperos 3 Andares Arthi,"Armário Estreito Para Cozinha Porta Temperos 3 Andares Arthi Você tem pouco espaço e muitos itens para organizar Nós temos a solução Nossa Prateleira Multiuso é simplesmente perfeita, pois cabe em espaços mais estreitos, facilitando e organizando o seu dia a dia. Além de otimizar espaço, você garante que os itens estejam bem organizados, armazenados e sempre à mão quando precisar Incrível demais, não é O mais legal dela é que além poder ser levado pela casa, pois tem rodinhas, ela cabe certinho em qualquer cantinho e não ache que por ela ser estreita não vai caber quase nada, nela cabe tudo e mais um pouco, então fica perfeito. É versátil e super adaptável, com infinitas possibilidades de uso nos mais variados ambientes. Como por exemplo: Lavanderia, Cozinha, Closet, Salão de Beleza, Escritório, Sala, Quarto e até para as Plantas. Fácil de montar, fácil de limpar e super resistente O que vai na caixa - 01 Prateleira Multiuso Arthi Vantagens: - A queridinha da Organização- Ela possui 3 andares- Rodinhas nos pés- Super compacta Ficha Técnica - Marca: Arthi- Modelo: Prateleira Multiuso com Rodízio- Dimensões do produto montado AxLxP (cm): 77,5 x 12,5 x 54,5- Material: Plástico ATENÇÃO - Os objetos que ambientam as fotos não acompanham o produto",{},,,,,,,,,,,,,,Arthi,Plástico,Não informado,Não informado,Prateleira Multiuso,Não informado,3,Sim,Rodinhas,Plástico,Não informado,Não informado,"Cozinha, Lavanderia, Closet, Salão de Beleza, Escritório, Sala, Quarto, Plantas",Arthi,Plástico,,Branco,,,
outletdasfabricas||40220368-0001,Armário,Armário Aéreo de Cozinha Canelone Politorno 2 Portas Preto,"<p>O Armário Aéreo Canelone da Politorno é a opção perfeita para quem busca praticidade e estilo na cozinha. Com 2 portas e 1 prateleira, oferece um amplo espaço de armazenamento para utensílios, alimentos e outros itens de uso diário. O seu modelo elegante e moderno, na cor preto, adiciona um toque sofisticado e modernidade ao ambiente. Além disso, o Armário Aéreo Canelone da Politorno é fabricado com materiais de alta qualidade, sua estrutura em MDP garante durabilidade e resistência. Mantenha sua cozinha organizada e aproveite o máximo de espaço com o Armário Aéreo Canelone da Politorno. Desfrute de funcionalidade e estilo em seu espaço culinário!</p> <p>Especificações:</p> <p>Comprimento: 80 cm</p> <p>Largura: 36,5 cm</p> <p>Altura: 67 cm</p> <p>Estrutura do produto: MDP</p> <p>Revestimento em UV TEX/Finish Foil (FF)</p> <p>2 Portas com amortecimento slide on, proporcionando um fechamento suave e silencioso</p> <p>1 Prateleira firme e resistente</p> <p>Puxador perfil de alumínio resistente.</p> <p>Costas com ranhura, maior precisão e acabamento, evita mofo no móvel e na parede</p> <p>Acabamento de 6 camadas: Relevo, verniz, impressão, primer, primer, massa e MDP</p> <p>Borda PVC 1 mm - acabamento de maior qualidade ao toque e resistência</p> <p>Capacidade de carga: até 10 kg em sua base e na prateleira</p> <p>Cor: Preto</p> <p>As configurações do seu monitor ou dispositivo móvel podem afetar a tonalidade da cor do produto. Conferir na descrição.</p> <p>Recomendação de Limpeza: Limpar com pano seco para retirar o pó. Não aplicar produtos abrasivos.</p> <p>Produtos de Enfeite e Eletrônicos Não Estão Inclusos. </p>","{""marca"":""Politorno"",""quantidade_de_portas"":""2 Portas"",""tipo"":""Aéreo""}",Politorno,,2 Portas,,Aéreo,,,,,,,,,Politorno,MDP,2 Portas,Preto,Aéreo,Não informado,1,1 Prateleira,Amortecimento slide on,MDP,Canelone,"2 Portas com amortecimento slide on, 1 Prateleira, Puxador perfil de alumínio resistente, Costas com ranhura, Acabamento de 6 camadas, Borda PVC 1 mm",Cozinha,Politorno,MDP,2 Portas,Preto,Aéreo,,Convencional
lojasmm||8723,Armário,Multiuso 2 Portas 2 Gavetas Caemmun Open,"O Multiuso Open , é um móvel prático podendo ser utilizado em diversos ambientes, é multifuncional atendendo sua<br>necessidade. Possui duas portas com dobradiça com uma prateleira interna cada, porta com frisos decorativos e prateleira, e duas gavetas para acomodação de seus itens de<br>lavanderia ou cozinha otimizando espaço. Produzido em MDP de 15mm, o produto possui uma excelente qualidade e durabilidade. Uma ótima solução para quem está<br>procurando um móvel com praticidade em seu dia a dia.<br><br>HDF 2,8 mm<br>MDF 12 mm<br>MDP 12 mm<br><br>Revestimento através do sistema de impressão com secagem uv em linha onde o móvel recebe um tratamento de pintura de 07 camadas com secagem<br>UV, proporcionando maior durabilidade ao móvel;<br><br>Revestimento de Bordas:<br>Nas peças são utilizadas fitas de bordas em papeis ou pvc especiais que garantem a resistência a durabilidade ao móvel;<br><br>Características:<br>Pés 70 mm<br>Duas portas (sendo uma frizada)<br>Duas gavetas<br><br>Sistema de Montagem:<br>Utiliza-se na montagem do produto sistema de fixação minifix, dobradiças, dispositivos angulares, cavilhas plasticas, parafusos, entre outros.<br><br>Dimensões:.<br>Altura:190 cm<br>Largura: 60 cm<br>Profundidade: 45 cm<br>Peso: 37.25 kg<br><br>Garantia do Fornecedor: 3 Meses","{""cor"":""Branco"",""material_da_estrutura"":""MDP"",""tipo"":""Multiuso""}",,MDP,,Branco,Multiuso,,,,,,,,,Caemmun,MDP,2,Não informado,Multiuso,2,1,Sim,Não informado,MDP,Não informado,Dobradiças,Não informado,Caemmun,MDP,2 Portas,Branco,,2 Gavetas,Convencional
armazemsaolazaro||3331,Armário,Armário Paneleiro Delta Branco 01 Porta 04 Prateleiras - Arte Móveis,"<p> Armário Paneleiro Delta Branco 01 Porta 04 Prateleiras - Arte Móveis </p> <p>Esse lindo Armário Paneleiro foi desenvolvido exatamente para você que precisa ocupar menos espaços. Dispõe 01 porta com prateleiras, impecável acabamento em pintura UV sendo uma ótima opção para você acomodar seus utensílios. ????</p> <p> Especificações Técnicas: </p> <p> Cor : Branco</p> <p> Garantia: 3 Meses garantia fabricante contra defeito de fabricação</p> <p> Conteúdo da Embalagem: 1 Armário Paneleiro, Kit Ferragem e Manual de Montagem</p> <p> Modelo: 4338.6</p> <p> Tamanho Montado: 196 cm x 36 cm x 32 cm - Altura x Largura x Profundidade</p> <p> Produto Montado : Não</p> <p> Necessita Montagem? Sim</p> <p> Material Principal: MDP</p> <p> Acabamento: Pintura UV</p> <p> Peso: 26 Kg</p> <p> Possui Portas: 01</p> <p> Tipo de Porta: Bater</p> <p> Possui Prateleiras: Sim</p> <p> Possui Pés: Sim </p> <p> Possui Gaveta: Não</p> <p> Recomendações de Uso, Manutenção e Limpeza: Nunca utilize álcool ou materiais abrasivos para limpeza.</p> <p> Informações importantes: </p> <p>• Fotos meramente ilustrativa. Os objetos que ambientam as fotos não acompanham o produto.</p> <p>• As cores do produto podem variar de acordo com o monitor, a iluminação do ambiente ou sua percepção visual.</p> <p>• A compra do produto não acompanha montagem/desmontagem.</p> <p>• Montagens, desmontagens e instalações são responsabilidades do cliente. Estes serviços não estão inclusos no valor do produto. Para evitar imprevistos na sua entrega, confira as dimensões do produto no momento da compra e certifique-se de que ele passará por elevadores, portas, escadas e corredores, já que nossa entrega não inclui a subida de lances de escada ou o içamento de produtos.</p> <p>• Verifique a complexidade antes de decidir montar sozinho, orientamos que este produto seja montado por um profissional de sua confiança, após a sua entrega.</p> <p>• Todas as instruções, manuais e peças necessárias para a montagem são fornecidos junto com o produto, não nos responsabilizamos pela instalação/montagem.</p> <p>• Fornecemos somente assistências, por defeitos de fábrica.</p> ","{""cor"":""Branco"",""marca"":""Arte Móveis"",""material_da_estrutura"":""MDP"",""quantidade_de_portas"":""1 Porta"",""tipo"":""Paneleiro""}",Arte Móveis,MDP,1 Porta,Branco,Paneleiro,,,,,,,,,Arte Móveis,MDP,1,Branco,Paneleiro,Não,4,Sim,Não informado,MDP,Não informado,Não informado,Não informado,Arte Móveis,MDP,1 Porta,Branco,,,Convencional
multimoveis2||MP3165964TP,Armário,Armário de Cozinha Completa com Tampo 9 peças Xangai Rock Multimóveis Branca/Preta,"A Cozinha Completa Xangai Rock com Armário e Balcão com Tampo 9 peças Multimóveis tem um excelente custo benefício e um amplo espaço interno. Os módulos são individuais e você pode montar da maneira que se adaptar melhor ao seu ambiente. Produzida em MDP, que garante maior durabilidade e resistência, conta com corrediças telescópicas em aço (maior durabilidade e travas de segurança para evitar acidentes), pés com regulagem de altura (permitem um perfeito nivelamento dos módulos), puxadores em ABS com acabamento cromado e tampos em MDP 15mm com pintura de alta resistência. Para deixar sua cozinha mais bonita e organizada, possui compartimento especial para utensílios mais altos e módulo aéreo com nichos. As portas embutidas proporcionam um visual de cozinha planejada. <br><br>Conteúdo da Embalagem:<br>1 (um) nicho horizontal<br>1 (um) armário aéreo de 105 cm<br>1 (um) paneleiro duplo<br>1 (um) balcão com tampo de 105 cm<br>1 (um) balcão com tampo de canto<br>1 (um) armário aéreo de canto<br>1 (um) paneleiro simples<br>1 (um) balcão com tampo de 70 cm<br>1 (um) armário aéreo de 70 cm<br><br>Dimensões do produto montado:<br>Cozinha: Altura: 191 cm - Largura: 291 x 178 cm - Profundidade: 27,5 cm (aéreos e paneleiro) - 45 cm (balcão com tampo)<br>Espaço do nicho para fogão/geladeira: Altura: 168 cm - Largura: 63 cm<br>*Você pode consultar as medidas internas na imagem técnica do produto.<br><br>Disponível em 3 opções de cores:<br>Branco Acetinado - Branco Acetinado/Preto Acetinado Texturizado - Branco Acetinado/Lacca Fumê Alto Brilho<br>*As cores do produto podem sofrer variações de tonalidade de acordo com as configurações do seu dispositivo.<br><br>Imagem meramente ilustrativa. Decoração e eletros não acompanham o produto.<br><br>O produto será entregue desmontado e não disponibilizamos o serviço de montagem..","{""cor"":""Branco, Preto"",""marca"":""Multimóveis"",""material_da_estrutura"":""MDP""}",Multimóveis,MDP,,"Branco, Preto",,,,,,,,,,Multimóveis,MDP,Não informado,BrancaPreta,Cozinha Completa,Não informado,Não informado,Não informado,com Tampo,Aço,Não informado,"Módulos individuais, corrediças telescópicas em aço, travas de segurança, pés com regulagem de altura, puxadores em ABS com acabamento cromado, tampos em MDP 15mm",Cozinha,Multimóveis,MDP,18 Portas,"[Branco, Preto]",Modulado,1 Gaveta,Convencional
casah||CD046816152,Armário,Armário Premium 3 Portas 1 Espelhado Dakota,"Armário Premium 3 Portas 1 Espelhado Dakota<br><br>O Armário Premium 3 Portas é o que faltava no seu quarto.<br><br>Elaborado em MDP de 15 mm e moldura de 25 mm, suporta até 142 kg.<br><br>Possui 3 portas de correr, 6 gavetas com corrediças telescópicas, 13 nichos, 7 prateleiras, 4 cabideiros, rodapé, espelho em uma das postas.<br><br>Sua pintura conta com acabamento Print Wood, patenteado e exclusivo.<br><br>Informações do produto:<br><br>Altura: 240,5 cm<br><br>Largura: 210 cm<br><br>Comprimento: 59 cm<br><br>Itens inclusos:<br><br>1 Guarda Roupa.<br><br>Kit completo para montagem, manual detalhado de instruções para montagem. <br><br>Garantia:<br><br>3 meses contra defeito de fabricação.<br><br>Informações complementares:<br><br>- Verificar o tamanho e detalhes do produto antes da compra.<br><br>- Fotos meramente ilustrativa.<br><br>- A transportadora entregará o produto no andar térreo do endereço de entrega.<br><br>- Avaliar a mercadoria no ato do recebimento e recusar em caso de divergência ou avarias.<br><br>- Não nos responsabilizamos pela montagem e desmontagem do produto no ato da entrega e devolução, assim como os custos gerados nestas situações.<br><br>- Sugerimos a contratação de um montador profissional para a montagem do produto. Não nos responsabilizamos por avarias causadas no ato da montagem.","{""cor"":""Marrom"",""material_da_estrutura"":""MDP"",""quantidade_de_portas"":""3 Portas""}",,MDP,3 Portas,Marrom,,,,,,,,,,Dakota,MDP,3 Portas,Não informado,Armário,6 Gavetas,7 Prateleiras,Não informado,Espelho,MDP,Não informado,"3 Portas de correr, 6 Gavetas com corrediças telescópicas, 13 Nichos, 7 Prateleiras, 4 Cabideiros, Rodapé, Espelho em uma das portas",Quarto,Casa D,MDP,3 Portas,Dakota,,6 Gavetas,Correr
shopjm||66113,Armário,Armário de Cozinha Com Vidro Reflecta Natura Preto Absoluto Zanzini,"<p>Dimensões do Produto: Largura 135 cm; Profundidade 44,8 cm; Altura 193,2 cm.</p><p>Itens Inclusos: 1 armário de cozinha.</p><p>02 portas de correr com vidro reflecta bronze</p><p>03 portas com dobradiças metálicas</p><p>03 gavetas com corrediças telescópicas</p><p>Puxadores em PVC</p><p>05 pés em PVC com regulagem de altura</p><p>Diversas repartições internas</p><p>Espaço para micro-ondas</p><p>Produzido em MDP</p><p>Complexidade da montagem: Média, pode ser montado por apenas uma pessoa e/ou necessite de maior conhecimento para montagem.</p><p>Recomendações de uso, manutenção e limpeza: Limpar com flanela ou pano macio seco, não utilizar produtos abrasivos, desengordurantes, álcool ou solvente. Não expor o produto diretamente à luz solar e à umidade</p><p>Garantia: 3 meses</p><p>OBS: Foto meramente ilustrativa, objetos, utensílios e decoração não fazem parte do produto.</p>","{""material_da_estrutura"":""MDP, Vidro""}",,"MDP, Vidro",,,,,,,,,,,,Zanzini,MDP,5,Preto Absoluto,Cozinha,3,Não informado,Não informado,Com Vidro Reflecta,Vidro,Não informado,"Puxadores em PVC, pés em PVC com regulagem de altura, portas de correr com vidro reflecta bronze, portas com dobradiças metálicas, gavetas com corrediças telescópicas",Não informado,Zanzini Móveis,MDP,5 Portas,"[Natura, Preto]",,3 Gavetas,"[Correr, Convencional]"
madeiramadeira-openapi||257116,Armário,Armário Multiuso 2 Portas 0159 Multiusos Genialflex Marfim,"É o item que faltava para organização do seu ambiente! O Armário Multiuso e Sapateira conta com design compacto com duas portas e cinco prateleiras internas. Com amplo espaço, é perfeito para sua área de serviço, dispensa, cozinha, quarto ou até mesmo o armário pode ser usado como sapateira. Sua estrutura em MDP possui revestimento em pintura UV, que deixam o acabamento mais resistente e durável. E para completar, conta com puxadores exclusivos que dão um toque de estilo no móvel.","{""cor"":""Marfim"",""marca"":""GenialFlex Móveis"",""material_da_estrutura"":""MDP"",""quantidade_de_portas"":""2 portas"",""tipo"":""Multiuso""}",GenialFlex Móveis,MDP,2 portas,Marfim,Multiuso,,,,,,,,,Genialflex,MDP,2 Portas,Marfim,Multiuso,Não informado,5 prateleiras,Não informado,Não informado,Não informado,Não informado,Não informado,Não informado,não tem navegation id,,,,,,
venerarejoias||ARPO1252610,Armário,Armário Suspenso 1 Porta Basculante Tacoma Fumê,"<p>.O Armário Aéreo Geladeira 1 porta basculante é um produto elegante ideal para otimizar espaço podendo ser usado sobre a geladeira ou fogão</p> <p>Dimensões do Produto:</p> <p>Altura: 34 cm</p> <p>Largura: 80 cm</p> <p>Profundidade: 31 cm</p> <p>Informações do Produto:</p> <p>Cor: Fumê</p> <p>Portas: Sim (1) Basculante</p> <p>Puxadores: Sim (1) Polímero.</p> <p>Material Principal: MDP 15mm</p> <p>Itens Inclusos:</p> <p>01 Armário Aéreo</p> <p>Manual de Montagem</p> <p>Kit completo para montagem e manual de instruções</p> <p>Garantia:</p> <p>3 meses contra defeito de fabricação</p> <p>Informações Adicionais:</p> <p>Fotos meramente ilustrativas do produto no ambiente.</p> <p>Os objetos que ambientam as fotos não acompanham o produto;</p> <p>Verificar descrição e tamanho do produto antes da compra.</p> <p>Avaliar a mercadoria no ato do recebimento e recuse em caso de divergência ou avarias.</p> <p>Mantenha as informações de contato e endereço de entrega atualizados para entrarmos em contato caso necessário.</p> <p>Limpar com flanela ou pano macio seco, não utilizar produtos abrasivos, desengordurantes, álcool ou solvente. Não expor o produto diretamente à luz solar e à umidade.</p> <p>Sugerimos a contratação de um montador profissional para a montagem do produto. Não nos responsabilizamos por avarias causadas no ato da montagem.</p> <p>Não nos responsabilizamos pela montagem e desmontagem do produto no ato da entrega e devolução, assim como os custos gerados nestas situações.</p> <p>A transportadora entregará o produto no andar térreo do endereço de entrega.</p> <p>Não nos responsabilizamos por subir escadas, corredores e elevadores ou transporte por guincho em apartamentos.</p>","{""marca"":""Poliman"",""material_da_estrutura"":""MDP""}",Poliman,MDP,,,,,,,,,,,,Tacoma,MDP,1,Fumê,Suspenso,Não informado,Não informado,Não informado,Não informado,MDP,Não informado,1 Porta Basculante,Geladeira,Poliman Móveis,MDP,1 Porta,Fumê,Suspenso,,Basculante
flipvendademoveis||38462,Armário,Armário de Cozinha Ágata Cinamomo Off White - Valdemóveis,"<p>Armário de Cozinha Ágata Cinamomo Off White - Valdemóveis</p> <p>O Armário de Cozinha Ágata é um elegante e funcional componente para aprimorar sua experiência culinária e organização doméstica. Com um design moderno e acabamento de alta qualidade, o armário é a escolha perfeita para transformar sua cozinha em um espaço prático e charmoso. Este armário é construído com materiais duráveis, garantindo sua longevidade e resistência ao uso diário. Confira!</p> <p>Características Técnicas:<br> - Desenvolvido em MDP de 15mm<br> - Acabamento em pintura U.V na cor Cinamomo Off White<br> - Possui 13 portas com dobradiças de pressão metálicas<br> - 02 Gavetas com corrediças telescópicas, que deslizam livres de enrosco<br> - Puxadores em MDF envelopados<br> - Espaço para micro-ondas com passa cabos<br> - 06 Prateleiras em MDP de 15mm<br> - Nicho garrafeiro, com 05 espaços<br> - Kit 11 Pés de plástico, com regulagem<br> - Amplo espaço interno<br> - Lindo design</p> <p>Dimensões:<br> Altura: 200 cm<br> Largura: 253 cm<br> Profundidade: 45 cm</p> <p>Atenção: Não realizamos a montagem ou instalação do produto, porém acompanha manual de instruções.</p><p>Importante: Imprescindível a conferência no ato da entrega. Em caso de anormalidade, recuse.</p>","{""marca"":""Valdemóveis""}",Valdemóveis,,,,,,,,,,,,,Valdemóveis,MDP,13,Cinamomo Off White,Cozinha,2,6,MDP,"Espaço para micro-ondas com passa cabos, Nicho garrafeiro com 05 espaços, Kit 11 Pés de plástico com regulagem",MDP,Moderno,"Dobradiças de pressão metálicas, Corrediças telescópicas, Puxadores em MDF envelopados",Não informado,Valdemóveis,MDP,13 Portas,"[Cinamomo, Off White]",Modulado,2 Gavetas,Convencional
vcmoveis||29361,Armário,Armário Aéreo Connect Canto Obliquo 2 Portas 83 cm Duna Cristal  Henn,"<p>Armário Aéreo Connect Canto Obliquo 2 Portas 83 cm Duna Cristal – Henn</p><p>Para escolher os melhores Armários Aéreos para sua cozinha conte com a gente! Apresentamos o Aéreo Canto Obliquo da linha Connect, desenvolvido pela Henn, 100% em MDF que proporciona muito mais qualidade e durabilidade, conta com um design super moderno na cor Duna Cristal que remete elegância e otimiza o ambiente. Conta também com um amplo espaço interno para melhor organizar seus itens de cozinha e te auxilia no dia a dia. Confira e aproveite!</p><p>Características Técnicas:<br> - Desenvolvido 100% em MDF <br> - Pintura UV na cor Duna Cristal <br> - Acabamento fosco <br> - Possui 2 portas <br> - Dobradiças de 35mm <br> - Puxadores em alumínio na cor Bronze <br> - Amplo espaço interno <br> - Muito mais qualidade <br> - Design lindo e moderno</p><p>Dimensões:<br> Altura: 83 cm<br> Largura: 79 cm<br> Profundidade: 79 cm</p><p>Obs: Não realizamos a montagem do produto, porem acompanha manual de montagem.</p>","{""marca"":""Henn"",""material_da_estrutura"":""MDF"",""quantidade_de_portas"":""2 Portas""}",Henn,MDF,2 Portas,,,,,,,,,,,Henn,MDF,2 Portas,Duna Cristal,Aéreo Canto Obliquo,Não informado,Não informado,Não informado,Não informado,MDF,Moderno,"Dobradiças de 35mm, Puxadores em alumínio na cor Bronze",Cozinha,Henn,MDF,2 Portas,[Duna Cristal],Aéreo,,Convencional
guilhermeeletroonlyvendas||0ba0c118c84011eda5bc4201ac18502f,Armário,Armário de Cozinha Anápolis 90 Preto com vidro,"DescriçãoModelo: AnápolisAltura (cm): 167,00Largura (cm):91,00Profundidade (cm): 36,00Peso Aproximado (Kg): 32,60Marca: AtualleItens Inclusos:1 Kit de Cozinha Atualle Anápolis 4 Portas e 2 Gavetas1 Manual de Montagem1 Kit FerragemEste produto chegará em: (volumes) 1Material/Composição: MDP 12mm e MDP 15mmComplexidade da montagem: MédiaProduto desmontado, necessita de montagem? SimDescriçãoModelo: AnápolisAltura (cm): 167,00Largura (cm):91,00Profundidade (cm): 36,00Peso Aproximado (Kg): 32,60Marca: AtualleItens Inclusos:1 Kit de Cozinha Atualle Anápolis 4 Portas e 2 Gavetas1 Manual de Montagem1 Kit FerragemEste produto chegará em: (volumes) 1Material/Composição: MDP 12mm e MDP 15mmComplexidade da montagem: MédiaProduto desmontado, necessita de montagem? Sim","{""material_da_estrutura"":""MDP""}",,MDP,,,,,,,,,,,,Atualle,MDP,4,Preto,Cozinha,2,Não informado,Não informado,Não informado,MDP 12mm e MDP 15mm,Não informado,Não informado,Não informado,Atualle,MDP,4 Portas,,,2 Gavetas,
t2adecora||123461931p,Armário,Armario Balcao para Cozinha com 2 Portas 70x60cm Lile Rimo Branco/Fendi,"A linha de móveis 'Lile' para cozinha combina funcionalidade e estilo, oferecendo armários espaçosos, gavetas e prateleiras ajustáveis para facilitar a organização. Com um design moderno e acabamentos elegantes, os móveis 'Lile' são perfeitos para otimizar o espaço e criar uma atmosfera convidativa em sua cozinha.","{""marca"":""Móveis Primus"",""tipo"":""Balcão""}",Móveis Primus,,,,Balcão,,,,,,,,,Lile Rimo,Não informado,2 Portas,BrancoFendi,Balcão,Não informado,Não informado,ajustáveis,Não informado,Não informado,Moderno,Não informado,Cozinha,Móveis Rimo,,2 Portas,"[Branco, Fendi]",Modulado,,Convencional
acostaricacolchoes||37750U6812,Armário,Armário de Escritório BAM06 c/ 1 Porta Branco/Castanho - BRV,"<strong>Armário de Escritório BAM06 c/ 1 Porta Branco/Castanho - BRV</strong><br> <br> Marca: <strong>BRV</strong><br> Linha/Moelo: <strong>BRV</strong><br><br>Dimensões(Cm): Comprimento(Profundidade): 35 x Largura: 44,5 x Altura: 182<br> <br> <strong>CARACTERÍSTICAS DE MÓVEIS</strong><br> <strong>Tipo de Estrutura do Móvel</strong><br> - MDP/BP<br> <strong>Tipo de Pintura</strong><br> - UV<br> <strong>Tipo de Acabamento da Pintura</strong><br> - Semi Brilho<br> <strong>Tipo de puxador</strong><br> - Metálico<br> <strong>Quantidade de Prateleiras</strong><br> - 5<br> <strong>Quantidade de Portas</strong><br> - 1<br> <strong>Garantia</strong><br> - 3<br> <br> <strong>BENEFÍCIOS DE MÓVEIS</strong><br> <strong>Certificação de Qualidade de Móveis</strong><br> - Qualidade Aprovada<br> <br> <br> <strong> Não nos responsabilizamos pela montagem/instalação dos produtos.</strong><br> <strong>Todas as informações divulgadas são de responsabilidade exclusiva do fabricante/fornecedor. </strong><br> <strong>Imagens Meramente Ilustrativas.</strong><br> <strong>Verifique com os fabricantes do produto e de seus componentes eventuais limitações à utilização de todos os recursos e funcionalidades.</strong>","{""cor"":""Branco, Castanho"",""marca"":""BRV"",""material_da_estrutura"":""MDP"",""quantidade_de_portas"":""1 Porta""}",BRV,MDP,1 Porta,"Branco, Castanho",,,,,,,,,,BRV,MDPBP,1,BrancoCastanho,Escritório,Não informado,5,Não informado,Não informado,Não informado,Não informado,Não informado,Não informado,BRV Móveis,MDP,1 Porta,"[Branco, Castanho]",Modulado,,Convencional
shopjm2||62165B,Armário,Armário Aéreo Para Quarto 45 cm 1 Porta Nature Off White Gabriela Shop Jm,"<p>Dimensões do produto:Largura 45 cm; Profundidade 32 cm; Altura 61 cm.</p><p>Itens Inclusos: 1 armário aéreo</p><p>Produzido em MDP bio-sustentável de 15mm</p><p>Possui dobradiças metálicas</p><p>Puxadores perfil de PVC</p><p>Possui pintura texturizada na frente</p><p>Complexidade da montagem:Média, pode ser montado por mais de uma pessoa e/ou necessite de maior conhecimento para montagem.</p><p>Recomendações de uso, manutenção e limpeza:Limpar com flanela ou pano macio seco, não utilizar produtos abrasivos, desengordurantes, álcool ou solvente. Não expor o produto diretamente a luz solar e à umidade</p><p>Garantia:3 meses</p><p>OBS: Foto meramente ilustrativa, objetos, utensílios e decoração não fazem parte do produto.</p>","{""marca"":""Peternella Móveis"",""material_da_estrutura"":""MDP"",""tipo"":""Aéreo""}",Peternella Móveis,MDP,,,Aéreo,,,,,,,,,Gabriela Shop Jm,MDP,1,Off White,Aéreo,Não informado,Não informado,Não informado,Não informado,MDP,Não informado,"Dobradiças metálicas, Puxadores perfil de PVC",Quarto,Peternella Móveis,MDP,1 Porta,"[Nature, Off White]",Aéreo,,Convencional
distribuidoratakaki||7edf069ed37811ebb6a64201ac18500e,Armário,Armário de Banheiro com Espelho Duda Damewer Pequeno Branco,"Para dar charme ao seu banheiro e garantir a arrumação do ambiente, o Armário de Banheiro com Espelho Duda Damewer Branco é a pedida certa - principalmente para espaços mais compactos. Estruturalmente, a peça conta com compartimento para os seus itens de higiene pessoal e demais acessórios, além de acompanhar espelho. Já visualmente, o design básico e discreto é ideal para adicionar bom gosto ao seu cômodo. Afinal, todas as partes da sua casa merecem ficar do jeito que você sonhou, né? Gostou desse Armário de Banheiro? Então não perca tempo e compre online agora mesmo o seu Armário de Banheiro com Espelho Duda Damewer Branco. Navegue em nossa linha completa de Prateleiras e confira todos os modelos disponíveis com preços em ofertas.","{""cor"":""Branco""}",,,,Branco,,,,,,,,,,Duda Damewer,Não informado,Não informado,Branco,Banheiro,Não informado,Não informado,Não informado,Espelho,Não informado,Não informado,Não informado,Não informado,Duda Damewer,,1 Porta,Branco,Aéreo,,Convencional
lojajfmoveis||3528195,Armário,Armário Perola 70 cm 2 Portas Luciane,"Características:<br> Corpo/Caixaria: mdp - Branco Polar - bp.<br> Frontais: Concreto<br> Dobradiças: 35mm.<br> Puxadores: Alumínio Gola - Fendi<br> Porta: 2<br> Prateleira: 1<br> Itens inclusos: manual de montagem, ferragens e acessórios.<br> Montagem com Minifix, Parafusos e cavilhas.<br> <br> Dimensões:<br> Altura: 75 cm<br> Largura: 70 cm<br> Profundidade: 36,5 cm<br> Peso: 19,1 kg<br> <br> <br>PERGUNTAS FREQUENTES<br> <br> <br>1 – O produto é novo ou usado?<br> <br>R.: Todos os nossos produtos são novos, enviados de nossos fornecedores diretamente para as casas de nossos clientes.<br> <br> <br>2 – O produto vem montado? Se não, vocês realizam a montagem?<br> <br>R.: Todos nossos produtos acompanham seus respectivos manuais de montagem e instalação, que são simples e fáceis de serem seguidos, portanto não oferecemos a montagem.<br> <br> <br>3 – Vocês possuem loja física? Posso retirar meu produto em mãos? Vocês realizam pronta entrega?<br> <br>R.: Não trabalhamos com loja física, apenas loja virtual. Nos comprometemos em cumprir a entrega na data combinada no ato da compra e trabalhamos ao máximo para que seja entregue o quanto antes.<br> <br> <br>4 – Vocês entregam no Brasil inteiro? Como é feita a entrega?<br> <br>R.: Sim, entregamos no Brasil inteiro! A entrega é feita por nossas transportadoras parceiras.<br> <br> <br>5 – Vocês fazem agendamento de entregas?<br> <br>R.: Infelizmente não, temos um prazo de entrega baseado na localização de nossos fornecedores e no CEP de destino. Nos comprometemos na entrega dentro do prazo limite.<br> <br> <br>6 – O produto acompanha Nota Fiscal.<br> <br>R.: Sim, os produtos são entregues com suas respectivas notas fiscais.<br> <br> <br>7 – Qual é o horário de atendimento de vocês?<br> <br>R.: Nosso horário de atendimento é de segunda à sexta-feira, das 8 até às 18h (exceto feriados).<br> <br> <br>8 - Os produtos possuem garantia?<br> <br>R.: Sim, A J&amp;F Móveis oferece 3 meses de garantia para defeitos de fabricação.<br> <br> <br>Aviso: Imagem meramente ilustrativa. Decoração e eletros não acompanham o produto. A tonalidade de cor pode variar entre peças diferentes. Além disso, a percepção das cores do produto pode ser um pouco diferente da mostrada na foto do anúncio em função da luminosidade do ambiente, calibração do monitor ou aparelho usado para visualização da foto.<br> <br> <br> <br>A J&amp;F Móveis se responsabilizará pela entrega dos produtos adquiridos até a porta de entrada ou portaria do endereço indicado. Esclarecemos que não nos responsabilizamos por montagens, desmontagens e instalações, ficando assim sob responsabilidade do cliente. Confira as dimensões do produto no momento da compra e certifique-se de que o item passará normalmente por elevadores, portas, escadas e/ou corredores, evitando assim futuros desagrados ou imprevistos com a entrega.","{""marca"":""Luciane"",""quantidade_de_portas"":""2 Portas""}",Luciane,,2 Portas,,,,,,,,,,,Luciane,MDP,2,Concreto,Não informado,Não informado,1,Não informado,Não informado,Não informado,Não informado,"Dobradiças 35mm, Puxadores Alumínio Gola - Fendi",Não informado,Luciane Móveis,MDP,2 Portas,"[Branco Polar, Concreto]",Aéreo,,Convencional
acostaricacolchoes||6374ce58502f893f4077296a,Armário,Armário Aéreo Cozinha Modulado  Canto Reto Belize c/ 1 Porta Capuccino - Henn,"<strong>Armário Aéreo Cozinha Modulado Canto Reto Belize c/ 1 Porta Capuccino - Henn</strong><br> <br> Marca: <strong>Henn</strong><br> Linha/Moelo: <strong>Henn</strong><br><br>Dimensões(Cm): Comprimento(Profundidade): 53,5 x Largura: 94,5 x Altura: 90<br> <br> <strong>CARACTERÍSTICAS DE MÓVEIS</strong><br> <strong>Tipo de Estrutura do Móvel</strong><br> - MDF<br> <strong>Tipo de Pintura</strong><br> - UV<br> <strong>Tipo de Acabamento da Pintura</strong><br> - Semi Brilho<br> <strong>Características de móveis</strong><br> - Ângulo Reto<br> - Armário Aéreo<br> <strong>Tipo de puxador</strong><br> - ABS/PVC<br> <strong>Quantidade de Prateleiras</strong><br> - 2<br> <strong>Quantidade de Gavetas</strong><br> - 0<br> <strong>Quantidade de Portas</strong><br> - 1<br> <strong>Quantidade de nichos</strong><br> - 3<br> <strong>Garantia</strong><br> - 3<br> <br> <strong>BENEFÍCIOS DE MÓVEIS</strong><br> <strong>Certificação de Qualidade de Móveis</strong><br> - Qualidade Aprovada<br> <br> <br> <strong> Não nos responsabilizamos pela montagem/instalação dos produtos.</strong><br> <strong>Todas as informações divulgadas são de responsabilidade exclusiva do fabricante/fornecedor. </strong><br> <strong>Imagens Meramente Ilustrativas.</strong><br> <strong>Verifique com os fabricantes do produto e de seus componentes eventuais limitações à utilização de todos os recursos e funcionalidades.</strong>",{},,,,,,,,,,,,,,Henn,MDF,1,Capuccino,Aéreo,0,2,Não informado,Não informado,Não informado,Não informado,Não informado,Cozinha,Henn,MDF,1 Porta,Capuccino,"[Aéreo, Modulado]",,Convencional
houseria2||RV-CP8014NTW,Armário,Armário Pequeno 2 Portas Altura 225 Cm Largura 85 Cm Com Cabideiro Com Gaveta Cor Marrom E Off White,"Roupeiro 2 portas Dubai- RV<br><br>Apresentamos o elegante Roupeiro Dubai de 2 portas, uma peça de mobiliário que combina funcionalidade e design atraente para complementar perfeitamente o seu lar. <br><br>As portas deste roupeiro são equipadas com dobradiças metálicas duráveis, garantindo um movimento suave e confiável ao abrir e fechar. Além disso, uma gaveta com corrediça telescópica proporciona facilidade de uso e acesso conveniente a seus pertences. <br><br>Os puxadores em MDF adicionam um toque de sofisticação, enquanto a opção de montagem dupla oferece flexibilidade para atender às suas necessidades individuais: escolha entre uma parte inteira com cabideiro ou duas prateleiras móveis. <br><br>Com cinco prateleiras espaçosas, você terá amplo espaço para organizar roupas, acessórios e itens pessoais. O Roupeiro Dubai 2 portas é a escolha perfeita para aqueles que apreciam produtos de qualidade que unem funcionalidade e estilo em sua casa.<br><br>Medidas:<br>Altura = 225 cm<br>Largura = 85 cm<br>Profundidade = 46 cm<br><br>Contém:<br>- 1 roupeiro 2 portas<br><br>Informações adicionais:<br><br>Limpeza:<br>- Utilizar pano seco para limpeza. Não utilizar produtos abrasivos, desengordurantes, álcool ou solvente. <br><br>Montagem:<br>- Acompanha manual de montagem<br>- Acompanha ferragens (parafusos, corrediças)<br>- Produto entregue desmontado<br>- Montagem por conta do comprador<br><br>Entrega:<br>- A entrega é feita por Transportadora<br>- A Transportadora entregará o produto no portão ou portaria<br>- A Transportadora entregará somente no andar térreo em caso de prédios<br><br>Garantia:<br>- Garantia da fábrica de 3 meses contra defeitos de fabricação<br>- Garantia da loja contra avarias causadas pela Transportadora<br><br>- As fotos são meramente ilustrativas. Não acompanha aparelhos e objetos decorativos<br>- Pode haver alguma diferença de tonalidade entre a imagem e o produto real, por conta do tratamento de imagens e a calibração de cores do seu monitor","{""marca"":""RV Móveis"",""quantidade_de_portas"":""2 Portas""}",RV Móveis,,2 Portas,,,,,,,,,,,Dubai,Não informado,2,Marrom E Off White,Roupeiro,1,5,Móveis,Cabideiro,MDF,Não informado,"Dobradiças Metálicas, Corrediça Telescópica, Puxadores",Não informado,RV Móveis,,2 Portas,"[Marrom, Off White]",,1 Gaveta,Convencional
technoxcomercioltda||13545p,Armário,Armario Aberto Industrial Toalhas E Roupas 4 Prateleiras,"<br>- Estante em madeira 100% reflorestada;<br><br>- Produto ecologicamente correto e sem impacto ambiental;<br><br>- Venda direto de fábrica;<br><br>- Ideal para quartos, Estudios, Lojas, Jardins banheiros, hall de entrada etc;<br><br>- Com 3 prateleiras Multiuso<br><br>- Porta acessórios em ambas as laterais;<br><br>- Cabideiro em formato quadrado;<br><br>- Prateleira maleiro para itens menos utilizados;<br><br>- Tutorial em vídeo da montagem no YouTube.<br><br>ESPECIFICAÇÕES:<br><br>Estante arara com sapateira em madeira reflorestada de Pinus<br><br>DIMENSÕES:<br><br>Altura 170cm<br><br>Largura 82cm<br><br>Profundidade 32,2cm<br><br>PESO DO MÓVEL - 10,500 kg<br><br>ITENS INCLUSOS:<br><br>UMA ESTANTE ARARA EM MADEIRA DE PINUS<br>","{""material_da_estrutura"":""Pinus""}",,Pinus,,,,,,,,,,,,Não informado,madeira,Não informado,Não informado,Aberto,Não informado,4,maleiro,"Porta acessórios em ambas as laterais, Cabideiro em formato quadrado, Tutorial em vídeo da montagem no YouTube",pinus,Industrial,sapateira,Toalhas E Roupas,Technox,Pinus,,,,,
decorecomamor||130253p,Armário,Balcão Armário Branco Com 2 Portas Alto 4 Rodinhas Para Lavanderia,"ARMÁRIO P/ LAVANDERIA MULTIUSO 2 PORTAS ÁREA DE SERVIÇO<br><br><br>Lindo Armário para lavanderia com 4 prateleiras e abertura lateral para colocar escada, tábua de passar roupas ou o que desejar, Material mdp com 04 Rodinhas que facilitam arrastar na hora da limpeza.<br>Armário com rodízios (rodinhas) <br>Puxadores PVC Cromados<br><br>Dimensões do produto:<br>Altura: 160cm<br>Largura: 60cm<br>Profundidade: 34cm<br><br><br>","{""cor"":""Branco"",""marca"":""Decore Com Amor"",""quantidade_de_portas"":""2 Portas""}",Decore Com Amor,,2 Portas,Branco,,,,,,,,,,Não informado,MDP,2,Branco,Armário,Não informado,4,Não informado,Com 4 Rodinhas,MDP,Não informado,Rodízios,Lavanderia,Decore com Amor,MDP,2 Portas,Branco,,,Convencional
perolamoveis||32897,Armário,Armário para Cozinha Ambiente Kit Duda 90 cm Branco Preto - Poquema,"<p>Armário para Cozinha Ambiente Kit Duda 90 cm Branco Preto - Poquema</p><p>Chegou a hora de inovar sua cozinha e procura por móvel que não ocupe muito espaço, mas não abre mão da organização, temos a solução! Apresentamos a você a linha Duda Armário para Cozinha na cor Branco Preto ideal para ambientes compactos, conta com amplo espaço interno e divisões proporcionando maior praticidade no seu dia a dia, desenvolvido pela Poquema com materiais de excelentes qualidades dando maior durabilidade ao móvel. Não deixe de aproveitar, confira mais sobre essa linda linha abaixo!</p><p>Características Técnicas:<br> - Desenvolvido 100% em MDP<br> - Acabamento e pintura em U.V na cor Branco Preto<br> - Possui 04 Portas, sendo 02 de correr<br> - Dobradiças metálicas<br> - 01 Gaveta<br> - Corrediças metálicas<br> - Prateleira<br> - Puxadores nas portas de abrir na cor prata fosco<br> - Puxadores nas portas de correr na cor cromado<br> - Kit 05 pés rígido<br> - Amplo espaço<br> - Lindo design</p><p>Dimensões:<br> Altura: 172 cm<br> Largura: 90 cm<br> Profundidade: 35 cm</p><p>Obs: Não realizamos a montagem, porém acompanha manual de instruções.</p>","{""marca"":""Poquema""}",Poquema,,,,,,,,,,,,,Poquema,MDP,4,Branco Preto,Cozinha,1,Não informado,Sim,"Dobradiças metálicas, Corrediças metálicas, Puxadores nas portas de abrir na cor prata fosco, Puxadores nas portas de correr na cor cromado, Kit 05 pés rígidos",MDP,Não informado,Portas de correr,Ambientes compactos,Poquema Industria,MDP,4 Portas,"[Branco, Preto]",,1 Gaveta,"[Correr, Convencional]"
fbaby||37156,Armário,Composição Cozinha Factual 05 Peças Carvalho/Camurça - FdECOR,"Cozinha Modulada Factual - FdECOR<br><br> * Produto 100% MDP 15MM;<br><br> * Vidro reflecta;<br><br> * Puxadores perfil em alumínio;<br><br> * Corrediças telescópicas;<br> * Tampos em BP de 25MM brilho;<br> * Torre quente com saída de ar traseira para forno elétrico;<br> * Altura diferenciada;<br> * Pés com regulagem para ajuste de piso;<br> * Possibilidade ampla de ambientes para cozinhas, lavanderias, banheiros e até adegas;<br> * Rodapé opcional.<br>",,,,,,,,,,,,,,,FdECOR,MDP,Não informado,CarvalhoCamurça,Cozinha,Não informado,Não informado,Não informado,"Vidro reflecta, Puxadores perfil em alumínio, Corrediças telescópicas, Tampos em BP de 25MM brilho, Torre quente com saída de ar traseira para forno elétrico, Altura diferenciada, Pés com regulagem para ajuste de piso, Rodapé opcional","MDP, Vidro",Modulada,Não informado,"Cozinhas, lavanderias, banheiros e até adegas",FdECOR,MDP,8 Portas,"[Carvalho, Camurça]",Modulado,2 Gavetas,"[Convencional, Basculante]"
lojadocelar||21380,Armário,Armario Cozinha 5 Portas e 1 Gaveta Classic Gold 160 cm,"<p>Modelo: Cozinha Classic Gold 160 cm;</p> <p>Altura: 194 cm;</p> <p>Largura: 160 cm;</p> <p>Profundidade: 45 cm;</p> <p>Material da estrutura: MDP de 12 mm e 15 mm;</p> <p>Quantidade de portas: 05, sendo 1 basculante;</p> <p>Material de dobradiças: metálicas;</p> <p>Quantidade de gavetas: 01;</p> <p>Material das corrediças: Metálicas;</p> <p>Com puxador: Sim;</p> <p>Material do puxador: Plástico;</p> <p>Quantidade prateleiras: 01;</p> <p>Com pés: Sim;</p> <p>Peso suportado: até 50 kg distribuídos;</p> <p>Requer montagem: Sim (kit montagem incluso);</p> <p>Embalagem do envio: Papelão e plástico;</p> <p>Informações adicionais:</p> <p>Os objetos que ambientam as fotos não acompanham o produto;</p> <p>O produto será entregue desmontado;</p> <p>É de inteira responsabilidade do cliente a montagem do produto e/ou instalação, custos de transporte por escadas e/ou elevadores, guincho ou içamento, assim como possíveis irregularidades provenientes de manuseio inadequado;</p> <p>Embora o produto acompanhe o manual de montagem, verifique a complexidade antes de decidir montá-lo sozinho, recomendamos que contrate um profissional de sua confiança;</p> <p>Fique atento, nossas cores podem sofrer alterações dependendo do seu monitor;</p> <p>ANTES DE MONTAR O SEU PRODUTO, certifique-se que todas as instruções dispostas no manual, bem como todas as ferragens descritas, estejam presentes dentro da embalagem. Verifique se há alguma peça danificada, caso esteja, prestaremos a devida assistência dentro do prazo da garantia.</p>","{""cor"":""Carvalho""}",,,,Carvalho,,,,,,,,,,Não informado,MDP,5,Gold,Cozinha,1,1,Não informado,"Com pés,  Peso suportado até 50 kg distribuídos",Plástico,Classic,"Dobradiças metálicas, Corrediças Metálicas, Puxador",Não informado,Madine,MDP,5 Portas,"[Elmo,Carvalho]",,1 Gaveta,"[Convencional, Basculante]"
decorecomamor||4658213p,Armário,Armários  Multiuso  Para Apoio  Sem Porta,"CARRINHO AUXILIAR MEDIDAS:<br>- Altura: 65cm<br>- Largura: 39cm<br>- Profundidade: 30cm<br>- Altura entre as prateleiras de 25cm<br>COR: Branco<br>Com 4 rodízios ( Rodinhas ) para facilitar a locomoção<br>Com 3 prateleiras bem úteis Pode também usar como fruteira, carrinho de bebidas, organizador de brinquedos, tintas linhas entre outros, de acordo com sua necessidade.ARMÁRIO BANCADA DE PAREDE AÉREO MULTIUSODESCRIÇÃO:<br>Medidas: Dimensões (A/L/P):<br>LARGURA: 90cm<br>ALTURA: 26cm<br>PROFUNDIDADE: 30cm<br>**Suporta até 10kg**Características<br>Cor: branco<br>Pintura UV Alto Brilho<br>Acompanha Fixadores p/ ParedeArmário Bancada Aéreo Multiuso para toda a casa, Penteadeira, Salão de Beleza, Suporte para Microondas, Rack para TV...","{""tipo"":""Multiuso""}",,,,,Multiuso,,,,,,,,,Não informado,Não informado,Sem Porta,Branco,Multiuso,Não informado,3,Não informado,Com 4 rodízios  Rodinhas  para facilitar a locomoção,Não informado,Não informado,Não informado,Para Apoio,Nova Decor,,,Branco,Aéreo,,
jmmoveisecolhoes||47104B,Armário,Armário Multiuso Para Quarto Ripado 1 Porta Nature Chumbo Shop Jm,"<p>Dimensões do produto:Largura 44 cm; Altura 198 cm;Profundidade 41 cm.Distância do tampo ao chão:53 cm.</p><p>Itens Inclusos:1 módulo ripado e kit de montagem</p><p>Produzido em MDF/MDP, com RIPADO DE VERDADE!</p><p>3 prateleiras espaçosas para colocar livros, objetos de decoração, e até plantas</p><p>Haste decorativa em metal, garantindo requinte ao móvel</p><p>1 porta com amplo espaço, e detalhe em friso</p><p>Puxador de couro com botão de alumínio polido</p><p>Tampo resistente que suporta até 40 kg</p><p>Cada prateleira suporta até 3 kg</p><p>Sapatas niveladoras</p><p>Design moderno e elegante para seu ambiente</p><p>Possui duas opções de montagem, com a haste e abertura da porta para o lado esquerdo ou direito</p><p>Complexidade da montagem:Fácil, pode ser montado por apenas uma pessoa e/ou necessite de maior conhecimento para montagem.</p><p>Recomendações de uso, manutenção e limpeza:Limpar com flanela ou pano macio seco, não utilizar produtos abrasivos, desengordurantes, álcool ou solvente.Não expor o produto diretamente a luz solar e à umidade.</p><p>Garantia:3 meses</p><p>OBS:Foto meramente ilustrativa, objetos, utensílios e decoração não fazem parte do produto.</p>","{""marca"":""Shop JM"",""tipo"":""Multiuso""}",Shop JM,,,,Multiuso,,,,,,,,,Shop Jm,MDFMDP,1,Chumbo,Multiuso,Não informado,3,espaçosas,Haste decorativa em metal garantindo requinte ao móvel,couro,Moderno,1 módulo ripado e kit de montagem,Quarto,Demóbile,MDP,2 Portas,"[Amendôla, Branco]",Modulado,2 Gavetas,Convencional
madeiramadeira-openapi||281567,Armário,Armário de Cozinha Aço 8 Portas 5 Portas de Vidro 2 Gavetas Múltipla Bertolini,"O Armário da Bertolini, possui um visual moderno e jovial, ideal para quem tem um estilo solto e despojado. Sua fabricação 100% em aço e o tratamento contra oxidação garantem durabilidade ao produto. Já o exclusivo rebaixo interno das portas e as dobradiças 100% em aço, a tornam a porta mais resistente do mercado. É de fácil limpeza e os cantos arredondados das portas garantem segurança à sua família. Proporcionando o armazenamento de alimentos e/ou utensílios de modo funcional. Durabilidade, resistência, higiene, facilidade na montagem, dobradiças 100% aço, tratamento contra oxidação, pintura epóxi / poliéster.","{""marca"":""Bertolini""}",Bertolini,,,,,,,,,,,,,Bertolini,Aço,8 Portas,Não informado,Cozinha,2 Gavetas,Não informado,Não informado,5 Portas de Vidro,Aço,Moderno,Dobradiças 100 aço,Não informado,não tem navegation id,,,,,,
liberatti||55606,Armário,Armário com 2 Portas e 2 Gavetas Modena Demóbile,"Destaca-se seu interior com extenso cabideiro em aluminio, duas gavetas com excelente profundidade que acompanham corrediças metálicas, compartimento perfeito para acomodação de sapatos e maleiro amplo. Toda a linha modena proporciona versatilidade e usabilidade ao permitir diferentes formatos para a montagem do dormitório. Produzido em MDP de alto padrão, com acabamento em pintura UV e puxadores de alumínio com ponteiras cromadas, a linha é resistente e solução ideal para quaisquer dimensões de espaço. Para garantir a qualidade do produto dentro da embalagem, as caixas são revestidas por um plástico termoencolhível e todas as peças são separadas por isomanta, tudo para preservar e evitar o atrito entre as peças dentro da embalagem. Você contará também com um manual com o passo a passo para auxiliar no momento da sua montagem.<br> <br> Dimensões:<br> Altura: 218 cm<br> Largura: 79 cm<br> Profundidade: 47 cm<br> Peso: 54,3 kg<br> <br> Garantia do fornecedor: 3 meses","{""cor"":""Amendôla, Branco"",""marca"":""Demóbile""}",Demóbile,,,"Amendôla, Branco",,,,,,,,,,Demóbile,MDP,2,Não informado,Armário,2,Não informado,Não informado,Não informado,Alumínio,Moderna,"Cabideiro, Gavetas, Maleiro",Quarto,Demóbile,MDP,2 Portas,"[Amendôla, Branco]",Modulado,2 Gavetas,Convencional
oliststore||MGL4EZT2KZN1OKM7,Armário,Armário Cozinha Em Aço 02 Portas Origens Areia Bertolini,"Conheça seu produto:O Armário Cozinha Aço Areia Origens Bertolini possui estrutura 100% em aço com pintura eletrostática acetinada conferindoao móvel um design modernoo e sofisticado além de garantir uma excelente durabilidade por proteger contra mofo, umidade e ferrugem. Esta pintura atribui maior resistência a riscos e garantem maior higiene por facilitar a limpeza. Este móvel possui puxadores ergonômicos pretos com acabamento terracota com proteção UV o que confere maior estilo e durabilidade à peça. As portas de 40 cm de largura proporcionam maior facilidade para sua organização e são fabricadas com uma estrutura reforçada para maior qualidade e vidros reflecta na cor champagne conferindo um toque clássico e muito elegante ao móvel. Com 2 portas sem vidro, sem gaveta e puxadores em ABS com proteção UV Acabamento em pintura automotiva Peso máximo suportado de 6 kg Dobradiça em aço Garantia 12 meses. Especificações técnicas: - Largura: 28,30cm - Comprimento: 80cm - Altura: 35cm - Peso: 6,04kg - Material: AçoCuidados com o Produto: - Limpar somente com pano úmido e não usar produtos abrasivos. Conheça o fabricante: Há 50 anos, a Bertolini Móveis desenvolve e fabrica cozinhas de aço que estão presentes em muitas casas brasileiras e em mais de 25 países. Com sede em Bento Gonçalves/RS, a empresa mantém compromisso com o crescimento sustentável, com investimento constante em tecnologia de ponta, aliados à consciência ambiental e à responsabilidade social. O aço utilizado nas unidades fabris espalhadas pelo Brasil é 100% reciclável e seu ciclo de vida é inesgotável, sem perder as propriedades e características originais.","{""marca"":""Bertolini""}",Bertolini,,,,,,,,,,,,,Bertolini,Aço,2,Areia,Cozinha,0,Não informado,Não informado,Não informado,Aço,Moderno,"Puxadores ergonômicos pretos com acabamento terracota com proteção UV, portas de 40 cm de largura, vidros reflecta na cor champagne",Não informado,Bertolini,Aço,2 Portas,Areia,Aéreo,,Convencional
olistplus||OPM6VBHJQ2KJB87Y,Armário,Armário Gaia Para Banheiro Pequeno Preto,"Para compor a decoração do seu banheiro a quarteto móveis desenvolveu a linha de espelheiras eros e gaia, e muitos outros modelos para que você posso entrar na nossa loja e escolher a melhor para você e sua familia.Você tem um armario de banheiro pequeno e simples Não é porque seu banheiro seja pequeno ou simples que não possa ser um banheiro totalmente moderno e atualizado.Nossos armários para banheiro com espelho vem com essa intenção, pequenos mas espaçosos com varias prateleiras portas de articuladas.((( 3 ))) vantagens do armario com espelho para banheiro ( 1 ) - o mais importante nos dias de hoje ( modernidade ), como já disse antes não precisa ter uma casa perfeita para tem produtos de alta qualidades com um valor bom. ( 2 ) - o que importa de verdade e o espaço, quanto mais vc aproveita o espaço da sua casa. Melhor .I o banheiro concerteza é o principal lugar.( 3 ) - durabilidade, a duaração de um produto e o que importa devido o valor que vc gastou nele.Ou seja quanto mais durabilidade melhor foi o investimento feito na compra.Dimensões do produto montado:Altura: 54 cmLargura: 36 cmProfundidade: 10 cmEspelho:Altura: 40 cmLargura: 32,8 cmPeso suportado: até 3 kg distribuídosObservações:- os objetos que ambientam as fotos não acompanham o produto;- o produto será entregue desmontado;- é de inteira responsabilidade do cliente a montagem do produto e/ou instalação, custos de transporte por escadas e/ou elevadores, guincho ou içamento, assim como possíveis avarias provenientes de manuseio inadequado;- embora o produto acompanhe o manual de montagem, verifique a complexidade antes de decidir montá-lo sozinho, recomendamos que contrate um profissional de sua confiança;- mantenha as informações de contato e endereço de entrega atualizadas para entrarmos em contato, caso seja necessário;- fique atento, nossas cores podem sofrer alterações dependendo do seu monitor;- antes de montar o seu produto, certifique-se que todas as instruções dispostas no manual, bem como todas as ferragens descritas, estejam presentes dentro da embalagem. Verifique se há alguma peça avariada, caso esteja, prestaremos a devida assistência dentro do pro da garantia.- imagens meramente ilustrativas.","{""cor"":""Branco""}",,,,Branco,,,,,,,,,,Quarteto Móveis,Não informado,1,Preto,Armário de Banheiro,Não informado,várias,Não informado,Espelho,Não informado,Moderno,Portas articuladas,Banheiro pequeno,Quarteto Móveis,,1 Porta,Preto,Aéreo,,Convencional
lojaoriodopeixe||1788,Armário,Armário Ronipa Duplo Syrah Aéreo 2 Portas 800mm,"Gosta de sofisticação e modernidade? Aposto que sua cozinha vai ficar super charmosa com o Aereo Duplo da Ronipa! Além de ser elegante, ele possui nicho para itens e é produzido com a qualidade 100 MDF! Pefeito para você, né??<br> <br> Características:<br> Puxador em alumínio <br> Duplo<br> Uma das partes possui divisão<br> Puxadores<br> Portas Reflecta<br> Molduras Superiores e laterais<br> Nicho para itens diversos<br> Acabamento Moderno<br> Porta basculante com pistão a gás<br> <br> Informações Técnicas:<br> Marca: Ronipa<br> Modelo: Syrah 800<br> Material: 100 MDF<br> Tipo: Aéreo<br> <br> Dimensões:<br> Altura: 90 cm<br> Largura: 80 cm<br> Profundidade: 33,5 cm<br> Peso: 23,44 kg<br> <br> Garantia do fornecedor: 3 meses","{""cor"":""Sevilha, Branco"",""material_da_estrutura"":""MDF"",""quantidade_de_portas"":""2 Portas""}",,MDF,2 Portas,"Sevilha, Branco",,,,,,,,,,Ronipa,MDF,2,Não informado,Aéreo,Não informado,Não informado,Não informado,Não informado,MDF,Moderno,"Puxador em alumínio, Porta basculante com pistão a gás",Cozinha,Ronipa,MDF,2 Portas,"[Sevilha, Branco]",Aéreo,,Basculante
vcmoveis||29213,Armário,Armário Aéreo Connect 1 Porta 35 cm Duna Cristal  Henn,"<p>Armário Aéreo Connect 1 Porta 35 cm Duna Cristal – Henn</p><p>Apresentamos o Armário Aéreo 1 Porta da linha Connect desenvolvido pela Henn. Conta com um lindo design super sofisticado na cor Duna, que oferecerá muito aconchego e sofisticação ao ambiente. Produzido 100% em MDF, entrega muito mais qualidade e durabilidade auxiliando no seu dia a dia. Confira e aproveite!</p><p>Características Técnicas: <br> - Desenvolvido 100% em MDF <br> - Pintura UV na cor Duna Cristal <br> - Acabamento fosco <br> - Possui 1 porta<br> - Dobradiças de 35mm<br> - Puxador em alumínio na cor Bronze <br> - Amplo espaço interno <br> - Muito mais qualidade <br> - Design Lindo e Moderno</p><p>Dimensões:<br> Altura: 67 cm<br> Largura: 35 cm<br> Profundidade: 31 cm</p><p>Obs: Não realizamos a montagem do produto, porem acompanha manual de montagem.</p>","{""marca"":""Henn"",""material_da_estrutura"":""MDF"",""quantidade_de_portas"":""1 Porta""}",Henn,MDF,1 Porta,,,,,,,,,,,Henn,MDF,1,Duna Cristal,Aéreo,Não informado,Não informado,Não informado,Não informado,MDF,Moderno,"Dobradiças de 35mm, Puxador em alumínio na cor Bronze",Não informado,Henn,MDF,1 Porta,[Duna Cristal],Aéreo,,Convencional
redemoveis||437p,Armário,Armário multiuso  texas cor branca,"Armário Multiuso TexasO Multiuso Texas foi desenvolvido pensando em funcionalidade e segurança. Com fechadura para travamento das portas, é ideal para armazenagem de itens pessoais que necessitam de maior cuidado. Possui 5 nichos internos, 4 pés, pintura UV com acabamento em verniz brilho, oferecendo maior durabilidade e resistência ao móvel.Dimensões– Altura: 1800mm– Largura: 630mm– Profundidade: 350mm","{""cor"":""Branco"",""marca"":""CSA Móveis""}",CSA Móveis,,,Branco,,,,,,,,,,Texas,Não informado,Não informado,branca,Multiuso,Não informado,5,Não informado,"fechadura para travamento das portas, 4 pés, pintura UV com acabamento em verniz brilho",Não informado,Não informado,Não informado,armazenagem de itens pessoais,CSA Móveis,,2 Portas,Branco,,,Convencional
liberatti||50168,Armário,Armário Aéreo Baixo 2 Portas Telasul,Armário Aéreo Duplo Baixo 2 Portas Telasul<br> <br> <br> Características:<br> Material da Estrutura: Aço<br> <br> <br> Dimensões:<br> Altura: 37.5 cm<br> Largura: 80 cm<br> Profundidade: 29 cm<br> Peso: 7.5 kg<br> <br> <br> Garantia do Fornecedor de 03 Meses,"{""cor"":""Branco"",""marca"":""Telasul"",""quantidade_de_portas"":""2 Portas""}",Telasul,,2 Portas,Branco,,,,,,,,,,Telasul,Aço,2 Portas,Não informado,Aéreo,Não informado,Não informado,Não informado,Não informado,Não informado,Não informado,Não informado,Não informado,não tem navegation id,,,,,,
ajl||33509p,Armário,Armario multiuso com rodinhas madeira MDP pequeno p/ cozinha,"<br> Armário Balcão Fruteiras Base Microondas Branco Bebedouro<br> <br> <br> <br> <br> Lindo Balcão com fruteira para complementar os móveis da sua cozinha.<br> <br> <br> Altura: 0,71m<br> <br> <br> Largura: 0,60m<br> <br> <br> Profundidade: 0,34m<br> <br> <br> Rodízios - Rodinhas brancas<br> <br> <br> <br> Garantia de 3 meses para defeitos de fabricação<br> <br> Características<br> <br> Cor: branco com preto","{""material_da_estrutura"":""MDP"",""tipo"":""Multiuso""}",,MDP,,,Multiuso,,,,,,,,,Não informado,MDP,Não informado,Branco,Multiuso,Não informado,Não informado,Não informado,Rodinhas,Madeira,Não informado,Fruteira,Cozinha,AJL Móveis,MDP,1 Porta,"[Branco, Preto]",,1 Gaveta,Convencional
madeiramadeira-openapi||817950,Armário,Armário para Cozinha 3 Portas 150cm Line Kits Paraná,"O Armário 3P 1500 Line é produzido em MDP em 15 mm, matéria prima que respeita o meio ambiente. Com 3 portas possuindo dobradiças 100% metálicas. Utiliza-se nas portas um sistema avançado de abertura, a porta sendo maior do que a estrutura do armário avançando sobre a base e tendo transpasse de 5 mm para que seja possível a abertura sem puxador. Possuindo um nicho inferior que garante toda sofisticação e minimalismo da sua cozinha, com aplicação de textura sensível ao toque e acabamento de pintura com secagem em luzes UV.","{""estilo"":""Moderno"",""marca"":""Kits Paraná"",""quantidade_de_portas"":""3 Portas""}",Kits Paraná,,3 Portas,,,,,,,,Moderno,,,Line Kits Paraná,MDP,3,Não informado,Cozinha,Não informado,Não informado,Não informado,Não informado,15 mm,Não informado,Dobradiças 100 metálicas,Não informado,Kits Paraná,MDP,3 Portas,"[Gris, Freijó]",Aéreo,,Convencional
madesamoveis||G2480073K,Armário,Balcão Armário de Cozinha 100% MDF 80 cm 2 Portas Branco/Preto Acordes Madesa,"<p>O Balcão de 80 cm da linha Acordes da Madesa é o produto ideal para quem busca unir praticidade e beleza. Produzido em 100% MDF, possui materiais de alta qualidade como puxadores em alumínio e dobradiças metálicas.<br><br>Possui duas portas convencionais e uma prateleira interna e é perfeito para armazenar de forma organizada utensílios, louça, panelas e mantimentos. Um grande diferencial é que contempla o tampo do balcão em pintura Nero Marquina, que pode ser recortado para a colocação do cooktop.<br><br>Este balcão pode ser combinado com outros módulos e com todas as cozinhas da linha Acordes 100% MDF da Madesa.<br><br>Medidas totais:<br>- 81 cm de altura<br>- 120 cm de largura<br>- 52 cm de profundidade<br><br>Itens inclusos:<br>- Um (1) Balcão de 80 cm com duas (2) portas e tampo<br><br>Código do produto: G2480073K<br><br>Obs.:<br>- Imagens meramente ilustrativas, a decoração não acompanha o produto<br>- A Madesa não disponibiliza serviço de montagem<br>- O produto segue com manual e todas as ferragens necessárias para a instalação<br><br>1 O produto vem montado? Se não, vocês realizam a montagem?<br>R.: A Madesa não disponibiliza serviço de montagem. Todos os produtos seguem com manual de instalação e as ferragens necessárias. Alguns produtos possuem vídeo explicando o passo a passo da montagem.<br><br>2 Vocês possuem loja física? Posso retirar meu produto em mãos?<br>R.: Não possuímos loja física, apenas loja virtual. Confira as opções de envio ao colocar o seu CEP.<br><br>3 Qual é o valor do envio? Posso pagar separadamente?<br>R.: O valor do envio é calculado com base no peso e volume do produto, e no CEP de destino. Você pode calcular o valor e prazo de entrega no simulador.<br><br>4 A Madesa entrega em todo Brasil? Como é feita a entrega?<br>R.: Sim, entregamos no Brasil inteiro através de transportadoras parceiras.<br><br>5 Os produtos possuem garantia?<br>R.: Sim. A Madesa oferece 3 meses de garantia para defeitos de fabricação.</p>","{""marca"":""Madesa"",""material_da_estrutura"":""MDF""}",Madesa,MDF,,,,,,,,,,,,Madesa,MDF,2,BrancoPreto,Balcão,Não informado,1,interna,Tampo em pintura Nero Marquina,Alumínio,Não informado,Puxadores em alumínio e dobradiças metálicas,Cozinha,Madesa,MDF,2 Portas,"[Branco, Preto]",Modulado,,Convencional
ajl||11875p,Armário,Armário Aéreo Módulo C/ 3 Portas Multiuso 90cm,"ARMÁRIO AÉREO 3 PORTAS MULTIUSO SUSPENSO DE PAREDE<br><br>Serve para vários ambientes, Armário Aéreo de parede Multiuso. Para você que procura um móvel que ocupa pouco espaço e que ofereça beleza e praticidade a Click Forte desenvolveu esse lindo armário de parede, ideal para te ajudar na organização da sua cozinha, dispensa, lavanderia, Escritório, com 03 Portas, além de 02 Nichos, com espaços suficientes para armazenarem temperos, materiais de limpeza, panos, etc..<br><br><br>Medidas: <br>ALTURA: 62cm <br>LARGURA: 90cm<br>PROFUNDIDADE: 27cm<br><br>Cor Branco<br>3 Portas<br>Acabamento alto brilho<br>Puxadores PVC CromadosMaterial mdpAcompanha fixadores p/ Parede<br><br>FOTOS REAIS DO PRODUTO<br><br>Aproveite esse Super Preço Promocional, Temos Poucas Unidades<br> <br>IRÁ COM GARANTIA<br>IRÁ COM NOTA FISCAL","{""cor"":""Branco"",""quantidade_de_portas"":""3 Portas"",""tipo"":""Aéreo, Multiuso""}",,,3 Portas,Branco,"Aéreo, Multiuso",,,,,,,,,Click Forte,MDP,3 Portas,Branco,Aéreo,Não informado,Não informado,Não informado,Multiuso,MDP,Não informado,"3 Portas, 2 Nichos","Cozinha, Dispensa, Lavanderia, Escritório",Click Forte,MDP,3 Portas,Branco,Aéreo,,Convencional
madeiramadeira-openapi||466480,Armário,Armário Multiuso 2 Portas Cancun Móveis Elo,"Elaborado em MDP. Portas com 03 dobradiças cada uma, puxadores em madeira com acabamento UV, alto brilho. Pés de plástico, altos para evitar umidade e sujeira. Tampo e base em MDP 15 mm. Laterais, portas e prateleiras em MDP 12 mm. Possui 5 prateleiras em MDP 12 mm sendo, 2 fixas e 3 móveis. Possui 4 pés de plástico, 1 trinco metálico e chave para portas.","{""material_da_estrutura"":""Madeira, MDP"",""quantidade_de_portas"":""2 Portas"",""tipo"":""Multiuso""}",,"Madeira, MDP",2 Portas,,Multiuso,,,,,,,,,Elo,MDP,2,Não informado,Multiuso,Não informado,5,2 fixas e 3 móveis,Pés de plástico altos para evitar umidade e sujeira,MDP,Não informado,"03 dobradiças, puxadores em madeira, acabamento UV alto brilho, 4 pés de plástico, 1 trinco metálico e chave",Não informado,Móveis Elo,"[MDF, MDP]",2 Portas,[Vanilla Neve],,,Convencional
sodimacdicico||506047001,Armário,Toucador Madri com Cuba Ibizza,"<p>MARCA: Darabas</p><p>MODELO: Madri</p><p>COR: Bege</p><p>ORIGEM: Nacional</p><p>PESO BRUTO: 29,000 kg</p><p>PESO LÍQUIDO: 28,000 kg</p><p>COMPR. EMBALAGEM: 52,000 cm</p><p>LARGURA EMBALAGEM: 42,000 cm</p><p>ALTURA EMBALAGEM: 52,000 cm</p>","{""cor"":""Bege""}",,,,Bege,,,,,,,,,,Darabas,Não informado,Não informado,Bege,Toucador,Não informado,Não informado,Não informado,Não informado,Não informado,Não informado,Não informado,Não informado,Darabas,MDF,2 Portas,Bege,Suspenso,2 Gavetas,Convencional
magazineluiza||224520300,Armário,Armário Multiuso 2 Portas,"O armário multiuso Móveis Rodial 1D200.1 chegou para auxiliar na organização de ambientes. Feito com material de qualidade e de durabilidade, ele é ideal para espaços mais compactos. Sua estrutura é composta por 02 portas e mais 05 prateleiras internas que auxiliará na ordem dos objetos e utensílios. O acabamento é em brilho e revestimento em pintura UV. Nesta versão o móvel está disponível na linda cor branca.","{""cor"":""Branco"",""marca"":""Rodial"",""material_da_estrutura"":""MDP"",""quantidade_de_prateleiras"":""5 prateleiras"",""tipo"":""Multiuso""}",Rodial,MDP,,Branco,Multiuso,,5 prateleiras,,,,,,,Móveis Rodial,Não informado,2 Portas,branca,Multiuso,Não informado,5,internas,Não informado,Não informado,Não informado,Não informado,espaços mais compactos,não tem navegation id,,,,,,
mobiliaecasa||15829082188,Armário,Armário para Banheiro em Aço Romã Preto - Cozimax,"<p>Gabinete em Aço para Banheiro Romã Cozimax</p><p>(não necessita montagem, enviado montado)</p><p><br></p><p>O armário em aço para banheiro Romã, foi desenvolvido para quem busca qualidade e beleza. Fabricado em aço eletro galvanizado com garantia de 5 anos, é protegido por pintura em pó eletrostática, possui lavatório em mármore sintético com linhas retas e bordas sobrepostas, espaço interno para guardar os produtos de higiene, gavetas de polipropileno virgem que não resseca e não quebra, puxadores em ABS com acabamento preto.</p><p><br></p><p>DIMENSÕES DO PRODUTO</p><p>Altura: 40cm</p><p>Largura: 62cm</p><p>Comprimento: 36cm</p><p><br></p><p>Características</p><p>Estrutura: Aço eletro galvanizado</p><p>Lavatório: Mármore Sintético</p><p>Quantidade de porta(s): 1 porta</p><p>Acabamento interno nas portas: Sim</p><p>Tipo de dobradiças: Sistema de molas (padrão)</p><p>Torneira: Não incluso</p><p>Diâmetro do furo para torneira: 3,5 cm</p><p>Válvula de escoamento: Não incluso</p><p>Diâmetro do furo para válvula: 4,5 cm</p><p>Quantidade de gaveta(s): 2 gavetas</p><p>Material da gaveta: Polipropileno virgem (não resseca)</p><p>Tipo de corrediças: Roldana</p><p>Puxadores: ABS com acabamento Preto</p><p>Prateleira interna: Não possui</p><p>Chapa de fundo: Não possui</p><p>Necessita montagem: Não</p><p>Garantia de fábrica: 5 Anos</p><p><br></p><p>ATENÇÃO: IMAGENS MERAMENTE ILUSTRATIVAS REALIZADO EDIÇÃO, PODENDO HAVER UMA PEQUENA VARIAÇÃO DE COR DEPENDENDO DE CADA TELA OU MONITOR. ACESSÓRIOS E DEMAIS ITENS NÃO ACOMPANHAM O PRODUTO.</p><p><br></p><p>Perguntas frenquentes:</p><p>O produto é enviado montado? </p><p>R: Sim, é enviado de fábrica já montado.</p><p>Vende somente o gabinete? </p><p>R: Não, infelizmente não são vendidos separados.</p><p>Existe a possibilidade de comprar sem o furo para torneira? </p><p>R: Não, o produto é padrão de fabrica já com o furo.</p><p>Fabricam sob medida? </p><p>R: Não, apenas revendemos não fabricamos.</p><p>Quais são as opções de cores? </p><p>R: Branco, Cinza Argila e Preto.</p><p>Qual o tamanho do gabinete? </p><p>R: As medidas detalhadas estão na imagem ao lado.</p><p>Vem com espelho? </p><p>R: Não.</p><p>Qual o tamanho do furo da torneira e válvula? </p><p>R: O diâmetro do furo da torneira é de 3,5cm e válvula 4,5cm.</p><p>O gabinete possui fundo? </p><p>R: Sim, em aço com furo para sifão de 15 cm de diâmetro.</p><p>Qual a profundidade da pia? </p><p>R: 9,5 cm.</p><p>O produto é suspenso? </p><p>R: Sim, acompanha kit para fixação na parede.</p><p>O que fazer caso chegar com avarias? </p><p>R: Entre em contato com o nosso SAC através do telefone ou pelo portal.</p>","{""marca"":""Cozimax"",""material_da_estrutura"":""Aço""}",Cozimax,Aço,,,,,,,,,,,,Cozimax,Aço eletro galvanizado,1 porta,Preto,Banheiro,2 gavetas,Não possui,Não possui,Não informado,Aço,Não informado,"Lavatório em mármore sintético, gavetas de polipropileno virgem, puxadores em ABS com acabamento preto",Não informado,Cozimax,Aço,1 Porta,Preto,Suspenso,2 Gavetas,Convencional
mobly||AR195CL73IXEMOB-289393,Armário,Armário Aéreo Mia 3 PT com Vidro Branco,"Que tal o Armário Aéreo Mia?Dono de um visual simples e chBraçooso, o Armário Aéreo Mia vai garantir que a arrumação da sua cozinha seja completa, enquanto a estrutura suspensa cede lugar logo abaixo para mais móveis ocuparem o cômodo. Por dentro, conta com compartimentos que recebem copos, xícaras, pratos e demais utensílios domésticos pertinentes ao seu espaço gourmet. Já por fora, a cor e a estrutura se unem em um combo primoroso para a decoração, sem contar que a rotina fica muito mais descomplicada porque ele mantém objetos importantes sempre por perto.","{""cor"":""Branco""}",,,,Branco,,,,,,,,,,Mia,Não informado,3 PT,Branco,Aéreo,Não informado,Não informado,Não informado,com Vidro,Não informado,Não informado,Não informado,Cozinha,não tem navegation id,,,,,,
diplomatamoveis||2091,Armário,Armário Multiuso Popy 6020 Branco - Araplac,"<p><strong>Armário Multiuso Popy 6020 2 Portas Branco - Araplac</strong> <br> Um móvel muito utilizado na hora de organizar utensílios domésticos, livros, sapatos e diversos objetos da casa são os armários multiuso, apresentamos uma ótima opção com qualidade e bom preço confira!<br> <br> <strong>Características técnicas</strong> <br> - 100% MDP<br> - 2 Portas<br> - Puxadores ergonômicos <br> - Dobradiças em aço<br> - 4 Prateleiras internas<br> - Ótima repartição interna <br> - Pintura UV médio brilho</p><p><strong>Dimensões </strong><br> Altura: 184 cm <br> Largura: 61 cm<br> Profundidade: 40 cm<br> Peso: 34 kg</p><p>OBS: Não realizamos a montagem, porem acompanha manual de montagem<strong><br> <br> </strong></p>","{""cor"":""Branco"",""marca"":""Araplac"",""material_da_estrutura"":""MDP"",""quantidade_de_portas"":""2 Portas"",""tipo"":""Multiuso""}",Araplac,MDP,2 Portas,Branco,Multiuso,,,,,,,,,Araplac,MDP,2,Branco,Multiuso,Não informado,4,Não informado,"Puxadores ergonômicos, Dobradiças em aço",Não informado,Não informado,Não informado,Não informado,Araplac,MDP,2 Portas,Branco,,,Convencional
homesupreme||4708,Armário,Armário Aéreo Para Cozinha Basculante Be Mobiliario Cook,"Uma linha de cozinhas cheia de possibilidades. Com a Cook, voce#770; tem a maior liberdade para compor seus mo#769;veis. Isso e#769; possi#769;vel grac#807;as a sua proposta u#769;nica de combinac#807;o#771;es de cores e modulac#807;o#771;es. Tanta versatilidade inspira quem busca uma soluc#807;a#771;o inteligente, pra#769;tica e contempora#770;nea. Assim, fica fa#769;cil viver experie#770;ncias u#769;nicas em um ambiente onde cada detalhe revela cuidado, beleza e um design minimalista.<br> <br> Dimensões do Produto: <br> Altura: 33,5 cm <br> Largura: 70 cm <br> Profundidade: 31 cm <br> Peso: 9,2 kg<br> <br> Garantia: 3 meses","{""marca"":""Be Mobiliário""}",Be Mobiliário,,,,,,,,,,,,,Be Mobiliario,Não informado,Não informado,Não informado,Aéreo,Não informado,Não informado,Não informado,Não informado,Não informado,Basculante,Não informado,Cozinha,Be Mobiliário,,1 Porta,,Aéreo,,Basculante
eloncomercio||SAMA_08.61.001.010,Armário,Ármario Cozinha 6 Portas 1 Gaveta Noce Perola San Marino,"Ármario Cozinha 6 Portas 1 Gaveta Noce Perola San Marino<br> <br> OBS: Puxadores em ABS<br> <br> Cor: Noce/Perola<br> <br> Peso do produto: 33,4Kg<br> <br> Material: MDP<br> <br> Dimensões do produto: 920x1740x360mm<br> <br> Garantia: 90 Dias contra defeito de fabricação<br> <br> Entrega:<br> Trabalhamos com as melhores transportadoras para agilizar a entrega e os cuidados do produto.<br> <br> Recomendação de Limpeza: <br> Limpar com pano seco para retirar o pó. Não aplicar produtos abrasivos.<br> <br> Embalagem:<br> Embalagem especial para não ocorrer danos ao produto.<br> <br> Produtos de enfeite e eletrônicos não estão inclusos.<br> <br> OBS: As imagens são meramente ilustrativas e podem sofrer variações de cor, tamanho e pequenos detalhes de acordo com o seu monitor, iluminação do ambiente e até mesmo a sua percepção visual.<br> <br> A Uouu Comércio Eletrônico não se responsabiliza pela montagem do produto e sugere que a mesma seja feita por um profissional especializado.","{""quantidade_de_portas"":""6 Portas""}",,,6 Portas,,,,,,,,,,,San Marino,MDP,6 Portas,Noce Perola,Cozinha,1 Gaveta,Não informado,Não informado,Puxadores em ABS,MDP,Não informado,Não informado,Não informado,San Marino,MDP,6 Portas,"[Noce, Perola]",,1 Gaveta,Convencional
technoxcomercioltda||145p,Armário,Armario Industrial P/ Livros C/ Cabideiro Pinus Ofertas,"<br>- Estante arara em madeira maciça reflorestada;<br><br>- Compra direto de fábrica;<br><br>- Perfeita para organizar e otimizar espaços;<br><br>- Ideal para quartos, lavanderias, closets e para espaços comerciais;<br><br>- Leve e de fácil montagem;<br><br>- Tutorial de montagem no YOUTUBE.<br><br>ESPECIFICAÇÕES:<br><br>Estante arara com prateleiras e estrutura em madeira maciça de Pinus.<br><br>DIMENSÕES :<br><br>Altura 170,0 cm<br><br>Largura 110,0 cm<br><br>Profundidade 32,2 cm<br><br>PESO DO MÓVEL - 15 kg<br><br>ITENS INCLUSOS:<br><br>UMA ESTANTE ARARA EM MADEIRA DE PINUS - ITENS DECORATIVOS NÃO INCLUSOS.","{""material_da_estrutura"":""Pinus""}",,Pinus,,,,,,,,,,,,Não informado,madeira maciça de Pinus,Não informado,Não informado,Armario Industrial,Não informado,Não informado,Sim,Cabideiro,madeira maciça,Industrial,prateleiras e estrutura,"quartos, lavanderias, closets e para espaços comerciais",Technox,Pinus,,,,,
pozelar||10002841p,Armário,Armário para Escritório 2 Portas Versátil 91 cm Teca Itália - Kapperberg,"Armário 1011, portas com dobradiças metálicas e puxadores de plástico, produto excelente de ótima qualidade com fechadura e prateleira para uma melhor organização.<br><br>- Estrutura em MDP de 15 mm;<br>- Acabamento em BP;<br>- Puxadores de plástico;<br>- Possui prateleira e fechadura;<br>- 2 portas com dobradiças metálicas;<br>- Acompanha manual e todos os acessórios para montagem;<br>- Garantia de 6 meses para eventuais defeitos de fabricação;<br>- Recomendamos que a montagem seja feita por um profissional.<br><br>Dimensões do Produto (L x A x P):<br>91 x 81 x 42 cm <br><br><br>Garantia de 06 meses.<br><br><br><br>**Observações importantes:<br>- As imagens são ilustrativas, não acompanham objetos de decoração e eletrônicos;<br>- A montagem será de responsabilidade do comprador;<br>- Não nos responsabilizamos, no ato da entrega, por subir escadas/elevadores ou transporte por guincho em apartamentos. Eventuais despesas são de responsabilidade do comprador;<br>- Confira as dimensões deste produto e certifique-se de que passará normalmente por supostos elevadores, portas, escadas e/ou corredores de sua residência;<br>- Para mais informações, acesse nossa Central de Atendimento.","{""material_da_estrutura"":""MDP""}",,MDP,,,,,,,,,,,,Kapperberg,MDP,2,Não informado,Escritório,Não informado,1,Sim,Fechadura,Plástico,Versátil,Dobradiças metálicas,Não informado,Kappesberg,MDP,2 Portas,Teca Itália,,,Convencional
marciusmagazine||0032190189,Armário,Armário de Cozinha de Madeira Luciane Vitoria - 3 Peças + Balcão - Branco,"<p> Armário de Cozinha de Madeira Luciane Vitoria - 3 Peças + Balcão - Branco </p><p> <br></p><p>A linha de armários de cozinha Luciane Vitória garante maior praticidade aproveitando cada espaço com o máximo de eficiência, com prateleiras bem distribuídas, que acomodam panelas de todos tamanhos, louças, mantimentos e eletros. <br><br>Com 9 funcionais portas e 2 gavetas, esse conjunto se torna especial, tendo também um acabamento interno e externo de alta qualidade, que garante mais beleza, resistência e durabilidade. <br><br>Se inspire e tenha a oportunidade de adquirir a cozinha dos seus sonhos. Você merece um cantinho especial todo seu!</p><p> <br> </p><p><strong>Marca: </strong> Luciane</p><p><strong>Modelo: </strong> Vitoria</p><p><strong>Linha: </strong> Cozinha completa</p><p><strong>Cor: </strong> Branco</p><p><strong>Código de Barras EAN: </strong> 7898514905170 | 7898514905194 | 7898514905200 | 7898514905125</p><p><strong>Material: </strong> MDP 15 mm de alta qualidade</p><p><strong>Acabamento: </strong> Pintura UV</p><p><strong>Portas: </strong> -Quantidade: 9 | -Oito portas de bater | -Uma porta com abertura basculante</p><p><strong>Gavetas: </strong> -Quantidade: 02</p><p><strong>Nichos: </strong> -Quantidade: 02</p><p><strong>Prateleiras internas: </strong> Sim</p><p><strong>Balcão: </strong> Com tampo</p><p><strong>Pés: </strong> Reguláveis</p><p><strong>Sistema de montagem: </strong> Cavilhas e parafusos</p><p><strong>Observações: </strong> -Não realizamos serviço de montagem e instalação | -O produto será entregue desmontado | -Os objetos de decoração das fotos não acompanham o produto</p><p><strong>Peso aproximado do produto: </strong> 82,00 kg</p><p><strong>Peso aproximado do produto embalado: </strong> Volume 1: 31,5 kg | Volume 2: 17 kg | Volume 3: 6,5 kg | Volume 4: 28 kg</p><p><strong>Dimensões aproximadas do produto: </strong> -Altura: | -Largura: | -Profundidade:</p><p><strong>Dimensões aproximadas do produto embalado: </strong> Volume 1: | -Altura: 11,5 cm / -Largura: 34 cm / -Profundidade: 183 cm | Volume 2: | -Altura: 7 cm / -Largura: 53 cm / -Profundidade: 110 cm | Volume 3: | -Altura: 8,5 cm / -Largura: 28,5 cm / -Profundidade: 66 cm | Volume 4: | -Altura: 12 cm / -Largura: 48,5 cm / -Profundidade: 110 cm</p><p><strong>Garantia do fornecedor: </strong> 03 meses</p><p><strong>Aviso: </strong> Imagens meramente ilustrativas</p>","{""cor"":""Branco""}",,,,Branco,,,,,,,,,,Luciane,MDP,9,Branco,Cozinha,2,Não informado,Sim,Não informado,MDP,Não informado,Balcão,Não informado,Luciane Móveis,MDP,9 Portas,Branco,Modulado,2 Gavetas,"[Convencional, Basculante]"
casaemobillia||ARGELI-PRET20,Armário,Armario Aereo para Cozinha 2 Portas Preto Argélia Brienza Movelaria,"<p>Lindo, prático e funcional, o armário aéreo com ótimo acabamento e excelente espaço interno para você utilizar na cozinha, ou onde mais sua imaginação mandar, graças à versatilidade deste produto.</p><p><br>Tipo De Produto<br>Armario aereo<br><br>Material<br>mdp<br><br>Ambiente De Uso<br>cozinha/lavanderia<br><br>Cor<br>Preto<br><br>Altura<br>60<br><br>Largura<br>60<br><br>Profundidade<br>30<br><br>Peso<br>19.00<br><br>Volumes<br>1<br><br>Tipo De Pintura<br>uv<br><br>Peso Bruto<br>20<br><br>Garantia<br>90 Dias<br><br>Modelo<br>Argelia<br><br>Marca<br>Bela Casa Movelaria<br><br>Fabricante<br>Bela Casa Movelaria<br><br>Acessórios Para Montagem<br>Sim<br><br>Manual De Montagem<br>Sim<br><br>Dificuldade De Montagem<br>4<br><br>Tonalidade<br>Preto<br><br>Numero De Portas<br>2<br><br>Tipo De Portas<br>Bater<br><br>Tipo De Dobradiças<br>Metalica<br><br>Material Dos Puxadores<br>Polietileno<br><br>Pintura Interna<br>Preto<br><br>Possui Nicho<br>2<br><br>detalhes<br>com 2 nichos</p><p><br>- (Imagens meramente ilustrativas: os eletros e a decoração não acompanham o produto.)</p><p>Recomendações para uma boa conservação:Evitar a exposição direta à luz solar e à umidadePara limpeza, Limpar com pano macio e seco, <br>não utilizar qualquer outro tipo de produtos químicos tais como: <br>(alvejante, álcool, desinfetante, detergente, sabão em pó, sabão líquido entre outros)</p><p>Observações Importantes:As cores podem sofrer variações de acordo com o monitor, iluminação do ambiente em que encontra-se e até por sua percepção visual comparado ao ambiente residêncial.</p><p>ATENÇÃO GARANTIA NÃO COBRE: DANOS E AVARIAS CAUSADAS NO PRODUTO NA HORA DA MONTAGEM A POR ESTE MOTIVO A MONTAGEM DEVE SER FEITA POR UM PROFISSIONAL QUALIFICADO</p><p>Nossas entregas são feitas através Transportadora, entregamos até a porta de entrada da casa do cliente ou até a portaria do condomínio</p>","{""marca"":""Brienza Movelaria"",""material_da_estrutura"":""MDP"",""quantidade_de_portas"":""2 Portas"",""tipo"":""Aéreo""}",Brienza Movelaria,MDP,2 Portas,,Aéreo,,,,,,,,,Bela Casa Movelaria,MDP,2,Preto,Aéreo,Não informado,Não informado,Não informado,Não informado,MDP,Não informado,Não informado,"Cozinha, Lavanderia",Casa Moderna Movelaria,MDP,2 Portas,Preto,Aéreo,,Convencional
madeiramadeira-openapi||160337,Armário,Armário de Cozinha Aéreo em Aço Casa Mob 1 Porta de Vidro e Nicho City Amarelo Curry,"O Aéreo Casamob foi desenvolvido para oferecer total conforto e comodidade, é composto por 1 porta de vidro, 3 dobradiças Slow Motion, 2 pistões a gás, com um nicho e 1 puxador de alumínio. Todas nossas portas possuem estrutura exclusiva na composição, tornando-as mais robustas e resistentes a amassados além de reduzir o ruído ao fechar. Apenas é branco a cor interna deste módulo, assim facilitando a visualização e a limpeza. Maior resistência a ferrugem e corrosão. Todos os nossos módulos seguem com filmes de proteção que são retirados ao término da montagem. Surpreenda-se com design, inovação, beleza e durabilidade, permitindo que o consumidor combine sua cozinha como quiser.","{""cor"":""Amarelo"",""marca"":""Casa Mob"",""material_da_estrutura"":""Aço,Vidro"",""quantidade_de_portas"":""1 porta"",""tipo"":""Aéreo""}",Casa Mob,"Aço,Vidro",1 porta,Amarelo,Aéreo,,,,,,,,,Casa Mob,Aço,1,Amarelo Curry,Aéreo,Não informado,Não informado,Não informado,Nicho,Vidro,Não informado,"3 dobradiças Slow Motion, 2 pistões a gás, 1 puxador de alumínio",Cozinha,não tem navegation id,,,,,,
decorecomamor||46707945p,Armário,Armario Preto 4 Portas Para Livros Aéreo,"Descrição Medidas:<br>- Altura: 62cm<br>- Largura: 120cmDescrição<br>- Profundidade: 27cm<br>- Medidas dos nichos: 16cm de altura x 57cm de largura cada<br>- Medida dos espaços internos: 40,5cm de altura x 57cm de largura<br>- Medida das portas: 43cm altura x 28,5cm de largura cada<br>- Espessura da madeira: 15mm<br><br> DESCRIÇÃO<br>- 4 portas<br>- Acabamento em alto brilho<br>- Puxadores em PVC cromados<br>- Não possui prateleiras internas, apenas uma divisão vertical bem no meio do móvel<br>- Suporta 25kg distribuídos entre a parte das portas e os nichos<br>- Preso na parede por 4 cantoneiras, buchas e parafusos","{""marca"":""Decore Com Amor"",""quantidade_de_portas"":""4 Portas"",""tipo"":""Aéreo""}",Decore Com Amor,,4 Portas,,Aéreo,,,,,,,,,Não informado,Não informado,4,Preto,Aéreo,Não informado,Não informado,Não informado,Alto Brilho,Madeira,Não informado,Puxadores em PVC cromados,Livros,Decore com Amor,,4 Portas,Preto,Aéreo,,Convencional
decorecomamor||129503p,Armário,Armário Branco Balcão De Lavanderia Duas Portas Utensílios Multiuso,"ARMÁRIO P/ LAVANDERIA MULTIUSO 2 PORTAS ÁREA DE SERVIÇO<br><br><br>Lindo Armário para lavanderia com 4 prateleiras e abertura lateral para colocar escada, tábua de passar roupas ou o que desejar, Material mdp com 04 Rodinhas que facilitam arrastar na hora da limpeza.<br>Armário com rodízios (rodinhas) <br>Puxadores PVC Cromados<br><br>Dimensões do produto:<br>Altura: 160cm<br>Largura: 60cm<br>Profundidade: 34cm<br><br><br>","{""cor"":""Branco"",""marca"":""Decore Com Amor"",""material_da_estrutura"":""MDP"",""quantidade_de_portas"":""2 Portas"",""tipo"":""Balcão, Multiuso""}",Decore Com Amor,MDP,2 Portas,Branco,"Balcão, Multiuso",,,,,,,,,Não informado,MDP,Duas Portas,Branco,Armário de Lavanderia,Não informado,4 prateleiras,Não informado,com 4 prateleiras e abertura lateral para colocar escada tábua de passar roupas ou o que desejar,MDP,Não informado,"Rodízios rodinhas, Puxadores PVC Cromados",Multiuso,Decore com Amor,MDP,2 Portas,Branco,,,Convencional
deazmoveis||3441p,Armário,Roupeiro /  Sapateira / Armário / Multiuso / Organizador THOO Alto 01 Porta Com Espelho Frontal Cor Preto,"*Altura 204 cm<br>*Largura 60 cm<br>*Profundidade 44 cm<br>*Pintura UV alta resistência<br>*Com espelho frontal<br>*01 portas <br>*Pés em ABS anti-umidade<br> =================================EMBALAGEM*Na hora da entrega, devem estar devidamente lacrados.GARANTIA*03 Meses contra defeitos de fabricação**EMPRESA HÁ 25 ANOS NO MERCADO DE MÓVEIS***A De A-Z Móveis não se responsabiliza pela devolução ou troca por mal uso do produto!MONTAGEM<br>Acompanha todos acessórios e manual para montagem, mas indicamos a contratação de um profissional.*A MONTAGEM DO PRODUTO NÃO É OFERECIDA PELA DE A-Z MÓVEIS.**NÃO ACOMPANHA ÍTENS DE CENÁRIO / DECORAÇÃO*",{},,,,,,,,,,,,,,THOO,Não informado,1,Preto,Roupeiro,Não informado,Não informado,Não informado,Com Espelho Frontal,Não informado,Não informado,Pés em ABS anti-umidade,Não informado,JA Móveis,,1 Porta,Preto,Modulado,,Convencional
meblo||706428541,Armário,Armário Multiuso AR202 - DJD - Branco,"Diferenciais: O Armário AR202 é ideal para deixar sua lavanderia ainda mais organizada. Todo em MDP 15mm , ele possui 3 prateleiras e 2 ganchos metálicos.<br>Matéria-prima: MDP 15mm Acetinado<br>Cor: Branco<br>Necessita montagem: Sim<br>Dobradiça: Sim<br>Material do Puxador: Plástico<br>Acabamento: Acetinado<br>Dimensões (A x L x P): 152 x 48 x 45 cm","{""cor"":""Branco"",""tipo"":""Multiuso""}",,,,Branco,Multiuso,,,,,,,,,DJD,MDP,Não informado,Branco,Multiuso,Não informado,3,Não informado,2 ganchos metálicos,MDP 15mm,Não informado,Dobradiça,Lavanderia,DJD,MDP,1 Porta,Branco,,,Convencional
acasademoveis||MP2113.898,Armário,Armário de Cozinha Compacta com Rodapé Veneza Multimóveis MP2113.898 Preto/Branco,"A Cozinha Compacta com Rodapé Veneza Multimóveis MP2113 com Armário e Balcão tem um excelente custo benefício e um amplo espaço interno. Produzida em MDP com acabamento acetinado (cerca de 20% de brilho), que garante maior durabilidade e resistência, possui corrediças metálicas (mais leveza no manuseio), rodapés, que deixam o ambiente mais estiloso, puxadores em ABS e tampo em MDP 15mm com pintura de alta resistência. Esta cozinha conta com balcão com tampo removível (compatível com pia de 150 cm) com 1 gaveta e 3 portas, além de espaço para forno e microondas. Os módulos são individuais e você pode montar da maneira que se adaptar melhor ao seu ambiente. *Não acompanha pia de inox.<br><br>Conteúdo da Embalagem:<br>1 (um) armário para forno e microondas 62cm<br>1 (um) balcão com tampo 150cm<br>1 (um) kit com rodapés<br><br>Dimensões do produto montado:<br>Altura: 203cm | Largura: 212cm | Profundidade: 53cm (balcão com tampo e paneleiro)<br>*Você pode consultar as medidas internas na imagem técnica do produto.<br>*As cores do produto podem sofrer variações de tonalidade de acordo com as configurações do seu dispositivo.<br><br>Imagem meramente ilustrativa. Decoração e eletros não acompanham o produto.<br><br>O produto será entregue desmontado e não disponibilizamos o serviço de montagem.","{""cor"":""Preto, Branco"",""marca"":""Multimóveis"",""material_da_estrutura"":""MDP""}",Multimóveis,MDP,,"Preto, Branco",,,,,,,,,,Multimóveis,MDP,3,PretoBranco,Cozinha Compacta,1,Não informado,Não informado,Rodapé,MDP,Não informado,Não informado,Não informado,Multimóveis,MDP,3 Portas,Preto,Modulado,1 Gaveta,"[Convencional, Basculante]"
reidecasa1||5021739,Armário,Armario De Cozinha 6 Portas 1 Gaveta Salvador Kaiki Moveis,"Você nunca imaginou que sua cozinha pudesse ficar tão bonita e organizada. Com este Kit Salvador, o espaço fica ainda mais convidativo e sempre pronto para te ajudar a preparar pratos incríveis. Confeccionado com materiais de resistência e qualidade, ele é a melhor opção para completar seu lar. Aproveite, você merece.<br><br>Armario De Cozinha 6 Portas 1 Gaveta Salvador <br>Escala de Brilho; Semi-Fosco <br>Ambiente Principal; Cozinha <br>Altura; 184 <br>Largura; 84,5cm <br>Profundidade; 36,5cm <br>Peso; 46,5cm <br>Acabamento; Pintura UVcm <br>Material Principal; MDP <br>Possui Portas; 06 <br>Material da Porta; MDP <br>Acabamento da Porta; Pintura UV <br>Escala de Brilho da Porta; Semi-Fosco <br>Tipo de Porta; Bater <br>Tipo de Puxador da Porta; Externo <br>Material do Puxador da Porta; MDF <br>Tipo de Dobradiça/Corrediça da Porta; Simples <br>Material da Dobradiça/Corrediça da Porta; Aço <br>Possui Prateleiras; 01 <br>Material da Prateleira; MDP <br>Acabamento da Prateleira; Pintura UV <br>Escala de Brilho da Prateleira; Semi-Fosco <br>Possui Gavetas; 01 <br>Gaveta com Chave; Não <br>Material da Gaveta; MDP <br>Acabamento da Gaveta; Pintura UV <br>Escala de Brilho da Gaveta; Semi-Fosco <br>Tipo de Corrediça da Gaveta; Telescópica <br>Tipo de Puxador da Gaveta; Externo <br>Material do Puxador da Gaveta; MDF <br>Peso Máximo por Gaveta; 5 <br>Material da Corrediça; Aço <br>Possui Pés; 04 <br>Altura dos Pés; 17cm <br>Material dos Pés; Polipropileno <br>Acabamento dos Pés; Polipropileno <br>Possui Rodízio; Não <br>Pés Reguláveis; Sim <br>Possui Espelho; Não Possui <br>Recomendações de Uso, Manutenção e Limpeza; Limpar com flanela limpa e seca. Não usar produtos abrasivos. <br>Sistema de Montagem; Parafusos <br>Itens Inclusos; 1 Ármario de cozinha e manual de montagem. <br>Suporta Até (kg); 55","{""cor"":""Ipê,Off White"",""marca"":""Kaiki Móveis"",""material_da_estrutura"":""MDP"",""quantidade_de_gavetas"":""1 Gaveta"",""quantidade_de_portas"":""6 Portas""}",Kaiki Móveis,MDP,6 Portas,"Ipê,Off White",,1 Gaveta,,,,,,,,Kaiki Moveis,MDP,6,Não informado,Cozinha,1,1,MDP,Não informado,MDP,Não informado,Não informado,Não informado,Kaiki Móveis,MDP,6 Portas,"[Ipê, Off White]",,1 Gaveta,Convencional
ajl||48913p,Armário,"Armário Balcão Lavanderia, Área De Serviço E Cozinha Branco Com Rodas + Mesa","<br>*** CLIQUE AQUI PARA VER AS MEDIDAS ***<br><br> Compre com segurança e garantia da Equipe AJL. Mais de 1.000.000 Vendas realizadas no Magalu Marketplace. Sai para Envio em 24hrs úteis.<br><br>KIT 2 ITENS: Mesa + Carrinho Auxiliar<br> <br>MESA<br><br>Medidas:<br>- Altura: 77 cm<br>- Largura: 77cm <br>- Profundidade: 30cm<br>- Altura entre as prateleiras de 25cm<br><br>-[DESCRIÇÃO DO PRODUTO]<br>-COR: Branco<br>-Pintura UV brilhante <br>-Bem mais resistente a riscos e danos <br><br>CARRINHO AUXILIAR<br><br>Medidas:<br>- Altura: 65 cm<br>- Largura: 39cm <br>- Profundidade: 30cm<br>- Altura entre as prateleiras de 25cm<br><br>-[DESCRIÇÃO DO PRODUTO]<br>- COR: Branco<br>- Com 4 rodízios ( Rodinhas ) para facilitar a locomoção<br>- Com 3 prateleiras bem úteis para manicures<br>- Pintura UV brilhante<br>- Bem mais resistente a riscos e danos<br><br>Aproveite esse Super Preço Promocional, TEMOS POUCAS UNIDADES !!!<br><br> Possuímos Loja Física e você também pode comprar para retirar o produto direto na empresa. EstamOs Próximos ao Centro de São Bernardo do Campo - SP.Após a compra você recebe nosso endereço completo. <br><br>* IRÁ COM GARANTIA <br>* IRÁ COM NOTA FISCAL <br>* COMPRE DE UMA EMPRESA OFICIAL, COM MAIS DE 1.000.000 VENDAS","{""cor"":""Branco"",""marca"":""Ajl""}",Ajl,,,Branco,,,,,,,,,,Não informado,Não informado,Não informado,Branco,Balcão,Não informado,3,Não informado,Com Rodas,Não informado,Não informado,Não informado,"Lavanderia, Área de Serviço, Cozinha",AJL Móveis,,,Branco,,,
multiloja||21056,Armário,Balcão 2 Portas 1 Gaveta com Tampo Thais Poquema,"Balcão com Tampo Thais foi desenvolvido para compor uma cozinha, deixando ela ainda mais bonita, moderna e funcional. Fabricado em material resistente como o MDP para garantir maior durabilidade ao produto.<br> <br> <br> Características:<br> 2 Portas com dobradiças metálicas<br> 1 gaveta com corrediças metálicas<br> Fixa na parede<br> Estrutura em MDP<br> <br> <br> Dimensões:<br> Altura: 46 cm<br> Largura: 70 cm<br> Profundidade: 35 cm<br> Peso: 10 kg<br> <br> <br> Garantia do fornecedor de 3 meses.","{""marca"":""Poquema"",""material_da_estrutura"":""MDP"",""quantidade_de_gavetas"":""1 Gaveta"",""tipo"":""Balcão""}",Poquema,MDP,,,Balcão,1 Gaveta,,,,,,,,Poquema,MDP,2 Portas,Não informado,Balcão,1 Gaveta,Não informado,Não informado,com Tampo,MDP,Moderno,"Dobradiças Metálicas, Corrediças Metálicas",Cozinha,Poquema,MDP,2 Portas,,Suspenso,1 Gaveta,Convencional
trilar||17412,Armário,Armário Aéreo de Cozinha 80 cm Hibisco Thela,"A qualidade dos móveis Thela se reflete nesse armário da linha Hibisco.<br> <br> Caixaria robusta e resistente, porta equipada com ferragens modernas e funcionais, pistão a gás que suaviza abertura e fechamento. Alinhado aos excelentes atributos de utilização, está o toque de design com a combinação cromática entre os padrões e uma moldura inclinada em 45°, garantindo beleza e sofisticação para qualquer ambiente.<br> <br> Contando também com o toque elegante que ele trará ao cômodo, você e sua família vão amar, tenho certeza!<br> <br> Características do Produto:<br> Material do Produto: MDP 15 mm<br> Quantidade de Portas: 01<br> Quantidade de Puxadores: 01<br> Tipo de Pistão: a gás<br> <br> Dimensões do Produto:<br> Altura: 43 cm<br> Largura: 80 cm<br> Profundidade: 31,5 cm<br> Peso: 11,55 kg<br> <br> INFORMAÇÕES IMPORTANTES<br> - Garantia de fábrica: 03 Meses após o recebimento do produto.<br> - Os móveis serão entregues desmontados e com manual de montagem.<br> - Não nos responsabilizamos pela montagem/instalação. Verifique a complexidade antes de decidir montar sozinho, ou contrate um profissional de sua confiança.<br> - Montagem, instalações e desmontagens devem ser contratadas pelo comprador.<br> - Confira as dimensões antes da compra, e certifique-se de que o produto passará por elevadores, portas e corredores, já que nossa entrega não inclui a subida de lances de escada ou o içamento de produtos.<br> - As imagens ambientadas são meramente ilustrativas e os objetos decorativos que aparecem em fotos não acompanham o produto.<br> - As cores do produto na foto podem variar de acordo com o monitor, a iluminação do ambiente ou sua percepção visual.<br> - Atenção: pequenos detalhes e acabamentos que não ficam evidentes na foto, estão detalhados na descrição.<br> - O envio dos produtos é feito através de transportadora. Temos seguro contra qualquer avaria ocorrida durante o transporte até sua casa.","{""cor"":""Grafite"",""marca"":""Thela"",""tipo"":""Aéreo""}",Thela,,,Grafite,Aéreo,,,,,,,,,Thela,MDP,1,Hibisco,Aéreo,Não informado,Não informado,Não informado,Não informado,MDP,Não informado,Pistão a gás,Cozinha,Thela,MDP,1 Porta,"[Grafite, Branco]",Aéreo,,Basculante
bymobille||15809859739,Armário,Armário Suspenso Pérola Ipê com Off White 2 Portas ValdeMóveis,"Dono de um visual simples e charmoso, o Armário Suspenso Perola vai garantir que a arrumação da sua cozinha ou área de serviço seja completa, enquanto a estrutura presa à parede cede lugar logo abaixo para mais móveis ocuparem o cômodo. Por dentro, conta com compartimentos que recebem diferentes utensílios pertinentes ao seu espaço. Já por fora, a coloração e a estrutura se unem em um combo primoroso para a decoração, sem contar que a rotina fica muito mais descomplicada porque ele mantém objetos importantes sempre por perto.<br> <br> Características: <br> Escala de Brilho da Porta: Fosco <br> Necessita Montagem: Sim <br> Sistema de Montagem: Parafusos e Cavilhas <br> Complexidade da Montagem: Média: pode ser montado por mais de uma pessoa e/ou necessite de maior conhecimento para montagem <br> Possui Portas: 02 <br> Tipo de Dobradiça/Corrediça da Porta: Metálica <br> Tipo de Puxador da Porta: Externo <br> Material do Puxador da Porta: Poliestireno <br> Tipo de Porta: Bater <br> Acabamento da Porta: Pintura <br> Material da Porta: MDP <br> Possui Prateleiras: Não <br> Peso Máximo por Prateleira: 15 kg <br> Sapatas Niveladoras: Não <br> Possui Pés: Suspenso <br> Escala de Brilho: Fosco <br> Acabamento: Pintura UV <br> Possui Espelho: Não Possui <br> Possui Gavetas: Não <br> Suporta Até (kg): 20 kg <br> Origem do Produto: Nacional <br> Material Principal: MDP <br> Recomendações de Uso, Manutenção e Limpeza: Recomendamos que a limpeza seja feita apenas com pano umedecido.<br> <br> Itens Inclusos: <br> 1 Armário<br> Manual de Montagem<br> <br> Dimensões: <br> Altura: 70 cm <br> Largura: 80 cm <br> Profundidade: 30 cm <br> <br> Garantia do Fornecedor: 3 meses <br> <br> Observações:<br> As imagens são meramente ilustrativas, não acompanham os objetos de decoração.<br> Pode haver alguma diferença de tonalidade entre a foto e o produto, devido ao tratamento de imagens e a calibração do monitor.<br> Em caso de divergências de informações, o preço válido será o informado no carrinho de compras;<br> A entrega é realizada por transportadora, não nos responsabilizamos, no ato da entrega por desmontagens, subir escadas/elevadores ou transporte por guincho para apartamentos. Eventuais despesas são de responsabilidade do cliente.<br> Confira as dimensões dos volumes e certifique-se de que passará normalmente por supostos elevadores, portas, escadas ou corredores;<br> Ao receber a mercadoria, verifique as condições da embalagem, caso haja alguma avaria, recuse o produto, faça uma ressalva na Nota Fiscal e entre em contato com nosso SAC;<br> Não nos responsabilizamos pela montagem dos produtos, mas todos os produtos possuem manual de montagem e você mesmo poderá montá-lo ou contratar um profissional.","{""cor"":""Ipê,Off White"",""marca"":""Valdemóveis"",""material_da_estrutura"":""MDP"",""quantidade_de_portas"":""2 Portas""}",Valdemóveis,MDP,2 Portas,"Ipê,Off White",,,,,,,,,,ValdeMóveis,MDP,2,Pérola Ipê com Off White,Suspenso,Não,Não informado,Não,Não informado,MDP,Não informado,Não informado,Cozinha ou área de serviço,Valdemóveis,MDP,2 Portas,"[Pérola Ipê, Off White]",Suspenso,,Convencional
girusindustriaecomerciodemoveise||1891,Armário,Armário Balcão Branco 2 Portas Lavanderia Utensílios,"<p><span>Lindo Armário Estante Multiuso com 4 prateleiras </span><br><br><br><span><span>Pintura UV Brilhante</span></span></p> <p><span>4 Prateleiras </span></p> <p><span>2 Portas</span><br><br><span><span>Dimensões do produto:</span><br><strong><span>ALTURA</span></strong><span>: 160cm</span><br><strong><span>LARGURA</span></strong><span>: 52cm</span><br><strong><span>PROFUNDIDADE</span></strong><span>: 30cm</span><br><br><span>Serão enviados junto ao móvel 2 ganchos porta vassouras que podem ou não ser fixados ao armário.</span><br><br><span>Armário multiuso, serve para diversas partes da casa Lavanderia, Cozinha, Dispensa, Escritório, Quarto Infantil..</span></span></p> <p><br><span><span>FOTOS REAIS DO PRODUTO</span><br><br>Aproveite esse Super Preço Promocional, Temos poucas Unidades </span></p> <p><br><br><span><span>IRÁ COM GARANTIA</span><br><span>IRÁ COM NOTA FISCAL</span></span><br> </p> ","{""cor"":""Branco"",""quantidade_de_prateleiras"":""4 Prateleiras"",""tipo"":""Balcão""}",,,,Branco,Balcão,,4 Prateleiras,,,,,,,Não informado,Não informado,2 Portas,Branco,Armário Balcão,Não informado,4 prateleiras,Não informado,2 ganchos porta vassouras,Não informado,Não informado,Não informado,"Lavanderia, Cozinha, Dispensa, Escritório, Quarto Infantil",Click Forte,,2 Portas,Branco,,,Convencional
oliststore||MGL7KNSCT9J7SJ8S,Armário,Armario Para Banheiro Pvc Cipla Branco,"Armario para banheiro pvc cipla branco.Elegância, resistência e praticidade para seu banheiro. Fácil instalação com divisórias internas.Contém:-1 espelho;-1 armário para banheiro.Dimensões: 35cm x 30cm x 9cm","{""cor"":""Branco""}",,,,Branco,,,,,,,,,,Cipla,PVC,1,Branco,Para Banheiro,Não informado,Não informado,Não informado,Espelho,PVC,Não informado,Divisórias internas,Não informado,Cipla,PVC,1 Porta,Branco,Aéreo,,Convencional
abcdaconstrucao2||49861,Armário,Armário Aéreo New Jazz 1 Porta Horizontal Itatiaia Freijó 80cm,"<p>SOBRE O PRODUTO</p><p>Feito para se adaptar na sua Cozinha, o Armário Aéreo Horizontal Cozinhas Itatiaia New Jazz, Possui pistão a gás, que auxilia na abertura da porta deixando-a mais suave e fácil de abrir. Armário Aéreo Cozinhas Itatiaia New Jazz c/ 1 Porta Horizontal cor Freijó. Para mais conforto e ocupando o menor espaço possível.</p><p>INFORMAÇÕES TÉCNICAS</p><p>Material predominante: Madeira</p><p>Linha: New Jazz</p><p>Cor: Freijó</p><p>Altura: 33 cm</p><p>Largura: 80 cm</p><p>Profundidade: 27 cm</p><p>Peso (Kg): 8.8</p><p>Quantidade de Pés: 4</p><p>Peso Máximo por Prateleiras (Kg): 15</p><p>Quantidade de Prateleiras/Base: 1</p><p>Puxadores: Puxador de alça em ABS cromado</p><p>INFORMAÇÕES COMPLEMENTARES</p><p>Garantia: 6 meses</p><p>Necessita Montagem: Sim</p><p>Recomendações Montagem: Seguir orientação de montagem conforme manual que vai junto ao produto e fixá-lo na parede</p><p>Recomendações de Uso, Manutenção e Limpeza: Pano levemente umedecido com sabão neutro</p><p>Armário Aéreo: Porta Horizontal</p><p>SOBRE A FABRICANTE</p><p>Em um pequeno galpão, na cidade de Ubá, em Minas Gerais, nascia em 1964, a Itatiaia. Com apenas oitos colaboradores e a essência visionária de seu fundador, Lincoln Rodrigues Costa. A origem do seu nome, inspirado no Pico das Agulhas Negras, situado no Parque Nacional de Itatiaia, norteou seu futuro. Uma empresa que vislumbra o alto, dialoga com seu tempo e com DNA da inovação, supera expectativas.</p>","{""marca"":""Itatiaia"",""quantidade_de_portas"":""1 Porta"",""tipo"":""Aéreo""}",Itatiaia,,1 Porta,,Aéreo,,,,,,,,,Itatiaia,Madeira,1,Freijó,Aéreo,Não informado,1,Não informado,Não informado,Não informado,Não informado,Não informado,Cozinha,Itatiaia,,1 Porta,Freijó,Aéreo,,Basculante
decorecomamor||120365p,Armário,"Armário Aéreo Organizador P PC, Laptop + Livros P Estudos","** CLIQUE AQUI PARA VER AS MEDIDAS **<br><br>ARMÁRIO BANCADO MULTIUSO SUSPENSO DE PAREDEMantenha os ambientes decorados com a Bancada de Parede. Móvel charmoso e elegante, ele vai trazer mais beleza e funcionalidade para a decoração do seu lar. A Bancada de Apoio Suspensa possui uma estrutura de alta qualidade. Confeccionada em madeira, com acabamento em pintura UV Alto Brilho, que proporciona uma maior durabilidade e resistência a peça de decoração.<br>Serve como Penteadeira, Suporte Microondas, Bancada de estudos, Rack p/ Tv, entre outras utilidades..<br><br>[Medidas]<br><br>- Altura: 60cm<br>- Largura: 88cm<br>- Profundidade: 34cm<br><br>[Descrição do produto]<br>- COR: Branco<br>- ACOMPANHA FIXADORES P/ PAREDE<br>- PINTURA UV ALTO BRILHO<br><br>FOTOS REAIS DO PRODUTO","{""marca"":""Decore Com Amor"",""material_da_estrutura"":""Madeira""}",Decore Com Amor,Madeira,,,,,,,,,,,,Não informado,Madeira,Não informado,Branco,Aéreo,Não informado,Não informado,Não informado,Não informado,Não informado,Não informado,Fixadores p parede,"Organizar PC, Laptop, Livros, Estudos",Decore com Amor,,,Branco,Aéreo,,
acasademoveis||CR25015.T02,Armário,Armário Escritório com 2 Portas Multimóveis CR25015 Preto,"O Armário Escritório com 2 Portas Multimóveis foi desenvolvido para entregar tudo o que há de mais prático nas rotinas do dia a dia. Produzido em MDP, acabamento em BP, possui 2 portas, 5 prateleiras. Combina com todo e qualquer tipo de ambiente, pois suas linhas e sua proposta minimalista, permite ser utilizado em um office mais rústico, clássico, ou até mesmo cheio de personalidade.<br><br>Conteúdo da Embalagem:<br>Armário<br>Manual de Montagem<br>Kit Ferragem<br><br>Dimensões do produto montado:<br>Altura: 171,5cm | Largura: 60cm | Profundidade: 31,8cm<br>*Você pode consultar as medidas internas na imagem técnica do produto.<br>*As cores do produto podem sofrer variações de tonalidade de acordo com as configurações do seu dispositivo.<br><br>Imagem meramente ilustrativa. Decoração não acompanha o produto.<br><br>O produto será entregue desmontado e não disponibilizamos o serviço de montagem.","{""marca"":""Multimóveis"",""material_da_estrutura"":""MDP"",""quantidade_de_portas"":""2 Portas""}",Multimóveis,MDP,2 Portas,,,,,,,,,,,Multimóveis,MDP,2 Portas,Preto,Escritório,Não informado,5 prateleiras,Não informado,Não informado,BP,Minimalista,Não informado,Não informado,Multimóveis,MDP,2 Portas,Preto,,,Convencional
lojasim2||3433,Armário,Armário de Cozinha em Aço 8 Portas 2 Gavetas Florença Itatiaia,"Armário de Cozinha Em Aço 8 Portas 2 Gavetas Florença Itatiaia<br> Em busca de um móvel funcional, versátil e elegante para sua cozinha? Temos a solução com a Cozinha Compacta Florença da Itatiaia, que conta com a presença de 8 portas e 2 gavetas. Indicada para lugares mais compactos, ela possui 195cm de altura, 140cm de largura e 45cm de profundidade, combinando com variadas decorações do ambiente. Totalmente produzida em aço, ela dispõe de ótimo acabamento e resistência, para fazer parte do seu dia a dia por muito tempo. <br> <br> Características:<br> Linha: florença<br> Modelo: kit florença - 8 portas 2 gavetas<br> Material: aço<br> Revestimento: corpo e portas em aço<br> Acabamento da pintura: eletrostática a pó<br> Corrediças: telescópica<br> Pés: sapata regulável 25mm<br> Marterial do tampo: mdp <br> Puxador: plástico abs com acabamento metalizado<br> <br> Dimensões:<br> Altura: 195 cm<br> Largura: 140 cm<br> Profundidade: 28 cm<br> Peso: 50,6 kg<br> <br> Garantia do Fabricante: 3 Meses<br> <br> Atenção: A coloração das imagens do produto pode ter diferentes tonalidades dependendo do seu monitor. Ao receber o produto verifique as seguintes informações: Confira a quantidade de caixas e volumes; Consulte se o nome do comprador consta em todas as etiquetas; Verifique se as caixas não apresentam sinais de avarias ou violação; Sempre confira seu produto no ato da entrega. NÃO nos responsabilizamos pela montagem do produto. Caso resida em apartamento, verificar se todos os volumes possuem tamanhos adequados ao elevador, Caso contrário é necessário solicitar ajuda para entrega de seu produto até seu apartamento. As imagens são ilustrativas e o produto mencionado nessa compra é o produto do título.","{""cor"":""Branco"",""marca"":""Itatiaia"",""material_da_estrutura"":""Aço"",""quantidade_de_gavetas"":""2 Gavetas""}",Itatiaia,Aço,,Branco,,2 Gavetas,,,,,,,,Itatiaia,Aço,8,Não informado,Cozinha,2,Não informado,Não informado,Não informado,Aço,Florença,Não informado,Lugares compactos,Itatiaia,Aço,8 Portas,Branco,,1 Gaveta,Convencional
utilidadesprolarltda||5117-7409,Armário,Balcão Fruteira com Porta BF3205 Branco Tecnomobili,"A preocupação com a sustentabilidade é um tema cada vez mais importante. Pensando nisso e no compromisso com a casa, a linha de produtos da Tecnomobili tem um apelo todo especial no que se refere a cuidados. Desenvolvida 100% ecologicamente correta, o que garante a resistência e vitalidade do móvel, promove no ambiente uma melhor organização dos objetos de forma rápida, simples e prática.<p>Balcão Fruteira com Porta BF3205 Branco Tecnomobili<br>Modelo - BF<br>Acabamento / revestimento - Pintura UV<br>Material - MDP<br>Cor - Branco<br>Tamanho (L x A x P) - 61x76x41<br>Peso Total Montado (kg) - 17<br>Peso Suportado (kg) - 14kg tampo, 4kg prateleira e 3kg aramado.<br>Ferragens / Manual - Sim</p><p>Tempo de garantia.<br> 3 (três) mêses - Garantia fornecida pelo fabricante.</p><p>Necessita de montagem?<br>Sim. Aconselhamos que a montagem seja feita por um profissional. O produto será entregue desmontado. Não disponibilizamos montagem. Produto novo acompanhado de nota fiscal. </p><p>Limpeza e conservação:<br> Após montado não expor o móvel a fonte de calor ou umidade. Para uma limpeza mais efetiva, utilizar apenas pano macio umedecido e sabão neutro. Não utilizar produtos abrasivos.</p><p>Especificações técnicas:<br>As dimensões estão expressas na seguinte forma - Largura x Altura e Profundidade em cm. O peso suportado considera a carga distribuída igualmente pela peça.</p><p>Observações:<br>As imagens são ilustrativas e as cores podem sofrer variações de tonalidade. conforme o ajuste de configuração do monitor. os objetos decorativos não estão inclusos.<br> <br>------------------------------------------------------------------------------------------<br></p><p>Dúvidas Frequentes.</p><p>1 - Como Calcular seu Frete?<br> Basta inserir seu CEP para o cálculo no campo frete e o simulador irá lhe informar as melhores opções de envio e seus respectivos preços,</p><p> 2 - A mercadoria está disponível à pronta entrega?<br> Nosso ledtime para expedição é de 48 horas, compras em feriados e finais de semana contar a partir do dia util.</p><p> 3- O produto acompanha nota fiscal?<br> Todos os itens tem nota fiscal e garantia.</p><p> Ainda tem dúvidas?</p><p> -Utilize o campo de perguntas em caso de dúvidas e somente clique em comprar após ter plena certeza em honrar a compra e concordar com as condições descritas acima.</p><p> ------------------------------------------------------------------------------------------</p><p>ATENÇÃO PARA OS DADOS DE ENTREGA:<br> - Confira o seu endereço de entrega cadastrado, não alteramos endereços após a compra.<br> - HORÁRIO DE ATENDIMENTO:<br> - De Segunda à Sexta das 09h00 às 18h00</p>","{""material_da_estrutura"":""MDP""}",,MDP,,,,,,,,,,,,Tecnomobili,MDP,1,Branco,Balcão Fruteira,Não informado,Não informado,Não informado,Não informado,MDP,Não informado,Não informado,Não informado,Tecnomobili,MDP,1 Porta,Branco,,1 Gaveta,Convencional
doshermanos||4539p,Armário,Móvel Auxiliar Para Banheiro Lavanderia Madeira Pinus,"<br>Floreira Para Cultivo tipo Caixote<br><br>Se você é apaixonado por flor, gosta de vasinhos de suculentas e cultivo e esta querendo dar uma melhorada em seu ambiente, você encontrou o produto certo.<br><br>A floreira serve para o cultivo direto ou abrigar seus vasos individuais ou em floreira única, serve para suculentes ou outras plantas pequenas de sua preferencia, além de ser o jeito ideal para quem tem pouco espaço, para embelezar sua sala, sua varanda ou sua sacada..<br><br>Altura: 95.00 cm<br><br>Largura: 60.00 cm<br><br>Distancia entre as Prateleiras: 32cm<br><br>Dimensões dos caixotes:<br><br>1o Caixote<br><br>Largura -50cm<br><br>altura -8cm<br><br>Profundidade - 20cm<br><br>2o Caixote<br><br>Largura - 50cm<br><br>altura - 8cm<br><br>Profundidade - 29cm<br><br>3o Caixote<br><br>Largura -50cm<br><br>altura - 8cm<br><br>Profundidade - 37cm<br><br>Produto enviado montado.<br>","{""material_da_estrutura"":""Pinus""}",,Pinus,,,,,,,,,,,,Não informado,Madeira Pinus,Não informado,Não informado,Auxiliar,Não informado,Não informado,Não informado,Não informado,Não informado,Não informado,Não informado,"Banheiro, Lavanderia",Dos Hermanos,Pinus,,,,,
madeiramadeira-openapi||218199,Armário,Armário para Cozinha 6 Portas 2 Gavetas 31362 Decari Palmeira Móveis Branco,"O Amário de Cozinha 6 portas e 2 gavetas oferece espaço extra para completar sua cozinha e armazenar seus utensílios. Com estilo moderno e versatilidade, facilita as tarefas do dia a dia, possui nichos para objetos decorativos e amplo espaço interno dividido com prateleiras. Produzido em 100% MDP, com acabamento texturizado (toque de madeira), dobradiças e corrediças metálicas, puxadores em poliestireno cromado e pés reguláveis.","{""cor"":""Branco"",""drawer"":""2 gavetas""}",,,,Branco,,,,,,,,,,Decari Palmeira Móveis,MDP,6 Portas,Branco,Cozinha,2 Gavetas,Não informado,Não informado,texturizado toque de madeira,MDP,Moderno,"dobradiças e corrediças metálicas, puxadores em poliestireno cromado, pés reguláveis",Não informado,não tem navegation id,,,,,,
madeiramadeira-openapi||888990,Armário,Armário de Aço 2 Portas 3 Prateleiras Ap408sl Preto/Branco,"Nosso armário de aço tem duas portas com fechadura cilíndrica tipo Yale com duas chaves , 3 prateleiras que tem por sua vez a capacidade de 20 kg, facilitando a organização do seu ambiente de trabalho no dia dia.","{""cor"":""Branco"",""marca"":""Pandin""}",Pandin,,,Branco,,,,,,,,,,Não informado,Aço,2 Portas,PretoBranco,Armário,Não informado,3 Prateleiras,20 kg,fechadura cilíndrica tipo Yale com duas chaves,Não informado,Não informado,Não informado,organização do seu ambiente de trabalho no dia dia,Pandin,Aço,2 Portas,"[Branco, Preto]",,,Convencional
vcmoveis||7756,Armário,Armário Criado Módena Nogal Touch  Demóbile,"<p>Armário Criado Módena Nogal Touch – Demóbile<br> A hora de escolher o Armário Criado para o modulado do quarto chegou e você ainda não conferiu essa linda opção? A linha Módena é fabricada pela Demóbile trazendo um lindo design que vai ajudar você na hora de decorar o quarto. Tudo com qualidade, praticidade e o bom preço que você merece, confira esse e outros módulos da linha Módena!</p><p>Características Técnicas:<br> - 100% MDP<br> - Pintura UV na cor Nogal Touch<br> - Corrediças Metálicas<br> - 1 Porta<br> - 1 Gaveta<br> - 1 Prateleira para pequenos objetos<br> - Pode ser montado de ambos os lados<br> - Ótimo espaço interno<br> - Lindo Design<br> - Puxador ergonômico em alumínio na cor bronze</p><p>Dimensões:<br> Altura: 218 cm<br> Largura: 39 cm<br> Profundidade: 47 cm <br> Peso: 33 kg</p><p> Obs: Não realizamos a montagem, porem acompanha manual de instruções.</p>","{""cor"":""Nogal Touch"",""marca"":""Demóbile"",""material_da_estrutura"":""MDP"",""quantidade_de_portas"":""1 Porta""}",Demóbile,MDP,1 Porta,Nogal Touch,,,,,,,,,,Demóbile,MDP,1,Nogal Touch,Criado,1,1,Para pequenos objetos,"Pode ser montado de ambos os lados, Ótimo espaço interno, Lindo Design, Puxador ergonômico em alumínio na cor bronze",Não informado,Módena,Corrediças Metálicas,Quarto,Demóbile,MDP,1 Porta,[Nogal Touch],Modulado,1 Gaveta,Convencional
doshermanos||36559p,Armário,Armario Modular Prateleiras Ajustaveis Estante P/ Escritorio,"<br>A estante de canto em madeira pinus é uma peça de mobiliário versátil e funcional, projetada para otimizar o uso de espaços de canto em ambientes domésticos.<br> <br>Feita de madeira pinus, conhecida por sua durabilidade e aparência natural, a estante combina estilo e praticidade.<br> <br>Ela oferece prateleiras espaçosas para armazenar livros, objetos decorativos, plantas ou qualquer outro item que você deseje exibir ou organizar.<br> <br>Com seu design inteligente, a estante de canto em madeira pinus permite aproveitar ao máximo o espaço disponível em seu ambiente, adicionando um toque de charme rústico e funcionalidade à sua decoração.<br><br>[MEDIDAS]<br><br>- Altura: 110 cm<br><br>- Largura Total: 80 cm<br><br>- Largura Fechada: 50cm<br><br>[DESCRIÇÃO DO PRODUTO]<br><br>- Estante em madeira maciça de pinus;<br><br>- Capacidade de 10 kg por prateleira;<br><br>- Acabamento natural<br><br>- Produto não indicado para uso externo.<br><br>Produtos de alta qualidade e a pronta entrega.<br>",{},,,,,,,,,,,,,,Não informado,Madeira Pinus,Não informado,Natural,Estante,Não informado,Não informado,Ajustáveis,Não informado,Madeira maciça,Rústico,Não informado,Não indicado para uso externo,Dos Hermanos,Pinus,,,,,
macinteriores||2383,Armário,Armário Fortaleza com 7 Portas e 2 Gavetas Valdemóveis,"Características:<br> Armário<br> Marca: Valdemóveis<br> Modelo: Fortaleza<br> Referência: 14130<br> Material Principal: MDP 15mm <br> Tipo de Acabamento: Pintura UV <br> Quantidade de Pés: 08 <br> Material dos pés: Plástico <br> Pés niveladores: Sim <br> Quantidade de Prateleiras: 03<br> Quantidade de Nichos: 03 <br> Quantidade de Gavetas: 02<br> Puxador das gavetas: Externo <br> Material das corrediças: Metálica Telescópica <br> Material dos puxadores: MDF envelopado<br> Quantidade de Portas: 07<br> Tipo de abertura: De Bater<br> Puxadores das portas: Externo <br> Material das dobradiças: Metálica de Pressão <br> Material dos puxadores da porta: MDF Envelopado<br> Espaço para micro-ondas: Sim <br> Possui Vidros: Não<br> <br> Conteúdo da Embalagem:<br> 01 Armário Fortaleza com 7 Portas e 2 Gavetas Valdemóveis<br> <br> Dimensões:<br> Altura: 200 cm<br> Largura: 180,8 cm<br> Profundidade: 45 cm<br> Peso: 90,70 Kg<br> <br> Espaço do Produto em LxPxA: <br> Espaço livre para trabalho: 117,1x39x45 cm<br> Nicho micro-ondas: 58,7x47,2x45 cm<br> Nicho porta condimentos: 117,1x15,8x26 cm<br> <br> Garantia do Fabricante: 03 meses (Contra defeitos de fabricação, contados a partir da data da emissão da nota fiscal).<br> <br> Atenção!!<br> As imagens são meramente ilustrativas<br> Os objetos decorativos não estão inclusos<br> Não nos responsabilizamos pela montagem ou instalação do produto<br> Entregamos até a porta de entrada da casa do cliente ou até a portaria do condomínio<br> O produto chegara em sua casa devidamente embalado portando 03 volumes.","{""cor"":""Cinamomo/Off White"",""marca"":""Valdemóveis"",""material_da_estrutura"":""MDF, MDP"",""quantidade_de_gavetas"":""2 Gavetas""}",Valdemóveis,"MDF, MDP",,Cinamomo/Off White,,2 Gavetas,,,,,,,,Valdemóveis,MDP 15mm,7,Não informado,Armário,2,3,Não informado,Não informado,MDF,Não informado,Não informado,Não informado,Valdemóveis,MDP,7 Portas,"[Cinamomo, Off White]",,2 Gavetas,Convencional
technoxcomercioltda||71241p,Armário,Espaço Guardar Livros Armario 2 Prateleiras Decoração,"<br>Organizador Multifuncional !!<br><br>Ideal para Quartos, Escolas, Studios, apartamentos , Quartos e Cabeceiras<br><br>Em Madeira Pinus , com o acabamento: lixada para maior durabilidade da peça<br><br>Estante feita 100% em madeira de reflorestamento,<br><br>Ideal para compor decoração da sua casa.... Excelente opção para organizar Seus Livros, plantas e objetos de sua preferencia...<br><br>Muito utilizada em Cabeceiras, varanda ou sacadas cobertas!!<br><br>Feita no Brasil - Fabricação Própria - Lixamento extra<br><br>Acabamento natural na madeira - Não é envernizado<br><br>Madeira utilizada Pinus de reflorestamento<br><br>Medidas:<br><br>Altura x 60 cm<br><br>Largura x 55 cm<br><br>Profundidade x 35 cm<br><br>Distancia entre prateleiras:<br><br>Primeira 17 cm<br><br>Segunda 35 cm<br>",,,,,,,,,,,,,,,Não informado,Madeira,Não informado,Não informado,Armário,Não informado,2,Não informado,Não informado,Pinus,Não informado,Não informado,"Quartos, Escolas, Studios, apartamentos, Quartos, Cabeceiras",Technox,Pinus,,,,,
shopjm2||11800,Armário,Armário Multiuso Sapateira Com Prateleiras Napole Max Branco,"Um Ambiente moderno e bem aconchegante precisará de um móvel diferenciado como esse Multiuso desenvolvido para oferecer total conforto e comodidade para você e sua família. Ele é composto por 2 Portas de abrir, puxadores de plásticos e fechaduras. Além de seu bonito visual, que destacam a beleza do móvel e o deixam mais atraente. O produto é todo fabricado com chapas reforçadas, material ecologicamente correto que confere a boa resistência e durabilidade à peça. Ele tem um bonito acabamento com revestimento de Pintura UV de Alto brilho, muito resistentes que dão maior destaque à cor e conservam a beleza do móvel por mais tempo. E para garantir a qualidade do produto dentro da embalagem, todas as peças são separadas por isomanta, tudo para evitar o atrito entre elas, e também dentro de cada embalagem tem um manual passo a passo para auxiliar no momento da montagem do produto. Surpreenda-se com design, inovação, beleza e durabilidade, esse Multiuso foi desenvolvido exclusivamente para você. Características do Produto:Dimensões: Largura 0,62m; Altura 1,90m; Profundidade 0,40m.Itens Inclusos: 1 Armário Multiuso e manual de montagemTipo: MultiusoAmbiente: Multi AmbienteCor Predominante: TerraroEscala de Brilho: FoscoCor: TerraroPossui Portas: 02Tipo de Porta: BaterAcabamento da Porta: Pintura UVPossui Prateleiras: 06Possui Gavetas: NãoPossui Chave: SimMaterial Principal: MDF/MDPNecessita Montagem: SimPossui Pés: SimMaterial dos Pés: PVCTipo de Dobradiça: MetálicaTipo de Puxador: ExternoAcompanha Manual de Montagem: SimSistema de Montagem: Parafusos e CavilhasComplexidade de Montagem: Média, pode ser montado por mais de uma pessoa e/ou necessite de maior conhecimento para montagem.Recomendações de Uso, Manutenção e Limpeza: Limpar com flanela ou pano macio seco, não utilizar produtos abrasivos, desengordurantes, álcool ou solvente. Não expor o produto diretamente à luz solar e à umidade.Garantia: 3 meses","{""cor"":""Branco"",""marca"":""Mirarack"",""tipo"":""Multiuso""}",Mirarack,,,Branco,Multiuso,,,,,,,,,Napole Max,MDFMDP,2,Branco,Multiuso,Não,6,Sim,Não informado,MDFMDP,Não informado,Não informado,Não informado,Mirarack,"[MDF, MDP]",2 Portas,Branco,,6 Gavetas,Convencional
multimoveis2||V2113.898,Armário,Armário de Cozinha Compacta 212cm com Rodapé Veneza Multimóveis V2113,"O Armário de Cozinha Compacta 212cm com Rodapé Veneza Multimóveis V2113 tem um excelente custo benefício e um amplo espaço interno. Produzido em MDP com acabamento acetinado (cerca de 20% de brilho), que garante maior durabilidade e resistência, possui corrediças metálicas (mais leveza no manuseio), rodapés, que deixam o ambiente mais estiloso, puxadores em ABS e tampo em MDP 15mm com pintura de alta resistência. Esta cozinha conta com balcão com tampo removível (compatível com pia de 150 cm) com 1 gaveta e 3 portas, além de espaço para forno e microondas. Os módulos são individuais e você pode montar da maneira que se adaptar melhor ao seu ambiente. *Não acompanha pia de inox.<br><br>Conteúdo da Embalagem:<br>1 (um) armário para forno e microondas 62cm<br>1 (um) balcão com tampo 150cm<br>1 (um) kit com rodapés<br><br>Dimensões do produto montado:<br>Altura: 203cm | Largura: 212cm | Profundidade: 53cm (balcão com tampo e paneleiro)<br>*Você pode consultar as medidas internas na imagem técnica do produto.<br><br>*As cores do produto podem sofrer variações de tonalidade de acordo com as configurações do seu dispositivo.<br><br>Imagem meramente ilustrativa. Decoração e eletros não acompanham o produto.<br><br>O produto será entregue desmontado e não disponibilizamos o serviço de montagem.","{""cor"":""Preto, Branco"",""marca"":""Multimóveis"",""material_da_estrutura"":""MDP""}",Multimóveis,MDP,,"Preto, Branco",,,,,,,,,,Multimóveis,MDP,3,Não informado,Cozinha Compacta,1,Não informado,Não informado,Rodapé,MDP,Não informado,Não informado,Não informado,Multimóveis,MDP,5 Portas,Preto,Modulado,1 Gaveta,"[Convencional, Basculante]"
technoxcomercioltda||419p,Armário,Armário Pinus Treliça C/ Cabideiro e Prateleiras,"<br>- Estante arara em madeira maciça reflorestada;<br><br>- Compra direto de fábrica;<br><br>- Perfeita para organizar e otimizar espaços;<br><br>- Ideal para quartos, lavanderias, closets e para espaços comerciais;<br><br>- Leve e de fácil montagem;<br><br>- Tutorial de montagem no YOUTUBE.<br><br>ESPECIFICAÇÕES:<br><br>Estante arara com prateleiras e estrutura em madeira maciça de Pinus.<br><br>DIMENSÕES :<br><br>Altura 170,0 cm<br><br>Largura 110,0 cm<br><br>Profundidade 32,2 cm<br><br>PESO DO MÓVEL - 15 kg<br><br>ITENS INCLUSOS:<br><br>UMA ESTANTE ARARA EM MADEIRA DE PINUS - ITENS DECORATIVOS NÃO INCLUSOS.","{""material_da_estrutura"":""Pinus""}",,Pinus,,,,,,,,,,,,Não informado,madeira maciça de Pinus,Não informado,Não informado,Armário,Não informado,Não informado,Sim,Cabideiro,Pinus,Treliça,Prateleiras,"Quartos, lavanderias, closets e para espaços comerciais",Technox,Pinus,,,,,
rmshopping||AANB02,Armário,Armário de Cozinha Aéreo Nathan 160cm Branco,"<p>O ShoppingRM apresenta uma ótima opção para sua cozinha ou área de serviço o Armário Aéreo Nathan. Perfeito para quem procura praticidade junto com modernidade.</p><p><br></p><p>Produzido com materiais de qualidade, proporcionando maior durabilidade e resistência ao produto.</p><p><br></p><p>Com prateleira e amplo espaço interno, ajudará a manter seu utensílios sempre organizado.</p><p><br></p><p><br></p><p>Medidas do Armário Montado:</p><p><br></p><p>A: 55 cm</p><p> L: 160 cm</p><p><br></p><p>P: 32 cm</p><p><br></p><p>Peso: 28 kg</p><p><br></p><p><br></p><p>Características: </p><p><br></p><p>Material da Estrutura: MDP</p><p><br></p><p>Acabamento: Pintura UV</p><p><br></p><p>Escala de Brilho: Fosco</p><p><br></p><p>Possui 4 portas</p><p><br></p><p>Dobradiças em aço</p><p><br></p><p>Puxadores embutidos</p><p><br></p><p>Design moderno</p><p><br></p><p><br></p><p>Montagem: </p><p><br></p><p>Volumes: 1 Volume</p><p><br></p><p>Conteúdo da embalagem: Armário Aéreo</p><p><br></p><p>Manual de Montagem: Sim</p><p><br></p><p>Sistema de montagem: Miniflix/ Cavilhas/ Parafusos</p><p><br></p><p>Montagem: recomendamos que seja feita por um montador profissional</p><p><br></p><p><br></p><p>Observações:</p><p><br></p><p>As imagens são ilustrativas, não acompanha os objetos de decoração.</p><p><br></p><p>Produto para uso residencial em ambiente interno, não devendo ficar exposto diretamente ao sol, calor e umidade excessiva.</p><p><br></p><p>Pode haver diferenças de tonalidade de cores entre as imagens apresentadas e o produto real, por conta do tratamento de imagens e o ajuste/calibração das cores do seu equipamento, seja ele monitor ou celular (mobile) Smartphone.</p><p><br></p><p>Ao receber a mercadoria, o cliente deve verificar as condições da embalagem, caso haja alguma avaria não receba e/ou assine o comprovante de recebimento.</p>","{""cor"":""Branco"",""material_da_estrutura"":""MDP"",""quantidade_de_portas"":""4 Portas"",""tipo"":""Aéreo""}",,MDP,4 Portas,Branco,Aéreo,,,,,,,,,Nathan,MDP,4,Branco,Aéreo,Não informado,Não informado,Sim,Não informado,Não informado,Moderno,"Dobradiças em aço, Puxadores embutidos",Cozinha ou área de serviço,Nathan,MDP,4 Portas,Branco,Aéreo,,Convencional
madeiramadeira-openapi||657881,Armário,Armário Basculante 1 Porta 80cm Gourmet G3 Itatiaia,"O armário de parede 80cm Itatiaia Gourmet G3, possui 1 porta hHorizontal madeira com exclusivo revestimento em Inox, puxador em alumínio. Constituído de madeira MDP, corpo em BP fosco 15mm, portas em MDP com acabamento Inox.","{""marca"":""Itatiaia"",""material_da_estrutura"":""MDP"",""quantidade_de_portas"":""1 Porta"",""tipo"":""Aéreo, Basculante""}",Itatiaia,MDP,1 Porta,,"Aéreo, Basculante",,,,,,,,,Itatiaia,MDP,1,Não informado,Basculante,Não informado,Não informado,Não informado,Gourmet G3,Inox,Não informado,Puxador em alumínio,Não informado,Itatiaia,MDP,1 Porta,"[Nogal Terracota, Aço Inox]",Aéreo,,Basculante
eliteaco||EA301002,Armário,Armário Aço Escritório Fechadura 4 Prateleiras EA301 Azul,"<strong>Armário de Aço EA301</strong><br><p><strong>ARMÁRIO DE AÇO MULTIUSO ORGANIZADOR</strong></p><p>Armário de Aço 2 Portas Multiuso Organizador Escritorio 4 Prateleiras EA301</p> <p>O Armário de Aço Organizador Multiuso EA301 é desenvolvido em aço de alta qualidade, garantindo excelente robustez e o máximo de resistência à estrutura do produto, tornando seu tempo de vida útil muito mais elevado. Sua pintura, em tinta eletrostática epóxi, o proporciona ainda mais proteção. Perfeito para a organização e funcionalidade do seu ambiente.<br>Ele é composto por 04 prateleiras reforçadas, sendo uma fixa e três reguláveis. Super resistente, suporta até 30Kg bem distribuídos por prateleira. Possui pés niveladores para melhor adaptação e um perfeito acabamento, evitando assim riscos no piso. Sua porta, com fechadura tipo Yale e puxador estampado em perfil PVC possui também reforço ômega e um prefeito acabamento que proporciona maior praticidade de uso.</p><p><strong>Características do Produto</strong><br>- Quantidade de prateleiras: 04<br>- Quantidade de portas: 02<br>- Chapa das prateleiras: 26 (0,45mm)<br>- Chapa das travas: 20 (0,90mm)<br>- Dimensões (ALP/cm): 198 x 90 x 40<br>- Pintura: Eletrostática / Epóxi<br>- Peso suportado: 30Kg por prateleira</p><p><strong>Conteúdo da Embalagem</strong><br>- 02 Portas<br>- 04 Prateleiras<br>- 01 Base<br>- 01 Teto<br>- 02 Fundos<br>- 02 Laterais<br>- 02 Travas<br>- 01 Perfil PVC<br>- 04 Pés niveladores + sapatas<br>- 01 Kit de acessórios completo<br>- 01 Manual de Montagem</p><p><strong>GARANTIAS</strong>:<br>- Garantia de 03 meses de fábrica contra defeitos de fabricação<br>- Garantia extra de +03 meses da loja contra eventuais defeitos de fabricação</p><p><strong>Importante</strong>: Este produto é entregue desmontado, junto ao manual de instruções e todos os acessórios necessários para seu perfeito encaixe e uso. Indicamos que você contrate um profissional especializado para sua montagem; Certifique-se de que todas as características do produto atendem sua necessidade antes de efetuar a compra, desta forma garantimos que você irá adquirir um excelente artigo que possa usufruir; Lembre-se de que as imagens do anúncio são ilustrativas, podendo suas cores ter variações em razão do monitor ou da luz.</p><p><em>O Armário de Aço Organizador Multiuso EA301 é fabricado pela Elite Aço, indústria de móveis de aço e tubular presente no mercado há mais de duas décadas, oferecendo produtos inovadores de alta qualidade e estilo para atender as necessidades de seus clientes.</em></p>","{""marca"":""Elite Aço""}",Elite Aço,,,,,,,,,,,,,Elite Aço,Aço,2,Azul,Armário,Não informado,4,"Reforçadas, 1 fixa e 3 reguláveis","Fechadura Yale, puxador estampado em perfil PVC, reforço ômega, pés niveladores",Aço,Multiuso,"Portas, Prateleiras, Base, Teto, Fundos, Laterais, Travas, Perfil PVC, Pés niveladores, Kit de acessórios, Manual de Montagem","Escritório, organização",Elite Aço,Aço,2 Portas,Azul,,,Convencional
decorecomamor||144463p,Armário,Armário Balcão Fruteira Cozinha Branco C/ Preto 1 Gaveta1,"Medidas: Dimensões (A/L/P):<br><br>ALTURA: 0,71m<br><br>LARGURA: 0,60m<br><br>PROFUNDIDADE: 0,35m<br><br>Cores: Branco c/ preto<br><br>1 Gaveta<br><br>Corrediças metálicas<br><br>Rodízios - Rodinhas brancas<br><br>Acabamento alto brilho<br><br>Puxadores PVC Cromados<br><br>Características<br><br>Cor: Branco com Preto<br>","{""cor"":""Branco, Preto"",""marca"":""Decore Com Amor""}",Decore Com Amor,,,"Branco, Preto",,,,,,,,,,Não informado,Não informado,Não informado,Branco com Preto,Balcão Fruteira,1,Não informado,Não informado,"Corrediças metálicas, Rodízios - Rodinhas brancas, Acabamento alto brilho, Puxadores PVC Cromados",Não informado,Não informado,Não informado,Cozinha,Decore com Amor,,1 Porta,"[Branco, Preto]",,1 Gaveta,Convencional
madeiramadeira-openapi||160382,Armário,Armário para Cozinha em Aço Casa Mob 4 Portas 3 Gavetas Madeirado Canela,"O Kit Casamob, foram desenvolvidos para complementar a área de apoio da dona de casa, sem deixar de lado praticidade, qualidade e beleza, composta por 4 portas e 3 gavetas, puxadores de alumínio, dobradiça Slow Motion, toda em aço e sem peças plásticas no calço, absorve o impacto lentamente para a porta não bater, corrediça telescópica, , fortes, resistentes e com extração total, dando mais estilo e conforto para sua cozinha. Maior resistência a ferrugem e corrosão. Surpreenda-se com design, inovação, beleza e durabilidade, permitindo que o consumidor combine sua cozinha como quiser.","{""cor"":""Canela"",""drawer"":""3 gavetas"",""marca"":""Casa Mob"",""material_da_estrutura"":""Aço"",""quantidade_de_portas"":""4 portas""}",Casa Mob,Aço,4 portas,Canela,,,,,,,,,,Casa Mob,Aço,4 Portas,Madeirado Canela,Cozinha,3 Gavetas,Não informado,Não informado,"Puxadores de alumínio, dobradiça Slow Motion, corrediça telescópica",Não informado,Não informado,Não informado,Não informado,não tem navegation id,,,,,,
lojadiretomoveis||4230,Armário,Armário Luciane 70cm 2 Portas Lis,"Armário Luciane Lis perfeito para sua cozinha.<br> <br> Características:<br> Corpo/Caixaria: MDP Legno Crema FF.<br> Frontais: MDP - BP. <br> Dobradiças: Ø35mm.<br> Puxadores: Alumínio Gola - Prata.<br> Prateleiras:1<br> Portas: 2<br> Itens inclusos: Manual de montagem, ferragens e acessórios.<br> Montagem com cavilhas e parafusos.<br> <br> Dimensões do produto:<br> Altura: 75 cm<br> Largura: 70 cm<br> Profundidade: 36,5 cm<br> Peso: 19,10 kg<br> <br> Garantia de 3 meses direto do fabricante.<br> <br> Informações complementares:<br> Fique de olho: siga sempre as orientações do fabricante e utilize seu produto de acordo com o manual. A empresa não se responsabiliza pelo mau uso do produto, o que pode causar perda da garantia.#8239;<br> Certifique se que seus dados estejam atualizados, como endereço e um telefone válido.<br> A entrega será realizada no térreo, sendo assim em prédios o deslocamento da mercadoria, subir escadas, elevadores ou transporte por guincho para apartamentos fica sob responsabilidade do comprador.<br> Todas as nossas entregas são realizadas em horário comercial, não sendo possível fazer agendamento, sugerimos acompanhar o rastreio do pedido e ter alguém para receber no endereço indicado.<br> Não nos encarregamos por montagens, desmontagens e outras instalações, serão de responsabilidade do comprador.","{""marca"":""Luciane""}",Luciane,,,,,,,,,,,,,Luciane,MDP,2,Não informado,Não informado,Não informado,1,Não informado,Não informado,MDP,Lis,"Dobradiças 35mm, Puxadores Alumínio Gola - Prata",Cozinha,Luciane Móveis,MDP,2 Portas,"[Legno Crema, Verde Jade]",Aéreo,,Convencional
casaemobillia||SANTOR-BRAN3,Armário,Armario De Cozinha Aereo 5 Portas Branco Santorini Casa Mobilia,"<p>Lindo e prático , o armário aéreo com ótimo acabamento e excelente espaço interno para você utilizar na cozinha, ou onde mais sua imaginação mandar, graças à versatilidade deste produto. E com suas pra teleiras internas fica muito mais funcional</p><p><br>Tipo De Produto<br>Armario Aereo<br> <br>Material<br>MDP<br> <br>Ambiente De Uso<br>Cozinha/Lavanderia<br> <br>Cor<br>Branco<br> <br>Altura<br>60<br> <br>Largura<br>150<br> <br>Profundidade<br>30<br> <br>Peso<br>31.00<br> <br>Volumes<br>1<br> <br>Medida Produto Montado(Axlxp)<br>60x150x30<br> <br>Tipo De Pintura<br>UV<br> <br>Peso Bruto<br>32<br> <br>Garantia<br>90 Dias<br> <br>Modelo<br>Santorini<br> <br>Marca<br>Bela Casa Movelaria<br> <br>Fabricante<br>Bela Casa Movelaria<br> <br>Acessórios Para Montagem<br>Sim<br> <br>Manual De Montagem<br>Sim<br> <br>Dificuldade De Montagem<br>4<br> <br>Tonalidade<br>Branco<br> <br>Prateleiras<br>3<br> <br>Peso Suportado Gavetas Prateleira<br>5kg<br> <br>Numero De Portas<br>5<br> <br>Tipo De Portas<br>Bater<br> <br>Tipo De Dobradiças<br>Metalica<br> <br>Material Dos Puxadores<br>Polietileno<br> <br>Divisões Internas<br>2<br> <br>Pintura Interna<br>Branca<br> <br>detalhes<br>posui 5 portas mais suas prateleiras internas</p><p><br>- (Imagens meramente ilustrativas: os eletros e a decoração não acompanham o produto.)</p><p>Recomendações para uma boa conservação:Evitar a exposição direta à luz solar e à umidadePara limpeza, Limpar com pano macio e seco,<br>não utilizar qualquer outro tipo de produtos químicos tais como:<br>(alvejante, álcool, desinfetante, detergente, sabão em pó, sabão líquido entre outros)</p><p>Observações Importantes:As cores podem sofrer variações de acordo com o monitor, iluminação do ambiente em que encontra-se e até por sua percepção visual comparado ao ambiente residêncial.</p><p>ATENÇÃO GARANTIA NÃO COBRE: DANOS E AVARIAS CAUSADAS NO PRODUTO NA HORA DA MONTAGEM A POR ESTE MOTIVO A MONTAGEM DEVE SER FEITA POR UM PROFISSIONAL QUALIFICADO</p><p>Nossas entregas são feitas através Transportadora, entregamos até a porta de entrada da casa do cliente ou até a portaria do condomínio</p><p>NÃO SUBIMOS ESCADA, ELEVADORES, OU ADENTRAMOS DENTRO DA RESIDÊNCIA DO CONSUMIDOR</p><p>NÃO EFETUAMOS A MONTAGEM, ELA É DE RESPONSABILIDADE DO COMPRADOR</p><p>GARANTIA: 90 DIAS CONTRA DEFEITOS DE FABRICAÇÃO</p>","{""quantidade_de_portas"":""5 Portas"",""tipo"":""Aéreo""}",,,5 Portas,,Aéreo,,,,,,,,,Bela Casa Movelaria,MDP,5,Branco,Aéreo,Não informado,3,Não informado,Não informado,MDP,Não informado,Não informado,Cozinha,Casa Mobilia,MDP,5 Portas,Branco,Aéreo,,Convencional
arede||3500001849,Armário,Armário Aéreo Suspenso 3 Portas 1 Prateleira Cozinha Modulada 105 cm Organizador Multiuso Preto,"<p>Praticidade e facilidade são os principais pontos do armário aéreo da Itatiaia, perfeito para guardar seus mantimentos. Possui 3 Portas. Complementando sua cozinha e trazendo versatilidade para organizar sua cozinha com muita beleza.</p> <p>Especificações:</p> <p>Comprimento: 105 cm</p> <p>Largura: 28 cm</p> <p>Altura: 40 cm</p> <p>3 Portas</p> <p>1 Prateleira</p> <p>Cor: PRETO</p> <p>As configurações do seu monitor ou dispositivo móvel podem afetar a tonalidade da cor do produto. Conferir na descrição.</p> <p>Recomendação de Limpeza: Limpar com pano seco para retirar o pó. Não aplicar produtos abrasivos.</p> <p>Produtos de Enfeite e Eletrônicos Não Estão Inclusos.</p>","{""marca"":""Itatiaia"",""quantidade_de_portas"":""3 Portas""}",Itatiaia,,3 Portas,,,,,,,,,,,Itatiaia,Não informado,3 Portas,PRETO,Aéreo,Não informado,1 Prateleira,Sim,Suspenso,Não informado,Modulada,Não informado,Cozinha,Itatiaia,,3 Portas,Preto,Aéreo,,Convencional
2cozy-amesuacasa||1454172,Armário,Armário Multiuso 2 portas de vidro Ditália C/Kit Luz E-957,"<p>Seu ambiente vai ficar muito mais bonito e organizado com a Cristaleira / Estante para Livros Ditália E-957 COM KIT LUZ. Prática, funcional e segura, a cristaleira possui 2 portas em vidro,kit de iluminação e 4 prateleiras quesuportam até 20 kg cada. O móvel, além de compor ambientes, é ideal para acomodar aparelhos de jantar, livros, utensílios, objetos de decoração e outros.</p><p>CARACTERÍSTICAS</p><p>Produzido em MDP de 15 mm com revestimento em pintura UV FOSCO.</p><p>Portas com molduras em MDF e vidro TRANSPARENTE.</p><p>Possui prateleiras que suportam até 20 kg.</p><p>Puxadores em alumínio.</p><p>KIT LUZ</p><p>Kit com 3 lâmpadas de LED de 5 watts cada e 1 controle remoto.</p><p>2 níveis de ajuste de brilho, timer de 30 minutos e botão liga/desliga via controle remoto.</p><p>É possível também ligar e desligar tocando no interruptor diretamente na lente das luzes.</p><p>Fácil fixação com adesivo dupla face.</p><p>Alimentado por pilhas AAA (inclusas).</p><p>Dimensão das lâmpadas: 9x7x2,1 cm.</p><p>Dimensão docontrole remoto: 8x5,9x1,5 cm.</p><p><br></p><p>INFORMAÇÕES TÉCNICAS</p><p>Peso: 35,300 kg</p><p>Largura: 80 cm</p><p>Altura: 151 cm</p><p>Profundidade: 37,6 cm</p><p>Acompanha kit de ferragens e manual de montagem (montagem não inclusa).</p><p>Este produto é vendido desmontado em 1 volume, embalado em caixa de papelão com isopor nas laterais e revestidos com plásticos termoencolhível.</p><p>A fixação é feita por girofix, cavilhas e parafusos, não é necessário parafusar na parede.</p><p><br></p><p>PERGUNTAS FREQUENTES</p><p><br></p><p>1 - O produto é entregue montado?</p><p>Resposta: Nossos produtos são entregues desmontados. Os móveis são acompanhados de todos componentes necessários (manual de montagem, parafusos, pregos, puxadores e etc..) para que possam ser montados com facilidade.</p><p><br></p><p>2 - Vocês oferecem serviço de montagem?</p><p>Resposta: Não disponibilizamos este serviço.</p><p><br></p><p>3 - Qual o valor da entrega?</p><p>Resposta: O valor referente à entrega dependerá do destino final da mercadoria, para calcular o valor, é considerado o CEP do consumidor.</p><p><br></p><p>4 - Os produtos são novos?</p><p>Resposta: Sim, trabalhamos apenas com produtos novos.</p><p><br></p><p>5 - Vocês atendem todos os estados do Brasil?</p><p>Resposta: Sim, enviamos nossos produtos para todo o Brasil.</p><p><br></p><p>LIMPEZA</p><p>Limpar utilizando apenas pano umedecido com água, nunca utilizar abrasivos ou esponjas de aço.</p><p><br></p><p>GARANTIA</p><p>Garantia de 3 Meses (contra defeito de fabricação).</p><p><br></p><p>OBSERVAÇÕES</p><p>-Montar o móvel deitado de costas.</p><p>-Forrar o chão com o papelão das embalagens, aconselhamos a ser feita por um profissional.</p><p>Não expor o móvel a fontes de calor ou de umidade.</p><p>-As imagens indicam uma sugestão de uso e são apenas ilustrativas, os objetos decorativos não estão inclusos.</p>","{""marca"":""Ditália"",""material_da_estrutura"":""MDF, MDP"",""quantidade_de_portas"":""2 Portas"",""tipo"":""Multiuso""}",Ditália,"MDF, MDP",2 Portas,,Multiuso,,,,,,,,,Ditália,MDP,2,Não informado,Multiuso,Não informado,4,Sim,Kit de Iluminação,Vidro,Não informado,"Portas de Vidro, Prateleiras, Puxadores em Alumínio, Kit Luz","Livros, Utensílios, Objetos de Decoração",Ditália,MDF,2 Portas,Branco,,,Convencional
moveismix||58,Armário,Armário Multiuso 4 Prateleiras Vegas Tigus Baby,"Armário é mais que um item indispensável para organização, é um acessório que também faz parte da decoração do ambiente. Este armário é uma ótima opção para guardar os objetos do seu quarto, e da um up no ambiente.<br> <br> Marca: Tigus Baby<br> Modelo: Vegas<br> Quantidade de prateleiras: 4 <br> Ambiente: Quarto<br> <br> Dimensões do produto montado: <br> Altura: 174,5cm<br> Largura: 61cm<br> Profundidade: 36 cm<br> <br> Garantia do fornecedor: 03 Meses.","{""cor"":""Branco"",""prateleira"":""4"",""tipo"":""Multiuso""}",,,,Branco,Multiuso,,,4,,,,,,Tigus Baby,Não informado,Não informado,Não informado,Multiuso,Não informado,4,Não informado,Não informado,Não informado,Não informado,Não informado,Quarto,Tigus Baby,,,Branco,,,
casamoveisbr||5047-4337,Armário,Armário Modulado Supreme 2 Portas 71cm com 3 Gavetas 1 Cabideiro Com Espelho Robel Móveis,"Armário Modulado Supreme 2 Portas 71cm com 3 Gavetas 1 Cabideiro Com Espelho Robel Móveis Pensando em montar um quarto modulado? Temos todas as peças para você deixar seu quarto como sempre sonhou e ocupar todos os espaços do ambiente. <br>Bom, a primeira coisa que você deve fazer antes de montar um ambiente é se planejar, pensar na decoração, ter ideias e inspirações. Então vem a hora de realmente montar esse espaço, medir os cantos e ir atrás dos móveis.É muito simples de montar, que tal aderir a esta tendência? Informações técnicas do Armário Modulado Supreme 2 Portas 71cm com 3 Gavetas 1 Cabideiro Com Espelho Robel Móveis:<br>Altura: 235 cm<br>Largura: 71 cm<br>Profundidade: 54 cm<br> Observações:<br>100% MDF<br>Puxadores de alumínio<br>1 Porta com Espelho<br>3 Gavetas internas com corrediças telescópicas1 cabideiro<br>Maleiro<br>Pintura fosca<br>Pintura texturizada<br>","{""quantidade_de_portas"":""2 Portas""}",,,2 Portas,,,,,,,,,,,Robel Móveis,MDF,2 Portas,Não informado,Modulado,3 Gavetas,Não informado,Não informado,1 Cabideiro Com Espelho,Alumínio,Não informado,"1 Porta com Espelho, 3 Gavetas internas com corrediças telescópicas, 1 cabideiro, Maleiro",Não informado,Robel Móveis,MDF,2 Portas,Branco,Modulado,3 Gavetas,Convencional
madeiramadeira-openapi||838587,Armário,Armário Aéreo 120cm 3 Portas Conecta GenialFlex,"Que tal deixar a sua cozinha mais estilosa sem fazer muito esforço? Conheça já o Armário Aéreo 120cm 3 Portas GenialFlex Conecta, perfeito para você! O mobiliário conta com uma estrutura desenvolvida em MDP de 15mm, um material de alta qualidade que garante a você mais resistência ao seu produto. Além disso, possui um design moderno e sofisticado com acabamentos foscos em pintura UV, assegurando maior durabilidade e proporcionando um ótimo custo-beneficio para você. Outro detalhe importante do Armário Aéreo Conecta, é o fato dele conseguir suprir as suas necessidades em relação a ter um amplo espaço interno, pois o mesmo possui 3 portas e 1 prateleira, se tornando ideal para você que busca por uma organização maior, visando ter mais praticidade e funcionalidade no seu dia a dia.","{""marca"":""Genialflex"",""material_da_estrutura"":""MDP"",""quantidade_de_portas"":""3 Portas"",""tipo"":""Aéreo""}",Genialflex,MDP,3 Portas,,Aéreo,,,,,,,,,GenialFlex,MDP,3 Portas,Não informado,Aéreo,Não informado,1,Sim,Não informado,15mm,Moderno,Não informado,Cozinha,Genialflex,MDP,3 Portas,"[Ébano, Off White]",Aéreo,,Convencional
madeiramadeira-openapi||147520,Armário,Armário Alto Canto Reto 1 Porta Direita Glamy Madesa Branco,O Armário Alto Canto Reto Glamy Madesa é fabricado em MDF com acabamento em pintura UV na cor branca com uma porta direita. Suas dobradiças são metálicas e puxadores em alumínio.,"{""cor"":""Branco"",""marca"":""Madesa"",""material_da_estrutura"":""MDF"",""quantidade_de_portas"":""1 porta"",""tipo"":""Canto""}",Madesa,MDF,1 porta,Branco,Canto,,,,,,,,,Madesa,MDF,1,Branco,Canto Reto,Não informado,Não informado,Não informado,Não informado,MDF,Não informado,"Dobradiças metálicas, Puxadores em alumínio",Não informado,não tem navegation id,,,,,,
skymobile||15968110266,Armário,Armário 2 Portas Módena Nogal Touch 72200 Demóbile,"Procurando Móveis para quarto onde você consegue conciliar total qualidade com um lindo design e um excelente preço! Apresentamos esse lindo produto desenvolvido e fabricado pela Demóbile. Com um design imponente desenvolvido pela Demóbile, empresa que sempre pensa no melhor para os seus clientes. Produzido com total qualidade, o modelo conta com um sistema de produção sofisticado, onde todo processo é controlado garantindo a alta qualidade da marca. Com um ótimo espaço interno, esse modelo foi projetado pensando em todas as suas necessidades, isso não é incrível!? Não fique de fora e adquira já o seu!<br> <br>Descrição:<br>2 Porta<br>2 Gavetas<br>Cabideiro<br>Acabamento UV<br>Puxadores de Alumínio<br>Produzido em MDP<br> <br>Dimensões:<br>Altura: 218 cm<br>Largura: 79 cm<br>Profundidade: 47 cm<br>Peso: 54,30 kg<br> <br>Aviso: Não estaremos realizando a montagem, porém o produto estará acompanhado de um manual de instruções. Recomendamos que a montagem seja feita por profissionais.","{""cor"":""Nogal"",""marca"":""Demóbile"",""material_da_estrutura"":""MDP"",""quantidade_de_gavetas"":""2 Gavetas"",""quantidade_de_portas"":""2 Portas""}",Demóbile,MDP,2 Portas,Nogal,,2 Gavetas,,,,,,,,Demóbile,MDP,2 Portas,Nogal Touch,Não informado,2 Gavetas,Não informado,Não informado,Cabideiro,MDP,Não informado,Puxadores de Alumínio,Não informado,Demóbile,MDP,2 Portas,[Nogal Touch],Modulado,2 Gavetas,Convencional
acostaricacolchoes||27542S1602,Armário,Armário Itatiaia Aéreo PD 1PH-80 Gourmet G1 Branco,"<strong>Armário de Cozinha Itatiaia Aéreo PD 1PH-80 Madeira Gourmet G1 c/ 1 Porta Horizontal - Branco</strong><br> <br> Marca: <strong>Itatiaia</strong><br> Linha/Moelo: <strong>Itatiaia</strong><br><br>Dimensões(Cm): Comprimento(Profundidade): 32,00 x Largura: 80,00 x Altura: 34,20<br> <br> <strong>CARACTERÍSTICAS DE MÓVEIS</strong><br> <strong>Tipo de Estrutura do Móvel</strong><br> - 100% BP Texturizado<br> <strong>Tipo de Pintura</strong><br> - Pintura Texturizada<br> <strong>Tipo de Acabamento da Pintura</strong><br> - Fosca<br> <strong>Características de móveis</strong><br> - Armário Aéreo<br> - Módulo para Geladeira<br> <strong>Tipo de puxador</strong><br> - Metálico<br> <strong>Garantia</strong><br> - 3 Meses<br> <br> <br> <strong> Não nos responsabilizamos pela montagem/instalação dos produtos.</strong><br> <strong>Todas as informações divulgadas são de responsabilidade exclusiva do fabricante/fornecedor. </strong><br> <strong>Imagens Meramente Ilustrativas.</strong><br> <strong>Verifique com os fabricantes do produto e de seus componentes eventuais limitações à utilização de todos os recursos e funcionalidades.</strong>","{""marca"":""Itatiaia""}",Itatiaia,,,,,,,,,,,,,Itatiaia,Madeira,1,Branco,Aéreo,Não informado,Não informado,Não informado,Gourmet,100 BP Texturizado,Não informado,Não informado,Não informado,Itatiaia,,1 Porta,Branco,Aéreo,,Basculante
prbaby||CI5235,Armário,Armário Aéreo 1 Porta 40cm Évelin Duna/Cristal - Móveis Henn,"<strong>Armário Aéreo 1 Porta 40cm Évelin - Móveis Henn</strong><br>O Armário Aéreo 1 Porta Évelin auxilia na organização da sua cozinha. É ideal para você que busca um móvel que ocupa pouco espaço e ofereça beleza e praticidade. Ele conta com puxador na cor bronze que traz charme e elegância ao ambiente. O Aéreo 40cm faz parte da linha de cozinha moduladas Évelin da Henn, que oferece mais de 30 módulos para você criar o ambiente dos seus sonhos. <br><br><strong>ESPECIFICAÇÕES:</strong><br><strong>• </strong>Estrutura 100% MDF<br><strong>•</strong> Acabamento UV<br><strong>•</strong> 1 Porta<br><strong>• </strong>1 Prateleira<br><strong>•</strong> Dobradiças de 35mm<br><strong>•</strong> Puxadores modelo perfil em alumínio na cor bronze<br><br><strong>Dimensões:</strong><br>Tamanho do Produto (L x A x P): 40 x 67,5 x 31,5 cm<br><br><strong>Garantia:</strong> 3 meses<br><strong>Montagem: </strong>O Produto vai desmontado com manual e todos acessórios. Recomendamos que a montagem seja feita por um profissional<br><strong>Recomendação de Limpeza:</strong> Utilize pano levemente úmido<br><br><strong>Observações:</strong><br>- A <strong>LOJA</strong> se responsabilizará pela entrega dos produtos até onde as rodovias alcançam, entregas fluviais ou aéreas devem ser cotadas a parte.<br>- As imagens são ilustrativas, não acompanham objetos de decoração.<br>- A montagem será de responsabilidade do comprador. Não nos responsabilizamos, no ato da entrega, por subir escadas/elevadores ou transporte por guincho em apartamentos. Eventuais despesas são de responsabilidade do comprador.<br>- Confira as dimensões do produto e certifique-se de que passará normalmente por supostos elevadores, portas, escadas e/ou corredores de sua residência.<br>Para mais informações, acesse nossa Central de Atendimento.","{""cor"":""Cristal"",""marca"":""Henn"",""material_da_estrutura"":""MDF"",""tipo"":""Aéreo""}",Henn,MDF,,Cristal,Aéreo,,,,,,,,,Móveis Henn,MDF,1,Não informado,Aéreo,Não informado,1,Sim,Puxadores modelo perfil em alumínio na cor bronze,MDF,Não informado,Dobradiças de 35mm,Cozinha,Henn,MDF,1 Porta,[Duna Cristal],Aéreo,,Convencional
decorecomamor||123405p,Armário,Balcão Armário Branco C 1 Porta Alto C 4 Rodinhas,"&lt;br&gt;Armário Para Lavanderia 1 Porta Área de Serviço Multiuso Gabinete&lt;/br&gt;<br> &lt;br&gt;<br> &lt;br&gt;Lindo Armário para lavanderia com 4 prateleiras e abertura lateral para colocar escada, tábua de passar roupa ou o que desejar&lt;/br&gt;<br> &lt;br&gt;<br> &lt;br&gt;{ Dimensões do produto: }&lt;/br&gt;<br> &lt;br&gt;<br> &lt;br&gt;Altura: 160cm&lt;/br&gt;<br> &lt;br&gt;Largura: 42cm&lt;/br&gt;<br> &lt;br&gt;Profundidade: 34cm&lt;/br&gt;<br> &lt;br&gt;<br> &lt;br&gt;Armário com rodizios ( Rodinhas para facilitar a limpeza )&lt;/br&gt;<br> &lt;br&gt;Puxadores cromados&lt;/br&gt;<br> &lt;br&gt;Pintura Uv ( Melhor Acabamento )&lt;/br&gt;<br> &lt;br&gt;<br> <br>","{""marca"":""Decore Com Amor""}",Decore Com Amor,,,,,,,,,,,,,Não informado,Não informado,1 Porta,Branco,Armário Para Lavanderia,Não informado,4 prateleiras,Não informado,C 4 Rodinhas,Não informado,Não informado,Rodinhas,Área de Serviço Multiuso,Decore com Amor,,1 Porta,Branco,,,Convencional
moveisfuturo||35340,Armário,Armário Aéreo 2 Portas 80 cm Americana Cinza  Henn,"<p><span>Armário Aéreo 2 Portas 80 cm Americana Cinza – Henn</span></p><p><span>Para complementar sua cozinha e deixá-la muito mais prática, apresentamos o Armário Aéreo 2 Portas da linha Americana, desenvolvido pela Henn, com lindo design e materiais de alto padrão, oferecendo a durabilidade do móvel . Perfeito para organização de utensílios de sua casa, além de deixar a cozinha ainda mais bela e moderna. Aproveite e garanta já o seu!</span></p><p><span>Características Técnicas:<br> - Desenvolvido 100% em MDF<br> - Pintura na cor Cinza<br> - Acabamento em U.V Fosco<br> - Frente com usinagem em baixo relevo<br> - 2 Portas<br> - Dobradiças de 35 mm com amortecimento<br> - Puxadores em zamac na cor ouro velho<br> - 3 Repartições<br> - Produto de excelente qualidade<br> - Lindo Design</span></p><p><span>Dimensões:<br> Altura: 83 cm<br> Largura: 80 cm<br> Profundidade: 32,5 cm</span></p><p><span>* Atenção: Não realizamos a montagem ou instalação do produto, porém acompanha manual de instruções.</span></p><p><span>* Importante: Imprescindível a conferência no ato da entrega. Em caso de anormalidade, recuse.</span></p> ","{""marca"":""Henn"",""material_da_estrutura"":""MDF"",""quantidade_de_portas"":""2 Portas"",""tipo"":""Aéreo""}",Henn,MDF,2 Portas,,Aéreo,,,,,,,,,Henn,MDF,2 Portas,Cinza,Aéreo,Não informado,3 Repartições,Não informado,Não informado,MDF,Americana,"Dobradiças de 35 mm com amortecimento, Puxadores em zamac na cor ouro velho",Cozinha,Henn,MDF,2 Portas,Cinza,Aéreo,,Convencional
technoxcomercioltda||49071p,Armário,Armário Moderno Moderno Organizar 100% Pinus Simples Novidade,"<br>Crie invente e decore com a nova estante 3 Planos, confeccionada em madeira de reflorestamento.<br><br>Fabricada com pinus natural de primeira linha, Material de origem de exportação possuindo uma separação contra nós e umidades, buscando sempre uma harmonia na decoração atrelada a sustentabilidade.<br><br>Possuindo seu acabamento realizado em lixa grão 80, o que possibilidade ao cliente deixar em sua maneira natural ou utilizar qualquer pintura que melhor o agrade.<br><br>Reforçada e de construção robusta suporta até 15kg de peso em cada prateleira, é muito segura.<br><br>[DESCRIÇÃO DO PRODUTO]<br><br>- Altura: 60cm<br><br>- Largura: 50cm<br><br>- Profundidade: 30cm<br><br>- Prateleiras: Três<br><br>- Montagem: Super fácil em menos de 20 minutos.<br><br>- Produto: Estante 3 prateleiras<br><br>- Ambiente: Todos<br><br>- Material: 100% Pinus natural aparelhado<br><br>- Cor: Pinus Natural<br>","{""marca"":""Moderna"",""material_da_estrutura"":""Pinus"",""tipo"":""Moderno""}",Moderna,Pinus,,,Moderno,,,,,,,,,Não informado,Pinus,Não informado,Pinus Natural,Armário,Não informado,3,Não informado,Não informado,100 Pinus natural aparelhado,Moderno,Não informado,Não informado,Technox,Pinus,,,,,
decorecomamor||1423p,Armário,Armário Balcão Multiuso para Lavanderia Cozinha Banheiro,"ARMÁRIO BALCÃO GAVETEIRO MULTIUSO 2 GAVETAS COM RODINHAS<br><br><br>Balcão modulado para compor os móveis de sua Cozinha, Lavanderia, Escritório, Área de Serviço, Salão de Beleza..<br><br>Para você que procura um móvel que ocupa pouco espaço e que ofereça beleza e praticidade ideal para te ajudar na organização da sua cozinha, dispensa, lavanderia, com 02 gavetas espaçosas, 01 porta e com 01 prateleira interna, espaços suficientes para armazenarem seus utensílios domésticos, materiais de limpeza, etc, além de Rodinhas para facilitar sua locomoção na hora da limpeza do dia a dia.<br><br>Medidas:<br><br>Altura: 86cm<br><br>Largura: 36cm<br><br>Profundidade: 35cm<br><br><br>-Produto compacto e com os espaços bem distribuídos<br>-2 Gavetões com corrediças metálicas<br>-4 Rodinhas de ótima qualidade<br>-1 Porta com dobradiças metálicas e com Prateleira Interna<br>-Puxador em pintura cromada<br>-Pintura UV brilhante<br>-Ótima bancada para Bebedouro, Máquina de Café..<br>-Pode ser usado na Cozinha, Lavanderia, Escritório, diversas partes da casa<br>Cor : Branco","{""cor"":""Branco"",""marca"":""Decore Com Amor"",""quantidade_de_gavetas"":""2 Gavetas"",""tipo"":""Balcão, Multiuso""}",Decore Com Amor,,,Branco,"Balcão, Multiuso",2 Gavetas,,,,,,,,Não informado,Não informado,1,Branco,Balcão,2,1,Interna,Rodinhas,Não informado,Multiuso,"Gavetões com corrediças metálicas, Rodinhas de ótima qualidade, Porta com dobradiças metálicas, Prateleira Interna, Puxador em pintura cromada","Cozinha, Lavanderia, Escritório, Área de Serviço, Salão de Beleza",Decore com Amor,,1 Porta,Branco,,2 Gavetas,Convencional
madeiramadeira-openapi||371141,Armário,Armário de Aço 4 Portas GRF501/4 Pandin Móveis Azul Del Rey,+Arm%E1rio+totalmente+mont%E1vel%2C+dispensa+a+utiliza%E7%E3o+de+parafusos%2C+estrutura+em+chapas+%2324+e+%2326+%280%2C60mm+e+0%2C45mm%29+conta+com+quatro+portas+com+estampo+para+ventila%E7%E3o%2C+sistema+de+fechamento+de+var%E3o+de+3+pontos%2C+atrav%E9s+de+pist%E3o+para+cadeado+ou+fechadura+tipo+yale+com+2.,"{""cor"":""Azul"",""marca"":""Pandin"",""material_da_estrutura"":""Aço"",""quantidade_de_portas"":""4 Portas""}",Pandin,Aço,4 Portas,Azul,,,,,,,,,,Pandin Móveis,Aço,4 Portas,Azul Del Rey,Não informado,Não informado,Não informado,Não informado,Não informado,Não informado,Não informado,Não informado,Não informado,não tem navegation id,,,,,,
adjdecor||55925-18197,Armário,Nicho Organizador c/ 6 Gavetas Vintage Haia Q01 - ADJ Decor,"<br>O Nicho Organizador Vintage Haia Q01, possui um design sofisticado, proporcionando maior elegância, beleza e conforto para seu ambiente. Com excelente material e acabamento em pintura UV, esse produto lhe proporcionará qualidade e praticidade para seu dia a dia .<br><br>Especificações Técnicas do Nicho Organizador Vintage Haia Q01: <br><br>- Altura: 92,5 cm;<br>- Largura: 108 cm;<br>- Profundidade: 33,5cm;<br>- Peso: 25,18 kg.<br><br>Diferenciais do Nicho Organizador Vintage Haia Q01: <br><br>- Material utilizado em MDP de alta qualidade;<br>- 09 nichos internos com amplo espaço;<br>- Ideal para armazenar vários objetos;<br>- Acabamento com Pintura UV;<br>- Pés no formato Palito;<br><br>Recomendações de limpeza: <br><br>-Limpar com flanela limpa e seca. Não molhar o móvel e não expor em lugar úmido ou próximo de fontes de calor. Não usar produtos abrasivos.<br><br>Observações Importantes: <br><br>- As imagens ambientadas são meramente ilustrativas e podem apresentar itens que não compõe o produto;<br>- Objetos decorativos que aparecem na foto não acompanham o produto;<br>- As cores do produto podem variar de acordo com o monitor, a iluminação do ambiente, ou sua percepção visual;<br>- O Nicho Organizador Vintage Haia Q01 chegará desmontado para você, embora a dificuldade de montagem seja baixa, recomendamos que seja feita por um profissional;<br>- Confira as dimensões antes da compra e certifique-se de que o produto passará por elevadores, portas e corredores, já que nossa entrega não inclui a subida de lances de escada, ou o lançamento de produtos;<br>- Ao receber seus produtos, verifique no ato do recebimento qualquer dano na embalagem. Caso tenha algum, favor não assinar o comprovante de recebimento;<br>- Produto para uso residencial em ambiente interno, não devendo ficar exposto diretamente ao sol, calor e umidades excessivas.<br>",{},,,,,,,,,,,,,,ADJ Decor,MDP,Não informado,Vintage,Nicho,6,9,Não informado,Não informado,MDP,Vintage,Não informado,Não informado,ADJ Decor,MDP,,"[Preto, Colorido]",,6 Gavetas,
prmoveis||121150,Armário,Armário Multiuso Mobi 2 Portas Preto Fosco - Móveis Albatroz,"<strong>Armário Multiuso Mobi 2 Portas - Móveis Albatroz </strong><br>O Armário Multiuso Mobi é um móvel versátil que pode ser usado diversos cômodos, como quartos, áreas de serviço e escritórios. Sua interna conta com excelente distribuição de prateleiras para melhor disposição dos objetos. Multiuso Mobi é a escolha perfeita para amantes de um ambiente organizado.<br><br><strong>ESPECIFICAÇÕES:</strong><br><strong>•</strong> Estrutura em MDP<br><strong>•</strong> Pintura UV<br><strong>•</strong> 2 Portas<br><strong>•</strong> Dobradiça metálica<br><strong>•</strong> Puxadores em ABS<br><strong>•</strong> Prateleiras internas<br><strong>•</strong> Pés em ABS<br><br><strong>Dimensões:</strong><br>Tamanho do Produto (L x A x P): 50 x 181 x 37 cm<br><br><strong>Garantia:</strong> 3 meses<br><strong>Montagem:</strong> O Produto vai desmontado com manual e todos acessórios. Recomendamos que a montagem seja feita por um profissional<br><strong>Recomendação de Limpeza:</strong> Utilize pano levemente úmido<br><br><strong>Observações:</strong><br>- A <strong>LOJA</strong> se responsabilizará pela entrega dos produtos até aonde as rodovias alcançam, entregas fluviais ou aéreas devem ser cotadas a parte.<br>- As imagens são ilustrativas, não acompanham objetos de decoração.<br>- Pode haver alguma diferença de tonalidade entre a imagem e o produto, por conta do tratamento de imagens e a calibração de cores da sua tela.<br>- A montagem será de responsabilidade do comprador. Entregamos até a porta de entrada da residência ou até a portaria do condomínio. Não nos responsabilizamos, no ato da entrega, por subir escadas/elevadores ou transporte por guincho em apartamentos. Eventuais despesas são de responsabilidade do comprador.<br>- Confira as dimensões do produto no momento da compra e certifique-se de que passará normalmente por supostos elevadores, portas, escadas e/ou corredores de sua residência.<br>Para mais informações, acesse nossa Central de Atendimento.","{""quantidade_de_portas"":""2 Portas"",""tipo"":""Multiuso""}",,,2 Portas,,Multiuso,,,,,,,,,Móveis Albatroz,MDP,2 Portas,Preto Fosco,Multiuso,Não informado,Não informado,Prateleiras internas,"Dobradiça metálica, Puxadores em ABS, Pés em ABS",Não informado,Não informado,Não informado,Não informado,Móveis Albatroz,MDP,2 Portas,[Preto Fosco],,,Convencional
mega-mamute||15312,Armário,Balcão Fruteira Malu Nicioli Arezzo Rustic,"O Balcão Fruteira multiuso Malu da Nicioli, é compacto e funcional, certamente irá levar mais praticidade à sua cozinha, com espaço para organizar seus utensílios, nicho para micro-ondas, cestos para fruteira removíveis. Oferece tampo exclusivo ônix HD e estrutura em 100% MDP de 15 mm ligado a pintura UV, tornando o produto mais resistente e duradouro.<br><br>Modelo:Malu<br>PN:1825.132.1<br>Cor:Arezzo Rústic<br><br>Compacto e funcional<br>Espaço para organizar utensílios<br>Nicho para micro-ondas<br>Cestos para fruteira removíveis<br>Oferece tampo exclusivo ônix HD<br>Estrutura em 100% MDP de 15 mm<br><br>01 x Porta<br>01 x Prateleira<br>02 x Cestos de Plástico<br>04 x Pés<br>Pintura UV<br>Produto resistente e duradouro<br><br>Conteúdo da Embalagem:<br>01 x Balcão Fruteira Malu;<br>01 x Acessórios de Montagem;<br>01 x Manual de Montagem;<br><br>Fabricante:Nicioli<br>Garantia:3 meses com a fabricante<br>Dimensões (A x L x P):108,5 x 69 x 45 cm (Produto Montado)<br>Peso:25,68 Kg (Produto Montado)<br><br>Observações Relevantes:<br>Montagem: O produto vai desmontado, recomendamos a contratação de um profissional qualificado para a realização da montagem;<br>Você irá receber: 01 Volume;<br>- Todos os produtos vão embalados com total segurança;<br>- As cores dos produtos podem sofrer alterações dependendo do seu monitor;<br>- As imagens são meramente ilustrativas, não acompanham objetos de decoração e eletros;<br>- Confira as dimensões do produto no momento da compra e certifique-se de que passará normalmente por escadas, elevadores, portas e corredores.<br>- Não nos responsabilizamos no ato da entrega por montagens, desmontagens, instalações de produtos, nem utilização de guinchos ou equipamentos similares para acesso a pisos superiores em apartamentos;<br>- Observando as orientações acima, evita-se futuros desagrados ou imprevistos com a entrega do produto. Havendo despesas adicionais, serão de responsabilidade do cliente;<br><br>Link Manual de Montagem:<br>https://arquivo.megamamute.com.br/produtos/anexo/12/15312/15312_original.pdf<br><br>","{""marca"":""Nicioli"",""material_da_estrutura"":""MDP""}",Nicioli,MDP,,,,,,,,,,,,Nicioli,MDP,1,Arezzo Rustic,Fruteira,Não informado,1,Não informado,"Tampo ônix HD, cestos para fruteira removíveis",Plástico,Rustico,"Nicho para micro-ondas, cestos para fruteira removíveis",Cozinha,Nicioli,MDP,1 Porta,[Arezzo Rústic],,,Convencional
outletdasfabricas||ARM6005-90-30,Armário,Armário Multiuso Escritório 2 Porta 2 Prateleiras Organizador Sala de Estar Quarto Home Office Preto,"<p>O armário multiuso é ideal para organizar seu escritório e casa. Possui 2 portas e um espaço com 2 prateleiras. Compacto e com design discreto mantém seu escritório e casa ainda mais organizados e completos. Material resistente MDP. Proporcionando mais praticidade para seu escritório.</p> <p>Especificações:</p> <p>Comprimento: 76,60 cm</p> <p>Largura: 36,00 cm</p> <p>Altura: 115,00 cm</p> <p>2 Portas</p> <p>2 Prateleiras</p> <p>Estrutura: MDP</p> <p>Cor: Preto e Castanho</p> <p>As configurações do seu monitor ou dispositivo móvel podem afetar a tonalidade da cor do produto. Conferir na descrição.</p> <p>Recomendação de Limpeza: Limpar com pano seco para retirar o pó. Não aplicar produtos abrasivos.</p> <p>Produtos de Enfeite e Eletrônicos Não Estão Inclusos.</p>","{""marca"":""Appunto"",""material_da_estrutura"":""MDP""}",Appunto,MDP,,,,,,,,,,,,Não informado,MDP,2,Preto,Multiuso,Não informado,2,2,Não informado,MDP,Não informado,Não informado,"Escritório, Casa, Sala de Estar, Quarto, Home Office",Appunto,MDP,2 Portas,[Preto e Castanho],,,Convencional
lojasmm||14515,Armário,Armario Organizador Qmovi 9 Nichos,"O Nicho Organizador é multifuncional, que pode ser utilizado em qualquer ambiente. Com 9 compartimentos internos, que contribuem para organização do local, o móvel possibilita a acomodação de diversos objetos. O Nicho ainda pode ser complementado pelo kit opcional de 3 gavetas, para melhor aproveitamento de sua divisão interna. O produto pode ser adquirido com pés Retrô ou kit com 4 rodízios.<br> <br> Caracteristicas<br> Móvel multifuncional: podendo ser utilizado em diversos ambientes;<br> Prateleiras: 9<br> Compartimentos: para organização;<br> Acabamento: revestido em pintura UV, que dá maior destaque à cor;<br> <br> Dimensões <br> Altura: 92,5 cm <br> Largura: 108 cm<br> Profundidade: 33,5 cm<br> <br> Peso: 24,73 kg<br> <br> Garantia: 3 meses","{""marca"":""Qmovi""}",Qmovi,,,,,,,,,,,,,Qmovi,Não informado,Não informado,Não informado,Organizador,3,9,Não informado,"kit opcional de 3 gavetas, pés Retrô ou kit com 4 rodízios",Não informado,Não informado,Não informado,Não informado,,,,Branco,,,
lojaolist||OLS7ISVWHAPK9I22,Armário,Porta Objetos Zen By Zen De Balcão Cromado E Branco,Porta Objetos Zen By Zen De Balcão Cromado E BrancoRef: 30326ProdutoMarca: ZenLinha: Zen By ZenAcabamento: Cromado E BrancoMaterial: Acrílico E InoxMedidas: 100Mm X 196Mm X 53Mm,,,,,,,,,,,,,,,Zen,Acrílico E Inox,Não informado,Branco,Porta Objetos,Não informado,Não informado,Não informado,Não informado,Acrílico E Inox,Não informado,Não informado,Não informado,tipo de produto,,,,,,
todosmoveis||1221,Armário,"Armário Baixo PE40 Pandin 79,20 cm (largura) em MDP Cor Walnut e Preto com Duas Portas","com uma mistura de elegância e praticidade o Armário Baixo PE40 em MDP, é mais um dos nossos campeões de venda. devido ser compacto o Armário da Pandin ganha em disparado em relação a outros produtos. com a alça na cor prata a peça ganha um charme, sua composição é:Tampo encabeçado de 40mm com borda de 1mm, prateleiras, Base, laterais e portas em MDP15mm com borda de 0,45mm, Retaguarda MDP 9mm, puxador tipo alça e ponteiras octogonais reguláveis. Indispensável para organização do seu escritório, e o incrível é que temos outros produtos da linha PE40 que fazem par com o Armário Baixo PE40 em MDP, ideal para montar o escritório todo com os móveis perfeitamente com a mesma aparência e qualidade. Maravilha né?","{""cor"":""Walnut, Preto"",""marca"":""Pandin"",""material_da_estrutura"":""MDP""}",Pandin,MDP,,"Walnut, Preto",,,,,,,,,,Pandin,MDP,Duas Portas,Walnut e Preto,Baixo,Não informado,Não informado,Não informado,Não informado,MDP,Não informado,"Tampo encabeçado de 40mm com borda de 1mm, prateleiras, Base laterais e portas em MDP15mm com borda de 045mm, Retaguarda MDP 9mm, puxador tipo alça e ponteiras octogonais reguláveis",Organização do seu escritório,Pandin,MDP,2 Portas,"[Walnut, Preto]",Baixo,,Convencional
rufinodecor||RUDEC0681,Armário,Armário 300 com 1 Porta e 1 Gaveta Benetil - Branco,"O armário 300 com seu lindo desing trás charme e elegância a qualquer ambiente, possui 1 gaveta e 1 porta acomoda galão de água até 20 litros, ideal para pequenos espaços, ficando muito bem organizado.<br> <br> Características:<br> Armário<br> Marca: Benetil<br> Modelo: Armário 300<br> Material Principal: MDP<br> Tipo Pintura: UV<br>Cor do Produto: Branco<br>Escala de Brilho: Fosco<br> Quantidade de Portas: 01<br> Quantidade de Prateleira: 01<br> Quantidade de Gavetas: 01<br> Material da Corrediça: Metálica<br> Possui Chave/ e Tranca: Não<br> Tipo de abertura: De Bater<br> Tipo de puxador: PVC<br> Complexidade da Montagem: Simples<br> Sistema de Montagem: Parafuso e Cavilha<br> Quantidade de Pés: 04<br> Possui Rodízio: Não<br> Altura dos Pés: 3cm<br> Material dos Pés: PVC<br> <br> Conteúdo da Embalagem:<br> 01 Armário 300 com 1 Porta e 1 Gaveta Benetil<br> <br> Dimensões:<br> Altura: 86 cm<br> Largura: 36 cm<br> Profundidade: 36 cm<br> Peso: 13 Kg<br> <br> Garantia do Fabricante: 03 meses (Contra defeitos de fabricação, contados a partir da data da emissão da nota fiscal).<br> <br> Atenção!!<br> As imagens são meramente ilustrativas<br> Os objetos decorativos não estão inclusos<br> Não nos responsabilizamos pela montagem ou instalação do produto<br> Entregamos até a porta de entrada da casa do cliente ou até a portaria do condomínio<br> O produto chegara em sua casa devidamente embalado portando 01 volume.","{""cor"":""Branco"",""marca"":""Benetil"",""material_da_estrutura"":""MDP"",""quantidade_de_gavetas"":""1 Gaveta"",""quantidade_de_portas"":""1 Porta""}",Benetil,MDP,1 Porta,Branco,,1 Gaveta,,,,,,,,Benetil,MDP,1,Branco,Armário,1,1,Não informado,Não informado,Não informado,Não informado,Não informado,Não informado,Benetil Móveis,MDP,1 Porta,Branco,,1 Gaveta,Convencional
panoramamoveis||64601,Armário,Armário Multiuso 2 Portas com Rodízios Milão Branco - Panorama Móveis,"Descrição:<br><br>O(a) Armário Multiuso 2 Portas com Rodízios Milão Branco - Loja é produzido em MDF e MDP na escala de brilho Fosco, e possui um grau de dificuldade de montagem: Médio.<br><br>Seu revestimento/acabamento é: Pintura UV.<br><br><br><br>Infelizmente a Loja não oferece serviço de montagem, deixamos essa informação bem clara em todas as nossas páginas de produto. Onde especificamos que os móveis chegarão desmontados, e que a montagem fica por conta do cliente.<br><br><br><br>Como não oferecemos esse serviço não embutimos o mesmo no preço dos produtos, ou seja, maior economia para você! Todos os nossos móveis também acompanham o manual de montagem, e caso você queira, pode realizar a montagem você mesmo, sempre especificamos os graus de montagem dos produtos.<br><br><br><br>Nos casos de grau baixo e médio, com pouco ou nenhum conhecimento, você mesmo pode efetuar a montagem, e fazer essa economia. Apenas nos graus de montagem alto, recomendamos a contratação de um montador com experiência, visto que são montagens mais complicadas. A montagem é feita com Parafusos, cavilhas e Minifix..<br><br><br><br>Este móvel é indicado para que seja utilizado no(a) Quarto e Lavanderia, dando um toque especial no cômodo de sua casa.<br><br>Para que você mantenha seu produto sempre em ótimo estado, recomendamos que use apenas um pano seco ou levemente umedecido, sem o uso de quaisquer produtos abrasivos.<br><br><br><br>A Loja garante aos clientes, 90 dias de garantia nos produtos, porém, recomendamos que entre em contato com o fornecedor/marca do produto, pois o mesmo(a), pode garantir um prazo maior de garantia.<br><br><br><br>Lembrando ainda que: quaisquer objetos decorativos que aparecem nas imagens, não acompanham o produto.<br><br>Características:<br><br>- Possui Pés?: Não<br>- Como os Móveis Chegarão na Minha Casa: Desmontado em caixas, acompanhado de todas as peças, ferragens e manuais para montagem.<br>- É frágil?: Sim<br>- Quantidade de Prateleiras: 3<br>- Possui Ripamento?: Não<br>- Possui Borda de PVC nas Bordas?: Sim<br>- Montagem Invertida?: Não Pode ser Montado Invertido<br>- Quantidade de Pés/Sapatas: 4<br>- Possui Chave?: Não<br>- Material do Puxador: ABS<br>- Pés com regulagem de altura?: Não<br>- Peso Suportado nas Prateleiras (kg): 5<br>- Peso Suportado nas Gavetas (kg): 5<br>- Material das Corrediças: Metálica<br>- Quantidade de Puxadores: 2<br>- Possui Suporte Para Vassoura: Não<br>- Possui Rodízios: Sim<br>- Observação: Objetos decorativos que aparecem nas imagens, não acompanham o produto.<br>- Necessita de Montagem: Sim<br>- Sistema de Montagem: Parafusos, cavilhas e Minifix.<br>- Quantidade de Ganchos: 1<br>- Indicação de Uso: Lavanderia<br>- Acompanha: Armário Multiuso<br>- Possui Sapatas?: Não<br>- Material das Dobradiças: Metálica<br>- Possui Rodízios?: Sim<br>- Garantia (dias): 90<br>- Grau de Dificuldade da Montagem: Médio<br>- Recomendação de Manutenção: Utilizar pano levemente umedecido, seguido de pano seco. Não utilizar quaisquer produtos abrasivos","{""cor"":""Branco"",""material_da_estrutura"":""MDF, MDP"",""quantidade_de_portas"":""2 Portas"",""tipo"":""Multiuso""}",,"MDF, MDP",2 Portas,Branco,Multiuso,,,,,,,,,Panorama Móveis,MDF e MDP,2,Branco,Multiuso,Não informado,3,Não informado,Rodízios,Não informado,Não informado,Não informado,Lavanderia,Panorama Móveis,"[MDF, MDP]",2 Portas,Branco,,1 Gaveta,Convencional
mobly||AR195CL11GZWMOB-184023,Armário,Armário Aéreo Com 2 Portas Cz418 70X66 Branco e Branco Art In Móveis,"Por que o Armário Aéreo Com 2 Portas Art In Móveis?O Armário Aéreo Com 2 Portas Art In Móveis é a opção ideal para que você consiga embelezar e organizar a sua casa. Confeccionado com materiais de qualidade, ele garante que o espaço fique arrumado e muito mais bonito. Incrível, né?","{""cor"":""Branco"",""marca"":""Art In Móveis"",""material_da_estrutura"":""MDP"",""quantidade_de_portas"":""2 Portas""}",Art In Móveis,MDP,2 Portas,Branco,,,,,,,,,,Art In Móveis,Não informado,2 Portas,Branco,Aéreo,Não informado,Não informado,Não informado,Não informado,Não informado,Não informado,Não informado,Não informado,não tem navegation id,,,,,,
acasaeletroemobilia||253p,Armário,Armário Aéreo de Cozinha 80cm Branco 2 Portas New Premium,"Informações do ProdutoProduto: Armário Itatiaia Aéreo de Cozinha Branco 2 Portas Gel New Premium Categoria: Armário Quando se trata de decorar uma cozinha pequena, muitas pessoas se deparam com um grande desafio. Afinal, é necessário encontrar um equilíbrio entre funcionalidade, praticidade e estilo em um espaço reduzido. É aí que entra o armário New premium 02 portas, beleza e desing funcional. Puxadores em ABS com acabamento metalizado ônix. Além de modernos, são fáceis de manusear, resistentes e bonitos. Informações adicionais Linha New Premium Modelo Armário 80 de Geladeira - 2 portas Cor Branco Neve Material Aço Revestimento/Pintura Eletrostática a pó Acabamento da Pintura Semi brilho Puxadores Acabamento metalizado Dimensões : Altura 0,40 cm / Largura 0,80 cm /Profundidade 0,30 cm Peso8.3kg3 meses de garantia da lojahttps://www.acasaeletroemobilia.com.br/politica-de-envio-e-prazohttps://www.acasaeletroemobilia.com.br/politica-de-trocas-devolucoes-e-reembolso","{""marca"":""Itatiaia"",""quantidade_de_portas"":""2 Portas"",""tipo"":""Aéreo""}",Itatiaia,,2 Portas,,Aéreo,,,,,,,,,Itatiaia,Aço,2,Branco,Aéreo,Não informado,Não informado,Não informado,Não informado,Gel,New Premium,Puxadores em ABS com acabamento metalizado ônix,Cozinha,Itatiaia,Aço,2 Portas,Branco,Aéreo,,Convencional
ebomdecomprar||11975,Armário,Armário Multiuso 626 2 Portas Carraro,"O Multiuso 626 pode ser utilizado de acordo com a criatividade de cada pessoa. Seja como armário para roupas, despensa de alimentos, móvel para a área de serviço ou sapateira, ele é perfeito para organizar a casa. <br><br><br>Características:<br>Ambiente:Área de Serviço<br>Estilo:Clássico<br>Material da Estrutura: MDP<br>Escala de Brilho:Semi-Brilho<br>Acabamento Estrutura: Pintura<br>Material do Fundo: MDF 2,5 mm<br>Cor Interna:Camurça<br>Suporta até (kg):34 kg<br>Possui Pés:Não<br>Sapatas Niveladoras?Não<br>Possui Portas:02<br>Material da Porta: MDP<br>Tipo de Porta:Bater<br>Tipo de Puxador da Porta:Externo<br>Material do Puxador da Porta: ABS<br>Tipo de Dobradiça/Corrediça da Porta:Metálica<br>Acabamento da Porta:Pintura<br>Escala de Brilho da Porta:Semi-Brilho<br>Possui Prateleiras:4<br>Material da Prateleira: MDP<br>Acabamento da Prateleira:Pintura<br>Escala de Brilho da Prateleira:Semi-Brilho<br>Peso Máximo por Prateleira:6 kg<br><br><br>Dimensões do produto:<br>Largura:56 cm<br>Altura:169 cm<br>Profundidade:33,5 cm<br>Peso:23,80 kg<br><br><br>Garantia do fornecedor é de 3 meses.","{""cor"":""Ébano""}",,,,Ébano,,,,,,,,,,Carraro,MDP,2,Não informado,Multiuso,Não informado,4,MDP,Não informado,MDF,Clássico,Não informado,Não informado,Carraro Móveis,MDP,2 Portas,Ébano,Modulado,,Convencional
ebbamoveis||21740,Armário,Armário Multiuso Flex 2 Portas Com Chave E Cabideiro Master Imop Wengue Naturale,"Armário Multiuso 2 Portas Com Chave E Cabideiro Master Imop Wengue Naturale<br><br><p>Renove seu espaço com estilo e organização! Apresentamos o Armário Multiuso 2 Portas Com Chave E Cabideiro Master Imop, uma solução perfeita para manter seus pertences seguros e bem organizados. Com seu design elegante e acabamento de alta qualidade, este armário é ideal para qualquer ambiente, seja em sua casa, escritório ou até mesmo em sua loja.</p><br> <br> <br><br>DIMENSÕES<br> <br> Altura: 182 cm<br> <br> Largura: 62 cm<br> <br> Profundidade: 38 cm<br> <br> <br><br>CARACTERÍSTICAS<br> <br> Acabamento: Pintura UV<br> <br> Altura dos Pés: 7 cm<br> <br> Ambiente Principal: Quarto<br> <br> Cor Do Produto: Wengue Naturale<br> <br> EAN: 7908297303855<br> <br> Escala De Brilho Da Porta: Semi-Fosco<br> <br> Escala De Brilho Da Prateleira: Semi-Fosco<br> <br> Estilo: Moderno<br> <br> Itens Inclusos: 1 Comoda Multiuso(Armário) + 1 Manual De Montagem<br> <br> Material Do Puxador: Bronze<br> <br> Material Dos Pés: Polipropileno<br> <br> Material Principal: MDP<br> <br> Modelo: Master<br> <br> Montagem Flex: Não<br> <br> Necessita fixação na parede: Não<br> <br> Número De Prateleiras: 4<br> <br> Peso Máximo Por Prateleira: 5 kg<br> <br> Peso: 32,06 kg<br> <br> Quantidade de Pés: 4<br> <br> Quantidade de portas: 2<br> <br> Quantidade Puxadores: 2<br> <br> Referência: 16803.134<br> <br> Tipo De Corrediça Da Gaveta: Metálica Telescópica<br> <br> Tipo De Dobradiça Da Porta: Aço<br> <br> Tipo De Puxador Da Porta: Externo<br> <br> Volumes: 1<br> <br> <br><br>INFORMAÇÕES IMPORTANTES<br> <br> Acompanha Manual de Instalação: Sim, Manual acompanha produto<br> <br> Complexidade Da Montagem: Média: Deverá ser montado por um especialista em montagem<br> <br> Garantia: 90 dias, após o recebimento do produto<br> <br> Informações Complementares: Os objetos que ambientam as fotos não acompanham o produto<br> <br> Necessita Montagem: Sim, o produto é vendido desmontado<br> <br> Recomendações De Uso: Para manter seu móvel novo por muito mais tempo, evite locais úmidos, mantenha-o distante de líquido<br> <br> Sobre A Montagem: A loja não oferece serviço de montagem dos produtos<br>","{""cor"":""Wenguê"",""material_da_estrutura"":""MDP"",""quantidade_de_portas"":""2 Portas"",""tipo"":""Multiuso""}",,MDP,2 Portas,Wenguê,Multiuso,,,,,,,,,Master Imop,MDP,2,Wengue Naturale,Multiuso,Não informado,4,Não informado,Com Chave E Cabideiro,MDP,Moderno,1 Comoda MultiusoArmário  1 Manual De Montagem,Não informado,Móveis Imop,MDP,2 Portas,[Wengue Naturale],,,Convencional
decorecomamor||118089p,Armário,Armario Balcão  Para galão de água  Para lavanderia,"CARRINHO AUXILIAR<br><br>CARRINHO AUXILIAR MULTIUSO<br><br><br>MEDIDAS:<br>ALTURA: 65CM<br>LARGURA: 39CM<br>PROFUNDIDADE: 30CM<br><br>ALTURA ENTRE AS PRATELEIRAS DE 25CM<br><br>COR: BRANCO<br><br><br>BEM MAIS RESISTENTE A RISCOS E DANOS<br>COM 4 RODÍZIOS ( RODINHAS ) PARA FACILITAR A LOCOMOÇÃO<br>COM 3 PRATELEIRAS BEM ÚTEIS PARA DIVERSOS AMBIENTES.<br>PODE TAMBÉM USAR COMO FRUTEIRA, CARRINHO DE BEBIDAS, CARRINHO PARA MANICURES, ORGANIZADOR DE BRINQUEDOS ,TINTAS LINHAS ENTRE OUTROS, DE ACORDO COM SUA NECESSIDADE.","{""cor"":""Branco"",""marca"":""Decore Com Amor""}",Decore Com Amor,,,Branco,,,,,,,,,,Não informado,Não informado,Não informado,BRANCO,Balcão,Não informado,3,Não informado,COM 4 RODÍZIOS  RODINHAS  PARA FACILITAR A LOCOMOÇÃO,Não informado,Não informado,Não informado,"Para galão de água, Para lavanderia",Decore com Amor,,,Branco,,,
thlmoveis||86159,Armário,Balcão de cozinha e Armário aéreo Vanessa Cinza Fosco - AJL Móveis,"<p>O <strong>Balcão Gabinete</strong> com tampo e <strong>Armário aéreo</strong> Vanessa Cinza Fosco da AJL são os produtos que você procura, vem conferir!</p><p><br></p><p>Escolher os móveis da cozinha, não é uma tarefa fácil, pois, precisamos pensar no espaço disponível, no modelo dos produtos, na cor, na qualidade entre diversos outros detalhes. Para te ajudar, vamos apresentar os produtos que foram desenvolvidos especialmente para quem possui uma <strong>cozinha compacta</strong> e precisa manter seu espaço sempre organizado.</p><p><br></p><p>Pensando em praticidade e funcionalidade, o <strong>Balcão de cozinha</strong> possui um tampo para deixar seus utensílios e eletrodomésticos sempre a vista, conta também com 3 portas, 1 prateleira, pés em PVC e 1 gaveta com corrediças metálicas, perfeitos para guardar seus talheres, panelas e mantimentos. Já o <strong>Armário suspenso</strong>possui 2 portas, 5 nichos com repartições para temperos, potes, decorações e tudo o que precisar. Ambos os móveis, são produzidos 100% em MDP, acabamento em pintura UV, puxadores embutidos e dobradiças metálicas, garantindo resistência e durabilidade aos produtos.</p><p><br></p><p>Não dá para perder, né? Adicione ao carrinho e leve agora mesmo!</p><p><br></p><p><br></p><p><strong>Dimensões do Produto</strong></p><p><strong>Armário aéreo:</strong> 105cm x 50cm x 38cm.</p><p><strong>Balcão:</strong> 105cm x 79cm x 38cm.</p><p><strong>Tampo: </strong>105cm x 2cm x 38cm.</p><p><strong>Peso:</strong> 37 Kg.</p><p><br></p><p><br></p><p><strong>Características do Produto</strong></p><p><strong>Material da Estrutura:</strong> MDP 15 mm.</p><p><strong>Material do Fundo:</strong> MDF 3 mm.</p><p><strong>Peso Suportado:</strong> 30 Kg distribuídos.</p><p><strong>Acompanha Tampo:</strong> Sim.</p><p><strong>Acabamento:</strong> Pintura UV.</p><p><strong>Escala de Brilho:</strong> Fosco.</p><p><strong>Quantidade de Portas:</strong> 5 Portas.</p><p><strong>Material da Porta:</strong> MDP.</p><p><strong>Tipo de Porta:</strong> Convencional.</p><p><strong>Quantidade de Gavetas:</strong> 1 Gaveta.</p><p><strong>Material da Gaveta:</strong> MDP.</p><p><strong>Tipo de Puxador:</strong> Plástico.</p><p><strong>Tipo de Corrediças:</strong> Metálicas.</p><p><strong>Possui Prateleiras:</strong> Sim.</p><p><strong>Quantidade de Prateleiras:</strong> 2 Prateleira.</p><p><strong>Material da Prateleira:</strong> MDP.</p><p><strong>Possui Nichos:</strong> Sim.</p><p><strong>Quantidade de Nichos:</strong> 5 Nichos.</p><p><strong>Possui Pés:</strong> Sim.</p><p><strong>Tipo de Pés:</strong> PVC.</p><p><strong>Diferenciais:</strong></p><p>Design moderno.</p><p>Amplo espaço interno.</p><p><strong>Sistema de Montagem:</strong> Cavilhas/Parafusos.</p><p><strong>Manual de Montagem:</strong> Sim.</p><p><strong>Complexidade da Montagem:</strong> Média.</p><p><strong>Volumes:</strong> 2 Volumes.</p><p><strong>Conteúdo da Embalagem:</strong> 1 Balcão, 1 Armário.</p><p><strong>Garantia do Fabricante:</strong> 90 dias contra defeito de fabricação.</p><p><strong>Montagem:</strong> Recomendamos que seja feita por um profissional.</p><p><strong>Recomendação de Limpeza:</strong> Utilize pano úmido.</p><p><br></p><p><strong>Observações importantes</strong></p><p>Produto para uso residencial em ambiente interno, não devendo ficar exposto diretamente ao sol, calor e umidades excessivas.</p><p>Pode haver alguma diferença de tonalidade entre a imagem e o produto real, por conta do tratamento de imagens e a calibração de cores do seu monitor.</p><p>As imagens são meramente ilustrativas, não acompanham objetos de decoração e eletrônicos.</p><p>Ao receber a mercadoria, o cliente deve verificar as condições da embalagem, caso haja alguma avaria não assine o comprovante de recebimento.</p><p>Montagem, desmontagem e outras instalações serão de responsabilidade do cliente. Não nos responsabilizamos, no ato da entrega, por subir escadas/elevadores ou pelo transporte por guincho em apartamentos. Eventuais despesas são de responsabilidade do comprador.</p><p>Confira as dimensões do produto e certifique-se de que passará normalmente por supostos elevadores, portas, escadas e/ou corredores de sua residência.</p>","{""cor"":""Cinza"",""marca"":""AJL Móveis"",""material_da_estrutura"":""MDF, MDP"",""tipo"":""Aéreo""}",AJL Móveis,"MDF, MDP",,Cinza,Aéreo,,,,,,,,,AJL Móveis,MDP 15 mm,5 Portas,Cinza Fosco,Armário aéreo,1 Gaveta,2 Prateleira,MDP,Não informado,MDP,Não informado,Não informado,Não informado,AJL Móveis,MDP,"[3 Portas, 5 Portas]",Cinza Fosco,Aéreo,1 Gaveta,Convencional
lymdecor-tray||13575,Armário,Armário Multiuso com 02 Portas Elis Branco - Lyam Decor,"<p> Descrição do produto: O Armário Multiuso Elis é um móvel pensado para organizar! Versátil, é a peça chave para quem quer ter um cantinho organizado! Além de cair bem para qualquer ambiente. Possui 03 prateleiras para acomodar utensílios diários. Facilita a organização, otimizando o espaço sem perder a qualidade, beleza, sofisticação e multifuncionalidade do móvel. Garanta já o seu! </p> <p> Dimensões do produto (L x A x P) <br> 40 cm x 1,95 cm x 39,5 cm </p> <p> Características: <br> Estrutura de MDP 15mm.<br> Padrão de acabamento melamínico B.P fosco, aplicação que garante maior resistência a riscos, qualidade e durabilidade ao produto.<br> Suporta até 6 kg distribuídos.<br> Contém 03 prateleiras, e 02 portas com dobradiças metálicas.<br> Puxadores na cor cinza, modelo perfil.<br> Acompanha manual de montagem. </p> <p><br> <br> Observações importantes: <br> - Produto para uso residencial em ambiente interno, não devendo ficar exposto diretamente ao sol, calor e umidade excessivos.<br> - Pode haver alguma diferença de tonalidade entre a imagem e o produto real, por conta do tratamento de imagens e a calibração de cores do seu monitor.<br> - As imagens são meramente ilustrativas, não acompanham objetos de decoração e eletrônicos.<br> - Ao receber a mercadoria, o cliente deve verificar as condições da embalagem, caso haja alguma avaria não assine o comprovante de recebimento.<br> - Montagem, desmontagem e outras instalações serão de responsabilidade do cliente. Não nos responsabilizamos, no ato da entrega, por subir escadas/elevadores ou pelo transporte por guincho em apartamentos. Eventuais despesas são de responsabilidade do comprador.<br> - Confira as dimensões do produto e certifique-se de que passará normalmente por supostos elevadores, portas, escadas e/ou corredores de sua residência. </p>","{""cor"":""Branco"",""material_da_estrutura"":""MDP"",""quantidade_de_portas"":""2 portas"",""quantidade_de_prateleiras"":""3 prateleiras"",""tipo"":""Multiuso""}",,MDP,2 portas,Branco,Multiuso,,3 prateleiras,,,,,,,Lyam Decor,MDP 15mm,2,Branco,Multiuso,Não informado,3,Não informado,Não informado,Não informado,Não informado,"Dobradiças metálicas, Puxadores cinza modelo perfil",Não informado,Lyam Decor,MDP,2 Portas,Branco,,,Convencional
decorecomamor||167885p,Armário,Kit com Dois  Armario para banheiro Para Cozinha balção aparador,"KIT 2 Mesas De Cabeceira<br><br>Pensando num ambiente com sofisticado desenvolvemos mesa de cabeceira click com pés em madeira maciça e estilo retrô , seguindo as tendência do mercado criou este armário que combina com qualquer tipo de quarto. Ideal para deixar o seu quarto bem organizado e confortável.<br><br>KIT 2 Mesas De Cabeceira<br><br>Dimensões montado:<br>Altura: 58 cm<br>Largura: 39 cm<br>Profundidade: 32 cm<br><br>Observações:<br>Produto em madeira de alta resistência<br>Pés estilo palito feitos em madeira maciça;<br>Prático e leve;","{""marca"":""Decore Com Amor"",""material_da_estrutura"":""Madeira"",""tipo"":""Balcão""}",Decore Com Amor,Madeira,,,Balcão,,,,,,,,,Não informado,Não informado,Não informado,Não informado,Armario,Não informado,Não informado,Não informado,Não informado,madeira,retrô,Não informado,"banheiro, cozinha",Decore com Amor,,,Branco,,,
madeiramadeira-openapi||833200,Armário,Kit 2 Armários para Escritório 2 Portas de Vidro ME4115 e ME4114 Espresso Móveis,"O Armário para Escritório ME4115 alto é ideal para acomodar objetos ao seu estilo, pois possui 2 portas de vidro para melhor conservação dos produtos no seu interior, além disso, tem 4 prateleiras internas espaçosas e resistentes, material em MDP, acabamento em BP. O design é arrojado e diferenciado, você conseguirá acomodar os objetos ao seu gosto e dar um toque especial no visual da decoração no seu ambiente. O Armário para Escritório ME4114 com 2 Portas de Vidro é ideal para acomodar objetos ao seu estilo, pois possui 2 prateleiras internas ultra espaçosas e resistentes, suportando 12kg em cada prateleira, porta de vidro para melhor visualização interna no móvel e também possui 3 gavetas para maior facilidade na hora de guardar documentos que você não deseja mostrar. Amplo espaço para armazenar livros, documentos e objetos que manterão seu escritório organizado, material em MDP, acabamento em BP.","{""marca"":""Espresso Móveis"",""material_da_estrutura"":""MDP"",""quantidade_de_gavetas"":""3 Gavetas"",""quantidade_de_portas"":""2 Portas""}",Espresso Móveis,MDP,2 Portas,,,3 Gavetas,,,,,,,,Espresso Móveis,MDP,2,Espresso,Armário para Escritório,3,4,prateleiras internas espaçosas e resistentes,porta de vidro para melhor visualização interna no móvel,MDP,arrojado e diferenciado,2 portas de vidro,Escritório,Espresso Móveis,MDP,2 Portas,Marrom,Modulado,3 Gavetas,Convencional
multimoveis2||FG5403680,Armário,Armário de Cozinha Multimóveis Calábria 70 cm 1 Porta Basculante FG5403 Madeirado,"<p>A Multimóveis lançou a linha Calábria, uma nova alternativa de cozinhas moduladas.</p><p>Lindo, prático e funcional, o armário aéreo basculante Calábria Multimóveis, possuí belíssimo acabamento e excelente espaço interno para você utilizar na cozinha, áreas ou onde sua imaginação mandar, pois, este produto é muito versátil, fica muito bem em diversos ambientes.</p><p>Seu diferencial fica por conta dos puxadores em alumínio na cor bronze.</p><br><p>Dimensões do produto montado:</p><p>Altura: 34 cm</p><p>Largura: 70 cm</p><p>Profundidade: 30,5 cm</p><br><p>Observações: A Multimóveis não disponibiliza serviço de montagem. O produto segue com manual de instalação e todas as ferragens necessárias para sua montagem.</p><p>Acompanha nota fiscal.</p><p>Imagem ilustrativa: os eletros, utensílios e a decoração não acompanham o produto.</p><br>","{""cor"":""Nogueira"",""marca"":""Multimóveis"",""quantidade_de_portas"":""1 Porta"",""tipo"":""Aéreo, Basculante""}",Multimóveis,,1 Porta,Nogueira,"Aéreo, Basculante",,,,,,,,,Multimóveis,Madeira,1,Madeirado,Aéreo Basculante,Não informado,Não informado,Não informado,Não informado,Não informado,Não informado,Puxadores em alumínio na cor bronze,Cozinha,Multimóveis,MDP,1 Porta,Madeirado,Aéreo,,Convencional
magazineluiza||073888101,Armário,Armário de Cozinha Aéreo de Canto Madesa Glamy New,"Armário de Cozinha Aéreo de Canto reto Madesa G2575209GN. O modelo Reflecta 94x66cm é o elemento que você precisa para dar aquela incrementada no seu ambiente e deixar sua cozinha com um toque especial de decoração. Com 1 porta batente, produzido em estrutura MDP 15mm, revestimento em pintura poliéster de alta resistência e acabamento fosco, ele é perfeito para compor o ambiente com um tom de modernidade que a Linha Glamy New oferece.","{""marca"":""Madesa"",""tipo"":""Aéreo, Canto""}",Madesa,,,,"Aéreo, Canto",,,,,,,,,Madesa,MDP,1,Não informado,Aéreo,Não informado,Não informado,Não informado,Não informado,Não informado,Não informado,Não informado,Cozinha,não tem navegation id,,,,,,
lojasprimelar||MULTTEXASJA0071,Armário,Multiuso Armário Organizador Com 2 Portas E Chave Texas,"<p>Multiuso Armário Organizador Com 2 Portas E Chave Texas</p><p>O Multiuso Texas foi desenvolvido pensando em funcionalidade e segurança. Com fechadura para travamento das portas, é ideal para armazenagem de itens pessoais que necessitam de maior cuidado. Possui 5 nichos internos, 4 pés, pintura UV com acabamento em verniz brilho, oferecendo maior durabilidade e resistência ao móvel. Móvel coringa que irá se adequar as suas necessidades.</p> <p>Medidas do produto Montado:</p><p>*ALTURA 1,80</p><p>*COMPRIMENTO 0.63</p><p>*LARGURA 0.35</p> <p>CARACTERISTICAS:</p><p>*Fabricado em MDP</p><p>*Pintura UV E Verniz Brilhante</p><p>*5 Nichos</p><p>*4 Pés</p><p> *Porta com Chave</p> <p>OBSERVAÇÕES IMPORTANTES</p><p>*Produto não deve ficar exposto diretamente ao sol, calor e umidades excessivas.</p><p>*Recomendamos que para LIMPEZA utilize somente pano seco ou levemente umedecido com água e seguido de pano seco, não utilizar produtos químicos ou abrasivos.</p><p>*Imagens meramente ilustrativas, produto não acompanha objetos de decorações e eletrônicos.</p><p>*Ao receber, verifique a embalagem. Se detectar alguma parte danificada ou com violações na mesma, recuse o recebimento e nos contate.</p><p>*Não nos responsabilizamos no ato da entrega, por subir escadas/elevadores etc...</p><p>*Não nos responsabilizamos pela montagem, e por problemas causados pela montagem realizada por você ou montador contratado.</p><p>*Enfatizamos a recomendação aos nossos clientes de contratar um montador profissional.</p><p>*Eventualmente, se faltar qualquer peça ou acessório do produto, nos contate imediatamente para solução do ocorrido.</p><p>*Produto pode sofre alteração na cor dependendo do monitor...</p><p>*Garantia do Fabricante: 03 Meses </p>","{""quantidade_de_portas"":""2 Portas"",""tipo"":""Organizador, Multiuso""}",,,2 Portas,,"Organizador, Multiuso",,,,,,,,,Texas,MDP,2,Não informado,Multiuso,Não informado,5,Não informado,Com Chave,MDP,Não informado,4 Pés,Não informado,Lojas Primelar,MDP,2 Portas,,,,Convencional
ajl||189801p,Armário,Conjunto Armario Aéreo c/ Fruteira Balcão Com Suporte Para Bebedouro,"** CLIQUE AQUI PARA VER AS MEDIDAS **<br><br>ARMÁRIO BALCÃO COM RODINHAS E ARMÁRIO AÉREO 2 PORTAS MULTIUSO<br><br>Para você que procura um móvel que ocupa pouco espaço e que ofereça beleza e praticidade desenvolvemos esses lindos armários, ideal para te ajudar na organização da sua cozinha, dispensa e lavanderia. Armário Balcão com 01 gaveta espaçosa, 01 porta e tem 02 espaços suficientes para armazenarem frutas, legumes etc, além de Rodinhas para facilitar sua locomoção na hora da limpeza do dia a dia, Armário Aéreo 02 Portas, além de 01 Nicho, com espaço suficiente para armazenar temperos, materiais de limpeza e panos.<br><br><br>ARMÁRIO BALCÃO MULTIUSO COM RODINHAS<br><br>[MEDIDAS]<br><br>- Altura: 72cm<br>- Largura: 60cm<br>- Profundidade: 34cm<br><br>[DESCRIÇÃO DO PRODUTO]<br>-Produto compacto e com os espaços bem distribuídos<br>-1 Gavetão com corrediças metálicas<br>-4 Rodinhas de ótima qualidade<br>-1 Porta com dobradiças metálicas<br>-Puxador em pintura cromada<br>-Pintura UV brilhante<br>- Cor: Branco.- Tampo Superior Preto ARMÁRIO AÉREO 2 PORTAS MULTIUSO MODULADO <br><br>[Medidas]<br>- Altura: 61,2cm <br>- Largura: 58,4cm<br>- Profundidade: 27,5cm<br>[Descrição do produto]<br>- Acompanha Fixadores para Parede<br>- Cor: Preto<br>- 2 Portas<br>- Acabamento alto brilho<br>- Puxadores PVC Cromados<br><br>","{""cor"":""Branco, Preto"",""marca"":""AJL Store""}",AJL Store,,,"Branco, Preto",,,,,,,,,,Não informado,Não informado,2,Branco,Aéreo,0,Não informado,Não informado,Não informado,Não informado,Não informado,Não informado,Não informado,AJL Móveis,,"[1 Porta, 2 Portas]","[Branco, Preto]",Aéreo,1 Gaveta,Convencional
madesamoveis||G251298NRM,Armário,Armário de Cozinha Aéreo 120 x 50 cm 2 Portas Preto Reims Madesa,"<p>Super prático e espaçoso, este Armário Aéreo da linha Reims da Madesa é perfeito para deixar os itens da cozinha sempre ao alcance.<br><br>Fabricado com materiais de qualidade alta, possui puxadores em alumínio e dobradiças metálicas.<br><br>Além do ótimo espaço interno, possui duas portas convencionais e largura de 150 cm, ideal para organizar todos os utensílios, louças e mantimentos da sua cozinha. <br><br>O acabamento do armário é preto, feito com a Pintura Poliéster ecológica com 7 camadas de proteção, exclusiva da Madesa.<br><br>Este armário pode ser combinado com outros módulos e com todas as cozinhas da linha Reims da Madesa.<br><br>Medidas totais:<br>- 50 cm de altura<br>- 120 cm de largura<br>- 31 cm de profundidade<br><br>Itens inclusos:<br>- Um (1) Armário Aéreo com duas (2) portas<br><br>Código do produto: G251298NRM<br><br>Obs.:<br>- Imagens meramente ilustrativas, a decoração não acompanha o produto<br>- A Madesa não disponibiliza serviço de montagem<br>-O produto segue com manual e todas as ferragens necessárias para a instalação<br><br>1 O produto é novo ou usado?<br>R.: Todos os produtos da Madesa são novos, enviados da nossa fábrica diretamente para as casas de nossos clientes.<br><br>2 O produto vem montado? Se não, vocês realizam a montagem?<br>R.: A Madesa não disponibiliza serviço de montagem. Todos os produtos seguem com manual de instalação e as ferragens necessárias. Alguns produtos possuem vídeo explicando o passo a passo da montagem.<br><br>3 Vocês possuem loja física? Posso retirar meu produto em mãos?<br>R.: Não possuímos loja física, apenas loja virtual. Confira as opções de envio ao colocar o seu CEP.<br><br>4 Qual é o valor do envio? Posso pagar separadamente?<br>R.: O valor do envio é calculado com base no peso e volume do produto, e no CEP de destino. Você pode calcular o valor e prazo de entrega no simulador.<br><br>5 A Madesa entrega em todo Brasil? Como é feita a entrega?<br>R.: Sim, entregamos no Brasil inteiro através de transportadoras parceiras.<br><br>6 O produto acompanha Nota Fiscal?<br>R.: Sim, todos os produtos são entregues com suas respectivas notas fiscais.<br><br>7 Os produtos possuem garantia?<br>R.: Sim. A Madesa oferece 3 meses de garantia para defeitos de fabricação.</p>","{""marca"":""Madesa""}",Madesa,,,,,,,,,,,,,Madesa,Não informado,2,Preto,Aéreo,Não informado,Não informado,Não informado,Não informado,Não informado,Não informado,Não informado,Cozinha,Madesa,MDP,2 Portas,Preto,Aéreo,,Basculante
jmmoveisecolhoes||56532G,Armário,Armário de Cozinha Rústico Madeira Maciça 02 Portas Marrom 4000 Shop JM,"<p>Dimensões do Produto: Largura 80cm; Profundidade 36cm; Altura 175,8cm.</p><p>Itens Inclusos: 1 armário.</p><p>Madeira maciça</p><p>Possui pés com design diferenciado estilo Luis XV (também conhecido como pés cabriolet, ou pés de cabra) que dão ao móvel um visual retrô chique</p><p>04 divisórias internas para melhor organização dos seus objetos</p><p>02 portas com dobradiças metálicas</p><p>Puxadores em metal com design retrô</p><p>Complexidade da montagem: Média, pode ser montado por apenas uma pessoa e/ou necessite de maior conhecimento para montagem.</p><p>Recomendações de uso, manutenção e limpeza: Limpar com flanela ou pano macio seco, não utilizar produtos abrasivos, desengordurantes, álcool ou solvente. Não expor o produto diretamente à luz solar e à umidade</p><p>Garantia: 3 meses</p><p>OBS: Foto meramente ilustrativa, objetos, utensílios e decoração não fazem parte do produto.</p>",{},,,,,,,,,,,,,,Shop JM,Madeira Maciça,2,Marrom,Cozinha,Não informado,Não informado,04 divisórias internas,Pés com design diferenciado estilo Luis XV também conhecido como pés cabriolet ou pés de cabra que dão ao móvel um visual retrô chique,Não informado,Rústico,"Dobradiças metálicas, Puxadores em metal com design retrô",Não informado,Denk Móveis,[Madeira Maciça],2 Portas,Marrom,,,Convencional
lojajfmoveis||15863340374,Armário,Armário Aéreo Ponte Casal Modulado Connect 145cm 2 Portas Luciane Móveis,"Características:<br> <br> <br> <br>Matéria Prima: mdp 15mm<br> <br>Corpo/Caixaria: mdp 15mm Vanilla.<br> <br>Frontais: mdp 15mm Linho.<br> <br>Prateleiras: 1<br> <br>Portas: 2<br> <br>Dobradiças: metálicas 35mm<br> <br>Puxadores: Haste em Alumínio Champagne<br> <br>Ideal para Cama Box Casal com 138cm de largura.<br> <br> <br> <br>Dimensões:<br> <br> <br> <br>Altura: 73 cm<br> <br>Largura: 145 cm<br> <br>Profundidade: 54 cm<br> <br>Peso: 40 kg<br> <br> <br>Garantia do fornecedor de 03 meses<br> <br> <br> <br> <br>PERGUNTAS FREQUENTES:<br> <br> <br> <br>1 – O produto é novo ou usado?<br> <br>R.: Todos os nossos produtos são novos, enviados de nossos fornecedores diretamente para as casas de nossos clientes.<br> <br> <br>2 – O produto vem montado? Se não, vocês realizam a montagem?<br> <br>R.: Todos nossos produtos acompanham seus respectivos manuais de montagem e instalação, que são simples e fáceis de serem seguidos, portanto não oferecemos a montagem.<br> <br> <br>3 – Vocês possuem loja física? Posso retirar meu produto em mãos? Vocês realizam pronta entrega?<br> <br>R.: Não trabalhamos com loja física, apenas loja virtual. Nos comprometemos em cumprir a entrega na data combinada no ato da compra e trabalhamos ao máximo para que seja entregue o quanto antes.<br> <br> <br>4 – Vocês entregam no Brasil inteiro? Como é feita a entrega?<br> <br>R.: Sim, entregamos no Brasil inteiro! A entrega é feita por nossas transportadoras parceiras.<br> <br> <br>5 – Vocês fazem agendamento de entregas?<br> <br>R.: Infelizmente não, temos um prazo de entrega baseado na localização de nossos fornecedores e no CEP de destino. Nos comprometemos na entrega dentro do prazo limite.<br> <br> <br>6 – O produto acompanha Nota Fiscal?<br> <br>R.: Sim, os produtos são entregues com suas respectivas notas fiscais.<br> <br> <br>7 – Qual é o horário de atendimento de vocês?<br> <br>R.: Nosso horário de atendimento é de segunda à sexta-feira, das 8 até às 18h (exceto feriados).<br> <br> <br>8 - Os produtos possuem garantia?<br> <br>R.: Sim, A J&amp;F Móveis oferece 3 meses de garantia para defeitos de fabricação.<br> <br> <br>Aviso: Imagem meramente ilustrativa. Decoração e eletros não acompanham o produto. A tonalidade de cor pode variar entre peças diferentes. Além disso, a percepção das cores do produto pode ser um pouco diferente da mostrada na foto do anúncio em função da luminosidade do ambiente, calibração do monitor ou aparelho usado para visualização da foto.<br> <br> <br> <br>A J&amp;F Móveis se responsabilizará pela entrega dos produtos adquiridos até a porta de entrada ou portaria do endereço indicado. Esclarecemos que não nos responsabilizamos por montagens, desmontagens e instalações, ficando assim sob responsabilidade do cliente. Confira as dimensões do produto no momento da compra e certifique-se de que o item passará normalmente por elevadores, portas, escadas e/ou corredores, evitando assim futuros desagrados ou imprevistos com a entrega.","{""marca"":""Luciane"",""material_da_estrutura"":""MDP"",""quantidade_de_portas"":""2 Portas""}",Luciane,MDP,2 Portas,,,,,,,,,,,Luciane Móveis,MDP,2,Vanilla,Aéreo,Não informado,1,Não informado,Não informado,MDP,Não informado,"Dobradiças metálicas 35mm, Puxadores Haste em Alumínio Champagne",Cama Box Casal com 138cm de largura,Luciane Móveis,MDP,2 Portas,"[Vanilla, Linho]","[Aéreo, Modulado]",,Convencional
combostock||10495p,Armário,Aéreo Basculante Karen 80 cm Nature Preto Fosco Peternella Móveis,"Aéreo Basculante Karen 80 cm Nature Preto Fosco Peternella Móveis<br>O Armário Basculante 80 cm Peternella busca agregar charme e aconchego a sua cozinha, seu design arrojado proporciona otimização do espaço. Este item conta ainda com pistão a gás, dobradiças metálicas e puxador perfil de PVC, que proporciona uma maior segurança para abertura da porta. É produzido em MDP bio-sustentável de 15 mm, sua frente possui pintura texturizada dando um ar de modernidade e elegância ao ambiente.Dimensões do Produto Montado:<br>Largura:80 cm<br>Altura:24 cm<br>Profundidade:32 cm<br>Peso:8,10 KgAtributos do Produto:<br>Estrutura: 100% MDP<br>Portas Basculantes com amortecedores Manutenção e Limpeza:<br>Para limpeza utilize pano macio levemente umedecido e na sequência pano seco. Não usar produtos químicos ou abrasivos para a limpeza.Observações Importantes:<br>Não nos responsabilizamos pela montagem ou desmontagem dos produtos, que deverá ser feita por um profissional qualificado. Estes serviços NÃO estão inclusos nos valores das mercadorias.<br>No ato da compra, certifique-se de que as medidas do produto estão adequadas aos elevadores, portas e corredores do local da entrega, visto que não fazemos a montagem ou desmontagem de portas ou janelas, transporte pela escada ou inçamentos pelo lado de fora do prédio.<br>Ao receber a mercadoria, o cliente deve verificar as condições da embalagem, caso haja alguma avaria NÃO assine o comprovante de recebimento.<br>Em casos de edifícios ou condomínios, o produto será entregue pela transportadora nas respectivas portarias (porteiros) que deverão ser comunicadas da entrega pelo comprador.<br>As imagens são meramente ilustrativas, não acompanham objetos de decoração ou quaisquer outros itens que não façam parte do produto anunciado. <br>Pode haver alguma diferença de tonalidade entre as imagens do anúncio e o produto real, por conta do tratamento das imagens, calibração de cores do seu monitor ou celular, e até mesmo pela sua percepção visual.","{""cor"":""Nature, Preto Fosco"",""marca"":""Peternella Móveis"",""material_da_estrutura"":""MDP""}",Peternella Móveis,MDP,,"Nature, Preto Fosco",,,,,,,,,,Peternella Móveis,MDP,1,Preto Fosco,Basculante,Não informado,Não informado,Não informado,"Pistão a gás, dobradiças metálicas e puxador perfil de PVC",MDP,Não informado,Não informado,Cozinha,Peternella Móveis,MDP,1 Porta,"[Nature Preto, Fosco]",Aéreo,,Basculante
dduzzamix||73,Armário,Carrinho Organizador Multiuso Com Rodinhas 3 Prateleiras Removíveis Aço Fruteira Estante Expositor Auxiliar Cozinha Banheiro Maquiagem,"<p>Organizador Multiuso Com Rodinhas e Cestos<br><br>O Organizador Multiuso é utilizável em qualquer ambiente que exija organização. Na cozinha pode ser usada como fruteira, porta legumes ou porta objetos. No banheiro como porta revistas, escovas de cabelo etc. No quarto, como porta trecos ou livros e no escritório como porta livros, documento e aparelhos pequenos. Muito versátil, prático e de fácil montagem.<br><br>Possui uma estrutura confeccionada em tubo e chapa de aço com pintura epóxi a pó. Sua armação contém 4 rodízios giratórios de 360o onde permite movimentá-la para qualquer direção, seus cestos confeccionados em chapa de aço expandido são removíveis permitindo levá-los independentemente para qualquer lugar e depois retorná-los a sua estrutura.<br><br>Benefícios do Produto:<br>- Pode ser usada em qualquer ambiente;<br>- Mantém qualquer lugar organizado;<br>- Possui rodinhas giratórios em 360° que facilita seu manuseio;<br>- Seu design exclusivo proporciona ao seu ambiente um visual mais moderno;<br>- Produto altamente resistente;<br><br>Informações da Estrutura:<br>- Possui 3 cestos removíveis, feitos em chapa expandida e acoplada ao chassi tubular sem solda.<br>- Apresenta rodízios (rodinhas) de polipropileno pretos com giro de 360°, o que facilita seu manuseio.<br>- Acabamento é em pintura epóxi em pó, o que a torna mais higiênica e aumenta a vida útil do produto.<br><br>Dimensões aproximadas:<br>Altura: 81cm<br>Comprimento: 46cm<br>Largura: 40cm<br><br>Informações Adicionais:<br>Garantia: 3 Meses contra defeitos de fabricação<br>Disponibilidade: Pronta entrega<br><br>Entrega rápida, qualidade garantida e compra 100% segura.<br><br>Qualquer dúvida, estamos sempre a disposição!!</p>","{""cor"":""Branco""}",,,,Branco,,,,,,,,,,Não informado,Aço,Não informado,Não informado,Organizador Multiuso,Não informado,3,Removíveis,Com Rodinhas,Aço,Não informado,Cestos,"Cozinha, Banheiro, Maquiagem",D' Duzza Mix,,,Branco,,,
dorabelamoveis||855-1701,Armário,Armário Cozinha 8 Portas 2 Gavetas Ímola - Salleto,"Armário De Cozinha 8 Portas 2 Gavetas Ímola – Sallêto Você e sua casa merecem ganhar um novo visual com esse maravilhoso Kit Cozinha Ímola. Perfeito para o seu cotidiano, ele permite que você tenha um ambiente mais aconchegante, convidativo e organizado. Desenvolvida com materiais de alta qualidade, apresenta estrutura em mdp para garantir maior durabilidade e resistência. Seu amplo espaço interno ajuda a manter seus utensílios sempre visíveis e prontos para serem utilizados. Esse belo kit possui puxadores champagne, prateleiras internas, gavetas bem práticas e pés reguláveis. Medidas do produto:Altura: 200 cm<br>Largura: 200 cm<br>Profundidade: 45 cm Observações:<br>Produto Necessita montagem.<br>Não oferecemos serviço de montagem, mas todos os produtos possuem manual de montagem com o passo a passo.<br>Pode existir alguma diferença de tonalidade entre a foto e o produto, devido ao tratamento de imagens e à calibração de cores do monitor. Informações de Entrega e Montagem:<br>Antes da compra, confira as dimensões e certifique-se de que o produto passará por elevadores, portas e corredores, já que nossa entrega não inclui a subida de lances de escada ou o içamento de produtos.<br>Os móveis são entregues desmontados e com manual de montagem.<br>Verifique a complexidade antes de decidir instalar ou montar o produto sozinho, em caso de dificuldade contrate um profissional de sua confiança. Recomendações de limpeza e manutenção:<br>Limpar com flanela limpa e seca. Não usar produtos abrasivos.<br>Necessita de montagem? Sim, sugerimos a contratação de algum profissional experiente de sua preferência.","{""cor"":""Carvalho"",""quantidade_de_gavetas"":""2 Gavetas"",""quantidade_de_portas"":""8 Portas""}",,,8 Portas,Carvalho,,2 Gavetas,,,,,,,,Sallêto,MDP,8 Portas,Não informado,Cozinha,2 Gavetas,Não informado,internas,"puxadores champagne, pés reguláveis",Não informado,Não informado,Não informado,Não informado,Sallêto Móveis,,8 Portas,Carvalho,,2 Gavetas,Convencional
movel5||6330,Armário,Arca Oratório 2 Portas 1 Gaveta - M550630,"<p><strong>Materiais de Fabricação</strong></p><p>Produzido em MDF nos acabamentos em Laca e Madeira Maciça de Reflorestamento nos acabamentos em Cera, Envelhecido, Demolição, Pasta e Madeirados.</p><p><strong>Medidas</strong></p><p>Altura: 187 cm<br>Largura: 90 cm<br>Profundidade: 45 cm</p><p><strong>Acabamentos Disponíveis</strong></p><p>Madeira Maciça:</p><p>Madeirado: Stain, Pinhão, Imbuia Glazer;<br>- Envelhecido: Azul, Verde, Vermelho, Amarelo, Bege, Imbuia, Castanho;<br>- Cera: Clara, Imbuia, Provençal;<br>- Demolição: Azul, Verde, Vermelho, Amarelo, Branco, Ouro;<br>- Pasta: Azul, Verde, Vermelho, Amarelo, Branco, Cinza.<br><br>MDF:</p><p>Laqueado: Azul, Verde Mimo, Vermelha, Magenta, Amarela, Branca, Cinza, Preta;<br>- Provençal: Branco, Preto, Ouro Sombreado.</p><p><strong>Verifique abaixo nosso padrão de cores:</strong></p>","{""quantidade_de_gavetas"":""1 Gaveta"",""quantidade_de_portas"":""2 Portas""}",,,2 Portas,,,1 Gaveta,,,,,,,,Arca,MDF,2,Não informado,Oratório,1,Não informado,Não informado,Não informado,Madeira Maciça,Não informado,Não informado,Não informado,Linz,,2 Portas,,,1 Gaveta,Convencional
decorecomamor||128865p,Armário,Armário Aéreo Lavanderia E Cozinha Organizador,"ARMÁRIO AÉREO 3 PORTAS MULTIUSO SUSPENSO DE PAREDE<br><br>Serve para vários ambientes, Armário Aéreo de parede Multiuso.<br><br>Para você que procura um móvel que ocupa pouco espaço e que ofereça beleza e praticidade, ideal para te ajudar na organização da sua cozinha, dispensa, lavanderia, Escritório, com 03 Portas, além de 02 Nichos, com espaços suficientes para armazenarem temperos, materiais de limpeza, panos, etc..<br><br>Medidas:<br>Altura: 62cm<br>Largura: 90cm<br>Profundidade: 27cm<br><br>Cor Branco<br>3 Portas<br>Acabamento alto brilho<br>Puxadores PVC Cromados<br>Acompanha fixadores p/ Parede<br><br>FOTOS REAIS DO PRODUTO","{""cor"":""Branco"",""quantidade_de_portas"":""3 Portas"",""tipo"":""Organizador, Aéreo""}",,,3 Portas,Branco,"Organizador, Aéreo",,,,,,,,,Não informado,Não informado,3 Portas,Branco,Aéreo,Não informado,Não informado,Não informado,Não informado,Não informado,Não informado,Não informado,"Cozinha, Lavanderia",Nova Decor,,3 Portas,Branco,Aéreo,,Convencional
wemovii||734,Armário,Armário Multiuso Roma 2 Portas 6 Prateleiras  Benetil Móveis,"O Armário Multiuso Roma da Benetil é essencial para deixar tudo mais organizado e prático. Ele pode ser utilizado em vários ambientes. Possui duas portas e seis prateleiras que irão te auxiliar no armazenamento dos objetos. Conta ainda com chave, deixando seus objetos ainda mais seguros. Os puxadores são em PVC. Possui excelente profundidade e espaço interno. <br> <br> Características:<br> Marca: Benetil<br> Estilo: Moderno<br> Origem do produto: Nacional<br> Material principal: MDP<br> Ambiente principal: Quarto / Outros <br> Escala de Brilho: Fosco<br> Possui gavetas: Não<br> Possui portas: Sim, 2.<br> Possui prateleira: Sim, 6.<br> Tipo de Puxador: PVC<br> Possui pés: Sim, 4.<br> Altura dos pés: 5cm<br> Material dos pés: PVC<br> Necessita Montagem: Sim <br> <br> Dimensões do Produto: <br> Altura: 191 cm<br> Largura: 60,4 cm<br> Profundidade: 35 cm<br> Peso: 35,8 kg<br> <br> Garantia do Fornecedor: 3 meses<br> <br> Recomendações de uso: a limpeza deve ser feita com um pano levemente umedecido.","{""cor"":""Avelã Ipê"",""marca"":""Benetil"",""quantidade_de_portas"":""2 Portas""}",Benetil,,2 Portas,Avelã Ipê,,,,,,,,,,Benetil,MDP,2,Não informado,Multiuso,Não,6,Sim,Não informado,MDP,Moderno,Não informado,Não informado,Benetil Móveis,MDP,2 Portas,[Avelã Ipê],,,Convencional
lojajfmoveis||15829986628,Armário,Armário Aéreo para Cozinha 70 cm 2 Portas Branco Uv Sara Luciane,"<p>Características </p><p><br></p><p>Produto em: Pintura uv </p><p>Caixaria/Estrutura: Mdp 15 mm </p><p>Frontal: Mdp 15 mm </p><p>Dobradiças: Metálicas </p><p>Puxadores: Plastico Champagne </p><p>Portas: 2 </p><p>Prateleiras: 1 </p><p><br></p><p>Dimensões do produto </p><p><br></p><p>Altura: 60 cm </p><p>Largura: 70 cm </p><p>Profundidade: 28 cm </p><p><br></p><p>Peso: 13,900 kg </p><p><br></p><p>Acompanha o produto: Manual de montagem e kit ferragem para efetuar a montagem. </p><p>Garantia de 3 meses. </p><p>Objetos ilustrativos não acompanham o produto.</p>","{""marca"":""Luciane"",""material_da_estrutura"":""MDP"",""quantidade_de_portas"":""2 Portas""}",Luciane,MDP,2 Portas,,,,,,,,,,,Sara Luciane,MDP,2,Branco,Aéreo,Não informado,1,Não informado,Não informado,MDP,Não informado,"Dobradiças Metálicas, Puxadores Plastico Champagne",Cozinha,Sara Luciane,MDP,2 Portas,Branco,Aéreo,,Convencional
perolamoveis||41590,Armário,Armário Multiuso Sergipe Carvalho Americano Grafite - Incorplac,"<p>Armário Multiuso Sergipe Carvalho Americano Grafite - Incorplac</p> <p>Apresentamos o Armário Multiuso da linha Sergipe que é uma solução versátil e elegante para otimizar o espaço em sua casa. Com um design moderno e funcional, este armário oferece ótimas divisões e prateleiras que atendem às necessidades de organização em diferentes ambientes. Desenvolvido pela Incorplac com materiais de excelentes qualidades, para maior durabilidade e resistência do móvel. Não deixe de conferir e garantir o seu!</p> <p>Características Técnicas:<br> - Desenvolvido em MDP de 12/15mm<br> - Acabamento em pintura U.V texturizado na cor Carvalho Americano Grafite<br> - Possui 02 Portas com dobradiças metálicas<br> - Puxadores em PVC na cor Bronze<br> - 02 Prateleiras<br> - Kit 04 pés incluso<br> - Lindo design</p> <p>Dimensões:<br> Altura: 116,5 cm<br> Largura: 60,7 cm<br> Profundidade: 35,5 cm</p> <p>Informações importantes:<br> - Não realizamos a montagem ou instalação do produto, porém acompanha manual de instruções.<br> - Toda mercadoria segue segurada contra qualquer sinistro, em caso de anormalidade, recuse.<br> - As caixas ou pacotes possuem identificação com o nome, cidade e quantidades de volumes relativos à compra para conferencia do recebedor.</p>","{""cor"":""Carvalho, Grafite"",""material_da_estrutura"":""Carvalho"",""tipo"":""Multiuso""}",,Carvalho,,"Carvalho, Grafite",Multiuso,,,,,,,,,Incorplac,MDP,2,Carvalho Americano Grafite,Multiuso,Não informado,2,Não informado,Não informado,MDP,Não informado,"Dobradiças metálicas, Puxadores em PVC",Não informado,Incorplac,MDP,2 Portas,"[Carvalho Americano, Grafite]",,,Convencional
bymobille||1953,Armário,Armário de Cozinha 4 Portas 1 Gaveta Luiza Imop Móveis,"Armário de Cozinha 4 Portas 1 Gaveta Luiza Imop Móveis<br> <br> O Armário de Cozinha Luiza IMOP agrega charme e sofisticação ao seu ambiente. Compacta e amplo espaço e gavetas para acomodar os seus utensílios e proporcionar a melhor organização do espaço com tudo que precisa.<br> <br> Características:<br> Material Principal Móveis; MDP<br> Material Da Porta; MDP<br> Acabamento da Gaveta; Pintura Texturizada UV<br> Escala da Brilho; Semi-fosco<br> Escala de Brilho da Gaveta; Semi-fosco<br> Material dos Pés; Polipropileno<br> Acabamento da Porta; Pintura Texturizada UV<br> Material da Gaveta; MDP<br> Tipo de Corrediça da Gaveta; Metálica Telescópica<br> Acabamento dos Pés; Pintura<br> Escala de Brilho da Porta; Semi-fosco<br> Tipo de Dobradiça/Corrediça da Porta; Alumínio<br> Acabamento da Prateleira; Pintura<br> Escala de Brilho da Prateleira; Semi-fosco<br> Material da Prateleira; MDP<br> Necessita Montagem; Sim<br> Complexidade da Montagem; Alta: deve ser montado por um montador especializado<br> Sistema de Montagem; Parafusos, dobradiças e Cavilhas.<br> Recomendações de Uso, Manutenção e Limpeza; Limpeza com pano macio e levemente umedecido. Não utilizar solventes a base e de inflamáveis. Não utilizar produtos abrasivos.<br> Possui Prateleiras; 02<br> Tipo de Porta; Bater<br> Possui Portas; 04<br> Possui Espelho na porta: não<br> Tipo de Gaveta; Externa<br> Marca; IMOP Móveis<br> Possui Portas; Sim<br> Possui Pés; 05<br> Possui Iluminação; Não<br> Peso Máximo por Prateleira; 5 kg<br> Gaveta com Chave; Não<br> Estilo; Moderno<br> Possui Organizador de Gaveta; Não<br> Sapatas Niveladoras; Não<br> Pés reguláveis: Sim<br> Cor do Produto; Branco Neve<br> Peso Máximo por Gaveta; 5 kg<br> Tipo de Puxador da Gaveta; Externo<br> Tipo de Puxador da Porta; Externo<br> Balcão suporta pia: Não<br> Recorte para Cooktop: Não<br> Origem do Produto; Nacional<br> Ambiente Principal; Cozinha<br> <br> Dimensões:<br> Altura Dos Pés; 13,7 cm<br> Altura; 179 cm<br> Largura; 90 cm<br> Profundidade; 40 cm<br> Peso; 36,800kg<br> <br> Garantia do Fabricante: 3 Meses","{""cor"":""Branco Neve"",""quantidade_de_gavetas"":""1 Gaveta""}",,,,Branco Neve,,1 Gaveta,,,,,,,,IMOP Móveis,MDP,4,Branco Neve,Cozinha,1,2,Sim,Não informado,MDP,Moderno,Não informado,Não informado,Móveis Imop,MDP,4 Portas,[Branco Neve],,1 Gaveta,Convencional
technoxcomercioltda||9227p,Armário,Armário Expositor Pinus Aparador Madeira C/ Nichos Lavanderia Dispensa,"<br> Estante Escada decorativa feita 100% em madeira de reflorestamento pinus.Ideal para compor a decoração da sua casa ou para expor produtos em sua loja, sem dúvidas uma excelente opção para deixar seu cantinho um charme. <br><br> - Estante em madeira maciça reflorestada; <br><br> - Compra direto de fábrica; <br><br> - Perfeita para organizar e otimizar espaços; <br><br> - Muito utilizada em varanda ou sacadas cobertas!!; <br><br> - Leve e de fácil montagem; <br><br> - Não é envernizada. <br><br> - Madeira utilizada Pinus de reflorestamento. <br><br> - Lixamento extra em lixa grão 80<br><br> ESPECIFICAÇÕES: <br><br> PIRAMIDE<br><br> DIMENSÕES : <br><br> Altura total 100 cm <br> <br> Largura frontal 38 cm <br><br> Comprimento das penas 110 cm <br><br> Distância entre as prateleiras 30cm<br> <br>Dimensões prateleiras<br><br>1o prateleira<br><br>Comprimento -&gt; 22,5cm<br><br>Profundidade -&gt; 31cm<br><br>2o prateleira<br><br>Comprimento -&gt; 35cm<br><br>Profundidade -&gt; 31cm<br><br>3o prateleira<br><br>Comprimento -&gt; 54cm<br><br>Profundidade -&gt; 31cm<br><br>4o prateleira<br><br>Comprimento -&gt; 73cm<br><br>Profundidade -&gt; 31cm<br><br> Foto ilustrativa não acompanha objetos de decoração; PRODUTO ENVIADO MONTADONÃO ACOMPANHA OBJETOS DECORATIVOSPODE POSSUIR MÍNIMAS VARIAÇÕES NAS MEDIDAS DEVIDO AO ACABAMENTO EXTRA PARA QUE A PEÇA POSSUA A QUALIDADE ESPERADATIRE SUAS DÚVIDAS NO CAMPO DE PERGUNTAS DO ANÚNCIO<br>","{""material_da_estrutura"":""Pinus""}",,Pinus,,,,,,,,,,,,Não informado,Madeira,Não informado,Não informado,Expositor,Não informado,4,Não informado,Não informado,Pinus,Não informado,Nichos,"Lavanderia, Dispensa",Technox,Pinus,,,,,
girusindustriaecomerciodemoveise||149-269,Armário,Armário Aéreo 3 Porta Parede Suspenso Cozinha Serviço Lavanderia,"ARMÁRIO AÉREO 3 Portas Multiuso Suspenso De Parede<br><br>Serve para vários ambientes, Armário Aéreo de parede Multiuso. Para você que procura um móvel que ocupa pouco espaço e que ofereça beleza e praticidade a Click Forte desenvolveu esse lindo armário de parede, ideal para te ajudar na organização da sua cozinha, dispensa, lavanderia, Escritório, com 03 Portas, além de 02 Nichos, com espaços suficientes para armazenarem temperos, materiais de limpeza, panos, etc..<br><br><br>Medidas: <br>Altura: 62cm <br>Largura: 90cm<br>Profundidade: 27cm<br><br>Cor Branco<br>3 Portas<br>Acabamento alto brilho<br>Puxadores Pvc CromadosAcompanha fixadores p/ Parede<br><br>Fotos Reais Do Produto<br><br>Aproveite esse Super Preço Promocional, Temos Poucas Unidades<br>IRÁ Com Garantia<br>IRÁ Com Nota Fiscal","{""cor"":""Branco"",""marca"":""Click Forte""}",Click Forte,,,Branco,,,,,,,,,,Click Forte,Não informado,3 Portas,Branco,Aéreo,Não informado,Não informado,Não informado,Não informado,Não informado,Não informado,Não informado,"Cozinha, Dispensa, Lavanderia, Escritório",Click Forte,,3 Portas,Branco,"[Aéreo, Suspenso]",,Convencional
lojasmegafacil||MSF1,Armário,Organizador Armario Sofia 1 Porta Multiuso Cozinha / Quarto,"Multiuso Sofia, irá agregar mais charme e requinte ao seu ambiente. Produzido em MDP de alta qualidade e pintura UV com excelente acabamento, proporcionando maior resistência e durabilidade ao produto. Além do mais, é um móvel versátil. Com o passar dos anos, as necessidades de sua casa e escritório podem mudar. Ter esse móvel com múltiplas funções é a garantia de que ele atenderá sempre suas necessidades.<br> <br> Dimensões do produto montado:<br> - Altura 165 cm;<br> - Largura 39 cm;<br> - Profundidade 35,5 cm.<br> <br> Características do produto:<br> - Produzido em MDP;<br> - Pintura UV;<br> - 5 Nichos de amplo espaço;<br> - 4 Prateleiras;<br> <br> OBS: Nossa loja não oferece serviço de montagem. Todos nossos móveis possuem manual de montagem com passo a passo para montagem junto a um profissional de confiança.<br> <br> CASO PRECISE DE MAIS DE UMA UNIDADE DO PRODUTO, REALIZAR EM COMPRAS DIFERENTES, CADA UMA COM 1 UNIDADE.","{""cor"":""Branco"",""marca"":""Mega Fácil Móveis"",""material_da_estrutura"":""MDP"",""quantidade_de_portas"":""1 Porta"",""tipo"":""Organizador, Multiuso""}",Mega Fácil Móveis,MDP,1 Porta,Branco,"Organizador, Multiuso",,,,,,,,,Sofia,MDP,1,Não informado,Multiuso,Não informado,4,Não informado,Não informado,MDP,Não informado,Não informado,"Cozinha, Quarto",Mega Fácil Móveis,MDP,1 Porta,Branco,,,Convencional
decorecomamor||173661p,Armário,Armario para banheiro Móvel Planejado Balção estilo retro,"-Produto compacto e com os espaços bem distribuídos<br>- Ótimo Multiuso, serve como Sapateira, Armário de Lavanderia, Cozinha, Arquivos de Escritório..<br>-4 Rodinhas de ótima qualidade<br>-2 Portas com dobradiças metálicas<br>-Puxador com pintura cromada<br>-Pintura UV brilhante<br>-Ótima bancada para microondas ou bebedouro<br>-Pode ser usado no Quarto, Cozinha, Lavanderia, Escritório..<br><br>MEDIDAS:<br><br>Altura: 72cm<br>Largura: 60cm<br>Profundidade: 34cm<br>",{},,,,,,,,,,,,,,Não informado,Não informado,2,Não informado,Banheiro,Não informado,Não informado,Não informado,4 Rodinhas de ótima qualidade,Não informado,retro,Dobradiças metálicas,"Sapateira, Armário de Lavanderia, Cozinha, Arquivos de Escritório, Quarto, Cozinha, Lavanderia, Escritório",Nova Decor,,2 Portas,Branco,Planejado,,Convencional
dutramaquinas||AM-39,Armário,Armário porta-cones com portas de vidro e 2 prateleiras AM-39 - Marcon,"Produto: Armário porta-cones com portas de vidro e 2 prateleiras AM-39<br>Marca: Marcon<br><br>Descrição:<br>Armário porta-cones com portas de vidro e 2 prateleiras AM-39 da Marcon é ideal para organização e armazenamento de peças e ferramentas.<br>O AM-39 possui porta em aço com fechadura com chave.<br>Características<br>• Porta de aço com abertura para direita<br>• Visores de vidro temperado de 3 mm<br>• Fechadura com chave<br>• 4 pés niveladores<br>• 24 cones ISO 50<br>Obs: Imagens meramente ilustrativas, não acompanha ferramentas. <br>Especificações:<br>4 gavetas internas (modelo B)<br>1 gavera Interna (modelo C)<br>1 divisória para gaveta (DPG-1)<br>2 prateleiras com corrediças telescópicas (capacidade: 20 kg cada).",{},,,,,,,,,,,,,,Marcon,Aço,1,Não informado,Porta-cones,4,2,Com corrediças telescópicas,"Fechadura com chave, 4 pés niveladores",Vidro temperado,Não informado,"4 gavetas internas modelo B, 1 gaveta Interna modelo C, 1 divisória para gaveta DPG-1, 2 prateleiras com corrediças telescópicas capacidade 20 kg cada",Organização e armazenamento de peças e ferramentas,Marcon,Aço,1 Porta,Branco,,5 Gavetas,Convencional
