Unnamed: 0,Unnamed: 1,title,description,Unnamed: 4,Atributos <empresa terceira>,Unnamed: 6,Unnamed: 7,Unnamed: 8,Unnamed: 9,Unnamed: 10,Unnamed: 11,Unnamed: 12,Unnamed: 13,Unnamed: 14,Unnamed: 15,Unnamed: 16,Unnamed: 17,Unnamed: 18,Unnamed: 19,Unnamed: 20,Unnamed: 21,Unnamed: 22,Unnamed: 23,Unnamed: 24,Atributos AI-PAVE-BR,Unnamed: 26,Unnamed: 27,Unnamed: 28,Unnamed: 29,Unnamed: 30,Unnamed: 31,Unnamed: 32,Unnamed: 33,Unnamed: 34,Unnamed: 35,Unnamed: 36,Unnamed: 37,Unnamed: 38,Unnamed: 39,Unnamed: 40,Unnamed: 41,Unnamed: 42,Unnamed: 43,Unnamed: 44,Atributos Multimídia,Unnamed: 46,Unnamed: 47,Unnamed: 48,Unnamed: 49,Unnamed: 50,Unnamed: 51,Unnamed: 52,Unnamed: 53,Unnamed: 54,Unnamed: 55,Unnamed: 56,Unnamed: 57
id,product_type,,,extracted_attributes,aro_ol,cor_ol,marca_ol,tamanho_do_quadro_ol,genero_ol,tipo_ol,material_do_quadro_ol,modelo_ol,aro_de_roda_ol,numero_de_marchas_ol,tipo_de_suspensao_ol,recursos_ol,alimentacao_ol,potencia_do_motor_ol,tema_ol,modalidade_ol,tamanho_ol,peso_suportado_ol,adicional_ol,tipo_de_freio_ol,aro_llm,cor_llm,marca_llm,tamanho_do_quadro_llm,genero_llm,tipo_llm,material_do_quadro_llm,modelo_llm,aro_de_roda_llm,numero_de_marchas_llm,tipo_de_suspensao_llm,recursos_llm,alimentacao_llm,potencia_do_motor_llm,tema_llm,modalidade_llm,tamanho_llm,peso_suportado_llm,adicional_llm,tipo_de_freio_llm,marca,cor,aro,tamanho_do_quadro,numero_de_marchas,tipo_de_suspensao,peso_suportado,tipo_de_freio,material_do_quadro,tema,genero,tipo,potencia_do_motor
ciadociclista||139,Bicicleta,Bicicleta Gios FRX Freeride Aro 26 Freio a Disco 21 Velocidades Cambios Shimano  Gios Branco,"<p>Marca Gios FRX Freeride</p><p>Coleção / Sortimento 2019</p><p>Idade recomendada Juvenil/Adulto</p><p>Gênero Unissex </p><p>Aro 26</p><p>Quadro Aluminio Alloy 6061</p><p>Marcha 21 Marchas</p><p>Garfo Suspensão</p><p>Guidão Aço carbono MTB</p><p>Freios Disco Mecanico</p><p>Rodas Freeride Aro 26</p><p>cambios Shimano</p><p>Manoplas MTB</p><p>Corrente Index</p><p>Selim MTB</p><p>trocador Rapid fire</p><p>Pedivela Importado</p><p><br></p><p><br></p><p>Pneus MTB 26""</p><p>Pedal MTB</p><p>Conteúdo da Embalagem 1 bicicleta</p>",{},,,,,,,,,,,,,,,,,,,,,26,Branco,Gios,Não informado,Unissex,Freeride,Aluminio Alloy 6061,FRX,26,21,Suspensão,Não informado,Não informado,Não informado,Não informado,Não informado,Não informado,Não informado,Não informado,Disco Mecanico,Gios,Branco,Aro 26,,21 Marchas,,,Freio a Disco,Alumínio,,Unissex,,
dropponline||136002,Bicicleta,Bicicleta 29 KSW XLT 21 Marchas Freio a Disco Quadro Alumínio MTB,"<p>ESCOLHA O TAMANHO DO QUADRO:</p><p>Tamanho 15 indicado para pessoas com altura de 1,50 a 1,68;</p><p>Tamanho 17 indicado para pessoas com altura de 1,69 a 1,76;</p><p>Tamanho 19 indicado para pessoas com altura de 1,77 a 1,84;</p><p>Tamanho 21 indicado para pessoas com altura de 1,85 a 1,98.</p><p>A Bicicleta KSW XLT 21V apresenta uma estrutura leve e durável, sendo especialmente adequada para deslocamentos urbanos e trilhas leves. Seu quadro é fabricado em Alumínio 6061 e conta com componentes de alta qualidade, visando garantir conforto e desempenho excepcionais durante suas aventuras.</p><p>Descrição dos Componentes:</p><p>Quadro Marca KSW - Modelo XLT Aro 29 em Alumínio 6061</p><p>Garfo Suspensão Aro 29</p><p>Câmbio Dianteiro Importado 3v</p><p>Câmbio Traseiro Importado 7v</p><p>Trocador de Marchas Revoshift Giratório - 21V</p><p>Pedivela Reduzido Em Aço</p><p>Catraca / Roda Livre 7v</p><p>Corrente 7V</p><p>Freio a Disco 160mm Preto – MECÂNICO</p><p>Cubos Aço p/ Disco 36f Preto com Blocagens</p><p>Aros Aero 36 Furos Folha Dupla Alumínio</p><p>Câmara de Ar 29 x 1.95 Bico Grosso</p><p>Pneu Aro 29 Cravo Baixo</p><p>Guidão Preto em Alumínio Expandido Reto</p><p>Suporte de Guidão / Mesa Preto em Alumínio</p><p>Canote de Selim Preto 27,2mm</p><p>Banco / Selim – Sport</p><p>Movimento Central Roller 122.5 Preto Selado</p><p>Movimento de Direção Over</p><p>OBSERVAÇÕES</p><p>Pode haver alguma diferença de tonalidade entre a imagem e o produto real, por conta do tratamento de imagens e a calibração de cores do monitor.</p><p>MONTAGEM</p><p>Enviamos a bicicleta pré-montada, revisada e devidamente embalada, para melhor se acomodar na embalagem de transporte são retirados apenas: selim, pedais, guidão e roda dianteira.</p><p>O custo da montagem é de responsabilidade do cliente.</p><p>Por motivo de transporte e manuseio, é necessário efetuar uma nova regulagem de câmbio ao receber o produto.</p><p>Não nos responsabilizamos pela revisão final da bicicleta, sugerimos que seja efetuada por uma oficina especializada.</p><p>GARANTIA</p><p>NÃO COBRE DEFEITOS POR MAU USO OU PELA MONTAGEM, REGULAGEM DE CÂMBIOS OU REVISÃO INADEQUADA DO PRODUTO.</p><p>A garantia será validada para as bicicletas montadas e revisadas por uma oficina especializada e é referente apenas ao primeiro proprietário.</p><p>A garantia não se aplica para os itens de desgaste natural, tais como: Pneu, câmaras, cabos, sapatas ou pastilhas de freio, centragem de aros, pintura do quadro, componentes da transmissão (câmbios, corrente, engrenagens do pé de vela, engrenagens do cassete).</p>","{""marca"":""KSW""}",,,KSW,,,,,,,,,,,,,,,,,,29,Não informado,KSW,"15, 17, 19, 21",Não informado,MTB,Alumínio,XLT,29,21,Suspensão,Não informado,Não informado,Não informado,Não informado,Não informado,Não informado,Não informado,Não informado,Disco,KSW,"[Preto,Prata]",Aro 29,,21 Marchas,Dianteira,,Freio a Disco,Alumínio,,,Passeio,
diasbike||23783,Bicicleta,Bicicleta Aro 29 KSW 2x9V 18v Freio Hidráulico k7 e Trava,"Dias Bike<br> <br>Bem vindo a Dias Bike! A Dias Bike é uma loja física e virtual que faz parte da família Dias Bike e Dias Moto Peças, que possuem mais de 10 lojas físicas e uma distribuidora atacadista, atuando no mercado de ciclismo a mais de 30 anos. A empresa comercializa bicicletas prontas, peças e acessórios para bicicletas em geral, tudo a sua disposição e com a comodidade de receber o produto em sua casa em qualquer lugar do Brasil com toda garantia de entrega e a certeza de sua satisfação.<br> <br>**Bike Indicada para Uso Urbano, Trilhas Leves e Medianas**<br> <br> <br>COMPONENTES DA BIKE<br> <br>- Quadro aro 29 Alumínio<br>- Suspensão de 100mm com Trava<br>- Aros Aeros para Disco Folha Dupla<br>- Raios Zincados<br>- Pneus Aro 29 Com Arame<br>- Câmara de Ar Aro 29t<br>- Jogo Direção Ahead Set<br>- Suporte Do guidão 31.8<br>- Guidão 31.8 MTB<br>- Canote do Selim MTB <br>- Pedal MTB Plataforma<br>- Arruela Calço para Ahead Set (1cm)<br>- Manopla MTB Comum<br>- Abraçadeira do Selim com Blocagem<br>- Selim MTB <br>- Disco de Freio De 160mm Parafusos<br>- Freio a Disco Hidráulico Com Pinças e Pastilhas<br> <br>RELAÇÃO (TRANSMISSÃO DA BIKE)<br> <br>- Cassete 9 Velocidades 11-36D<br>- Roda Dupla De Aluminio 2 Velocidades<br>- Trocador Indexado Semi Automático Rapid Fire de 2x9V <br>- Cambio Dianteiro Indexado MTB 2V<br>- Cambio Traseiro Indexado MTB 9V <br>- Cubos Cassete<br>- Corrente indexada de 9V Indexada<br>- Jogo de Centro 122.5 Selado Rolamentado<br>","{""tamanho_do_quadro"":""15""}",,,,15,,,,,,,,,,,,,,,,,29,Não informado,KSW,Não informado,Não informado,Urbana,Alumínio,Não informado,29,2x9V,100mm com Travabr,Freio Hidráulico k7 e Trava,Não informado,Não informado,Não informado,Trilhas Leves e Medianas,Não informado,Não informado,Não informado,Disco Hidráulico,KSW,"[Preto,Prata]",Aro 29,15,18 Marchas,,120kg,Freio a Disco,Alumínio,,,Passeio,
dsstorecomercio||101250160001,Bicicleta,Bicicleta Aro 16 Capitão America Nathor com Rodinhas,"Bicicletas Aro 16<br>Sofisticação e agilidade<br>Indicada para crianças a partir de 5 anos ou com altura entre 1,10m e 1,20m.<br><br>Diversão e aventura com conforto e segurança!<br><br>As bicicletas aro 16? Nathor possui modelos com aro em ABS e em alumínio.<br><br>O limitador de giro evita que o guidão vire completamente, proporcionando mais segurança e preservando o freio. Para facilitar o aprendizado e a identificação do freio traseiro, a maçaneta amarela ganha destaque e indica o acionamento ideal na hora da frenagem.<br><br>As rodinhas laterais permitem o desenvolvimento da criança na fase de aprendizado, estimulando o equilíbrio e a autonomia.<br><br>A aro 16? tem pneus com câmara, quadro em aço carbono e garrafinha.<br><br>Características:<br>-Quadro, garfo e guidão em aço carbono;<br>- Limitador de giro do guidão;<br>- Freios v-brake com maçanetas em nylon reforçado e ajuste;<br>- Mesa headset com regulagem de ângulo do guidão;<br>- Rodinhas laterais;<br>- Aro em alumínio ou Aro em ABS;<br>- Para-lamas em ABS;<br>- Movimento de direção com esferas;<br>- Arruela com trava de segurança;<br>- Pneus com câmara;<br>- Abraçadeira do selim em alumínio;<br>- Garrafinha<br><br>Informações Técnicas:<br>- Tamanho da roda: 16<br>- Altura máxima recomendada: 110 cm a 120 cm<br>- Peso máximo recomendado: 30 kg<br>- Peso do produto: 9,500 Kg<br>- Peso com a embalagem: 10,740 Kg<br>- Cubagem: 0,11 m3<br>- Dimensões do produto (CxAxL): 107 cm x 69 cm x 53,5 cm<br>- Dimensões da embalagem (CxAxL): 97 cm x 48 cm x 23 cm<br><br>Cor da maçaneta do freio:<br>Durante a infância, a maioria das crianças não tem facilidade em diferenciar ?direita? e ?esquerda?, mas tem a atenção muito disposta em relação a cores.<br>Para tornar o acionamento do freio traseiro mais intuitivo e garantir ainda mais segurança, decidimos diferenciar a maçaneta direita com a cor amarela<br><br>Limitador de giro do guidão<br>A bicicleta aro 16? possui um mecanismo que impede que o guidão gire além do necessário.<br>O Limitador evita acidentes, permitindo um pedalar com muito mais tranquilidade e segurança.<br><br>Mesa do guidão com regulagem<br>A aro 16? possui guidão ajustável, conforme a criança vai crescendo, você pode regular o guidão permitindo que a postura se mantenha adequada.","{""cor"":""Vermelho"",""marca"":""Nathor""}",,Vermelho,Nathor,,,,,,,,,,,,,,,,,,16,Não informado,Nathor,Não informado,Não informado,Não informado,Aço carbono,Capitão America,Não informado,Não informado,Não informado,"Rodinhas laterais, Limitador de giro do guidão, Freios v-brake, Mesa headset com regulagem de ângulo do guidão",Não informado,Não informado,Capitão America,Não informado,Não informado,30 kg,Não informado,V-brake,Nathor ,"[Azul,Vermelho]",Aro 16,,,,30kg,V-Break,Aço de Carbono,Capitão América,,Passeio,
lojas-berlanda||2350,Bicicleta,Bicicleta Free Action Kiss Aro 16 com Freios V-brake,"Bicicleta Free Action Kiss Aro 16 com Freios V-brake <br> Charmosa e resistente a Bicicleta Kiss Aro 16 da Free Action vai deixar a brincadeira muito mais divertida.<br> Possui freios V-Brake e maçaneta em Nylon, garante uma ótima rigidez, fazendo com que a frenagem seja mais eficiente por não sofrer deformação. A bike tem ainda, quadro em aço carbono, uma linda cestinha, as manoplas oferecem uma pegada anatômica e o cobre-corrente de plástico promovem mais segurança durante a pedalada. <br> <br> Características:<br> Quadro MTB Aço Carbono<br> Garfo Aro 16 <br> Guidão DownHill 540mm em Aço Carbono<br> Jogo de Freios V-Brake Nylon<br> Rodas Laterais Plásticas<br> Paralamas Plásticos<br> Corrente 1/2 x 1/8<br> Cobre Corrente Plástico Vírgula<br> Roda Livre 18D<br> Pedivela 115mm Monobloco<br> Engrenagem 32 Dentes aço <br> Roda Plástica Aro 16 <br> <br> Garantia do fornecedor: 3 meses","{""cor"":""Violeta""}",,Violeta,,,,,,,,,,,,,,,,,,,16,Não informado,Free Action,Não informado,Não informado,Não informado,Aço Carbono,Kiss,16,Não informado,Não informado,"Freios V-Brake, maçaneta em Nylon, quadro em aço carbono, cestinha, manoplas anatômicas, cobre-corrente de plástico",Não informado,Não informado,Não informado,Não informado,Não informado,Não informado,Não informado,V-Brake,Free Action,Violeta,Aro 16,,,,,V-Break,Aço de Carbono,,,Passeio,
bikediasg5||16014074914,Bicicleta,Bicicleta Aro 29 KOG 24 Marcha Freio Disco Hidráulico,"Dias Bike<br> <br>Bem vindo a Dias Bike! A Dias Bike é uma loja física e virtual que faz parte da família Dias Bike e Dias Moto Peças, que possuem mais de 10 lojas físicas e uma distribuidora atacadista, atuando no mercado de ciclismo a mais de 30 anos. A empresa comercializa bicicletas prontas, peças e acessórios para bicicletas em geral, tudo a sua disposição e com a comodidade de receber o produto em sua casa em qualquer lugar do Brasil com toda garantia de entrega e a certeza de sua satisfação.<br> <br>KOG<br> <br>A KOG é uma marca da Dias Bike, baseada em toda a experiencia acumulada ao longo de mais de 30 anos no mercado de ciclismo e motocicletas. A experiencia nos permitiu desenvolver bicicletas que com um ótimo custo benefício, tanto para pedais urbanos para te levar a todos os lugares, como também bicicletas prontas para encarar os mais diversos obstáculos em uma trilha. A KOG foi pensada e desenvolvida especialmente para quem está iniciando no Mountain Bike e conciliando conforto e desempenho.<br> <br> <br>**Bike Indicada para Uso Urbano**<br> <br> <br>COMPONENTES DA BIKE<br> <br>- Quadro aro 29 Alumínio<br>- Suspensão de 80mm de Cursor <br>- Aros Aeros para Disco Folha Dupla em Alumínio<br>- Raios Zincados na cor Preto<br>- Pneus Aro 29 Com Arame<br>- Camara de Ar Aro 29<br>- Jogo Direção Ahead Set<br>- Suporte Do guidão 31.8 em Alumínio<br>- Guidão 31.8 MTB em Alumínio<br>- Canote do Selim MTB em Alumínio<br>- Pedal MTB Plataforma<br>- Arruela Calço para Ahead Set (1cm)<br>- Manopla MTB com Ótimo grip<br>- Abraçadeira do Selim com Blocagem<br>- Selim MTB<br>- Disco de Freio De 160mm com 6 Parafusos<br>- Freio a Disco Hidráulico Com Pinças e Pastilhas<br> <br>RELAÇÃO (TRANSMISSÃO DA BIKE)<br> <br>- Roda Livre Indexada de 8v<br>- Roda Tripla De Aço Encapado Reforçada<br>- Trocador Indexado Semi Automático Rapid Fire de 3x8v<br>- Cambio Dianteiro 3V Indexado<br>- Cambio Traseiro 7V Indexado<br>- Cubos Para Roda Livre<br>- Corrente indexada de 8v<br>- Jogo de Centro 122.5 Selado Rolamentado","{""cor"":""Preto, Rosa"",""tamanho_do_quadro"":""19"",""tipo"":""Mountain Bike""}",,"Preto, Rosa",,19,,Mountain Bike,,,,,,,,,,,,,,,29,Não informado,KOG,Não informado,Não informado,Mountain Bike,Alumínio,Não informado,29,24,80mm de Cursor,Não informado,Não informado,Não informado,Não informado,Urbano,Não informado,Não informado,Não informado,Disco Hidráulico,KOG,"[Preto,Rosa]",Aro 29,,24 Marchas,,100kg,Freio a Disco,Alumínio,,,Mountain Bike,
flexbikes2||26511-26935,Bicicleta,Bicicleta Masculina Aro 24 Aero + Kit Proteção Sem Marcha Freio V-brake,"<p>A Bicicleta Masculina Aro 24 Aero FlexBikes é ideal para quem procura a melhor qualidade. Com design moderno e combinações de cores encantadoras, a diversão estará garantida! A bicicleta possui estrutura firme em aço e conta com itens certificados pelo Inmetro, banco (selim) macio e confortável, e freio v-brake de alta frenagem. Esse modelo é a combinação perfeita de uma bicicleta com beleza única, e estrutura super firme e resistente, com aro aero que proporciona dupla resistência e estilo às rodas. Para auxiliar nas pedaladas, dispõe do descanso lateral que acompanha o produto (rodinhas laterais não estão inclusas). A aro 24 é recomendada para crianças de 8 a 12 anos, pesando até 56 kg. Sobre o Kit Proteção Só na FlexBikes você encontra bicicletas infantojuvenis com uma linha completa de acessórios, para tornar ainda mais divertida e segura a experiência de pedalar. Confira o que está incluso no Kit Proteção: 01 Garrafinha de água Para a criança se hidratar durante o passeio. Possui suporte para fixar no garfo da bicicleta. Capacidade de 250 ml. Material: plástico. 01 Buzina Fon-fon Mais diversão com a buzina que emite som ao apertar! Material: plástico. 01 Retrovisor Retrovisor com espelho para auxiliar no trajeto e desenvolver noções de trânsito. Material: plástico. 01 par de Joelheiras e Cotoveleiras Protege e evita ralados, com parte interna em espuma que reduz impactos e traz conforto. Tamanho único de uso infantil. 01 par de Luvas Proteção para as mãos com parte interna almofadada. Tamanho único de uso infantil. 01 Capacete Item essencial de segurança, que proporciona resistência a impactos Sistema de ajuste com regulagem de diâmetro (de 55 a 58 cm)* Material: EPS preto com revestimento em PVC Tamanho único de uso infantil *O capacete possui regulagem de diâmetro. Meça a circunferência da cabeça da criança, passando uma fita métrica na altura da testa, rente a sobrancelha e acima da orelha. Para saber se o produto serve, compare se a medida obtida está entre 55 a 58 centímetros. Satisfação garantida A Bicicleta Aro 24 FlexBikes possui firmeza e segurança. Conta com estrutura toda em aço e freios v-brake de fácil acionamento. Equipada com descanso lateral, garrafinha de água, buzina e retrovisor, você tem a certeza que estará comprando um produto seguro e cheio de estilo para quem você ama se divertir muito! Material e Composição Quadro / garfo / guidão: aço Pneus: borracha com câmara de ar Freio: v-brake Rodas: aero Maçanetas: nylon Banco (selim): base plástica e parte interna em espuma Manoplas: borracha Pedais: nylon Pedevela: aço Coroa: aço Descanso lateral: aço Como a bicicleta chega? A bicicleta é enviada de forma pré-montada dentro da caixa, por motivo de transporte e acomodação. As rodas dianteira e traseira, guidão e pedais vão desencaixados, os freios vão desajustados, e alguns acessórios a serem instalados. Mas não se preocupe! Fizemos o vídeo abaixo mostrando o Passo a Passo de Como Montar a Bicicleta Aro 24. Caso tenha as ferramentas necessárias, poderá você mesmo (a) montar a bicicleta em sua casa. No entanto, caso não tenha experiência, sugerimos que a montagem e revisão final seja efetuada por uma oficina especializada para garantir o máximo de desempenho e segurança. Qual o tamanho de bicicleta ideal? Está em dúvida de qual o tamanho ideal de bicicleta para a criança? Fique tranquilo(a), o nosso Guia de Tamanho vai te ajudar a escolher corretamente. Siga as instruções: - Com uma fita métrica, meça na perna da criança a altura do cavalo, isto é, a distância em centímetros da região que vai apoiada no banco (região da virilha) até a sola dos pés. - Compare a medida obtida e o peso da criança ...</p>","{""cor"":""Azul"",""genero"":""Masculino""}",,Azul,,,Masculino,,,,,,,,,,,,,,,,24,Não informado,FlexBikes,Não informado,Masculino,Não informado,Aço,Aero,Aero,Sem Marcha,Não informado,Kit Proteção,Não informado,Não informado,Não informado,Não informado,Não informado,56 kg,Rodinhas laterais não estão inclusas,V-brake,FlexBikes,Azul,Aro 24,,,,56kg,V-Break,Aço,,Masculino,Passeio,
krwbikes||gta3-pto-amar-verm-155,Bicicleta,Bicicleta Alum 29 KSW Cambios GTA 27 Vel Freio Disco Hidráulica,"<p>A KSW é uma bicicleta Aro 29 com freio a disco desenvolvida para passeios e um bom começo nas primeiras trilhas da categoria MTB.</p><p>Quadro em alumínio 6061<br>Freio Hidráulico<br>Abraçadeira alumínio de selim 31,8mm com blocagem<br>Alavancas de câmbio rapid-fire 9 velocidades<br>Aro aéro 29 parede dupla 36f<br>Caixa de direção semi-integrado<br>Câmbio dianteiro Sunrun<br>Cambio traseiro Sunrun<br>Câmera de ar 29<br>Pedivela alumínio<br>Canote de selim 27.2mm com carrinho<br>Corrente index 9 velocidades<br>Cubo alumínio cassete com blocágem<br>Espaçador alumínio 10 mm<br>Garfo suspensão mecânica<br>Guidão alumínio 31.8 mm reto<br>Mesa alumínio 31.8 mm<br>Kit cabo com conduiter com teflonn<br>Movimento central rolamentado 122mm<br>Pedal em nylon<br>Pneu 29<br>Raio 285x2.0mm aço preto<br>Cassete 9 velocidades index<br>Selim mtb.</p><p>OBS: IMAGEM MERAMENTE ILUSTRATIVA, BIKE VAI CONFORME DESCRIÇÃO</p><p>RECOMENDAÇÃO DE TAMANHOS<br>Altura do ciclista: 1,65 até 1,71m Tamanho de quadro 15"" á 16""<br>Altura do ciclista: 1,72 até 1,76m Tamanho de quadro 17"" á 18""<br>Altura do ciclista: 1,77 até 1,82m Tamanho de quadro 19""<br>Altura do ciclista: 1,83 até 1,90m ou mais Tamanho de quadro 21""</p><p>MONTAGEM</p><p>A bicicleta é montada e engraxada, porém, para acomodação na embalagem e transporte, algumas peças são enviadas desmontadas.</p><p>A montagem é de responsabilidade do cliente e é necessário efetuar regulagem de câmbio ao receber o produto.</p><p><br>GARANTIA:</p><p>NÃO COBRE DEFEITOS POR MAU USO OU PELA MONTAGEM / REVISÃO INADEQUADA DO PRODUTO.<br>A garantia será validada para as montadas e revisadas por uma oficina especializada e é referente apenas ao primeiro proprietário.<br>A garantia não se aplica para os itens de desgaste natural, tais como: Pneu, câmaras, cabos, sapatas de freio, centragem de aros, pintura<br>do quadro, componentes da transmissão (corrente, engrenagens do pedivela, engrenagens do cassete ou roda livre ).</p><p>Obs: Até 2 dias para montar e despachar.</p>","{""cor"":""Preto, Amarelo"",""tipo"":""Mountain Bike""}",,"Preto, Amarelo",,,,Mountain Bike,,,,,,,,,,,,,,,29,Não informado,KSW,Não informado,Não informado,MTB,alumínio,Cambios GTA,29,27,mecânica,Não informado,Não informado,Não informado,Não informado,Passeio,Não informado,Não informado,Não informado,Disco Hidráulica,KSW,"[Preto,Amarelo,Vermelho]",Aro 29,,27 Marchas,Dianteira,,Freio a Disco,Alumínio,,,Mountain Bike,
diasjuniorbicicletas||NERO4PTOVERM21TIPO21PNBEGE,Bicicleta,Bicicleta Aro 29 Absolute Nero 4 12v Garfo com Trava K7 11/50 Freios Hidráulicos Kit 1x12 Pneu com Faixa Bege - Preto/Vermelho,"<p>Lançamento Absolute Nero 4, melhor custo benefício pode comparar!! Kit Gta Rx de 1 x 12 velocidades, suspensão com trava no ombro, freios hidráulicos, bike vai praticamente pronta, mas precisamos tirar a roda dianteira, pedais, guidão e selim para embalar a bike na caixa, recomendamos que seja feita uma montagem final por um técnico para que se precisar fazer alguma regulagem específica, segue lista das peças que compõem a bike:</p><p><br></p><p>quadro 29 Absolute Nero 4, alumínio 6061 - cabeamento interno</p><p>garfo 29 gta com trava no ombro</p><p>caixa de direção 44MM</p><p>suporte de guidão 31.8 preto alumínio</p><p>guidão 31.8 preto alumínio</p><p>canote do selim com carrinho 27,2MM</p><p>selim sport preto</p><p>abraçadeira do canote do selim com blocagem preta</p><p>alavanca de câmbio 12V Gta Rx 12v</p><p>câmbio traseiro Gta Rx 12v</p><p>catraca cassete Gta 12V 11-50d</p><p>corrente 12V sumc gta</p><p>pedivela gta 12V coroa única ponta quadrada</p><p>movimento central 34.7 rolamentado ponta quadrada</p><p>rodas aero pretas 36f</p><p>camaras 29 bico grosso</p><p>pneus 29 pretos com cravo baixo</p><p>freios A disco hidráulicos com discos 160MM</p><p>peso médio 14,5 kg</p><p><br></p><p>Recomendamos que seja feita uma revisão por um técnico após a recebimento do produto, para reajuste e regulagem, pois no transporte pode acontecer de alguma peça soltar ou desregular</p><p>Fotos meramente ilustrativas</p>",{},,,,,,,,,,,,,,,,,,,,,29,PretoVermelho,Absolute,Não informado,Não informado,Não informado,alumínio 6061,Nero 4,Não informado,12,com trava no ombro,"Kit Gta Rx de 1 x 12 velocidades, suspensão com trava no ombro, freios hidráulicos,  bike vai praticamente pronta mas precisamos tirar a roda dianteira pedais guidão e selim para embalar a bike na caixa recomendamos que seja feita uma montagem final por um técnico para que se precisar fazer alguma regulagem específica segue lista das peças que compõem a bike",Não informado,Não informado,Não informado,Não informado,Não informado,Não informado,"K7 1150, Freios Hidráulicos, Kit 1x12, Pneu com Faixa Bege",A disco hidráulicos,Absolute,"[Preto,Vermelho]",Aro 29,,12 Marchas,,"14,5kg",Freio a Disco,,,,Mountain Bike,
krwbikes||s9-bco-pto-155,Bicicleta,Bicicleta Aro 29 Krw Alumínio 27 Velocidades Freio Hidráulico Suspensão com Trava MountainBike S9,"<p>A KRW é uma bicicleta Aro 29 com freio a disco desenvolvida para passeios e um bom começo nas primeiras trilhas da categoria MTB.</p> <p>Quadro em alumínio 6061</p> <p>Abraçadeira alumínio de selim 31,8mm</p> <p>Alavancas de câmbio rapid-fire 9 velocidades</p> <p>Aro aéro 29 parede dupla 36f</p> <p>Caixa de direção semi integrado</p> <p>Câmbio dianteiro Importado</p> <p>Câmbio traseiro Importado</p> <p>Pedivela coroa triplo revestido</p> <p>Canote de selim 27.2mm com carrinho</p> <p>Corrente index 9 velocidades</p> <p>Cubo alumínio cassete com blocágem</p> <p>Espaçador alumínio 10 mm</p> <p>Garfo suspensão com Trava</p> <p>Guidão alumínio 31.8mm reto</p> <p>Kit cabo com conduiter com teflonn</p> <p>Mesa alumínio 31.8mm</p> <p>Movimento central rolamentado 122mm</p> <p>Pedal plataforma com refletor</p> <p>Freio Hidráulico</p> <p>Pneu 29 cravos</p> <p>Raio 285x2.0mm aço preto</p> <p>Cassete de 9 index</p> <p>Selim mtb.</p> <p>OBS: IMAGEM MERAMENTE ILUSTRATIVA, BIKE VAI CONFORME DESCRIÇÃO</p> <p>RECOMENDAÇÃO DE TAMANHOS</p> <p>Altura do ciclista: 1,55 até 1,65m Tamanho de quadro 15.5""</p> <p>Altura do ciclista: 1,65 até 1,75m Tamanho de quadro 17""</p> <p>Altura do ciclista: 1,75 até 1,82m Tamanho de quadro 19""</p> <p>Altura do ciclista: 1,82 até 1,90m ou mais Tamanho de quadro 21""</p> <p>MONTAGEM</p> <p>A bicicleta é montada, porém, para acomodação na embalagem e transporte, algumas peças são enviadas desmontadas.</p> <p>A montagem é de responsabilidade do cliente e é necessário efetuar regulagem de câmbio ao receber o produto.</p> <p>GARANTIA:</p> <p>NÃO COBRE DEFEITOS POR MAU USO OU PELA MONTAGEM / REVISÃO INADEQUADA DO PRODUTO.</p> <p>A garantia será validada para as montadas e revisadas por uma oficina especializada e é referente apenas ao primeiro proprietário.</p> <p>A garantia não se aplica para os itens de desgaste natural, tais como: Pneu, câmaras, cabos, pastilhas de freio, centragem de aros, pintura do quadro, componentes da transmissão (corrente, engrenagens do pedivela, engrenagens do cassete ou roda livre ).</p> <p>Obs: Até 2 dias para montar e despachar.</p>","{""marca"":""KRW""}",,,KRW,,,,,,,,,,,,,,,,,,29,Não informado,Krw,Não informado,Não informado,MountainBike,Alumínio,S9,29,27,com Trava,Não informado,Não informado,Não informado,Não informado,Não informado,Não informado,Não informado,Não informado,Hidráulico,KRW,"[Branco,Preto]",Aro 29,,27 Marchas,Dianteira,,Freio a Disco,Alumínio,,,Mountain Bike,
epicshop||603-1753,Bicicleta,Bicicleta Aro 29 Dropp Z3 21 Velocidades  Câmbio Shimano Freio a Disco,"CaracterísticasIdeal para ser usada em trilhas leves, passeios e mobilidade urbana, a Bicicleta Dropp Z3 foi especialmente elaborada para a pessoa que quer aproveitar tudo que uma boa bike pode oferecer! Possui design moderno, conforto, tecnologia, além de cores vivas e vibrantes; tudo isso por um excelente custo benefício!Quadro e Pedivela em alumínio, o que deixa a bicicleta mais leve;21 marchas oferecem um bom desempenho nas subidas;Freio a disco: mais desempenho e segurança nas frenagens.Ficha TécnicaDropp Z3 2020 - Aro 29 em Alumínio 6061<br>Garfo / Suspensão Aro 29 Preto 80MM<br>Alavanca / Trocador Ez-Fire Engate Rápido 21V - Gta Yamada<br>Câmbio Dianteiro Shimano TZ-31<br>Câmbio Traseiro Shimano TZ-31<br>Pedivela Reduzido Alumínio Preto<br>Catraca / Roda Livre 7v Index<br>Corrente Index 7V<br>Freio a Disco 160mm Preto - Mecânico Paco<br>Cubos p/ Disco 36f rosca Preto com blocagens<br>Aros Aero 36 Furos Folha Dupla Alumínio Preto Vzan<br>Câmara de Ar 29 x 1.95 Bico Grosso<br>Pneu 29 Cravo<br>Guidão expandido Preto Reto<br>Suporte de Guidão / Mesa Preto em Alumínio<br>Canote de Selim Preto em Alumínio c/carrinho embutido<br>Abraçadeira C/ Blocagem em Alumínio Preto<br>Banco / Selim - Sport / selle royal premium alta qualidade!<br>Pedal nylon plataforma preto<br>Movimento Central Roller 122.5 Preto Selado<br>Movimento de Direção Aheadset Preto<br>Manopla Preto color plus<br>Espaçador Aheadset Em Alumínio 3PÇPeso Aproximado: 14,5KgEnvioPara Amazonas, Amapá, Pará e Rio de Janeiro (capital e região metropolitana) consulte a disponibilidade de entrega antes de sua compra.O Envio do produto será feito de 5 a 8 dias úteis após a confirmação de pagamento.MontagemEnviamos a bicicleta pré-montada, revisada e devidamente embalada;Para efeito de garantia, sugerimos que a montagem seja efetuada por mão de obra especializada.Garantia - 3 MesesNão cobre defeitos por mau uso ou pela montagem e revisão inadequada do produto.A garantia será validada para as bicicletas montadas e revisadas por uma oficina especializada e é referente apenas ao primeiro proprietário.A garantia não se aplica para os itens de desgaste natural, tais como: Pneu, câmaras, cabos, sapatas de freio, centragem de aros, pintura do quadro, componentes da transmissão (corrente, engrenagens do pedivela, engrenagens do cassete).Sobre a Epic ShopSomos uma empresa formada por pessoas apaixonadas por esportes e queremos compartilhar com você essa paixão!! Nossa missão é promover a satisfação de nossos clientes, sempre oferecendo os melhores produtos e marcas! O prazer que o esporte proporciona começa aqui, com a Epic Shop.","{""marca"":""Dropp""}",,,Dropp,,,,,,,,,,,,,,,,,,29,Não informado,Dropp,Não informado,Não informado,Não informado,Alumínio,Z3,29,21,Suspensão,Não informado,Não informado,Não informado,Não informado,Não informado,Não informado,Não informado,Não informado,Disco,Dropp,"[Azul,Verde]",Aro 29,21,21 Marchas,,"14,5kg",Freio a Disco,Alumínio,,Unissex,Passeio,
bikediasg5||32066,Bicicleta,Bicicleta Aro 29 KSW XLT 12v Freio Hidráulico Toda Absolute,"Bem vindo a Dias Bike! A Dias Bike é uma loja física e virtual que faz parte da família Dias Bike e Dias Moto Peças, que possuem mais de 10 lojas físicas e uma distribuidora atacadista, atuando no mercado de ciclismo a mais de 31 anos. A empresa comercializa bicicletas prontas, peças e acessórios para bicicletas em geral, tudo a sua disposição e com a comodidade de receber o produto em sua casa em qualquer lugar do Brasil com toda garantia de entrega e a certeza de sua satisfação.<br> <br>Bicicleta Aro 29 KSW XLT 12v Freio Hidráulico Toda Absolute<br> <br>COMPONENTES DA BIKE<br> <br><br>Quadro aro 29 Alumínio<br>Suspensão de 100mm Absolute<br>Aros Aeros para Disco Folha Dupla<br>Raios Zincados<br>Pneus Aro 29 Com Arame<br>Câmara de Ar Aro 29<br>Jogo Direção Ahead Set<br>Suporte Do guidão 31.8<br>Guidão 31.8 Absolute<br>Canote do Selim Absolute<br>Pedal MTB Plataforma<br>Arruela Calço para Ahead Set (1cm)<br>Manopla MTB Comum<br>Abraçadeira do Selim com Blocagem<br>Selim MTB<br>Rotor de Freio De 160mm<br>Freio a Disco Hidráulico Absolute<br><br> <br>RELAÇÃO (TRANSMISSÃO DA BIKE)<br> <br><br>Cassete 12 Velocidades 11x50D Absolute<br>Pedivela Single Ponta Quadrada Absolute<br>Trocador Indexado Semi Automático de 12V Absolute Wild<br>Cambio Traseiro Indexado MTB 12V Absolute Wild<br>Cubos FreeHub para cassete Absolute<br>Corrente indexada de 12V<br><br> <br>**IMAGENS MERAMENTE ILUSTRATIVAS**","{""marca"":""KSW""}",,,KSW,,,,,,,,,,,,,,,,,,29,Não informado,KSW,Não informado,Não informado,MTB,Alumínio,XLT 12v,29,12,100mm,Freio Hidráulico,Não informado,Não informado,Não informado,Não informado,Não informado,Não informado,Toda Absolute,Disco Hidráulico,KSW,"[Laranja,Cinza]",Aro 29,15,12 Marchas,Dianteira,,Freio a Disco,Alumínio,,Unissex,Mountain Bike,
bikediasg5||31186,Bicicleta,Bicicleta Aro 29 MTB KOG 12 Velocidades Freios Hidráulicos,"<p>KOG</p><p><br></p><p><br></p><p>A KOG é uma marca da Dias Bike, baseada em toda a experiencia acumulada ao longo de mais de 30 anos no mercado de ciclismo e motocicletas. A experiencia nos permitiu desenvolver bicicletas que com um ótimo custo benefício, tanto para pedais urbanos para te levar a todos os lugares, como também bicicletas prontas para encarar os mais diversos obstáculos em uma trilha. A KOG foi pensada e desenvolvida especialmente para quem está iniciando no Mountain Bike e conciliando conforto e desempenho.</p><p><br></p><p><br></p><p>**Bike Indicada para Uso Urbano**</p><p><br></p><p><br></p><p>FICHA TECNICA</p><p><br></p><p><br></p><p>Quadro aro 29 Alumínio Cabeamento Interno</p><p><br></p><p>Suspensão de 80mm</p><p><br></p><p>Aros Aeros para Disco Folha Dupla</p><p><br></p><p>Raios Zincados</p><p><br></p><p>Pneus Aro 29 Com Arame</p><p><br></p><p>Câmara de Ar Aro 29</p><p><br></p><p>Jogo Direção Ahead Set</p><p><br></p><p>Suporte Do guidão 31.8</p><p><br></p><p>Guidão 31.8 MTB</p><p><br></p><p>Canote do Selim MTB </p><p><br></p><p>Pedal MTB Plataforma</p><p><br></p><p>Arruela Calço para Ahead Set (1cm)</p><p><br></p><p>Manopla MTB Comum</p><p><br></p><p>Abraçadeira do Selim com Blocagem</p><p><br></p><p>Selim MTB </p><p><br></p><p>Disco de Freio De 160mm Parafusos</p><p><br></p><p>Freio a Disco Hidráulico Com Pinças e Pastilhas</p><p><br></p><p><br></p><p>RELAÇÃO (TRANSMISSÃO DA BIKE)</p><p><br></p><p><br></p><p>Cassete 12V Indexado</p><p><br></p><p>Pedivela Single Alumínio Ponta Quadrada</p><p><br></p><p>Trocador Indexado Semi Automático Rapid Fire de 12V</p><p><br></p><p>Cambio Traseiro Indexado MTB 12v Velocidades</p><p><br></p><p>Cubos Cassete (K7)</p><p><br></p><p>Corrente indexada de 12 Velocidades</p><p><br></p><p>Jogo de Centro</p><p><br></p><p><br></p><p>Dias Bike</p><p><br></p><p><br></p><p>Bem vindo a Dias Bike! A Dias Bike é uma loja física e virtual que faz parte da família Dias Bike e Dias Moto Peças, que possuem mais de 10 lojas físicas e uma distribuidora atacadista, atuando no mercado de ciclismo a mais de 30 anos. A empresa comercializa bicicletas prontas, peças e acessórios para bicicletas em geral, tudo a sua disposição e com a comodidade de receber o produto em sua casa em qualquer lugar do Brasil com toda garantia de entrega e a certeza de sua satisfação.</p><p><br></p><p><br></p><p>**FOTOS MERAMENTE ILUSTRATIVAS**</p>","{""aro"":""29\"""",""cor"":""Preto, Amarelo"",""marca"":""KOG"",""tamanho_do_quadro"":""15""}","29""","Preto, Amarelo",KOG,15,,,,,,,,,,,,,,,,,29,Não informado,KOG,Não informado,Não informado,MTB,Alumínio,Não informado,29,12,80mm,Cabeamento Interno,Não informado,Não informado,Não informado,Urbano,Não informado,Não informado,Não informado,Hidráulico,KOG,"[Preto,Amarelo]",Aro 29,,12 Marchas,,,Freio a Disco,Alumínio,,,Mountain Bike,
klsbikeshop||20899,Bicicleta,Bicicleta Aro 29 Alumínio Kls King Freio A Disco Mtb 21 Marchas,"<p>A Bicicleta Kls É Produzida Para Proporcionar Segurança E Conforto, Perfeita Para Passeios De Final De Semana E Momentos De Muita Diversão. Uma Ótima Opção Para Você Ou Para Presentear Quem Você Ama.</p><p>Nossa Empresa Está No Mercado Há Mais De Quarenta Anos, Nossa Marca Evoluí A Cada Dia, Para Melhor Atender Você e Sua Família.</p><p>Kls Pedalando Junto Com Você.</p><p>Tipo/Uso: Urbano</p><p>Marca: Kls</p><p>Modelo: Mountain Bike</p><p>Números de marchas/velocidade: 21 Marchas</p><p>Aro Aero folha dupla</p><p>Câmbio dianteiro importado</p><p>Câmbio traseiro importado</p><p>Canote Selim Alumínio</p><p>Corrente 116L Importada</p><p>Cubos Aço Disco Importado</p><p>Eixo Centro Selado 118mm</p><p>Freios à Disco</p><p>Mesa de Alumínio Ahead Set</p><p>Guidão de Alumínio Preto</p><p>Movimento de direção: Conjunto Over A. Set</p><p>Pedal: Nylon</p><p>Pedivela: Triplo D/E Aço Revestido em Nylon 34,7mm</p><p>Pneu: 29x2,00 ou 2,10 Importado</p><p>Quadro Alumínio</p><p>Garfo Com Suspensão</p><p>Selim Mtb</p><p>Trocador De marcha: Grip Shifter Importado</p><p>Idade Recomendada: Adulto</p><p>Altura Recomendada: 1,72m - 1,83m</p><p>Peso Máximo Recomendado (Kg): 100Kg</p><p>Dimensões:</p><p>Altura: 112 cm</p><p>Largura: 38 cm</p><p>Profundidade: 188 cm</p><p>Peso: 16 kg</p><p>Todas As Bicicletas São Enviadas Semi-Montadas, Com Algumas Partes Desencaixadas/Desmontadas Para Melhor Acomodação Na Caixa.</p><p>Caso Tenha Um Conhecimento Básico, Você Mesmo Poderá Montar A Bicicleta, Mas Recomendamos Que A Montagem Seja Feita Em Uma Oficina Especializada, Para Garantir O Máximo De Desempenho E Segurança.</p><p>O Custo Da Montagem É De Responsabilidade Do Comprador.</p><p>Acompanha Manual Do Usuário Explicativo Para Montagem.</p>","{""cor"":""Branco"",""marca"":""KLS"",""tamanho_do_quadro"":""19"",""tipo"":""Mountain Bike""}",,Branco,KLS,19,,Mountain Bike,,,,,,,,,,,,,,,29,Não informado,Kls,Não informado,Não informado,Mountain Bike,Alumínio,King,Aero folha dupla,21,Com Suspensão,Não informado,Não informado,Não informado,Não informado,Não informado,Não informado,100Kg,Não informado,A Disco,KLS,"[Branco,Preto]",Aro 29,19,21 Marchas,,100kg,Freio a Disco,Alumínio,,,Passeio,
pontodabikesports||21-41,Bicicleta,Bicicleta MTB Audax ADX 300 2022,"A Audax ADX 300 2022, possuem o mesmo quadro, saindo de uma clássica MTB para se tornarem mais ágeis e competitivas, isto graças à diminuição de 5mm no Head Tube e 1,6mm no Stack. Para garantir maior controle de pilotagem e conforto, o ângulo do Head Tube foi reduzido para 69,5°, sem falar no aumento de 16,6mm dos entre eixos, permitindo ao ciclista um melhor posicionamento sobre a bike.A Audax, marca nacional de Moutain Bike, está atuando há 6 anos no mercado. Ela já se tornou referência entre preços e qualidade de suas bicicletas. A marca traz os melhores quadros em resistência, além de prover garantia vitalícia dele.QUADRO<br>ADX 300 MTB 6061 T6 29 boost /Tapered / press fit / Cabeamento InternoSUSPENSÃO<br>Rock Shox Judy 29 Ar 100mm de curso - C/ Trava universal remota no guidão - eixo passante boost 15x110mm / Suntour SF19 Raidon ar 100mm de curso - C/ Trava remota no guidão - eixoCAIXA DE DIREÇÃO<br>VP Semi-Integrada TaperedCÂMBIO TRASEIRO<br>Shimano Deore M5100-SGS Shadow+ 11vCORRENTE<br>Shimano HG601-11 - 11v 116LMOVIMENTO CENTRAL<br>Shimano MT500-PA Press FitPEDIVELA<br>Shimano DEore M5100-1 170/175mm 32DCASSETE<br>Shimano Deore 11V HG5100-11 11X51DPEDAIS<br>VPE-899, MTB, plásticoMESA<br>Alumínio ADX 31.8x90mm-17°GUIDÃO<br>Alumínio ADX 31.8x740mmALAVANCA DO CÂMBIO<br>Shimano Deore M5100 11vMANOPLA<br>Silicone Velo / AudaxFREIO<br> Shimano MT400 Hidraulico / Disco: Shimano RT26 6 parafusos 160mm / / Disco: Bolids 6 parafusos 160mmABRAÇADEIRA<br>Alumínio 31.8mmSELIM<br>MTB VD-1163B-01 Preto/VermelhoCANOTE DO SELIM<br>ADX Alumínio 27,2 x 350mm, Setback 12.9RODAS<br>Audax BTT-NB 29” 28F BOOST, Aro parede dupla assimétricoPNEUS<br>Arisun Mount Grahan 29x2.20","{""marca"":""Audax"",""tamanho_do_quadro"":""15"",""tipo"":""Mountain Bike""}",,,Audax,15,,Mountain Bike,,,,,,,,,,,,,,,29,Não informado,Audax,Não informado,Não informado,MTB,6061 T6,ADX 300,29,11,Ar,Cabeamento Interno,Não informado,Não informado,Não informado,Não informado,Não informado,Não informado,Não informado,Hidraulico,Audax,Azul,Aro 29,,11 Marchas,,,Freio a Disco,Alumínio,,,Mountain Bike,
bikediasg5||27803,Bicicleta,Bike Aro 29 KOG 21 Marcha Cambio Shimano Torney Freio Disco,"Dias Bike<br> <br>Bem vindo a Dias Bike! A Dias Bike é uma loja física e virtual que faz parte da família Dias Bike e Dias Moto Peças, que possuem mais de 10 lojas físicas e uma distribuidora atacadista, atuando no mercado de ciclismo a mais de 30 anos. A empresa comercializa bicicletas prontas, peças e acessórios para bicicletas em geral, tudo a sua disposição e com a comodidade de receber o produto em sua casa em qualquer lugar do Brasil com toda garantia de entrega e a certeza de sua satisfação.<br> <br>KOG<br> <br>A KOG é uma marca da Dias Bike, baseada em toda a experiencia acumulada ao longo de mais de 30 anos no mercado de ciclismo e motocicletas. A experiencia nos permitiu desenvolver bicicletas que com um ótimo custo benefício, tanto para pedais urbanos para te levar a todos os lugares, como também bicicletas prontas para encarar os mais diversos obstáculos em uma trilha. A KOG foi pensada e desenvolvida especialmente para quem está iniciando no Mountain Bike e conciliando conforto e desempenho.<br> <br> <br>**Bike Indicada para Uso Urbano**<br> <br>FICHA TECNICA<br> <br>- Quadro aro 29 Alumínio<br>- Suspensão de 80mm de Cursor <br>- Aros Aeros para Disco Folha Dupla em Alumínio<br>- Raios Zincados na cor Preto<br>- Pneus Aro 29 Com Arame<br>- Camara de Ar Aro 29<br>- Jogo Direção Ahead Set<br>- Suporte Do guidão 31.8 em Alumínio<br>- Guidão 31.8 MTB em Alumínio<br>- Canote do Selim MTB em Alumínio<br>- Pedal MTB Plataforma<br>- Arruela Calço para Ahead Set (1cm)<br>- Manopla MTB com ótimo grip<br>- Abraçadeira do Selim com Blocagem<br>- Selim MTB<br>- Disco de Freio De 160mm com 6 Parafusos<br>- Freio a Disco Mecânico Com Pinças e Pastilhas<br> <br>RELAÇÃO (TRANSMISSÃO DA BIKE)<br> <br>- Roda Livre Indexada de 7v<br>- Roda Tripla De Aço Encapado Reforçada<br>- Trocador Indexado Semi Automático Rapid Fire de 7v<br>- Cambio Dianteiro Shimano Tourney 3v<br>- Cambio Traseiro Shimano Tourney 7v<br>- Cubos Para Roda Livre<br>- Corrente indexada de 7v<br>- Jogo de Centro 122.5 Selado Rolamentado","{""aro"":""29\"""",""marca"":""KOG"",""tamanho_do_quadro"":""19""}","29""",,KOG,19,,,,,,,,,,,,,,,,,29,Não informado,KOG,Não informado,Não informado,Mountain Bike,Alumínio,Não informado,29,21,80mm de Cursor,Não informado,Não informado,Não informado,Não informado,Urbana,Não informado,Não informado,Não informado,Disco Mecânico,KOG,"[Amarelo,Preto]",Aro 29,,21 Marchas,,,Freio a Disco,Alumínio,,,Passeio,
krwbikes||kr5-bco-pto-17,Bicicleta,Bicicleta aro 29 KRW Alumínio 27 Velocidades Freio a Disco Suspensão dianteira Mountain Bike KR5,"<p>A bicicleta KRW KR5 foi desenvolvida para quem quer realizar um passeio e pegar trilhas leves. Com seu quadro em alumínio 6061, fornece segurança e leveza no seu pedal. Possuí também freio a disco, que oferece uma maior segurança. Possuí diversas cores que garante um estilo próprio para você.</p><p>Quadro em alumínio 6061</p><p>Abraçadeira alumínio de selim 31,8mm</p><p>Alavancas de câmbio ez-fire 9 velocidades</p><p>Aro aéro 29 pared dupla 36f</p><p>Caixa de direção semi integrado</p><p>Câmbio dianteiro Importado</p><p>Câmbio traseiroImportado</p><p>Pedivela aço coroa triplo revestido</p><p>Canote de selim 27.2mm com carrinho</p><p>Corrente index 9 velocidades</p><p>Cubo com blocágem</p><p>Espaçador alumínio 10 mm</p><p>Garfo suspensão mecânico</p><p>Guidão alumínio 31.8mm reto</p><p>Kit cabo com conduiter com teflonn</p><p>Mesa alumínio 31.8mm</p><p>Movimento central rolamentado 122mm</p><p>Pedal em nylon preto</p><p>Pinça de freio a disco com rotor de 160mm</p><p>Pneu 29 cravos</p><p>Raio 285x2.0mm aço preto</p><p>Roda livre de 9 index</p><p>Selim mtb.</p><p>OBS: IMAGEM MERAMENTE ILUSTRATIVA, BIKE VAI CONFORME DESCRIÇÃO</p><p>RECOMENDAÇÃO DE TAMANHOS</p><p>Altura do ciclista: 1,55 até 1,65m – Tamanho de quadro 15.5""</p><p>Altura do ciclista: 1,65 até 1,75m – Tamanho de quadro 17""</p><p>Altura do ciclista: 1,75 até 1,82m – Tamanho de quadro 19""</p><p>Altura do ciclista: 1,82 até 1,90m ou mais – Tamanho de quadro 21""</p><p>MONTAGEM</p><p>A bicicleta é montada, porém, para acomodação na embalagem e transporte, algumas peças são enviadas desmontadas.</p><p>A montagem é de responsabilidade do cliente e é necessário efetuar regulagem de câmbio ao receber o produto.</p><p>GARANTIA:</p><p>NÃO COBRE DEFEITOS POR MAU USO OU PELA MONTAGEM / REVISÃO INADEQUADA DO PRODUTO.</p><p>A garantia será validada para as montadas e revisadas por uma oficina especializada e é referente apenas ao primeiro proprietário.</p><p>A garantia não se aplica para os itens de desgaste natural, tais como: Pneu, câmaras, cabos, pastilhas de freio, centragem de aros, pintura</p><p>do quadro, componentes da transmissão (corrente, engrenagens do pedivela, engrenagens do cassete ou roda livre ).</p><p>Obs: Até 2 dias para montar e despachar.</p>","{""aro"":""29\"""",""cor"":""Branco, Preto"",""marca"":""KRW"",""tipo"":""Mountain Bike""}","29""","Branco, Preto",KRW,,,Mountain Bike,,,,,,,,,,,,,,,29,Não informado,KRW,Não informado,Não informado,Mountain Bike,Alumínio,KR5,29,27,Suspensão dianteira,Não informado,Não informado,Não informado,Não informado,Não informado,Não informado,Não informado,Não informado,Disco,KRW,"[Branco,Preto]",Aro 29,,27 Marchas,Dianteira,,Freio a Disco,Alumínio,,,Mountain Bike,
vikingsvendas||12737633976,Bicicleta,Bicicleta tsw hurry aro 29 shimano deore 12v suspensão suntour,"<br>BICICLETA MTB TSW HURRY SUSPENSÃO SUNTOUR 12V<br> <br>Agora que o modelo está com duas novas lindas opções de cores, vai ser difícil resistir.<br>A TSW Hurry | SR Suntour tem o conforto e a praticidade que o seu giro merece. Uma nova descoberta para o seu pedal!<br>Uma bike para quem está em constante evolução no MTB<br> <br>A Hurry é a companheira ideal do ciclista que não tem medo de explorar o novo! <br>Novos giros, novas cores, novos resultados... A Hurry vai te levar a viver novas e incríveis experiências no MTB.<br>Desde a sua primeira inserção no mercado, a Hurry já marcou a vida de milhares de ciclistas brasileiros e segue se tornando uma bike referência em design, conforto e agilidade! A linha 2021/22 não será diferente e promete ainda mais emoção agora com a suspensão Suntour compondo a configuração dessa máquina. <br> <br>Rapidez nas estradas e na evolução da sua performance!<br>Ao pedalar uma Hurry, você vai perceber que a performance anda sempre em conjunto com a qualidade do equipamento. A entrega deve ser mútua: ciclista e bike, num mesmo ritmo. E com a Hurry a entrega de um excelente resultado estará garantida! <br>A geometria foi ajustada para mais emoção, o guidão com 9o de backsweep permite o controle otimizado das manobras e um retorno satisfatório da bike durante a pilotagem. Esse ajuste proporciona uma ergonomia aprimorada e muito mais conforto, principalmente em pedais longos, enquanto os demais elementos Shimano (cubo, freio e câmbio traseiro) + pneus Arisun oferecem precisão e aderência aos movimentos da bike sobre o solo.<br> <br>Confira mais sobre as especificações da TSW Hurry | SR Suntour em ""Ficha Técnica"".<br> <br>QUADRO<br>TSW Hurry 29"" | Alumínio 6061 | Direção Tapered | M. Central BSA | Freio Poust Mount | Eixo de 9 mm | Geometria atualizada 2021<br> <br>SUSPENSÃO DIANTEIRA<br>SR-Suntour XCM | 100 mm | Trava Remota | Ajuste de Preload<br> <br>MOVIMENTO DE DIREÇÃO<br>Tapered | Semi-integrada (ZS) | Esfera<br> <br>GUIDÃO<br>TSW | Reto | Alumínio | 31.8 x 740 mm | 9o backsweep<br> <br>SUPORTE DE GUIDÃO<br>Ahead | Alumínio | 70 mm/17°<br> <br>MANOPLA<br>MTB - TSW light<br> <br>FREIO<br>Shimano hidráulico | MT200 | Dianteiro / traseiro<br> <br>DISCO DE FREIO<br>Shimano | Center Lock | 160 mm | RT-30<br> <br>ARO/RAIO<br>TSW T-9000 Tubeless Ready | 29"" | Alumínio | Dupla camada | 32Furos | Ilhós | Válvula Fina ( Presta ) | Raio Preto<br> <br>CUBO<br>Dianteiro: Shimano TX-505 | Alumínio | 32 furos | Dianteiro/Traseiro<br> <br>PNEU / CÂMARA DE AR<br>Pneu: Arisun Bona/Graham 29×2.10"" | Câmara: 29"" | Válvula presta 48 mm<br> <br>PEDIVELA<br>X-Time | Direct mount | Braço 170 mm | Coroa 32D. com off set 0<br> <br>CORRENTE<br>Shimano Deore | 12 velocidades<br> <br>MOVIMENTO CENTRAL<br>X-Time | Integrado | BSA | BC 34.7 mm (1.37"") | Pedivela MTB 24 mm<br> <br>CASSETE<br>Sram SX | 11-50T | 12 Velocidades<br> <br>CÂMBIO TRASEIRO<br>Shimano Deore RD 6100| 12 velocidades | Shimano Shadow plus<br> <br>ALAVANCA<br>Traseira | Shimano Deore SL-M6100 | 12 Velocidades<br> <br>SELIM<br>TSW MTB (vazado)<br> <br>CANOTE<br>TSW Alumínio | 31.6 x 400 mm | Carrinho | Parafuso duplo | Microajuste<br> <br>ABRAÇADEIRA<br>Alumínio | 34.9 | Blocagem<br> <br>PEDAL<br>Inglês | Alumínio | Preto<br> <br>PESO<br>14,4 kg (17)<br>","{""aro"":""29\"""",""cor"":""Vermelho, Preto"",""marca"":""TSW""}","29""","Vermelho, Preto",TSW,,,,,,,,,,,,,,,,,,29,Não informado,TSW,Não informado,Não informado,MTB,Alumínio,Hurry,29,12,Suntour,Não informado,Não informado,Não informado,Não informado,Não informado,Não informado,Não informado,Não informado,Hidráulico,TSW,"[Vermelho,Preto]",Aro 29,,12 Marchas,Dianteira,"14,4kg",Freio a Disco,Alumínio,,,,
bikediasg5||15968053780,Bicicleta,Bike 29 Alfameq 24V Shimano Acera Hidráulico K7 Trava Guidão,"BICICLETA ARO 29 24V CAMBIO SHIMANO ACERA FREIOS A DISCO HIDRÁULICO CUBOS K7 TRAVA NO GUIDÃO<br> <br>COMPONENTES DA BIKE<br> <br>-Quadro aro 29 Alumínio<br>-Suspensão de 100mm com Trava Remota (No Guidão)<br>-Aros Aeros para Disco Folha Dupla em Alumínio<br>-Raios Zincados<br>-Pneus Aro 29 Com Arame<br>-Câmara de Ar Aro 29<br>-Jogo Direção Ahead Set Semi Integrado<br>-Suporte Do guidão Alumínio 31.8<br>-Guidão em Alumínio 31.8 MTB<br>-Canote do Selim MTB<br>-Pedal MTB Plataforma para Testes<br>-Arruela Calço para Ahead Set (1cm)<br>-Manopla MTB Comum<br>-Abraçadeira do Selim com Blocagem<br>-Selim MTB<br>-Disco de Freio De 160mm Parafusos<br>-Freio a Disco Hidráulico Com Pinças e Pastilhas<br> <br>RELAÇÃO (TRANSMISSÃO DA BIKE)<br> <br>-Pedivela Alumínio Reforçado 3v<br>-Trocador Indexado Semi Automático Rapid Fire de 3x8v<br>-Cambio Dianteiro 3v Indexado Dual Pull<br>-Cambio Traseiro 8v Indexado Shimano Acera<br>-Cubos Com Blocagem Sistema Cassete<br>-Cassete Indexado de 8 Velocidades 11-32D Importado<br>-Corrente Indexado Indexado Importado 8V<br>-Jogo de Centro 122.5 selado rolamentado<br> <br>Imagens da bicicleta são meramente ilustrativas.<br>Algumas peças da bicicleta podem sofrer variações de cor e de modelo de acordo com o lote de importação.<br>A Dias Bike não se responsabiliza por recolhimento obrigatório de impostos ICMS por ST cobrado em alguns estados.<br>Caso não haja alguém para receber o pedido no local de entrega, após as tentativas de entrega da transportadora, o frete do reenvio será de responsabilidade do comprador.<br>Preço no site são exclusivos para venda online da loja virtual DIAS BIKE, os preços praticados em cada loja podem haver diferença entre os mesmos.<br>Para as compras de bicicletas, as mesmas serão enviadas lubrificadas e pré-montadas, em função do transporte, a roda dianteira, guidão, selim e pedais são enviados soltos para encaixe.<br>A garantia não Cobre Defeitos por Mau uso ou Pela Montagem Inadequada do Produto. A Montagem requer conhecimentos em mecânica e manutenção em bicicletas, por isso recomendamos que a montagem das Bicicletas seja feita por Profissionais do ramo em Oficina Especializada.<br>Algumas Peças podem necessitar de regulagem ou alinhamento.<br>A montagem, Regulagem e Alinhamento é por conta do comprador.<br>A Garantia só será validada mediante a comprovação da montagem por um especialista, válida somente para o Primeiro proprietário.","{""aro"":""29\"""",""cor"":""Preto, Laranja""}","29""","Preto, Laranja",,,,,,,,,,,,,,,,,,,29,Não informado,Alfameq,Não informado,Não informado,24V,Alumínio,Não informado,29,24,100mm com Trava Remota No Guidão,Trava Guidão,Não informado,Não informado,Não informado,Não informado,Não informado,Não informado,Não informado,Disco Hidráulico,Alfameq,"[Preto,Laranja]",Aro 29,,24 Marchas,,,Freio a Disco,Alumínio,,,,
bikediasg5||24188,Bicicleta,Bicicleta MTB Aro 29 KOG 27 Marcha Freio a Disco Cubos k7,"KOG<br> <br>A KOG é uma marca da Dias Bike, baseada em toda a experiencia acumulada ao longo de mais de 30 anos no mercado de ciclismo e motocicletas. A experiencia nos permitiu desenvolver bicicletas que com um ótimo custo benefício, tanto para pedais urbanos para te levar a todos os lugares, como também bicicletas prontas para encarar os mais diversos obstáculos em uma trilha. A KOG foi pensada e desenvolvida especialmente para quem está iniciando no Mountain Bike e conciliando conforto e desempenho.<br> <br> <br>**Bike Indicada para Uso Urbano, Trilhas Leves e Medianas**<br> <br> <br>COMPONENTES DA BIKE<br> <br>- Quadro aro 29 Alumínio<br>- Suspensão de 80mm Sem Trava<br>- Aros Aeros para Disco Folha Dupla<br>- Raios Zincados<br>- Pneus Aro 29 Com Arame<br>- Câmara de Ar Aro 29t<br>- Jogo Direção Ahead Set<br>- Suporte Do guidão 31.8<br>- Guidão 31.8 MTB<br>- Canote do Selim MTB <br>- Pedal MTB Plataforma<br>- Arruela Calço para Ahead Set (1cm)<br>- Manopla MTB Comum<br>- Abraçadeira do Selim com Blocagem<br>- Selim MTB <br>- Disco de Freio De 160mm Parafusos<br>- Freio a Disco Mecânico Com Pinças e Pastilhas<br> <br>RELAÇÃO (TRANSMISSÃO DA BIKE)<br> <br>- Cassete 9 Velocidades 11-36D<br>- Roda Tripla De Aluminio 3 Velocidades<br>- Trocador Indexado Semi Automático Rapid Fire de 3x9V <br>- Cambio Dianteiro Indexado MTB 3V<br>- Cambio Traseiro Indexado MTB 9V <br>- Cubos Cassete<br>- Corrente indexada de 9V Indexada<br>- Jogo de Centro 122.5 Selado Rolamentado<br> <br>Dias Bike<br> <br>Bem vindo a Dias Bike! A Dias Bike é uma loja física e virtual que faz parte da família Dias Bike e Dias Moto Peças, que possuem mais de 10 lojas físicas e uma distribuidora atacadista, atuando no mercado de ciclismo a mais de 30 anos. A empresa comercializa bicicletas prontas, peças e acessórios para bicicletas em geral, tudo a sua disposição e com a comodidade de receber o produto em sua casa em qualquer lugar do Brasil com toda garantia de entrega e a certeza de sua satisfação.","{""aro"":""29\"""",""marca"":""Caloi"",""tamanho_do_quadro"":""19"",""tipo"":""Mountain Bike""}","29""",,Caloi,19,,Mountain Bike,,,,,,,,,,,,,,,29,Não informado,KOG,Não informado,Não informado,MTB,Alumínio,Não informado,29,27,80mm Sem Trava,Não informado,Não informado,Não informado,Não informado,Urbano,Não informado,Não informado,Não informado,Disco,KOG,"[Preto,Rosa,Cinza]",Aro 29,,27 Marchas,,,Freio a Disco,Alumínio,,,Mountain Bike,
flexbikes2||26425-26671,Bicicleta,Bicicleta Infantil Masculina Aro 20 Aero + Kit Passeio e Acelerador,"A Bicicleta Infantil Masculina Aro 20 FlexBikes Aero destaca-se pela sua beleza e qualidade. Com design moderno e diversas combinações de cores, é ideal para os meninos se divertirem muito, com conforto e segurança. Recomendada para crianças de 5 a 7 anos, pesando até 38 kg.<br><br>Conta com itens de segurança certificados pelo Inmetro, com banco (selim) confortável, protetor de coroa e freios v-brake de alta frenagem, além do aro aero que proporciona dupla resistência às rodas.<br><br>Possui rodinhas laterais para auxiliar na fase de aprendizagem, e a opção de utilizar o descanso lateral (pézinho) que também acompanha o produto.<br><br><br>Acessórios<br><br>Confira os acessórios inclusos no Kit Passeio + Acelerador:<br><br>- 01 Garrafinha de água<br>Garrafa 250 ml de plástico com suporte.<br><br>- 01 Buzina<br>Buzina de plástico que emite som ao apertar.<br><br>- 01 Retrovisor<br>Retrovisor de plástico com espelho.<br><br>- 01 Acelerador Sonoro<br>Reproduz o som de moto ao girar a manopla, imitando o movimento de um acelerador.<br><br><br>Detalhes modelo Aro 20 - Aero<br><br>Esse modelo tem a estrutura super firme, com quadro, garfo e guidão em aço. Possui aros aero coloridos, que agregam estilo e dupla resistência às rodas. Além disso, os componentes possuem cores chamativas, que tornam a bike aero tão bonita e diferente.<br><br><br>Montagem<br><br>A bicicleta é enviada de forma pré-montada devido a acomodação na caixa para transporte. Os seguintes itens serão desencaixados: guidão, pedais, rodas dianteira e traseira e rodinhas laterais.<br><br>A montagem e revisão final são responsabilidade do comprador, e recomendamos que seja realizada por um profissional especializado para garantir a segurança e desempenho do usuário.<br><br><br>Guia de tamanho<br><br>Para escolher o tamanho ideal, é preciso medir a altura do cavalo e levar em consideração o peso da criança. A altura do cavalo é a distância em cm da região que vai apoiada no banco da bicicleta (virilha) até a sola dos pés.<br><br>Com uma fita métrica, tire essa medida por dentro da perninha da criança e compare com as recomendações abaixo:<br><br>Aro 16 - crianças com altura do cavalo de 53 cm à 63,5 cm - pesando até 25 kg<br>Aro 20 - crianças com altura do cavalo de 58 cm à 70 cm - pesando até 38 kg<br>Aro 24 - crianças com altura do cavalo de 68 cm à 80 cm - pesando até 56 kg<br><br>As medidas acima auxiliam a saber se a criança vai conseguir pôr os pés no chão e se a bicicleta é compatível com ela.<br><br>Obs: caso fique entre dois tamanhos de aro, considere se a medida do cavalo ou peso da criança estão muito próximos do limite, nesse caso escolha o tamanho maior.<br><br><br>Detalhes da compra<br><br>- Imagens meramente ilustrativas.<br>- Devido a calibração de cores do seu monitor ou aparelho celular, pode haver diferença de tonalidade entre as imagens e o produto real.<br>- Os componentes da bicicleta e acessórios poderão sofrer alterações de modelo e cor conforme disponibilidade de estoque e fabricação, sem aviso prévio.","{""cor"":""Azul"",""genero"":""Masculino"",""tipo"":""Passeio""}",,Azul,,,Masculino,Passeio,,,,,,,,,,,,,,,20,Não informado,FlexBikes,Não informado,Masculino,Infantil,Aço,Aero,Aero,Não informado,Não informado,"Aro Aero, Freios V-brake, Rodinhas Laterais, Descanso Lateral Pézinho",Não informado,Não informado,Não informado,Passeio,Não informado,38 kg,Kit Passeio e Acelerador,V-brake,FlexBikes,"[Azul,Vermelha]",Aro 20,,,,,V-Break,Aço de Carbono,,Masculino,Passeio,
atacadao2rodas||1717000000233,Bicicleta,Bicicleta Mountain Bike GTI 21v Freio a Disco Kit Shimano,"Bicicleta Mountain Bike GTI 21v Freio a Disco Kit Shimano<br><br>Especificações técnicas:<br>Marca: Gti<br>Modelo: mtb 21 velocidades<br>Material do Quadro: Alumínio 6061<br>Quantidade Marcha: 21v<br>Kit de Transmissão: 3X7<br>Alavanca de Câmbio: Rapid-Fire 3x7<br>Cambio Traseiro: Shimano Tourney TY300<br>Cambio Central: Shimano Tourney TZ510<br>Garfo: Suspensão Yamada 100mm / ou Gts <br>Peu: DSI 29X2.10 C/arame<br>Aro: Belumi 36 furos<br>Cubo: Rolamentado 36f alumínio<br>Roda Livre: 14 - 28 (14-16-18-20-22-24-28d)<br>Pedivela: Ltx 3 coroa<br>Freio Mecânico<br>Guidão: Alumínio Modelo Reto 31.8x720mm<br>Suporte de Guidão: Mesa - 31.8x90mm - +/-6° - alumínio<br>Selim: Yamada / Gts<br>Pedal: plataforma - Plástico<br>Peso Aproximado: 14,560 kg<br><br>Itens inclusos<br>1-Bicicleta Mountain Bike GTI 21v Freio a Disco Kit Shimano<br><br>**ATENÇÃO CLIENTES NÓS E A GTI NÃO COBRIREMOS DEFEITOS EM BIKES MONTADAS DE FORMA CASEIRA. PARA QUE TENHA GARANTIA É NECESSÁRIO LEVAR EM UMA OFICINA ESPECIALIZADA OU COM UM MECÂNICO PROFISSIONAL **<br><br>*Imagens Meramente Ilustrativas","{""marca"":""GTI"",""tipo"":""Mountain Bike""}",,,GTI,,,Mountain Bike,,,,,,,,,,,,,,,Não informado,Não informado,Gti,Não informado,Não informado,Mountain Bike,Alumínio 6061,mtb 21 velocidades,Não informado,21v,Yamada 100mm  ou Gts,Não informado,Não informado,Não informado,Não informado,Não informado,Não informado,Não informado,Não informado,Disco,GTI,Vermelho,Aro 29,,21 Marchas,,"14,56kg",Freio a Disco,Alumínio,,,Mountain Bike,
vipercombr||405-4063,Bicicleta,Aro Roda Moto Alumínio Esportivo 17x2.15 Motard Viper,"O aro Viper Motard foi desenvolvido com inspiração nas pistas de corrida, mais especificamente nas competições de Super Motard. Sua característica mais evidente é a parede alta e espessa, que além de garantir um melhor assentamento do pneu, deixa sua moto com visual muito mais esportivo e encorpado. O Motard é fabricado em uma liga especial de alumínio, muito resistente e muito leve, além de contar com a tecnologia springback, que é a capacidade do aro se deformar e voltar ao seu estado original, funcionando como uma mola e contribuindo na absorção das irregularidades do solo ou pequenos solavancos. A solda do aro é feita utilizando um método muito moderno, chamado eletrofusão. A Viper é a única empresa na América Latina a utilizar esse tipo de solda em aros de motos. O Viper Motard recebe pintura eletrostática a pó, que oferece uma excelente resistência a riscos, ótima durabilidade e um acabamento premium. Tudo isso para deixar a sua moto com o seu estilo! Modelo: Viper MotardTamanho: 17x2.15Furos: 36FRaiação recomendada: Padrão original da moto (3,5mm) ou maior (4mm)Conteúdo embalagem: 01 unidade do aro 17x2.15Garantia: 90 dias contra defeitos de fabricação","{""cor"":""Rosa Neon"",""material_do_quadro"":""Alumínio"",""modalidade"":""Aro""}",,Rosa Neon,,,,,Alumínio,,,,,,,,,Aro,,,,,17x215,Não informado,Viper,Não informado,Não informado,Não informado,Não informado,Motard,Não informado,Não informado,Não informado,springback,Não informado,Não informado,Não informado,Não informado,Não informado,Não informado,Não informado,Não informado,,,,,,,,,,,,,
magazineluiza||237646300,Bicicleta,Bicicleta Aro 26 Houston Foxer Maori Freio V-Brake,"Reencontrar os amigos é dividir bons momentos, deixa a vida mais leve pois se trata da companhia e de compartilhar novas experiências, aproveitando ao máximo o dom da vida criando memórias felizes e saudáveis com a família que escolhemos! A Bicicleta Feminina Aro 26 Foxer Maori da Houston é indicada para passeio e vem com 21 marchas em um modelo com muito estilo para as pedaladas ao ar livre. É uma excelente opção para dias de lazer na cidade ou no campo. Possui quadro resistente em aço carbono com design diferenciado, guidão MTB curvo, sistema de freios V-Brake e caixa de direção MTB Standard. Manoplas Grip Shifter. Produto na cor Preto.","{""aro"":""26\"""",""cor"":""Preto"",""marca"":""Houston"",""tamanho_do_quadro"":""15"",""tipo"":""Passeio""}","26""",Preto,Houston,15,,Passeio,,,,,,,,,,,,,,,26,Preto,Houston,Não informado,Feminina,Bicicleta,Aço carbono,Foxer Maori,Não informado,21,Não informado,"Guidão MTB curvo, sistema de freios V-Brake, caixa de direção MTB Standard, Manoplas Grip Shifter",Não informado,Não informado,Não informado,Passeio,Não informado,Não informado,Não informado,V-Brake,Houston,Preto,Aro 26,19,21 Marchas,,100kg,V-Break,Aço de Carbono,,Feminino,Passeio,
lojavitrinedireta||830570518,Bicicleta,Bicicleta de Equilíbrio 4 Rodas Buba Rosa,"A Bicicleta de Equilibrio 4 Rodas da Buba estimula o equilibrio e a coordenacao motora do pequeno de forma divertida e segura. E estavel, com rodas duplas na frente e atras. A crianca aprende desde cedo a se equilibrar e adquire autoconfianca, facilitando a transicao para a bicicleta com pedais.","{""cor"":""Rosa"",""marca"":""Buba""}",,Rosa,Buba,,,,,,,,,,,,,,,,,,Não informado,Rosa,Buba,Não informado,Não informado,Equilibrio,Não informado,4 Rodas,Não informado,Não informado,Não informado,Rodas duplas na frente e atras,Não informado,Não informado,Não informado,Não informado,Não informado,Não informado,Não informado,Não informado,Buba,Rosa,,,,,,,,,,Equilíbrio,
rmaistechinformatica||8875,Bicicleta,Andador Infantil Bicicleta De Equilibrio Sem Pedal 4 Rodas Zippy Toys Quadriciclo Bebê Criança 24Kg Bike Passeio Vermelho,"<p>Andador Infantil Bicicleta de Equilíbrio 4 Rodas - Vermelho | Zippy Toys</p> <p>Perfeito para crianças de 0-24 meses e suporte para até 24kg, o Andador Infantil da Zippy Toys é o aliado ideal para o desenvolvimento do equilíbrio, o caminhar e a coordenação motora do seu bebê!</p><p>Este brinquedo fará com que seu filho desfrute da liberdade e tornará os passeios em família mais divertidos.</p> <p>Sem pedais e com rodas totalmente fechadas que evitam que a criança prenda os pés, o andador ainda possui direção limitada a 135° evitando que a criança perca o equilíbrio e corra o risco de cair.</p> <p>O andador não possui parafusos expostos, evitando arranhões ou machucados. Seus pneus também são resistentes, evitando escorregões. Para garantir uma pilotagem adequada, o andador permite que a criança fique com os joelhos levemente dobrados garantindo mais estabilidade e segurança. </p> <p>Fabricado com estrutura em aço carbono, o andador possui resistência para uso prolongado. Suas quatro rodas, tornam o andador equilibrado o suficiente para andar muito, sem haver nenhum ruído ou riscos no chão. Sem complicações na montagem, não é necessário o uso de nenhuma ferramenta ou outros objetos. </p> <p>O Andador Infantil da Zippy Toys é o estimulo ideal para facilitar na transição para bicicleta sem precisar de rodas de apoio, auxiliando a criança no desenvolvimento da força muscular, equilíbrio, movimentação, confiança, independência e coordenação motora.</p> <p>*Segurança testada e aprovada com certificação pelo INMETRO garantindo a qualidade.</p> <p>Seguro</p><p>Auxilia no desenvolvimento</p><p>Fácil de montar</p><p>Material excelente!</p> <p>Especificações Técnicas:</p> <p>Marca: Zippy Toys</p><p>Modelo: Andador Infantil Vermelho</p><p>Composição: Aço Carbono, Polipropileno, EVA e Borracha</p><p>Peso Máx. Suportado: 24Kg</p><p>Idade recomendada: +24 meses</p><p>Certificação do INMETRO: 009893/2022</p><p>Conteúdo da Embalagem: 01 Unidade</p><p>Dimensões (C x L x A): 49,5 x 20 x 44 cm</p><p>Peso Aprox.: 500g</p>",,,,,,,,,,,,,,,,,,,,,,Não informado,Vermelho,Zippy Toys,Não informado,Não informado,Andador,Aço Carbono,Andador Infantil Vermelho,Não informado,Não informado,Não informado,"Direção limitada a 135 graus, Pneus resistentes, Joelhos levemente dobrados, Estrutura em aço carbono, Quatro rodas, Sem parafusos expostos",Não informado,Não informado,Não informado,Não informado,Não informado,24Kg,Não informado,Não informado,Zippy Toys,Vermelho,,,,,24kg,,,,,Equilíbrio,
2dinbrasil||0624-U,Bicicleta,Bicicleta Infantil Nathor Equilíbrio - Balance Bike Azul - Selim PU,"A entrada perfeita para o mundo das bikes! Pensada para auxiliar no desenvolvimento do equilíbrio, da coordenação bilateral e da percepção de espaço, a bicicleta infantil de equilíbrio Balance Bike da Nahtor é opção ideal! A bicicleta do equilíbrio, foi lançada para crianças com idade entre 3 a 5 anos, desenvolverem habilidades motoras. Como não possui pedais nem rodinhas laterais, estimula as crianças a desenvolver o equilíbrio estático e dinâmico devido ao seu centro de gravidade baixo que permite fácil acesso dos pés ao chão, o que transmite confiança e gera progresso em ritmo próprio. Fabricada com materiais de qualidade, a bicicleta tem Aro 12"" e freio traseiro tambor. Na cor azul, ela conta ainda com mesa de direção e uma plaquinha super estilosa, para as crianças passearem por todos os lados.","{""cor"":""Azul, Rosa"",""marca"":""Nathor""}",,"Azul, Rosa",Nathor,,,,,,,,,,,,,,,,,,12,Azul,Nathor,Não informado,Infantil,Balance Bike,Não informado,Equilíbrio,Não informado,Não informado,Não informado,Selim PU,Não informado,Não informado,Não informado,Não informado,Não informado,Não informado,Não informado,Tambor,Nathor ,Azul,,,,,21kg,,,,,Equilíbrio,
potencialbikes||k61kw19,Bicicleta,Bicicleta Aro 29 Ksw 1x9v Shimano Hidráulico Trava K7 11/40,"<p>Bicicleta para quem desejar uma bike mais robusta, ideal para trilhas tambem.</p><p><br></p><p>QUADRO : 29"" Alumínio 6061 XLT</p><p>SUSPENSÃO : Cursor de 100mm com trava no OMBRO</p><p>CAIXA DE DIREÇÃO : Semi Integrada</p><p>GUIDÃO : Reto ou Curvo em Alumínio 6061</p><p>MESA : 80mm em Alumínio 6061</p><p>MANOPLAS : Borracha Flexível</p><p>TROCADORES : RAPID FIRE 9v importado</p><p>FREIOS : Hidraulico a Disco de 160mm</p><p>CÂMBIO TRASEIRO : SHIMANO ALTUS M2000</p><p>PEDIVELA : Alumino 34D </p><p>PEDAL : Plataforma </p><p>CORRENTE : Indexada de 9v</p><p>Catraca: Cassete/k7 de 9 Velocidades 11/40D</p><p>CANOTE DE SELIM : 27.2mm em Alumínio 6061</p><p>SELIM : PU com trilho de regulagem</p><p>Aros : Race de Parede Dupla</p><p>PNEU : MTB 29 Cravo</p><p><br></p><p>OBSERVAÇÕES:</p><p>Imagens Ilustrativas. Pode haver alguma diferença de tonalidade entre a imagem e o produto real, por conta do tratamento de imagens e a calibração de cores do seu monitor ou celular!</p><p>As fotos do anúncio são feitas com quadros do tamanho 17.</p><p>A geometria do quadro (desenho) pode mudar conforme o tamanho escolhido alterando a inclinação do tubo superior quando quadro é 21 deixando-o mais reto.</p><p>Imagens meramente ilustrativas, podendo ter variação de peças de acordo com nosso estoque, sempre com qualidade igual ou superior!</p><p>Enviamos a bicicleta pré-montada, devidamente embalada, para melhor se acomodar na embalagem de transporte são retirados apenas: selim, pedais, guidão e roda dianteira.</p><p>NÃO COBRE DEFEITOS POR MAU USO OU PELA MONTAGEM / REVISÃO INADEQUADA DO PRODUTO.</p><p>A garantia será validada para as bicicletas montadas e revisadas por uma oficina especializada e é referente apenas ao primeiro proprietário.</p><p>A garantia não se aplica para os itens de desgaste natural, tais como: Pneu, câmaras, cabos, sapatas de freio, centragem de aros, pintura do quadro, componentes da transmissão (corrente, engrenagens do pé de vela, engrenagens do cassete)</p>","{""cor"":""Verde, Preto"",""marca"":""KSW"",""tamanho_do_quadro"":""19"",""tipo"":""Mountain Bike""}",,"Verde, Preto",KSW,19,,Mountain Bike,,,,,,,,,,,,,,,29,Não informado,Ksw,Não informado,Não informado,MTB,Alumínio,1x9v Shimano Hidráulico Trava K7 1140,29,9,Cursor de 100mm com trava no OMBRO,Não informado,Não informado,Não informado,Não informado,Trilha,Não informado,Não informado,Não informado,Hidraulico a Disco,KSW,"[Verde,Preto]",Aro 29,17,9 Marchas,Dianteira,,Freio a Disco,Alumínio,,,Mountain Bike,
bikediasg5||16014078598,Bicicleta,Bicicleta Aro 29 KOG 21V Freio a Disco Cambio Indexado,"Dias Bike<br> <br>Bem vindo a Dias Bike! A Dias Bike é uma loja física e virtual que faz parte da família Dias Bike e Dias Moto Peças, que possuem mais de 10 lojas físicas e uma distribuidora atacadista, atuando no mercado de ciclismo a mais de 30 anos. A empresa comercializa bicicletas prontas, peças e acessórios para bicicletas em geral, tudo a sua disposição e com a comodidade de receber o produto em sua casa em qualquer lugar do Brasil com toda garantia de entrega e a certeza de sua satisfação.<br> <br>KOG<br> <br>A KOG é uma marca da Dias Bike, baseada em toda a experiencia acumulada ao longo de mais de 30 anos no mercado de ciclismo e motocicletas. A experiencia nos permitiu desenvolver bicicletas que com um ótimo custo benefício, tanto para pedais urbanos para te levar a todos os lugares, como também bicicletas prontas para encarar os mais diversos obstáculos em uma trilha. A KOG foi pensada e desenvolvida especialmente para quem está iniciando no Mountain Bike e conciliando conforto e desempenho.<br> <br> <br>**Bike Indicada para Uso Urbano**<br> <br>FICHA TECNICA<br> <br>- Quadro aro 29 Alumínio<br>- Suspensão de 80mm<br>- Aros Aeros para Disco Folha Dupla<br>- Raios Zincados<br>- Pneus Aro 29 Com Arame<br>- Câmara de Ar Aro 29t<br>- Jogo Direção Ahead Set<br>- Suporte Do guidão 31.8<br>- Guidão 31.8 MTB<br>- Canote do Selim MTB <br>- Pedal MTB Plataforma<br>- Arruela Calço para Ahead Set (1cm)<br>- Manopla MTB Comum<br>- Abraçadeira do Selim com Blocagem<br>- Selim MTB <br>- Disco de Freio De 160mm Parafusos<br>- Freio a Disco Mecânico Com Pinças e Pastilhas<br> <br>RELAÇÃO (TRANSMISSÃO DA BIKE)<br> <br>- Catraca 7V Indexada<br>- Roda Tripla de Aço Encapado <br>- Trocador Indexado Semi Automático Rapid Fire de 7V<br>- Cambio Dianteiro Indexado MTB 3 Velocidades<br>- Cambio Traseiro Indexado MTB 7v Velocidades<br>- Cubos de rosca<br>- Corrente indexada de 7 Velocidades<br>- Jogo de Centro 122.5 Selado Rolamentado","{""cor"":""Vermelho, Preto"",""tamanho_do_quadro"":""19""}",,"Vermelho, Preto",,19,,,,,,,,,,,,,,,,,29,Não informado,KOG,Não informado,Não informado,Mountain Bike,Alumínio,Não informado,29,21,80mm,Cambio Indexado,Não informado,Não informado,Não informado,Urbano,Não informado,Não informado,Não informado,Disco Mecânico,KOG,"[Vermelho,Preto]",Aro 29,,21 Marchas,Dianteira,,Freio a Disco,Alumínio,,Unissex,Mountain Bike,
vettoree-commerce||15988426427,Bicicleta,Bicicleta Bike Para Criança 3 A 5 Anos Aro 12 Flower Nathor,"A Bicicleta Flower Aro 12 da Nathor proporciona um pedalar mais seguro, confortável e com mais equilíbrio, pensando sempre no bem estar e segurança dos pequenos.<br> Possui limitador de giro do guidão, importante característica que evita com que guidão dê uma volta completa e danifique o freio, além de preservar a integridade física da criança.<br> Possui também freio a tambor, garrafinha, pneu em EVA, quadro, garfo e guidão em aço carbono, guidão com Sleeve, placa frontal e cores alegres. Tudo o que a criança precisa para se divertir com segurança e conforto.<br> <br> <br> Características<br> Pneus em EVA<br> Quadro, garfo e guidão em aço carbono<br> Placa frontal<br> Guidão com Sleeve<br> Garrafinha<br> Guidão com limitador de giro<br> Selim com regulagem e altura<br> Idade mínima recomendada: A partir de 3 a 5 anos<br> <br> <br> Especificações<br> Tamanho da roda: 12<br> Altura máxima recomendada: 90 – 100 cm<br> Peso máximo recomendado: 21 kg<br> Peso do produto: 3,980 kg<br> Dimensões aproximadas do produto (Comprimento x Altura x Largura): 82 x 55 x 50 cm","{""aro"":""12\"""",""cor"":""Rosa"",""marca"":""Nathor"",""modelo"":""Flower""}","12""",Rosa,Nathor,,,,,Flower,,,,,,,,,,,,,12,Não informado,Nathor,Não informado,Feminino,infantil,aço carbono,Flower,12,Não informado,Não informado,"limitador de giro do guidão, freio a tambor, garrafinha, pneu em EVA, quadro, garfo e guidão em aço carbono, guidão com Sleeve, placa frontal, cores alegres, selim com regulagem e altura",Não informado,Não informado,Não informado,Não informado,Não informado,21 kg,Não informado,a tambor,Nathor ,Rosa,Aro 12,,,,21kg,,Aço de Carbono,,,Passeio,
olistsp||OSP5M5I0OZ6ET39Q,Bicicleta,Bicicleta De Equilíbrio Sem Pedal De Madeira Unicórnio Rosa,"Bicicleta de equilíbrio sem pedal de madeira - unicórnio rosa e ul - biciquetinha Biciquétinha tr ao brasil a bicicleta de madeira sem pedal que proporciona o equilíbrio para o público infantil. Bicicleta de equilíbrio infantil, com um conceito de qualidade e produção 100% nacional. Tudo feito com muita atenção e cuidado.Bicicletinha de equilíbrio (balance bike) modelo rosa e ul 100% nacional e 100% de madeira reflorestada, com valorização de produtores locais Materiais de qualidade: compensado naval (resistente à umidade) e multilaminado (resistente à impactos), rodas aro 12 com pneu 100% eva ( não fura e não esvia), manoplas em borracha e assento estofado com regulagem de altura.- idade indicada bicicleta sem pedal: acima de 2 anos e até 25 kg.- 06 regulagens de altura do banco: de 30 a 41 cm (recomendado que a medida do cavalo da criança (entre o chão até a virilha) tenha aproximadamente 5cm a mais que a altura do banco.Bicicleta de equilíbrio de madeiraConceito: um produto leve também na consciência: biciquétinha (bicicleta de equilíbrio de madeira) foi construída pensando no desenvolvimento das crianças e no futuro. Sua matéria-prima, um compensando naval multilaminado é 100% brasileira e originária de madeira de reflorestamento. Um detalhe que tr leveza, resistência e praticidade, permitindo que ela possa ser facilmente carregada para qualquer lugar.Porque é sucesso na europa: os primeiros passos para pedalar, é não pedalar.Na primeira infância, as crianças ainda não estão prontas para pedalar. Biciquétinha (bicicleta de equilíbrio) é mais segura pois permite que a criança apoie os pés no chão a qualquer momento, tendo o controle em tempo integral e desenvolvendo a autoconfiança. As manoplas de borracha ajudam as crianças, e os pneus de eva maciço garantem conforto e aderência ao chão. Propositar pais e filhos brincarem juntos ao ar livre, sentir o vento, aprender brincando. Isso que sonhamos com a biciquétinha, oportunizar para mais crianças do brasil terem acesso aos conceitos das bicicletas de equilíbrios já consolidadas na europa, para que elas também aprendam a se equilibrar, desenvolvam a autoconfiança e coordenação motora, com rápido aprendizado e diversão.Diferenciais:- compensado naval multilaminado (resistente à impacto e à umidade);- banco em espuma e altura regulável;- pneus aro 12 em eva (não fura e não esvia);- manoplas emborrachadas com proteção lateral;- 100% feito no brasil (fácil manutenção e garantia);- 100% madeira reflorestada;- pintura com tinta preta lousa (para riscar de giz).CaracterísticasPeso: 2,8 kg (super leve - criança consegue carregar).Dimensões:(l x p x h): 68 x 49 x 18 cm (caixa).(l x h x c) 82 x 50 x 36 cm (produto).Modelo: lousaMarca: biciquétinha.Garantia: 01 anoIdade ideal: acima de 02 anos.Certificação inmetroCe-bri/brics 00648-17 nm300/2002 - ocp 0098.Peso aproximado do produto: 2800 gramas.Pro de garantia: 03 meses de garantia legal.Observe atentamente a idade recomendada para o brinquedo. Pode conter partes pequenas que podem ser engolidas e perigosas.Fotos ilustrativas as cores e modelos podem sofrer alterações sem aviso prévio.","{""cor"":""Rosa"",""tipo"":""Equilíbrio""}",,Rosa,,,,Equilíbrio,,,,,,,,,,,,,,,12,Rosa,Biciquétinha,Não informado,Não informado,Equilíbrio,Madeira,Lousa,Não informado,Não informado,Não informado,"Banco com regulagem de altura, pneus de EVA, manoplas de borracha",Não informado,Não informado,Unicórnio,Não informado,Não informado,25 kg,Não informado,Não informado,Biciquetinha,Rosa,,,,,"2,8kg",,,Unicórnio ,,Equilíbrio,
diasbike||15881901783,Bicicleta,Bicicleta MTB 29 Absolute Nero Alivio 27v Hidraulico e Trava,"BICICLETA ARO 29 ABSOLUTE NERO 2 ALIVIO 27v HIDRÁULICO<br> <br>COMPONENTES DA BIKE<br>- Quadro aro 29 Alumínio Absolute Nero 2<br>- Suspensão de 100mm de Cursor com Trava no Ombro<br>- Aros Aeros para Disco Folha Dupla<br>- Raios Zincados<br>- Pneus Aro 29 Com Arame<br>- Camara de Ar Aro 29<br>- Jogo Direção Ahead Set<br>- Suporte Do guidão 31.8 Importado<br>- Guidão 31.8 MTB Importado<br>- Canote do Selim MTB Importado<br>- Pedal MTB Plataforma<br>- Arruela Calço para Ahead Set (1cm)<br>- Manopla MTB Comum<br>- Abraçadeira do Selim com Blocagem<br>- Selim MTB Básico<br>- Disco de Freio De 160mm Parafusos<br>- Freio a Disco Hidráulico Com Pinças e Pastilhas<br> <br>RELAÇÃO (TRANSMISSÃO DA BIKE)<br>- Cassete Indexado de 9v<br>- Roda Tripla De Alumínio Reforçada<br>- Trocador Indexado Semi Automático Rapid Fire de 9v<br>- Cambio Dianteiro 9v Indexado<br>- Cambio Traseiro Shimano Alivio 9v M3100<br>- Cubos Com Blocagem Sistema Cassete<br> - Corrente Indexado 9v<br>- Jogo de Centro 122.5<br> <br> <br> <br>- Imagens da bicicleta são meramente ilustrativas.<br>- Algumas peças da bicicleta podem sofrer variações de cor e de modelo de acordo com o lote de importação.<br>- A Dias Bike não se responsabiliza por recolhimento obrigatório de impostos ICMS por st cobrado em alguns estados.<br>-Caso não haja alguém para receber o pedido no local de entrega, após as tentativas de entrega da transportadora, o frete do reenvio será de responsabilidade do comprador.<br>-Preço no site são exclusivos para venda online da loja virtual DIAS BIKE, os preços praticados em cada loja podem haver diferença entre os mesmos.<br>- Para as compras de bicicletas, as mesmas serão enviadas lubrificadas e pré-montadas, em função do transporte, a roda dianteira, guidão, selim e pedais são enviados soltos para encaixe.<br>- A garantia não Cobre Defeitos por Mau uso ou Pela Montagem Inadequada do Produto. A Montagem requer conhecimentos em mecânica e manutenção em bicicletas, por isso recomendamos que a montagem das Bicicletas seja feita por Profissionais do ramo em Oficina Especializada.<br>- Algumas Peças podem necessitar de regulagem ou alinhamento.<br>- A montagem, Regulagem e Alinhamento é por conta do comprador.<br>- A Garantia só será validada mediante a comprovação da montagem por um especialista, válida somente para o Primeiro proprietário.","{""marca"":""Absolute"",""tipo"":""Mountain Bike""}",,,Absolute,,,Mountain Bike,,,,,,,,,,,,,,,29,Não informado,Absolute,Não informado,Não informado,MTB,Alumínio,Nero 2 Alivio,29,27,100mm de Cursor com Trava no Ombro,Hidráulico e Trava,Não informado,Não informado,Não informado,Não informado,Não informado,Não informado,Não informado,Disco Hidráulico,Absolute,"[Azul,Preto]",Aro 29,,27 Marchas,,,Freio a Disco,Alumínio,,,Mountain Bike,
diasbike||24480,Bicicleta,Bicicleta Absolute Nero 4 Aro 29 27V Freio a Disco Cubo K7,"<p>Dias Bike</p><p><br></p><p><br></p><p>Bem vindo a Dias Bike! A Dias Bike é uma loja física e virtual que faz parte da família Dias Bike e Dias Moto Peças, que possuem mais de 10 lojas físicas e uma distribuidora atacadista, atuando no mercado de ciclismo a mais de 30 anos. A empresa comercializa bicicletas prontas, peças e acessórios para bicicletas em geral, tudo a sua disposição e com a comodidade de receber o produto em sua casa em qualquer lugar do Brasil com toda garantia de entrega e a certeza de sua satisfação.</p><p><br></p><p><br></p><p>**Bike Indicada para Uso Urbano, Passeio, Lazer, Dia a Dia**</p><p><br></p><p><br></p><p><br></p><p>COMPONENTES DA BIKE</p><p><br></p><p><br></p><p>Quadro aro 29 Alumínio</p><p><br></p><p>Suspensão de 80mm Sem Trava</p><p><br></p><p>Aros Aeros para Disco Folha Dupla</p><p><br></p><p>Raios Zincados</p><p><br></p><p>Pneus Aro 29 Com Arame</p><p><br></p><p>Câmara de Ar Aro 29t</p><p><br></p><p>Jogo Direção Ahead Set</p><p><br></p><p>Suporte Do guidão 31.8</p><p><br></p><p>Guidão 31.8 MTB</p><p><br></p><p>Canote do Selim MTB </p><p><br></p><p>Pedal MTB Plataforma</p><p><br></p><p>Arruela Calço para Ahead Set (1cm)</p><p><br></p><p>Manopla MTB Comum</p><p><br></p><p>Abraçadeira do Selim com Blocagem</p><p><br></p><p>Selim MTB </p><p><br></p><p>Disco de Freio De 160mm Parafusos</p><p><br></p><p>Freio a Disco Mecânico Com Pinças e Pastilha</p><p><br></p><p><br></p><p>RELAÇÃO (TRANSMISSÃO DA BIKE)</p><p><br></p><p><br></p><p>Cassete 9 Velocidades 11-36D</p><p><br></p><p>Pedivela 3 Velocidades</p><p><br></p><p>Trocador Indexado Semi Automático Rapid Fire de 3x9V</p><p><br></p><p>Cambio Dianteiro Indexado MTB 3V</p><p><br></p><p>Cambio Traseiro Indexado MTB 9V </p><p><br></p><p>Cubos Cassete</p><p><br></p><p>Corrente indexada de 9V Indexada</p><p><br></p><p>Jogo de Centro 122.5 Selado Rolamentado</p>","{""marca"":""Absolute"",""tamanho_do_quadro"":""15""}",,,Absolute,15,,,,,,,,,,,,,,,,,29,Não informado,Absolute,Não informado,Não informado,Urbana,Alumínio,Nero 4,29,27,80mm Sem Trava,Não informado,Não informado,Não informado,Não informado,Passeio,Não informado,Não informado,Não informado,Disco,Absolute,"[Branco,Preto]",Aro 29,,27 Marchas,,,Freio a Disco,Alumínio,,,Mountain Bike,
engage-info||1108,Bicicleta,Bicicleta Aro 26 Houston Foxer Hammer com 21 Marchas Preta FX26H3R,"Pedale com mais segurança, com a Foxer Hammer, da Houston!<br><br>Ela é uma bike de aro 26, própria para passeios pela cidade, pelo parque, campo, entre outros. Bonita, robusta e segura, ele te proporciona um pedalar muito mais tranquilo e confortável, munido dos componentes Houston, de extrema qualidade. Você ficará encantado com a funcionalidade dos seus aros 26 de alumínio, freios V-Brake e câmbios dianteiro e traseiro de 3 e 7 velocidades, respectivamente.<br><br>Especificações Técnicas<br><br>Marchas<br>21<br>Suspensão<br>Não possui<br>Finalidade<br>Passeio<br>Quadro<br>Aço Carbono rígido, tipo diamente<br>Guidão<br>MTB, Aço Carbono<br>Suporte do guidão<br>Aço Carbono com Espande<br>Manopla<br>PVC<br>Pedal<br>MTB Plástico com Refletor, 1/2<br>Cubo dianteiro<br>Aço Carbono 36 Furos Preto<br>Cubo traseiro<br>Aço Carbono 36 Furos Preto<br>Aros<br>26, Alumínio Houston<br>Pneus<br>MTB 26x1,95<br>Selim<br>PVC Thunder Preto<br>Canote do selim<br>Aço Carbono Cromado 22,2x280mm<br>Material<br>Alumínio<br>- Raio: Aço 2,0x262mm<br>- Manopla: PVC Preta (Grip Shifter)<br>- Abraçadeira do Selim: Aço Carbono com Parafuso<br>- Quadro: Novo quadro com dimensões reforçadas. Aço Carbono rígido, tipo diamante<br>- Garfo: Standard Rígido 22,2<br>- Movimento de Central: 45mm<br>- Caixa de direção: MTB Standard<br>- Câmbio traseiro: 7(sete) velocidades, Houston<br>- Roda livre/Cassete: Roda livre 7 velocidades<br>- Maçaneta de freio: Plástica na cor preta<br>- Sistema de freio: V-Brake<br>- Alavanca dianteira: Grip Shifter<br>- Alavanca traseira: Grip Shifter<br>- Câmbio dianteiro: 3 (três) velocidades, Houston<br>- Número de marchas: 21 velocidades<br>- Corrente: Fina não index Preta<br>- Tamanho do Quadro: 19<br>Conteúdo da Embalagem<br>- 1 Bicicleta Aro 26 Houston Foxer Hammer com 21 Marchas<br>- 1 Manual de Instruções<br>Garantia<br>3 meses<br>Entrega do Produto<br>- Todas as instruções, manuais e peças necessárias para a montagem são fornecidas junto com o produto<br>- não nos responsabilizamos pela instalação/montagem<br><br>Altura<br>1,02 Metros<br>Largura<br>61,00 Centímetros<br>Profundidade<br>1,69 Metros<br>Peso<br>14,00 Quilos","{""aro"":""26\"""",""cor"":""Preto"",""marca"":""Houston"",""numero_de_marchas"":""21 Marchas"",""tipo"":""Passeio""}","26""",Preto,Houston,,,Passeio,,,,21 Marchas,,,,,,,,,,,26,Preta,Houston,19,Não informado,Passeio,Aço Carbono,Foxer Hammer,26,21,Não possuí,Não informado,Não informado,Não informado,Não informado,Não informado,Não informado,Não informado,Não informado,V-Brake,Houston,Preto,Aro 26,19,21 Marchas,,,V-Break,Aço de Carbono,,,Passeio,
oliststore||MGL01648T2V9MBWC,Bicicleta,Bicicleta Infantil Nathor Top Girls Aro 16,"Bicicleta Infantil Nathor Top Girls Aro 16 A bicicleta Top Girls Aro 16 da Nathor possui limitador de giro do guidão, importante característica que evita com que guidão dê uma volta completa e danifique o freio, além de preservar a integridade física da criança. Com freios V-Brake e maçaneta em Nylon, garante uma ótima rigidez, fazendo com que a frenagem seja mais eciente por não sofrer deformação. Outro detalhe é que na hora que a criança quiser acionar o freio, a cor amarela fica destaque para não ter dúvidas para apertar o freio traseiro, garantindo assim a sua segurança. A bike tem ainda pneus com câmara, quadro em aço carbono e garrafinha. Essa bicicleta faz a alegria dos meninos que querem diversão e aventura. Especificações: - Mesa Head-Set;- Paralama em ABS;- Aro em ABS;- Limitador de giro do guidão;- Maçaneta em nylon reforçado e com ajuste do freio;- Movimento de direção com esferas;- Arruela com trava de segurança;- Pneus com câmara;- Quadro, garfo e guidão em aço carbono;- Abraçadeira do selim em alumínio;- Freios V-brake;- Garrafinha;- Idade mínima recomendada: A partir de 5 a 8 anos. Especificações Técnicas - Tamanho da roda: 16;- Altura máxima recomendada: 110 - 120 cm;- Peso máximo recomendado: 30 kg;- Cubagem: 0,111 m.","{""marca"":""Nathor""}",,,Nathor,,,,,,,,,,,,,,,,,,16,Não informado,Nathor,Não informado,Feminino,Infantil,Aço Carbono,Top Girls,Não informado,Não informado,Não informado,"Limitador de giro do guidão, Freios V-Brake, Maçaneta em Nylon, Pneus com câmara, Quadro em aço carbono, Garrafinha",Não informado,Não informado,Não informado,Não informado,Não informado,30 kg,Não informado,V-brake,Nathor ,,Aro 16,,,,30kg,V-Break,Aço de Carbono,,,Passeio,
babystock||830570607,Bicicleta,Bicicleta de Equilíbrio 4 Rodas Buba Azul,"A Bicicleta de Equilibrio 4 Rodas da Buba estimula o equilibrio e a coordenacao motora do pequeno de forma divertida e segura. E estavel, com rodas duplas na frente e atras. A crianca aprende desde cedo a se equilibrar e adquire autoconfianca, facilitando a transicao para a bicicleta com pedais.","{""cor"":""Azul"",""marca"":""Buba""}",,Azul,Buba,,,,,,,,,,,,,,,,,,Não informado,Azul,Buba,Não informado,Não informado,Equilibrio,Não informado,4 Rodas,Não informado,Não informado,Não informado,Não informado,Não informado,Não informado,Não informado,Não informado,Não informado,Não informado,Não informado,Não informado,Buba,Azul,,,,,,,,,,Equilíbrio,
diasbike||15950064098,Bicicleta,Bike Aro 29 GTA NX11 24V Camb Shimano Altus Freio Hidráulico,"BICICLETA ARO 29 GTA NX11 ALTUS 24v HIDRÁULICO<br> <br>COMPONENTES DA BIKE<br> <br>- Quadro aro 29 Alumínio<br>- Suspensão de 80mm de Cursor<br>- Aros Aeros para Disco Folha Dupla<br>- Raios Zincados<br>- Pneus Aro 29 Com Arame<br>- Camara de Ar Aro 29<br>- Jogo Direção Ahead Set<br>- Suporte Do guidão 31.8 Importado<br>- Guidão 31.8 MTB Importado<br>- Canote do Selim MTB Importado<br>- Pedal MTB Plataforma<br>- Arruela Calço para Ahead Set (1cm)<br>- Manopla MTB Comum<br>- Abraçadeira do Selim com Blocagem<br>- Selim MTB Básico<br>- Disco de Freio De 160mm Parafusos<br>- Freio a Disco Hidráulico Com Pinças e Pastilhas<br> <br>RELAÇÃO (TRANSMISSÃO DA BIKE)<br> <br>- Cassete Indexado de 8v<br>- Roda Tripla De Alumínio Reforçada<br>- Trocador Indexado Semi Automático Rapid Fire de 8v<br>- Cambio Dianteiro MTB Indexado<br>- Cambio Traseiro Shimano Altus M310 8v<br>- Cubos Com Blocagem Sistema Cassete<br>- Corrente indexada de 8v<br>- Jogo de Centro 122.5 <br> <br> <br>- Imagens da bicicleta são meramente ilustrativas.<br>- Algumas peças da bicicleta podem sofrer variações de cor e de modelo de acordo com o lote de importação.<br>- A Dias Bike não se responsabiliza por recolhimento obrigatório de impostos ICMS por st cobrado em alguns estados.<br>-Caso não haja alguém para receber o pedido no local de entrega, após as tentativas de entrega da transportadora, o frete do reenvio será de responsabilidade do comprador.<br>-Preço no site são exclusivos para venda online da loja virtual DIAS BIKE, os preços praticados em cada loja podem haver diferença entre os mesmos.<br>- Para as compras de bicicletas, as mesmas serão enviadas lubrificadas e pré-montadas, em função do transporte, a roda dianteira, guidão, selim e pedais são enviados soltos para encaixe.<br>- A garantia não Cobre Defeitos por Mau uso ou Pela Montagem Inadequada do Produto. A Montagem requer conhecimentos em mecânica e manutenção em bicicletas, por isso recomendamos que a montagem das Bicicletas seja feita por Profissionais do ramo em Oficina Especializada.<br>- Algumas Peças podem necessitar de regulagem ou alinhamento.<br>- A montagem, Regulagem e Alinhamento é por conta do comprador.<br>- A Garantia só será validada mediante a comprovação da montagem por um especialista, válida somente para o Primeiro proprietário.","{""marca"":""GTA""}",,,GTA,,,,,,,,,,,,,,,,,,29,Não informado,GTA,Não informado,Não informado,Não informado,Alumínio,NX11,29,8,80mm de Cursor,Não informado,Não informado,Não informado,Não informado,Não informado,Não informado,Não informado,Não informado,Hidráulico,GTA,"[Preto,Laranja]",Aro 29,,24 Marchas,,120kg,Freio a Disco,Alumínio,,Unissex,Mountain Bike,
bikediasg5||16014078552,Bicicleta,Bicicleta Aro 29 KOG 21V Freio a Disco Cambio Indexado,"Dias Bike<br> <br>Bem vindo a Dias Bike! A Dias Bike é uma loja física e virtual que faz parte da família Dias Bike e Dias Moto Peças, que possuem mais de 10 lojas físicas e uma distribuidora atacadista, atuando no mercado de ciclismo a mais de 30 anos. A empresa comercializa bicicletas prontas, peças e acessórios para bicicletas em geral, tudo a sua disposição e com a comodidade de receber o produto em sua casa em qualquer lugar do Brasil com toda garantia de entrega e a certeza de sua satisfação.<br> <br>KOG<br> <br>A KOG é uma marca da Dias Bike, baseada em toda a experiencia acumulada ao longo de mais de 30 anos no mercado de ciclismo e motocicletas. A experiencia nos permitiu desenvolver bicicletas que com um ótimo custo benefício, tanto para pedais urbanos para te levar a todos os lugares, como também bicicletas prontas para encarar os mais diversos obstáculos em uma trilha. A KOG foi pensada e desenvolvida especialmente para quem está iniciando no Mountain Bike e conciliando conforto e desempenho.<br> <br> <br>**Bike Indicada para Uso Urbano**<br> <br>FICHA TECNICA<br> <br>- Quadro aro 29 Alumínio<br>- Suspensão de 80mm<br>- Aros Aeros para Disco Folha Dupla<br>- Raios Zincados<br>- Pneus Aro 29 Com Arame<br>- Câmara de Ar Aro 29t<br>- Jogo Direção Ahead Set<br>- Suporte Do guidão 31.8<br>- Guidão 31.8 MTB<br>- Canote do Selim MTB <br>- Pedal MTB Plataforma<br>- Arruela Calço para Ahead Set (1cm)<br>- Manopla MTB Comum<br>- Abraçadeira do Selim com Blocagem<br>- Selim MTB <br>- Disco de Freio De 160mm Parafusos<br>- Freio a Disco Mecânico Com Pinças e Pastilhas<br> <br>RELAÇÃO (TRANSMISSÃO DA BIKE)<br> <br>- Catraca 7V Indexada<br>- Roda Tripla de Aço Encapado <br>- Trocador Indexado Semi Automático Rapid Fire de 7V<br>- Cambio Dianteiro Indexado MTB 3 Velocidades<br>- Cambio Traseiro Indexado MTB 7v Velocidades<br>- Cubos de rosca<br>- Corrente indexada de 7 Velocidades<br>- Jogo de Centro 122.5 Selado Rolamentado","{""aro"":""29\"""",""cor"":""Preto, Azul"",""material_do_quadro"":""Alumínio"",""tamanho_do_quadro"":""21"",""tipo"":""Mountain Bike""}","29""","Preto, Azul",,21,,Mountain Bike,Alumínio,,,,,,,,,,,,,,29,Não informado,KOG,Não informado,Não informado,Mountain Bike,Alumínio,Não informado,29,21,80mm,Não informado,Não informado,Não informado,Não informado,Urbano,Não informado,Não informado,Não informado,Disco Mecânico,KOG,"[Preto,Azul]",Aro 29,,21 Marchas,Dianteira,,Freio a Disco,Alumínio,,Unissex,Mountain Bike,
roupasparaciclismo||GTIROMA-QUADRO-82336,Bicicleta,Bicicleta MTB GTI Roma  Aro 29 21v,"<p>ATENÇÃO - A bicicleta será enviada LUBRIFICADA e SEMI-MONTADA. Em função do transporte, a roda dianteira, guidão, selim, e pedais são enviados soltos para encaixe. Necessário a regularem de câmbios e freios após a montagem do produto, esta montagem é por conta do comprador e recomendados o apoio de um profissional.</p> <p>AGTI ROMA desenvolvida especialmente para o MTB, fazendo a união de componentes leves e resistentes. É ideal para trilhas técnicas, já que conta com freios a disco e um sistema de amortecimento eficiente que garantem mais controle e estabilidade ao realizar manobras.</p> ESPECIFICAÇÕES <br>Fabricante: GTI <br> <br>Quadro: ROMA<br> <br>Cabeamento do quadro: interno<br> <br>Material do quadro: Alumínio<br> <br>Suspensão: Yamada<br> <br>Tipo de suspensão: Amortecimento a molas sem trava.<br> <br>Curso da suspensão: 100 mm<br> <br>Rodas: Aro 29 Aluminio.<br> <br>Pneus: 29x2.10 pol<br> <br>Câmbio traseiro: Yamada<br> <br>Roda Livre: Shunfeng 7c 14/28 Index.<br> <br>Corrente: TEC By KMC 7v.<br> <br>Pedivela: Absolute 24/34/42 - 170mm<br> <br>N de velocidades: 21<br> <br>Pedal: Freestyle PP 9/16<br> <br>Freios: Absolute Nero Mecânico<br> <br>Tipo de freio: Mecânico<br> <br>Rotores de freio: 160 mm dianteiro e traseiro<br> <br>Mesa: Nero em alumínio<br> <br>Guidão: Absolute 31.8x720 mm - alumínio<br> <br>Selim: Selle Royal<br> <br>Canote: GTI 350mm <br> <br>Furação para Caramanhola: Seat tube, down tube<br> <br>Dimensões embalagem: 25 x 75 x 140 cm<br> <br>Peso: 15,890 Kg<br> ITENS INCLUSOS <br>1x Quadro <br> <br>1x Roda <br> <br>1x Cassete <br> <br>1x Corrente <br> <br>1x Transmissão <br> <br>1x Pedivela<br> <br>1x Garfo de suspensão <br> <br>1x Caixa de direção <br> <br>1x Canote de selim <br> <br>1x Abraçadeira de selim <br> <br>1x Mesa <br> <br>1x Kit de freios<br> <br>1x Selim <br> <br>1x Roda <br> <br>1x Guidão<br> <br>1x Câmbio traseiro <br> <br>2x Pedais <br> <br>2x Manoplas <br> <p>imagens meramente ilustrativas *</p>","{""aro"":""29\""""}","29""",,,,,,,,,,,,,,,,,,,,29,Não informado,GTI,Não informado,Não informado,MTB,Alumínio,Roma,29,21,Amortecimento a molas sem travabr,Não informado,Não informado,Não informado,Não informado,Não informado,Não informado,Não informado,Não informado,Mecânico,GTI,Azul,Aro 29,,21 Marchas,Dianteira,"15,890kg",Freio a Disco,Alumínio,,,Mountain Bike,
bikediasg5||32087,Bicicleta,Bicicleta Aro 29 KSW XLT 12v Freio Hidráulico Toda Absolute,"Bem vindo a Dias Bike! A Dias Bike é uma loja física e virtual que faz parte da família Dias Bike e Dias Moto Peças, que possuem mais de 10 lojas físicas e uma distribuidora atacadista, atuando no mercado de ciclismo a mais de 31 anos. A empresa comercializa bicicletas prontas, peças e acessórios para bicicletas em geral, tudo a sua disposição e com a comodidade de receber o produto em sua casa em qualquer lugar do Brasil com toda garantia de entrega e a certeza de sua satisfação.<br> <br>Bicicleta Aro 29 KSW XLT 12v Freio Hidráulico Toda Absolute<br> <br>COMPONENTES DA BIKE<br> <br><br>Quadro aro 29 Alumínio<br>Suspensão de 100mm Absolute<br>Aros Aeros para Disco Folha Dupla<br>Raios Zincados<br>Pneus Aro 29 Com Arame<br>Câmara de Ar Aro 29<br>Jogo Direção Ahead Set<br>Suporte Do guidão 31.8<br>Guidão 31.8 Absolute<br>Canote do Selim Absolute<br>Pedal MTB Plataforma<br>Arruela Calço para Ahead Set (1cm)<br>Manopla MTB Comum<br>Abraçadeira do Selim com Blocagem<br>Selim MTB<br>Rotor de Freio De 160mm<br>Freio a Disco Hidráulico Absolute<br><br> <br>RELAÇÃO (TRANSMISSÃO DA BIKE)<br> <br><br>Cassete 12 Velocidades 11x50D Absolute<br>Pedivela Single Ponta Quadrada Absolute<br>Trocador Indexado Semi Automático de 12V Absolute Wild<br>Cambio Traseiro Indexado MTB 12V Absolute Wild<br>Cubos FreeHub para cassete Absolute<br>Corrente indexada de 12V<br><br> <br>**IMAGENS MERAMENTE ILUSTRATIVAS**",,,,,,,,,,,,,,,,,,,,,,29,Não informado,KSW,Não informado,Não informado,Não informado,Alumínio,XLT 12v,29,12,100mm,Não informado,Não informado,Não informado,Não informado,Não informado,Não informado,Não informado,Toda Absolute,Hidráulico,KSW,"[Rosa,Preto]",Aro 29,,12 Marchas,,,Freio a Disco,Alumínio,,,,
diasbike||15967879190,Bicicleta,Bike 29 Alfameq 24V Shimano Acera Hidráulico K7 Trava Guidão,"BICICLETA ARO 29 24V CAMBIO SHIMANO ACERA FREIOS A DISCO HIDRÁULICO CUBOS K7 TRAVA NO GUIDÃO<br> <br>COMPONENTES DA BIKE<br> <br>-Quadro aro 29 Alumínio<br>-Suspensão de 100mm com Trava Remota (No Guidão)<br>-Aros Aeros para Disco Folha Dupla em Alumínio<br>-Raios Zincados<br>-Pneus Aro 29 Com Arame<br>-Câmara de Ar Aro 29<br>-Jogo Direção Ahead Set Semi Integrado<br>-Suporte Do guidão Alumínio 31.8<br>-Guidão em Alumínio 31.8 MTB<br>-Canote do Selim MTB<br>-Pedal MTB Plataforma para Testes<br>-Arruela Calço para Ahead Set (1cm)<br>-Manopla MTB Comum<br>-Abraçadeira do Selim com Blocagem<br>-Selim MTB<br>-Disco de Freio De 160mm Parafusos<br>-Freio a Disco Hidráulico Com Pinças e Pastilhas<br> <br>RELAÇÃO (TRANSMISSÃO DA BIKE)<br> <br>-Pedivela Alumínio Reforçado 3v<br>-Trocador Indexado Semi Automático Rapid Fire de 3x8v<br>-Cambio Dianteiro 3v Indexado Dual Pull<br>-Cambio Traseiro 8v Indexado Shimano Acera<br>-Cubos Com Blocagem Sistema Cassete<br>-Cassete Indexado de 8 Velocidades 11-32D Importado<br>-Corrente Indexado Indexado Importado 8V<br>-Jogo de Centro 122.5 selado rolamentado<br> <br>Imagens da bicicleta são meramente ilustrativas.<br>Algumas peças da bicicleta podem sofrer variações de cor e de modelo de acordo com o lote de importação.<br>A Dias Bike não se responsabiliza por recolhimento obrigatório de impostos ICMS por ST cobrado em alguns estados.<br>Caso não haja alguém para receber o pedido no local de entrega, após as tentativas de entrega da transportadora, o frete do reenvio será de responsabilidade do comprador.<br>Preço no site são exclusivos para venda online da loja virtual DIAS BIKE, os preços praticados em cada loja podem haver diferença entre os mesmos.<br>Para as compras de bicicletas, as mesmas serão enviadas lubrificadas e pré-montadas, em função do transporte, a roda dianteira, guidão, selim e pedais são enviados soltos para encaixe.<br>A garantia não Cobre Defeitos por Mau uso ou Pela Montagem Inadequada do Produto. A Montagem requer conhecimentos em mecânica e manutenção em bicicletas, por isso recomendamos que a montagem das Bicicletas seja feita por Profissionais do ramo em Oficina Especializada.<br>Algumas Peças podem necessitar de regulagem ou alinhamento.<br>A montagem, Regulagem e Alinhamento é por conta do comprador.<br>A Garantia só será validada mediante a comprovação da montagem por um especialista, válida somente para o Primeiro proprietário.","{""aro"":""29\"""",""cor"":""Preto, Vermelho""}","29""","Preto, Vermelho",,,,,,,,,,,,,,,,,,,29,Não informado,Alfameq,Não informado,Não informado,MTB,Alumínio,24V,29,24,100mm com Trava Remota No Guidão,Trava Guidão,Não informado,Não informado,Não informado,Não informado,Não informado,Não informado,Não informado,Disco Hidráulico,Alfameq,"[Preto,Vermelho]",Aro 29,,24 Marchas,,,Freio a Disco,Alumínio,,,,
ativosports||729841598,Bicicleta,Par Roda Absolute Prime Boost 29 Shimano 8v À 12v Tubeless,"<p><br><span>Roda ABSOLUTE PRIME Boost 15x110 na dianteiro e 12x148 na traseira, não acompanha eixos passantes.</span><br><br><span>A renovação da linha das rodas Prime MTB passa por uma atualização constante, que segue aquilo que é tendência mundial nas principais marcas de ciclismo.</span><br><br><span>Os aros se mantêm inalterados, com 26mm de largura interna e prontos para uso em bikes com sistema tubeless, ou seja, alinhados com o que há de mais moderno no mundo.</span><br><br><span>Nesta nova versão Boost, a Absolute oferece cubos específicos para garfos com eixo passante de 15x110mm e, também, para garfos de 12x148mm.</span></p> <p><span>Com pouco peso, essas rodas oferecem um ótimo custo x benefício pois já vêm montadas e alinhadas (pronto para o uso).</span><br><br><span>Roda Absolute Prime Boost</span><br><br><span>- Núcleo em alumínio, com 6 engates triplos, para montagem de cassetes de 8 a 12 velocidades;</span><br><span>- Aros com emendas soldadas, o que aumenta a resistência, a rigidez e também ajuda na perfeita vedação para utilização de pneus com tecnologia tubeless;</span><br><span>- Perfil interno de 26mm, perfeito para acomodar melhor os pneus atuais que são mais largos, variando de 2.2? a 2.6?;</span><br><span>- Dianteira compatível com eixos passantes tipo Boost (15 x 110mm);</span><br><span>- Cubo traseiro compatível com eixos passantes tipo Boost (12 x 148mm);</span><br><span>- Raios premium da marca Pillar, trefilados, que reduzem o peso sem perder a resistência das rodas;</span></p> <p><span>Características Técnicas:<br> <br>- MARCA: Absolute<br>- DIMENSÕES: Aro 29<br>- MEDIDAS INTERNAS: 26mm (Largura Interna) / Cubos 148mm e 110mm<br>- MODELO: Prime Boost (28 Furos)<br>- COR: Preto<br>- INDICAÇÃO: Aro 29 (ciclistas de até no máx. 90Kg)<br>- PESO LÍQ.: 1,950Kg aprox. (Par)</span></p> <p><span>Obs.: Recomendado para ciclistas de até 90kg (peso máximo limite)</span></p>",,,,,,,,,,,,,,,,,,,,,,29,Preto,Absolute,Não informado,Não informado,Não informado,Não informado,Prime Boost,29,8 a 12,Não informado,Tubeless,Não informado,Não informado,Não informado,MTB,Não informado,90Kg,Boost 15x110 na dianteira e 12x148 na traseira,Não informado,,,,,,,,,,,,,
upastore2||13748943721,Bicicleta,Carrinho Gira Gira Bike Azul - Fenix GBK-718,"Carrinho Radical De Manobras Gira Gira Bike Ele é total diferente do que você já viu antes! Quero ver você fazer essas manobras no Giro Bike! Ele tem um rodão na frente e duas rodinhas pequenas soltas atrás. E você senta quase no chão como se fosse um piloto de corrida. Você não vai nunca querer parar de andar nele. Altas manobras: 180o ou 360o.<br> <br>- Cor do Triciculo: Verde<br>- Peso: 8,800Kg<br>- Suporta até: 75Kg<br>- Medida do Produto: Máximo: 109 X 58 X 70 cm Mínimo: 93 X 58 X 70 cm<br>- Medida da Embalagem: 71 X 36,50 X 71 cm<br> - Com ajuste na base para ajustar certinho os pés.<br>- Manopla em borracha para não escapar as mãos<br>- Feito de alumínio para ser mais leve e resistente.<br>- Restrição de uso: Não utilizar para fazer manobras de saltos. Utilizar sempre em vias pavimentadas.<br> <br> <br> <br> <br>","{""cor"":""Azul""}",,Azul,,,,,,,,,,,,,,,,,,,Não informado,Azul,Fenix,Não informado,Não informado,Não informado,Alumínio,GBK-718,Não informado,Não informado,Não informado,Manopla em borracha para não escapar as mãos,Não informado,Não informado,Não informado,Não informado,109 X 58 X 70 cm,75Kg,Com ajuste na base para ajustar certinho os pés,Não informado,,,,,,,,,,,,,
diasbike||15855610089,Bicicleta,Bicicleta MTB KSW XLT 24V Aro 29 Freio Hidráulico Faixa Beje,"BICICLETA ARO 29 KSW XLT 24V FREIO A DISCO HIDRÁULICO<br> <br> <br>COMPONENTES DA BIKE<br>- Quadro aro 29 Alumínio<br>- Suspensão de 80mm de Cursor<br>- Aros Aeros para Disco Folha Dupla<br>- Raios Zincados<br>- Pneus Aro 29 Faixa Beje Com Arame<br>- Câmara de Ar Aro 29t<br>- Jogo Direção Ahead Set<br>- Suporte Do guidão 31.8<br>- Guidão 31.8 MTB<br>- Canote do Selim MTB<br>- Pedal MTB Plataforma<br>- Arruela Calço para Ahead Set (1cm)<br>- Manopla MTB Comum<br>- Abraçadeira do Selim com Blocagem<br>- Selim MTB Básico<br>- Disco de Freio De 160mm Parafusos<br>- Freio a Disco Hidráulico Com Pinças e Pastilhas<br> <br>RELAÇÃO (TRANSMISSÃO DA BIKE)<br>- Roda Livre Indexada de 8v<br>- Roda Tripla De Aço Encapado Reforçada<br>- Trocador Indexado Semi Automático Rapid Fire de 8v<br>- Cambio Dianteiro Indexado MTB 8v<br> - Cambio Traseiro Indexado MTB 8v<br>- Cubos Para RODA LIVRE<br> - Corrente indexada de 8v<br> - Jogo de Centro 122.5 Selado Rolamentado<br> <br>- Imagens da bicicleta são meramente ilustrativas.<br>- Algumas peças da bicicleta podem sofrer variações de cor e de modelo de acordo com o lote de importação.<br>- A Dias Bike não se responsabiliza por recolhimento obrigatório de impostos ICMS por ST cobrado em alguns estados.<br>-Caso não haja alguém para receber o pedido no local de entrega, após as tentativas de entrega da transportadora, o frete do reenvio será de responsabilidade do comprador.<br>-Preço no site são exclusivos para venda online da loja virtual DIAS BIKE, os preços praticados em cada loja podem haver diferença entre os mesmos.<br>- Para as compras de bicicletas, as mesmas serão enviadas lubrificadas e pré-montadas, em função do transporte, a roda dianteira, guidão, selim e pedais são enviados soltos para encaixe.<br>- A garantia não Cobre Defeitos por Mau uso ou Pela Montagem Inadequada do Produto. A Montagem requer conhecimentos em mecânica e manutenção em bicicletas, por isso recomendamos que a montagem das Bicicletas seja feita por Profissionais do ramo em Oficina Especializada.<br>- Algumas Peças podem necessitar de regulagem ou alinhamento.<br>- A montagem, Regulagem e Alinhamento é por conta do comprador.<br>- A Garantia só será validada mediante a comprovação da montagem por um especialista, válida somente para o Primeiro proprietário.<br>","{""cor"":""Verde, Preto"",""marca"":""KSW"",""tipo"":""Mountain Bike""}",,"Verde, Preto",KSW,,,Mountain Bike,,,,,,,,,,,,,,,29,Beje,KSW,Não informado,Não informado,MTB,Alumínio,XLT 24V,29,8,80mm de Cursor,Não informado,Não informado,Não informado,Não informado,Não informado,Não informado,Não informado,Não informado,Hidráulico,KSW,"[Verde Pérola,Preto]",Aro 29,,24 Marchas,,,Freio a Disco,Alumínio,,,Mountain Bike,
diasjuniorbicicletas||NERO4PTOVERM13TIPO2,Bicicleta,Bicicleta Aro 29 Absolute Nero 4 Cabeamento Interno 21v Freio a Disco Hidráulico Alumínio Garfo Suspensão - Preto/Vermelho,"<p>Bike aro 29 em alumínio, nova na caixa a pronta entrega, produto com ótima qualidade e acabamento, possui 21 marchas com sistema de alavancas rapid fire que a cada clique uma marcha é trocada, garfo com suspensão, sistema de freio a disco hidráulico(óleo). Bicicleta pré montada, vai precisar apenas fixar a roda dianteira, guidão, selim e pedais. Segue abaixo características da bike:</p><p><br></p><p>Quadro Absolute Nero 4 Alumínio</p><p>Garfo 29 suspensão curso 60mm</p><p>Suporte do guidão em alumínio preto</p><p>Guidão 31.8mm em alumínio preto</p><p>Canote do selim 27.2 sem carrinho</p><p>Selim Sport preto</p><p>Abraçadeira do Selim alumínio Preto</p><p>Aros Aero Parede dupla reforçado</p><p>Raios Pretos</p><p>Cubos Pretos aço</p><p>Pneus 29 com cravo</p><p>Movimento central selado rolamentado</p><p>Freios a disco hidráulicos com discos inox 160mm</p><p>Alavancas Semi-automáticas Rapid Fire</p><p>Câmbio Traseiro Importado Index</p><p>Câmbio Dianteiro Importado Index</p><p>Corrente Index</p><p>Pedivela Aço Revestido</p><p>Pedal Plataforma Nylon preto</p><p>Roda Livre 7v index dourada(rosca)</p>","{""marca"":""Absolute Nero""}",,,Absolute Nero,,,,,,,,,,,,,,,,,,29,PretoVermelho,Absolute,Não informado,Não informado,Não informado,Alumínio,Nero 4,Não informado,21v,Suspensão,"Cabeamento Interno, Freio a Disco Hidráulico",Não informado,Não informado,Não informado,Não informado,Não informado,Não informado,Garfo,Disco Hidráulico,Absolute,"[Preto,Vermelho]",Aro 29,,21 Marchas,,,Freio a Disco,Alumínio,,,Mountain Bike,
diasbike||34173,Bicicleta,Bicicleta Speed Road Aro 700 KSW Com Shimano Claris 2x8 16v,<p>Bicicleta Speed Road Aro 700 KSW Com Shimano Claris STI 2x8 16v</p><p><br></p><p><br></p><p>COMPONENTES DA BIKE</p><p><br></p><p><br></p><p>Quadro aro 700 KSW 300 Alumínio</p><p><br></p><p>Garfo Dianteiro Over Head Set KSW</p><p><br></p><p>Aros Aeros para Disco Folha Dupla</p><p><br></p><p>Raios Zincados</p><p><br></p><p>Pneus Aro 700x23 Com Arame</p><p><br></p><p>Camara de Ar Aro 700</p><p><br></p><p>Jogo Direção Tapered off Over Head Set</p><p><br></p><p>Suporte Do guidão 31.8 em Alumínio</p><p><br></p><p>Guidão 31.8 Importado</p><p><br></p><p>Canote do Selim em Alumínio</p><p><br></p><p>Pedal</p><p><br></p><p>Arruela Calço para Ahead Set (1cm)</p><p><br></p><p>Fita de Guidão</p><p><br></p><p>Abraçadeira do Selim com Blocagem</p><p><br></p><p>Selim</p><p><br></p><p>Disco de Freio De 160mm Shimano Center Lock</p><p><br></p><p>Freio a Disco Mecânico Com Pinças e Pastilhas</p><p><br></p><p><br></p><p>RELAÇÃO (TRANSMISSÃO DA BIKE)</p><p><br></p><p><br></p><p>Cassete Indexada de 8v Shimano HG50 11-28D</p><p><br></p><p>Pedivela em Alumínio Shimano Claris FC R2000 50/34D</p><p><br></p><p>Trocador Indexado 2x8v STI Shimano Claris ST R2000</p><p><br></p><p>Cambio Dianteiro Indexado 2v Shimano Claris FD R2000</p><p><br></p><p>Cambio Traseiro Indexado 7v Shimano Claris RD R2000</p><p><br></p><p>Cubos Cassete Shimano Center Lock</p><p><br></p><p>Corrente indexada de 8v Shimano HG40</p><p><br></p><p>Jogo de Centro Shimano Hollowtech</p>,"{""marca"":""KSW""}",,,KSW,,,,,,,,,,,,,,,,,,700,Não informado,KSW,Não informado,Não informado,Speed,Alumínio,Não informado,700,16,Não informado,Não informado,Não informado,Não informado,Não informado,Road,Não informado,Não informado,Não informado,Disco Mecânico,KSW,"[Grafite,Branco]",Aro 700,,16 Marchas,,120kg,Freio a Disco,Alumínio,,,Speed,
gtsm1bicicletas||3911-12845,Bicicleta,Bicicleta Gts Aro 29 Freio Hidráulico Câmbios Shimano 24 Marchas e Suspensão com Trava no Guidão  GTS M1 I-VTEC SX Shimano,"BICICLETA GTSM1 ARO 29 FREIO HIDRÁULICO CÂMBIO SHIMANO 24 MARCHAS E SUSPENSÃO COM TRAVA | GTS M1 I-VTEC SX SHIMANOA bicicleta GTSM1 I-VTEC SX SHIMANO é ideal para iniciar na prática do Mountain Bike. Pegar novas trilhas e percursos acidentados longos vai ficar divertido e mais fácil, com câmbio Shimano 24 velocidades, suspensão de 100mm e freios a disco hidráulico. Contando com a experiência de quem tem mais de 28 anos fabricando bicicletas para o mercado nacional, garantia de fábrica e suporte exclusivo, a bicicleta GTSM1 I-VTEC SX SHIMANO é a sua nova companheira de aventuras. O peso total da bike é de 14.8kg montada. Suporta até 120 kg.sistema de marchasSistema de marchas da bicicleta é um dos mais importantes componentes, é como se fosse o coração da sua bike. o câmbio SHIMANO tem alta durabilidade e qualidade de sobra, ajudando você a ter alta performance em sua bike, veja do que é composto:* CÂMBIO DIANTEIRO SHIMANO TOURNEY FD-TY500 DUAL* CÂMBIO TRASEIRO SHIMANO TOURNEY RD-TX800 8V* ENGRENAGEM COROA TRIPLA GTSM1* K7 GTSM1 8V 11-32D INDEX * CORRENTE SUMC 8V INDEX* TROCADOR SUN RUN 8X3 24V suspensão / guidãoo guidão dessa bike por padrão é de alumínio curvo, porém nada impede de fazermos a troca por um guidão reto. a suspensão È um dos itens mais olhados pelo ciclista que adora pegar um off-road, confira mais detalhes:* SUSPENSÃO GTSM1 TRAVA NO GUIDÃO 100MM* GUIDÃO MTB 31.8 MM / 680 MM * AVANÇO 31.8 ALUMÍNIO 80 MM* DIREÇÃO GTSM1 INTEGRADA* SPACER AHEAD 10MM * MANOPLA MTBrodas e componentesUm dos aros mais procurados hoje em dia é o 29, que é um dos mais utilizados em nossas bikes mas é preciso se atentar se realmente a bike possui um aro bom e com componentes que correspondam a grandes impactos e atritos. confira mais detalhes:* ARO ALUMÍNIO PAREDE DUPLA 36 FUROS* RAIO ZINCADO 290/PRETO* PNEU 29 X 2.10 * CAMARA 29 IMP. BICO GROSSO* CUBO K7 32 FUROS ROLAMENTO BACIA ESFERADA FREIO A DISCO Selim e pedal* SELIM GTS M1 PRETO* CANOTE TRADICIONAL 27.2 /30 CM* ABRAÇADEIRA PARA SELIM (IMP) MTBCOM BLOCAGEM * PEDAL PLATAFORMA NYLON ROSCA GROSSA FreioO freio a disco hidráulico além de ser mais seguro oferece mais conforto e menos reparos.* FREIO A DISCO HIDRÁULICO GTSM1* DISCO 160MM Quadro* QUADRO I-VTEC NEW SX ALUMÍNIO 7005* PESO 2.1KG* ADESIVOS ENVERNIZADOS* CABEAMENTO INTERNO* FURAÇÃO PARA SUPORTE CARAMANHOLA* GARANTIA DE 1 ANO PARA O QUADRO Bikes para quais objetivos? * TRILHAS LEVE * PERCURSOS LONGOS * ON-ROAD / OFF-ROAD bike pré-montadaA BICICLETA SEGUE MONTADA E REVISADA, MAS POR MOTIVO DE ACOMODAÇÃO NA EMBALAGEM DE TRANSPORTE SERÃO RETIRADOS: SELIM, PEDAIS, GUIDÃO E RODA DIANTEIRA. A INSTALAÇÃO DESSES, SERÃO DE RESPONSABILIDADE DO CLIENTE, POR MOTIVO DE TRANSPORTE/MANUSEIO É NECESSÁRIO, AO RECEBER, EFETUAR NOVA REGULAGEM DO SISTEMA DE MARCHAS E FREIOS. A GTSM1 NÃO SE RESPONSABILIZA PELA REVISÃO FINAL DA BICICLETA, QUE DEVE SER REALIZADA EM UMA OFICINA ESPECIALIZADA DE CONFIANÇA DO CLIENTE;. OBS: ESTE PRODUTO EM REGIÕES COM ALTA SALINIDADE PODERÁ APRESENTAR CORROSÃO, POR ISSO MANTENHA SEMPRE A CONSERVAÇÃO, LUBRIFICAÇÃO E MANUTENÇÃO.","{""marca"":""Shimano"",""tamanho_do_quadro"":""19""}",,,Shimano,19,,,,,,,,,,,,,,,,,29,Não informado,GTS,Não informado,Não informado,Mountain Bike,Alumínio 7005,GTS M1 I-VTEC SX SHIMANO,29,24,Com trava no guidão,"Câmbio Shimano, Freio a disco hidráulico, Suspensão 100mm",Não informado,Não informado,Não informado,Não informado,Não informado,120kg,"CABEAMENTO INTERNO, FURAÇÃO PARA SUPORTE CARAMANHOLA, GARANTIA DE 1 ANO PARA O QUADRO",Hidráulico,GTSM1,"[Preto,Laranja]",Aro 29,,24 Marchas,,120kg,Freio a Disco,Alumínio,,Unissex,Mountain Bike,
bikemaniathomas||993566e2008e11eea85a4201ac185049,Bicicleta,Bicicleta trinx swift 2.0,Especificações:– Quadro: Alumínio Trinx / Tecnologia Smooth Welding;– Garfo: Trinx Carbono;– Trocadores: Shimano STI 105 ST-RT7000;– Câmbio Dianteiro: Shimano 105 FD-R7000 2 Velocidades;– Câmbio Traseiro: Shimano 105 RD-R7000 11 Velocidades;– Pedivela: Alumínio FSA Omega 36-52 Dentes 175mm;– Cassete: CS-R9011 11-28d 11 Velocidades;– Corrente: KMC X11;– Freios: Shimano 105 BR-5800;– Mesa: Trinx Alumínio 90mm;– Guidão: Trinx Alumínio 420mm;– Aros: Alumínio Com Parede De 30mm Tipo Aero;– Raios: Preto Zincado;– Cubos: Alumínio Com Blocagem Solomon;– Selim: TRINX– Canote: Alumínio Trinx Aero;– Pneus: CST Road 700×25.,"{""marca"":""Shimano"",""tamanho_do_quadro"":""11""}",,,Shimano,11,,,,,,,,,,,,,,,,,Não informado,Não informado,Trinx,Não informado,Não informado,Não informado,Alumínio,Swift 20,70025,11,Não informado,Smooth Welding,Não informado,Não informado,Não informado,Não informado,Não informado,Não informado,Não informado,Shimano 105 BR-5800,Trinx,Prata,Aro 700,,22 Marchas,,,,Alumínio,,,Speed,
veredasonline||1677p,Bicicleta,Bicicleta Aro 29 Raider Aluminum 24v Freio a Disco Preto e Verde Tam: 21,"BICICLETA 29 RAIDER ALUMINUM 24 MARCHAS CAMBIOS IMPORTADOS - SUSPENSÃO E FREIO A DISCO MECÂNICO<br>A Nova Raider Aluminum possui um quadro construído em alumínio 6061, liga própria para que fique mais leve e mais resistente. É uma mountain bike esportiva, desenvolvida para fazer trilhas no mundo do MTB.<br>Sua geometria esportiva oferece um comportamento excepcional, deixando-a rápida e ágil para as melhores sensações no seu pedal.<br>A Raider Aluminum vem equipada com a suspensão de 100mm que facilita a passagem nas trilhas, transmissão de 24 marchas indexados, o que proporciona melhor troca entre as catracas. Os aros são de alumínio de parede dupla da marca FLAY modelos Aero Race, os pneus 29"" proporcionando uma melhor rolagem aderência nas curvas. Os freios utilizam sistema a disco mecânico de ótima frenagem.<br>DETALHES TÉNICOS:<br>QUADRO: 29"" Alumínio 6061<br>SUSPENSÃO: Curso de 100 mm (sistema a molas)<br>CAIXA DE DIREÇÃO: Semi-Integrada<br>GUIDÃO: Reto 31.8mm em Alumínio 6061<br>MESA: 80x31.8 mm em Alumínio 6061<br>MANOPLAS: Borracha Flexível<br>TROCADORES: Importados 3x8 velocidades<br>FREIOS: Disco Mecânico de 160 mm<br>CÂMBIO DIANTEIRO: Importado Indexado de 3 V<br>CÂMBIO TRASEIRO: Importado Indexado de 8 V<br>PEDIVELA: Triplo em Aço 24/34/42 dentes<br>PEDAL: Plataforma em Nylon<br>CORRENTE 8Velocidades<br>CATRACA : 8 Velocidades Roda Livre<br>CANOTE DE SELIM: 27.2mm em Alumínio 6061<br>SELIM: PU com trilho de regulagem<br>RODAS: Rodas Race de Parede Dupla<br>PNEU: MTB 29""<br>OBSERVAÇÕES:<br>- As fotos do anúncio são feitas com quadros do tamanho 17''.<br>- A geometria do quadro (desenho) pode mudar conforme o tamanho escolhido alterando a inclinação do tubo superior quando quadro é 19 ou 21 deixando-o mais reto.<br>- Pode haver alguma diferença de tonalidade entre a imagem e o produto real, por conta do tratamento de imagens e a calibração de cores do seu monitor.<br>MONTAGEM<br>- Enviamos a bicicleta pré-montada, revisada e devidamente embalada, para melhor se acomodar na embalagem de transporte são retirados apenas: selim, pedais, guidão e roda dianteira.<br>- A instalação (por simples aperto de parafusos allen e blocagens) é de responsabilidade do cliente, recomendamos que seja feita por uma loja especializada.<br>- Por motivo de transporte e manuseio, pode haver a necessidade de efetuar uma nova regulagem de câmbio ao receber o produto.<br>- Não nos responsabilizamos pela revisão final da bicicleta, sugerimos que seja efetuada por mão de obra especializada.<br>GARANTIA - 1 ano para quadro e 3 Meses para peças.","{""marca"":""ALUMINUM""}",,,ALUMINUM,,,,,,,,,,,,,,,,,,29,Preto e Verde,Raider,21,Não informado,Mountain Bike,Alumínio,Aluminum,Não informado,24,Suspensão de 100mm,"Câmbio importado, suspensão, freio a disco",Não informado,Não informado,Não informado,MTB,Não informado,Não informado,Não informado,Disco Mecânico,Raider,"[Preto,Verde]",Aro 29,17,24 Marchas,,,Freio a Disco,Alumínio,,,Mountain Bike,
arlybikes||6041,Bicicleta,Bicicleta Explorer Comp Aro 29 Alivio 18v Freio a Disco Hidráulico 2021,"<p>Seu pedal será muito mais divertido com a Explorer Comp! Entre no clima de competição e aventure-se pelas trilhas. </p><p><br></p><p>No modelo 2021 a Caloi tornou o quadro com tecnologia Boost e cabeamento interno, para ficar ainda mais atraente! </p><p><br></p><p>Modelo: Explorer Comp 2021 </p><p>Quadro: Alumino liga 6061 Tratado, cabeçote Tapered Forjadas p/ freio à Disco Flat Mount com Gancheira Removível – Eixo tru Axle de 12mm - Tubos Conformados, Caixa de Movimento Central com luva de 73mm, quadro com Tecnologia BOOST,(abertura entra rabeiras de 148mm) </p><p>Garfo/ Suspensão dianteira : Suspensão Caloi com 100mm de curso e trava remota no guidão </p><p>Pedais: Nylon </p><p>Pevidela: Shimano MT101 9V 175mm 36-22T </p><p>Movimento central: Shimano BB-UN300 BSA 73mm </p><p>Corrente: KMC - X9 </p><p>Cassete traseiro: Sunrace 9V 11-36D </p><p>Câmbio dianteiro: Shimano Alivio M3120 2V </p><p>Câmbio traseiro: Shimano Alivio RD-M3100 </p><p>Alavanca de Marcha: Shimano Alivio M3100 - 2x9v </p><p>Guidão: MTB Alumínio 31.8x720mm </p><p>Manoplas: Velo </p><p>Caixa de direção: FP-H889T Integrado com Tampa </p><p>Aro: Rodi Blackrock 23C 32 furos </p><p>Raio: Inox Preto </p><p>Cubo: Shimano Tru Axle Traseiro e Quick Release dianteiro </p><p>Disco/Rotor: SMRT10 - 160mm - com Center Lock </p><p>Freios: Shimano MT200 ou Logan Hidráulico ou Promax </p><p>Pneu: 29x2.20 - Vee Ruber MT100 </p><p>Selim: Selle Royal Vivo Ergo </p><p>Canote: Alumínio - 27.2x400mm - Ajuste com quick release </p><p>Peso Aprox.: 14,5kg </p><p>Marca: Caloi </p><p><br></p><p><br></p><p>PRODUTO NA CAIXA</p>","{""marca"":""Caloi"",""tipo"":""Mountain Bike""}",,,Caloi,,,Mountain Bike,,,,,,,,,,,,,,,29,Não informado,Caloi,Não informado,Não informado,MTB,Alumino,Explorer Comp,29,18,Suspensão,Boost,Não informado,Não informado,Não informado,Não informado,Não informado,Não informado,Não informado,Disco Hidráulico,Caloi,Alumínio,Aro 29,,18 Marchas,Dianteira,100kg,Freio a Disco,Alumínio,,,Mountain Bike,
bikediasg5||27755,Bicicleta,Bicicleta Aro 29 KOG 21 Marcha Cambio Shimano Freio a Disco,"Dias Bike<br> <br>Bem vindo a Dias Bike! A Dias Bike é uma loja física e virtual que faz parte da família Dias Bike e Dias Moto Peças, que possuem mais de 10 lojas físicas e uma distribuidora atacadista, atuando no mercado de ciclismo a mais de 30 anos. A empresa comercializa bicicletas prontas, peças e acessórios para bicicletas em geral, tudo a sua disposição e com a comodidade de receber o produto em sua casa em qualquer lugar do Brasil com toda garantia de entrega e a certeza de sua satisfação.<br> <br>KOG<br> <br>A KOG é uma marca da Dias Bike, baseada em toda a experiencia acumulada ao longo de mais de 30 anos no mercado de ciclismo e motocicletas. A experiencia nos permitiu desenvolver bicicletas que com um ótimo custo benefício, tanto para pedais urbanos para te levar a todos os lugares, como também bicicletas prontas para encarar os mais diversos obstáculos em uma trilha. A KOG foi pensada e desenvolvida especialmente para quem está iniciando no Mountain Bike e conciliando conforto e desempenho.<br> <br> <br>**Bike Indicada para Uso Urbano**<br> <br>FICHA TECNICA<br> <br>- Quadro aro 29 Alumínio<br>- Suspensão de 80mm de Cursor <br>- Aros Aeros para Disco Folha Dupla em Alumínio<br>- Raios Zincados na cor Preto<br>- Pneus Aro 29 Com Arame<br>- Camara de Ar Aro 29<br>- Jogo Direção Ahead Set<br>- Suporte Do guidão 31.8 em Alumínio<br>- Guidão 31.8 MTB em Alumínio<br>- Canote do Selim MTB em Alumínio<br>- Pedal MTB Plataforma<br>- Arruela Calço para Ahead Set (1cm)<br>- Manopla MTB com ótimo grip<br>- Abraçadeira do Selim com Blocagem<br>- Selim MTB<br>- Disco de Freio De 160mm com 6 Parafusos<br>- Freio a Disco Mecânico Com Pinças e Pastilhas<br> <br>RELAÇÃO (TRANSMISSÃO DA BIKE)<br> <br>- Roda Livre Indexada de 7v<br>- Roda Tripla De Aço Encapado Reforçada<br>- Trocador Indexado Semi Automático Rapid Fire de 7v<br>- Cambio Dianteiro Shimano Tourney 3v<br>- Cambio Traseiro Shimano Tourney 7v<br>- Cubos Para Roda Livre<br>- Corrente indexada de 7v<br>- Jogo de Centro 122.5 Selado Rolamentado","{""aro"":""29\"""",""marca"":""KOG"",""tamanho_do_quadro"":""21""}","29""",,KOG,21,,,,,,,,,,,,,,,,,29,Não informado,KOG,Não informado,Não informado,Mountain Bike,Alumínio,Não informado,29,21,80mm de Cursor,Não informado,Não informado,Não informado,Não informado,Urbano,Não informado,Não informado,Não informado,Disco Mecânico,KOG,"[Preto,Rosa,Azul]",Aro 29,,21 Marchas,Dianteira,100kg,Freio a Disco,Alumínio,,,Mountain Bike,
bikesmariaclaraltda||15073414950,Bicicleta,Bicicleta Aro 26 Retrô Vintage s/ marcha Vime Bagageiro Bege,"MARIA CLARA BIKES<br>Bicicletas Personalizadas<br>___________<br>**SOBRE O PRODUTO;<br> <br>-QUADRO EM AÇO COM PINTURA ELETROSTÁTICA (tamanho único aproximadamente 17 em polegadas)<br>-RODAS TAMANHO 26 COM ARO AERO (parede dupla) DE ALUMÍNIO<br>-CUBOS DE ALUMÍNIO COM ROLAMENTOS<br>-PNEU TAMANHO 26 SLICK (conforme foto anúncio)<br>-CESTA (Conforme foto do anúncio, ATENÇÃO; alguns modelos não tem cesta)<br>-FREIOS V-BRAKE ALUMÍNIO<br>-MAÇANETAS ALUMÍNIO<br>-GUIDOM AÇO <br>-SELIM MARROM 2 MOLAS<br>-PUNHOS E PEDAIS MARRONS<br>-MOVIMENTO CENTRAL 45 MM ESFERADO<br>-MOVIMENTO DE DIREÇÃO STANDARD ESFERADO<br>-RELAÇÃO MARCHAS DA LINHA ""YAMADA'', ''MAX'', ''SAYGUAN'' OU ''WG""(se atentar na opção características, lá informamos a quantidade de marchas/velocidades em cada anúncio)<br>-PASSADOR(ES) DE ALAVANCA (em modelos que possuem marchas)<br>___________<br>**SOBRE AS MEDIDAS;<br> <br>-Peso aproximado da bicicleta 17kg.<br>-Altura média do guidom (do chão até as manoplas) entre 100- 115 cm.<br>-Largura do guidom (de uma manopla a outra) 70 cm.<br>-Altura média do banco (do chão até o assento) entre 75 -90 cm.<br>-Altura do banco em ralação ao pedal (considerar a parte mais longa) entre 65- 80 cm.<br>-Peso máximo recomendado para 1 bicicleta =135 kg.<br>-Altura média recomendada entre 1,55 e 1,85.<br>-As variáveis podem considerar como ajustes (regulagens) que irá conseguir utilizar.<br>___________<br>**COMO O PRODUTO É ENVIADO;<br> <br>• Envio por transportadora<br>• Bicicleta pré-montada, necessária finalização da montagem por profissional especializado, a finalização é de responsabilidade do comprador<br>• Temos vídeos que auxiliam na finalização da montagem (basta pesquisar por Maria Clara Bikes no YouTube)<br>• Não nos responsabilizamos por problemas relacionados a erros de montagem.<br>___________<br>** SOBRE A GARANTIA;<br>Garantia de 90 dias contra defeito de fabricação, não cobrindo mau uso, má instalação de peças e acessórios.<br>***ATENÇÃO; nossos produtos possuem apenas os aros, cubos, manetes e freios de alumínio o restante é todo de aço. *NÃO POSSUINDO GARANTIA CONTRA FERRUGEM. PRINCIPALMENTE PARA MORADORES EM REGIÕES LITORANEAS ONDE EXISTE A AÇÃO INEVITAVEL DA MARESIA NO MATERIAL AÇO, CAUSANDO A FERRUGEM. Para compradores dessa região Recomendamos o uso periódico de anti-ferrugem, que ajuda prevenir tal ação!","{""aro"":""26\""""}","26""",,,,,,,,,,,,,,,,,,,,26,Bege,MARIA CLARA BIKES,17,Não informado,Retrô,AÇO,Vintage,AERO,s,Não informado,Bagageiro,Não informado,Não informado,Não informado,Não informado,Não informado,135 kg,Vime,V-BRAKE,Maria Clara Bikes,Bege,Aro 26,17,,,135kg,V-Break,Aço de Carbono,Retrô,,Passeio,
diasbike||23201,Bicicleta,Bicicleta Aro 29 Kog 27v Absolute KSW GTA Hidráulico Trava,"Dias Bike<br> <br>Bem vindo a Dias Bike! A Dias Bike é uma loja física e virtual que faz parte da família Dias Bike e Dias Moto Peças, que possuem mais de 10 lojas físicas e uma distribuidora atacadista, atuando no mercado de ciclismo a mais de 30 anos. A empresa comercializa bicicletas prontas, peças e acessórios para bicicletas em geral, tudo a sua disposição e com a comodidade de receber o produto em sua casa em qualquer lugar do Brasil com toda garantia de entrega e a certeza de sua satisfação.<br> <br>KOG<br> <br>A KOG é uma marca da Dias Bike, baseada em toda a experiencia acumulada ao longo de mais de 30 anos no mercado de ciclismo e motocicletas. A experiencia nos permitiu desenvolver bicicletas que com um ótimo custo benefício, tanto para pedais urbanos para te levar a todos os lugares, como também bicicletas prontas para encarar os mais diversos obstáculos em uma trilha. A KOG foi pensada e desenvolvida especialmente para quem está iniciando no Mountain Bike e conciliando conforto e desempenho.<br> <br> <br>**Bike Indicada para Uso Urbano, Trilhas Leves e Medianas**<br> <br> <br>COMPONENTES DA BIKE<br> <br>- Quadro aro 29 Alumínio<br>- Suspensão de 100mm com Trava no Ombro<br>- Aros Aeros para Disco Folha Dupla<br>- Raios Zincados<br>- Pneus Aro 29 Com Arame<br>- Câmara de Ar Aro 29t<br>- Jogo Direção Ahead Set<br>- Suporte Do guidão 31.8<br>- Guidão 31.8 MTB<br>- Canote do Selim MTB <br>- Pedal MTB Plataforma<br>- Arruela Calço para Ahead Set (1cm)<br>- Manopla MTB Comum<br>- Abraçadeira do Selim com Blocagem<br>- Selim MTB <br>- Disco de Freio De 160mm Parafusos<br>- Freio a Disco Hidráulico Com Pinças e Pastilhas <br> <br>RELAÇÃO (TRANSMISSÃO DA BIKE)<br> <br>- Cassete 9 Velocidades GTA / Sunrun<br>- Roda Tripla De Aluminio 3 Velocidades<br>- Trocador Indexado Semi Automático Rapid Fire de 9V GTA / Sunrun<br>- Cambio Dianteiro Indexado MTB 3v GTA / Sunrun<br>- Cambio Traseiro Indexado MTB 9V GTA / Sunrun<br>- Cubos Cassete<br>- Corrente indexada de 9V Indexada<br>- Jogo de Centro 122.5 Selado Rolamentado","{""cor"":""Preto, Rosa"",""tamanho_do_quadro"":""19""}",,"Preto, Rosa",,19,,,,,,,,,,,,,,,,,29,Não informado,Kog,Não informado,Não informado,Mountain Bike,Alumínio,KSW GTA,29,27,Suspensão de 100mm com Trava no Ombro,Não informado,Não informado,Não informado,Não informado,"Urbano, Trilhas Leves e Medianas",Não informado,Não informado,Não informado,Hidráulico,KOG,"[Preto,Rosa,Azul]",Aro 29,,27 Marchas,,130kg,Freio a Disco,Alumínio,,,Passeio,
diasbike||15947924395,Bicicleta,Bicicleta MTB Aro 29 KSW 27V Freio Hidráulico Cubo K7 Trava,"BICICLETA ARO 29 KSW XLT 27V HIDRÁULICO CUBOS K7 E SUSPENSÃO DE TRAVA<br> <br>COMPONENTES DA BIKE<br>- Quadro aro 29 Alumínio KSW XLT<br>- Suspensão de 100mm de Curso com Trava no Ombro<br>- Aros Aeros para Disco Folha Dupla<br>- Raios Zincados<br>- Pneus Aro 29 Faixa Beje Com Arame<br>- Camara de Ar Aro 29<br>- Jogo Direção Ahead Set<br>- Suporte Do guidão 31.8 Importado<br>- Guidão 31.8 MTB Importado<br>- Canote do Selim MTB Importado<br>- Pedal MTB Plataforma<br>- Arruela Calço para Ahead Set (1cm)<br>- Manopla MTB Comum<br>- Abraçadeira do Selim com Blocagem<br>- Selim MTB Básico<br>- Disco de Freio De 160mm Parafusos<br>- Freio a Disco Hidráulico Com Pinças e Pastilhas<br> <br>RELAÇÃO (TRANSMISSÃO DA BIKE)<br>- Cassete Indexado de 9v<br>- Roda Tripla De Alumínio Reforçada<br>- Trocador Indexado Semi Automático Rapid Fire de 9v<br>- Cambio Dianteiro 3v Indexado<br>- Cambio Traseiro 9v Indexado<br>- Cubos Com Blocagem Sistema Cassete<br> - Corrente Indexado 9v<br>- Jogo de Centro 122.5<br> <br>- Imagens da bicicleta são meramente ilustrativas.<br>- Algumas peças da bicicleta podem sofrer variações de cor e de modelo de acordo com o lote de importação.<br>- A Dias Bike não se responsabiliza por recolhimento obrigatório de impostos ICMS por st cobrado em alguns estados.<br>-Caso não haja alguém para receber o pedido no local de entrega, após as tentativas de entrega da transportadora, o frete do reenvio será de responsabilidade do comprador.<br>-Preço no site são exclusivos para venda online da loja virtual DIAS BIKE, os preços praticados em cada loja podem haver diferença entre os mesmos.<br>- Para as compras de bicicletas, as mesmas serão enviadas lubrificadas e pré-montadas, em função do transporte, a roda dianteira, guidão, selim e pedais são enviados soltos para encaixe.<br>- A garantia não Cobre Defeitos por Mau uso ou Pela Montagem Inadequada do Produto. A Montagem requer conhecimentos em mecânica e manutenção em bicicletas, por isso recomendamos que a montagem das Bicicletas seja feita por Profissionais do ramo em Oficina Especializada.<br>- Algumas Peças podem necessitar de regulagem ou alinhamento.<br>- A montagem, Regulagem e Alinhamento é por conta do comprador.<br>- A Garantia só será validada mediante a comprovação da montagem por um especialista, válida somente para o Primeiro proprietário.","{""tipo"":""Mountain Bike""}",,,,,,Mountain Bike,,,,,,,,,,,,,,,29,Não informado,KSW,Não informado,Não informado,MTB,Alumínio,XLT,29,27,Trava,Cubo K7,Não informado,Não informado,Não informado,Não informado,Não informado,Não informado,Freio Hidráulico,Disco Hidráulico,KSW,"[Azul,Preto]",Aro 29,,27 Marchas,,120kg,Freio a Disco,Alumínio,,Unissex,Mountain Bike,
cdtbikes||GTIPTOAZ17TIPO10,Bicicleta,Bicicleta Aro 29 GTI Roma Shimano 24v K7 Freio a Disco Hidráulico Garfo Com Trava - Preto/Azul,"<p>Bike aro 29, com quadro GTI ROMA, nova na caixa a pronta entrega, produto com ótima qualidade e acabamento, possui 24 marchas com sistema de alavancas rapid fire que a cada clique uma marcha é trocada, câmbio dianteiro e traseiro SHIMANO, Catraca do tipo k7 de encaixe, garfo com suspensão e sistema de trava para melhor performance, sistema de freio a disco hidráulico, pneus com cravo baixo para uso em terra e asfalto. Bicicleta pré montada, vai precisar apenas fixar a roda dianteira, guidão, selim e pedais.</p><p><br></p><p><br></p><p>Segue abaixo características da bike:</p><p><br></p><p>Quadro 29 GTI ROMA em Alumínio</p><p>Garfo 29 suspensão com Trava no Ombro</p><p>Suporte do guidão em alumínio preto</p><p>Guidão 31.8mm em alumínio preto</p><p>Canote do selim 27.2 em alumínio preto Com carrinho</p><p>Selim Sport preto</p><p>Abraçadeira do Selim alumínio Preto</p><p>Aros Aero Parede dupla reforçado</p><p>Raios Pretos</p><p>Cubos Pretos Alumínio para K7 com blocagens</p><p>Pneus 29 Com Cravo</p><p>Movimento central selado rolamentado</p><p>Freios a disco Hidráulicos com discos inox 160mm</p><p>Alavancas Semi-automáticas Rapid Fire Sunrun gta</p><p>Câmbio Traseiro SHIMANO TZ PRETO</p><p>Câmbio Dianteiro SHIMANO TZ PRETO</p><p>Corrente IndexPedivela Alumínio Triplo</p><p>Pedal Plataforma Nylon preto</p><p>Cassete K7 8v gta preto ou prata(ENCAXE)</p><p><br></p>","{""marca"":""GTI""}",,,GTI,,,,,,,,,,,,,,,,,,29,PretoAzul,GTI,Não informado,Não informado,Não informado,Alumínio,Roma,29,24,Com Trava,Rapid Fire,Não informado,Não informado,Não informado,Não informado,Não informado,Não informado,K7,Disco Hidráulico,GTI,"[Preto,Azul]",Aro 29,,24 Marchas,Dianteira,120kg,Freio a Disco,Alumínio,,,Mountain Bike,
entregabikes2||HLLMPTAZRO15,Bicicleta,Bicicleta Alumínio Aro 29 Highlevel Freios A Disco 21 Velo,"<p>Este modelo possui 21 marchas, os freios a disco mecânico com rotores de 160mm, suspensão com molas de 80mm. Guidão e mesa em alumínio 6061 completam o conjunto para ficar mais leve.</p> <p>Ideal no uso urbano.</p> <p>Descrição dos Componentes da Bicicleta:</p> <p>QUADRO - 29"" Alumínio 6061 temos todos os tamanhos 15,17,19 e 21”</p> <p>SUSPENSÃO DIANTEIRA - Espiga Reta</p> <p>CAIXA DE DIREÇÃO - Semi Integrada</p> <p>GUIDÃO - 700mm Reto em Alumínio 6061</p> <p>MESA - 80mm em Alumínio 6061</p> <p>MANOPLAS - Borracha Flexível</p> <p>TROCADORES - RevoShift Importado (luva)</p> <p>FREIOS - Mecânico com Disco de 160mm</p> <p>MANETES - Nylon</p> <p>CÂMBIO DIANTEIRO - Importado</p> <p>CÂMBIO TRASEIRO - Importado</p> <p>MOVIMENTO CENTRAL - Selado Rolamentado 122mm</p> <p>PEDIVELA - Triplo em Aço Indexado Revestido</p> <p>PEDAL - Plataforma em Nylon</p> <p>CORRENTE - 7v</p> <p>CATRACA - 7v Velocidades</p> <p>CANOTE DE SELIM - 27.2mm</p> <p>ABRAÇADEIRA SELIM - Alumínio 31,8mm</p> <p>SELIM - MTB</p> <p>RODAS - Aro Alumínio de Parede Dupla, Raios Aço preto, Cubos com Blocagem</p> <p>PNEU - MTB 29"" Cravo</p> <p>FOTOS ILUSTRATIVAS PARA A VISUALIZAÇÃO DAS CORES, A BIKE VAI CONFORME A DESCRIÇÃO.</p> <p>RECOMENDAÇÃO DE TAMANHOS</p> <p>Altura do ciclista: 1,55 até 1,65m – Tamanho de quadro 15""</p> <p>Altura do ciclista: 1,66 até 1,75m – Tamanho de quadro 17""</p> <p>Altura do ciclista: 1,76 até 1,85m – Tamanho de quadro 19""</p> <p>Altura do ciclista: 1,86 até 1,95m ou mais – Tamanho de quadro 21""</p> <p>MONTAGEM</p> <p>A bicicleta é montada e engraxada, porém, para acomodação na embalagem e transporte, algumas peças são enviadas desmontadas.</p> <p>A montagem é de responsabilidade do cliente e é necessário efetuar regulagem de câmbio ao receber o produto conforme o certificado de garantia enviado junto com a bike.</p> <p>GARANTIA:</p> <p>NÃO COBRE DEFEITOS POR MAU USO OU PELA MONTAGEM / REVISÃO INADEQUADA DO PRODUTO.</p> <p>A garantia será validada para as montadas e revisadas por uma oficina especializada e é referente apenas ao primeiro proprietário.</p> <p>A garantia não se aplica para os itens de desgaste natural, tais como: pneus, câmaras, cabos, sapatas de freio, centração de aros, pintura</p> <p>do quadro, componentes da transmissão (corrente, engrenagens do pedivela, engrenagens do cassete ou roda livre).</p> <p>TEMPO PARA MONTAGEM E ENVIO</p> <p>5 dias.</p> <p>PESO APROXIMADO</p> <p>15kg.</p>","{""cor"":""Preto, Azul"",""tamanho_do_quadro"":""15""}",,"Preto, Azul",,15,,,,,,,,,,,,,,,,,29,Não informado,Highlevel,151719 e 21,Não informado,Não informado,Alumínio,21 Velo,Não informado,21,com molas,Não informado,Não informado,Não informado,Não informado,urbano,Não informado,Não informado,Não informado,Disco,Highlevel Bikes,"[Preto,Azul,Rosa]",Aro 29,,21 Marchas,Dianteira,,Freio a Disco,Alumínio,,,Passeio,
diasbike||30692,Bicicleta,Bicicleta Aro 29 KSW 27V F. Hidráulico Shimano + K7 + Trava,"<p>Bicicleta Aro 29 KSW 27V F. Hidráulico Shimano + K7 + Trava</p><p><br></p><p><br></p><p>COMPONENTES DA BIKE</p><p><br></p><p>Quadro aro 29 Alumínio KSW XLT</p><p><br></p><p>Suspensão de 100mm de Curso com Trava no Ombro</p><p><br></p><p>Aros Aeros para Disco Folha Dupla</p><p><br></p><p>Raios Zincados</p><p><br></p><p>Pneus Aro 29 Faixa Beje Com Arame</p><p><br></p><p>Camara de Ar Aro 29</p><p><br></p><p>Jogo Direção Ahead Set</p><p><br></p><p>Suporte Do guidão 31.8 Importado</p><p><br></p><p>Guidão 31.8 MTB Importado</p><p><br></p><p>Canote do Selim MTB Importado</p><p><br></p><p>Pedal MTB Plataforma</p><p><br></p><p>Arruela Calço para Ahead Set (1cm)</p><p><br></p><p>Manopla MTB Comum</p><p><br></p><p>Abraçadeira do Selim com Blocagem</p><p><br></p><p>Selim MTB Básico</p><p><br></p><p>Disco de Freio De 160mm Parafusos</p><p><br></p><p>Freio a Disco Hidráulico Shimano Com Pinças e Pastilhas</p><p><br></p><p><br></p><p>RELAÇÃO (TRANSMISSÃO DA BIKE)</p><p><br></p><p>Cassete Indexado de 9v</p><p><br></p><p>Roda Tripla De Alumínio Reforçada</p><p><br></p><p>Trocador Indexado Semi Automático Rapid Fire de 9v</p><p><br></p><p>Cambio Dianteiro 3v Indexado</p><p><br></p><p>Cambio Traseiro 9v Indexado</p><p><br></p><p>Cubos Com Blocagem Sistema Cassete</p><p>Corrente Indexado 9v</p><p><br></p><p>Jogo de Centro 122.5</p><p><br></p><p><br></p><p>Imagens da bicicleta são meramente ilustrativas.</p><p><br></p><p>Algumas peças da bicicleta podem sofrer variações de cor e de modelo de acordo com o lote de importação.</p><p><br></p><p>A Dias Bike não se responsabiliza por recolhimento obrigatório de impostos ICMS por st cobrado em alguns estados.</p><p><br></p><p>-Caso não haja alguém para receber o pedido no local de entrega, após as tentativas de entrega da transportadora, o frete do reenvio será de responsabilidade do comprador.</p><p><br></p><p>-Preço no site são exclusivos para venda online da loja virtual DIAS BIKE, os preços praticados em cada loja podem haver diferença entre os mesmos.</p><p><br></p><p>Para as compras de bicicletas, as mesmas serão enviadas lubrificadas e pré-montadas, em função do transporte, a roda dianteira, guidão, selim e pedais são enviados soltos para encaixe.</p><p><br></p><p>A garantia não Cobre Defeitos por Mau uso ou Pela Montagem Inadequada do Produto. A Montagem requer conhecimentos em mecânica e manutenção em bicicletas, por isso recomendamos que a montagem das Bicicletas seja feita por Profissionais do ramo em Oficina Especializada.</p><p><br></p><p>Algumas Peças podem necessitar de regulagem ou alinhamento.</p><p><br></p><p>A montagem, Regulagem e Alinhamento é por conta do comprador.</p><p><br></p><p>A Garantia só será validada mediante a comprovação da montagem por um especialista, válida somente para o Primeiro proprietário.</p>","{""cor"":""Preto, Laranja"",""marca"":""KSW"",""modelo"":""MTB"",""tamanho_do_quadro"":""19""}",,"Preto, Laranja",KSW,19,,,,MTB,,,,,,,,,,,,,29,Não informado,KSW,Não informado,Não informado,MTB,Alumínio,27V F,29,27,Suspensão de 100mm de Curso com Trava no Ombro,Hidráulico Shimano  K7  Trava,Não informado,Não informado,Não informado,Não informado,Não informado,Não informado,Não informado,Disco Hidráulico,KSW,"[Preto,Laranja]",Aro 29,,27 Marchas,,,Freio a Disco,Alumínio,,,Mountain Bike,
marczakbikeparts||15873497056,Bicicleta,Bicicleta 29 Ksw Xlt Aluminio 21v Freio a Disco,"INFORMAÇÕES DO PRODUTO<br><br> A KSW possui 21 velocidades, freio a disco e um quadro em alumínio que torna a bicicleta super leve e macia para pedalar, oferece boa performance e desenvolvimento, bicicleta ideal para ir ao trabalho com economia, realizar tarefas do dia dia com rapidez e se aventurar em trilhas leves.<br> <br> ESPECIFICAÇÃO TÉCNICA<br> <br> QUADRO: KSW Aluminio<br> SUSPENSÃO: 80mm<br> MARCHAS: 21 velocidades<br> ALAVANCA DE CÂMBIO: Rapid Fire 7 velocidades Index<br> CÂMBIO DIANTEIRO: MTB 3 velocidades Index<br> CÂMBIO TRASEIRO: MTB 7 velocidades Index<br> CORRENTE: MTB 7 velocidades Index<br> PEDIVELA: Triplo Aço Recapado Index<br> RODA LIVRE : MTB 7 velocidades Index<br> MOV. CENTRAL: Rolamentado<br> CAIXA DE DIREÇÃO: AHEAD SET MTB<br> GUIDÃO: MTB Reto de Alumínio 31.8mm<br> SUPORTE DO GUIDÃO: MTB Alumínio 31.8mm<br> MANOPLA: Performance<br> FREIO: A disco mecânico<br> PEDAL: MTB Plataforma<br> SELIM: MTB<br> CANOTE DO SELIM: Aço 27.2<br> CUBOS: Esferados<br> AROS: AERO MTB PAREDE DUPLA<br>RAIOS: Preto em aço<br> PNEU: MTB 29x2.0<br> PESO: Aprox 14kg<br> <br> RECOMENDAÇÃO DE TAMANHOS<br> <br> Altura do ciclista: 1,55 até 1,65m – Tamanho de quadro 15""<br> Altura do ciclista: 1,66 até 1,76m – Tamanho de quadro 17""<br> Altura do ciclista: 1,77 até 1,87m – Tamanho de quadro 19""<br> Altura do ciclista: 1,88 até 1,98m ou mais – Tamanho de quadro 21""<br> <br> ENVIO: Após a finalização da compra o envio é realizado em 24 horas . Para acomodação da bicicleta na caixa é desencaixado o guidão, pedais e a roda dianteira.<br> MONTAGEM: A bicicleta deve ser montada em oficina de bicicletas para preservação da garantia, guarde a nota fiscal e comprovante do montagem<br> GARANTIA: NÃO COBRE DEFEITOS POR MAU USO OU PELA MONTAGEM / REVISÃO INADEQUADA DO PRODUTO.<br> período de garantia de 90 dias nos componentes. A garantia não se aplica para itens de desgaste natural, tais como: Pneu, câmaras, cabos, sapatas de freio, centragem de aros, pintura do quadro, componentes da transmissão (corrente, engrenagens do pedivela, engrenagens do cassete ou roda livre ). Bicicletas montadas sem mão de obra especializada não se enquadram na garantia ofertada pelo fabricante. Sendo obrigatório a primeira montagem dos componentes e conferencia das marchas ser realizada em oficina especializada","{""cor"":""Preto, Vermelho"",""tamanho_do_quadro"":""19""}",,"Preto, Vermelho",,19,,,,,,,,,,,,,,,,,29,Não informado,Ksw,Não informado,Não informado,MTB,Alumínio,Xlt,29,21,80mm,Não informado,Não informado,Não informado,Não informado,Não informado,Não informado,Não informado,Não informado,Disco Mecânico,KSW,"[Preto,Vermelho]",Aro 29,,21 Marchas,,,Freio a Disco,Alumínio,,,Passeio,
olistplus||O2EVP3Y6U8S46R1Q,Bicicleta,Bicicleta Infantil Groove Balance 12 Azl/Vrd/Preto,"Bicicleta infantil groove balance 12 azl/vrd/pto (012.08.201.3901) Bicicleta infantil groove balance 12 azl/vrd/pto (012.08.201.3901)A maneira de aprender a andar de bicicleta mudou. E agora a primeira bike das crianças pode ser uma groove com a mesma e tradicional qualidade de todos os seus produtos, a balance da groove tem quadro em aço, aro 12 com rodas raiadas e pneus de borracha com câmara, proporcionando muito mais segurança. E com regulagem ampla da altura do selim, a criança já pode começar a usá-la logo depois de dar os primeiros passos. Manopla bem confortável e com limitador para as mãos, a balance ainda conta com um apoio para os pés, que pode ser depois das primeiras equilibradas. Confira as quatro cores disponíveis.Imagens meramente ilustrativas.Esta bike é aprovada pelo inmetro.","{""cor"":""Preto"",""marca"":""Groove""}",,Preto,Groove,,,,,,,,,,,,,,,,,,12,Azul/Verde/Preto,Groove,Não informado,Infantil,Balance,Aço,Balance 12,Não informado,Não informado,Não informado,"Rodas raiadas, pneus de borracha com câmara, regulagem da altura do selim, manopla com limitador, apoio para os pés",Não informado,Não informado,Não informado,Não informado,Não informado,Não informado,Aprovado pelo Inmetro,Não informado,Groove,"[Azul,Verde,Preto]",Aro 12,8,,,20kg,V-Break,Aço de Carbono,,,Equilíbrio,
bikeshowvirtual||1107,Bicicleta,Bicicleta FIRST Smitt aro 29 - 21v Shimano Tourney - Freios a Disco,"*** Especificações ***<p><span><span><span>QUADRO E COMPONENTES</span><br>* Quadro: FIRST Smitt em alumínio 6061 direção <br>* Suspensão: GTA em alumínio com trava no ombro<br>* Guidão: GTA </span><span>em alumínio </span><br><span>* Suporte de Guidão (Mesa): GTA 31,8 mm em alumínio </span></span></p><p><span><span>* Caixa de direção: </span></span><span>SHUNFENG</span></p><p><span><span>* Selim: WG Sports Vazado<br>* Canote de Selim: GTA 27,2 mm em alumínio<br>* Abraçadeira de Selim: SHUNFENG em alumínio com blocagem de aperto rápido<br><br><span>GRUPO DE MARCHAS</span><br>* Alavancas (passadores): SHIMANO ALTUS 3 X 7</span><span> velocidades</span></span></p><p><span><span>* Pedivela: SHIMANO Triplo</span></span><br><span><span>* Movimento Central: </span></span><span>NECO cartucho selado</span><br><span><span>* Pedal: GT em nylon modelo plataforma<br>* Corrente: KMC Z7 7 velocidades<br>* Câmbio dianteiro: SHIMANO Tourney <br>* Câmbio traseiro: SHIMANO TX-800 Index<br>* Cassete (Roda Livre): SHIMANO Megarange TZ-500 14/34 dentes </span></span></p><p><br><span><span><span>RODAS</span><br>* Aros: V-ZAN Action 32 furos em alumínio parede dupla<br>* Raios: PACO aço zincado preto<br>* Cubos: GTA em alumínio 32 furos com blocagem de aperto rápido<br>* Pneus: LOTUS 29 X 2.10</span><br><span>* Câmaras: PACO Válvula americana (fina)<br><br><span>SISTEMA DE FREIOS</span><br>* Freios: PACO Disco Mecânico<br>* Discos de freios: PACO 160 mm em aço inox</span></span><br> </p> <p><span><span><span>Caso tenha mais dúvidas deste produto, entre em contato conosco através do nosso CHAT ou envie-nos um e-mail através do formulário de contato neste link: </span></span></span><span><span>https://</span></span><span>https://www.bikeshowvirtual.com.br/contato</span></p> ","{""cor"":""Preto"",""marca"":""GTA""}",,Preto,GTA,,,,,,,,,,,,,,,,,,29,Não informado,FIRST,Não informado,Não informado,Não informado,alumínio,Smitt,Não informado,21,com trava no ombro,Não informado,Não informado,Não informado,Não informado,Não informado,Não informado,Não informado,Não informado,Disco Mecânico,FIRST,Preto,Aro 29,,21 Marchas,,,Freio a Disco,Alumínio,,,,
mazibikeshop||15814455227,Bicicleta,Bicicleta aro 29 Highone Neo  Aro 29 Quadro 17 Alumínio preto/vermelho 21V .,"<p>COMPONENTES DA BIKE</p><p><br></p><p>Quadro aro 29 Alumínio </p><p>Suspensão de 80mm de Cursor</p><p><br></p><p>Aros Aeros para Disco Folha Dupla</p><p><br></p><p>Raios Zincados</p><p>Pneus Aro 29 Com Arame</p><p>Camara de Ar Aro 29</p><p><br></p><p>Jogo Direção Ahead Set</p><p>Suporte Do guidão 31.8 Importado</p><p>Guidão 31.8 MTB Importado</p><p>Canote do Selim MTB Importado</p><p>Pedal MTB Plataforma</p><p><br></p><p>Arruela Calço para Ahead Set (1cm)</p><p><br></p><p>Manopla MTB Comum</p><p><br></p><p>Abraçadeira do Selim com Blocagem</p><p>Selim MTB Básico</p><p><br></p><p>Disco de Freio De 160mm Parafusos</p><p>Freio a Disco Mecânico Com Pinças e Pastilhas</p><p><br></p><p><br></p><p><br></p><p> RELAÇÃO (TRANSMISSÃO DA BIKE)</p><p><br></p><p>Roda Livre Indexada de 7v</p><p><br></p><p>Roda Tripla De Aço Encapado Reforçada</p><p><br></p><p>Trocador Indexado Semi Automático Rapid Fire de 7v</p><p><br></p><p>Cambio Dianteiro indexado MTB 3v</p><p>Cambio Traseiro Indexado MTB 7v</p><p><br></p><p>Cubos Para RODA LIVRE</p><p>Corrente indexada de 7v</p><p>Jogo de Centro 122.5</p><p><br></p><p>Imagens da bicicleta são meramente ilustrativas.</p><p>Algumas peças da bicicleta podem sofrer variações de cor e de modelo de acordo com o lote de importação.</p><p>A Mazi Bike não se responsabiliza por recolhimento obrigatório de impostos ICMS por st cobrado em alguns estados.</p><p>-Caso não haja alguém para receber o pedido no local de entrega, após as tentativas de entrega da transportadora, o frete do reenvio será de responsabilidade do comprador.</p><p>-Preço no site são exclusivos para venda online da loja virtual Mazi Bike.</p><p>Para as compras de bicicletas, as mesmas serão enviadas lubrificadas e pré-montadas, em função do transporte, a roda dianteira, guidão, selim e pedais são enviados soltos para encaixe.</p><p>A garantia não Cobre Defeitos por Mau uso ou Pela Montagem Inadequada do Produto. A Montagem requer conhecimentos em mecânica e manutenção em bicicletas, por isso recomendamos que a montagem das Bicicletas seja feita por Profissionais do ramo em Oficina Especializada.</p><p>Algumas Peças podem necessitar de regulagem ou alinhamento.</p><p>A montagem, Regulagem e Alinhamento é por conta do comprador.</p><p>A Garantia só será validada mediante a NOTA FICAL comprovandoo a montagem por um especialista, válida somente para o Primeiro proprietário.</p><p>VERIFICAR O PRODUTO NA HORA DA ENTREGA SE TIVER AVARIA , FALTA DE PEÇA , CAIXA DANIFICADA , RASGADA OU ABERTA FAZER A RECUSA DO PRODUTO .</p>",{},,,,,,,,,,,,,,,,,,,,,29,pretovermelho,Highone,17,Não informado,Não informado,Alumínio,Neo,29,21V,80mm de Cursor,Não informado,Não informado,Não informado,Não informado,Não informado,Não informado,Não informado,Não informado,Disco Mecânico,Highone,"[Preto,Vermelho]",Aro 29,17,21 Marchas,,,Freio a Disco,Alumínio,,,,
diasbike||15944526683,Bicicleta,Bike Aro 29 Absolute Nero 4 21V 3x7 Freio Disco,<p>BICICLETA ARO 29 ABSOLUTE NERO 4 21V FREIO A DISCO </p><p><br></p><p>COMPONENTES DA BIKE </p><p><br></p><p>Quadro aro 29 Alumínio Absolute Nero 4 </p><p>Suspensão de 80mm de Cursor </p><p>Aros Aeros para Disco Folha Dupla </p><p>Raios Zincados </p><p>Pneus Aro 29 Com Arame </p><p>Camara de Ar Aro 29 </p><p>Jogo Direção Ahead Set </p><p>Suporte Do guidão 31.8 Importado </p><p>Guidão 31.8 MTB Importado </p><p>Canote do Selim MTB Importado </p><p>Pedal MTB Plataforma </p><p>Arruela Calço para Ahead Set (1cm) </p><p>Manopla MTB Comum </p><p>Abraçadeira do Selim com Blocagem </p><p>Selim MTB Básico </p><p>Disco de Freio De 160mm Parafusos </p><p>Freio a Disco Mecânico Com Pinças e Pastilhas </p><p><br></p><p>RELAÇÃO (TRANSMISSÃO DA BIKE) </p><p><br></p><p>Roda Livre Indexada de 7v </p><p>Roda Tripla De Aço Encapado Reforçada </p><p>Trocador Indexado Semi Automático Rapid Fire de 7v </p><p>Cambio Dianteiro Indexado MTB 3v </p><p>Cambio Traseiro Indexado MTB 7v </p><p>Cubos Para RODA LIVRE </p><p>Corrente indexada de 7v </p><p>Jogo de Centro 122.5</p>,"{""aro"":""29\"""",""cor"":""Preto, Vermelho""}","29""","Preto, Vermelho",,,,,,,,,,,,,,,,,,,29,Nero,Absolute,4,Não informado,Não informado,Alumínio,Nero 4,29,21,80mm,Não informado,Não informado,Não informado,Não informado,Não informado,Não informado,Não informado,Não informado,Disco,Absolute,"[Preto,Vermelho]",Aro 29,,21 Marchas,Dianteira,,Freio a Disco,Alumínio,,,Passeio,
bikeavenida||5600,Bicicleta,Bicicleta Aro 26 Feminina Beach 18 Marchas Violeta,"<p>Bicicleta Aro 26 Dalannio Bike Beach Feminina 18 Marchas Violeta </p><p>Quantidade de Marchas: 18 </p><p>Quadro: Aço Carbono </p><p>Cesta frontal de Aço </p><p>Freios: V-BRAKE Alumínio </p><p>Maçaneta: Alumínio </p><p>Alavanca de câmbio: 18v </p><p>Cambio traseiro: 18v</p><p>Cambio Dianteito: 18v</p><p>Selim: Largo com 2 molas</p><p>Aros: Aero </p><p>Raios: zincados </p><p>Cubos: ferro </p><p>Guidão: Alto emborrachado </p><p>Pneu: Slick</p><p><br></p><p><br></p><p><strong>Como você receberá a Bicicleta?</strong></p><p><br></p><p>Todas as Bicicletas são enviadas semi-montadas, com algumas partes desencaixadas/desmontadas para melhor acomodação na caixa. Caso tenha um conhecimento básico, você mesmo poderá montar a bicicleta, mas recomendamos que a montagem seja feita em uma oficina especializada, para garantir o máximo de desempenho e segurança.</p>","{""modalidade"":""18 Marchas"",""tamanho_do_quadro"":""18""}",,,,18,,,,,,,,,,,,18 Marchas,,,,,26,Violeta,Dalannio,Não informado,Feminina,Beach,Aço Carbono,Não informado,Não informado,18,Não informado,"Cesta frontal de Aço, Freios V-BRAKE Alumínio, Maçaneta Alumínio, Alavanca de câmbio 18v, Cambio traseiro 18v, Cambio Dianteito 18v, Selim Largo com 2 molas, Aros Aero, Raios zincados, Cubos ferro, Guidão Alto emborrachado, Pneu Slick",Não informado,Não informado,Não informado,Não informado,Não informado,Não informado,Não informado,V-BRAKE,Dalannio Bike,Violeta ,Aro 26,,18 Marchas,,,V-Break,Aço de Carbono,,Feminino,Passeio,
jade-shop||P2752,Bicicleta,Bicicleta Colli Bike GPS Aro 26 Freio a Disco  Branca,"BICICLETA GPS FREIO A DISCO DUPLA SUSPENSÃO ARO 26 21 MARCHAS<br><br>DESCRIÇÃO DO PRODUTO:<br>As bicicletas Colli Bike têm um belo design e são cheias de estilo e funcionalidades! Ideais para fazer passeios a qualquer hora com os amigos ou familiares e também para a prática de atividades esportivas. Possuem quadro em Aço Carbono, que garante leveza nas pedaladas, excelente desempenho e freios a disco hidráulicos para tornar as manobras mais seguras e precisas. Além disso, são resistentes e confortáveis. Agora os momentos de lazer serão mais divertidos e saudáveis. Ninguém é triste pedalando!<br><br>CARACTERÍSTICAS DO PRODUTO:<br>Marca: COLLI BIKE<br>Modelo: GPS 220<br>Quadro: 18<br>Marchas: 21<br>Tamanho do Aro: 26<br>Peso Suportado: Até 100Kg<br><br>ESPECIFICAÇÕES TÉCNICAS:<br>Quadro: Aço Carbono<br>Alavanca de Câmbio: Grip Shift Trocador na Luva <br>Câmbio: DIANTEIRO / TRASEIRO<br>Suspensão: Em alumínio 150 mm - mola<br>Freio: FREIO À DISCO<br>Disco de Freio: Dianteiro e Traseiro<br>Pedivela: Braço com ENGRANAGEM 34.7<br>Corrente: Fina Tec 1/2 x 3/32<br>Guidão: Em aço carbono c/manopla de borracha<br>Pedal: Rosca Grossa 9/16<br><br>DIMENSÕES DO PRODUTO:<br>Dimensões do produto Embalado:<br>Altura: 74 cm<br>Largura: 24 cm<br>Comprimento: 136 cm<br>Peso: 20,1 kg<br><br>Dimensões do Produto Montado: <br>Altura: 85 cm<br>Largura: 69 cm<br>Comprimento: 150 cm<br>Peso: 18 Kg<br><br>ITENS INCLUSOS:<br>- 01 Kit de Acessórios <br>- 01 Kit Selim<br>- 01 Canote<br>- 01 Pedais<br>- 01 Manual do Proprietário<br><br>","{""aro"":""26\"""",""cor"":""Branco"",""material_do_quadro"":""Aço"",""modelo"":""GPS"",""numero_de_marchas"":""21 Marchas"",""tipo_de_suspensao"":""Dupla Suspensão""}","26""",Branco,,,,,Aço,GPS,,21 Marchas,Dupla Suspensão,,,,,,,,,,26,Branca,COLLI BIKE,18,Não informado,Não informado,Aço Carbono,GPS 220,Não informado,21,Em alumínio 150 mm - mola,Não informado,Não informado,Não informado,Não informado,Não informado,Não informado,Até 100Kg,Não informado,FREIO À DISCO,Colli,Branco,Aro 26,18,21 Marchas,"[Dianteira,Traseira]",100kg,Freio a Disco,Aço de Carbono,,,Passeio,
diasbike||15841561557,Bicicleta,Bicicleta Aro 29 GTA NX 12V Freio Hidráulico K7 1x12 Trava,"BICICLETA ARO 29 12 Velocidades Relação 1X12 Freios Hidráulico k7 E TRAVA<br> <br>COMPONENTES DA BIKE<br> <br><br>Quadro aro 29 Alumínio<br>Suspensão de 100mm de Curso<br>Aros Aeros para Disco Folha Dupla<br>Raios Zincados<br>Pneus Aro 29 Com Arame<br>Câmara de Ar Aro 29<br>Jogo Direção Ahead Set<br>Suporte Do guidão 31.8<br>Guidão 31.8 MTB<br>Canote do Selim MTB<br>Pedal MTB Plataforma<br>Arruela Calço para Ahead Set (1cm)<br>Manopla MTB Comum<br>Abraçadeira do Selim com Blocagem<br>Selim MTB<br>Rotor de Freio De 160mm<br>Freio a Disco Hidráulico<br><br> <br>RELAÇÃO (TRANSMISSÃO DA BIKE)<br> <br><br>Cassete 12 Velocidades 11x50D GTA<br>Pedivela Single Two Pieces GTA<br>Trocador Indexado Semi Automático de 12V GTA<br>Cambio Traseiro Indexado MTB 12V GTA<br>Cubos Para com FreeHub para cassete<br>Corrente indexada de 12V<br>Jogo de Centro Hollowtech<br><br>Atenção, a marca da transmissão pode variar de acordo com o estoque, mas garantimos a mesma qualidade e desempenho.","{""cor"":""Preto, Laranja""}",,"Preto, Laranja",,,,,,,,,,,,,,,,,,,29,Não informado,GTA,Não informado,Não informado,MTB,Alumínio,NX,29,12,100mm de Curso,"Freio Hidráulico, Trava",Não informado,Não informado,Não informado,Não informado,Não informado,Não informado,Não informado,Hidráulico,GTA,"[Preto,Laranja]",Aro 29,,12 Marchas,,120kg,Freio a Disco,Alumínio,,,Mountain Bike,
diasjuniorbicicletas||TUFFAZAMAX25AROBCOTIPO4,Bicicleta,Bicicleta Aro 26 Vikingx Tuff Azul/Amarelo 21v Alumínio Câmbios Shimano Freio a Disco Hidráulicos Aros Vmaxx Branco,"<p>Bike aro 26, vikingx tuff, nova na caixa a pronta entrega, produto com ótima qualidade e acabamento, possui 21 marchas com sistema de alavancas rapid fire que a cada clique uma marcha é trocada, sistema de freio a disco hidráulico(óleo), câmbio dianteiro e traseiro Shimano Tz, pneus slick 1.5 com faixa branca. Bicicleta pré montada, vai precisar apenas fixar a roda dianteira, guidão, selim e pedais. Segue abaixo características da bike:</p><p><br></p><p>Quadro 26 VikingX Tuff em Alumínio</p><p>Garfo aço preto 60mm suspensão</p><p>Suporte do guidão em alumínio preto</p><p>Guidão 31.8mm em alumínio preto</p><p>Canote do selim 27.2 em alumínio preto Sem carrinho</p><p>Selim Pro-X Freeride ou Yamada Mtb (dependerá da disponibilidade no estoque)</p><p>Abraçadeira do Selim alumínio Preto</p><p>Aros Vmaxx Super reforçados</p><p>Raios Finos</p><p>Cubos Pretos</p><p>Pneus 26x1.5 Slick com faixa branca</p><p>Movimento central selado rolamentado</p><p>Freios a disco Hidráulicos com discos inox 160mm</p><p>Alavancas Semi-automáticas Rapid Fire</p><p>Câmbio Traseiro Shimano Tz</p><p>Câmbio Dianteiro Shimano Tz</p><p>Corrente Index</p><p>Pedivela Aço Revestido</p><p>Pedal Plataforma Nylon preto</p><p>Roda Livre 7v index dourado</p><p><br></p><p>Recomendamos que seja feita uma revisão por um técnico após a recebimento do produto, para reajuste e regulagem, pois no transporte pode acontecer de alguma peça soltar ou desregular</p><p>Fotos meramente ilustrativas</p>","{""marca"":""Shimano""}",,,Shimano,,,,,,,,,,,,,,,,,,26,AzulAmarelo,Vikingx Tuff,Não informado,Não informado,Não informado,Alumínio,Não informado,Não informado,21v,Não informado,Câmbios Shimano,Não informado,Não informado,Não informado,Não informado,Não informado,Não informado,Freio a Disco Hidráulicos Aros Vmaxx Branco,Disco Hidráulicos,Vikingx ,"[Azul,Amarelo]",Aro 26,,21 Marchas,,,Freio a Disco,Alumínio,,,,
brinkcenterecommerce||53075,Bicicleta,Bicicleta Aro 16 Apollo 2 - Nathor,"Bicicleta Aro 16 Apollo 2 - NathorA bicicleta Apollo II Aro 16 da Nathor vem com um diferencial que é o Aro em alumínio! Possui limitador de giro do guidão, importante característica que evita com que guidão dê uma volta completa e danifique o freio, além de preservar a integridade física da criança. Com freios V-Brake e maçaneta em Nylon, garante uma ótima rigidez, fazendo com que a frenagem seja mais eficiente por não sofrer deformação. Outro detalhe é que na hora que a criança quiser acionar o freio, a cor amarela fica destaque para não ter dúvidas para apertar o freio traseiro, garantindo assim a sua segurança. A bike tem ainda pneus com câmara, quadro em aço carbono e garrafinha. Essa bicicleta faz a alegria dos meninos que querem diversão e aventura.Características: Mesa Head-SetParalama em ABSAro em AlumínioLimitador de giro do guidãoMaçaneta em nylon reforçado e com ajuste do freioMovimento de direção com esferasArruela com trava de segurançaPneus com câmaraQuadro, garfo e guidão em aço carbonoAbraçadeira do selim em alumínioFreios V-brakeGarrafinhaIdade mínima recomendada: A partir de 5 a 8 anosTamanho da roda: 16Altura máxima recomendada: 110 – 120 cmPeso máximo recomendado: 30 kgPeso do produto: 9,5 KgPeso com a embalagem: 10,74 KgDimensões do produto (CxAxL): 107 cm x 69 cm x 53,5 cmDimensões da embalagem (CxAxL): 98 cm x 51 cm x 25 cmGarantia do Fabricante: 3 mesesGarantia do Vendedor: 7 diasProduto Novo, Original, Lacrado e Acompanhado de Nota Fiscal.","{""marca"":""Nathor""}",,,Nathor,,,,,,,,,,,,,,,,,,16,Não informado,Nathor,Não informado,Não informado,Não informado,Aço Carbono,Apollo 2,Não informado,Não informado,Não informado,"Limitador de giro do guidão, Freios V-Brake, Maçaneta em Nylon, Pneus com câmara, Quadro em aço carbono, Garrafinha",Não informado,Não informado,Não informado,Não informado,Não informado,30 kg,"Mesa Head-Set, Paralama em ABS, Aro em Alumínio, Maçaneta em nylon reforçado e com ajuste do freio, Movimento de direção com esferas, Arruela com trava de segurança, Abraçadeira do selim em alumínio, Garrafinha",V-Brake,Nathor,"[Preto,Azul]",Aro 16,,,,30kg,V-Break,Aço de Carbono,,,Passeio,
homepoint||SE2397,Bicicleta,Bicicleta Infantil Track Bikes Monny com Cestinha Aro 16 Rosa,"PRINCIPAIS CARACTERÍSTICAS:<br>A Monny da Track &amp; Bikes é uma bicicleta infantil produzida na cor rosa fluor com aro 16, quadro em aço carbono, possui freio V-Brake Nylon, acompanha rodinhas e cestinha, suporta até 30Kg e também certificação do INMETRO.<br><br>ESPECIFICAÇÕES DO PRODUTO:<br>• Aro: Tam. 16<br>• Quadro: T-Type Aço Carbono<br>• Garfo: Aço Carbono<br>• Guidão: Aço Carbono com Mesa Infantil<br>• Freios: V-Brake Nylon<br>• Selim: RVT Estofado<br>• Pedais: Nylon com Refletores<br>• Cobrecorrente: Plástico Semi Envolvente<br>• Segurança: Selo do INMETRO<br>• Carga Máxima: 30 Kg<br>• Rodas: Nylon Reforçadas<br>• Pneus: 16 passeio Preto<br>• Mov. Central: 45mm Monobloco<br>• Pedivela: Monobloco 115mm<br>• Corrente: Grossa<br><br>IMAGENS MERAMENTE ILUSTRATIVAS<br>","{""cor"":""Rosa"",""modelo"":""Monny""}",,Rosa,,,,,,Monny,,,,,,,,,,,,,16,Rosa,Track Bikes,Não informado,Infantil,Não informado,Aço Carbono,Monny,Não informado,Não informado,Não informado,"Cestinha, rodinhas",Não informado,Não informado,Não informado,Não informado,Não informado,30Kg,Freio V-Brake Nylon,V-Brake,Track Bikes ,Rosa ,Aro 16,,,Dianteira,30kg,V-Break,Aço de Carbono,Monny ,,Passeio,
southbikes||136010,Bicicleta,Bicicleta 29 KSW XLT 21 Marchas Freio a Disco Quadro Alumínio MTB,"<p>ESCOLHA O TAMANHO DO QUADRO:<br><br>Tamanho 15 indicado para pessoas com altura de 1,50 á 1,68;<br>Tamanho 17 indicado para pessoas com altura de 1,69 á 1,76;<br>Tamanho 19 indicado para pessoas com altura de 1,77 á 1,84;<br>Tamanho 21 indicado para pessoas com altura de 1,85 á 1,98.</p><p>Perfeita para mobilidade urbana e até mesmo passeios na natureza, a Raider Z3X-Pro 21v possui quadro em alumíno 6061, uma liga extremamente leve e resistente, equipada com 21 combinações de marcha que proporcionam desempenho em subidas, freios a disco que garantem a segurança nas frenagens e suspensão dianteira que proporciona conforto em terrenos irregulares.</p><p>Descrição dos Componentes:</p><p>Quadro Marca KSW - Modelo XLT Aro 29 em Alumínio 6061</p><p>Garfo Suspensão Aro 29<br><br></p><p>Câmbio Dianteiro Importado 3v</p><p>Câmbio Traseiro Importado 7v</p><p>Trocador de Marchas Revoshift Giratório - 21V</p><p>Pedivela Reduzido Em Aço</p><p>Catraca / Roda Livre 7v</p><p>Corrente 7V<br><br></p><p>Freio a Disco 160mm Preto - MECÂNICO</p><p>Cubos Aço p/ Disco 36f Preto com Blocagens</p><p>Aros Aero 36 Furos Folha Dupla Alumínio</p><p>Câmara de Ar 29 x 1.95 Bico Grosso</p><p>Pneu Aro 29 Cravo Baixo</p><p>Guidão Preto em Alumínio Expandido Reto</p><p>Suporte de Guidão / Mesa Preto em Alumínio</p><p>Canote de Selim Preto 27,2mm</p><p>Banco / Selim - Sport</p><p>Movimento Central Roller 122.5 Preto Selado</p><p>Movimento de Direção Over</p><p>OBSERVAÇÕES IMPORTANTES:</p><p>Envio por TRANSPORTADORA com LINK DE RASTREAMENTO;</p><p>MONTAGEM</p><p>Bicicleta pré-montada, revisada e devidamente embalada. Para melhor se acomodar na embalagem são retirados apenas: selim, pedais, guidão e roda dianteira.</p><p>A instalação (por simples aperto de parafusos allem e blocagens) é de responsabilidade do consumidor, orientamos para que seja efetuada por mão de obra especializada.</p><p>Por motivo de transporte e manuseio, haverá a necessidade de efetuar uma revisão (câmbios, freios) ao receber o produto.</p><p>GARANTIA - Fábrica / 3 Meses</p><p>NÃO COBRE DEFEITOS POR MAU USO OU PELA MONTAGEM / REVISÃO INADEQUADA DO PRODUTO.</p><p>A garantia será validada para as bicicletas montadas e revisadas por uma oficina especializada e é referente apenas ao primeiro proprietário.</p><p>A garantia não se aplica para os itens de desgaste natural, tais como: Pneu, câmaras, cabos, sapatas de freio, centragem de aros, pintura do quadro, componentes da transmissão (corrente, engrenagens do pé de vela, engrenagens do cassete)</p><p>OUTRAS OBSERVAÇÕES:</p><p>As fotos do anúncio são feitas com quadros do tamanho 17''.</p><p>A geometria do quadro (desenho) pode mudar conforme o tamanho escolhido alterando a inclinação do tubo superior quando quadro é 19 ou 21 deixando-o mais reto.</p><p>Pode haver alguma diferença de tonalidade entre a imagem e o produto real, por conta do tratamento de imagens e a calibração de cores da sua tela.</p><p>Dependendo o lote do produto, algumas peças podem ter cores diferentes da imagem, como: banco, manoplas, cassete.</p>","{""cor"":""Preto, Verde""}",,"Preto, Verde",,,,,,,,,,,,,,,,,,,29,Não informado,KSW,"15, 17, 19, 21",Não informado,MTB,Alumínio,XLT,29,21,Dianteira,Não informado,Não informado,Não informado,Não informado,Urbana,Não informado,Não informado,Não informado,Disco,KSW,"[Preto,Verde]",Aro 29,,21 Marchas,Dianteira,,Freio a Disco,Alumínio,,,Mountain Bike,
bikediasg5||32396,Bicicleta,Bicicleta 29 Absolute Nero 4 18 Velocidades 2x9 Hidráulico,"Dias Bike<br> <br>Bem vindo a Dias Bike! A Dias Bike é uma loja física e virtual que faz parte da família Dias Bike e Dias Moto Peças, que possuem mais de 10 lojas físicas e uma distribuidora atacadista, atuando no mercado de ciclismo a mais de 30 anos. A empresa comercializa bicicletas prontas, peças e acessórios para bicicletas em geral, tudo a sua disposição e com a comodidade de receber o produto em sua casa em qualquer lugar do Brasil com toda garantia de entrega e a certeza de sua satisfação.<br> <br>**Bike Indicada para Uso Urbano, Trilhas Leves e Medianas**<br> <br> <br>COMPONENTES DA BIKE<br> <br>- Quadro aro 29 Alumínio<br>- Suspensão de 80mm de curso<br>- Aros Aeros para Disco Folha Dupla<br>- Raios Zincados<br>- Pneus Aro 29 Com Arame<br>- Câmara de Ar Aro 29t<br>- Jogo Direção Ahead Set<br>- Suporte Do guidão 31.8<br>- Guidão 31.8 MTB<br>- Canote do Selim MTB <br>- Pedal MTB Plataforma<br>- Arruela Calço para Ahead Set (1cm)<br>- Manopla MTB Comum<br>- Abraçadeira do Selim com Blocagem<br>- Selim MTB <br>- Disco de Freio De 160mm Parafusos<br>- Freio a Disco Hidráulico Com Pinças e Pastilhas<br> <br>RELAÇÃO (TRANSMISSÃO DA BIKE)<br> <br>- Cassete 9 Velocidades 11-36D<br>- Roda Dupla De Aluminio 2 Velocidades<br>- Trocador Indexado Semi Automático Rapid Fire de 2x9V <br>- Cambio Dianteiro Indexado MTB 2V<br>- Cambio Traseiro Indexado MTB 9V <br>- Cubos Cassete<br>- Corrente indexada de 9V Indexada<br>- Jogo de Centro 122.5 Selado Rolamentado<br>","{""marca"":""Absolute"",""tamanho_do_quadro"":""19""}",,,Absolute,19,,,,,,,,,,,,,,,,,29,Nero,Absolute,4,Não informado,Não informado,Alumínio,Não informado,29,18,80mm,Não informado,Não informado,Não informado,Não informado,Urbano,Não informado,Não informado,Não informado,Hidráulico,Absolute,Laranja,Aro 29,,18 Marchas,,120kg,Freio a Disco,Alumínio,,Unissex,Passeio,
drwmontagem||0021,Bicicleta,Bicicleta aro 20 feminina Ceci Violeta-DRW BIKES,<p>Marca: Drw bikes</p><p>Peso máximo recomendado (kg): 80 kg</p><p>Tamanho do Aro: 20</p><p>Material Aro: Alumínio</p><p>Quadro: Aço Carbono Rebaixado</p><p>Garfo: Aço carbono</p><p>Guidão: Aço carbono</p><p>Freios: Freio V-brake Nylon</p><p>Manoplas: Borracha</p><p>Selim: Selly Royal</p><p>Pedivela: Monobloco 145mm</p><p>Pneus: 20x1.95 ou 1.75 (conforme o estoque)</p><p>Movimento Central: 45mm</p><p>Movimento Direção: Standard</p><p>Protetor de Eixo</p><p>Protetor de Porca do Parafuso de Selim</p><p>Protetor de Coroa</p>,"{""modelo"":""Ceci""}",,,,,,,,Ceci,,,,,,,,,,,,,20,Violeta,Drw bikes,Não informado,Feminina,Não informado,Aço Carbono,Ceci,Não informado,Não informado,Não informado,Não informado,Não informado,Não informado,Não informado,Não informado,Não informado,80 kg,Não informado,V-brake,Drw Bikes,Violeta ,Aro 20,,,,80kg,V-Break,Aço de Carbono,,Feminino,Passeio,
potencialbikes||k16ferrari21,Bicicleta,"Bicicleta Aro 29 Ksw 24 Marchas Shimano, Freios a Disco e K7","<p>Bicicleta ideal para uso urbano e trilhas leves.</p><p><br></p> <p><br></p><p>QUADRO : 29"" Alumínio 6061</p><p><br></p><p>SUSPENSÃO : Cursor de 80mm sem trava</p><p><br></p><p>CAIXA DE DIREÇÃO : Semi Integrada</p><p><br></p><p>GUIDÃO : Reto ou Curvo em Alumínio 6061</p><p><br></p><p>MESA : 80mm em Alumínio 6061</p><p><br></p><p>MANOPLAS : Borracha Flexível</p><p><br></p><p>TROCADORES : Importado 3 / 8v</p><p><br></p><p>FREIOS : Mecânico a Disco de 160mm</p><p><br></p><p>CÂMBIO DIANTEIRO : Shimano Tourney</p><p><br></p><p>CÂMBIO TRASEIRO : Shimano Tourney</p><p><br></p><p>PEDIVELA : Aço Carbono Revestido</p><p><br></p><p>PEDAL : Plataforma em Nylon</p><p><br></p><p>CORRENTE : Indexada de 8v</p><p><br></p><p>CASSETE: 8 Velocidades</p><p><br></p><p>CANOTE DE SELIM : 27.2mm em Alumínio 6061</p><p><br></p><p>SELIM : PU com trilho de regulagem</p><p><br></p><p>Aros : Race de Parede Dupla</p><p><br></p><p>PNEU : MTB 29 Cravo</p><p><br></p> <p><br></p> <p><br></p><p>OBSERVAÇÕES:</p><p><br></p> <p><br></p><p>Imagens Ilustrativas. Pode haver alguma diferença de tonalidade entre a imagem e o produto real, por conta do tratamento de imagens e a calibração de cores do seu monitor ou celular!</p><p><br></p><p>As fotos do anúncio são feitas com quadros do tamanho 17.</p><p><br></p><p>A geometria do quadro (desenho) pode mudar conforme o tamanho escolhido alterando a inclinação do tubo superior quando quadro é 21 deixando-o mais reto.</p><p><br></p><p>Imagens meramente ilustrativas, podendo ter variação de peças de acordo com nosso estoque, sempre com qualidade igual ou superior!</p><p><br></p><p>Enviamos a bicicleta pré-montada, devidamente embalada, para melhor se acomodar na embalagem de transporte são retirados apenas: selim, pedais, guidão e roda dianteira.</p><p><br></p><p>NÃO COBRE DEFEITOS POR MAU USO OU PELA MONTAGEM / REVISÃO INADEQUADA DO PRODUTO.</p><p><br></p><p>A garantia será validada para as bicicletas montadas e revisadas por uma oficina especializada e é referente apenas ao primeiro proprietário.</p><p><br></p><p>A garantia não se aplica para os itens de desgaste natural, tais como: Pneu, câmaras, cabos, sapatas de freio, centragem de aros, pintura do quadro, componentes da transmissão (corrente, engrenagens do pé de vela, engrenagens do cassete)</p>","{""cor"":""Vermelho, Preto"",""tipo"":""Mountain Bike""}",,"Vermelho, Preto",,,,Mountain Bike,,,,,,,,,,,,,,,29,Não informado,Ksw,Não informado,Não informado,Não informado,Alumínio,Não informado,Não informado,24,Cursor de 80mm sem trava,Não informado,Não informado,Não informado,Não informado,Urbano e trilhas leves,Não informado,Não informado,Não informado,Disco,KSW,"[Vermelho,Preto]",Aro 29,17,24 Marchas,Dianteira,,Freio a Disco,Alumínio,,,Passeio,
diasbike||15955980111,Bicicleta,Bike 29 Absolute 27V Kit Alivio Hidráulico Trava no Guidão,"BICICLETA ARO 29 27V GRUPO SHIMANO ALIVIO FREIOS A DISCO HIDRÁULICO CUBOS K7 E SUSPENSÃO COM TRAVA NO GUIDÃO<br> <br>COMPONENTES DA BIKE<br><br>Quadro aro 29 Alumínio<br>Suspensão de 100mm de Curso com Trava no Guidão<br>Aros Aeros para Disco Folha Dupla<br>Raios Zincados<br>Pneus Aro 29 Com Arame<br>Câmara de Ar Aro 29<br>Jogo Direção Ahead Set<br>Suporte Do guidão 31.8<br>Guidão 31.8 MTB<br>Canote do Selim MTB<br>Pedal MTB Plataforma para Testes<br>Arruela Calço para Ahead Set (1cm)<br>Manopla MTB Comum<br>Abraçadeira do Selim com Blocagem<br>Selim MTB<br>Disco de Freio De 160mm Parafusos<br>Freio a Disco Hidráulico Shimano Alivio Com Pinças e Pastilhas<br><br>RELAÇÃO (TRANSMISSÃO DA BIKE)<br><br><br>Cassete Indexado de 9 Velocidades 11-36D Shimano<br>Pedivela Alumínio Reforçado 3v Shimano MT101<br>Trocador Indexado Semi Automático Rapid Fire de 3x9v Shimano Alivio M4050<br>Cambio Dianteiro 3v Indexado Shimano Altus<br>Cambio Traseiro 9v Indexado Shimano Alivio M3100<br>Cubos Com Blocagem Sistema Cassete<br>Corrente Indexado Shimano HG53 9 Velocidades<br>Jogo de Centro 122.5 selado rolamentado<br><br><br> <br><br>Imagens da bicicleta são meramente ilustrativas.<br>Algumas peças da bicicleta podem sofrer variações de cor e de modelo de acordo com o lote de importação.<br>A Dias Bike não se responsabiliza por recolhimento obrigatório de impostos ICMS por ST cobrado em alguns estados.<br>Caso não haja alguém para receber o pedido no local de entrega, após as tentativas de entrega da transportadora, o frete do reenvio será de responsabilidade do comprador.<br>Preço no site são exclusivos para venda online da loja virtual DIAS BIKE, os preços praticados em cada loja podem haver diferença entre os mesmos.<br>Para as compras de bicicletas, as mesmas serão enviadas lubrificadas e pré-montadas, em função do transporte, a roda dianteira, guidão, selim e pedais são enviados soltos para encaixe.<br>A garantia não Cobre Defeitos por Mau uso ou Pela Montagem Inadequada do Produto. A Montagem requer conhecimentos em mecânica e manutenção em bicicletas, por isso recomendamos que a montagem das Bicicletas seja feita por Profissionais do ramo em Oficina Especializada.<br>Algumas Peças podem necessitar de regulagem ou alinhamento.<br>A montagem, Regulagem e Alinhamento é por conta do comprador.<br>A Garantia só será validada mediante a comprovação da montagem por um especialista, válida somente para o Primeiro proprietário.<br>","{""cor"":""Laranja, Preto""}",,"Laranja, Preto",,,,,,,,,,,,,,,,,,,29,Não informado,Absolute,Não informado,Não informado,Não informado,Alumínio,27V,29,27,Com Trava no Guidão,Hidráulico,Não informado,Não informado,Não informado,MTB,Não informado,Não informado,Trava no Guidão,Disco Hidráulico,Absolute,"[Laranja,Preto]",Aro 29,,27 Marchas,,,Freio a Disco,Alumínio,,,,
flexbikes2||2503-26317,Bicicleta,Bicicleta Infantil Feminina Aro 16 Nylon + Kit Proteção,"A Bicicleta Infantil Feminina Aro 16 FlexBikes Nylon é a melhor opção para garantir a diversão nos passeios de bike, com conforto e segurança. Recomendada para meninas de 3 a 4 anos pesando até 25 kg, possui diversas combinações de cores para a criança escolher a sua favorita.<br><br>Conta com itens de segurança certificados pelo Inmetro, banco (selim) confortável, para-lamas para proteger contra respingos, cestinha, protetor de coroa e rodinhas laterais para auxiliar na fase de aprendizagem.<br><br> <br>Acessórios<br><br>Confira os acessórios inclusos no Kit Proteção:<br><br>- 01 Garrafinha de água<br>Garrafa 250 ml de plástico com suporte.<br><br>- 01 Buzina<br>Buzina de plástico que emite som ao apertar.<br><br>- 01 Retrovisor<br>Retrovisor de plástico com espelho.<br><br>- 01 par de Joelheiras e Cotoveleiras<br>Tamanho único de uso infantil. Possui espuma interna para reduzir impactos.<br><br>- 01 par de Luvas<br>Tamanho único de uso infantil. Palma em material sintético com parte interna almofadada.<br><br>- 01 Capacete<br>Tamanho único de uso infantil. O capacete é ajustável, com regulagem de diâmetro de 48 a 54 cm. Material: EPS preto com revestimento em PVC.<br><br>Obs: o capacete possui regulagem de diâmetro. Com uma fita métrica, meça a circunferência da cabeça da criança passando a fita na altura da testa, rente a sobrancelha e acima da orelha. Se a medida obtida for entre 48 a 54 centímetros, o capacete servirá nela.<br><br><br>Detalhes modelo Aro 16 Nylon<br><br>A Bicicleta Aro 16 FlexBikes Nylon possui estrutura firme e segura, com quadro, garfo e guidão em aço. Conta com freios v-brake de fácil acionamento e protetor de coroa para proteger a criança nas pedaladas. Esse modelo possui rodas de nylon coloridas, e os componentes acompanham a cor das rodas, trazendo beleza e charme para o produto.<br><br><br>Montagem<br><br>A bicicleta é enviada de forma pré-montada devido a acomodação na caixa para transporte. Os seguintes itens serão desencaixados: guidão, pedais, rodas dianteira e traseira, cesta e rodinhas laterais.<br><br>A montagem e revisão final são responsabilidade do comprador, e recomendamos que seja realizada por um profissional especializado para garantir a segurança e desempenho do usuário.<br><br> <br>Guia de tamanho<br><br>Para escolher o tamanho ideal, é preciso medir a altura do cavalo e levar em consideração o peso da criança, não se limitando a faixa etária sugerida. A altura do cavalo é a distância em cm da região que vai apoiada no banco da bicicleta (virilha) até a sola dos pés.<br><br>Com uma fita métrica, tire essa medida por dentro da perninha da criança e compare com as recomendações abaixo:<br><br>Aro 16 - crianças com altura do cavalo de 53 cm à 63,5 cm - pesando até 25 kg<br>Aro 20 - crianças com altura do cavalo de 58 cm à 70 cm - pesando até 38 kg<br>Aro 24 - crianças com altura do cavalo de 68 cm à 80 cm - pesando até 56 kg<br><br>As medidas acima auxiliam a saber se a criança vai conseguir pôr os pés no chão e se a bicicleta é compatível com ela.<br><br>Obs: caso fique entre dois tamanhos de aro, considere se a medida do cavalo ou peso da criança estão muito próximos do limite, nesse caso escolha o tamanho maior.<br><br><br>Detalhes da compra<br><br>- Imagens meramente ilustrativas.<br>- Devido a calibração de cores do seu monitor ou aparelho celular, e do tratamento de imagens, pode haver diferença de tonalidade entre as imagens e o produto real.<br>- Os componentes da bicicleta e acessórios poderão sofrer alterações de modelo e cor conforme disponibilidade de estoque e fabricação, sem aviso prévio.","{""aro_de_roda"":""16\"""",""cor"":""Branco, Vermelho"",""genero"":""Feminino""}",,"Branco, Vermelho",,,Feminino,,,,"16""",,,,,,,,,,,,16,Não informado,FlexBikes,Não informado,Feminino,Infantil,Aço,Nylon,Não informado,Não informado,Não informado,"Freios v-brake, Protetor de coroa",Não informado,Não informado,Não informado,Não informado,Não informado,25 kg,"Rodinhas laterais, Cestinha, Para-lamas",V-brake,FlexBikes,"[Branco,Vermelho]",Aro 16,,,,25kg,V-Break,Aço de Carbono,,,Passeio,
diasbike||23865,Bicicleta,Bicicleta aro 29 KOG 27V Freio Hidráulico k7 Trava no Guidão,"KOG<br> <br>A KOG é uma marca da Dias Bike, baseada em toda a experiencia acumulada ao longo de mais de 30 anos no mercado de ciclismo e motocicletas. A experiencia nos permitiu desenvolver bicicletas que com um ótimo custo benefício, tanto para pedais urbanos para te levar a todos os lugares, como também bicicletas prontas para encarar os mais diversos obstáculos em uma trilha. A KOG foi pensada e desenvolvida especialmente para quem está iniciando no Mountain Bike e conciliando conforto e desempenho.<br> <br> <br>**Bike Indicada para Uso Urbano, Trilhas Leves e Medianas**<br> <br> <br>COMPONENTES DA BIKE<br> <br>- Quadro aro 29 Alumínio<br>- Suspensão de 100mm com Trava no Guidão<br>- Aros Aeros para Disco Folha Dupla<br>- Raios Zincados<br>- Pneus Aro 29 Com Arame<br>- Câmara de Ar Aro 29t<br>- Jogo Direção Ahead Set<br>- Suporte Do guidão 31.8<br>- Guidão 31.8 MTB<br>- Canote do Selim MTB <br>- Pedal MTB Plataforma<br>- Arruela Calço para Ahead Set (1cm)<br>- Manopla MTB Comum<br>- Abraçadeira do Selim com Blocagem<br>- Selim MTB <br>- Disco de Freio De 160mm Parafusos<br>- Freio a Disco Hidráulico Com Pinças e Pastilhas<br> <br>RELAÇÃO (TRANSMISSÃO DA BIKE)<br> <br>- Cassete 9 Velocidades 11-36D<br>- Roda Tripla De Aluminio 3 Velocidades<br>- Trocador Indexado Semi Automático Rapid Fire de 3x9V <br>- Cambio Dianteiro Indexado MTB 3V<br>- Cambio Traseiro Indexado MTB 9V <br>- Cubos Cassete<br>- Corrente indexada de 9V Indexada<br>- Jogo de Centro 122.5 Selado Rolamentado<br> <br>Dias Bike<br> <br>Bem vindo a Dias Bike! A Dias Bike é uma loja física e virtual que faz parte da família Dias Bike e Dias Moto Peças, que possuem mais de 10 lojas físicas e uma distribuidora atacadista, atuando no mercado de ciclismo a mais de 30 anos. A empresa comercializa bicicletas prontas, peças e acessórios para bicicletas em geral, tudo a sua disposição e com a comodidade de receber o produto em sua casa em qualquer lugar do Brasil com toda garantia de entrega e a certeza de sua satisfação.","{""cor"":""Preto, Amarelo"",""tamanho_do_quadro"":""15"",""tipo"":""Mountain Bike""}",,"Preto, Amarelo",,15,,Mountain Bike,,,,,,,,,,,,,,,29,Não informado,KOG,Não informado,Não informado,Mountain Bike,Alumínio,Não informado,29,27,100mm com Trava no Guidão,Não informado,Não informado,Não informado,Não informado,Urbano,Não informado,Não informado,Não informado,Hidráulico,KOG,"[Preto,Amarelo]",Aro 29,,27 Marchas,Dianteira,120kg,Freio a Disco,Alumínio,,Unissex,Mountain Bike,
bikediasg5||34172,Bicicleta,Bicicleta Speed Road Aro 700 KSW Com Shimano Claris 2x8 16v,<p>Bicicleta Speed Road Aro 700 KSW Com Shimano Claris STI 2x8 16v</p><p><br></p><p><br></p><p>COMPONENTES DA BIKE</p><p><br></p><p><br></p><p>Quadro aro 700 KSW 300 Alumínio</p><p><br></p><p>Garfo Dianteiro Over Head Set KSW</p><p><br></p><p>Aros Aeros para Disco Folha Dupla</p><p><br></p><p>Raios Zincados</p><p><br></p><p>Pneus Aro 700x23 Com Arame</p><p><br></p><p>Camara de Ar Aro 700</p><p><br></p><p>Jogo Direção Tapered off Over Head Set</p><p><br></p><p>Suporte Do guidão 31.8 em Alumínio</p><p><br></p><p>Guidão 31.8 Importado</p><p><br></p><p>Canote do Selim em Alumínio</p><p><br></p><p>Pedal</p><p><br></p><p>Arruela Calço para Ahead Set (1cm)</p><p><br></p><p>Fita de Guidão</p><p><br></p><p>Abraçadeira do Selim com Blocagem</p><p><br></p><p>Selim</p><p><br></p><p>Disco de Freio De 160mm Shimano Center Lock</p><p><br></p><p>Freio a Disco Mecânico Com Pinças e Pastilhas</p><p><br></p><p><br></p><p>RELAÇÃO (TRANSMISSÃO DA BIKE)</p><p><br></p><p><br></p><p>Cassete Indexada de 8v Shimano HG50 11-28D</p><p><br></p><p>Pedivela em Alumínio Shimano Claris FC R2000 50/34D</p><p><br></p><p>Trocador Indexado 2x8v STI Shimano Claris ST R2000</p><p><br></p><p>Cambio Dianteiro Indexado 2v Shimano Claris FD R2000</p><p><br></p><p>Cambio Traseiro Indexado 7v Shimano Claris RD R2000</p><p><br></p><p>Cubos Cassete Shimano Center Lock</p><p><br></p><p>Corrente indexada de 8v Shimano HG40</p><p><br></p><p>Jogo de Centro Shimano Hollowtech</p>,"{""marca"":""KSW"",""tipo"":""Speed""}",,,KSW,,,Speed,,,,,,,,,,,,,,,700,Não informado,KSW,Não informado,Não informado,Speed,Alumínio,Não informado,700,16,Não informado,Não informado,Não informado,Não informado,Não informado,Road,Não informado,Não informado,Não informado,Disco Mecânico,KSW,"[Grafite,Branco]",Aro 700,,16 Marchas,,120kg,Freio a Disco,Alumínio,,,Speed,
brandbikes||10058,Bicicleta,Bicicleta Aro 29 Ravok Alumínio 24 Velocidades Freio A Disco Shimano,"<p>A Bicicleta Aro 29 Ravok foi desenvolvida para quem quer realizar passeios e pegar trilhas leves. Com seu quadro em alumínio 6061, fornece segurança e leveza no seu pedal.</p><p>O modelo possui 24 velocidades com trocadores v-fire (alavanca) que facilitam as trocas entre catracas, freio a disco mecânico que proporciona segurança nas frenagens e suspensão dianteira para um passeio confortável em diversos tipos de terrenos.</p><p>Disponível em diversas cores que garante um estilo próprio para você.</p><p><br></p><p>Veja abaixo a descrição detalhada dos componentes:</p><p>QUADRO: Alumínio 6061.</p><p>SUSPENSÃO: Aro 29</p><p>TROCADOR: V-Fire 24v</p><p>CÂMBIO TRASEIRO: SHIMANO TOURNEY TZ31</p><p>Câmbio dianteiro: Paco 3v</p><p>RODA LIVRE: catraca 8v index</p><p>PEDIVELA: Triplo em aço revestido 24/34/42 index</p><p>CORRENTE: index 24v</p><p>FREIOS: Disco 160mm - Mecânico</p><p>CUBOS: 36 Furos em Aço - Esferados com brocagem</p><p>AROS: Aero em alumínio parede dupla 36f</p><p>PNEUS: Aro 29 x 2,10 MTB cravo baixo</p><p>CÂMARA DE AR: 29 x 1.95 bico grosso</p><p>MOVIMENTO CENTRAL: Roller 122.5 Preto Selado</p><p>MOVIMENTO DE DIREÇÃO: Aheadset Preto semi integrado</p><p>ESPAÇADOR: Aheadset Em Alumínio</p><p>GUIDÃO: Reto expandido em alumínio - Preto</p><p>SUPORTE DE GUIDÃO: Preto em Alumínio 31,8mm</p><p>CANOTE DE SELIM: Preto em Alumínio 27,2x350mm</p><p>BANCO / SELIM: Sport PU MTB</p><p>ABRAÇADEIRA: C/ Blocagem 31,8mm em Alumínio Preto</p><p>PEDAL: Nylon plataforma preto</p><p><br></p><p>OBS: BIKE VAI CONFORME DESCRIÇÃO</p><p><br></p><p>RECOMENDAÇÃO DE TAMANHOS</p><p>Altura do ciclista: 1,65 até 1,71m – Tamanho de quadro 15""</p><p>Altura do ciclista: 1,72 até 1,76m – Tamanho de quadro 17""</p><p>Altura do ciclista: 1,77 até 1,82m – Tamanho de quadro 19""</p><p>Altura do ciclista: 1,83 até 1,90m ou mais – Tamanho de quadro 21""</p><p><br></p><p>OBSERVAÇÕES IMPORTANTES:</p><p><br></p><p>A bicicleta é montada, porém, para acomodação na embalagem e transporte, algumas peças são enviadas desmontadas.</p><p>A instalação é de responsabilidade do consumidor, orientamos que seja efetuada por mão de obra especializada.</p><p>Por motivo de transporte e manuseio, pode haver a necessidade de efetuar uma revisão (câmbios, freios) ao receber o produto.</p><p>GARANTIA - Fábrica / 3 Meses</p><p>NÃO COBRE DEFEITOS POR MAU USO OU PELA MONTAGEM / REVISÃO INADEQUADA DO PRODUTO.</p><p>A garantia será validada para as bicicletas montadas e revisadas por uma oficina especializada e é referente apenas ao primeiro proprietário.</p><p>A garantia não se aplica para os itens de desgaste natural tais como: Pneu, câmaras, cabos, pastilhas de freio, centragem de aros, pintura do quadro, componentes da transmissão (corrente, engrenagens do pedivela, engrenagens do cassete ou roda livre).</p><p>.</p><p>OUTRAS OBSERVAÇÕES:</p><p>As fotos do anúncio são feitas com quadros do tamanho 17''.</p><p>A geometria do quadro (desenho) pode mudar conforme o tamanho escolhido alterando a inclinação do tubo superior.</p><p>Pode haver alguma diferença de tonalidade entre a imagem e o produto real, por conta do tratamento de imagens e a calibração de cores da sua tela.</p><p>Dependendo o lote do produto, algumas peças podem ter cores diferentes da imagem.</p><p><br></p>","{""aro"":""29\"""",""cor"":""Azul"",""marca"":""Shimano"",""material_do_quadro"":""Alumínio"",""modelo"":""MTB""}","29""",Azul,Shimano,,,,Alumínio,MTB,,,,,,,,,,,,,29,Não informado,Ravok,Não informado,Não informado,MTB,Alumínio,Não informado,29,24,Dianteira,Não informado,Não informado,Não informado,Não informado,Passeio e Trilhas Leves,Não informado,Não informado,Não informado,Disco Mecânico,Ravok,Azul,Aro 29,,24 Marchas,Dianteira,,Freio a Disco,Alumínio,,Unissex,Mountain Bike,
diasbike||15955801075,Bicicleta,Bike Aro 29 Alfameq 27V Kit Alivio Hidráulico Trava Guidão,"<p>BICICLETA ARO 29 27V GRUPO SHIMANO ALIVIO FREIOS A DISCO HIDRÁULICO CUBOS K7 E SUSPENSÃO COM TRAVA NO GUIDÃO</p><p><br></p><p>COMPONENTES DA BIKE</p><p><br></p><p>Quadro aro 29 Alumínio</p><p>Suspensão de 100mm de Curso com Trava no Guidão</p><p>Aros Aeros para Disco Folha Dupla</p><p>Raios Zincados</p><p>Pneus Aro 29 Com Arame</p><p>Câmara de Ar Aro 29</p><p>Jogo Direção Ahead Set</p><p>Suporte Do guidão 31.8</p><p>Guidão 31.8 MTB</p><p>Canote do Selim MTB</p><p>Pedal MTB Plataforma para Testes</p><p>Arruela Calço para Ahead Set (1cm)</p><p>Manopla MTB Comum</p><p>Abraçadeira do Selim com Blocagem</p><p>Selim MTB</p><p>Disco de Freio De 160mm Parafusos</p><p>Freio a Disco Hidráulico Shimano Alivio Com Pinças e Pastilhas</p><p><br></p><p>RELAÇÃO (TRANSMISSÃO DA BIKE)</p><p><br></p><p>Cassete Indexado de 9 Velocidades 11-36D Shimano</p><p>Pedivela Alumínio Reforçado 3v Shimano MT101</p><p>Trocador Indexado Semi Automático Rapid Fire de 3x9v Shimano Alivio M4050</p><p>Cambio Dianteiro 3v Indexado Shimano Altus </p><p>Cambio Traseiro 9v Indexado Shimano Alivio M3100</p><p>Cubos Com Blocagem Sistema Cassete</p><p>Corrente Indexado Shimano HG53 9 Velocidades</p><p>Jogo de Centro 122.5 selado rolamentado</p><p><br></p><p><br></p><p>Imagens da bicicleta são meramente ilustrativas.</p><p>Algumas peças da bicicleta podem sofrer variações de cor e de modelo de acordo com o lote de importação.</p><p>A Dias Bike não se responsabiliza por recolhimento obrigatório de impostos ICMS por ST cobrado em alguns estados.</p><p>Caso não haja alguém para receber o pedido no local de entrega, após as tentativas de entrega da transportadora, o frete do reenvio será de responsabilidade do comprador.</p><p>Preço no site são exclusivos para venda online da loja virtual DIAS BIKE, os preços praticados em cada loja podem haver diferença entre os mesmos.</p><p>Para as compras de bicicletas, as mesmas serão enviadas lubrificadas e pré-montadas, em função do transporte, a roda dianteira, guidão, selim e pedais são enviados soltos para encaixe.</p><p>A garantia não Cobre Defeitos por Mau uso ou Pela Montagem Inadequada do Produto. A Montagem requer conhecimentos em mecânica e manutenção em bicicletas, por isso recomendamos que a montagem das Bicicletas seja feita por Profissionais do ramo em Oficina Especializada.</p><p>Algumas Peças podem necessitar de regulagem ou alinhamento.</p><p>A montagem, Regulagem e Alinhamento é por conta do comprador.</p><p>A Garantia só será validada mediante a comprovação da montagem por um especialista, válida somente para o Primeiro proprietário.</p>","{""cor"":""Preto, Laranja""}",,"Preto, Laranja",,,,,,,,,,,,,,,,,,,29,Não informado,Alfameq,Não informado,Não informado,MTB,Alumínio,Não informado,29,27,Com Trava no Guidão,Trava Guidão,Não informado,Não informado,Não informado,Não informado,Não informado,Não informado,Não informado,Disco Hidráulico,Alfameq,"[Preto,Laranja]",Aro 29,,27 Marchas,,120kg,Freio a Disco,Alumínio,,Unissex,Mountain Bike,
bikemais||f63684407ae111ec911d4201ac18503a,Bicicleta,Bicicleta aro 20 Harmony - Cambio Shimano 6v - Nathor,"Exclusividade em Design e SegurançaIndicada para crianças a partir de 7 anos ou com altura entre 1,20m e 1,50m.Conforto, segurança e muitas aventuras!As bicicletas aro 20 com marcha Nathor garantem máxima segurança e conforto a cada pedalada!Possuem regulagem de ângulo do guidão (se adapta à postura do ciclista), movimento central avançado (mais facilidade para pedalar) e freios v-brake dianteiro e traseiro.Conta também com pezinho de descanso, protetor de corrente, pneus com câmara, quadro em aço carbono e aro em alumínio, diferenciais que levam muito mais conforto e segurança!Os 6 níveis de marcha câmbio Shimano tourney RD-TY500 facilita os passeios em qualquer tipo de terrenos com total conforto e segurança, tornando o passeio mais prático e agradável.","{""aro"":""20\"""",""marca"":""Nathor"",""tipo"":""Passeio""}","20""",,Nathor,,,Passeio,,,,,,,,,,,,,,,20,Não informado,Nathor,Não informado,Não informado,Não informado,aço carbono,Harmony,Não informado,6v,Não informado,"regulagem de ângulo do guidão, movimento central avançado, freios v-brake dianteiro e traseiro, pezinho de descanso, protetor de corrente, pneus com câmara, aro em alumínio",Não informado,Não informado,Não informado,Não informado,Não informado,Não informado,Não informado,v-brake,Nathor,"[Preto,Pink]",Aro 20,,6 Marchas,,,V-Break,Aço de Carbono,,,Passeio,
cdtbikes||INSVDECZA19TIPO16,Bicicleta,Bicicleta Aro 29 Gta Insane Câmbio Traseiro Shimano Alívio e Altus 27v Freio Hidráulico Garfo Com Trava - Verde/Cinza,"<p>Bike aro 29, com quadro Gta Insane, nova na caixa a pronta entrega, produto com ótima qualidade e acabamento, possui 27 marchas com sistema de alavancas rapid fire que a cada clique uma marcha é trocada, câmbio dianteiro shimano altus e traseiro shimano alívio M3100 sgs, garfo com suspensão e sistema de trava para melhor performance, sistema de freio a disco hidráulico, pneus com cravo baixo para uso em terra e asfalto. Bicicleta pré montada, vai precisar apenas fixar a roda dianteira, guidão, selim e pedais. Segue abaixo características da bike:</p><p><br></p><p>Quadro 29 Gta Insane em Alumínio</p><p>Garfo 29 suspensão com Trava no Ombro e regulagem</p><p>Suporte do guidão em alumínio preto</p><p>Guidão 31.8mm em alumínio preto</p><p>Canote do selim 27.2 em alumínio preto Com carrinho</p><p>Selim Sport Preto</p><p>Abraçadeira do Selim alumínio Preto</p><p>Aros Aero Parede dupla reforçado</p><p>Raios Pretos</p><p>Cubos em Alumínio Pretos com blocagens</p><p>Pneus 29 com cravo</p><p>Movimento central selado rolamentado</p><p>Freios a disco Hidráulicos com discos inox 160mm</p><p>Alavancas Semi-automáticas Rapid Fire gta sunrun</p><p>Câmbio Traseiro shimano alívio M3100 sgs 27V</p><p>Câmbio Dianteiro shimano altus 9v</p><p>Corrente Index dto/paco</p><p>Pedivela shimano Mt101</p><p>Pedal Plataforma Nylon preto</p><p>Cassete k7 gta Sunrun 9v</p><p><br></p><p>Recomendamos que seja feita uma revisão por um técnico após a recebimento do produto, para reajuste e regulagem, pois no transporte pode acontecer de alguma peça soltar ou desregular</p><p>Fotos meramente ilustrativas</p>","{""marca"":""GTA"",""tamanho_do_quadro"":""19""}",,,GTA,19,,,,,,,,,,,,,,,,,29,VerdeCinza,Gta,Não informado,Não informado,Não informado,Alumínio,Insane,29,27,Com Trava,Rapid Fire,Não informado,Não informado,Não informado,Não informado,Não informado,Não informado,Pré montada,Hidráulico,GTA,"[Verde,Cinza]",Aro 29,,27 Marchas,,,Freio a Disco,Alumínio,,,,
epicshop||BIDRORS121CINBCO17,Bicicleta,Bicicleta Aro 29 Dropp Rs1 21v Suspensão com Trava Câmbio Shimano,"* Envio para RJ (capital e região metropolitana), AM, AP, PA, RO, RR e AC favor consultar valores do frete antes da compra. Para demais estados, temos uma tabela cadastrada, é só clicar em ""Ver custos de envio"" e conferir.<br><br>Para iniciantes no pedal, a Dropp RS1 Pró é Ideal para trilhas leves, passeios e mobilidade urbana com um excelente custo benefício; além de oferecer tudo que uma ótima bicicleta precisa ter!<br><br>Quadro em Alumínio<br>Garfo / Suspensão Aro 29 em Aço 80mm Preto com Trava no Ombro<br>Alavanca / Trocador SHIMANO - 21V Index<br>Câmbio Dianteiro SHIMANO 3V<br>Câmbio Traseiro SHIMANO 7V<br>Pedivela em Alumínio SHIMANO 7V<br>Catraca Shimano Index 7V<br>Corrente Index 7V<br>Freio a Disco 160mm Mecânico<br>Cubos para Disco 36f Preto com eixo Blocagens<br>Aros Aero 36 Furos Folha Dupla Alumínio Preto<br>Câmara de Ar 29 x 1.95 Bico Grosso<br>Pneu 29x2.10 Cravo Baixo Misto<br>Guidão Reto 31.8mm Preto<br>Suporte de Guidão 31.8mm 80mm Preto<br>Canote de Selim Preto<br>Banco / Selim - Sport Preto<br>Movimento Central Roller Preto Selado (Rolamento)<br>Movimento de Direção Over Preto<br>Manopla Preto<br><br>O Envio do produto será feito de 5 a 7 dias úteis após a confirmação de pagamento.<br><br>Enviamos a bicicleta pré-montada, revisada e devidamente embalada;<br>Para efeito de garantia, sugerimos que a montagem seja efetuada por mão de obra especializada.<br>Não cobre defeitos por mau uso ou pela montagem e revisão inadequada do produto.<br>A garantia será validada para as bicicletas montadas e revisadas por uma oficina especializada e é referente apenas ao primeiro proprietário.<br>A garantia não se aplica para os itens de desgaste natural, tais como: Pneu, câmaras, cabos, sapatas de freio, centragem de aros, pintura do quadro, componentes da transmissão (corrente, engrenagens do pedivela, engrenagens do cassete).<br><br>O produto pode ter variação de peças de acordo com estoque, sempre com qualidade igual ou superior<br><br>Sobre a Epic Shop<br>Somos uma empresa formada por pessoas apaixonadas por esportes e queremos compartilhar com você essa paixão!! Nossa missão é promover a satisfação de nossos clientes, sempre oferecendo os melhores produtos e marcas! O prazer que o esporte proporciona começa aqui, com a Epic Shop.<br>","{""marca"":""Dropp""}",,,Dropp,,,,,,,,,,,,,,,,,,29,Não informado,Dropp,Não informado,Não informado,Não informado,Alumínio,Rs1,29,21,com Trava,Não informado,Não informado,Não informado,Não informado,Não informado,Não informado,Não informado,Não informado,Disco,Dropp,"[Cinza,Branco]",Aro 29,17,21 Marchas,Dianteira,,Freio a Disco,Alumínio,,,Passeio,
naymulticoisastray||79711p,Bicicleta,Bicicleta MTB Vega Aro 29 Quadro 15 Alumínio 21 Marchas Freio Mecânico Preto Azul - Spaceline,"Descrição do Produto: Você sabia que pedalar traz inúmeros benéficos a saúde? Emagrece, aumenta a resistência, proporciona bem-estar entre outros benefícios. Para iniciar no MTB é importante que escolha a bike adequada para o seu objetivo, se liga! A Bicicleta MTB Aro 29 Quadro Alumínio 21 Marchas Freio Mecânico Vega - Spaceline traz a liberdade e qualidade de vida que você procura. Iniciar a atividade de ciclismo com este equipamento pode fazer maravilhas pela sua saúde, provocando uma incrível sensação de bem estar e gerando qualidade de vida, abandonando de vez o sedentarismo. E o melhor de tudo, a atividade física irá se tornar um momento prazeroso no seu dia a dia. Esta bike é produzida em quadro ergonômico de alumínio e possui várias cores e tamanhos para você escolher. Além disso a Bicicleta Vega vem equipada com câmbios importados de alta resistência e qualidade capaz de combinar 21 machas com Trocador Rapid Fire que oferece ótimo desempenho em terrenos elevados. Já a suspensão de 80mm com amortecimento para absorção de impacto e o freio a disco mecânico proporciona muito mais segurança e tranquilidade nas frenagens. Tá esperando o que? Invista em sua saúde mental e corporal, afinal pedalar é vida! Compre já! Tamanho do Quadro: 15. Aro: 29. Peso Aproximado: 16 Kg. Características: Modelo Quadro: Vega. Material Quadro: Alumínio. Material Aro: Alumínio 6061. Garfo/Suspensão: Suspensão de 80mm. Peso Suportado: Até 130 Kg. Tipo de Aro: Aero 36 Furos folha dupla alumínio preto. Tipo de Freio: Freio a Disco Mecânico 160mm. Tipo de Guidão: Reto em alumínio 6061. Suporte de Guidão: 80mm em alumínio 6061. Luvas/Manopla: Borracha Flexível. Número de Marchas: 21v. Trocador de Marchas: Rapid Fire. Câmbio Dianteiro: Importado 3v Indexado. Câmbio Traseiro: Importado 7v Indexado. Banco/Selim: Sport Preto. Canote de selim: 27.2mm em Aluminio 6061. Pedivela: Triplo em Alumínio 6061. Pedais: Plataforma Nylon. Corrente: Indexada 7v. Cubos: Disco 36 furos com eixo blocagens. Movimento Central: Roller Selado. Caixa de Direção: Oversize Semi Integrada. Roda Livre/K7: 7 Velocidades. Roda: Rodas Race de Parede Dupla. Pneus: MTB 29. Câmaras : 29 x 1.95 Bico Grosso. Garantia de Fábrica: 90 dias contra defeito de fabricação. Recomendação de Quadro: 15 - Para ciclistas de 1,50 até 1,68 cm. 17 - Para ciclistas de 1,68 até 1,76 cm. 19 - Para ciclistas de 1,76 até 1,84 cm. 21 - Para ciclistas de 1,84 até 1,98 cm. Importante: - Pode haver alguma diferença de tonalidade entre a imagem e o produto real por conta do tratamento de imagens e a calibração de cores do seu monitor. - A geometria do quadro (desenho) pode mudar conforme o tamanho escolhido alterando a inclinação do tubo superior. - Ao receber a mercadoria verifique a embalagem caso haja alguma avaria não assine o comprovante de entrega. - Enviamos a bicicleta pré-montada e revisada mas para melhor se acomodar na embalagem e transporte são retirados: selim pedais guidão e roda dianteira. A instalação é de responsabilidade do cliente. Por motivo de transporte e manuseio pode haver a necessidade de efetuar uma nova regulagem de câmbio ao receber o produto. - Não nos responsabilizamos pela revisão final defeitos causados por mau uso montagem ou regulagem inadequada. Recomendamos que seja feita por mão de obra qualificada.","{""tipo"":""Mountain Bike""}",,,,,,Mountain Bike,,,,,,,,,,,,,,,29,Preto Azul,Spaceline,15,Não informado,MTB,Alumínio,Vega,Não informado,21,80mm,Não informado,Não informado,Não informado,Não informado,Não informado,Não informado,130 Kg,Não informado,Disco Mecânico,Spaceline,"[Preto,Azul]",Aro 29,15,21 Marchas,Dianteira,130kg,Freio a Disco,Alumínio,,Unissex,Mountain Bike,
bikediasg5||25627,Bicicleta,Bicicleta 29 KSW MWZA Retro Feminino 21v Shimano Freio Disco,"CAMBIO DIANTEIRO SHIMANO TOURNEY TZ31 / CAMBIO TRASEIRO SHIMANO TOURNEY TZ 31 / FREIO A DISCO MECÂNICO / SUSPENSÃO DE 80MM<br> <br> <br>""<br>Bem vindo a Dias Bike! A Dias Bike é uma loja física e virtual que faz parte da família Dias Bike e Dias Moto Peças, que possuem mais de 10 lojas físicas e uma distribuidora atacadista, atuando no mercado de ciclismo a mais de 31 anos. A empresa comercializa bicicletas prontas, peças e acessórios para bicicletas em geral, tudo a sua disposição e com a comodidade de receber o produto em sua casa em qualquer lugar do Brasil com toda garantia de entrega e a certeza de sua satisfação.<br> <br> <br>BICICLETA ARO 29 MTB 21 VELOCIDADES FREIO A DISCO CÂMBIOS SHIMANO E SUSPENSÃO DE 80MM<br> <br>COMPONENTES DA BIKE<br> <br>- Quadro aro 29 Alumínio 6061<br>- Suspensão de 80mm de Cursor <br>- Aros Aeros para Disco Folha Dupla em Alumínio<br>- Raios Zincados na cor Preto<br>- Pneus Aro 29 Com Arame<br>- Camara de Ar Aro 29<br>- Jogo Direção Ahead Set<br>- Suporte Do guidão 31.8 em Alumínio<br>- Guidão 31.8 MTB em Alumínio<br>- Canote do Selim MTB em Alumínio<br>- Pedal MTB Plataforma<br>- Arruela Calço para Ahead Set (1cm)<br>- Manopla MTB com ótimo grip e Conforto<br>- Abraçadeira do Selim com Blocagem<br>- Selim MTB<br>- Disco de Freio De 160mm com 6 Parafusos<br>- Freio a Disco Mecânico Com Pinças e Pastilhas<br> <br>RELAÇÃO (TRANSMISSÃO DA BIKE)<br> <br>- Roda Livre Indexada de 7v<br>- Roda Tripla De Aço Encapado Reforçada<br>- Trocador Indexado Semi Automático Rapid Fire de 7v<br>- Cambio Dianteiro Shimano Tourney 3v<br>- Cambio Traseiro Shimano Tourney 7v<br>- Cubos Para Roda Livre<br>- Corrente indexada de 7v<br>- Jogo de Centro 122.5 Selado Rolamentado<br>""","{""aro"":""29\"""",""marca"":""KSW"",""tamanho_do_quadro"":""15""}","29""",,KSW,15,,,,,,,,,,,,,,,,,29,Não informado,KSW,Não informado,Feminino,MTB,Alumínio,MWZA,29,21,80MM,Não informado,Não informado,Não informado,Retro,Não informado,Não informado,Não informado,Não informado,Disco,KSW,"[Preto,Rosa,Azul]",Aro 29,,21 Marchas,,90kg,Freio a Disco,Alumínio,Retrô,Feminino,Mountain Bike,
shopbike||016R-09,Bicicleta,Bicicleta Aro 20 Infantil MTB Girl Com Roda Lateral,"<p>A Bicicleta MTB Girl Infantil Tridal Aro 20,possuem quadro de aço de carbono, excelente desempenho e tem uma resposta mais rápida para tornar as manobras mais seguras e precisas. Além disso, são resistentes e confortáveis. Agora os momentos de lazer serão mais divertidos e saudáveis.</p><p>Características:</p><p>QuadroMTB em Aço</p><p>GuidãoAço Carbono</p><p>Manoplas em Borracha</p><p>Acessórios: Cestinha e Paralamas</p><p>Movimento DireçãoStander</p><p>Pedal RoscaFina NylonC/ Refletor</p><p>Freio V-Brake Dianteiro e Traseiro</p><p>SelimPoliuretano</p><p>Engrenagem Roda Livre1v</p><p>PedivelaMonobloco em aço carbono</p><p>Aro 20Natural</p><p>Movimento Central45mm</p><p>CorrenteGrossa</p><p>Pneu comum</p><p>Cubo diant/tras. em aço 36 Furos</p><p>Roda Lateral</p><p>Peso Suportado: 70 Kg</p><p>Tamanho do Quadro : 14</p><p>Fabricante : Tridal Bike</p><p>Garantia do fabricante : 3 meses para peças e acessórios 6 meses para quadro</p><p>Não é fornecida assistência técnica para pedais e pedivela por se tratar de um produto que se for montado sem atenção causa o espanamento de ambas as partes.</p><p>Não nos responsabilizamos pela montagem do Produto,amontagem é de responsabilidade do cliente e é necessário efetuar regulagem de câmbio ao receber o produto.</p><p>Imagens meramente ilustrativas, podem haver alguma diferença de tonalidade entre produto e foto, devido a calibração de cores do dispositivo utilizado.</p>","{""aro_de_roda"":""20\"""",""genero"":""Feminino"",""marca"":""MTB"",""modelo"":""mtb""}",,,MTB,,Feminino,,,mtb,"20""",,,,,,,,,,,,20,Não informado,Tridal,14,Feminino,MTB,Aço,Girl,20,1,Não informado,Roda Lateral,Não informado,Não informado,Não informado,Infantil,Não informado,70 Kg,Cestinha e Paralamas,V-Brake,Tridal Bike,Rosa ,Aro 20,,,,70kg,V-Break,Aço de Carbono,,Feminino,Mountain Bike,
southoficial||129015,Bicicleta,Bicicleta 29 Spaceline Vega 27 Marchas Câmbio Shimano Freio a Disco e Suspensão,"<p>A melhor escolha para quem deseja mobilidade e conforto em passeios e trilhas, a Spaceline Vega 27V possui quadro em alumínio 6061, uma liga leve e altamente resistente equipado com 27 combinações de marchas que garantem desempenho em qualquer inclinação, freios a disco potentes que facilitam as frenagens e suspensão dianteira que proporciona conforto em qualquer terreno!</p><p>Descrição dos Componentes:</p><p>Quadro Marca Spaceline - Modelo Vega Aro 29 em Alumínio 6061<br>Garfo Suspensão Aro 29 </p><p>Câmbio Dianteiro shimano Tourney TZ 3v <br>Câmbio Traseiro Shimano Altus 9v <br>Trocador de Marchas Engate Rápido - 27V <br>Pedivela Reduzido Em Aço<br>Catraca / Roda Livre 9v <br>Corrente 9V </p><p>Freio a Disco 160mm Preto - MECÂNICO<br>Cubos Aço Esferados p/ Disco 36f Preto com Blocagens<br>Aros Aero 36 Furos Folha Dupla Alumínio<br>Câmara de Ar 29 x 1.95 Bico Grosso<br>Pneu Aro 29 Cravo Baixo</p><p>Guidão Preto em Alumínio Expandido <br>Suporte de Guidão / Mesa Preto em Alumínio<br>Canote de Selim Preto 27,2mm<br>Banco / Selim - Sport</p><p>Movimento Central Roller 122.5 Preto Selado<br>Movimento de Direção Over </p><p>OBSERVAÇÕES IMPORTANTES:</p><p>Envio por TRANSPORTADORA com LINK DE RASTREAMENTO;</p><p>MONTAGEM</p><p>Bicicleta pré-montada, revisada e devidamente embalada. Para melhor se acomodar na embalagem são retirados apenas: selim, pedais, guidão e roda dianteira.</p><p>A instalação (por simples aperto de parafusos allem e blocagens) é de responsabilidade do consumidor, orientamos para que seja efetuada por mão de obra especializada.</p><p>Por motivo de transporte e manuseio, haverá a necessidade de efetuar uma revisão (câmbios, freios) ao receber o produto.</p><p>GARANTIA - Fábrica / 3 Meses</p><p>NÃO COBRE DEFEITOS POR MAU USO OU PELA MONTAGEM / REVISÃO INADEQUADA DO PRODUTO.</p><p>A garantia será validada para as bicicletas montadas e revisadas por uma oficina especializada e é referente apenas ao primeiro proprietário.</p><p>A garantia não se aplica para os itens de desgaste natural, tais como: Pneu, câmaras, cabos, sapatas de freio, centragem de aros, pintura do quadro, componentes da transmissão (corrente, engrenagens do pé de vela, engrenagens do cassete)</p><p>OUTRAS OBSERVAÇÕES:</p><p>As fotos do anúncio são feitas com quadros do tamanho 17''.</p><p>A geometria do quadro (desenho) pode mudar conforme o tamanho escolhido alterando a inclinação do tubo superior quando quadro é 19 ou 21 deixando-o mais reto.</p><p>Pode haver alguma diferença de tonalidade entre a imagem e o produto real, por conta do tratamento de imagens e a calibração de cores da sua tela.</p><p>Dependendo o lote do produto, algumas peças podem ter cores diferentes da imagem, como: banco, manoplas, cassete.</p>","{""cor"":""Preto, Rosa"",""marca"":""Spaceline"",""tamanho_do_quadro"":""19""}",,"Preto, Rosa",Spaceline,19,,,,,,,,,,,,,,,,,29,Não informado,Spaceline,Não informado,Não informado,Não informado,Alumínio 6061,Vega,29,27,Dianteira,Não informado,Não informado,Não informado,Não informado,Não informado,Não informado,Não informado,Não informado,Disco,Spaceline,"[Preto,Rosa]",Aro 29,,27 Marchas,Dianteira,,Freio a Disco,Alumínio,,,Passeio,
dropponline||128004,Bicicleta,Bicicleta 29 Raider Z3X Pro 21V Freio a Disco e Suspensão Quadro Alumínio MTB,"<p>ESCOLHA O TAMANHO DO QUADRO:</p><p>Tamanho 15 indicado para pessoas com altura de 1,50 a 1,68;</p><p>Tamanho 17 indicado para pessoas com altura de 1,69 a 1,76;</p><p>Tamanho 19 indicado para pessoas com altura de 1,77 a 1,84;</p><p>Tamanho 21 indicado para pessoas com altura de 1,85 a 1,98.</p><p>Experimente o máximo em desempenho com a Bicicleta Raider Z3X Pro 21V. Projetada para uma pedalada ágil e veloz, esta bicicleta de alta qualidade apresenta um quadro em alumínio 6061 resistente e leve. Esta bicicleta está pronta para levá-lo a novos níveis de diversão e emoção.</p><p>Descrição dos Componentes:</p><p>Quadro Marca Raider - Modelo Z3X PRO Aro 29 em Alumínio 6061</p><p>Garfo Suspensão Aro 29</p><p>Câmbio Dianteiro Importado 3v</p><p>Câmbio Traseiro Importado 7v</p><p>Trocador de Marchas Revoshift Giratório - 21V</p><p>Pedivela Reduzido Em Aço</p><p>Catraca / Roda Livre 7v</p><p>Corrente 7V</p><p>Freio a Disco 160mm Preto - MECÂNICO</p><p>Cubos Aço p/ Disco 36f Preto com Blocagens</p><p>Aros Aero 36 Furos Folha Dupla Alumínio</p><p>Câmara de Ar 29 x 1.95 Bico Grosso</p><p>Pneu Aro 29 Cravo Baixo</p><p>Guidão Preto em Alumínio Expandido Reto</p><p>Suporte de Guidão / Mesa Preto em Alumínio</p><p>Canote de Selim Preto 27,2mm</p><p>Banco / Selim – Sport</p><p>Movimento Central Roller 122.5 Preto Selado</p><p>Movimento de Direção Over</p><p>OBSERVAÇÕES</p><p>Pode haver alguma diferença de tonalidade entre a imagem e o produto real, por conta do tratamento de imagens e a calibração de cores do monitor.</p><p>MONTAGEM</p><p>Enviamos a bicicleta pré-montada, revisada e devidamente embalada, para melhor se acomodar na embalagem de transporte são retirados apenas: selim, pedais, guidão e roda dianteira.</p><p>O custo da montagem é de responsabilidade do cliente.</p><p>Por motivo de transporte e manuseio, é necessário efetuar uma nova regulagem de câmbio ao receber o produto.</p><p>Não nos responsabilizamos pela revisão final da bicicleta, sugerimos que seja efetuada por uma oficina especializada.</p><p>GARANTIA</p><p>NÃO COBRE DEFEITOS POR MAU USO OU PELA MONTAGEM, REGULAGEM DE CÂMBIOS OU REVISÃO INADEQUADA DO PRODUTO.</p><p>A garantia será validada para as bicicletas montadas e revisadas por uma oficina especializada e é referente apenas ao primeiro proprietário.</p><p>A garantia não se aplica para os itens de desgaste natural, tais como: Pneu, câmaras, cabos, sapatas ou pastilhas de freio, centragem de aros, pintura do quadro, componentes da transmissão (câmbios, corrente, engrenagens do pé de vela, engrenagens do cassete).</p>","{""tamanho_do_quadro"":""21""}",,,,21,,,,,,,,,,,,,,,,,29,Não informado,Raider,"15, 17, 19, 21",Não informado,MTB,Alumínio,Z3X Pro,29,21,Suspensão,Não informado,Não informado,Não informado,Não informado,Não informado,Não informado,Não informado,Não informado,Disco,Raider,"[Preto,Verde]",Aro 29,,21 Marchas,Dianteira,,Freio a Disco,Alumínio,,,Mountain Bike,
votucicloltda||47177c8c225511edafbd4201ac185019,Bicicleta,Bicicleta Infantil Menina Aro 20 com acessórios,"CORES : Pink, MODELO COM ACESSÓRIOS IDADES : Infantil 6 á 9 anos / ALAVANCAS : N/A / AROS : Aro 20"" alumínio / CASSETE - RODA LIVRE : Roda livre 1 velocidade / CATEGORIA : Infantil / MARCAS : BLISS / CANOTE DO SELIM : Aço / CAMBIOS : N/A / N/A / GARANTIAS : 3 meses / CORRENTES : Grossa 1/2x1/8 / CUBOS : Aço cromado / MOVIMENTO CENTRAL : 45mm com esferas / MANOPLAS : Borracha / GARFOS : Rigído de aço / GUIDÕES : Aço curvo / FREIOS : V.Brake Nylon / ACESSÓRIOS : / PEDIVELAS : Monobloco / PEDAIS : Plástico / QUADROS : Quadro de aço aro 20"" pintado / PESOS : 11 / RAIOS : Aço / PNEUS : 20x1.75 MTB / SELIM : Selim PU MTB / DIMENSÕES : .x.x.cm (LXAXC) / MANETE DE FREIO : Plástico / SUPORTE DE GUIDAO : Aço integrado com o guidão / MOVIMENTO DE DIREÇÃO : Standard / Tamanho quadro : Aro 20 / Nome do produto : BIC. 20 MTB PINT MASFEM /",{},,,,,,,,,,,,,,,,,,,,,20,Pink,BLISS,Aro 20,Menina,Infantil,Aço,BIC 20 MTB PINT MASFEM,Alumínio,1,Rigído,Com acessórios,Não informado,Não informado,Não informado,MTB,6 á 9 anos,Não informado,Não informado,VBrake,Vtc Bikes,Pink,Aro 20,,1 Marcha,,,V-Break,Alumínio,,Feminino,Mountain Bike,
astroteksports07||BBF16-01VKW1,Bicicleta,Bicicleta Infantil Ultra Bikes Big Fat Aro 16 Verde Pro Tork,"Bicicleta Infantil Ultra Bikes Aro 16 Verde Com Rodinhas - BBF16-01VKW Pro Tork<br><br>A bicicleta Ultra Bikes kids aro 16 é a ideal para o seu filho que gosta passeios cheios de aventura. Essa bike foi projetada com peças para garantir o máximo de conforto e segurança, possui acabamento impecável.<br><br>Descrição da Bicicleta Infantil Ultra Bikes Fat Aro 16 Pro Tork<br><br>Cor: Verde<br>Referência: BBF16-01AM<br>Material do Quadro: Aço Carbono<br>Material do Aro: Aço<br>Aro: 16<br>Modelo do Quadro: em T<br>Modelo do Guidão: Baixo<br>Movimento central: 45 mm<br>Pedivela: Monobloco 115 mm<br>Coroa: 32 dentes<br>Catraca: 16 dentes<br>Freios: V-Brake<br>Raios: Cromados<br>Regulagem do selim em relação ao chão : 50 à 60 cm<br>Idade recomendada: 4 a 6 anos<br>Direção: Standard Rígido<br>Pneus: Fat 3.25x8<br>Limite de peso: Até 30kg<br>Selo: INMETRO OCP 0061<br><br>Marca: Ultra Bikes<br>Conteúdo da embalagem: 1 Bicicleta<br>Dimensões aproximadas da embalagem: 62 x 104 x 18 cm (A x L x C)<br>Peso aproximado do produto: 10 Kg<br>Peso aproximado da embalagem: 11,9 Kg<br>Informações Adicionais: Acompanha rodinha apoio lateral<br><br>Produtos de decoração não inclusos. Imagens meramente ilustrativas.<br><br>As cores dos objetos podem sofrer alterações devido a luminosidade, configurações do monitor e até mesmo a percepção do usuário.","{""cor"":""Verde, Branco"",""modelo"":""tork"",""tipo"":""Passeio""}",,"Verde, Branco",,,,Passeio,,tork,,,,,,,,,,,,,16,Verde,Ultra Bikes,Não informado,Não informado,Infantil,Aço Carbono,Pro Tork,Não informado,Não informado,Não informado,Não informado,Não informado,Não informado,Não informado,Não informado,Não informado,30kg,Acompanha rodinha apoio lateral,V-Brake,Pro Tork,Verde ,Aro 16,,,,30kg,V-Break,Aço de Carbono,,,Passeio,
vikingsbikes||12441867184,Bicicleta,Bicicleta dynamix dx+ aro 29 shimano 21v freio a disco mtb,"BICICLETA DYNAMIX DX+ ARO 29 SHIMANO 21V FREIO A DISCO MTB<br> <br>Bicicleta em alumínio 6061, selim vazado, freios a disco, cockpit em alumínio, guidão (720mm), suporte de guidão (80mm) e suporte de selim (400mm), pneus 29x2.10, suspensão dianteira, transmissão SHIMANO, corrente e roda livre indexadas, 21 velocidades.<br>A Bicicleta Dynamix DX+ é uma excelente opção para iniciar no pedal, seja para o modo urbana ou para o lazer, seja em asfalto ou estradas de terra.<br>A combinação de cores e o design inovador tornará seu pedal, além de eficiente, sofisticado, por um ótimo custo beneficio.<br> <br> <br>----------------------------------------------- <br>ESPECIFICAÇÃO DAS PEÇAS <br>--------------------------------------------------<br> <br>- Quadro Dynamix MTB Alumínio;<br>- Abraçadeira de selim YX-049 31.8mm preto;<br>- Alavanda de cambio/freio Shimano EF41;<br>- Cambio dianteiro Dynamix 3v preto;<br>- Cambio traseiro Shimano TZ31A GS TX 6/7v;<br>- Corrente KMC Z7 116L 7v/8v;<br>- Engrenagem dianteira Dynamix 24/34/42T 170mm aluminio;<br>- Freio disco mecânico diant/tras c/rotor 160mm;<br>- Guidão reto DNX MTB 720mm 31.8mm preto;<br>- Mov. central A202 BSA DNX 123mm ponta quadrada;<br>- Pedal DNX P650 plataforma;<br>- Roda livre ATA 7v. 14-28T;<br>- Rodas Aro 29"" DNX 36F;<br>- Selim DNX preto/cinza;<br>- Suspensão 29"" Dynamix M28 200m aço preto fosco.<br> <br> <br>-------------------------------<br>ENVIO DO PRODUTO<br>-------------------------------<br>Enviamos o produto em até 24 horas úteis após a confirmação do pagamento!<br> <br>-------------------<br>NOTA FISCAL<br>-------------------<br> Todos produtos são originais de fábrica, acompanha nota fiscal com o nome do cliente, todos os quadros possuem número de série.<br> <br>-------<br>SAC<br>-------<br> Após a compra, será liberado nosso contato para dúvidas, sugestões e elogios.<br> <br>------------------<br>MONTAGEM<br>------------------<br> A bicicleta vai PRÉ-MONTADA dentro da caixa, sendo necessário realizar a montagem de alguns componentes e os ajustes finais. Recomendamos que essa montagem seja realizada por profissionais qualificados, evitando assim, possíveis danos.<br>","{""aro"":""29\"""",""cor"":""Amarelo"",""modelo"":""MTB"",""tipo"":""Mountain Bike""}","29""",Amarelo,,,,Mountain Bike,,MTB,,,,,,,,,,,,,29,Não informado,Dynamix,Não informado,Não informado,MTB,Alumínio,DX,29,21,Dianteira,Não informado,Não informado,Não informado,Não informado,Não informado,Não informado,Não informado,Não informado,Disco,Dynamix,"[Preto Fosco,Amarelo]",Aro 29,,21 Marchas,Dianteira,,Freio a Disco,Alumínio,,,Mountain Bike,
marczakbikeparts||15900073727,Bicicleta,Mountain Bike Aro 29 Ksw Xlt Alum. 21 Vel. Azul Pantone Mcz4,"<p>LEIA ATÉ O FINAL</p><p><br></p><p> Veja abaixo uma recomendação de tamanhos completa para você fazer a escolha certa de acordo com a sua altura, ao escolher o tamanho de acordo com sua altura você evita desconfortos ao pedalar! </p><p><br></p><p> RECOMENDAÇÃO DE TAMANHOS</p><p><br></p><p> Altura do ciclista: 1,55 até 1,65m – Tamanho de quadro 15""</p><p> Altura do ciclista: 1,66 até 1,76m – Tamanho de quadro 17""</p><p> Altura do ciclista: 1,77 até 1,87m – Tamanho de quadro 19""</p><p> Altura do ciclista: 1,88 até 1,98m ou mais – Tamanho de quadro 21""</p><p><br></p><p><br></p><p><br></p><p> INFORMAÇÕES IMPORTANTES</p><p><br></p><p> Temos muito respeito por você e todas as pessoas que já compraram conosco, cumprimos com excelência nosso dever como lojista que é prestar total apoio e tirar todas as duvidas antes do cliente efetuar a compra e após efetuar a compra, fazendo todo acompanhamento e processamento do pedido desde o momento da compra até a entrega estamos sempre perto de vocês nossos clientes e futuros clientes.</p><p><br></p><p> ENVIO</p><p><br></p><p> Após a finalização da compra o envio é realizado no prazo de 24 horas uteis a estimativa de entrega é gerada automaticamente após a compra. Em caso de duvida nos informe o ESTADO e o CEP do seu endereço para fazermos a simulação de prazo médio de entrega.</p><p><br></p><p> PERGUNTAS FREQUENTES</p><p><br></p><p> PORQUE DEVO COMPRAR ESTA BICICLETA?</p><p><br></p><p> R: Nosso objetivo maior é a satisfação do cliente com o produto, oferecemos nessa bicicleta componentes de qualidade, antes de enviar temos o cuidado de revisar completamente a bicicleta e engraxar para reduzir em 90% seus custos na montagem. O Quadro em alumínio muito resistente e leve.</p><p><br></p><p> A BICICLETA É BOA? POSSO UTILIZAR NA CIDADE E TRILHAS LEVES?</p><p><br></p><p> R: Sim! A bicicleta possui uma qualidade incomparável, em termos de qualidade e durabilidade é a melhor do mercado. Nossa maior prova sobre essa afirmação são nossas avaliações de centenas de clientes. Esse modelo servirá muito bem para você se aventurar nos fins de semana em trilhas leves e também no seu dia dia para ir ao trabalho, academia, mercado, faculdade, levar as crianças na escola (precisa instalar uma cadeirinha) etc...</p><p><br></p><p> E POSSÍVEL POR CADEIRINHA?</p><p><br></p><p> R: Nossa bicicleta é compatível sim com cadeirinhas para crianças, porém será necessário você adquirir um bagageiro traseiro para acoplar a cadeirinha traseira com mais segurança. E cadeirinha dianteira? Bom é possível sim a instalação de cadeirinhas dianteiras, porém não recomendamos pois reduz muito o espaço das pernas e dificulta a pilotagem, tornando perigoso.</p><p><br></p><p> ESSA BICICLETA TEM GARANTIA?</p><p><br></p><p> R: Oferecemos garantia de 90 dias em todas as nossas bicicletas recomendamos todos os nossos clientes que usem bastante a bicicleta nesse período pois a garantia cobre defeitos de fabricação, em casos de garantia fazemos um atendimento agilizado resolvendo o problema de forma rápida para que você não fique sem a sua bicicleta por muito tempo.</p><p><br></p><p> ORIENTAÇÕES SOBRE GARANTIA</p><p><br></p><p> R: É de extrema importância ao receber sua bicicleta nova que leve para montagem dos itens que vão soltos para acomodação na caixa! Mas quais itens vão soltos? Soltamos o guidão, roda dianteira, pedais, e o banco. Para acomodar na caixa e sua bicicleta ir bem protegida durante o transporte. Ao realizar a montagem em uma mecânica de bicicletas peça ao mecânico um comprovante do serviço de montagem e guarde contigo a caixa da bicicleta e o comprovante de montagem durante o período de 90 dias. </p><p><br></p><p> SOBRE NOSSA LOJA</p><p><br></p><p> Temos 20 anos de história muito amor, carinho e respeito por todos os ciclistas pois vocês ciclistas são a corrente que move nossa empresa, e tornam o mundo um lugar cada vez melhor e mais sustentável. Estamos localizados no estado do Paraná no Sul do País e fazemos envios por todo o Brasil.</p><p><br></p><p><br></p><p><br></p><p><br></p><p> ESPECIFICAÇÃO TÉCNICA</p><p><br></p><p> QUADRO:</p><p> KSW Aluminio</p><p><br></p><p> SUSPENSÃO:</p><p> Curso 80mm</p><p><br></p><p> NÚMERO DE MARCHAS:</p><p> 21 velocidades</p><p><br></p><p> ALAVANCA DE CÂMBIO:</p><p> Rapid Fire 7 velocidades Index</p><p><br></p><p> CÂMBIO DIANTEIRO:</p><p> MTB 3 velocidades Index</p><p><br></p><p> CÂMBIO TRASEIRO:</p><p> MTB 7 velocidades Index</p><p><br></p><p> CORRENTE:</p><p> MTB 7 velocidades Index</p><p><br></p><p> PEDIVELA:</p><p> Triplo Aço Recapado Index</p><p><br></p><p> RODA LIVRE :</p><p> MTB 7 velocidades Index</p><p><br></p><p> MOV. CENTRAL:</p><p> Rolamentado</p><p><br></p><p> CAIXA DE DIREÇÃO:</p><p> AHEAD SET SEMI INTEGRADA</p><p><br></p><p> GUIDÃO:</p><p> MTB Reto de Alumínio 31.8mm</p><p><br></p><p> SUPORTE DO GUIDÃO:</p><p> MTB Alumínio 31.8mm</p><p><br></p><p> MANOPLA:</p><p> Performance</p><p><br></p><p> FREIO:</p><p> A disco mecânico</p><p><br></p><p> PEDAL:</p><p> MTB NYLON</p><p><br></p><p> SELIM:</p><p> MTB</p><p><br></p><p> CANOTE DO SELIM:</p><p> Aço 27.2</p><p><br></p><p> CUBOS:</p><p> Esferados</p><p><br></p><p> AROS:</p><p> AERO ALUMINIO MTB PAREDE DUPLA</p><p><br></p><p> RAIOS:</p><p> Preto em aço</p><p><br></p><p> PNEU:</p><p> MTB 29x2.10</p><p><br></p><p> PESO:</p><p> Aprox 14kg</p>","{""cor"":""Grafite"",""marca"":""KSW"",""tipo"":""Mountain Bike""}",,Grafite,KSW,,,Mountain Bike,,,,,,,,,,,,,,,29,Azul Pantone,Ksw,Não informado,Não informado,Mountain Bike,Alum,Xlt,Não informado,21,Curso 80mm,Não informado,Não informado,Não informado,Não informado,Não informado,Não informado,Não informado,Não informado,A disco mecânico,KSW,Grafite,Aro 29,,21 Marchas,,,Freio a Disco,Alumínio,,,Mountain Bike,
diasbike||34055,Bicicleta,Bicicleta Aro 29 Absolute Nero 4 12v Cambio Shimano Deore,Bicicleta Aro 29 Absolute Nero 4 12v Cambio Traseiro Deore M6100 Suspensão 100mm com trava<br> <br> RELAÇÃO (TRANSMISSÃO DA BIKE)<br> <br> <br>Cassete 12 Velocidades 11x50D GTA<br>Pedivela GTA RX Hollowtech<br>Trocador Indexado Semi Automático de 12V GTA<br>Cambio Traseiro Shimano Deore M6100 12v<br>Cubos Para com FreeHub para cassete<br>Corrente indexada de 12v<br> <br> <br>COMPONENTES DA BIKE<br> <br> <br>Quadro aro 29 Alumínio Absolute Nero 4<br>Suspensão de 100mm de Curso<br>Aros Aeros para Disco Folha Dupla<br>Raios Zincados<br>Pneus Aro 29 Com Arame<br>Câmara de Ar Aro 29<br>Jogo Direção Ahead Set<br>Suporte Do guidão 31.8<br>Guidão 31.8 MTB<br>Canote do Selim MTB<br>Pedal MTB Plataforma<br>Arruela Calço para Ahead Set (1cm)<br>Manopla MTB Comum<br>Abraçadeira do Selim com Blocagem<br>Selim MTB<br>Rotor de Freio De 160mm<br>Freio a Disco Hidráulico<br> <br>**IMAGENS MERAMENTE ILUSTRATIVAS**,"{""cor"":""Amarelo Neon"",""marca"":""Absolute""}",,Amarelo Neon,Absolute,,,,,,,,,,,,,,,,,,29,Nero,Absolute,4,Não informado,Não informado,Alumínio,Nero 4,Não informado,12v,100mm,"Cambio Shimano Deore, Suspensão 100mm com travabr, RELAÇÃO TRANSMISSÃO DA BIKEbr br brCassete 12 Velocidades 11x50D GTAbrPedivela GTA RX HollowtechbrTrocador Indexado Semi Automático de 12V GTAbrCambio Traseiro Shimano Deore M6100 12vbrCubos Para com FreeHub para cassetebrCorrente indexada de 12vbr br brCOMPONENTES DA BIKEbr br brQuadro aro 29 Alumínio Absolute Nero 4brSuspensão de 100mm de CursobrAros Aeros para Disco Folha DuplabrRaios ZincadosbrPneus Aro 29 Com AramebrCâmara de Ar Aro 29brJogo Direção Ahead SetbrSuporte Do guidão 318brGuidão 318 MTBbrCanote do Selim MTBbrPedal MTB PlataformabrArruela Calço para Ahead Set 1cmbrManopla MTB ComumbrAbraçadeira do Selim com BlocagembrSelim MTBbrRotor de Freio De 160mmbrFreio a Disco Hidráulico",Não informado,Não informado,Não informado,Não informado,Não informado,Não informado,Não informado,Disco Hidráulico,Absolute ,Amarelo Neon,Aro 29,,12 Marchas,,,Freio a Disco,Alumínio,,,Mountain Bike,
tajunabike||ATXPTOCZA21TIPO5BEGE,Bicicleta,Bicicleta Aro 29 Alfameq Atx 24v Freio a Disco Garfo Com Suspensão Mtb 29 Alumínio Pneu com Faixa Bege - Preto/Cinza,"<p>Procura uma bike boa e barata? Esta é uma ótima opção, bike 29 da Alfameq Atx, quadro com grafismo exclusivo e em alumínio, possui diversas cores e tamanhos, com 24 velocidades e possui sistema de rapid fire para troca de marchas, freios a disco mecânico, garfo com suspensão. Segue abaixo características da bike:</p><p><br></p><p>Quadro 29 Alfameq Atx em alumínio</p><p>Garfo 29 suspensão curso 60mm</p><p>Suporte do guidão em alumínio preto</p><p>Guidão 31.8mm em alumínio preto</p><p>Canote do selim 27.2 s/carrinho</p><p>Selim Sport preto</p><p>Abraçadeira do Selim alumínio Preto</p><p>Aros Aero Parede dupla reforçado</p><p>Raios Pretos</p><p>Cubos Pretos Aço</p><p>Pneus 29 Pretos com Lateral Bege</p><p>Movimento central selado rolamentado</p><p>Freios a disco Mecânicos com discos inox 160mm</p><p>Alavancas Semi-automáticas Rapid Fire</p><p>Câmbio Traseiro Index</p><p>Câmbio Dianteiro Index</p><p>Corrente Index</p><p>Pedivela Aço Revestido</p><p>Pedal Plataforma Nylon preto</p><p>Roda Livre 8v index dourada</p>","{""cor"":""Preto, Branco"",""marca"":""Alfameq""}",,"Preto, Branco",Alfameq,,,,,,,,,,,,,,,,,,29,PretoCinza,Alfameq,Não informado,Não informado,Mtb,Alumínio,Atx 24v,29,24,Com Suspensão,"Garfo com suspensão, Rapid Fire",Não informado,Não informado,Não informado,Não informado,Não informado,Não informado,Pneu com Faixa Bege,a Disco,Alfameq,"[Preto,Cinza]",Aro 29,,24 Marchas,Dianteira,120kg,Freio a Disco,Alumínio,,,Mountain Bike,
magazineluiza||221919100,Bicicleta,Bicicleta Infantil Aro 12 Nathor Aqua Azul,"Deixe o seu passeio muito mais divertido com a bicicleta infantil Apollo da Nathor. Possuindo aro 16, com rodinhas, cestinha e suporte de garrafa, a bike se torna completa. E a cor azul vem para mostrar que além de altíssima qualidade, ainda é super bonita. O melhor passeio com a melhor bicicleta. Vamos nos divertir!","{""cor"":""Azul"",""genero"":""Feminino"",""marca"":""Nathor""}",,Azul,Nathor,,Feminino,,,,,,,,,,,,,,,,12,Azul,Nathor,Não informado,Infantil,Não informado,Não informado,Apollo,Não informado,Não informado,Não informado,"Rodinhas, Cestinha, Suporte de garrafa",Não informado,Não informado,Não informado,Não informado,Não informado,Não informado,Não informado,Não informado,Nathor ,Azul,Aro 12,,,,21kg,,Aço de Carbono,Aqua,,Passeio,
diasbike||15825751837,Bicicleta,Bicicleta Aro 29 Aluminio KSW Shimano Altus 24v Hidráulico,"BICICLETA ARO 29 KSW XLT ALTUS 24v HIDRÁULICO<br> <br>COMPONENTES DA BIKE<br>- Quadro aro 29 Alumínio KSW XLT<br>- Suspensão de 80mm de Cursor<br>- Aros Aeros para Disco Folha Dupla<br>- Raios Zincados<br>- Pneus Aro 29 Com Arame<br>- Camara de Ar Aro 29<br>- Jogo Direção Ahead Set<br>- Suporte Do guidão 31.8 Importado<br>- Guidão 31.8 MTB Importado<br>- Canote do Selim MTB Importado<br>- Pedal MTB Plataforma<br>- Arruela Calço para Ahead Set (1cm)<br>- Manopla MTB Comum<br>- Abraçadeira do Selim com Blocagem<br>- Selim MTB Básico<br>- Disco de Freio De 160mm Parafusos<br>- Freio a Disco Hidráulico Com Pinças e Pastilhas<br> <br>RELAÇÃO (TRANSMISSÃO DA BIKE)<br>- Cassete Indexado de 8v<br>- Roda Tripla De Alumínio Reforçada<br>- Trocador Indexado Semi Automático Rapid Fire de 8v<br>- Cambio Dianteiro MTB Indexado<br>- Cambio Traseiro Shimano Altus 8v<br>- Cubos Com Blocagem Sistema Cassete<br> - Corrente indexada de 8v<br> - Jogo de Centro 122.5<br> <br> <br> <br>- Imagens da bicicleta são meramente ilustrativas.<br>- Algumas peças da bicicleta podem sofrer variações de cor e de modelo de acordo com o lote de importação.<br>- A Dias Bike não se responsabiliza por recolhimento obrigatório de impostos ICMS por st cobrado em alguns estados.<br>-Caso não haja alguém para receber o pedido no local de entrega, após as tentativas de entrega da transportadora, o frete do reenvio será de responsabilidade do comprador.<br>-Preço no site são exclusivos para venda online da loja virtual DIAS BIKE, os preços praticados em cada loja podem haver diferença entre os mesmos.<br>- Para as compras de bicicletas, as mesmas serão enviadas lubrificadas e pré-montadas, em função do transporte, a roda dianteira, guidão, selim e pedais são enviados soltos para encaixe. <br>- A garantia não Cobre Defeitos por Mau uso ou Pela Montagem Inadequada do Produto. A Montagem requer conhecimentos em mecânica e manutenção em bicicletas, por isso recomendamos que a montagem das Bicicletas seja feita por Profissionais do ramo em Oficina Especializada.<br>- Algumas Peças podem necessitar de regulagem ou alinhamento. <br>- A montagem, Regulagem e Alinhamento é por conta do comprador. <br>- A Garantia só será validada mediante a comprovação da montagem por um especialista, válida somente para o Primeiro proprietário.","{""cor"":""Vermelho, Preto"",""marca"":""KSW""}",,"Vermelho, Preto",KSW,,,,,,,,,,,,,,,,,,29,Não informado,KSW,Não informado,Não informado,MTB,Alumínio,XLT,29,24,80mm de Cursor,Não informado,Não informado,Não informado,Não informado,Não informado,Não informado,Não informado,Não informado,Hidráulico,KSW ,"[Vermelho,Preto]",Aro 29,,24 Marchas,,120kg,Freio a Disco,Alumínio,,Unissex,Mountain Bike,
tizzianibikes||XLTPTOVDE15TIPO16,Bicicleta,Bicicleta Aro 29 Ksw Xlt Alumínio Câmbio Traseiro Shimano Alívio e Altus 27v Freio Hidráulico Garfo Com Trava - Preto/Verde - Tam. 15,"Bike aro 29, com quadro KSW XLT, nova na caixa a pronta entrega, produto com ótima qualidade e acabamento, possui 27 marchas com sistema de alavancas rapid fire que a cada clique uma marcha é trocada, câmbio dianteiro SHIMANO ALTUS e traseiro SHIMANO ALÍVIO M3100 SGS, garfo com suspensão e sistema de trava para melhor performance, sistema de freio a disco hidráulico, pneus com cravo baixo para uso em terra e asfalto. Bicicleta pré montada, vai precisar apenas fixar a roda dianteira, guidão, selim e pedais.Segue abaixo características da bike:Quadro 29 KSW XLT em Alumínio / - Garfo 29 suspensão ABSOLUTE com Trava no Ombro e regulagem / - Suporte do guidão em alumínio preto / - Guidão 31.8mm em alumínio preto / - Canote do selim 27.2 em alumínio preto Com carrinho / - Selim Sport Preto / - Abraçadeira do Selim alumínio Preto / - Aros Aero Parede dupla reforçado / - Raios Pretos / - Cubos em Alumínio Pretos com blocagens / - Pneus 29 com cravo / - Movimento central selado rolamentado / - Freios a disco Hidráulicos com discos inox 160mm / - Alavancas Semi-automáticas Rapid Fire GTA/SUNRUN / - Câmbio Traseiro SHIMANO ALÍVIO M3100 SGS 27V / - Câmbio Dianteiro SHIMANO ALTUS 9v / - Corrente Index DTO/PACO / - Pedivela SHIMANO Mt101 ou M371 27v(DEPENDERÁ DA DISPONIBILIDADE NO ESTOQUE) / - Pedal Plataforma Nylon preto / - Cassete k7 GTA Sunrun 11/32 cromada","{""marca"":""GTI"",""tamanho_do_quadro"":""15""}",,,GTI,15,,,,,,,,,,,,,,,,,29,PretoVerde,KSW,15,Não informado,Não informado,Alumínio,Xlt,29,27,Com Trava,Rapid Fire,Não informado,Não informado,Não informado,Não informado,Não informado,Não informado,Não informado,Hidráulico,KSW,"[Preto,Verde]",Aro 29,15,27 Marchas,,,Freio a Disco,Alumínio,,,,
olistsp||OSPL4YZCA7M3DGJ2,Bicicleta,Bicicleta Infantil Nathor Aro 12 Veloz,"Bicicleta Aro 12 VelozA Bicicleta Aro 12 Veloz da Nathor é equipada com os melhores itens de segurança e conforto das crianças. A Veloz vem com um diferencial que é o Selim em PU, deixando o produto mais confortável para a criança.Outro detalhe é que o selim possui regulagem de altura o qual deve ser regulado para que a criança mantenha os pés no chão. Desta forma ela se sente mais segura e assim sair pedalando com mais confiança.Possui limitador de giro do guidão, importante característica que evita com que guidão dê uma volta completa e danifique o freio, além de preservar a integridade física da criança.Possui também freio a tambor, garrafinha, pneus em EVA, quadro, garfo e guidão em aço carbono, mesa de direção com regulagem de ângulo, placa frontal e cores alegres. Tudo o que a criança precisa para se divertir com segurança e conforto.CaracterísticasSelim em PU com regulagem de alturaPneus em EVAQuadro, garfo e guidão em aço carbonoPlaca frontalMesa de direção em Nylon ReforçadoGarrafinhaGuidão com limitador de giroSelim com regulagem e alturaIdade mínima recomendada: A partir de 3 anosCódigo do INMETRO: CE-BRI-INNAC-00407-01A IP-BIC-5721-13-2Limitador do giro do GuidãoNão danica o cabo de freioPreserva a integridade física da CriançaIMPORTANTEOs itens de segurança presentes no produto são essenciais para preservar a integridade física da criança.","{""aro_de_roda"":""12\"""",""cor"":""Azul"",""marca"":""Nathor""}",,Azul,Nathor,,,,,,"12""",,,,,,,,,,,,12,Não informado,Nathor,Não informado,Infantil,Não informado,Aço carbono,Veloz,Não informado,Não informado,Não informado,"Selim em PU com regulagem de altura, Pneus em EVA, Quadro garfo e guidão em aço carbono, Placa frontal, Mesa de direção em Nylon Reforçado, Garrafinha, Guidão com limitador de giro, Selim com regulagem e altura",Não informado,Não informado,Não informado,Não informado,Não informado,Não informado,"Limitador do giro do Guidão, Não danica o cabo de freio, Preserva a integridade física da Criança",Tambor,Nathor,Azul,Aro 12,,,,21Kg,,Aço de Carbono,,,Passeio,
olistsp||OSPX4QZHX9O1KPPO,Bicicleta,Bicicleta Aro 12 Tk Vermelho E ul Track Bikes Arco Iris R,"Linha De Bicicletas Infantil, Indicado Para Idade De 2 A 4 Anos.Dados TécnicosAro Tamanho 12.Quadro: Aço Carbono.Garfo: Aço Carbono.Guidão: Aço Carbono Intregrado.Freios: A Tambor.Selim: Nylon.Pedais: Plástico.Cobrecorrente: Envolvente.Segurança: Selo Do INMETRO.Carga Máxima: 21Kg.Rodas: Nylon.Pneus: E.V.A.Mov. Central: Buchas Plásticas.Pedivela: Aço.Cor: Vermelho E ul.Fornecedor: Track Bickes.Modelo: Arco Iris R. Dimensões Aproximadas Do Produto:Tamanho (Axlxp) - 56X49X64Cm.Peso - 5Kg.Conteúdo Da Embalagem1 Bicicleta. Imagens Meramente Ilustrativas.","{""cor"":""Azul"",""modelo"":""Track""}",,Azul,,,,,,Track,,,,,,,,,,,,,12,Vermelho E ul,Track Bikes,Não informado,Não informado,Infantil,Aço Carbono,Arco Iris R,Não informado,Não informado,Não informado,Não informado,Não informado,Não informado,Não informado,Não informado,Não informado,21Kg,Não informado,A Tambor,Track Bikes,"[Vermelho, Azul]",Aro 12,,,,21Kg,Freio a Disco,Aço Carbono,,Masculino,Passeio,
bike-stilo||23p,Bicicleta,Bicicleta Gios Frx Freeride Aro 26 Freio Disco 21v Verde,"ESPECIFICAÇÕES: - Quadro 26 alumínio frx gios; - Garfo 29 suspensão preto 80mm de curso; - Câmbio dianteiro shimano e cambio traseiro dual; - Alavancas de cambio 7/3 com maçaneta - importada; - Pedivela triplo index preto em alumínio. (obs: trabalhamos com dois modelos de pedivela, com protetor de coroa, e sem protetor, enviamos sempre o modelo disponível em nosso estoque); - Movimento central selado; - Roda livre 7v index; - Corrente index importada; - Cubo dianteiro e traseiro 36 furos preto importado; - Freio a disco 160mm mecânico; - Aro freeride (por conta da grande dificuldade com falta de mercadoria por enquanto nossas bikes gios estao sendo montadas com aro freeride, excelente qualidade, apenas uma marca diferente da vmaxx); - Raio 2.0 zincado preto; - Pneus cravo 26 (2.30); - Selim mtb vazado confort premium; - Canote selim em alumínio; - Abraçadeira de selim com blocagem em alumínio; - Guidão 31.8 alumínio preto; - Suporte guidão ahead set 31.8 alumínio preto; - Pedais plataforma freestyle em nylon; SOBRE O PRODUTO: O quadro Frx teve origem em 2009, nascendo de um projeto com o objetivo principal de convidar o ciclista a ingressar no mundo do “Mountain Bike”, e agora já encontra-se em sua 3a geração. Com uma geometria versátil, decoração variada e aliada ao baixo custo, se tornou posteriormente ao lançamento uma verdadeira referência no ‘’Montain Bike’’. Sua geometria denominada “SLOOP” possibilita ao ciclista a versatilidade de realizar trilhas com subidas e descidas sem dificuldades, bastando a ele uma simples regulagem da altura do selim para que os tais obstáculos sejam vencidos com facilidade. Devido a grande resistência a impactos, tornou-se o quadro mais utilizado pelos praticantes iniciantes e entusiastas da modalidade “DOWNHILL” ou ‘’descida de montanhas’’. Vale ressaltar que a GiosBr é uma empresa renomada no mercado com produtos de notável qualidade, tem como seus componentes e acessórios importados e fabricados na Ásia, assim como os quadros. Alguns com total exclusividade, outros com parcial. Mas todos os produtos são devidamente selecionados, controlados e avaliados para que você tenha total segurança e devidas garantias de que o mesmo atenda todas suas necessidades.Exaustivamente testados e aprovados pelas equipes de testes, os produtos Gios chegam às suas mãos após rigoroso controle de qualidade, garantindo assim a pratica do ciclismo de lazer e/ou competição com produtos extremamente fortes e duráveis, lhes oferecendo o rendimento necessário. Em razão de todas essas características e qualidades, os produtos da marca Gios são muito utilizados por amadores em busca de lazer, entusiastas praticantes do esporte ciclismo e suas várias modalidades, que estão em constante evolução em direção ao rendimento técnico e físico, e assim necessitam de novos equipamentos para novas necessidades.","{""cor"":""Verde"",""marca"":""Shimano"",""tipo"":""Mountain Bike""}",,Verde,Shimano,,,Mountain Bike,,,,,,,,,,,,,,,26,Verde,Gios,Não informado,Não informado,Freeride,alumínio,Frx,Não informado,21v,Suspensão,Não informado,Não informado,Não informado,Não informado,Mountain Bike,Não informado,Não informado,Não informado,Disco,Gios,Verde,Aro 26,26,21 Marchas,"[Dianteira, Traseira]",,Freio a Disco,Alumínio,,Unissex,Mountain Bike,
potencialbikes||k53vermelho17,Bicicleta,Bicicleta Aro 29 Ksw 24v Shimano Freios a Disco Garfo Rígido,"<p>Bicicleta ideal para uso urbano e trilhas leves. </p><p><br></p><p>GARFO: Aluminio 6061 Rigido</p><p> QUADRO : 29"" Alumínio 6061 </p><p> CAIXA DE DIREÇÃO : Semi Integrada </p><p> GUIDÃO : Reto ou Curvo em Alumínio 6061 </p><p> MESA : 80mm em Alumínio 6061 </p><p> MANOPLAS : Borracha Flexível </p><p> TROCADORES : Importado 3 / 8v </p><p> FREIOS : Mecânico a Disco de 160mm </p><p> CÂMBIO DIANTEIRO : Shimano Tourney </p><p> CÂMBIO TRASEIRO : Shimano Tourney </p><p> PEDIVELA : Aço Carbono Revestido </p><p> PEDAL : Plataforma em Nylon </p><p> CORRENTE : Indexada de 8v </p><p> Catraca: Roda Livre de 8 Velocidades </p><p> CANOTE DE SELIM : 27.2mm em Alumínio 6061 </p><p> SELIM : PU com trilho de regulagem </p><p> Aros : Race de Parede Dupla </p><p> PNEU : MTB 29 Cravo </p><p>RECOMENDAÇÃO DE TAMANHO DO QUADRO</p><p>Altura do ciclista: 1,60 até 1,70m – Tamanho de quadro 15"" </p><p>Altura do ciclista: 1,71 até 1,76m – Tamanho de quadro 17""</p><p>Altura do ciclista: 1,77 até 1,82m – Tamanho de quadro 19""</p><p>Altura do ciclista: 1,83 ou mais – Tamanho de quadro 21""</p><p>OBSERVAÇÕES: </p><p>**Prazo de montagem e envio 3 dias úteis**</p><p>Imagens Ilustrativas. Pode haver alguma diferença de tonalidade entre a imagem e o produto real, por conta do tratamento de imagens e a calibração de cores do seu monitor ou celular! </p><p>As fotos do anúncio são feitas com quadros do tamanho 17. </p><p>A geometria do quadro (desenho) pode mudar conforme o tamanho escolhido alterando a inclinação do tubo superior quando quadro é 21 deixando-o mais reto. </p><p>Imagens meramente ilustrativas, podendo ter variação de peças de acordo com nosso estoque, sempre com qualidade igual ou superior! </p><p>Enviamos a bicicleta pré-montada, devidamente embalada, para melhor se acomodar na embalagem de transporte são retirados apenas: selim, pedais, guidão e roda dianteira. </p><p>NÃO COBRE DEFEITOS POR MAU USO OU PELA MONTAGEM / REVISÃO INADEQUADA DO PRODUTO. </p><p>A garantia será validada para as bicicletas montadas e revisadas por uma oficina especializada e é referente apenas ao primeiro proprietário. </p><p>A garantia não se aplica para os itens de desgaste natural, tais como: Pneu, câmaras, cabos, sapatas de freio, centragem de aros, pintura do quadro, componentes da transmissão (corrente, engrenagens do pé de vela, engrenagens do cassete)</p>","{""cor"":""Preto, Vermelho"",""marca"":""KSW"",""tipo"":""Mountain Bike""}",,"Preto, Vermelho",KSW,,,Mountain Bike,,,,,,,,,,,,,,,29,Não informado,Ksw,15,Não informado,Urbana,Alumínio,24v,Não informado,8,Rigido,Não informado,Não informado,Não informado,Não informado,Não informado,Não informado,Não informado,Não informado,Disco,	KSW,"[Preto, Vermelho, Branco]",Aro 29,29,24 Marchas,Dianteira,,Freio a Disco,Alumínio,,,Mountain Bike,
diasbike||14269175877,Bicicleta,Bicicleta 29 Absolute Nero 20V Relação 2x10 Com k7 e Trava,"BICICLETA ARO 29 2X10 20V HIDRÁULICO K7 TRAVA<br> <br>COMPONENTES DA BIKE<br>- Quadro aro 29 Alumínio<br>- Suspensão de 100mm de Curso com Trava no Ombro<br>- Aros Aeros para Disco Folha Dupla<br>- Raios Zincados<br>- Pneus Aro 29 Com Arame<br>- Câmara de Ar Aro 29<br>- Jogo Direção Ahead Set<br>- Suporte Do guidão 31.8<br>- Guidão 31.8 MTB<br>- Canote do Selim MTB<br>- Pedal MTB Plataforma para Testes<br>- Arruela Calço para Ahead Set (1cm)<br>- Manopla MTB Comum<br>- Abraçadeira do Selim com Blocagem<br>- Selim MTB<br>- Disco de Freio De 160mm Parafusos<br>- Freio a Disco Hidráulico Com Pinças e Pastilhas<br> <br>RELAÇÃO (TRANSMISSÃO DA BIKE)<br>- Cassete Indexado de 10 Velocidades 11-42D<br>- Pedivela Alumínio Reforçado Absolute 2v<br>- Trocador Indexado Semi Automático Rapid Fire de 20v Absolute<br>- Cambio Dianteiro 2v Indexado Absolute<br>- Cambio Traseiro 10v Indexado Absolute<br>- Cubos Com Blocagem Sistema Cassete<br> - Corrente Indexado 10v<br>- Jogo de Centro 122.5 selado rolamentado<br>- Imagens da bicicleta são meramente ilustrativas.<br>- Algumas peças da bicicleta podem sofrer variações de cor e de modelo de acordo com o lote de importação.<br>- A Dias Bike não se responsabiliza por recolhimento obrigatório de impostos ICMS por ST cobrado em alguns estados.<br>-Caso não haja alguém para receber o pedido no local de entrega, após as tentativas de entrega da transportadora, o frete do reenvio será de responsabilidade do comprador.<br>-Preço no site são exclusivos para venda online da loja virtual DIAS BIKE, os preços praticados em cada loja podem haver diferença entre os mesmos.<br>- Para as compras de bicicletas, as mesmas serão enviadas lubrificadas e pré-montadas, em função do transporte, a roda dianteira, guidão, selim e pedais são enviados soltos para encaixe.<br>- A garantia não Cobre Defeitos por Mau uso ou Pela Montagem Inadequada do Produto. A Montagem requer conhecimentos em mecânica e manutenção em bicicletas, por isso recomendamos que a montagem das Bicicletas seja feita por Profissionais do ramo em Oficina Especializada.<br>- Algumas Peças podem necessitar de regulagem ou alinhamento.<br>- A montagem, Regulagem e Alinhamento é por conta do comprador.<br>- A Garantia só será validada mediante a comprovação da montagem por um especialista, válida somente para o Primeiro proprietário.<br> <br>","{""marca"":""Absolute Nero""}",,,Absolute Nero,,,,,,,,,,,,,,,,,,29,Nero,Absolute,Não informado,Não informado,Não informado,Alumínio,20V Relação 2x10 Com k7 e Trava,29,20,Com Trava,K7,Não informado,Não informado,Não informado,MTB,Não informado,Não informado,Não informado,Hidráulico,Absolute,"[Azul, Preto]",Aro 29,29,24 Marchas,Dianteira,,Freio a Disco,Alumínio,,,Mountain Bike,
naymulticoisastray||34561,Bicicleta,Bicicleta Aro 29 Freio a Disco Mecânico Quadro 19 Suspensão 21 Marchas Aço Branco Rosa - Dropp,"<p><span><span><strong>Descrição do produto: </strong></span></span><span>Para você que deseja a partir de agora ter uma rotina mais saudável, a bicicleta é uma das melhores opções para dar o start! Além de proporcionar resultados físicos incríveis, pedalar traz a sensação de liberdade e previne também contra o stress no trajeto. A prática quando se tem uma bicicleta completa e funcional se torna também uma forma econômica e saudável para o transporte. Descubra as maravilhas que ela pode fazer por você!</span></p><p><br><span><span><strong>Dimensões <br>Quadro:</strong> 19.</span><br><span><strong>Aro:</strong> 29.</span><br><span><strong>Peso:</strong> 18 Kg.</span></span></p><p><br><span><span><strong>Características</strong> </span><br><span><strong>Quadro:</strong> Dropp - Modelo 29 - Aro 29.</span><br><span><strong>Material Quadro:</strong> Aço.</span><br><span><strong>Material Aro:</strong> Alumínio.</span><br><span><strong>Garfo/Suspensão:</strong> AHET SET Dianteira 80 mm. </span><br><span><strong>Cor:</strong> Branco/Rosa.</span><br><span><strong>Peso Suportado:</strong> Até 130 Kg.</span><br><span><strong>Tipo de Aro:</strong> Aero 36 Furos folha dupla alumínio preto.</span><br><span><strong>Tipo de Freio:</strong> Freio a disco mecânico 160 mm preto Paco.</span><br><span><strong>Tipo de Guidão:</strong> Expandido preto em aço.</span><br><span><strong>Suporte de Guidão:</strong> Mesa preta em alumínio.</span><br><span><strong>Luvas/Manopla:</strong> Preto plus.</span><br><span><strong>Espaçador:</strong> Aheadset em alumínio 3 peças. </span><br><span><strong>Quantidade de Marchas:</strong> 21.</span><br><span><strong>Trocador de Marchas:</strong> Revo Shift Trocador Luva 21V.</span><br><span><strong>Câmbio Dianteiro:</strong> Paco.</span><br><span><strong>Câmbio Traseiro:</strong> Shimano TZ31. </span><br><span><strong>Banco/Selim:</strong> Sport.</span><br><span><strong>Canote de selim:</strong> Aço.</span><br><span><strong>Pedivela:</strong> Reduzido Preto em Aço Sugino.</span><br><span><strong>Pedais:</strong> Plataforma nylon.</span><br><span><strong>Corrente:</strong> 7V.</span><br><span><strong>Catraca:</strong> Roda Livre 7V.</span><br><span><strong>Cubos:</strong> Para disco 36 furos preto eixo de porcas fixo.</span><br><span><strong>Movimento Central:</strong> Roller 122.5 preto selado.</span><br><span><strong>Movimento de Direção:</strong> Aheadset preto.</span><br><span><strong>Pneus:</strong> 29 x 2.10 cravo baixo.</span><br><span><strong>Câmaras :</strong> 29 x 1.95 bico grosso.</span><br><span><strong>Modalidade:</strong> Mountain Bike.</span><br><span><strong>Volumes:</strong> 1 Volume.</span></span></p><p><br><br><span><span><strong>Recomendações de Quadros:</strong></span><br><span><strong>17</strong> - Para ciclistas de 1,55 até 1,75 cm.</span><br><span><strong>19</strong> - Para ciclistas de 1,75 até 1,88 cm.</span></span></p> <p><span><span><strong>Observações importantes</strong></span><br><span>- Produto para uso residencial em ambiente interno, não devendo ficar exposto diretamente ao sol, calor e umidade excessivos.</span><br><span>- Pode haver alguma diferença de tonalidade entre a imagem e o produto real, por conta do tratamento de imagens e a calibração de cores do seu monitor.</span><br><span>- As imagens são meramente ilustrativas, não acompanham objetos de decoração e eletrônicos.</span><br><span>- Ao receber a mercadoria, o cliente deve verificar as condições da embalagem, caso haja alguma avaria não assine o comprovante de recebimento.</span><br><span>- Montagem, desmontagem e outras instalações serão de responsabilidade do cliente. Não nos responsabilizamos, no ato da entrega, por subir escadas/elevadores ou pelo transporte por guincho em apartamentos. Eventuais despesas são de responsabilidade do comprador.</span><br><span>- Confira as dimensões do produto e certifique-se de que passará normalmente por supostos elevadores, portas, escadas e/ou corredores de sua residência</span></span></p>","{""cor"":""Branco, Rosa"",""marca"":""Dropp"",""tipo"":""Mountain Bike""}",,"Branco, Rosa",Dropp,,,Mountain Bike,,,,,,,,,,,,,,,29,Branco Rosa,Dropp,19,Não informado,Não informado,Aço,29,Aero 36 Furos folha dupla alumínio preto,21,AHET SET Dianteira 80 mm,Não informado,Não informado,Não informado,Não informado,Mountain Bikes,Não informado,130 Kg,Não informado,a disco mecânico,Dropp,"[Branco, Rosa]",Aro 29,19,21 Marchas,Dianteira,130Kg,Freio a Disco,Aço,,,Mountain Bike,
potencialbikes||cp28pvd15,Bicicleta,Bicicleta Aro 29 Cripto 24 Marchas Freios Disco e Suspensão,"<p>Bicicleta ideal para uso urbano e trilhas leves.</p><p><br></p> <p><br></p><p>QUADRO : 29"" Alumínio 6061</p><p><br></p><p>SUSPENSÃO : Cursor de 80mm sem trava</p><p><br></p><p>CAIXA DE DIREÇÃO : Semi Integrada</p><p><br></p><p>GUIDÃO : Reto ou Curvo em Alumínio 6061</p><p><br></p><p>MESA : 80mm em Alumínio 6061</p><p><br></p><p>MANOPLAS : Borracha Flexível</p><p><br></p><p>TROCADORES : Importado 3 / 8v</p><p><br></p><p>FREIOS : Mecânico a Disco de 160mm</p><p><br></p><p>CÂMBIO DIANTEIRO : Sunrun/GTA </p><p><br></p><p>CÂMBIO TRASEIRO : Sunrun/GTA </p><p><br></p><p>PEDIVELA : Aço Carbono Revestido</p><p><br></p><p>PEDAL : Plataforma em Nylon</p><p><br></p><p>CORRENTE : Indexada de 8v</p><p><br></p><p>Catraca: Roda Livre de 8 Velocidades</p><p><br></p><p>CANOTE DE SELIM : 27.2mm em Alumínio 6061</p><p><br></p><p>SELIM : PU com trilho de regulagem</p><p><br></p><p>Aros : Race de Parede Dupla</p><p><br></p><p>PNEU : MTB 29 Cravo</p><p><br></p> <p><br></p> <p><br></p><p>OBSERVAÇÕES:</p><p><br></p> <p><br></p><p>Imagens Ilustrativas. Pode haver alguma diferença de tonalidade entre a imagem e o produto real, por conta do tratamento de imagens e a calibração de cores do seu monitor ou celular!</p><p><br></p><p>As fotos do anúncio são feitas com quadros do tamanho 17.</p><p><br></p><p>A geometria do quadro (desenho) pode mudar conforme o tamanho escolhido alterando a inclinação do tubo superior quando quadro é 21 deixando-o mais reto.</p><p><br></p><p>Imagens meramente ilustrativas, podendo ter variação de peças de acordo com nosso estoque, sempre com qualidade igual ou superior!</p><p><br></p><p>Enviamos a bicicleta pré-montada, devidamente embalada, para melhor se acomodar na embalagem de transporte são retirados apenas: selim, pedais, guidão e roda dianteira.</p><p><br></p><p>NÃO COBRE DEFEITOS POR MAU USO OU PELA MONTAGEM / REVISÃO INADEQUADA DO PRODUTO.</p><p><br></p><p>A garantia será validada para as bicicletas montadas e revisadas por uma oficina especializada e é referente apenas ao primeiro proprietário.</p><p><br></p><p>A garantia não se aplica para os itens de desgaste natural, tais como: Pneu, câmaras, cabos, sapatas de freio, centragem de aros, pintura do quadro, componentes da transmissão (corrente, engrenagens do pé de vela, engrenagens do cassete)</p>","{""aro"":""29\"""",""cor"":""Preto, Verde"",""marca"":""GTA"",""tamanho_do_quadro"":""15"",""tipo"":""Mountain Bike"",""tipo_de_suspensao"":""Suspensão Dianteira""}","29""","Preto, Verde",GTA,15,,Mountain Bike,,,,,Suspensão Dianteira,,,,,,,,,,29,Não informado,Não informado,Não informado,Não informado,Não informado,Alumínio,Cripto,Não informado,24,Cursor,Não informado,Não informado,Não informado,Não informado,Urbana e trilhas leves,Não informado,Não informado,Não informado,Disco,GTA,"[Preto, Verde]",Aro 29,15,24 Marchas,Dianteira,120Kg,Freio a Disco,Alumínio,,,Mountain Bike,
cdtbikes||PANDPTOAMAVDE17TIPO3,Bicicleta,Bicicleta Aro 29 Alfameq Pandora Feminina Alumínio Câmbios Shimano 21v Freio a Disco Garfo Suspensão - Preto/Amarelo/Verde,"<p>Bike aro 29 Feminina em alumínio, nova na caixa a pronta entrega, produto com ótima qualidade e acabamento, possui 21 marchas com sistema de alavancas rapid fire que a cada clique uma marcha é trocada, garfo com suspensão, sistema de freio a disco mecânico, câmbio dianteiro e traseiro shimano. Quadro com tubo rebaixado para facilitar subir e descer da bike. Bicicleta pré montada, vai precisar apenas fixar a roda dianteira, guidão, selim e pedais. Segue abaixo características da bike:</p><p><br></p><p>Quadro Alfameq Pandora Alumínio</p><p>Garfo 29 suspensão curso 60mm</p><p>Suporte do guidão em alumínio preto</p><p>Guidão 31.8mm em alumínio preto</p><p>Canote do selim 27.2 s/carrinho</p><p>Selim Sport preto</p><p>Abraçadeira do Selim alumínio Preto</p><p>Aros Aero Parede dupla reforçado</p><p>Raios Pretos</p><p>Cubos Pretos com blocagens</p><p>Pneus 29 Cravo</p><p>Movimento central selado rolamentado</p><p>Freios a disco Mecânicos com discos inox 160mm</p><p>Alavancas Semi-automáticas Rapid Fire</p><p>Câmbio Traseiro Shimano tz</p><p>Câmbio Dianteiro Shimano tz</p><p>Corrente Index</p><p>Pedivela Aço Revestido</p><p>Pedal Plataforma Nylon preto</p><p>Roda Livre 7v index dourada(rosca)</p>","{""cor"":""Preto, Verde"",""marca"":""Alfameq""}",,"Preto, Verde",Alfameq,,,,,,,,,,,,,,,,,,29,PretoAmareloVerde,Alfameq,Não informado,Feminina,Não informado,Alumínio,Pandora,29,21,Garfo Suspensão,Câmbios Shimano,Não informado,Não informado,Não informado,Não informado,Não informado,Não informado,Não informado,Disco,Alfameq,"[Preto, Verde]",Aro 29,17,21 Marchas,,,Freio a Disco,Alumínio,,Feminino,,
bikediasg5||15887437777,Bicicleta,Bicicleta Aro 29 Absolute Nero 4 Freio hidráulico 1x12V,"BICICLETA ARO 29 12 Velocidades Relação 1X12 Freios Hidráulico k7 E TRAVA<br> <br>COMPONENTES DA BIKE<br> <br><br>Quadro aro 29 Alumínio<br>Suspensão de 100mm de Curso<br>Aros Aeros para Disco Folha Dupla<br>Raios Zincados<br>Pneus Aro 29 Com Arame<br>Câmara de Ar Aro 29<br>Jogo Direção Ahead Set<br>Suporte Do guidão 31.8<br>Guidão 31.8 MTB<br>Canote do Selim MTB<br>Pedal MTB Plataforma<br>Arruela Calço para Ahead Set (1cm)<br>Manopla MTB Comum<br>Abraçadeira do Selim com Blocagem<br>Selim MTB<br>Rotor de Freio De 160mm<br>Freio a Disco Hidráulico<br><br> <br>RELAÇÃO (TRANSMISSÃO DA BIKE)<br> <br><br>Cassete 12 Velocidades 11x50D GTA<br>Pedivela Single Two Pieces GTA<br>Trocador Indexado Semi Automático de 12V GTA<br>Cambio Traseiro Indexado MTB 12V GTA<br>Cubos Para com FreeHub para cassete<br>Corrente indexada de 12V<br>Jogo de Centro Hollowtech<br><br>Atenção, a marca da transmissão pode variar de acordo com o estoque, mas garantimos a mesma qualidade e desempenho.","{""cor"":""Grafite, Preto"",""marca"":""Absolute Nero""}",,"Grafite, Preto",Absolute Nero,,,,,,,,,,,,,,,,,,29,Nero,Absolute,Não informado,Não informado,MTB,Alumínio,4,29,12,100mm de Curso,Freio hidráulico,Não informado,Não informado,Não informado,Não informado,Não informado,Não informado,1x12V,Hidráulico,Absolute,"[Grafite, Preto]",Aro 29,29,12 Marchas,Dianteira,,Freio a Disco,Alumínio,,Unissex,Mountain Bike,
krwbikes||spsx29-pto-azl-lar-17,Bicicleta,Bicicleta Aro 29 KRW Spotlight Alumínio 24 Vel Freio a Disco SX29,"<p>A bicicleta KRW Spotlight SX29 foi desenvolvida para quem quer realizar um passeio e pegar trilhas leves. Com seu quadro em alumínio 6061, fornece segurança e leveza no seu pedal. Possuí diversas cores que garante um estilo próprio para você.</p><p>Quadro em alumínio 6061.</p><p>Abraçadeira alumínio de selim 31,8mm</p><p>Alavancas EZ-fire</p><p>Aro aéro 29 parede dupla</p><p>Caixa de direção semi-integrado</p><p>Câmbio dianteiro importado</p><p>Cambio traseiro importado</p><p>Pedivela coroa triplo revestido</p><p>Canote de selim 27.2mm com carrinho</p><p>Corrente index</p><p>Cubo rosca com blocagem</p><p>Espaçador alumínio 10 mm</p><p>Garfo suspensão mecânica</p><p>Guidão alumínio 31.8mm</p><p>Kit cabo com conduiter</p><p>Mesa alumínio 31.8mm</p><p>Movimento central rolamentado 122mm</p><p>Pedal plataforma com refletor</p><p>Pinça de freio a disco com rotor de 160mm</p><p>Pneu 29</p><p>Raio 285x2.0mm aço preto</p><p>Roda livre 8 velocidades index</p><p>Selim mtb.</p><p>OBS: IMAGEM MERAMENTE ILUSTRATIVA, BIKE VAI CONFORME DESCRIÇÃO</p><p>RECOMENDAÇÃO DE TAMANHOS</p><p>Altura do ciclista: 1,55 até 1,65m Tamanho de quadro 15.5""</p><p>Altura do ciclista: 1,65 até 1,75m Tamanho de quadro 17""</p><p>Altura do ciclista: 1,75 até 1,82m Tamanho de quadro 19""</p><p>Altura do ciclista: 1,82 até 1,90m ou mais Tamanho de quadro 21""</p><p>MONTAGEM</p><p>A bicicleta é montada, porém, para acomodação na embalagem e transporte, algumas peças são enviadas desmontadas.</p><p>A montagem é de responsabilidade do cliente e é necessário efetuar regulagem de câmbio ao receber o produto.</p><p>GARANTIA:</p><p>NÃO COBRE DEFEITOS POR MAU USO OU PELA MONTAGEM / REVISÃO INADEQUADA DO PRODUTO.</p><p>A garantia será validada para as montadas e revisadas por uma oficina especializada e é referente apenas ao primeiro proprietário.</p><p>A garantia não se aplica para os itens de desgaste natural, tais como: Pneu, câmaras, cabos, pastilhas de freio, centragem de aros, pintura</p><p>do quadro, componentes da transmissão (corrente, engrenagens do pedivela, engrenagens do cassete ou roda livre ).</p><p>Obs: Até 2 dias para montar e despachar</p>","{""aro"":""29\"""",""marca"":""KRW""}","29""",,KRW,,,,,,,,,,,,,,,,,,29,Não informado,KRW,Não informado,Não informado,Não informado,Alumínio,Spotlight SX29,29,24,Mecânica,Não informado,Não informado,Não informado,Não informado,Não informado,Não informado,Não informado,Não informado,Disco,KRW,"[Preto, Azul, Laranja]",Aro 29,,24 Marchas,Dianteira,,Freio a Disco,Alumínio,,,Mountain Bike,
thrbike||20F2B,Bicicleta,Bicicleta infantil feminina  aro 20 aero e roda lateral de apoio branca,"<p>A Bicicleta é a companheira ideal para você que curte pedalar e se aventurar em seus passeios, a Bike lhe proporciona toda a qualidade e segurança da marca, além de possuir um design ergonômico para o seu conforto. Conta com pintura em cores alegres e vibrantes e adesivos estilosos em alto brilho.</p><p><br></p><p> Especificações:</p><p> • Tamanho: Aro 20;</p><p> • Peso aproximado: 13 kg.</p><p> • Bicicleta Infantil</p><p> • Paralamas e proteção de coroa</p><p><br></p><p>• Acompanha Rodas Auxiliares;</p><p><br></p><p> Características:</p><p> • Modelo: Feminina;</p><p> • Quadro e Garfo fabricados em aço carbono;</p><p> • Aros Aeros fabricados em alumínio;</p><p> • Cesta Aramada;</p><p> • Adesivos em alto brilho;</p><p> • Freios V-Brake;</p><p> • Raios: Aço 2.0x185mm;</p><p> • Manopla em pvc simples Colorida;</p><p> • Guidão: Com suporte Embutido;</p><p> • Garfo: Standard rígido;</p><p> • Movimento central: 4,5 cm;</p><p> • Caixa de direção: Standard;</p><p> • Pedais: Plástico com refletor;</p><p> • Selim: Cairu;</p><p> • Canote do selim: Aço carbono;</p><p> • Pedivela: Monobloco, 140mm;</p><p> • Pneus: 20x1,75;</p><p> • Coroa dianteira: 40 dentes aço carbono;</p><p><br></p><p>• Acompanha Rodas Auxiliares;</p><p><br></p><p> Importante:</p><p> • Imagem ilustrativa, pode haver diferença de tonalidade entre a imagem e o produto real por conta do tratamento de imagens e a calibração de cores da tela de seu monitor ou aparelho;</p><p> • A bicicleta é enviada pré-montada e para se acomodar à embalagem de envio os seguintes itens são enviados desmontados: selim, pedais, guidão e roda dianteira. A instalação dessas peças é de responsabilidade do cliente;</p><p> • Não nos responsabilizamos por defeitos causados por montagem inadequada. Recomendamos que seja feita por um profissional especializado.</p>","{""genero"":""Feminino""}",,,,,Feminino,,,,,,,,,,,,,,,,20,branca,Não informado,Não informado,feminina,infantil,aço carbono,aero,Não informado,Não informado,rígido,aro de roda lateral de apoio,Não informado,Não informado,Não informado,Não informado,Não informado,Não informado,Não informado,V-Brake,Rossi,"[Branco, Rosa]",Aro 20,,,,88Kg,Freio V-Brake,Aço Carbono,Bella,Feminino,,
lojaacheipneus||1002245-1002247,Bicicleta,Bicicleta Aro 29 KSW XLT 100 21V Shimano Quadro 19 Grafite,"<strong>Bicicleta Aro 29 KSW XLT 100 21V Shimano Quadro 19 Grafite</strong><br><br>A XLT 100 21V foi projetada para atender as pessoas que buscam uma bicicleta para passeios urbanos ou nas estradas de terra.<br>Possui um conjunto de componentes de execelente custo benefício. Ideal para quem esta iniciando no ciclismo!<br><br>Específicações técnicas:<br><br>Dimensões: 80 × 148 × 23 cm<br>Aro: 29<br>Genero: Masculino/Feminino<br>Modalidade: MOUNTAIN BIKE<br>Indicação: Passeios na cidade ou fora de estrada.<br>Suspensão: Suspensão 29 aço ahead set 28,6mm preta com canelas de 38mm e travel de 80mm<br>Cubo dianteiro: Cubo aço dianteiro com esfera preto eixo furado 3/8x180mm com espaçador p/ freio a disco 36 furos<br>Cubo traseiro: Cubo aço traseiro com esfera preto eixo furado 3/8x180mm com espaçador p/ freio a disco 36 furos<br>Pneus: Pneu 29 x 2.10 MTB PACO NOMAD<br>Canote: Canote de selim alumínio 27.2mm x 350mm preto com trava<br>Abraçadeira: Aluminio<br>Mesa: Suporte de guidão ahead alumínio 60 a 90mm x 31.8mm 7 graus preto<br>Guidão: Reto Alumínio<br>Manopla: MTB em borracha cor Preta<br>Cambio dianteiro: Cambio dianteiro Shimano Tourney RD-TZ31-A GS 6/7V ARDTZ31GSD<br>Corrente: Corrente 7 velocidades index 1/2×3/32 116 elos sólidos de pinos sólidos.<br>Pedivela: Pedivela Aço triplo (24/34/42) 170 mm preto com protetor de corrente<br>Pedal: Nylon Preto<br>Freio: Mecânico com rotores de 160mm com calipers na cor preta<br>Alavanca de Cambio: Alavanca de cambio tripla v-fire 21v<br>Selim: MTB<br>Movimento Central: 34.7mm selado 122.5mm<br>Camara: 29X2.10 Americana 48 mm<br>Peso do Produto: 15,500 KG<br>Marchas: 21 Marchas (3 X 7)<br>Quadro: XLT 100<br>Caixa de direção: Semi integrada mega over aheadset 1.1/8*44*30<br>Cambio traseiro: Cambio traseiro Shimano Tourney FD-TZ 500 42D 31.SMM DOWN SWING AFDTZ500DSTM16<br>Raios: Aço 2.0 x 288<br>Espaçador: 10 mm em Alumínio.","{""aro"":""29\"""",""marca"":""KSW"",""tamanho_do_quadro"":""19"",""tipo"":""Mountain Bike""}","29""",,KSW,19,,Mountain Bike,,,,,,,,,,,,,,,29,Grafite,KSW,19,Masculino/Feminino,Mountain Bike,Não informado,XLT 100,29,21,Suspensão 29 aço ahead set 286mm preta com canelas de 38mm e travel de 80mm,Não informado,Não informado,Não informado,Não informado,MOUNTAIN BIKE,Não informado,Não informado,Não informado,Mecânico,KSW,Grafite,Aro 29,19,21 Marchas,Dianteira,120Kg,Freio Mecânico,Alumínio,,Unissex,Mountain Bike,
cdtbikes||XLTPTOLAR21TIPO8,Bicicleta,Bicicleta aro 29 Ksw Xlt 24v Câmbios Shimano Freios Hidráulicos Garfo com Suspensão - Preto/Laranja,"<p>Bike aro 29 Xlt Ksw em alumínio, nova na caixa a pronta entrega, produto com ótima qualidade e acabamento, possui 24 marchas com câmbio dianteiro e traseiro Shimano e sistema de alavancas rapid fire que a cada clique uma marcha é trocada, garfo com suspensão, sistema de freio a disco hidráulico(óleo). Quadro com tubo rebaixado para facilitar subir e descer da bike. Bicicleta pré montada, vai precisar apenas fixar a roda dianteira, guidão, selim e pedais. </p><p><br></p><p><br></p><p>Segue abaixo características da bike:</p><p><br></p><p>Quadro 29 Xlt Ksw em alumínio 6061</p><p>Garfo 29 suspensão curso 60mm</p><p>Suporte do guidão em alumínio preto</p><p>Guidão 31.8mm em alumínio preto</p><p>Canote do selim 27.2 sem carrinho</p><p>Selim Sport preto</p><p>Abraçadeira do Selim alumínio Preto</p><p>Aros Aero Parede dupla reforçado</p><p>Raios Pretos</p><p>Cubos Pretos aço</p><p>Pneus 29 cravudo</p><p>Movimento central selado rolamentado</p><p>Freios a disco Hidráulicos(a óleo) com discos inox 160mm</p><p>Alavancas Semi-automáticas Rapid Fire</p><p>Câmbio Traseiro shimano tz</p><p>Câmbio Dianteiro shimano tz</p><p>Corrente Index</p><p>Pedivela Aço Revestido</p><p>Pedal Plataforma Nylon preto</p><p>Roda Livre 8v index dourada (rosca)</p><p><br></p>","{""cor"":""Preto, Laranja"",""marca"":""KSW"",""tamanho_do_quadro"":""21""}",,"Preto, Laranja",KSW,21,,,,,,,,,,,,,,,,,29,PretoLaranja,Ksw,Não informado,Não informado,Não informado,alumínio,Xlt,Não informado,24,suspensão,"Câmbio Shimano, Freios Hidráulicos, Garfo com Suspensão",Não informado,Não informado,Não informado,Não informado,Não informado,Não informado,Não informado,disco hidráulico,KSW,"[Preto, Laranja]",Aro 29,29,24 Marchas,,,Freio a Disco,Alumínio,,Feminino,,
rvbikeevariedades||16028887429,Bicicleta,Bicicleta infantil masculino Mechanic Aro 12 NATHOR rodinhas,"<p>A RV Bike e Variedades Online está comprometida em enviar seu produto com AGILIDADE e SEGURANÇA.</p><p>-----------------------------------------------------------------</p><p>CLIQUE EM 'VER MAIS PRODUTOS' PARA ENCONTRAR SEU PRODUTO IDEAL</p><p>-----------------------------------------------------------------</p><p><br></p><p>BENEFÍCIOS:</p><p>Produto original com NOTA FISCAL.</p><p>ENVIO MAIS RÁPIDO.</p><p>MARCAS CERTIFICADAS: mais segurança na hora de pedalar.</p><p><br></p><p>Equilíbrio e estabilidade em suas primeiras pedaladas:</p><p><br></p><p>As bicicletas da Nathor são certificadas pelo Instituto Nacional de Metrologia, Normalização e Qualidade Industrial (INMETRO), e estão dentro da Norma Mercosul que garantem segurança e desempenho das bicicletas infantis.</p><p><br></p><p>CONTÉM: 1 bicicleta infantil masculina + 1 garrafinha de água</p><p><br></p><p>A Nathor utiliza da tecnologia para conquistar alta qualidade, contando com as máquinas mais avançadas no processo de fabricação. (característica da marca)</p><p><br></p><p>DETALHES:</p><p><br></p><p>rodas de treinamento, para a SEGURANÇA dos mais pequenos.</p><p><br></p><p>freio a tambor, menos desgaste e MENOS MANUTENÇÃO.</p><p><br></p><p>com cortes a laser, oferecendo DETALHES PERFEITOS.</p><p><br></p><p>soldas por robôs, garantindo SEGURANÇA na hora das crianças brincarem.</p><p><br></p><p>dobras computadorizadas, diversão com mais CONFORTO E SEGURANÇA.</p><p><br></p><p>CARACTERÍSTICAS:</p><p><br></p><p>Cor: Preto/Vermelho</p><p><br></p><p>Modelo: Mechanic</p><p><br></p><p>Marca: Nathor</p><p><br></p><p>Aro 12</p><p><br></p><p>Altura: 90 - 100 cm</p><p><br></p><p>Material: Aço carbono e plástico.</p><p><br></p><p>Idade: +3 anos</p><p><br></p><p>PORQUE COMPRAR?</p><p>Toda criança ama ganhar de presente uma bicicleta para brincar ao ar livre. Bike é brinquedo!</p><p><br></p><p>Sabemos que você quer segurança ao comprar sua bike e acessórios, por isso escolhemos as MELHORES MARCAS e os MELHORES MODELOS para você fazer a melhor compra da sua vida.</p><p><br></p><p>GARANTIA: 3 meses de garantia direto com o fabricante.</p><p><br></p><p>PERGUNTAS E RESPOSTAS:</p><p><br></p><p>1-A BICICLETA É PESADA?</p><p>R: Não, ela é feita de Aço Carbono e plástico e por isso é leve e ideal para as crianças.</p><p><br></p><p>2-TEM RODINHAS?</p><p>R: Sim, vem com rodinha de treinamento altamente seguro para os pequenos.</p><p><br></p><p>3-VEM COM A GARRAFINHA DA FOTO?</p><p>R: SIM! A garrafinha vai junto e as crianças amam.</p><p><br></p><p>A RV Bike e Variedades é especializada em garantir o sucesso e alegria dos ciclistas e motoqueiros, que garantem os melhores produtos com o melhor preço.</p>","{""genero"":""Masculino"",""marca"":""Nathor""}",,,Nathor,,Masculino,,,,,,,,,,,,,,,,12,PretoVermelho,Nathor,Não informado,Masculino,Infantil,Aço carbono e plástico,Mechanic,Não informado,Não informado,Não informado,"Rodas de treinamento, freio a tambor, cortes a laser, soldas por robôs, dobra computadorizadas",Não informado,Não informado,Não informado,Não informado,90 - 100 cm,Não informado,Garrafinha de água,Tambor,Nathor,"[Preto, Azul, Vermelho]",Aro 12,,,,21Kg,Freio a Tambor,Aço Carbono,Mechanic,Masculino,,
magazineluiza||212737400,Bicicleta,Bicicleta Caloi 400 Aro 26 21 Marchas,"A Caloi 400 é uma bike em alumínio com amortecimento de 45mm ideal para pedalar com conforto pelas cidades, em parques e ciclofaixas. Foi desenvolvida exclusivamente para as necessidades femininas. Os componentes Caloi e os câmbios Shimano tornam a pedalada mais eficiente e duradoura.","{""aro"":""26\"""",""cor"":""Cinza"",""marca"":""Caloi"",""material_do_quadro"":""Alumínio"",""numero_de_marchas"":""21 Marchas"",""tipo"":""Passeio""}","26""",Cinza,Caloi,,,Passeio,Alumínio,,,21 Marchas,,,,,,,,,,,26,Não informado,Caloi,Não informado,Feminino,Não informado,alumínio,400,Não informado,21,45mm,Não informado,Não informado,Não informado,Não informado,Não informado,Não informado,Não informado,Não informado,Não informado,Caloi,Cinza,Aro 26,16,21 Marchas,Dianteira,100Kg,Freio V-Brake,,,Masculino,,
vipautomacao||23923,Bicicleta,Bicicleta infantil aro 12 balance bike garden nathor unidade,"BICICLETA INFANTIL ARO 12 BALANCE BIKE GARDEN NATHOR UNIDADEMarca: NATHORBICICLETA INFANTIL ARO 12 BALANCE BIKE GARDEN<br>Unidade: UNIDADE<br>Balance bike drop Bicicleta do equilíbrio <br> <br> <br>A Balance bike é indicada para crianças a partir de 2 anos ou com altura entre 85cm e 100cm. <br> <br> <br>A entrada perfeita para o mundo das bikes! <br> <br> <br>Pensada para auxiliar no desenvolvimento do equilíbrio, da coordenação bilateral e da percepção de espaço, a Balance não possui pedais ou rodinhas laterais. <br> <br> <br>Crianças que brincam com a Balance desenvolvem equilíbrio estático e dinâmico, e têm muita facilidade para, posteriormente, pedalar uma bike comum – e sem o auxílio de rodinhas laterais. <br> <br> <br>A Balance também age na construção da autoestima e da confiança, pois dá autonomia para a criança.Produto originalTrabalhamos com os melhores produtos para Você! Corra e aproveite os melhores preços para você!","{""marca"":""Nathor""}",,,Nathor,,,,,,,,,,,,,,,,,,12,Não informado,NATHOR,Não informado,infantil,balance bike,Não informado,GARDEN,Não informado,Não informado,Não informado,Não informado,Não informado,Não informado,Não informado,Não informado,Não informado,Não informado,Não informado,Não informado,Nathor,"[Amarelo, Rosa]",Aro 12,,,,21Kg,,Aço Carbono,,Feminino,,
tajunabike||MWZABCOVLT15TIPO11,Bicicleta,Bicicleta Feminina aro 29 Ksw Mwza 27v Câmbios Shimano Altus Freios Hidráulicos - Branco/Violeta,"<p>Bike Feminina aro 29, com quadro KSW MWZA, nova na caixa a pronta entrega, produto com ótima qualidade e acabamento, possui 27 marchas com sistema de alavancas rapid fire que a cada clique uma marcha é trocada, câmbio dianteiro SHIMANTO ALTUS e traseiro SHIMANO ALTUS (M370 OU M2000, DEPENDERÁ DA DISOPONIBILIDADE NO ESTOQUE) , garfo com suspensão e sistema de trava para melhor performance, sistema de freio a disco hidráulico, pneus com cravo baixo para uso em terra e asfalto. Bicicleta pré montada, vai precisar apenas fixar a roda dianteira, guidão, selim e pedais. Segue abaixo características da bike:</p><p><br></p><p>Quadro 29 KSW MWZA em Alumínio</p><p>Garfo 29 suspensão ABSOLUTE com Trava no Ombro Suporte do guidão em alumínio preto</p><p>Guidão 31.8mm em alumínio preto</p><p>Canote do selim 27.2 em alumínio preto Com carrinho</p><p>Selim Sport Preto</p><p>Abraçadeira do Selim alumínio Preto</p><p>Aros Aero Parede dupla reforçado</p><p>Raios Pretos</p><p>Cubos em Alumínio K7 Pretos com blocagens</p><p>Pneus 29 com cravo</p><p>Movimento central selado rolamentado</p><p>Freios a disco Hidráulicos om discos inox 160mm</p><p>Alavancas Semi-automáticas Rapid Fire GTA ou SUNRUN</p><p>Câmbio Traseiro SHIMANO ALTUS 27V (M370 OU M2000, DEPENDERÁ DA DISOPONIBILIDADE NO ESTOQUE)</p><p>Câmbio Dianteiro SHIMANO ALTUS</p><p>Corrente Index DTO</p><p>Pedivela SHIMANO Mt101 ou M371 27v(DEPENDERÁ DA DISOPONIBILIDADE NO ESTOQUE) </p><p>Pedal Plataforma Nylon preto</p><p>Cassete k7 GTA 11/32 cromada</p>","{""marca"":""KSW""}",,,KSW,,,,,,,,,,,,,,,,,,29,BrancoVioleta,Ksw,Não informado,Feminina,Não informado,Alumínio,Mwza,Não informado,27,Não informado,Freios Hidráulicos,Não informado,Não informado,Não informado,Não informado,Não informado,Não informado,Não informado,Hidráulico,KSW,"[Branco, Violeta]",Aro 29,29,27 Marchas,Dianteira,,Freio a Disco,Alumínio,,Feminino,,
tajunabike||ATXPTOCZA21TIPO6PNBEGE,Bicicleta,Bicicleta Aro 29 Alfameq Atx 24v Freios a Disco Hidráulicos Garfo Suspensão Pneu com Faixa Bege - Preto/Cinza,"<p>Bike aro 29 em alumínio , nova na caixa a pronta entrega, produto com ótima qualidade e acabamento, possui 24 marchas com sistema de alavancas rapid fire que a cada clique uma marcha é trocada, garfo com suspensão, sistema de freio a disco hidráulico(óleo). Bicicleta pré montada, vai precisar apenas fixar a roda dianteira, guidão, selim e pedais.</p><p>Segue abaixo características da bike:</p><p><br></p><p>Quadro 29 Alfameq Atx em alumínio</p><p>Garfo 29 suspensão curso 60mm</p><p>Suporte do guidão em alumínio preto</p><p>Guidão 31.8mm em alumínio preto</p><p>Canote do selim 27.2 s/carrinho</p><p>Selim Sport preto</p><p>Abraçadeira do Selim alumínio Preto</p><p>Aros Aero Parede dupla reforçado</p><p>Raios Pretos</p><p>Cubos Pretos Aço</p><p>Pneus 29 cravudos</p><p>Movimento central selado rolamentado</p><p>Freios a disco Hidráulicos com discos inox 160mm</p><p>Alavancas Semi-automáticas Rapid Fire</p><p>Câmbio Traseiro Index Importado 8v</p><p>Câmbio Dianteiro Index Importado 3v</p><p>Corrente Index 24v</p><p>Pedivela Aço Revestido</p><p>Pedal Plataforma Nylon preto</p><p>Roda Livre 8v index dourada(rosca)</p>","{""cor"":""Preto, Rosa"",""marca"":""Alfameq""}",,"Preto, Rosa",Alfameq,,,,,,,,,,,,,,,,,,29,PretoCinza,Alfameq,Não informado,Não informado,Não informado,alumínio,Atx 24v,Não informado,24,Suspensão,"Freios a Disco Hidráulicos, Garfo Suspensão, Pneu com Faixa Bege",Não informado,Não informado,Não informado,Não informado,Não informado,Não informado,Não informado,a disco Hidráulicos,Alfameq,"[Bege, Preto, Cinza]",Aro 29,29,24 Marchas,,,Freio a Disco,Alumínio,,,Mountain Bike,
dsmultilojas||10728,Bicicleta,Bicicleta Bicicletinha  de Equilíbrio Vermelha 4 Rodas  Buba,"INFORMAÇÕES DO PRODUTO:<br>- Informação Adicional: +12m<br>- Estrutura em Metal<br>- Medida: 35 x 20 x 50 (AxLxP) cm<br>- Embalagem: Caixa: 19,5 x 47 x 16 (AxLxP) cm<br>- Features:<br> Estimula o equilíbrio<br> Guidão móvel e macio<br> Estrutura em metal<br>","{""marca"":""Buba""}",,,Buba,,,,,,,,,,,,,,,,,,Não informado,Vermelha,Buba,Não informado,Não informado,Bicicletinha de Equilíbrio,Metal,Não informado,Não informado,Não informado,Não informado,Guidão móvel e macio,Não informado,Não informado,Não informado,Não informado,35 x 20 x 50,Não informado,Estrutura em Metal,Não informado,Buba,Vermelho,,,,,,,,,Unissex,,
magazineluiza||202054500,Bicicleta,Bicicleta Fisher Altay Aro 26 21 Marchas,"Bicicleta juvenil unissex com aro 26. Possui design inovador através de formas, cores e detalhes planejados para combinar com seu jeito. É recomendado a partir de 13 anos. Aprovado pelo INMETRO.","{""aro"":""26\"""",""cor"":""Preto"",""modelo"":""100"",""numero_de_marchas"":""21 Marchas"",""tipo"":""Passeio""}","26""",Preto,,,,Passeio,,100,,21 Marchas,,,,,,,,,,,26,Não informado,Fisher,Não informado,Unissex,Juvenil,Não informado,Altay,Não informado,21,Não informado,Não informado,Não informado,Não informado,Não informado,Não informado,Não informado,Não informado,Aprovado pelo INMETRO,Não informado,Fischer,"[Preto, Prata]",Aro 26,,21 Marchas,,,Freio V-Brake,Aço Carbono,,Unissex,Mountain Bike,
diasbike||25305,Bicicleta,Bicicleta Aro 29 Kog 12V Freio Disco Hidráulico Trava,"KOG<br> <br>A KOG é uma marca da Dias Bike, baseada em toda a experiencia acumulada ao longo de mais de 30 anos no mercado de ciclismo e motocicletas. A experiencia nos permitiu desenvolver bicicletas que com um ótimo custo benefício, tanto para pedais urbanos para te levar a todos os lugares, como também bicicletas prontas para encarar os mais diversos obstáculos em uma trilha. A KOG foi pensada e desenvolvida especialmente para quem está iniciando no Mountain Bike e conciliando conforto e desempenho.<br> <br>**Bike Indicada para Uso Urbano, Trilhas Leves e Intermediarias**<br> <br>FICHA TECNICA<br> <br>- Quadro aro 29 Alumínio Cabeamento Interno<br>- Suspensão de 100mm Trava no Ombro<br>- Aros Aeros para Disco Folha Dupla<br>- Raios Zincados<br>- Pneus Aro 29 Com Arame<br>- Câmara de Ar Aro 29<br>- Jogo Direção Ahead Set<br>- Suporte Do guidão 31.8<br>- Guidão 31.8 MTB<br>- Canote do Selim MTB <br>- Pedal MTB Plataforma<br>- Arruela Calço para Ahead Set (1cm)<br>- Manopla MTB Comum<br>- Abraçadeira do Selim com Blocagem<br>- Selim MTB <br>- Disco de Freio De 160mm Parafusos<br>- Freio a Disco Hidráulico Com Pinças e Pastilhas<br> <br>RELAÇÃO (TRANSMISSÃO DA BIKE)<br> <br>- Cassete 12V Indexado<br>- Pedivela Single Alumínio <br>- Trocador Indexado Semi Automático Rapid Fire de 12V<br>- Cambio Traseiro Indexado MTB 12v Velocidades<br>- Cubos Cassete (K7)<br>- Corrente indexada de 12 Velocidades<br>- Jogo de Centro<br> <br>Dias Bike<br> <br>Bem vindo a Dias Bike! A Dias Bike é uma loja física e virtual que faz parte da família Dias Bike e Dias Moto Peças, que possuem mais de 10 lojas físicas e uma distribuidora atacadista, atuando no mercado de ciclismo a mais de 30 anos. A empresa comercializa bicicletas prontas, peças e acessórios para bicicletas em geral, tudo a sua disposição e com a comodidade de receber o produto em sua casa em qualquer lugar do Brasil com toda garantia de entrega e a certeza de sua satisfação.","{""aro"":""29\"""",""tamanho_do_quadro"":""19""}","29""",,,19,,,,,,,,,,,,,,,,,29,Não informado,KOG,Não informado,Não informado,Mountain Bike,Alumínio,Não informado,29,12,Trava no Ombro,Cabeamento Interno,Não informado,Não informado,Não informado,Urbano,Não informado,Não informado,Não informado,Disco Hidráulico,Kog,"[Preto, Rosa, Cinza]",Aro 29,19,12 Marchas,,,Freio a Disco,Alumínio,,,Mountain Bike,
vikingsbikes||15595045046,Bicicleta,Bicicleta tsw hurry rockshox 12v xtime,"--------------------------------<br>Somos a Vikings Bikes<br>--------------------------------<br>Uma empresa especializada no ramo de esportes, no mercado desde 2018 buscamos o melhor em equipamentos para nossos clientes, para assim proporcionar sempre a melhor experiência.<br>Todos produtos vendidos através da plataforma são enviados em até 24 horas úteis.<br>Todos produtos disponíveis no anúncio à PRONTA ENTREGA.<br>Todos produtos acompanham a NOTA FISCAL.<br>Qualquer dúvida entre em contato que nossa equipe estará pronta para atender da melhor forma possível.<br>Att., Vikings Bikes<br> <br>-------------------------------------------------<br>CARACTERÍSTICAS DA BICICLETA<br>-------------------------------------------------<br>BICICLETA TSW HURRY SUSPENSÃO ROCK SHOX CÂMBIO SHIMANO DEORE 12V<br> <br>A Hurry é a companheira ideal do ciclista que não tem medo de explorar o novo! <br>Novos giros, novas cores, novos resultados... A Hurry vai te levar a viver novas e incríveis experiências no MTB.<br>Desde a sua primeira inserção no mercado, a Hurry já marcou a vida de milhares de ciclistas brasileiros e segue se tornando uma bike referência em design, conforto e agilidade! A linha 2021/22 não será diferente e promete ainda mais emoção agora com as excelentes suspensões Rock Shox Judy compondo a configuração desta máquina. <br> <br>Rapidez nas estradas e na evolução da sua performance!<br> <br>Ao pedalar uma Hurry, você vai perceber que a performance anda sempre em conjunto com a qualidade do equipamento. A entrega deve ser mútua: ciclista e bike, num mesmo ritmo. E com a Hurry a entrega de um excelente resultado estará garantida! <br>O movimento de direção tapered + guidão com 9o de backsweep permite o controle otimizado das manobras e um retorno satisfatório da bike durante a pilotagem, enquanto os demais elementos Shimano (cubo, freio e câmbio traseiro) + pneus Arisun oferecem precisão e aderência aos movimentos da bike sobre o solo.<br> <br>----------------------------------------------- <br>ESPECIFICAÇÃO DAS PEÇAS <br>--------------------------------------------------<br> <br>Quadro<br>TSW Hurry 29"" | Alumínio 6061 | Direção Tapered | M. Central BSA | Freio Poust Mount | Eixo de 9 mm | Geometria atualizada 2021<br>Suspensão dianteira<br>Rock Shox Judy | 100 mm | Trava Remota | Ajuste de Preload | Off set 46 mm<br>Movimento de direção<br>Tapered | Semi-integrada (ZS) | Esfera<br>Guidão<br>TSW | Reto | Alumínio | 31.8 x 740 mm | 9o backsweep<br> <br>Suporte de guidão<br>Ahead | Alumínio | 70 mm/17°<br> <br>Manopla<br>MTB – TSW light<br> <br>Conjunto de freio<br>X-Time | Disco | Hidráulico<br> <br>Disco de freio<br>Shimano | Center Lock | 160 mm | RT-30<br> <br>Aro / Raio<br>TSW T-9000 Tubeless Ready | 29"" | Alumínio | Dupla camada | 32Furos | Ilhós | Válvula Fina ( Presta ) | Raio Preto<br> <br>Cubo<br>Dianteiro: Shimano TX-505 | Alumínio | 32 furos | Dianteiro/Traseiro<br> <br>Pneu / Câmara de ar<br>Pneu: Arisun Bona/Graham 29×2.10"" | Câmara: 29"" | Válvula presta 48 mm<br> <br>Pedivela<br>X-Time | Direct mount | Braço 170 mm | Coroa 32D. com off set 0<br> <br>Corrente<br>Shimano Deore | 12 velocidades<br> <br>Movimento central<br>X-Time | Integrado | BSA | BC 34.7 mm (1.37"") | Pedivela MTB 24 mm<br> <br>Cassete<br>Sram SX | 11-50T | 12 Velocidades<br> <br>Câmbio traseiro<br>Shimano Deore RD 6100| 12 velocidades | Shimano Shadow plus<br> <br>Alavanca<br>Traseira | Shimano Deore SL-M6100 | 12 Velocidades<br> <br>Selim<br>TSW MTB (vazado)<br> <br>Canote<br>TSW Alumínio | 31.6 x 400 mm | Carrinho | Parafuso duplo | Microajuste<br> <br>Abraçadeira<br>Alumínio | 34.9 | Blocagem<br> <br>Pedal<br>Inglês | Alumínio | Preto<br> <br>Peso<br>14.2 kg (17.5)<br> <br>-------------------------------------------------------------<br>INFORMAÇÕES SOBRE A GARANTIA TSW<br>-----------------------------------------------------------------------<br> <br>COBERTURA:<br> - Exclusiva para o(a) primeiro(a) proprietário(a) do produto, conforme CPF registrado no cupom fiscal de venda ou na nota fiscal, sendo sua cobertura anulada caso o adquirente original venda ou transfira o produto para terceiros;<br> - A cobertura desta garantia tem validade somente no Brasil, país de origem da TSW Bike e único território em que a marca é comercializada oficialmente.<br> <br>Prazos<br>A garantia dos quadros TSW seguirá as seguintes regras e prazos:<br> <br>Quadros de Alumínio: 05 (cinco) anos, contados a partir da emissão da Nota Fiscal<br> <br>Quadros de Carbono: 02 (dois) anos, contados a partir da emissão da Nota Fiscal<br> <br>As garantias citadas acima são válidas apenas pro PRIMEIRO DONO.<br> <br>A garantia não se aplica quando:<br><br>O dono da bicicleta (obrigatoriamente o primeiro proprietário) não apresentar a nota fiscal de compra originária;<br>A bicicleta não se encontrar em suas configurações originais de fábrica;<br>Não forem apresentadas todas as imagens do quadro solicitadas pelo time de Garantia da TSW Bike; ou, em havendo a solicitação, não ocorrer o envio da bicicleta completa para a realização de uma perícia. Nas duas hipóteses, a equipe responsável pela avaliação concluirá que não há condições de emitir um parecer assertivo acerca do defeito reclamado;<br>A bicicleta for adquirida de terceiros (pessoa física) em plataformas on-line de vendas por leilão;<br>Os danos observados forem decorrentes da utilização da bicicleta para fins comerciais, por pessoa física ou jurídica (aluguel, por exemplo);<br>Os danos forem causados por acidentes ou desvio de finalidade e abuso na utilização do produto (pedalar com apenas uma roda; saltar por rampas ou lombadas; etc.); ou pela exposição da bicicleta a condições inadequadas, bem como por aqueles defeitos causados por influência de substâncias ou produtos químicos;<br>Os danos forem causados por montagem incorreta, descaracterização do produto ou quando as dimensões da bicicleta não corresponderem ao tamanho ideal recomendado para o usuário;<br>O número de série do produto estiver obstruído ou raspado;<br>O cadastro do produto não for realizado em até 30 dias após a compra (a partir da data de emissão da nota fiscal).<br><br>Garantia para demais itens:<br> <br>Prazos (contados a partir da data de emissão da nota fiscal):<br>Componentes em geral: 90 dias<br>Pneus e câmaras: 90 dias**<br>Quadros em carbono TSW: 2 anos<br>Quadros em alumínio TSW: 5 anos<br>Quadros em alumínio Rava: 2 anos<br>Pintura/adesivos: 90 dias<br>Suspensão: 180 dias<br> <br>-------------------------------<br>ENVIO DO PRODUTO<br>-------------------------------<br>Enviamos o produto em até 24 horas úteis após a confirmação do pagamento!<br> <br>-------------------<br>NOTA FISCAL<br>-------------------<br> Todos produtos são originais de fábrica, acompanha nota fiscal com o nome do cliente, todos os quadros possuem número de série.<br> <br>-------<br>SAC<br>-------<br> Após a compra, será liberado nosso contato para dúvidas, sugestões e elogios.<br> <br>------------------<br>MONTAGEM<br>------------------<br> A bicicleta vai PRÉ-MONTADA dentro da caixa, sendo necessário realizar a montagem de alguns componentes e os ajustes finais. Recomendamos que essa montagem seja realizada por profissionais qualificados, evitando assim, possíveis danos.<br> <br>","{""marca"":""TSW""}",,,TSW,,,,,,,,,,,,,,,,,,29,Não informado,TSW,Não informado,Não informado,MTB,Alumínio,Hurry,29,12,Rock Shox Judy,"Trava Remota, Ajuste de Preload, Off set 46 mm",Não informado,Não informado,Não informado,Não informado,Não informado,Não informado,Não informado,Disco Hidráulico,TSW,Camaleão,Aro 29,17,12 Marchas,Dianteira,,Freio a Disco,Alumínio,,,Mountain Bike,
vbsonline||15808334524,Bicicleta,Bicicleta Aro 12 Infantil Masculino Veloz Nathor,"Bicicleta Aro 12 Infantil Masculino Veloz Nathor<br> <br>As bicicletas Nathor tem certificação do Instituto Nacional de Metrologia, Normalização e Qualidade Industrial (INMETRO) e seguem a Norma Mercosul NM301, que especifica requisitos de segurança, desempenho e métodos de ensaios para bicicletas infantis.<br> <br>A Nathor utiliza a tecnologia em favor da alta qualidade, utilizando as mais avançadas máquinas na fabricação de seus triciclos e bicicletas, com cortes a laser, soldas por robôs e dobras computadorizadas.<br> <br>Se você está procurando conforto e segurança, as bicicletas para crianças são o que você precisa. Segurança e qualidade.<br> <br>Informações:<br>Cor: Azul+Preto<br>Modelo: Veloz<br>Marca: Nathor<br>Intenção de Uso: Crianças<br>Gênero: Meninos<br>Aro: 12","{""genero"":""Masculino"",""marca"":""Nathor""}",,,Nathor,,Masculino,,,,,,,,,,,,,,,,12,AzulPreto,Nathor,Não informado,Meninos,Infantil,Não informado,Veloz,Não informado,Não informado,Não informado,Não informado,Não informado,Não informado,Não informado,Não informado,Não informado,Não informado,Não informado,Não informado,Nathor,"[Azul, Preto]",Aro 12,12,6 Marchas,,,Freio a Tambor,Aço Carbono,,Masculino,,
bikeshowvirtual||773,Bicicleta,Bicicleta NATHOR aro 12 - Violet,"<p><span><span>A Bicicleta Aro 12 Violet da Nathor é equipada com os melhores itens de segurança e conforto das crianças.</span></span></p><p><span><span>O selim possui regulagem de altura o qual deve ser regulado para que a criança mantém os pés no chão. Desta forma ela se sente mais segura e assim sair pedalando com mais confiança.</span></span></p><p><span><span>Possui limitador de giro do guidão, importante característica que evita com que guidão dê uma volta completa e danifique o freio, além de preservar a integridade física da criança.</span></span></p><p><span><span>Possui também freio a tambor, garrafinha, pneus em EVA, quadro, garfo e guidão em aço carbono, mesa de direção com regulagem de ângulo, cestinha e cores alegres. Tudo o que a criança precisa para se divertir com segurança e conforto.</span></span></p><span><span>Características</span></span><ul><li><span><span>Pneus em EVA</span></span></li><li><span><span>Quadro, garfo e guidão em aço carbono</span></span></li><li><span><span>Cestinha</span></span></li><li><span><span>Mesa de direção em Nylon Reforçado</span></span></li><li><span><span>Garrafinha</span></span></li><li><span><span>Guidão com limitador de giro</span></span></li><li><span><span>Selim com regulagem e altura</span></span></li><li><span><span>Idade mínima recomendada: A partir de 3 anos</span></span></li></ul>","{""marca"":""Nathor""}",,,Nathor,,,,,,,,,,,,,,,,,,12,Violet,NATHOR,Não informado,Não informado,Não informado,Aço Carbono,Não informado,Não informado,Não informado,Não informado,"Selim com regulagem e altura, Guidão com limitador de giro, Mesa de direção em Nylon Reforçados, Garrafinhas, Cestinhas, Quadro garfo e guidão em aço carbono, Pneus em EVA",Não informado,Não informado,Não informado,Não informado,Não informado,Não informado,Idade mínima recomendada: A partir de 3 anos,Tambor,Nathor,"[Lilas, Rosa]",Aro 12,,,,21Kg,Freio a Tambor,Aço Carbono,Violet,,,
bikediasg5||15880709547,Bicicleta,Bicicleta MTB Aro 29 KSW XLT 24V Shimano Freio Hidráulico,"BICICLETA ARO 29 KSW XLT 24V CAMBIO DIANTEIRO E TRASEIRO SHIMANO FREIO A DISCO HIDRÁULICO<br> <br>COMPONENTES DA BIKE<br>- Quadro aro 29 Alumínio KSW XLT<br> - Suspensão de 80mm de Cursor <br>- Aros Aeros para Disco Folha Dupla<br>- Raios Zincados<br> - Pneus Aro 29 Com Arame<br> - Camara de Ar Aro 29<br>- Jogo Direção Ahead Set<br> - Suporte Do guidão 31.8 Importado<br> - Guidão 31.8 MTB Importado<br> - Canote do Selim MTB Importado<br> - Pedal MTB Plataforma<br>- Arruela Calço para Ahead Set (1cm)<br>- Manopla MTB Comum<br>- Abraçadeira do Selim com Blocagem<br> - Selim MTB Básico<br>- Disco de Freio De 160mm Parafusos<br> - Freio a Disco Mecânico Com Pinças e Pastilhas<br> <br>RELAÇÃO (TRANSMISSÃO DA BIKE)<br>- Roda Livre Indexada de 8v<br>- Roda Tripla De Aço Encapado Reforçada<br>- Trocador Indexado Semi Automático Rapid Fire de 8v<br>- Cambio Dianteiro Indexado MTB 3v Shimano Tourney TZ<br> - Cambio Traseiro Indexado MTB 8v Shimano Tourney TZ<br>- Cubos Para RODA LIVRE<br> - Corrente indexada de 8v<br> - Jogo de Centro 122.5 Selado Rolamentado<br><br> - Imagens da bicicleta são meramente ilustrativas.<br>- Algumas peças da bicicleta podem sofrer variações de cor e de modelo de acordo com o lote de importação.<br>- A Dias Bike não se responsabiliza por recolhimento obrigatório de impostos ICMS por st cobrado em alguns estados.<br>-Caso não haja alguém para receber o pedido no local de entrega, após as tentativas de entrega da transportadora, o frete do reenvio será de responsabilidade do comprador.<br>-Preço no site são exclusivos para venda online da loja virtual DIAS BIKE, os preços praticados em cada loja podem haver diferença entre os mesmos.<br>- Para as compras de bicicletas, as mesmas serão enviadas lubrificadas e pré-montadas, em função do transporte, a roda dianteira, guidão, selim e pedais são enviados soltos para encaixe.<br>- A garantia não Cobre Defeitos por Mau uso ou Pela Montagem Inadequada do Produto. A Montagem requer conhecimentos em mecânica e manutenção em bicicletas, por isso recomendamos que a montagem das Bicicletas seja feita por Profissionais do ramo em Oficina Especializada.<br>- Algumas Peças podem necessitar de regulagem ou alinhamento.<br>- A montagem, Regulagem e Alinhamento é por conta do comprador.<br>- A Garantia só será validada mediante a comprovação da montagem por um especialista, válida somente para o Primeiro proprietário.","{""marca"":""KSW"",""tamanho_do_quadro"":""21""}",,,KSW,21,,,,,,,,,,,,,,,,,29,Não informado,KSW,Não informado,Não informado,MTB,Alumínio,XLT,29,24,80mm,Não informado,Não informado,Não informado,Não informado,Não informado,Não informado,Não informado,Não informado,Hidráulico,KSW,"[Verde Pérola, Preto]",Aro 29,21,24 Marchas,Suspensão Mecânico,100Kg,Freio a Disco,Alumínio,,,Mountain Bike,
cdtbikes||TUFFBCOVDEX25AROBCOTIPO2,Bicicleta,Bicicleta Aro 26 Vikingx Tuff 21v Alumínio Freio Hidráulico a Disco Aros Vmaxx Branco - Branco/Verde,"<p>Bike aro 26, VIKINGX TUFF, nova na caixa a pronta entrega, produto com ótima qualidade e acabamento, possui 21 marchas com sistema de alavancas rapid fire que a cada clique uma marcha é trocada, sistema de freio a disco hidráulico, pneus slick 1.5 com faixa branca. Bicicleta pré montada, vai precisar apenas fixar a roda dianteira, guidão, selim e pedais.</p><p><br></p><p><br></p><p>Segue abaixo características da bike:</p><p><br></p><p>Quadro 26 VikingX Tuff em Alumínio</p><p>Garfo aço preto 60mm suspensão</p><p>Suporte do guidão em alumínio preto</p><p>Guidão 31.8mm em alumínio preto</p><p>Canote do selim 27.2 em alumínio preto Sem carrinho</p><p>Selim Pro-X Freeride ou Yamada Mtb (dependerá da disponibilidade no estoque)</p><p>Abraçadeira do Selim alumínio Preto</p><p>Aros Vmaxx Super reforçados</p><p>Raios Finos</p><p>Cubos Pretos</p><p>Pneus 26x1.5 Slick com faixa branca</p><p>Movimento central selado rolamentado</p><p>Freios a disco Hidráulico com discos inox 160mm</p><p>Alavancas Semi-automáticas Rapid Fire</p><p>Câmbio Traseiro Importado</p><p>Câmbio Dianteiro Importado</p><p>Corrente Index</p><p>Pedivela Aço Revestido</p><p>Pedal Plataforma Nylon preto</p><p>Roda Livre 7v index dourada</p>","{""marca"":""Vzan"",""tamanho_do_quadro"":""26""}",,,Vzan,26,,,,,,,,,,,,,,,,,26,BrancoVerde,Vikingx,Não informado,Não informado,Não informado,Alumínio,Tuff,Vmaxx,21v,60mm,Freio Hidráulico a Disco,Não informado,Não informado,Não informado,Não informado,Não informado,Não informado,Não informado,Hidráulico a Disco,Vzan,"[Branco, Verde]",Aro 26,26,21 Marchas,Dianteira,,Freio a Disco,Alumínio,,Feminino,Mountain Bike,
cdtbikes||XLTBCPTOAZ17TIPO19,Bicicleta,Bicicleta Aro 29 Xlt Ksw Alumínio 24v Câmbios Shimano Garfo com Trava no Ombro - Preto/Azul,"<p>Bike aro 29 em alumínio, nova na caixa a pronta entrega, produto com ótima qualidade e acabamento, possui 24 marchas com sistema de alavancas rapid fire que a cada clique uma marcha é trocada, garfo com suspensão, sistema de freio a disco mecânico, câmbio dianteiro e traseiro Shimano Tz. Bicicleta pré montada, vai precisar apenas fixar a roda dianteira, guidão, selim e pedais.</p><p>Segue abaixo características da bike:</p><p><br></p><p>Quadro 29 Xlt Ksw em alumínio</p><p>Garfo 29 suspensão com Trava no Ombro e regulagem</p><p>Suporte do guidão em alumínio preto</p><p>Guidão 31.8mm em alumínio preto</p><p>Canote do selim 27.2 s/carrinho</p><p>Selim Sport preto</p><p>Abraçadeira do Selim alumínio Preto</p><p>Aros Aero Parede dupla reforçado</p><p>Raios Pretos</p><p>Cubos Pretos Aço</p><p>Pneus 29 cravudos</p><p>Movimento central selado rolamentado</p><p>Freios a disco Mecânicos com discos inox 160mm</p><p>Alavancas Semi-automáticas Rapid Fire</p><p>Câmbio Traseiro Index Shimano Tz</p><p>Câmbio Dianteiro Index Shimano Tz</p><p>Corrente Index 24v</p><p>Pedivela Aço Revestido</p><p>Pedal Plataforma Nylon preto</p><p>Roda Livre 8v index dourada(rosca)</p><p><br></p><p>Recomendamos que seja feita uma revisão por um técnico após a recebimento do produto, para reajuste e regulagem, pois no transporte pode acontecer de alguma peça soltar ou desregular</p><p>Fotos meramente ilustrativas</p>","{""aro"":""29\"""",""cor"":""Azul"",""marca"":""KSW""}","29""",Azul,KSW,,,,,,,,,,,,,,,,,,29,PretoAzul,Xlt Ksw,Não informado,Não informado,Não informado,alumínio,Não informado,Não informado,24,com Trava no Ombro,Não informado,Não informado,Não informado,Não informado,Não informado,Não informado,Não informado,Não informado,disco mecânico,KSW,"[Preto, Azul]",Aro 29,,24 Marchas,,,Freio a Disco Mecânico,Alumínio,,,,
bikesmariaclaraltda||G40033,Bicicleta,Bicicleta Aro 26 retrô  cesta 6 marchas mary tiffany,"MARIA CLARA BIKES<br> <br>Bicicletas Personalizadas<br> <br>___________<br> <br>**SOBRE O PRODUTO;<br> <br> <br> <br>-QUADRO EM AÇO COM PINTURA ELETROSTÁTICA (tamanho único aproximadamente 17 em polegadas)<br> <br>-RODAS TAMANHO 26 COM ARO AERO (parede dupla) DE ALUMÍNIO<br> <br>-CUBOS DE AÇO ESFERADOS<br> <br>-PNEU TAMANHO 26 SLICK (modelo da foto anúncio)<br> <br>-CESTA (modelo da foto do anúncio)<br> <br>-FREIOS V-BRAKE<br> <br>-GUIDOM AÇO <br> <br>-SELIM 2 MOLAS<br> <br>-MOVIMENTO CENTRAL 45 MM ESFERADO<br> <br>-MOVIMENTO DE DIREÇÃO STANDARD ESFERADO<br> <br>-6 MARCHAS LINHA YAMADA<br> <br> (fotos ilustrativas)<br> <br> <br> <br>___________<br> <br>**SOBRE AS MEDIDAS;<br> <br> <br> <br>-Peso aproximado da bicicleta 17kg.<br> <br>-Altura média do guidom (do chão até as manoplas) entre 100- 115 cm.<br> <br>-Largura do guidom (de uma manopla a outra) 70 cm.<br> <br>-Altura média do banco (do chão até o assento) entre 75 -90 cm.<br> <br>-Altura do banco em ralação ao pedal (considerar a parte mais longa) entre 65- 80 cm.<br> <br>-Peso máximo recomendado para 1 bicicleta =135 kg.<br> <br>-Altura média recomendada entre 1,55 e 1,85.<br> <br>-As variáveis podem considerar como ajustes (regulagens) que irá conseguir utilizar.<br> <br>___________<br> <br>**COMO O PRODUTO É ENVIADO;<br> <br> <br> <br>• Envio por transportadora (o prazo de entrega que consta no anuncio poderá sofrer alteração, situações atípicas como não ter alguém no endereço para receber, endereço incompleto impossibilitando a localização, acidentes no transporte. Também existem regiões que possuem área de risco com alto índice de roubos, etc. ou áreas rurais no qual as transportadoras não atendem. O comprador será contatado caso ocorra algum inconveniente)<br> <br>• Bicicleta pré-montada, necessária finalização da montagem por profissional especializado, a finalização é de responsabilidade do comprador<br> <br>• Temos vídeos que auxiliam na finalização da montagem (basta pesquisar por Maria Clara Bikes no YouTube)<br> <br>• Não nos responsabilizamos por problemas relacionados a erros de montagem.<br> <br>___________<br> <br>** SOBRE A GARANTIA;<br> <br>Garantia de 90 dias contra defeito de fabricação, não cobrindo mau uso, má instalação de peças e acessórios.<br> <br>***ATENÇÃO; nossos produtos possuem apenas os aros de alumínio o restante é todo de aço. *NÃO POSSUINDO GARANTIA CONTRA FERRUGEM. PRINCIPALMENTE PARA MORADORES EM REGIÕES LITORANEAS ONDE EXISTE A AÇÃO INEVITAVEL DA MARESIA NO MATERIAL AÇO, CAUSANDO A FERRUGEM. Para compradores dessa região Recomendamos o uso periódico de anti-ferrugem, que ajuda prevenir tal ação!","{""aro"":""26\"""",""marca"":""Maria Clara Bikes"",""tamanho_do_quadro"":""26""}","26""",,Maria Clara Bikes,26,,,,,,,,,,,,,,,,,26,tiffany,MARIA CLARA BIKES,17,Não informado,retro,aço,Não informado,aero,6,Não informado,cesta,Não informado,Não informado,Não informado,Não informado,Não informado,135,Não informado,V-BRAKE,Maria Clara Bikes,Tifany,Aro 26,26,6 Marchas,,135Kg,Freio V-Brake,Aço,,,,
ktop||16017388305,Bicicleta,Bicicleta de Equilibrio Escolar,"DESCRIÇÃO:<br> <br> Projetado para uso coletivo tais como escolas, creches, clubes, parques, playgrounds, condomínios e áreas de recreação em geralEstrutura robusta e com ergonomia ideal para a faixa etária indicadaProduto seguro, estável e resistente, produzido com materiais reforçados <br> <br> DADOS TÉCNICOS:<br> <br> Quadro em aço com tratamento anti-ferrugem pintura à pó atóxica e resistente aos raios UVTamanho da roda dianteira: 19,7 centímetrosTamanho da roda traseira: 19,7 centímetrosPeso suportado: 80 kg<br> <br> <br> ITENS INCLUSOS:<br> <br> 1 Bicicleta","{""modelo"":""Escolar""}",,,,,,,,Escolar,,,,,,,,,,,,,Não informado,Não informado,Não informado,Não informado,Não informado,Equilibrio,Aço,Escolar,Não informado,Não informado,Não informado,Não informado,Não informado,Não informado,Não informado,Não informado,Não informado,80 kg,Não informado,Não informado,Brinquedos Bandeirante,"[Vermelho, Azul]",,,,,80Kg,,Aço,,,Equilíbrio,
corbibikes||169-915,Bicicleta,Bike Aro 29 Xnova Attus Alumínio 21v Marchas Suspensão com Trava Freio a Disco,"Procurando uma bicicleta para se exercitar e passear? Nós temos a opção perfeita: Bicicleta Xnova Attus em Alumínio, ótima bicicleta com peças de qualidade e ótimo preço. Se trata de uma bicicleta aro 29 com 21 marchas, quadro em alumínio, suspensão com trava no ombro e freio a disco, sendo assim a bicicleta ideal para passeios e trilhas leves.Bike Aro 29 Xnova Attus Alumínio 21v Marchas Suspensão com Trava Freio a Disco<br>CARACTERÍSTICAS DO PRODUTO:<br>Quadro em alumínio MTB - Xnova<br>Alavanca/Trocador Rapid Fire 3x7V<br>Câmbio dianteiro index 3V importado<br>Câmbio traseiro index 7V importado<br>Corrente fina 7/8V importado index<br>Pedal plataforma 9/16 (Inglês) em Nylon<br>Pneu Aro 29 Misto<br>Selim Mtb Confort<br>Movimento de direção mega over<br>Movimento central 34,7 MM selado<br>Aro aero 29 preto com adesivos na cor do quadro<br>21 velocidades<br>Suspensão 100 MM com trava no ombro<br>Freio a disco mecânico<br>Canote de alumínio 22,2 MM<br>Guidão over 31,8x700 MM<br>Pedivela reduzido em aço revestido<br>Cubo de aço com rosca para freio a disco com blocagem<br> IMPORTANTE: <br>A geometria do quadro (desenho) pode mudar conforme o tamanho escolhido, alterando a inclinação do tubo superior, sendo que o quadro 19"" é mais reto e o quadro 15"" com uma inclinação maior, é possível verificar essas diferenças alterando as cores do produto.<br>Pode haver alguma diferença de tonalidade entre a imagem e o produto real, por conta do tratamento de imagens e a calibração de cores do monitor/celular.<br>A bicicleta é montada e revisada, mas por motivo de acomodação na embalagem são retirados guidão, roda dianteira, selim e pedais. A finalização da montagem é por responsabilidade do cliente, por motivo de manuseio e transporte, pode ser necessário nova regulagem dos câmbios e aros.<br>É recomendado que a montagem/revisão seja realizada em uma oficina especializada.<br>Garantia de 3 meses, desde que a montagem tenha sido feita em uma oficina especializada, exceto em casos de mau uso, montagem inadequada ou desgaste das peças devido ao uso.","{""aro"":""29\"""",""cor"":""Preto, Laranja"",""marca"":""Xnova""}","29""","Preto, Laranja",Xnova,,,,,,,,,,,,,,,,,,29,Não informado,Xnova,Não informado,Não informado,MTB,Alumínio,Attus,29,21,com Trava,Não informado,Não informado,Não informado,Não informado,Não informado,Não informado,Não informado,Não informado,a Disco,Xnova,"[Preto, Laranja]",Aro 29,,21 Marchas,Dianteira,100kg,Freio a Disco,Alumínio,,Unissex,Mountain Bike,
lymdecor-tray||26285p,Bicicleta,Bicicleta Z4-X Quadro 15 Aro 29 Alumínio 24 Marchas Freio Disco Mecânico Preto Cinza - Dropp,"Que praticar exercícios físicos regularmente é uma atividade indispensável você já sabe. E com a Bicicleta Aro 29 Quadro Alumínio com Suspensão 24 Marchas Freio Mecânico Z4-X - Dropp essa prática pode se tornar prazerosa. Para quem quer iniciar no pedal o equipamento é um dos primeiros pontos a escolher pois influencia diretamente no desempenho, seja ela para ciclismo urbano ou até mesmo trilhas leves e moderadas. Esta Mountain Bike é fabricada em quadro ergonômico de alumínio e possui várias cores e tamanhos para você escolher. O desempenho Z4-X com a nova linha de transmissão de marchas Dropp de 3 coroas por 8 velocidades, capaz de combinar 24 velocidades além de câmbio dianteiro importado e câmbio traseiro Dropp com Trocador Rapid Fire Dropp que oferece ótimo desempenho em terrenos elevados. Já o freio mecânico proporciona muito mais segurança e tranquilidade nas frenagens. Tá esperando o que? Invista em sua saúde mental e corporal, afinal pedalar é vida! Compre já!<br><br><strong>Tamanho do Quadro:</strong> 15.<br><strong>Aro:</strong> 29.<br><strong>Peso Aproximado:</strong> 16 Kg.<br> <br><strong>Características:</strong><br><strong>Modelo Quadro:</strong> Z4-X.<br><strong>Material Quadro:</strong> Alumínio.<br><strong>Material Aro:</strong> Alumínio 6061.<br><strong>Garfo/Suspensão:</strong> Suspensão de 80mm.<br><strong>Peso Suportado:</strong> Até 130 Kg.<br><strong>Tipo de Aro: </strong>Aero 36 Furos folha dupla alumínio preto.<br><strong>Tipo de Freio:</strong> Freio a disco mecânico 160mm.<br><strong>Tipo de Guidão:</strong> Reto em alumínio 6061.<br><strong>Suporte de Guidão:</strong> 31.8mm 80mm em alumínio 6061.<br><strong>Luvas/Manopla: </strong>Borracha Flexível.<br><strong>Número de Marchas:</strong> 24v.<br><strong>Trocador de Marchas: </strong>Rapid Fire Dropp.<br><strong>Câmbio Dianteiro:</strong> Importado 3v.<br><strong>Câmbio Traseiro:</strong> Dropp 8v.<br><strong>Banco/Selim:</strong> Sport Preto.<br><strong>Canote de selim:</strong> 27.2mm em Aluminio 6061.<br><strong>Pedivela: </strong>Triplo em Alumínio 6061.<br><strong>Pedais:</strong> Plataforma Nylon.<br><strong>Corrente:</strong> Indexada 8v.<br><strong>Cubos:</strong> Disco 36 furos com eixo blocagens.<br><strong>Movimento Central:</strong> Roller Selado.<br><strong>Movimento de Direção:</strong> Over.<br><strong>Caixa de Direção:</strong> Semi Integrada.<br><strong>Roda Livre/K7:</strong> 8 Velocidades (Roda Livre).<br><strong>Pneus:</strong> MTB 29.<br><strong>Câmaras :</strong> 29 x 1.95 Bico Grosso.<br><strong>Garantia de Fábrica:</strong> 90 dias contra defeito de fabricação.<br> <br><strong>Recomendação de Quadro:</strong><br>15 - Para ciclistas de 1,50 até 1,68 cm.<br>17 - Para ciclistas de 1,68 até 1,76 cm.<br>19 - Para ciclistas de 1,76 até 1,84 cm.<br>21 - Para ciclistas de 1,84 até 1,98 cm.<br> Importante:<br>- Pode haver alguma diferença de tonalidade entre a imagem e o produto real, por conta do tratamento de imagens e a calibração de cores do seu monitor.<br>- A geometria do quadro (desenho) pode mudar conforme o tamanho escolhido, alterando a inclinação do tubo superior.<br>- Ao receber a mercadoria, o cliente deve verificar as condições da embalagem, caso haja alguma avaria não assine o comprovante de recebimento.<br>- Enviamos a bicicleta pré-montada, e revisada, mas para melhor se acomodar na embalagem e transporte são retirados: selim, pedais, guidão e roda dianteira. A instalação é de responsabilidade do cliente. Por motivo de transporte e manuseio, pode haver a necessidade de efetuar uma nova regulagem de cambio ao receber o produto. Não nos responsabilizamos pela revisão final da bicicleta, sugerimos que seja efetuada por mão de obra especializada.<br>- Não nos responsabilizamos por defeitos causados por mau uso, montagem ou regulagem inadequada.<br>- Montagem, desmontagem e outras instalações serão de responsabilidade do cliente. Não nos responsabilizamos, no ato da entrega, por subir escadas/elevadores ou pelo transporte por guincho em apartamentos. Eventuais despesas são de responsabilidade do comprador.<br>- Confira as dimensões do produto e certifique-se de que passará normalmente por supostos elevadores, portas, escadas e/ou corre...","{""aro"":""29\"""",""marca"":""Dropp"",""tamanho_do_quadro"":""Único"",""tipo"":""Mountain Bike""}","29""",,Dropp,Único,,Mountain Bike,,,,,,,,,,,,,,,29,Preto Cinza,Dropp,15,Não informado,Mountain Bike,Alumínio,Z4-X,Não informado,24,Suspensão de 80mm,Não informado,Não informado,Não informado,Não informado,Não informado,Não informado,130 Kg,Não informado,Disco Mecânico,Dropp,"[Preto, Cinza]",Aro 29,15,24 Marchas,Dianteira,130Kg,Freio a Disco,Alumínio,,Unissex,Mountain Bike,
diasjuniorbicicletas||XLTGFT21TIPO12PNBEGE,Bicicleta,Bicicleta Aro 29 Ksw Xlt 27v Freio Hidráulico K7 Garfo com Trava Pneu com Faixa Bege - Grafite,"<p>Bike aro 29, com quadro ksw xlt, nova na caixa a pronta entrega, produto com ótima qualidade e acabamento, possui 27 marchas com sistema de alavancas rapid fire que a cada clique uma marcha é trocada, Catraca do tipo k7 de encaixe com 9 velocidades, garfo com suspensão e sistema de Ajuste para melhor performance, sistema de freio a disco hidráulico, pneus com cravo baixo para uso em terra e asfalto. Bicicleta pré montada, vai precisar apenas fixar a roda dianteira, guidão, selim e pedais. Segue abaixo características da bike:</p><p><br></p><p>Quadro 29 ksw xlt em Alumínio</p><p>Garfo 29 suspensão com Trava e Regulagem</p><p>Suporte do guidão em alumínio preto</p><p>Guidão 31.8mm em alumínio preto</p><p>Canote do selim 27.2 em alumínio preto Com carrinho</p><p>Selim Sport preto</p><p>Abraçadeira do Selim alumínio Preto</p><p>Aros Aero Parede dupla reforçado</p><p>Raios Pretos</p><p>Cubos Pretos Alumínio para K7 com blocagens</p><p>Pneus 29 Com Cravo</p><p>Movimento central selado rolamentado</p><p>Freios a disco Hidráulicos com discos inox 160mm</p><p>Alavancas Semi-automáticas Rapid Fire Sunrun gta</p><p>Câmbio Traseiro Sunrun/Gta</p><p>Câmbio Dianteiro Sunrace ou Yamada</p><p>Corrente Index 9v</p><p>Pedivela Alumínio Triplo</p><p>Pedal Plataforma Nylon preto</p><p>Cassete K7 9v gta preto ou prata</p><p><br></p><p>imagens meramente ilustrativas, algumas peças podem divergir da imagem</p>",{},,,,,,,,,,,,,,,,,,,,,29,Grafite,Ksw,Não informado,Não informado,Não informado,Alumínio,Xlt,29,27,Trava,"Freio Hidráulico, Garfo com Trava, Pneu com Faixa Bege",Não informado,Não informado,Não informado,Não informado,Não informado,Não informado,Não informado,Hidráulico,KSW,"[Bege, Grafite]",Aro 29,29,27 Marchas,,,Freio a Disco,Alumínio,,,,
diasjuniorbicicletas||HERAVDE17TIPO13,Bicicleta,Bicicleta Aro 29 Absolute Hera Feminina Alumínio 27v K7 Freio a Disco Mecânico Garfo com Suspensão - Verde,"<p>Bike aro 29, com quadro Absolute Hera nova na caixa a pronta entrega, produto com ótima qualidade e acabamento, possui 27 marchas com sistema de alavancas rapid fire que a cada clique uma marcha é trocada, garfo com suspensão, sistema de freio a disco mecânico. Bicicleta pré montada, vai precisar apenas fixar a roda dianteira, guidão, selim e pedais. Segue abaixo características da bike:</p><p><br></p><p>Quadro 29 Absolute Hera alumínio</p><p>Garfo 29 suspensão curso 60mm</p><p>Suporte do guidão em alumínio preto</p><p>Guidão 31.8mm em alumínio preto</p><p>Canote do selim 27.2 em alumínio preto Sem Carrinho</p><p>Selim Sport Preto</p><p>Abraçadeira do Selim alumínio Preto</p><p>Aros Aero Parede dupla reforçado</p><p>Raios Pretos</p><p>Cubos em Alumínio k7 Pretos</p><p>Pneus 29 com cravo</p><p>Movimento central selado rolamentado</p><p>Freios a disco Mecânicos com discos inox 160mm</p><p>Manetes de Freio Alumínio</p><p>Alavancas Semi-automáticas Rapid Fire</p><p>Câmbio Traseiro Sunrun</p><p>Câmbio Dianteiro Sunrace ou Yamada</p><p>Corrente Index 9v</p><p>Pedivela Alumínio Index</p><p>Pedal Plataforma Nylon preto</p><p>Cassete 9v sunrun Gta</p><p><br></p><p>Recomendamos que seja feita uma revisão por um técnico após a recebimento do produto, para reajuste e regulagem, pois no transporte pode acontecer de alguma peça soltar ou desregular</p><p>Fotos meramente ilustrativas</p>","{""aro"":""29\""""}","29""",,,,,,,,,,,,,,,,,,,,29,Verde,Absolute,Não informado,Feminina,Não informado,Alumínio,Hera,29,27,Suspensão,Rapid Fire,Não informado,Não informado,Não informado,Não informado,Não informado,Não informado,K7,Disco Mecânico,Absolute,Verde,Aro 29,,27 Marchas,Dianteira,,Freio a Disco,Alumínio,,Feminino,Mountain Bike,
olistsp||OSPN5JV4GNXS4EAW,Bicicleta,Bicicleta Bike Fat Dobrável 21 Marchas Preto,"Bike Bicicleta Fat Aro 26 Dobrável 21 MarchasBicicleta bike Fat dobrável com dupla suspensãoBenefícios:- Têm muita tração- Mais largura e menos calibragem.E isso é o básico de uma fatbike, por isso, ela é perfeita para se fer subidas e descidas, com muita estabilidade.Uma vez que a tração é garantida em qualquer terrenoCaracterísticas:- Quadro: Aço Carbono- Freio : à Disco- Câmbio : 21 Marchas- Suspensão Dupla: Mola 80- Pneu : Extra LongoEspecificações:- Quadro: Aço carbono com dupla suspensão- Suspensão: 80 MM Mola 26- Cubos em aço- Aros: 36 F Reforçado- Pneus: 26 X 4.0, Até 30 lbs- Trocador: 7 Speed Importado- Câmbio: Dianteiro importado- Cambio traseiro: Importado- Engrenagem: LW -170 Alumínio 24/34/42- Central Rolamento Selado- Corrente: 7 Speed- Freio Disco Mecânico: TONGLI- Alavanca de freio alumínio- Catone de aço- Acento: Bravo confort- Guidão aço carbono e suporte alumínio- Pedal: Alumínio plataforma- Roda dianteira com blocagem- Embalagem caixa de papelão: 151 X 24 X 74,5 m- Peso total : 25,560 kg","{""aro"":""26\"""",""tamanho_do_quadro"":""21"",""tipo"":""Dobrável""}","26""",,,21,,Dobrável,,,,,,,,,,,,,,,26,Preto,Não informado,Não informado,Não informado,Fat,Aço Carbono,Não informado,Não informado,21,Dupla,Dobrável,Não informado,Não informado,Não informado,Não informado,Não informado,Não informado,Não informado,Disco,Z Rader,Preto,Aro 26,21,21 Marchas,Dupla Suspensão,,Freio a Disco,Aço Carbono,,,Dobrável,
draisbikeonline||277PTORSA19,Bicicleta,"Bicicleta 29 Drais 24v Freio A Disco MTB Alumínio 32r Preto/Rosa 19"" - 277","<p>Com um visual imponente e cheio personalidade, a Bicicleta da Drais é uma ótima opção para quem busca leveza, segurança e estilo em passeios ou trilhas leves. Seu quadro em alumínio deixa a bicicleta mais leve, contando com 24 combinações de marchas e oferecendo um ótimo desempenho em todo tipo de terreno.</p><p>ESPECIFICAÇÕES TÉCNICAS<br>-Quadro Marca Drais Alumínio<br>-Aro 29 em Alumínio 6061<br>-Suspensão Aro 29 Preto 80MM<br>-Alavanca Trocador Ez-Fire Engate Rápido 24V - (Imp.)<br>-Câmbio Dianteiro IMP. 3V<br>-Câmbio Traseiro IMP. 8V<br>-Pedivela Reduzido Preto (Imp.) 24,34,42T<br>-Catraca Roda Livre (Imp.) 8v Index<br>-Corrente (Imp.) Index 8V<br>-Freio a Disco 160mm Preto – Mecânico (Imp.)<br>-Cubos para Disco 32f rosca Preto com blocagens<br>-Aros Aero 32 Furos Folha Dupla Alumínio Preto com Adesivos<br>-Câmara de Ar (Imp.) 29 x 1.95 Bico Grosso<br>-Pneu (Imp.) 29x2.10 Cravo Baixo<br>-Guidão Mega Over Expandido Preto 31.8mm<br>-Suporte de Guidão<br>-Mesa Preto em Alumínio 31.8mm<br>-Abraçadeira com Blocagem em Alumínio Preto<br>-Canote de Selim Preto em Alumínio<br>-Banco Selim Sport<br>-Movimento Central Roller 122mm Preto Selado (Rolamento)<br>-Movimento de Direção Aheadset Preto<br>-Espaçador Aheadset Em Alumínio 3 peças<br>-Manopla Preto Confort Plus<br> <br>MONTAGEM<br>- Enviamos a bicicleta pré-montada, revisada e devidamente embalada, para melhor se acomodar na embalagem de transporte são retirados apenas: selim, pedais, guidão e roda dianteira.<br>- O custo da montagem é de responsabilidade do cliente.<br>- Por motivo de transporte e manuseio, é necessário efetuar uma nova regulagem de câmbio ao receber o produto.<br>- Não nos responsabilizamos pela revisão final da bicicleta, sendo necessário que seja efetuada por uma oficina especializada.</p><p>GARANTIA<br>-Não cobre defeitos por mau uso ou pela montagem, regulagem de câmbios ou revisão inadequada do produto.<br>- A garantia será validada para as bicicletas montadas e revisadas por uma oficina especializada e é referente apenas ao primeiro proprietário.<br>- A garantia não se aplica para os itens de desgaste natural, tais como: Pneu, câmaras, cabos, sapatas ou pastilhas de freio, alinhamento de aros, pintura do quadro, componentes da transmissão (câmbios, corrente, pé de vela, engrenagens do cassete).</p>","{""tamanho_do_quadro"":""19""}",,,,19,,,,,,,,,,,,,,,,,29,PretoRosa,Drais,19,Não informado,MTB,Alumínio,29,29,24,Não informado,Não informado,Não informado,Não informado,Não informado,Não informado,Não informado,Não informado,Não informado,Disco,Drais,"[Preto, Rosa]",Aro 29,19,24 Marchas,,,Freio a Disco,Alumínio,,,Mountain Bike,
lojaslebiscuit||2147325932,Bicicleta,Bicicleta de Equilíbrio Bandeirante Balance Bike Rosa,"A Bicicleta de Equilíbrio Bandeirante Balance Bike é perfeita para auxiliar as crianças a aprenderem noções de direção, controle e v elocidade com muita naturalidade. Como a bicicleta infantil não tem freios, todos os comandos de tração e frenagem são realizados co m os pés no chão. Dessa forma, a criança desenvolve o equilíbrio brincando com 3 fases de aprendizado: primeiros passos, treinamento e domínio do equilíbrio.A bike infantil de equilíbrio possui guidão limitador de giro, regulagem de altura para melhor ergo nomia, manoplas em TPE atóxico, selim anatômico com regulagem de altura e rodas com pneus em EVA para melhor performance. A Biciclet a de Equilíbrio Bandeirante Balance Bike é indicada para crianças acima de 18 meses. Peso máximo suportado: 21kg.Brincar e a prenderA brincadeira é fundamental para o desenvolvimento das crianças. Dessa forma, ela aprende a se comunicar, desenvolve a criatividade, imaginação, além de diversas habilidades. É uma importante porta de entrada para a descoberta de sensações e sentime ntos, e os brinquedos, como a Bicicleta de Equilíbrio Bandeirante, tem um papel significativo nesse processo.",{},,,,,,,,,,,,,,,,,,,,,Não informado,Rosa,Bandeirante,Não informado,Não informado,Equilíbrio,Não informado,Balance Bike,Não informado,Não informado,Não informado,"guidão limitador de giro, regulagem de altura, manoplas em TPE atóxico, selim anatômico com regulagem de altura, rodas com pneus em EVA",Não informado,Não informado,Não informado,Não informado,Não informado,21kg,Não informado,Não informado,Brinquedos Bandeirante,Rosa,,,,,21Kg,,,,Feminino,Equilíbrio,
bikediasg5||16003651503,Bicicleta,Bicicleta aro 29 KSW XLT 24 Marcha Shimano Freio Hidráulico,"Bem vindo a Dias Bike! A Dias Bike é uma loja física e virtual que faz parte da família Dias Bike e Dias Moto Peças, que possuem mais de 10 lojas físicas e uma distribuidora atacadista, atuando no mercado de ciclismo a mais de 31 anos. A empresa comercializa bicicletas prontas, peças e acessórios para bicicletas em geral, tudo a sua disposição e com a comodidade de receber o produto em sua casa em qualquer lugar do Brasil com toda garantia de entrega e a certeza de sua satisfação.<br> <br> <br>BICICLETA ARO 29 MTB 24 VELOCIDADES FREIO A DISCO HIDRÁULICO COM CÂMBIOS SHIMANO E SUSPENSÃO DE 80MM<br> <br>COMPONENTES DA BIKE<br> <br>- Quadro aro 29 Alumínio 6061<br>- Suspensão de 80mm de Cursor <br>- Aros Aeros para Disco Folha Dupla em Alumínio<br>- Raios Zincados na cor Preto<br>- Pneus Aro 29 Com Arame<br>- Camara de Ar Aro 29<br>- Jogo Direção Ahead Set<br>- Suporte Do guidão 31.8 em Alumínio<br>- Guidão 31.8 MTB em Alumínio<br>- Canote do Selim MTB em Alumínio<br>- Pedal MTB Plataforma<br>- Arruela Calço para Ahead Set (1cm)<br>- Manopla MTB com Ótimo grip<br>- Abraçadeira do Selim com Blocagem<br>- Selim MTB<br>- Disco de Freio De 160mm com 6 Parafusos<br>- Freio a Disco Hidráulico Com Pinças e Pastilhas<br> <br>RELAÇÃO (TRANSMISSÃO DA BIKE)<br> <br>- Roda Livre Indexada de 8v<br>- Roda Tripla De Aço Encapado Reforçada<br>- Trocador Indexado Semi Automático Rapid Fire de 3x8v<br>- Cambio Dianteiro Shimano Tourney<br>- Cambio Traseiro Shimano Tourney<br>- Cubos Para Roda Livre<br>- Corrente indexada de 8v<br>- Jogo de Centro 122.5 Selado Rolamentado","{""cor"":""Laranja, Preto"",""marca"":""KSW"",""tamanho_do_quadro"":""15""}",,"Laranja, Preto",KSW,15,,,,,,,,,,,,,,,,,29,Não informado,KSW,Não informado,Não informado,MTB,Alumínio,XLT,29,24,80mm,Não informado,Não informado,Não informado,Não informado,Não informado,Não informado,Não informado,Não informado,Hidráulico,KSW,"[Laranja Neon, Preto]",Aro 29,,24 Marchas,,,Freio a Disco,Alumínio,,,Mountain Bike,
diasjuniorbicicletas||NERO4GFT17TIPO17,Bicicleta,Bicicleta Aro 29 Absolute Nero 4 Cabos Internos Câmbio Traseiro Shimano Deore e Altus 27v Freio Hidráulico Garfo Com Trava - Grafite,"<p>Bike aro 29, com quadro Absolute Nero 4, nova na caixa a pronta entrega, produto com ótima qualidade e acabamento, possui 27 marchas com sistema de alavancas rapid fire que a cada clique uma marcha é trocada, câmbio dianteiro shimano altus e traseiro shimano Deore M592 sgs, garfo com suspensão e sistema de trava para melhor performance, sistema de freio a disco hidráulico, pneus com cravo baixo para uso em terra e asfalto. Bicicleta pré montada, vai precisar apenas fixar a roda dianteira, guidão, selim e pedais. Segue abaixo características da bike:</p><p><br></p><p>Quadro 29 Absolute Nero 4 em Alumínio</p><p>Garfo 29 suspensão com Trava no Ombro e regulagem</p><p>Suporte do guidão em alumínio preto</p><p>Guidão 31.8mm em alumínio preto</p><p>Canote do selim 27.2 em alumínio preto Com carrinho</p><p>Selim Sport Preto</p><p>Abraçadeira do Selim alumínio Preto</p><p>Aros Aero Parede dupla reforçado</p><p>Raios Pretos</p><p>Cubos em Alumínio Pretos com blocagens</p><p>Pneus 29 com cravo</p><p>Movimento central selado rolamentado</p><p>Freios a disco Hidráulicos com discos inox 160mm</p><p>Alavancas Semi-automáticas Rapid Fire gta/sunrun</p><p>Câmbio Traseiro shimano deore M592 sgs 27V</p><p>Câmbio Dianteiro shimano altus 9v</p><p>Corrente Index dto/paco</p><p>Pedivela shimano Mt101</p><p>Pedal Plataforma Nylon preto</p><p>Cassete k7 gta Sunrun 9v</p>","{""marca"":""Absolute Nero""}",,,Absolute Nero,,,,,,,,,,,,,,,,,,29,Grafite,Absolute,Não informado,Não informado,Não informado,Alumínio,Nero 4,29,27,Com Trava,"Câmbio Traseiro Shimano Deore e Altus, Freio Hidráulico, Garfo Com Trava",Não informado,Não informado,Não informado,Não informado,Não informado,Não informado,Cabos Internos,Hidráulico,Absolute,Grafite,Aro 29,29,27 Marchas,,,Freio a Disco,Alumínio,,,Mountain Bike,
gmcomercioedistribuicao||5122064-2,Bicicleta,Bicicleta Aro 26 Passeio Stroll,"<p>O modelo Stroll é ideal para seu lazer em passeios com os amigos ou família.</p> <p>O ciclismo é uma atividade física que reduz o estresse, evita o infarto e aumenta a imunidade.<br>É uma das atividades mais completas por movimentar todo o corpo. <br>Pedalando você está ajudando a construir um futuro mais seguro, humano e saudável. <br><br>Dalannio Bike - Vá mais longe, vá de Dalannio Bike.</p> <p><strong>Características do Modelo Stroll:</strong><br> - Quadro, Garfo, Guidão e Canote do Selim em Aço Carbono<br>- Quadro tamanho 18<br>- Engrenagem 46D em Aço<br>- Freio V-Brake em Nylon<br>- Maçaneta de Freio em Nylon<br>- Manopla Plástica<br>- Movimento Central e de Direção com Esferas<br>- Pedal Plástico<br>- Pedivela Monobloco<br>- Pneus e Câmaras de Ar 26<br>- Aros em Alumínio<br>- Cubo de Aço<br>- Raios Fino Zincado<br>- Selim Personalizado em RVS<br>- Idade Recomendada Adulto<br>- Garantia 3 meses</p> <p><strong>Como você receberá a bicicleta?<br></strong>Todas as Bicicletas são enviadas semimontadas, com algumas partes desencaixadas/desmontadas para melhor acomodação na caixa. Caso tenha um conhecimento básico, você mesmo poderá montar a bicicleta, mas recomendamos que a montagem seja feita em uma oficina especializada, para garantir o máximo de desempenho e segurança. O custo da montagem é de responsabilidade do comprador.</p>","{""aro"":""26\"""",""tipo"":""Passeio""}","26""",,,,,Passeio,,,,,,,,,,,,,,,26,Não informado,Dalannio Bike,18,Não informado,Passeio,Aço Carbono,Stroll,26,Não informado,Não informado,Não informado,Não informado,Não informado,Não informado,Não informado,Não informado,Não informado,Não informado,V-Brake,Dalannio,Grafite,Aro 26,18,,,,Freio V-Brake,Aço Carbono,,,Passeio,
diasbike||32304,Bicicleta,Bicicleta Aro 29 KSW XLT100 12 Velocidades Relação Absolute,"Bem vindo a Dias Bike! A Dias Bike é uma loja física e virtual que faz parte da família Dias Bike e Dias Moto Peças, que possuem mais de 10 lojas físicas e uma distribuidora atacadista, atuando no mercado de ciclismo a mais de 31 anos. A empresa comercializa bicicletas prontas, peças e acessórios para bicicletas em geral, tudo a sua disposição e com a comodidade de receber o produto em sua casa em qualquer lugar do Brasil com toda garantia de entrega e a certeza de sua satisfação.<br> <br>Bicicleta Aro 29 KSW XLT100 12 Velocidades Relação Absolute<br> <br>COMPONENTES DA BIKE<br> <br><br>Quadro aro 29 Alumínio<br>Suspensão de 100mm de Curso Com Trava no Ombro Absolute<br>Aros Aeros para Disco Folha Dupla<br>Raios Zincados<br>Pneus Aro 29 Com Arame<br>Câmara de Ar Aro 29<br>Jogo Direção Ahead Set Absolute<br>Suporte Do guidão 31.8 Absolute<br>Guidão 31.8 Absolute<br>Canote do Selim Absolute<br>Pedal MTB Plataforma<br>Arruela Calço para Ahead Set (1cm)<br>Manopla MTB Comum<br>Abraçadeira do Selim com Blocagem<br>Selim MTB<br>Rotor de Freio De 160mm<br>Freio a Disco Hidráulico Absolute<br><br> <br>RELAÇÃO (TRANSMISSÃO DA BIKE)<br> <br><br>Cassete 12 Velocidades 11x52D Absolute<br>Pedivela Single Ponta Quadrada Absolute<br>Trocador Indexado Semi Automático de 12V Absolute Wild<br>Cambio Traseiro Absolute Wild 12V<br>Cubos FreeHub para cassete Absolute<br>Corrente indexada de 12V<br><br>Atenção, a marca da transmissão pode variar de acordo com o estoque, mas garantimos a mesma qualidade e desempenho.<br> <br>**IMAGENS MERAMENTE ILUSTRATIVAS**","{""cor"":""Verde Neon, Preto"",""marca"":""KSW"",""tamanho_do_quadro"":""15""}",,"Verde Neon, Preto",KSW,15,,,,,,,,,,,,,,,,,29,Não informado,KSW,Não informado,Não informado,Não informado,Alumínio,XLT100,29,12,Com Trava no Ombro,Não informado,Não informado,Não informado,Não informado,MTB,Não informado,Não informado,Não informado,Disco Hidráulico,KSW,"[Verde Neon, Preto]",Aro 29,15,12 Marchas,Dianteira,,Freio a Disco,Alumínio,,Feminino,Mountain Bike,
olistplus||O2EZRTNHU9FLVU14,Bicicleta,Bicicleta Elétrica Tecultra3.0 10 A/H Motor 350W-Quadro 21 B,"A bicicleta elétrica tecultra3.0 aro 29 é ideal para quem busca uma alternativa sustentável para sua locomoção e ao mesmo tempo uma maneira de manter uma vida saudável nas horas vagas. QuadroQuadro: alumínio Tamanho: 21Cor: brancoAmortecedor: ferro importado Suspensão/guidãoGuidão: alumínioMesa: alumínio importadoManopla: tipo gel Sistema de marchasCâmbio traseiro: shimano tourneyCâmbio dianteiro: shimano tourneyVelocidades: 21Trocadores: rapid fire importadoEngrenagem: tripla importadaRoda livre: shimano 7vCorrente: index Rodas e componentesRoda: aero vzanAro: 29Raio: grosso 2.5Pneu: cravo 2.0Cubo: alumínio com rolamento importado Selim e pedalSelim: cairuCanote: alumínioAbraçadeira para selim: alumínioPedal: nilon FreioSistema de freio: a disco mecânico importadoAlavanca de freio: rapid fire importado Peso: 20kgBike para qual objetivo: uso urbano Sistema elétricoTipo da bateria: cilíndrica 10ah - removível com proteção solarMotor: dianteiro 350wMostrador de carga: painel com display ledCarregador: universal bivolt - 36vSistema de alimentação: bateria de lítioVelocidade máxima: 40 km/h, de acordo com a lei e resoluçãoAutonomia:Acelerador: de 27km em média dependendo do tipo de terreno e do peso do condutor.Pedal assistido: de 40km em média dependendo do tipo de terreno e do peso do condutor.Tempo para recarga: 4-6 horasVida útil: 5 anos em médiaCapacidade de carga: 120 kg MontagemA bicicleta segue montada e revisada, mas por motivo de acomodação na embalagem para transporte são retirados: selim, pedais, guidão e roda dianteira. A instalação é de responsabilidade do cliente. Por motivo de transporte / manuseio, pode ser necessário efetuar nova regulagem de câmbio ao receber o produto. A tecbike não se responsabiliza pela revisão final da bicicleta, sugerindo que seja efetuada por uma oficina especializada.","{""alimentacao"":""Elétrico"",""marca"":""Tecbike"",""potencia_do_motor"":""350 W""}",,,Tecbike,,,,,,,,,,Elétrico,350 W,,,,,,,29,branco,Tecultra30,21,Não informado,Elétrica,alumínio,Tecultra30,29,21,guidão,Não informado,bateria de lítio,350w,Não informado,urbano,Não informado,120 kg,Não informado,disco mecânico,Tecbike,Branco,Aro 29,21,,,,Freio a Disco,Alumínio,,,Elétrica,350W
cicloarte||15815077281,Bicicleta,Bicicleta Elétrica Dobrável Pliage 350w Plus Two Dogs 2022,"Bicicleta Dobrável Pliage Elétrica: Lazer, esporte e locomoção com versatilidade, tudo em uma única bike.<br>Encontrar espaço nas grandes cidades está cada dia mais difícil, principalmente quando o assunto é estacionar. As bicicletas dobráveis vieram para solucionar esse problema. Com um design único e muita praticidade, a sua Pliage torna a locomoção rápida, não poluente e muito mais barata. Vá até à escola, trabalho ou para as tarefas do dia a dia sem se preocupar com o suor ou trânsito, além de melhorar a sua qualidade de vida.<br> <br>A sua bike possui o quadro dobrável em aço carbono com travas, você leva menos de 1 minuto para dobrar e desdobrar a bike, além disto a pliage tem um guidão reto e manoplas com descanso de mão. Os aros são feitos em dupla folha de alumínio, dando muita resistência e leveza ao modelo. Os freios a disco na dianteira e traseira dão muita segurança e precisão nas frenagens. Equipada com sistema de câmbio Shimano Rapid-Firede 7 velocidades que possibilita trocas rápidas e suaves para iniciantes e experts em bikes, podendo pedalar e acelerar, facilitando em subidas e indo muito mais longe.<br> <br>A sua Pliage elétrica TwoDogs acompanha um motor impermeável, de baixo ruído e com um excelente torque, para que nenhuma chuvinha ou subida consiga te parar. A bateria é de ótima qualidade: 36v de lítio que garante uma entrega eficiente de energia, é muito leve e não vicia.<br> <br>No novo modelo Plus você recebe os seguintes diferenciais: Bagageiro traseiro, bolsa porta trecos com suporte a celular, pneus mais largos, selim mais confortável, para-lama de alumínio, travas mais resistentes e descanso lateral<br> <br>Agora, com uma super novidade. A Pliage vem com um computador de bordo cheio de funções para te auxiliar durante a pedalada. Você pode regular entre as velocidades, iluminação do painel e ainda controlar se o pedal assistido vai estar ligado ou desligado durante o percurso.<br> <br>Não perca essa oportunidade e saia andando com sua Pliage Elétrica TwoDogs!<br> <br>DIFERENCIAIS<br> <br>Computador de bordo<br>Sistema de dobras com travas<br>7 marchas Shimano Rapid-Fire<br>Freios a disco<br>Autonomia alta (40km*)<br>Bom torque para subidas (4.5kgf/m)<br>Bateria de Lítio removível com chave.<br> <br> <br>INFORMAÇÕES TÉCNICAS<br> <br>Quadro: Com tecnologia de dobragem em aço carbono<br>Sistema de dobra: Com travas de segurança<br>Roda livre: 7 velocidades/rosca – Shimano<br>Aros: Alumínio 20 x 1,5 parede dupla<br>Guidão: Reto em liga de alumínio 6061-T6<br>Caixa de direção: Oversized 11/8pols<br>Canote: Super Oversize em alumínio 6061, preto<br>Selim: Comfort de espuma e couro<br>Cubo dianteiro: Aço carbono 28f, preto<br>Cubo traseiro: Aço 28f, preto<br>Pneus: 20? x 1.50?<br>Freios: A disco nas duas rodas<br>Alavanca de câmbio: Shimano, TX 50 com 7 velocidades<br>Câmbio traseiro: Shimano TZ 50<br>Pedivela: Alumínio com dupla proteção de corrente<br>Corrente: TEC 116 elos – 7 velocidades<br>Coroa: 52 dentes<br>Pedais: Dobráveis<br>Movimento central: 5 peças com eixo<br>Peso: 16 Kg<br>Carga máxima: 90 Kg<br>Manetes de freio Off: Desliga o motor ao acionar os freios<br>Acelerador: De dedo progressivo<br>Bateria: Tipo – Garrafa 36v/08Ah Lítio – Removível<br>Cabos de Ligação: Completa<br>Carregador: 110v/220v – Bivolt<br>Velocidade máxima: 25 à 30 km/h (Pode variar conforme calibragem, vento, subidas e descidas, peso do condutor, aceleração do motor)<br>RPM: Aprox. 200 rotações por minuto<br>Autonomia: Aprox. 40Km em condições ideais*<br>Tempo de Recarga:6 à 8 Horas<br>Motor: Traseiro 36V 350W<br>Nível de ruído: &lt;55db","{""cor"":""Preto"",""marca"":""Two Dogs"",""tipo"":""Dobrável""}",,Preto,Two Dogs,,,Dobrável,,,,,,,,,,,,,,,20,Não informado,TwoDogs,Não informado,Não informado,Dobrável,Aço carbono,Pliage,20 x 15,7,Não informado,"Dobrável, Elétrica, Pedal assistido, Computador de bordo, Iluminação, Freio a disco, Bagageiro, Bolsa porta trecos",Bateria,350W,Não informado,Lazer,Não informado,90 Kg,"Motor impermeável,  Bateria de lítio,  Pneus mais largos,  Selim mais confortável,  Para-lama de alumínio,  Travas mais resistentes,  Descanso lateral",Disco,Two Dogs,Preto,"20x1,5",,7 Marchas,,90Kg,Freio a Disco,Aço Carbono,,,Elétrica,350W
oliststore||MGL2HWJTTXEILR89,Bicicleta,Bicicleta Masculins Aro 12 Marca Nathor Modelo Mickey,"Bicicleta masculins aro 12 marca nathor modelo mickey Cor: vermelho Bem vindos a vbs online, há mais de 20 anos estamos presentes no mercado de venda de acessórios de bike e moto. Garantimos excelência no atendimento e agilidade na entrega. - envio do produto - Enviamos nossos produtos em até no máximo 24horas. Bicicletas aro 12 Indicada para crianças a partir de 3 anos ou com altura entre 90cm e 1m. Resistência e segurança para começar a pedalar As bicicletas aro 12 nathor são equipadas com os melhores itens de segurança e conforto para crianças. Com o limitador de giro, a criança garante mais equilíbrio e segurança ao pedalar. A regulagem de ângulo do guidão e da altura do selim permitem que a postura do ciclista se mantenha correta, além de possibilitar que a bicicleta seja usada por mais tempo acompanhando o crescimento. O movimento central avançado facilita o pedalar, estimulando o aprendizado. A aro 12 nathor também tem uma relação de transmissão que foi desenvolvida para que a velocidade que a criança atinge pedalando seja a mesma de um adulto andando; ou seja: os pais conseguem acompanhar a brincadeira com tranquilidade, garantindo ainda mais segurança durante a diversão Descrição do produto - quadro, garfo e guidão em aço carbono - limitador de giro do guidão - pneus em e v a - cestinha ou plaquinha - mesa de direção em nylon reforçado - selim com regulagem de altura - freio dianteiro a tambor - trava de segurança . - atenção o produto pode conter variação no modelo do aro . Informações técnicas - tamanho da roda 12 - altura máxima recomendada 90 cm a 100 cm - peso máximo recomendado 21 kg - peso do produto 3,980 kg - peso com a embalagem 4,720 kg - cubagem 0,036 m - dimensões do produto ( c x a x l) 82cm x 55cm x 50cm - dimensões da embalagem ( c x a x l) 69cm x 31cm x 18cm Qualquer dúvida faça uma pergunta no campo abaixo, temos uma equipe de atendimento especializado sempre à disposição para te ajudar.","{""aro"":""12\"""",""cor"":""Vermelho"",""marca"":""Nathor""}","12""",Vermelho,Nathor,,,,,,,,,,,,,,,,,,12,vermelho,Nathor,Não informado,Masculino,Não informado,aço carbono,Mickey,12,Não informado,Não informado,"limitador de giro do guidão, pneus em e v a, cestinha ou plaquinha, mesa de direção em nylon reforçado, selim com regulagem de altura, freio dianteiro a tambor, trava de segurança",Não informado,Não informado,Mickey,Não informado,Não informado,21 kg,Não informado,a tambor,Nathor,Vermelho,Aro 12,,,,21Kg,Freio a Tambor,Aço Carbono,Mickey,Masculino,,
bikediasg5||12444782487,Bicicleta,Bicicleta Aro 29 KSW XLT Altus 24v Hidráulico,"BICICLETA ARO 29 KSW XLT ALTUS 24v HIDRÁULICO<br> <br>COMPONENTES DA BIKE<br>- Quadro aro 29 Alumínio KSW XLT<br>- Suspensão de 80mm de Cursor<br>- Aros Aeros para Disco Folha Dupla<br>- Raios Zincados<br>- Pneus Aro 29 Com Arame<br>- Camara de Ar Aro 29<br>- Jogo Direção Ahead Set<br>- Suporte Do guidão 31.8 Importado<br>- Guidão 31.8 MTB Importado<br>- Canote do Selim MTB Importado<br>- Pedal MTB Plataforma<br>- Arruela Calço para Ahead Set (1cm)<br>- Manopla MTB Comum<br>- Abraçadeira do Selim com Blocagem<br>- Selim MTB Básico<br>- Disco de Freio De 160mm Parafusos<br>- Freio a Disco Hidráulico Com Pinças e Pastilhas<br> <br>RELAÇÃO (TRANSMISSÃO DA BIKE)<br>- Cassete Indexado de 8v<br>- Roda Tripla De Alumínio Reforçada<br>- Trocador Indexado Semi Automático Rapid Fire de 8v<br>- Cambio Dianteiro MTB Indexado<br>- Cambio Traseiro Shimano Altus 8v<br>- Cubos Com Blocagem Sistema Cassete<br> - Corrente indexada de 8v<br> - Jogo de Centro 122.5<br> <br> <br> <br>- Imagens da bicicleta são meramente ilustrativas.<br>- Algumas peças da bicicleta podem sofrer variações de cor e de modelo de acordo com o lote de importação.<br>- A Dias Bike não se responsabiliza por recolhimento obrigatório de impostos ICMS por st cobrado em alguns estados.<br>-Caso não haja alguém para receber o pedido no local de entrega, após as tentativas de entrega da transportadora, o frete do reenvio será de responsabilidade do comprador.<br>-Preço no site são exclusivos para venda online da loja virtual DIAS BIKE, os preços praticados em cada loja podem haver diferença entre os mesmos.<br>- Para as compras de bicicletas, as mesmas serão enviadas lubrificadas e pré-montadas, em função do transporte, a roda dianteira, guidão, selim e pedais são enviados soltos para encaixe. <br>- A garantia não Cobre Defeitos por Mau uso ou Pela Montagem Inadequada do Produto. A Montagem requer conhecimentos em mecânica e manutenção em bicicletas, por isso recomendamos que a montagem das Bicicletas seja feita por Profissionais do ramo em Oficina Especializada.<br>- Algumas Peças podem necessitar de regulagem ou alinhamento. <br>- A montagem, Regulagem e Alinhamento é por conta do comprador. <br>- A Garantia só será validada mediante a comprovação da montagem por um especialista, válida somente para o Primeiro proprietário.","{""marca"":""KSW"",""tamanho_do_quadro"":""19""}",,,KSW,19,,,,,,,,,,,,,,,,,29,Não informado,KSW,Não informado,Não informado,MTB,Alumínio,XLT Altus 24v,29,24,80mm de Cursor,Não informado,Não informado,Não informado,Não informado,Não informado,Não informado,Não informado,Hidráulico,Disco Hidráulico,KSW,"[Preto, Prata]",Aro 29,19,24 Marchas,,,Freio a Disco,Alumínio,,,Mountain Bike,
bikeshopmaringa||16029084779,Bicicleta,Bicicleta KSW Aro 29 Câmbios Shimano 24 Marchas Freio Disco Hidráulico com Suspensão + Led,"<p>Com um visual imponente e design ergonômico, a KSW é uma ótima opção para quem busca leveza, conforto, segurança e estilo em passeios.</p><p><br></p><p>O quadro e pedivela em alumínio deixam a bicicleta leve, as 24 combinações de marchas oferecem um bom desempenho em terrenos elevados, o freio a disco proporciona segurança nas frenagens e as várias combinações de cor agradam todos os estilos!</p><p><br></p><p><br></p><p>Especificação:</p><p><br></p><p> Quadro de Alumínio Liga 6061 Marca KSW</p><p> Aro Aero 29 Alumínio em dupla camada</p><p> Cubos Traseiro e Dianteiro 36F para freio a disco com Blocagem</p><p> Selim MTB Importado</p><p> Canote 27,2 em Alumínio</p><p> Abraçadeira: Abraçadeira em Alumínio com Blocagem</p><p> Movimento Central com Rolamentado Blindado </p><p> Movimento de Direção Headset integrada </p><p> Pedivela com engrenagem tripla</p><p><br></p><p>Trocador EzFire (troca rápida) 24 Velocidades</p><p><br></p><p>Suporte de guidão alumínio preto</p><p> Guidão em Alumínio </p><p> Roda livre 8 velocidades Index</p><p> Câmbio Dianteiro Importado</p><p> Câmbio Traseiros Shimano tz31</p><p><br></p><p>Corrente Fina Index </p><p> Pedal 9/16 plataforma de nylon </p><p> Garfo de suspensão 29 OVER em aço preto importado</p><p> Freio a disco dianteiro e traseiro hidráulico</p><p> Pneu 29 (deacordo com o estoque)</p><p><br></p><p> OBS: </p><p> GARANTIA DE 3 MESES CONTRA DEFEITO DE FABRICA.</p><p> Não cobre desgaste, mal uso do produto. ( Sempre manter a relação da bike limpa e lubrificada para um melhor desempenho do produto). Montagem e regulagem por conta do cliente. Orientamos que o comprador leve em um oficina especializada para a montagem e regulagem do produto. </p><p> NÃO NOS RESPONSABILIZAMOS POR MONTAGEM.</p><p> NÃO ENVIAMOS MANUAL DE MONTAGEM. </p><p><br></p><p> obs. FOTO ILUSTRATIVA.</p><p><br></p><p><br></p><p> CORES E TAMANHOS DISPONÍVEIS NO ANUNCIO. </p><p><br></p><p> Quadro em alumínio, para melhor eficiência da utilização de sua bicicleta siga as especificações a baixo:</p><p><br></p><p><br></p><p>21 Polegadas - Recomendado para pessoas acima de 1,90m</p><p><br></p><p>19 Polegadas - Recomendado para pessoas 1,80m à 1,90m</p><p> 17 Polegadas - Recomendado para pessoas 1,69m à 1,79m</p><p> 15 Polegadas - Recomendado para Pessoas 1,50m à 1,68m</p><p> OBS: Pode alterar a altura conforme gosto ou altura do cavalo do ciclista. </p><p><br></p><p> IMAGENS MERAMENTE ILUSTRATIVAS, PODENDO ALTERAR SUA ESTRUTURA DE ACORDO COM A COR E TAMANHO DESEJADO.</p><p><br></p><p> PRODUTO ENVIADO PRÉ-MONTADO, FALTANDO O ENCAIXE DA RODA DIANTEIRA, GUIDÃO, SELIM E PEDAIS. SUGERIMOS A REGULAGEM DE CÂMBIO E FREIOS DEVIDO AO TRANSPORTE.</p>","{""cor"":""Preto, Laranja"",""marca"":""Shimano"",""tamanho_do_quadro"":""21""}",,"Preto, Laranja",Shimano,21,,,,,,,,,,,,,,,,,29,Não informado,KSW,Não informado,Não informado,MTB,Alumínio,Não informado,29,24,Não informado,"Freio a disco hidráulico, Led",Não informado,Não informado,Não informado,Não informado,Não informado,Não informado,Não informado,Disco Hidráulico,KSW,"[Preto, Laranja]",Aro 29,21,24 Marchas,,,Freio a Disco,Alumínio,,Unissex,,
lojasim2||1681,Bicicleta,Bicicleta Colli Aro 26 GPS Dupla Suspensão 21 Marchas Freios V-Brake Aço Carbono,"Encare qualquer trajeto com a Suspensão Dupla da Bicicleta Colli linha Fulls GPS Aro 26<br> <br> <br> Agora os momentos de lazer serão mais divertidos e saudáveis. Ideais para fazer passeios a qualquer hora com os amigos ou familiares e também para a prática de atividades esportivas. Possuem quadro de aço de carbono, Suspensão Dianteira e Traseira, excelente desempenho e os freios Freio V-Brake tem uma resposta mais rápida para tornar as manobras mais seguras e precisas. Confira!<br> <br> <br> Características:<br> Quadro Completo Aro 26 em Aço Carbono <br> Guidão POP em Aço Carbono <br> Garfo De Suspensão Aro 26 <br> Alav. Hand Shift Troc. Na Luva 21 m.c Manoplas em Borracha <br> Movimento Direção 22,2m <br> Maçaneta De Freio Nylon <br> Rabeta Completa Suspensão F.V-Brake A.26 Preto Fosco <br> Mola Suspensão De Alumínio 150mm. <br> Pedal Rosca Grossa 916 Preto c Refletor <br> Freio V-Brake Dianteiro e Traseiro <br> Selim Premium <br> Cambio Dianteiro Traseiro <br> Roda Livre 7v 1428d <br> Pedivela Braço Engrenagem Tripla <br> Aro 26 Aero Preto <br> Movimento Central 34.7mm <br> Descanso lateral <br> Corrente Fina Tec 12x332 <br> Pneu 26x1.95 <br> Cubo diant tras. em aço 36 Furos <br> Idade Recomendada:<br> A Partir de 14 anos<br> Peso Suportado: 100 Kg<br> Tamanho do Quadro: 18<br> <br> <br> Acessórios da Embalagem:<br> Quadro e garfo com roda traseira, roda dianteira e guidão.<br> <br> <br> Kit de Acessórios:<br> Kit Selim<br> Canote<br> Pedais<br> Manual do Proprietário<br> <br> <br> Dimensões: <br> Altura: 85 cm<br> Largura: 69 cm<br> Profundidade: 150 cm<br> <br> <br> Garantia do fabricante: 3 meses para peças e acessórios 6 meses para quadro e partes pintadas.<br> Não é fornecida assistência técnica para pedais e pedivela por se tratar de um produto que se for montado sem atenção causa o espanamento de ambas as partes","{""aro"":""26\"""",""cor"":""Laranja"",""marca"":""Colli"",""material_do_quadro"":""Aço"",""tamanho_do_quadro"":""26"",""tipo_de_suspensao"":""Dupla Suspensão""}","26""",Laranja,Colli,26,,,Aço,,,,Dupla Suspensão,,,,,,,,,,26,Não informado,Colli,18,Não informado,Não informado,Aço Carbono,Fulls GPS,26,21,Dupla Suspensão,Não informado,Não informado,Não informado,Não informado,Não informado,Não informado,100 Kg,Não informado,V-Brake,Colli,Laranja,Aro 26,18,21 Marchas,Dupla Suspensão,100Kg,Freio V-Brake,Aço Carbono,,Feminino,Mountain Bike,
dropponline||164106,Bicicleta,Bicicleta Aro 29 Raider Z3X 24 Vel Câmbio Traseiro Shimano Freio a Disco Bike MTB Alumínio,"<p>ESCOLHA O TAMANHO DO QUADRO:</p><p>Tamanho 15 indicado para pessoas com altura de 1,50 a 1,68;</p><p>Tamanho 17 indicado para pessoas com altura de 1,69 a 1,76;</p><p>Tamanho 19 indicado para pessoas com altura de 1,77 a 1,84;</p><p>Tamanho 21 indicado para pessoas com altura de 1,85 a 1,98.</p><p>A Bicicleta Raider Z3X 24V é incrível! Com um design vibrante, quadro de alumínio resistente e leve, e 24 velocidades com Câmbio Traseiro Shimano para enfrentar qualquer terreno. Os freios a disco garantem segurança nas frenagens, e a suspensão suaviza os impactos. Desfrute de aventuras sem limites com muito estilo!</p><p>Descrição dos Componentes:</p><p>Quadro Marca RAIDER - Modelo Z3X Aro 29 em Alumínio 6061</p><p>Garfo Suspensão Aro 29</p><p>Câmbio Dianteiro Importado 3v</p><p>Câmbio Traseiro SHIMANO 8v</p><p>Trocador Engate rápido - 24V</p><p>Pedivela Em Aço</p><p>Catraca / Roda Livre 8v</p><p>Corrente 8V</p><p>Freio a Disco 160mm Preto - MECÂNICO</p><p>Cubos Aço p/ Disco 36f Preto com Blocagens</p><p>Aros Aero 36 Furos Folha Dupla Alumínio</p><p>Câmara de Ar 29 x 1.95 Bico Grosso</p><p>Pneu Aro 29 Cravo Baixo</p><p>Guidão Preto</p><p>Suporte de Guidão Preto</p><p>Canote de Selim Preto 27,2mm</p><p>Banco / Selim – Sport</p><p>Movimento Central Roller 122.5 Preto Selado</p><p>Movimento de Direção Over</p><p>OBSERVAÇÕES</p><p>Pode haver alguma diferença de tonalidade entre a imagem e o produto real, por conta do tratamento de imagens e a calibração de cores do monitor.</p><p>MONTAGEM</p><p>Enviamos a bicicleta pré-montada, revisada e devidamente embalada, para melhor se acomodar na embalagem de transporte são retirados apenas: selim, pedais, guidão e roda dianteira.</p><p>O custo da montagem é de responsabilidade do cliente.</p><p>Por motivo de transporte e manuseio, é necessário efetuar uma nova regulagem de câmbio ao receber o produto.</p><p>Não nos responsabilizamos pela revisão final da bicicleta, sugerimos que seja efetuada por uma oficina especializada.</p><p>GARANTIA</p><p>NÃO COBRE DEFEITOS POR MAU USO OU PELA MONTAGEM, REGULAGEM DE CÂMBIOS OU REVISÃO INADEQUADA DO PRODUTO.</p><p>A garantia será validada para as bicicletas montadas e revisadas por uma oficina especializada e é referente apenas ao primeiro proprietário.</p><p>A garantia não se aplica para os itens de desgaste natural, tais como: Pneu, câmaras, cabos, sapatas ou pastilhas de freio, centragem de aros, pintura do quadro, componentes da transmissão (câmbios, corrente, engrenagens do pé de vela, engrenagens do cassete).</p>","{""aro"":""29\"""",""marca"":""Raider""}","29""",,Raider,,,,,,,,,,,,,,,,,,29,Não informado,Raider,"15, 17, 19, 21",Não informado,MTB,Alumínio,Z3X,29,24,Suspensão,Não informado,Não informado,Não informado,Não informado,Não informado,Não informado,Não informado,Não informado,Disco,Raider,"[Azul, Preto]",Aro 29,,24 Marchas,Dianteira,,Freio a Disco,Alumínio,,,Mountain Bike,
unistock||UNINATHORBICIMASC03,Bicicleta,Bicicleta Infantil Balance Masculino Equilibrio sem Pedal AZUL,"<p><br></p><p>É uma bicicleta de treinamento que ajuda a criança a desenvolver habilidades motoras, percepção espacial, coordenação bilateral e o equilíbrio estático e dinâmico.</p><p><br></p><p>Por que as bicicletas de equilíbrio não têm pedais?</p><p><br></p><p>O objetivo principal do design das bicicletas de equilíbrio é permitir que as crianças desenvolvam suas habilidades motoras básicas. Aprender a se equilibrar e a fazer curvas é muito mais fácil sem pedais. O movimento de “sobe e desce” da pedalada faz com que a criança jogue o peso de seu corpo de um lado para o outro prejudicando seu equilíbrio, fazendo-a perder a estabilidade e senso de direção. As bicicletas de equilíbrio permitem que as crianças apoiem seus pés no chão quando sentirem que estão perdendo o equilíbrio, se firmando rapidamente e prevenindo uma queda.</p><p><br></p><p>Assim, quando a criança iniciar em sua primeira bicicleta com pedais, vai estar mais preparada e confiante para a atividade, se concentrando basicamente a aprender o movimento de pedalar.</p><p><br></p><p>Com que idade uma criança deve fazer a transição para uma bicicleta com pedais?</p><p>Se sua criança dominar uma bicicleta de equilíbrio, com entre 4 e 6 anos você pode introduzir uma bicicleta com pedais aro 16 (e sem rodinhas). As bicicletas de equilíbrio geralmente continuam sendo o brinquedo favorito por um bom tempo após elas conseguirem andar com uma bicicleta de pedais.</p><p><br></p><p>Quanto tempo leva para aprender?</p><p>Muitas crianças conseguem andar na primeira vez que sentam em uma bicicleta de equilíbrio.</p><p><br></p><p><strong> Características:</strong></p><p>Frio Tambor;</p><p>Limitador de giro do guidão;</p><p>Aço carbono;</p><p>Pneus em E.V.A;</p><p>Direção com mesa</p><p><br></p><p><br></p><p><strong> Especificações:</strong></p><p>Tamanho da roda: 12(Aro)</p><p>Altura máxima recomendada: 100 cm</p><p>Peso máximo recomendado: 21 kg</p><p>Idade recomendada: A partir de 2 a 5 anos</p><p>Peso do produto: 2,780 Kg</p><p>Dimensões do produto (Comprimento x Altura x Largura): 86 x 55 x 43 cm</p><p><br></p><p>Material: quadro, guidão e garfo em aço carbono. Pneus em EVA. Mesa de Direção em Nylon Reforçado. Selim em PU. Abraçadeira do Selim em Alumínio</p><p><br></p><p><strong>Contém: </strong></p><p>1 Balance Bike</p><p>Manual de instrução</p><p>Certificado de garantia</p><p>3 meses de garantia</p>","{""cor"":""Azul"",""genero"":""Masculino"",""marca"":""Nathor"",""modelo"":""Balance Bike""}",,Azul,Nathor,,Masculino,,,Balance Bike,,,,,,,,,,,,,12,AZUL,Não informado,Não informado,Masculino,Balance,Aço carbono,Equilibrio sem Pedal,12,Não informado,Não informado,Limitador de giro do guidão,Não informado,Não informado,Não informado,Não informado,Não informado,21 kg,Não informado,Não informado,Nathor,Azul,Aro 12,,,,21Kg,,Aço Carbono,,Masculino,Equilíbrio,
potencialbikes||k14vermelho17,Bicicleta,"Bicicleta Aro 29 Ksw 21 Marchas Shimano, Freios a Disco e K7","<p>Bicicleta ideal para uso urbano e trilhas leves.</p><p><br></p> <p><br></p><p>QUADRO : 29"" Alumínio 6061</p><p><br></p><p>SUSPENSÃO : Cursor de 80mm sem trava</p><p><br></p><p>CAIXA DE DIREÇÃO : Semi Integrada</p><p><br></p><p>GUIDÃO : Reto ou Curvo em Alumínio 6061</p><p><br></p><p>MESA : 80mm em Alumínio 6061</p><p><br></p><p>MANOPLAS : Borracha Flexível</p><p><br></p><p>TROCADORES : Importado 3 / 7v</p><p><br></p><p>FREIOS : Mecânico a Disco de 160mm</p><p><br></p><p>CÂMBIO DIANTEIRO : Shimano Tourney</p><p><br></p><p>CÂMBIO TRASEIRO : Shimano Tourney</p><p><br></p><p>PEDIVELA : Aço Carbono Revestido</p><p><br></p><p>PEDAL : Plataforma em Nylon</p><p><br></p><p>CORRENTE : Indexada de 7v</p><p><br></p><p>CASSETE: 7 Velocidades</p><p><br></p><p>CANOTE DE SELIM : 27.2mm em Alumínio 6061</p><p><br></p><p>SELIM : PU com trilho de regulagem</p><p><br></p><p>Aros : Race de Parede Dupla</p><p><br></p><p>PNEU : MTB 29 Cravo</p><p><br></p> <p><br></p> <p><br></p><p>OBSERVAÇÕES:</p><p><br></p> <p><br></p><p>Imagens Ilustrativas. Pode haver alguma diferença de tonalidade entre a imagem e o produto real, por conta do tratamento de imagens e a calibração de cores do seu monitor ou celular!</p><p><br></p><p>As fotos do anúncio são feitas com quadros do tamanho 17.</p><p><br></p><p>A geometria do quadro (desenho) pode mudar conforme o tamanho escolhido alterando a inclinação do tubo superior quando quadro é 21 deixando-o mais reto.</p><p><br></p><p>Imagens meramente ilustrativas, podendo ter variação de peças de acordo com nosso estoque, sempre com qualidade igual ou superior!</p><p><br></p><p>Enviamos a bicicleta pré-montada, devidamente embalada, para melhor se acomodar na embalagem de transporte são retirados apenas: selim, pedais, guidão e roda dianteira.</p><p><br></p><p>NÃO COBRE DEFEITOS POR MAU USO OU PELA MONTAGEM / REVISÃO INADEQUADA DO PRODUTO.</p><p><br></p><p>A garantia será validada para as bicicletas montadas e revisadas por uma oficina especializada e é referente apenas ao primeiro proprietário.</p><p><br></p><p>A garantia não se aplica para os itens de desgaste natural, tais como: Pneu, câmaras, cabos, sapatas de freio, centragem de aros, pintura do quadro, componentes da transmissão (corrente, engrenagens do pé de vela, engrenagens do cassete)</p>","{""aro"":""29\"""",""cor"":""Preto, Vermelho"",""material_do_quadro"":""Alumínio"",""tipo"":""Mountain Bike""}","29""","Preto, Vermelho",,,,Mountain Bike,Alumínio,,,,,,,,,,,,,,29,Não informado,Ksw,Não informado,Não informado,MTB,Alumínio,Não informado,29,21,Cursor,Não informado,Não informado,Não informado,Não informado,Urbano,Não informado,Não informado,Não informado,Disco,KSW,"[Preto, Vermelho, Branco]",Aro 29,29,21 Marchas,Dianteira,,Freio a Disco,Alumínio,,Feminino,Mountain Bike,
bikediasg5||31222,Bicicleta,Bicicleta Aro 29 MTB KOG 12 Velocidades Freios Hidráulicos,"<p>KOG</p><p><br></p><p><br></p><p>A KOG é uma marca da Dias Bike, baseada em toda a experiencia acumulada ao longo de mais de 30 anos no mercado de ciclismo e motocicletas. A experiencia nos permitiu desenvolver bicicletas que com um ótimo custo benefício, tanto para pedais urbanos para te levar a todos os lugares, como também bicicletas prontas para encarar os mais diversos obstáculos em uma trilha. A KOG foi pensada e desenvolvida especialmente para quem está iniciando no Mountain Bike e conciliando conforto e desempenho.</p><p><br></p><p><br></p><p>**Bike Indicada para Uso Urbano**</p><p><br></p><p><br></p><p>FICHA TECNICA</p><p><br></p><p><br></p><p>Quadro aro 29 Alumínio Cabeamento Interno</p><p><br></p><p>Suspensão de 80mm</p><p><br></p><p>Aros Aeros para Disco Folha Dupla</p><p><br></p><p>Raios Zincados</p><p><br></p><p>Pneus Aro 29 Com Arame</p><p><br></p><p>Câmara de Ar Aro 29</p><p><br></p><p>Jogo Direção Ahead Set</p><p><br></p><p>Suporte Do guidão 31.8</p><p><br></p><p>Guidão 31.8 MTB</p><p><br></p><p>Canote do Selim MTB </p><p><br></p><p>Pedal MTB Plataforma</p><p><br></p><p>Arruela Calço para Ahead Set (1cm)</p><p><br></p><p>Manopla MTB Comum</p><p><br></p><p>Abraçadeira do Selim com Blocagem</p><p><br></p><p>Selim MTB </p><p><br></p><p>Disco de Freio De 160mm Parafusos</p><p><br></p><p>Freio a Disco Hidráulico Com Pinças e Pastilhas</p><p><br></p><p><br></p><p>RELAÇÃO (TRANSMISSÃO DA BIKE)</p><p><br></p><p><br></p><p>Cassete 12V Indexado</p><p><br></p><p>Pedivela Single Alumínio Ponta Quadrada</p><p><br></p><p>Trocador Indexado Semi Automático Rapid Fire de 12V</p><p><br></p><p>Cambio Traseiro Indexado MTB 12v Velocidades</p><p><br></p><p>Cubos Cassete (K7)</p><p><br></p><p>Corrente indexada de 12 Velocidades</p><p><br></p><p>Jogo de Centro</p><p><br></p><p><br></p><p>Dias Bike</p><p><br></p><p><br></p><p>Bem vindo a Dias Bike! A Dias Bike é uma loja física e virtual que faz parte da família Dias Bike e Dias Moto Peças, que possuem mais de 10 lojas físicas e uma distribuidora atacadista, atuando no mercado de ciclismo a mais de 30 anos. A empresa comercializa bicicletas prontas, peças e acessórios para bicicletas em geral, tudo a sua disposição e com a comodidade de receber o produto em sua casa em qualquer lugar do Brasil com toda garantia de entrega e a certeza de sua satisfação.</p><p><br></p><p><br></p><p>**FOTOS MERAMENTE ILUSTRATIVAS**</p>","{""cor"":""Vermelho, Preto"",""marca"":""KOG"",""tamanho_do_quadro"":""15""}",,"Vermelho, Preto",KOG,15,,,,,,,,,,,,,,,,,29,Não informado,KOG,Não informado,Não informado,MTB,Alumínio,Não informado,29,12,80mm,Cabeamento Interno,Não informado,Não informado,Não informado,Urbano,Não informado,Não informado,Não informado,Hidráulico,KOG,"[Vermelho, Preto]",Aro 29,15,12 Marchas,,,Freio a Disco,Alumínio,,Feminino,Mountain Bike,
cicloarte||15797282959,Bicicleta,Bicicleta Feminina Mobele Imperial 7V Aro 26,"Além do seu lindo visual, o quadro Old Dutch com seu tubo superior rebaixado, também vai facilitar muito o montar e desmontar da bicicleta, indiferente se você estiver usando uma saia ou uma calça justa.A Mobele Imperial conta com bagageiro, que além do baixo peso, possibilita o transporte de pequenas cargas e também facilita a instalação de cadeirinhas.<br>Quadro:Estilo Old Dutch com tubo superior rebaixado em aço carbono, tamanho 17?.<br>Guidão:Modelo clássico Mobele, com regulagem.<br>Selim:Confort com molas em elastomêro.<br>Freios: V-Bracke - Em alumínio.<br>Para Lamas:Exclusivo na cor da bike.<br>Trocadores:Gripshift Index 7V.<br>Cambio Traseiro:Index 7V.<br>Pro tetor de Correntes:Exclusivo modelo P na cor da bike.<br>Pneus: Aro 26.<br>Aros: Em alumínio aro 26?.<br>Bagageiros: Traseiro com presilha clip.<br>",{},,,,,,,,,,,,,,,,,,,,,26,Não informado,Mobele,17,Feminina,Não informado,aço carbono,Imperial,26,7,Não informado,"Bagageiro, Para Lamas, Protetor de Correntes",Não informado,Não informado,Não informado,Não informado,Não informado,Não informado,Não informado,V-Brake,Mobele,Bege,Aro 26,17,,,,Freio V-Bracke,Aço Carbono,,Feminino,,
dutramaquinas2||WD241S,Bicicleta,Bicicleta aro 24 com 21 marchas freio V-Brake verde esmeralda e roxo com cesta - WINDY - Houston,"Produto: Bicicleta aro 24 com 21 marchas freio V-Brake verde esmeralda e roxo com cesta - WINDY<br>Marca: Houston<br><br>Descrição:<br>A Bicicleta aro 24 com 21 marchas freio V-Brake verde esmeralda e roxo com cesta - WINDY da Houston é ideal para viver aventuras em família, ou ter um ótimo desempenho em deslocamento urbano. Adquira a Bicicleta WINDY e aproveite os melhores momentos.<br>Os novos quadros de aço foram projetados para que a geometria de toda a bike oferecesse mais conforto para aqueles que estão em fase de crescimento. Com câmbio traseiro Shimano e Aro aero, as bikes Aro 24 oferecem ainda mais confiança.<br>Conforto e segurança para desfrutar os melhores momentos em duas rodas.<br>Características:<br>• Quadro aço carbono<br>• Guidão MTB aço carbono curvo 620mm<br>• Garfo Standard Rígido<br>• Manopla PVC preta Grip Shifter<br>• Corrente Fina Index<br>• Sistema de freio V -Brake<br>• Caixa de direção MTB Standard 8 pçs<br>• 21 marchas<br>• Com cesta aramada.<br>Especificações:<br>Quadro aço carbono<br>Guidão MTB aço carbono curvo 620mm<br>Garfo Standard Rígido<br>Manopla PVC preta Grip Shifter<br>Corrente Fina Index<br>Pedivela tripla 152mm index 28x38x48 cinza<br>Sistema de freio V-Brake<br>Caixa de direção MTB Standard 8 peças<br>Numero de marchas 21 velocidades<br>Movimento central de pino 34,7mm 5 peças<br>Com cesta aramada.<br>Itens Inclusos:<br>Campainha<br>Espelho<br>Cesta aramada.","{""aro"":""24\"""",""cor"":""Verde, Preto"",""marca"":""Houston""}","24""","Verde, Preto",Houston,,,,,,,,,,,,,,,,,,24,verde esmeralda e roxo,WINDY,Não informado,Não informado,Não informado,aço carbono,Houston,Não informado,21,Não informado,Não informado,Não informado,Não informado,Não informado,Não informado,Não informado,Não informado,com cesta,V-Brake,Houston,"[Verde Esmeralda, Roxo]",Aro 24,,21 Marchas,,,Freio V-Bracke,Aço Carbono,,,Mountain Bike,
saidx||40079,Bicicleta,Bicicleta Aro 29 Bike Ksw Xlt 21 Marchas Alumínio Freio a Disco,"<p>A Bicicleta KSW, é a escolha perfeita para os iniciantes do mountain bike, possuindo um dos melhores Custo-benefício do mercado, e com uma qualidade surpreendente.</p><p>Dentre os atributos, os que mais se destacam são: Componentes em alumínio: Torna o produto mais leve. Freios a Disco: Frenagem segura e com baixo custo de Manutenção. Suspensão Dianteira: Amortecimento que Reduz impactos durante o trajeto. Além de trazer vários benefícios para a saúde, e para a Vida!</p><p>Quadro 29 A6061 KSW XLT 100 Alumínio. Abraçadeira Quadro c/ Blocagem 31.8 Alumínio. Suporte de Guidão 80mmx31.8x7mm Alumínio. Canote Selim 27.2x350 sem Carrinho Alumínio. Guidão Mtb 680x31.8x30mm Alumínio.</p><p>Cambio Dianteiro 3v Index. Cambio Traseiro 7v Index. Alavancas Rapid Fire 21v Index.</p><p>Freio a Disco Mecânico 160mm. Pedivela Aço Revestido Nylon 24/34/42D Index. Roda Livre 7v 14/28D Index. Corrente fina 7v Index.</p><p>Garfo 29 Suspensão 100mm. Pneu 29 Mtb Multi-terreno. Pedal Freestyle Nylon Inglês.</p><p>Cubo em aço c/ Blocagem. Aros Aero Parede Dupla. Manopla Borracha Mtb.</p><p>Movimento Central 34.7 Roller 122.5mm. Selim Mtb.</p><p>Peso (Tam 17): 15,83kg</p><p>Recomendações: Certifique-se do tamanho do quadro antes de efetuar a compra, recomendamos que escolha o tamanho de quadro de acordo com a altura do usuário, conforme tabela da última foto do anúncio. </p><p>Montagem: A bicicleta vai montada e revisada, por motivo de acomodação na embalagem, são retirados selim, pedais, guidão e roda dianteira. A montagem final é de responsabilidade do cliente, sugerimos a mesma seja feita por uma oficina especializada (a empresa não se responsabiliza pela montagem e regulagem final da mercadoria). </p><p>Garantia: 1 ano para o quadro e 3 meses para os componentes (ambos contra defeitos de fabricação). A garantia não cobre defeitos por mau uso ou pela montagem inadequada do produto. </p><p>Imagem meramente ilustrativa.</p>","{""cor"":""Grafite"",""marca"":""KSW"",""tipo"":""Mountain Bike""}",,Grafite,KSW,,,Mountain Bike,,,,,,,,,,,,,,,29,Não informado,KSW,Não informado,Não informado,Mountain Bike,Alumínio,XLT,29,21,Dianteira,"Componentes em alumínio, Freios a Disco, Suspensão Dianteira",Não informado,Não informado,Não informado,Não informado,17,Não informado,Não informado,Disco,KSW,Grafite,Aro 29,29,21 Marchas,Dianteira,,Freio a Disco,Alumínio,,,Mountain Bike,
diasbike||12543419026,Bicicleta,Bicicleta Aro 29 KSW XLT 21v Shimano Tourney,"BICICLETA ARO 29 KSW XLT 21V SHIMANO TOURNEY<br> <br>COMPONENTES DA BIKE<br>- Quadro aro 29 Alumínio<br>- Suspensão de 80mm<br>- Aros Aeros para Disco Folha Dupla<br>- Raios Zincados<br>- Pneus Aro 29 Com Arame<br>- Câmara de Ar Aro 29t<br>- Jogo Direção Ahead Set<br>- Suporte Do guidão 31.8<br>- Guidão 31.8 MTB<br>- Canote do Selim MTB <br>- Pedal MTB Plataforma<br>- Arruela Calço para Ahead Set (1cm)<br>- Manopla MTB Comum<br>- Abraçadeira do Selim com Blocagem<br>- Selim MTB <br>- Disco de Freio De 160mm Parafusos<br>- Freio a Disco Mecânico Com Pinças e Pastilhas <br> <br> <br>RELAÇÃO (TRANSMISSÃO DA BIKE)<br>- Catraca 7V Shimano<br>- Roda Tripla De Aluminio Shimano TY301<br>- Trocador Indexado Semi Automático Rapid Fire de 7V<br>- Cambio Dianteiro Indexado MTB 3v Shimano Tourney <br>- Cambio Traseiro Indexado MTB 7v Shimano Tourney<br>- Cubos de rosca<br>- Corrente indexada de 7V Shimano<br>- Jogo de Centro 122.5 Selado Rolamentado<br> <br>- Imagens da bicicleta são meramente ilustrativas.<br>- Algumas peças da bicicleta podem sofrer variações de cor e de modelo de acordo com o lote de importação.<br>- A Dias Bike não se responsabiliza por recolhimento obrigatório de impostos ICMS por st cobrado em alguns estados.<br>- Caso não haja alguém para receber o pedido no local de entrega, após as tentativas de entrega da transportadora, o frete do reenvio será de responsabilidade do comprador.<br>- Preço no site são exclusivos para venda online da loja virtual DIAS BIKE, os preços praticados em cada loja podem haver diferença entre os mesmos.<br>- Para as compras de bicicletas, as mesmas serão enviadas lubrificadas e pré-montadas, em função do transporte, a roda dianteira, guidão, selim e pedais são enviados soltos para encaixe.<br>- A garantia não Cobre Defeitos por Mau uso ou Pela Montagem Inadequada do Produto. A Montagem requer conhecimentos em mecânica e manutenção em bicicletas, por isso recomendamos que a montagem das Bicicletas seja feita por Profissionais do ramo em Oficina Especializada.<br>- Algumas Peças podem necessitar de regulagem ou alinhamento.<br>- A montagem, Regulagem e Alinhamento é por conta do comprador.<br>- A Garantia só será validada mediante a comprovação da montagem por um especialista, válida somente para o Primeiro proprietário.<br>","{""cor"":""Preto, Branco, Vermelho"",""marca"":""KSW""}",,"Preto, Branco, Vermelho",KSW,,,,,,,,,,,,,,,,,,29,Não informado,KSW,Não informado,Não informado,MTB,Alumínio,XLT,29,21,80mm,Não informado,Não informado,Não informado,Não informado,Não informado,Não informado,Não informado,Não informado,Disco Mecânico,KSW,"[Preto, Branco, Vermelho]",Aro 29,17,21 Marchas,,100Kg,Freio a Disco,Alumínio,,,Mountain Bike,
veredasonline||355-881,Bicicleta,Bicicleta Aro 29 Spaceline Orion  Preto e Branco,"A Bicicleta Orion Aluminum possui um nome forte e uma grande gama de cores. Possui 21 combinações de marchas, trocadores Revoshift que facilita as trocas para os iniciantes. Suspensão de 80mm de amortecimento e freio a disco para melhor segurança do ciclista.<br>Especificações:<br>QUADRO 29"" Alumínio 6061SUSPENSÃO Curso 80mm de Amortecimento<br>CAIXA DE DIREÇÃO Semi Integrada<br>GUIDÃO Reto em Alumínio 6061<br>MESA 80mm em Alumínio 6061<br>MANOPLAS Borracha Flexível<br>TROCADORES Revoshift<br>FREIOS Mecânico com disco de 160mm<br>CÂMBIO DIANTEIRO Importado 3v Indexado<br>CÂMBIO TRASEIRO Importado de 7v Indexado<br>PEDIVELA Triplo em Aço Indexado<br>PEDAL Plataforma em Nylon<br>CORRENTE 7v Indexada<br>RODA LIVRE / K7 7 Velocidades Roda livre<br>CANOTE DE SELIM Aço Carbono<br>SELIM PU com trilho<br>RODAS Rodas Race de Parede Dupla<br>PNEU MTB 29""<br>GARANTIA: NÃO COBRE DEFEITOS POR MAU USO OU PELA MONTAGEM, REGULAGEM DE CÂMBIOS OU REVISÃO INADEQUADA DO PRODUTO.A garantia será validada para as bicicletas montadas e revisadas por uma oficina especializada e é referente apenas ao primeiro proprietário.A garantia não se aplica para os itens de desgaste natural, tais como: Pneu, câmaras, cabos, sapatas ou pastilhas de freio, centragem de aros, pintura do quadro, componentes da transmissão (câmbios, corrente, engrenagens do pedivela).",{},,,,,,,,,,,,,,,,,,,,,29,Preto e Branco,Spaceline,Não informado,Não informado,MTB,Alumínio,Orion,Não informado,21,80mm de amortecimento,Não informado,Não informado,Não informado,Não informado,Não informado,Não informado,Não informado,Não informado,Disco,Spaceline,"[Preto, Branco]",Aro 29,17,21 Marchas,Dianteira,,Freio a Disco,Alumínio,,Unissex,,
lymdecor-tray||33011p,Bicicleta,Bicicleta SX Sport Aro 29 Quadro 19 Alumínio 21v Shimano TZ Freio Mecânico Azul Escuro Preto - Dropp,"A Bicicleta SX Sport Aro 29 Quadro em Alumínio 21v Shimano TZ Freio a Disco Mecânico é a opção certa para você que pretende adotar um estilo de vida mais saudável. Seja para passeios urbanos, trilhas leves, ou até como seu principal meio de transporte, a bicicleta pode trazer inúmeros benefícios para a sua saúde, além de uma qualidade de vida garantida. A Mountain Bike SX Sport Dropp é produzida em quadro ergonômico de alumínio e possui várias cores e tamanhos para você escolher. Além disso este equipamento oferece um desempenho incrível em área urbana e íngreme pois foi desenvolvida com componentes super importantes para uma boa performance, possui suspensão dianteira para absorção de impacto e também é capaz de combinar 21 velocidades com câmbios Shimano e trocador Dropp 3x7 com manetes que oferece ótimo desempenho em terrenos elevados. Já o freio a disco mecânico proporciona muito mais segurança e tranquilidade nas frenagens. Invista em sua saúde mental e corporal, afinal pedalar é vida! Compre já!<br><br><strong>Tamanho do Quadro: </strong> 19<br><strong>Aro: </strong> 29<br><strong>Peso Aproximado: </strong> 15 kg<br><br><strong>Características: </strong><br><strong>Modelo Quadro: </strong>SX Sport<br><strong>Material Quadro: </strong> Alumínio 6061 AMS<br><strong>Escala de Brilho: </strong>Brilhante<br><strong>Material Aro: </strong>Alumínio<br><strong>Tipo de Aro: </strong>Flay Race 36 Furos Folha Dupla<br><strong>Garfo/Suspensão: </strong>Suspensão de 100mm sem Trava<br><strong>Peso Suportado: </strong>Até 110 kg<br><strong>Tipo de Freio: </strong>Freio a Disco Mecânico 160mm<br><strong>Tipo de Guidão: </strong>Reto Expandido em Alumínio<br><strong>Abraçadeira: </strong>Blocagem em Alumínio<br><strong>Suporte de Guidão: </strong>Preto em Alumínio<br><strong>Luvas/Manopla: </strong>Borracha Flexível<br><strong>Número de Marchas: </strong>21 Velocidades<br><strong>Trocador de Marchas: </strong> Dropp 3x7 com Manetes<br><strong>Câmbio Dianteiro: </strong>Shimano Tourney TZ<br><strong>Câmbio Traseiro: </strong>Shimano TZ31 7v<br><strong>Banco/Selim: </strong>Selle Royal<br><strong>Canote de Selim: </strong>Alumínio<br><strong>Pedivela: </strong>Triplo em Aço<br><strong>Pedais: </strong>Plataforma Nylon<br><strong>Corrente: </strong>Indexada 7 velocidades<br><strong>Catraca (K7): </strong>Roda Livre 7 velocidades<br><strong>Movimento de Direção: </strong>Rolamento de Eixo Quadrado<br><strong>Pneus: </strong>Chaoyang Skin Wall 29 com Faixa<br><strong>Rodas: </strong>Rodas Flay de Parede Dupla<br><strong>Câmaras: </strong>29 x 1.95 Bico Grosso<br><strong>Garantia de Fábrica: </strong>90 dias contra defeito de fabricação<br><br><strong>Recomendação de Quadro: </strong><br>15 - Para ciclistas de 1,50 até 1,68 cm<br>17 - Para ciclistas de 1,68 até 1,76 cm<br>19 - Para ciclistas de 1,76 até 1,84 cm<br>21 - Para ciclistas de 1,84 até 1,98 cm<br><br><strong>Importante: </strong><br>- Pode haver alguma diferença de tonalidade entre a imagem e o produto real por conta do tratamento de imagens e a calibração de cores do seu monitor.<br>- A geometria do quadro (desenho) pode mudar conforme o tamanho escolhido alterando a inclinação do tubo superior.<br>- Ao receber a mercadoria verifique a embalagem caso haja alguma avaria não assine o comprovante de entrega.<br>- Enviamos a bicicleta pré-montada e revisada, mas para melhor se acomodar na embalagem e transporte são retirados: selim pedais guidão e roda dianteira. A instalação é de responsabilidade do cliente. Por motivo de transporte e manuseio pode haver a necessidade de efetuar uma nova regulagem de câmbio ao receber o produto.<br>- Não nos responsabilizamos pela revisão final ou por defeitos causados por mau uso, montagem e regulagem inadequada. Recomendamos que seja feita por mão de obra qualificada.<br>- A garantia deste produto não se aplica para os itens de desgaste natural, tais como: Pneu, câmaras, cabos, sapatas ou pastilhas de freio, centragem de aros, pintura do quadro ou componentes da transmissão (câmbios, corrente, engrenagens do pé de vela, engrenagens do cassete).","{""marca"":""Dropp""}",,,Dropp,,,,,,,,,,,,,,,,,,29,Azul Escuro Preto,Dropp,19,Não informado,Mountain Bike,Alumínio,SX Sport,Não informado,21,Suspensão de 100mm sem Travabr,Não informado,Não informado,Não informado,Não informado,Não informado,Não informado,110 kg,Não informado,Freio a Disco Mecânico,Dropp,"[Azul Escuro, Preto]",Aro 29,19,21 Marchas,Dianteira,110Kg,Freio a Disco,Alumínio,,Unissex,Mountain Bike,
bikesonline2||700182114401,Bicicleta,Bicicleta Groove Urban ID 21v aro 700c Preto Fosco Quadro 18,"<p>Venda autorizadsa pela marca</p><p>Bicicleta Urban Groove ID 21 Velocidades Aro 700c Quadro 18</p><p>O máximo em design, única e com alta qualidade a Urban ID é a maneira mais charmosa de explorar a cidade e seu dia-a-dia.<br>Voltada para o conforto do ciclista, ela tem um diferencial que são os freios a disco, garantindo maior segurança e tornando esse modelo ainda mais moderno e confiável.<br>Além de deslancharem muito mais e absorverem melhor as irregularidades de pisos diversos, muito comuns em percursos urbanos.</p><p><br>Principais caracteristicas:<br>- Aro 700c (maior leveza e alcançando velocidade com muito mais rapidez)<br>- Rodas maiores, padrão eupeu<br>- Perfil street com design único<br>- Paralamas<br>- Garfo com suspensão<br>- Guidão regulável<br>- Peças com marcas de renome como: Shimano, Chaoyang.</p><p><br>Especificações:<br>- Aro:700c<br>- Peso:16 Kg<br>- Freio: Disco mecânico<br>- Quadro: Alumínio<br>- Garantia do quadro: Vitalícia Limitada - Ler manual e registrar<br>- Garantia dos componentes: 06 meses</p><p>*Imagem meramente ilustrativa.</p><p>*As especificações técnicas podem sofrer variações ou mesmo alterações sem aviso prévio</p><p><br>Qualquer dúvida estamos a disposição!</p>","{""cor"":""Preto"",""marca"":""Groove""}",,Preto,Groove,,,,,,,,,,,,,,,,,,700c,Preto Fosco,Groove,18,Não informado,Urban,Alumínio,ID,Não informado,21,Não informado,"Paralamas, Guidão regulável",Não informado,Não informado,Não informado,Não informado,Não informado,Não informado,Não informado,Disco mecânico,Groove,Preto Fosco,Aro 700c,18,21 Marchas,,,Freio a Disco,Alumínio,,Feminino,Passeio,
shopbike||015-11,Bicicleta,Bicicleta Aro 20 MTB Boy Infantil Tridal,"<p>A Bicicleta Infantil TridalMTB BoyAro 20,possuem quadro de aço de carbono, excelente desempenho e tem uma resposta mais rápida para tornar as manobras mais seguras e precisas. Além disso, são resistentes e confortáveis. Agora os momentos de lazer serão mais divertidos e saudáveis.</p><p>Características:</p><p>QuadroMTBRebaixado em Aço</p><p>GuidãoMTB</p><p>Manoplas em Borracha</p><p>Movimento DireçãoStander</p><p>Pedal RoscaFina NylonC/ Refletor</p><p>Freio V-Brake Dianteiro e Traseiro</p><p>SelimPoliuretano</p><p>Engrenagem Roda Livre1v</p><p>PedivelaMonobloco em aço carbono</p><p>Aro 20 Natural</p><p>Movimento Central45mm</p><p>CorrenteGrossa</p><p>Pneu comum</p><p>Cubo diant/tras. em aço 36 Furos</p><p>Peso Suportado: 70 Kg</p><p>Tamanho do Quadro : 14</p><p>Fabricante : Tridal Bike</p><p>Garantia do fabricante : 3 meses para peças e acessórios 6 meses para quadro</p><p>Não é fornecida assistência técnica para pedais e pedivela por se tratar de um produto que se for montado sem atenção causa o espanamento de ambas as partes.</p><p>Não nos responsabilizamos pela montagem do Produto,amontagem é de responsabilidade do cliente e é necessário efetuar regulagem de câmbio ao receber o produto.</p><p>Imagens meramente ilustrativas, podem haver alguma diferença de tonalidade entre produto e foto, devido a calibração de cores do dispositivo utilizado.</p>","{""aro_de_roda"":""20\"""",""genero"":""Masculino""}",,,,,Masculino,,,,"20""",,,,,,,,,,,,20,Não informado,Tridal,14,Masculino,MTB,Aço,Boy,Não informado,1,Não informado,Não informado,Não informado,Não informado,Não informado,Infantil,Não informado,70 Kg,Não informado,V-Brake,Tridal Bike,Azul Céu,Aro 20,14,,,70Kg,Freio V-Brake,Aço Carbono,,Masculino,Mountain Bike,
flashstorecomerciodigital||13863206,Bicicleta,Bicicleta Infantil Black Aro 12 com Rodinhas de Treinamento e Freio a Tambor,"Bicicleta Infantil Menino Aro 12 Black Treinamento<br> <br>Resistência e segurança para começar a pedalar!<br>As bicicletas aro 12” Nathor são equipadas com os melhores itens de segurança e conforto para crianças. Com o limitador de giro, a criança garante mais equilíbrio e segurança ao pedalar. A regulagem de ângulo do guidão e da altura do selim permitem que a postura do ciclista se mantenha correta, além de possibilitar que a bicicleta seja usada por mais tempo devido suas rodinhas de treinamento serem removíveis.<br>O movimento central avançado facilita o pedalar, estimulando o aprendizado.<br>A aro 12” Nathor também tem uma relação de transmissão que foi desenvolvida para que a velocidade que a criança atinge pedalando seja a mesma de um adulto andando; ou seja: os pais conseguem acompanhar a brincadeira com tranquilidade, garantindo ainda mais segurança durante a diversão!<br>Características :<br>- Quadro, garfo e guidão em aço carbono;<br>- Limitador de giro do guidão;<br>- Pneus em E.V.A.;<br>- Cestinha ou plaquinha;<br>- Mesa de direção em nylon reforçado;<br>- Selim com regulagem de altura;<br>- Freio dianteiro a tambor;<br>- Trava de segurança.<br>- Tamanho da roda: 12""<br>- Altura máxima recomendada: 90 cm a 100 cm<br>- Peso máximo recomendado: 21 kg<br>- Dimensões do produto (CxAxL): 82cm x 55cm x 50cm<br>Atenção: o produto pode conter variação no modelo do aro.<br>A nossa loja tem como objetivo estabelecer uma relação de confiança com nossos clientes, qualquer dúvida estamos à disposição!","{""genero"":""Masculino"",""marca"":""Nathor""}",,,Nathor,,Masculino,,,,,,,,,,,,,,,,12,Black,Nathor,Não informado,Menino,Infantil,Aço carbono,Não informado,Não informado,Não informado,Não informado,"Limitador de giro do guidão, Pneus em EVA, Cestinha ou plaquinha, Mesa de direção em nylon reforçado, Selim com regulagem de altura, Freio dianteiro a tambor, Trava de segurança",Não informado,Não informado,Não informado,Não informado,Não informado,21 kg,Rodinhas de Treinamento,Tambor,Nathor,"[Preto, Verde]",Aro 12,,3 Marchas,,21Kg,Freio a Tambor,Aço Carbono,,Masculino,,
rinobikes||31729422,Bicicleta,Bicicleta aro 29 Rino Everest a Disco 24v Index - ESTOQUE,"BICICLETA MTB RINO EVEREST , VEM COM FREIOS À DISCO, 24 VELOCIDADES, CÂMBIOS INDEXADOS E ALAVANCA DE TROQUE RAPIDO E GARFO COM SUSPENSÃO<br><br>CARACTERÍSTICAS<br><br><br>CAMARA MAX TUBE (BR)<br>CÂMBIO DIANTEIRO 3V<br>CÂMBIO TRASEIRO INDEXADO<br>RODA LIVRE 8V <br>ALAVANCA RAPIDFIRE 8V ( TROQUE RAPIDO )<br>SUPORTE AHEADSET 31.8 ALUMINIO<br>CANOTE DE ALUMÍNIO PRETO<br>MOVIMENTO CENTRAL DE ROLAMENTO<br>CORRENTE INDEX<br>PNEU 29 CRAVO<br>CUBO DISK AÇO ESFERADO<br>CAIXA DE DIREÇAO ESFERA<br>FREIO A DISCO <br>GUIDÃO RETO 31,80 680 MM<br>PEDAL MTB NYLON<br>QUADRO ALUMÍNIO LIGA 6061 <br>MANOPLA<br>SELIM SELLE ROYAL<br>GARFO 29 SUSPENSÃO AÇO<br>ARO AERO 29 VZAN<br>ABRAÇADEIRA C/ BLOCAGEM<br>PEDIVELA TRIPLO AÇO <br>ESPAÇADOR AHEADSET 10mm ALUMÍNIO<br>TAMANHOS: 15 / 17 / 19 / 21<br><br><br>Montagem<br>A bicicleta segue montada e revisada, mas, por motivo de acomodação em embalagem para transporte, são retirados selim, pedais, guidão e roda dianteira. A instalação (por simples aperto) é de responsabilidade do cliente. Por motivo de transporte / manuseio, pode ser necessário efetuar nova regulagem de câmbio ao receber o produto. Não nos responsabilizamos pela revisão final da bicicleta, sugerindo que seja efetuada por oficina especializada.<br> SUPORTA ATÉ 110 KG <br><br>Prazo de Montagem: 5 a 8 dias uteis<br><br>Onde eu recebo o produto?<br>No seu endereço, sem importar em qual lugar do país você está. <br><br>Considere que se utilizar boleto bancário pode demorar até 2 dias úteis para ser aprovado o pagamento.<br><br>Qual é o custo do envio?<br>Para saber quanto pagará de envio, digite o CEP do endereço que deseja receber o produto no calculador de custos.","{""tamanho_do_quadro"":""15""}",,,,15,,,,,,,,,,,,,,,,,29,Não informado,Rino,15  17  19  21,Não informado,MTB,Alumínio Liga 6061,Everest,Não informado,24,Aço,"Freios à Disco, Câmbios Indexados, Alavanca de Troque Rápido, Garfo com Suspensão, Câmara Max Tube Br, Câmbio Dianteiro 3V, Câmbio Traseiro Indexado, Roda Livre 8V, Alavanca Rapidfire 8V, Troque Rápido, Suporte Aheadset 318 Alumínio, Canote de Alumínio Preto, Movimento Central de Rolamento, Corrente Index, Pneu 29 Cravo, Cubo Disk Aço Esferado, Caixa de Direção Esfera, Freio a Disco, Guidão Reto 3180 680 MM, Pedal MTB Nylon, Quadro Alumínio Liga 6061, Manopla, Selim Selle Royal, Garfo 29 Suspensão Aço, Aro Aero 29 Vzan, Abraçadeira C Blocagem, Pedivela Triplo Aço, Espaçador Aheadset 10mm Alumínio",Não informado,Não informado,Não informado,Não informado,Não informado,110 KG,Não informado,Disco,Rino,"[Preto, Prata, Azul]",Aro 29,,24 Marchas,,110Kg,Freio a Disco,Alumínio,,,Mountain Bike,
diasbike||15955570018,Bicicleta,Bicicleta Aro 29 Alfameq ATX Altus 24V Freio Hidráulico e K7,"BICICLETA ARO 29 ALFAMEQ ATX ALTUS 24V E TRAVA<br> <br> <br>COMPONENTES DA BIKE<br><br> <br>Quadro aro 29 Alumínio<br>Suspensão de 100mm de Cursor com trava no ombro <br>Aros Aeros para Disco Folha Dupla<br>Raios Zincados<br>Pneus Aro 29 Com Arame<br>Câmara de Ar Aro 29<br>Jogo Direção Ahead Set<br>Suporte Do guidão 31.8 <br>Guidão 31.8 MTB <br>Canote do Selim MTB <br>Pedal MTB Plataforma<br>Arruela Calço para Ahead Set (1cm)<br>Manopla MTB Comum<br>Abraçadeira do Selim com Blocagem<br>Selim MTB <br>Disco de Freio De 160mm Parafusos<br>Freio a Disco Hidraulico Com Pinças e Pastilhas<br><br> <br>RELAÇÃO (TRANSMISSÃO DA BIKE)<br><br> <br>Catraca cassete Shimano 8V<br>Roda Tripla De Aluminio Shimano TY300<br>Trocador Indexado Semi Automático Rapid Fire de 8v<br>Cambio Dianteiro Indexado MTB 3v Shimano Tourney Ty500<br>Cambio Traseiro Indexado MTB 8v Shimano Altus M310<br>Cubos Cassete<br>Corrente indexada de 8V Shimano HG40<br>Jogo de Centro 122.5 Selado Rolamentado<br> <br><br> <br>Imagens da bicicleta são meramente ilustrativas.<br>Algumas peças da bicicleta podem sofrer variações de cor e de modelo de acordo com o lote de importação.<br>A Dias Bike não se responsabiliza por recolhimento obrigatório de impostos ICMS por st cobrado em alguns estados.<br>Caso não haja alguém para receber o pedido no local de entrega, após as tentativas de entrega da transportadora, o frete do reenvio será de responsabilidade do comprador.<br>Preço no site são exclusivos para venda online da loja virtual DIAS BIKE, os preços praticados em cada loja podem haver diferença entre os mesmos.<br>Para as compras de bicicletas, as mesmas serão enviadas lubrificadas e pré-montadas, em função do transporte, a roda dianteira, guidão, selim e pedais são enviados soltos para encaixe.<br>A garantia não Cobre Defeitos por Mau uso ou Pela Montagem Inadequada do Produto. A Montagem requer conhecimentos em mecânica e manutenção em bicicletas, por isso recomendamos que a montagem das Bicicletas seja feita por Profissionais do ramo em Oficina Especializada.<br>Algumas Peças podem necessitar de regulagem ou alinhamento.<br>A montagem, Regulagem e Alinhamento é por conta do comprador.<br>A Garantia só será validada mediante a comprovação da montagem por um especialista, válida somente para o Primeiro proprietário.""","{""cor"":""Preto, Azul""}",,"Preto, Azul",,,,,,,,,,,,,,,,,,,29,Não informado,Alfameq,Não informado,Não informado,MTB,Alumínio,ATX Altus 24V,29,24,100mm de Curso,Freio Hidráulico,Não informado,Não informado,Não informado,Não informado,Não informado,Não informado,K7,Disco Hidráulico,Alfameq,"[Preto, Azul]",Aro 29,,24 Marchas,,,Freio a Disco,Alumínio,,,Mountain Bike,
axwbike||15965299926,Bicicleta,Bicicleta Alumínio Aro 29 KSW Shimano Freio Disco 21 Velocidades,"<p>A BICICLETA MTB ALUMÍNIO ARO 29 21V KSW, NÃO É RECOMENDADO PARA TRILHA.</p><p><br></p><p><br></p><p>ELA É UMA BICICLETA URBANA, PARA TRABALHAR E PASSEIOS LEVES.</p><p><br></p><p> NÃO ENVIAMOS PARA ÁREAS DE RISCO</p><p><br></p><p><br></p><p> Especificação:</p><p><br></p><p> Quadro de Alumínio Liga 6061 Marca KSW</p><p> Aro Aero 29 Alumínio parede dupla</p><p> Cubos Traseiro e Dianteiro 36F para freio a disco com Blocagem</p><p> Selim MTB Importado</p><p> Canote 27,2 em Alumínio</p><p> Abraçadeira: Abraçadeira em Alumínio com Blocagem</p><p> Movimento Central com Rolamentado Blindado</p><p> Movimento de Direção Headset integrada</p><p> Pedivela com engrenagem tripla</p><p> Trocador EzFire Integrado (troca rápida) 7 Velocidades</p><p> Suporte de guidão alumínio preto</p><p> Guidão em Alumínio</p><p> Roda livre 7 velocidades Index</p><p> Câmbio Dianteiro Importado</p><p> Câmbio Traseiros Shimano tz31</p><p><br></p><p>Corrente Fina Index</p><p> Pedal 9/16 plataforma de nylon</p><p> Garfo de suspensão 29 OVER em aço preto importado</p><p> Freio a disco dianteiro e traseiro mecânico</p><p> Pneu 29 (deacordo com o estoque)</p><p><br></p><p> OBS:</p><p> GARANTIA DE 3 MESES CONTRA DEFEITO DE FABRICA.</p><p> Não cobre desgaste, mal uso do produto. ( Sempre manter a relação da bike limpa e lubrificada para um melhor desempenho do produto). Montagem e regulagem por conta do cliente. Orientamos que o comprador leve em um oficina especializada para a montagem e regulagem do produto.</p><p> NÃO NOS RESPONSABILIZAMOS POR MONTAGEM.</p><p> NÃO ENVIAMOS MANUAL DE MONTAGEM.</p><p><br></p><p> obs. FOTO ILUSTRATIVA.</p><p><br></p><p><br></p><p> CORES E TAMANHOS DISPONÍVEIS NO ANUNCIO.</p><p><br></p><p> Quadro em alumínio, para melhor eficiência da utilização de sua bicicleta siga as especificações a baixo:</p><p><br></p><p> 19 Polegadas - Recomendado para pessoas 1,80m à 1,90m</p><p> 17 Polegadas - Recomendado para pessoas 1,69m à 1,79m</p><p> 15 Polegadas - Recomendado para Pessoas 1,50m à 1,68m</p><p> OBS: Pode alterar a altura conforme gosto ou altura do cavalo do ciclista.</p><p><br></p><p> IMAGENS MERAMENTE ILUSTRATIVAS, PODENDO ALTERAR SUA ESTRUTURA DE ACORDO COM A COR E TAMANHO DESEJADO.</p><p><br></p><p> PRODUTO ENVIADO PRÉ-MONTADO, FALTANDO O ENCAIXE DA RODA DIANTEIRA, GUIDÃO, SELIM E PEDAIS. SUGERIMOS A REGULAGEM DE CÂMBIO E FREIOS DEVIDO AO TRANSPORTE.</p><p><br></p>","{""aro"":""29\"""",""cor"":""Preto, Cinza"",""marca"":""KSW"",""tamanho_do_quadro"":""21""}","29""","Preto, Cinza",KSW,21,,,,,,,,,,,,,,,,,29,Não informado,KSW,19 Polegadas,Não informado,MTB,Alumínio,Não informado,29,21,Não informado,Não informado,Não informado,Não informado,Não informado,Urbana,19 Polegadas,Não informado,Não informado,Disco,KSW,"[Preto, Cinza]",Aro 29,21,21 Marchas,,100Kg,Freio a Disco,Aço,,Unissex,Mountain Bike,
diasbike||15943919002,Bicicleta,Bike MTB 29 KSW 12V Freio Hidráulico Susp Trava GTA,"<p>BICICLETA ARO 29 12 Velocidades Relação 1X12 Freios Hidráulico k7 E TRAVA</p><p><br></p><p><br></p><p>COMPONENTES DA BIKE</p><p><br></p><p><br></p><p><br></p><p>Quadro aro 29 Alumínio</p><p><br></p><p>Suspensão de 100mm de Curso</p><p><br></p><p>Aros Aeros para Disco Folha Dupla</p><p><br></p><p>Raios Zincados</p><p><br></p><p>Pneus Aro 29 Com Arame</p><p><br></p><p>Câmara de Ar Aro 29</p><p><br></p><p>Jogo Direção Ahead Set</p><p><br></p><p>Suporte Do guidão 31.8</p><p><br></p><p>Guidão 31.8 MTB</p><p><br></p><p>Canote do Selim MTB</p><p><br></p><p>Pedal MTB Plataforma</p><p><br></p><p>Arruela Calço para Ahead Set (1cm)</p><p><br></p><p>Manopla MTB Comum</p><p><br></p><p>Abraçadeira do Selim com Blocagem</p><p><br></p><p>Selim MTB</p><p><br></p><p>Rotor de Freio De 160mm</p><p><br></p><p>Freio a Disco Hidráulico</p><p><br></p><p><br></p><p><br></p><p>RELAÇÃO (TRANSMISSÃO DA BIKE)</p><p><br></p><p><br></p><p><br></p><p>Cassete 12 Velocidades 11x50D GTA</p><p><br></p><p>Pedivela Single Two Pieces GTA</p><p><br></p><p>Trocador Indexado Semi Automático de 12V GTA</p><p><br></p><p>Cambio Traseiro Indexado MTB 12V GTA</p><p><br></p><p>Cubos Para com FreeHub para cassete</p><p><br></p><p>Corrente indexada de 12V</p><p><br></p><p>Jogo de Centro Hollowtech</p><p><br></p><p><br></p><p>Atenção, a marca da transmissão pode variar de acordo com o estoque, mas garantimos a mesma qualidade e desempenho.</p>","{""marca"":""KSW"",""tamanho_do_quadro"":""21""}",,,KSW,21,,,,,,,,,,,,,,,,,29,Não informado,KSW,Não informado,Não informado,MTB,Alumínio,Não informado,29,12,Suspensão de 100mm de Curso,Freio Hidráulico Susp Trava GTA,Não informado,Não informado,Não informado,Não informado,Não informado,Não informado,Não informado,Hidráulico,KSW,"[Preto, Grafite]",Aro 29,21,12 Marchas,Dianteira,,Freio a Disco,Alumínio,,Feminino,Mountain Bike,
esporteoito||BIFEMDRORS121VVEPT17,Bicicleta,Bicicleta Feminina Aro 29 Dropp Rs1 21 velocidades Câmbio Shimano Freio a Disco,"O Envio do produto será feito de 5 a 7 dias úteis após a confirmação de pagamento.<br>Para iniciantes no pedal, a Dropp RS1 Pró é Ideal para trilhas leves, passeios e mobilidade urbana com um excelente custo benefício; além de oferecer tudo que uma ótima bicicleta precisa ter!<br><br>Quadro em Alumínio<br>Garfo / Suspensão Aro 29 em Aço 80mm Preto com Trava no Ombro<br>Alavanca / Trocador SHIMANO - 21V Index<br>Câmbio Dianteiro SHIMANO 3V<br>Câmbio Traseiro SHIMANO 7V<br>Pedivela em Alumínio SHIMANO 7V<br>Catraca Shimano Index 7V<br>Corrente Index 7V<br>Freio a Disco 160mm Mecânico<br>Cubos para Disco 36f Preto com eixo Blocagens<br>Aros Aero 36 Furos Folha Dupla Alumínio Preto<br>Câmara de Ar 29 x 1.95 Bico Grosso<br>Pneu 29x2.10 Cravo Baixo Misto<br>Guidão Reto 31.8mm Preto<br>Suporte de Guidão 31.8mm 80mm Preto<br>Canote de Selim Preto<br>Banco / Selim - Sport Preto<br>Movimento Central Roller Preto Selado (Rolamento)<br>Movimento de Direção Over Preto<br>Manopla Preto<br><br>Enviamos a bicicleta pré-montada, revisada e devidamente embalada;<br>Para efeito de garantia, sugerimos que a montagem seja efetuada por mão de obra especializada.<br>Não cobre defeitos por mau uso ou pela montagem e revisão inadequada do produto.<br>A garantia será validada para as bicicletas montadas e revisadas por uma oficina especializada e é referente apenas ao primeiro proprietário.<br>A garantia não se aplica para os itens de desgaste natural, tais como: Pneu, câmaras, cabos, sapatas de freio, centragem de aros, pintura do quadro, componentes da transmissão (corrente, engrenagens do pedivela, engrenagens do cassete).<br><br>O produto pode ter variação de peças de acordo com estoque, sempre com qualidade igual ou superior<br>","{""cor"":""Vermelho, Preto"",""marca"":""Dropp""}",,"Vermelho, Preto",Dropp,,,,,,,,,,,,,,,,,,29,Não informado,Dropp,Não informado,Feminina,Não informado,Alumínio,RS1,29,21,Suspensão,Não informado,Não informado,Não informado,Não informado,Não informado,Não informado,Não informado,Não informado,Disco,Dropp,"[Vermelho, Preto]",Aro 29,17,21 Marchas,,,Freio a Disco,Alumínio,,Feminino,,
cloudtoys||2451p,Bicicleta,Bicicleta Infantil com Rodinhas Aro 12 Selim PU Antonella Nathor,"Indicada para crianças a partir de 3 anos ou com altura entre 90cm e 1m.Resistência e segurança para começar a pedalar!As bicicletas aro 12” Nathor são equipadas com os melhores itens de segurança e conforto para crianças.Com o limitador de giro, a criança garante mais equilíbrio e segurança ao pedalar. A regulagem de ângulo do guidão e da altura do selim permitem que a postura do ciclista se mantenha correta, além de possibilitar que a bicicleta seja usada por mais tempo – acompanhando o crescimento.O movimento central avançado facilita o pedalar, estimulando o aprendizado.A aro 12” Nathor também tem uma relação de transmissão que foi desenvolvida para que a velocidade que a criança atinge pedalando seja a mesma de um adulto andando; ou seja: os pais conseguem acompanhar a brincadeira com tranquilidade, garantindo ainda mais segurança durante a diversão! Produto certificado: CE-BRI-INNAC- 00407 -01A NBR NM 301/2004O brinquedo é ideal para presente de aniversário, férias, Dia das Crianças e Natal, para meninas de 3 ano de idade ou mais.<br> <br>","{""marca"":""Nathor""}",,,Nathor,,,,,,,,,,,,,,,,,,12,Não informado,Nathor,Não informado,Feminino,Infantil,Não informado,Antonella,Não informado,Não informado,Não informado,"Selim PU, limitador de giro, regulagem de ângulo do guidão, regulagem de altura do selim, movimento central avançado",Não informado,Não informado,Não informado,Não informado,Não informado,Não informado,Não informado,Não informado,Nathor,Rosa,Aro 12,,,Traseira,21Kg,Freio V-Brake,Aço Carbono,Antonella,Feminino,,
ellobike||13199886219,Bicicleta,Bicicleta Aro 29 Shimano Freio a Disco 21M. Velox Branca/Verde - Ello Bike,"<p>Bicicleta produzida com materiais de qualidade e foi criada pensando nas pessoas que desejam praticar o ciclismo e ter uma vida saudável sem abrir mão de conforto um excelente custo x benefício.</p><p><br></p><p>• Quadros e Garfos: Aço Carbono</p><p>• Aros: Aero Folha Dupla Reforçados</p><p>• Cubo: Disco em Aço 36 Furos</p><p>• Câmbio Dianteiro: Importado</p><p>• Câmbios Traseiro: Importado</p><p>• MOV.Centro: Semi-Selado 122,5mm</p><p>• MOV.Direção: Std c/Colar de Aço</p><p>• Freios: À Disco</p><p>• Pinças Freio: Alumínio</p><p>• Discos: Aço Escovado</p><p>• Manetes: Nylon com Reg.Alum</p><p>• Trocadores: Na Luva – Sistema Grip Shift</p><p>• Pneu: Importado</p><p>• Selim: Mtb Largo</p><p>• Canote Selim: 21,1mm Longo 400mm</p><p>• Guidão: Down Hill Aço</p><p>• Mesa: Mtb Largo</p><p>• Marchas: 21 Velocidades</p><p>• Catraca: Roda Livre Esferada</p><p>• Pedivela: Triplo Aço Revestido com corda Acoplada P/MC 34,7mm</p><p>• Corrente: Final 116L</p><p><br></p><p>A BICICLETA SEGUE MONTADA E REVISADA, MAS POR MOTIVO DE ACOMODAÇÃO NA EMBALAGEM PARA TRANSPORTE SÃO RETIRADOS: SELIM, PEDAIS, GUIDÃO E RODA DIANTEIRA. A INSTALAÇÃO É DE RESPONSABILIDADE DO CLIENTE. POR MOTIVO DE TRANSPORTE/MANUSEIO, PODE SER NECESSÁRIO EFETUAR NOVA REGULAGEM DE CÂMBIO AO RECEBER O PRODUTO. NÃO NOS RESPONSABILIZAMOS PELA REVISÃO FINAL DA BICICLETA, SUGERIMOS QUE SEJA EFETUADA POR UMA OFICINA ESPECIALIZADA.</p><p><br></p><p>*Imagem Meramente Ilustrativa</p>","{""marca"":""Shimano""}",,,Shimano,,,,,,,,,,,,,,,,,,29,BrancaVerde,Ello Bike,Não informado,Não informado,Não informado,Aço Carbono,Velox,Não informado,21,Não informado,Não informado,Não informado,Não informado,Não informado,Não informado,Não informado,Não informado,Não informado,Disco,Ello,"[Branco, Verde]",Aro 29,17,21 Marchas,,,Freio a Disco,Aço Carbono,,,Mountain Bike,
diasbike||24057,Bicicleta,Bicicleta MTB Aro 29 KSW 27v Freio Hidráulico Cubos K7,"Dias Bike<br> <br>Bem vindo a Dias Bike! A Dias Bike é uma loja física e virtual que faz parte da família Dias Bike e Dias Moto Peças, que possuem mais de 10 lojas físicas e uma distribuidora atacadista, atuando no mercado de ciclismo a mais de 30 anos. A empresa comercializa bicicletas prontas, peças e acessórios para bicicletas em geral, tudo a sua disposição e com a comodidade de receber o produto em sua casa em qualquer lugar do Brasil com toda garantia de entrega e a certeza de sua satisfação.<br> <br>**Bike Indicada para Uso Urbano, Trilhas Leves e Medianas**<br> <br> <br>COMPONENTES DA BIKE<br> <br>- Quadro aro 29 Alumínio<br>- Suspensão de 80mm Sem Trava<br>- Aros Aeros para Disco Folha Dupla<br>- Raios Zincados<br>- Pneus Aro 29 Com Arame<br>- Câmara de Ar Aro 29t<br>- Jogo Direção Ahead Set<br>- Suporte Do guidão 31.8<br>- Guidão 31.8 MTB<br>- Canote do Selim MTB <br>- Pedal MTB Plataforma<br>- Arruela Calço para Ahead Set (1cm)<br>- Manopla MTB Comum<br>- Abraçadeira do Selim com Blocagem<br>- Selim MTB <br>- Disco de Freio De 160mm Parafusos<br>- Freio a Disco Hidráulico Com Pinças e Pastilhas<br> <br>RELAÇÃO (TRANSMISSÃO DA BIKE)<br> <br>- Cassete 9 Velocidades 11-36D<br>- Roda Tripla De Aluminio 3 Velocidades<br>- Trocador Indexado Semi Automático Rapid Fire de 3x9V <br>- Cambio Dianteiro Indexado MTB 3V<br>- Cambio Traseiro Indexado MTB 9V <br>- Cubos Cassete<br>- Corrente indexada de 9V Indexada<br>- Jogo de Centro 122.5 Selado Rolamentado<br>","{""tamanho_do_quadro"":""19""}",,,,19,,,,,,,,,,,,,,,,,29,Não informado,KSW,Não informado,Não informado,MTB,Alumínio,Não informado,29,27,Sem Trava,Não informado,Não informado,Não informado,Não informado,Urbano,Não informado,Não informado,Não informado,Hidráulico,KSW,"[Azul, Preto]",Aro 29,19,27 Marchas,,,Freio a Disco,Alumínio,,Feminino,Mountain Bike,
bntbikeemotos||16013039355,Bicicleta,Bicicleta Aro 29 Freio a Disco 21v Laranja X-PROBIKE,"Quadro em alumínio 6061<br>Abraçadeira alumínio de selim 31,8mm<br>Alavancas de câmbio EZ-FIRE 7 velocidades<br>Aro aero 29 parede dupla 36f<br>Caixa de direção semi integrado<br>Câmbio dianteiro Importado<br>Câmbio traseiro Importado<br>Pedivela aço coroa triplo revestido<br>Canote de selim 27.2mm com carrinho<br>Corrente index 8 velocidades<br>Cubo com blocagem<br>Espaçador alumínio 10 mm<br>Garfo suspensão mecânico<br>Guidão alumínio 31.8mm reto<br>Kit cabo com conduíte com teflonn<br>Mesa alumínio 31.8mm<br>Movimento central rolamentado 122mm<br>Pedal em nylon preto<br>Pinça de freio a disco com rotor de 160mm<br>Pneu 29 cravos<br>Raio 285x2.0mm aço preto<br>Roda livre de 7 index<br>Selim MTB","{""modelo"":""21v""}",,,,,,,,21v,,,,,,,,,,,,,29,Laranja,X-PROBIKE,Não informado,Não informado,Não informado,alumínio,Não informado,29,21,mecânica,Não informado,Não informado,Não informado,Não informado,Não informado,Não informado,Não informado,Não informado,a Disco,X-Probike,Laranja,Aro 29,17,21 Marchas,,,Freio a Disco,Alumínio,,,Mountain Bike,
officebike1||3701702009,Bicicleta,Bicicleta pro x bmx serie 20 2024 freio u-brake aro 20,"BICICLETA PRO X BMX SERIE 20 2024 FREIO U-BRAKE ARO 20<br> <br> <br>A Bicicleta BMX Série 20 2024 da marca Pro-X é a escolha perfeita para iniciantes que buscam um desempenho incrível na pista de BMX. Com um quadro em Aço Hi-Ten e cubo com COG de 9 dentes está bicicleta oferece durabilidade e estabilidade para manobras radicais. <br>Se você está pronto para explorar a adrenalina das pistas de BMX, a Bicicleta BMX Série 20 da Pro-X é uma excelente opção para começar sua jornada de duas rodas!<br> <br>O modelo Série 20 apresenta as seguintes características:<br>Eixo de 14mm: Proporciona resistência e confiabilidade durante as manobras, este modelo tem na dianteira e traseira<br>Freio U-Brake: Garante uma frenagem eficiente e segura.<br>Pedivela 3 peças: Oferece força e suavidade na pedalada.<br>Aros de Parede Dupla<br>Suporte de Guidão Vazado<br>Manete em Alumínio<br>Peso 11 Kg Aproximadamente<br>","{""aro"":""20\"""",""cor"":""Amarelo"",""tamanho_do_quadro"":""11"",""tipo"":""BMX""}","20""",Amarelo,,11,,BMX,,,,,,,,,,,,,,,20,Não informado,Pro-X,Não informado,Não informado,BMX,Aço Hi-Ten,Série 20,Não informado,Não informado,Não informado,"Eixo de 14mm, Freio U-Brake, Pedivela 3 peças, Aros de Parede Dupla, Suporte de Guidão Vazado, Manete em Alumínio",Não informado,Não informado,Não informado,Não informado,Não informado,Não informado,Não informado,U-Brake,Pro-X,Amarelo,Aro 20,11,,,,Freio U-Brake,Aço Hi-Ten,,Feminino,,
oliststore||MGLOCMYP0KM65N7W,Bicicleta,Bicicleta Infantil Aro 12 Hot Wheels Com Rodinhas Caloi 3+,"A aventura de dar as primeiras pedaladas será muito mais divertida.A bicicleta inspirada no personagem Hot Wheels.Destaque: Cestinha, garrafinha, paralama e cobre corrente.A aro 12"" também tem uma relação de transmissão que foi desenvolvida para que a velocidade que a criança atinge pedalando seja a mesma de um adulto andando; ou seja: os pais conseguem acompanhar a brincadeira com tranquilidade, garantindo ainda mais segurança durante a diversãoA bike possui todos os itens de segurança, certificados pelo INMETRO.Idade 3 a 5 anosAro 12Freio TamborQuadro e Garfo em AçoPneu EVA Plástico sem câmaraSelim plástico revestido com espumaDimensões Produto 55x50x84 cmDimensões da Caixa 32x18x70 cmPeso Suportado 25 kg.A caloi escreve a história da bicicleta no Brasil. A Caloi e está na memória de gerações e gerações de brasileiros. Sejam eles ciclistas profissionais ou não. Uma longa história contada por bicicletas que fizeram e fazem parte do dia a dia das pessoas.A loja do Brincar é uma empresa familiar que preza por uma infância cheia de brincadeiras, diversão e conexão. Nossos produtos são selecionados levando em conta qualidade e funcionalidade.","{""marca"":""Caloi"",""tema"":""Hot Wheels""}",,,Caloi,,,,,,,,,,,,Hot Wheels,,,,,,12,Não informado,Caloi,Não informado,Infantil,Não informado,Aço,Hot Wheels,Não informado,Não informado,Não informado,"Cestinha, Garrafinha, Paralama, Cobre Corrente",Não informado,Não informado,Hot Wheels,Não informado,Não informado,25 kg,Não informado,Tambor,Caloi,"[Azul, Amarelo, Vermelho]",Aro 12,,,,25Kg,Freio a Tambor,Aço,Hot Wheels,Masculino,,
madeiramadeira-openapi||300699,Bicicleta,Bicicleta Downhil 18 Marchas Aro 26 DNE 028 Depedal Bikes Branco,"Além de servir como opção para uma vida saudável, a bicicleta da Depedal Bikes também podem ser utilizada como meio de transporte, trazendo praticidade e fazendo você fugir do transito caótico das ruas. É perfeita para cidade e estrada.",{},,,,,,,,,,,,,,,,,,,,,26,Branco,Depedal Bikes,Não informado,Não informado,Downhil,Não informado,DNE 028,Não informado,18,Não informado,Não informado,Não informado,Não informado,Não informado,Não informado,Não informado,Não informado,Não informado,Não informado,Downhil,Branco,Aro 26,17,18 Marchas,[Dianteira e Traseira],100Kg,Freio V-Brake,Aço Carbono,,,,
diasbike||24842,Bicicleta,Bicicleta Aro 29 KSW XLT 12V Freio Hidráulico Susp C Trava,"Bem vindo a Dias Bike! A Dias Bike é uma loja física e virtual que faz parte da família Dias Bike e Dias Moto Peças, que possuem mais de 10 lojas físicas e uma distribuidora atacadista, atuando no mercado de ciclismo a mais de 31 anos. A empresa comercializa bicicletas prontas, peças e acessórios para bicicletas em geral, tudo a sua disposição e com a comodidade de receber o produto em sua casa em qualquer lugar do Brasil com toda garantia de entrega e a certeza de sua satisfação.<br> <br>BICICLETA ARO 29 12 Velocidades Relação 1X12 Freios Hidráulico k7 E TRAVA<br> <br>COMPONENTES DA BIKE<br> <br><br>Quadro aro 29 Alumínio<br>Suspensão de 100mm de Curso Com Trava no Ombro<br>Aros Aeros para Disco Folha Dupla<br>Raios Zincados<br>Pneus Aro 29 Com Arame<br>Câmara de Ar Aro 29<br>Jogo Direção Ahead Set<br>Suporte Do guidão 31.8<br>Guidão 31.8 MTB<br>Canote do Selim MTB<br>Pedal MTB Plataforma<br>Arruela Calço para Ahead Set (1cm)<br>Manopla MTB Comum<br>Abraçadeira do Selim com Blocagem<br>Selim MTB<br>Rotor de Freio De 160mm<br>Freio a Disco Hidráulico<br><br> <br>RELAÇÃO (TRANSMISSÃO DA BIKE)<br> <br><br>Cassete 12 Velocidades 11x50D<br>Pedivela Single Two Pieces (Integrado)<br>Trocador Indexado Semi Automático de 12V<br>Cambio Traseiro Indexado MTB 12V<br>Cubos Para com FreeHub para cassete<br>Corrente indexada de 12V<br>Jogo de Centro Hollowtech<br><br>Atenção, a marca da transmissão pode variar de acordo com o estoque, mas garantimos a mesma qualidade e desempenho.",{},,,,,,,,,,,,,,,,,,,,,29,Não informado,KSW,Não informado,Não informado,MTB,Alumínio,XLT,29,12,Com Trava,Trava no Ombro,Não informado,Não informado,Não informado,Não informado,Não informado,Não informado,Não informado,Hidráulico,KSW,"[Preto, Azul]",Aro 29,17,12 Marchas,,100Kg,Freio a Disco,Alumínio,,Feminino,Mountain Bike,
bikediasg5||16014074796,Bicicleta,Bicicleta Aro 29 KOG 21 Marcha Cambio Shimano Freio a Disco,"Dias Bike<br> <br>Bem vindo a Dias Bike! A Dias Bike é uma loja física e virtual que faz parte da família Dias Bike e Dias Moto Peças, que possuem mais de 10 lojas físicas e uma distribuidora atacadista, atuando no mercado de ciclismo a mais de 30 anos. A empresa comercializa bicicletas prontas, peças e acessórios para bicicletas em geral, tudo a sua disposição e com a comodidade de receber o produto em sua casa em qualquer lugar do Brasil com toda garantia de entrega e a certeza de sua satisfação.<br> <br>KOG<br> <br>A KOG é uma marca da Dias Bike, baseada em toda a experiencia acumulada ao longo de mais de 30 anos no mercado de ciclismo e motocicletas. A experiencia nos permitiu desenvolver bicicletas que com um ótimo custo benefício, tanto para pedais urbanos para te levar a todos os lugares, como também bicicletas prontas para encarar os mais diversos obstáculos em uma trilha. A KOG foi pensada e desenvolvida especialmente para quem está iniciando no Mountain Bike e conciliando conforto e desempenho.<br> <br> <br>**Bike Indicada para Uso Urbano**<br> <br>FICHA TECNICA<br> <br>- Quadro aro 29 Alumínio<br>- Suspensão de 80mm de Cursor <br>- Aros Aeros para Disco Folha Dupla em Alumínio<br>- Raios Zincados na cor Preto<br>- Pneus Aro 29 Com Arame<br>- Camara de Ar Aro 29<br>- Jogo Direção Ahead Set<br>- Suporte Do guidão 31.8 em Alumínio<br>- Guidão 31.8 MTB em Alumínio<br>- Canote do Selim MTB em Alumínio<br>- Pedal MTB Plataforma<br>- Arruela Calço para Ahead Set (1cm)<br>- Manopla MTB com ótimo grip<br>- Abraçadeira do Selim com Blocagem<br>- Selim MTB<br>- Disco de Freio De 160mm com 6 Parafusos<br>- Freio a Disco Mecânico Com Pinças e Pastilhas<br> <br>RELAÇÃO (TRANSMISSÃO DA BIKE)<br> <br>- Roda Livre Indexada de 7v<br>- Roda Tripla De Aço Encapado Reforçada<br>- Trocador Indexado Semi Automático Rapid Fire de 7v<br>- Cambio Dianteiro Shimano Tourney 3v<br>- Cambio Traseiro Shimano Tourney 7v<br>- Cubos Para Roda Livre<br>- Corrente indexada de 7v<br>- Jogo de Centro 122.5 Selado Rolamentado","{""cor"":""Preto, Azul"",""tamanho_do_quadro"":""21"",""tipo"":""Mountain Bike""}",,"Preto, Azul",,21,,Mountain Bike,,,,,,,,,,,,,,,29,Não informado,KOG,Não informado,Não informado,Mountain Bike,Alumínio,Não informado,29,21,Suspensão de 80mm de Cursor,Não informado,Não informado,Não informado,Não informado,Urbana,Não informado,Não informado,Não informado,Disco Mecânico,KOG,"[Preto, Azul]",Aro 29,21,21 Marchas,,,Freio a Disco,Alumínio,,,Mountain Bike,
diasbike||15895492184,Bicicleta,Bicicleta MTB Aro 29 KSW 27 Marchas Freio Hidráulico K7 Suspensão Trava,"BICICLETA ARO 29 KSW XLT 27V HIDRÁULICO CUBOS K7 E SUSPENSÃO DE TRAVA<br> <br>COMPONENTES DA BIKE<br>- Quadro aro 29 Alumínio KSW XLT<br>- Suspensão de 100mm de Curso com Trava no Ombro<br>- Aros Aeros para Disco Folha Dupla<br>- Raios Zincados<br>- Pneus Aro 29 Com Arame<br>- Camara de Ar Aro 29<br>- Jogo Direção Ahead Set<br>- Suporte Do guidão 31.8 Importado<br>- Guidão 31.8 MTB Importado<br>- Canote do Selim MTB Importado<br>- Pedal MTB Plataforma<br>- Arruela Calço para Ahead Set (1cm)<br>- Manopla MTB Comum<br>- Abraçadeira do Selim com Blocagem<br>- Selim MTB Básico<br>- Disco de Freio De 160mm Parafusos<br>- Freio a Disco Hidráulico Com Pinças e Pastilhas<br> <br>RELAÇÃO (TRANSMISSÃO DA BIKE)<br>- Cassete Indexado de 9v<br>- Roda Tripla De Alumínio Reforçada<br>- Trocador Indexado Semi Automático Rapid Fire de 9v<br>- Cambio Dianteiro 3v Indexado<br>- Cambio Traseiro 9v Indexado<br>- Cubos Com Blocagem Sistema Cassete<br> - Corrente Indexado 9v<br>- Jogo de Centro 122.5<br> <br>- Imagens da bicicleta são meramente ilustrativas.<br>- Algumas peças da bicicleta podem sofrer variações de cor e de modelo de acordo com o lote de importação.<br>- A Dias Bike não se responsabiliza por recolhimento obrigatório de impostos ICMS por st cobrado em alguns estados.<br>-Caso não haja alguém para receber o pedido no local de entrega, após as tentativas de entrega da transportadora, o frete do reenvio será de responsabilidade do comprador.<br>-Preço no site são exclusivos para venda online da loja virtual DIAS BIKE, os preços praticados em cada loja podem haver diferença entre os mesmos.<br>- Para as compras de bicicletas, as mesmas serão enviadas lubrificadas e pré-montadas, em função do transporte, a roda dianteira, guidão, selim e pedais são enviados soltos para encaixe.<br>- A garantia não Cobre Defeitos por Mau uso ou Pela Montagem Inadequada do Produto. A Montagem requer conhecimentos em mecânica e manutenção em bicicletas, por isso recomendamos que a montagem das Bicicletas seja feita por Profissionais do ramo em Oficina Especializada.<br>- Algumas Peças podem necessitar de regulagem ou alinhamento.<br>- A montagem, Regulagem e Alinhamento é por conta do comprador.<br>- A Garantia só será validada mediante a comprovação da montagem por um especialista, válida somente para o Primeiro proprietário.","{""marca"":""KSW"",""tipo"":""Mountain Bike""}",,,KSW,,,Mountain Bike,,,,,,,,,,,,,,,29,Não informado,KSW,Não informado,Não informado,MTB,Alumínio,XLT,29,27,Trava,Não informado,Não informado,Não informado,Não informado,Não informado,Não informado,Não informado,Não informado,Hidráulico,KSW,"[Preto, Prata]",Aro 29,15,27 Marchas,,,Freio a Disco,Alumínio,,,Mountain Bike,
krwbikes||spsx53-azl-pto-155,Bicicleta,Bicicleta Aro 29 KRW Spotlight Alumínio 27 Vel Freio a Disco Hidráulico com Trava SX53,"<p>A bicicleta KRW Spotlight SX53 foi desenvolvida para quem quer realizar um passeio e pegar trilhas leves. Com seu quadro em alumínio 6061, fornece segurança e leveza no seu pedal, além de um design moderno e exclusivo. Possuí também freio hidráulico e trava de ombros, que oferece uma maior segurança. Possuí diversas cores que garante um estilo próprio para você.<br><br></p><p>Quadro em alumínio 6061.</p><p>Freio Hidráulico</p><p>Abraçadeira alumínio de selim 31,8mm com blocagem</p><p>Alavancas de câmbio rapid-fire 9 velocidades</p><p>Aro aéro 29 parede dupla</p><p>Caixa de direção semi-integrado</p><p>Câmbio dianteiro Importado</p><p>Cambio traseiro Importado SUNRUN</p><p>Câmera de ar 29</p><p>Pedivela coroa triplo alumínio</p><p>Canote de selim 27.2mm com carrinho</p><p>Corrente index 9 velocidades</p><p>Cubo alumínio cassete com blocágem</p><p>Espaçador alumínio 10 mm</p><p>Garfo suspensão 29 com Trava</p><p>Guidão alumínio 31.8 mm reto</p><p>Mesa alumínio 31.8 mm</p><p>Kit cabo com conduiter com teflonn</p><p>Movimento central rolamentado 122mm</p><p>Pedal plataforma com refletor</p><p>Pneu 29</p><p>Raio 285x2.0mm aço preto</p><p>Cassete 9 velocidades index</p><p>Selim mtb.</p><p>OBS: IMAGEM MERAMENTE ILUSTRATIVA, BIKE VAI CONFORME DESCRIÇÃO</p><p>RECOMENDAÇÃO DE TAMANHOS</p><p>Altura do ciclista: 1,55 até 1,65m Tamanho de quadro 15.5""</p><p>Altura do ciclista: 1,65 até 1,75m Tamanho de quadro 17""</p><p>Altura do ciclista: 1,75 até 1,82m Tamanho de quadro 19""</p><p>Altura do ciclista: 1,82 até 1,90m ou mais Tamanho de quadro 21""</p><p>MONTAGEM</p><p>A bicicleta é montada, porém, para acomodação na embalagem e transporte, algumas peças são enviadas desmontadas.</p><p>A montagem é de responsabilidade do cliente e é necessário efetuar regulagem de câmbio ao receber o produto.</p><p>GARANTIA:</p><p>NÃO COBRE DEFEITOS POR MAU USO OU PELA MONTAGEM / REVISÃO INADEQUADA DO PRODUTO.</p><p>A garantia será validada para as montadas e revisadas por uma oficina especializada e é referente apenas ao primeiro proprietário.</p><p>A garantia não se aplica para os itens de desgaste natural, tais como: Pneu, câmaras, cabos, pastilhas de freio, centragem de aros, pintura</p><p>do quadro, componentes da transmissão (corrente, engrenagens do pedivela, engrenagens do cassete ou roda livre ).</p><p>Obs: Até 2 dias para montar e despachar</p>","{""marca"":""KRW""}",,,KRW,,,,,,,,,,,,,,,,,,29,Não informado,KRW,Não informado,Não informado,Não informado,Alumínio,Spotlight,29,27,com Trava,Não informado,Não informado,Não informado,Não informado,Não informado,Não informado,Não informado,Não informado,Disco Hidráulico,KRW,"[Azul, Preto]",Aro 29,15.5,27 Marchas,Dianteira,,Freio a Disco,Alumínio,,Feminino,Mountain Bike,
diasjuniorbicicletas||NERO4PTOVERM13TIPO15OMBROPNBEGE,Bicicleta,Bicicleta Aro 29 Absolute Nero 4 Cabeamento Interno 12v Garfo Trava no Ombro Freios Hidráulicos Pneu com Faixa Bege - Preto/Vermelho,"<p>Lançamento Absolute Nero 4 aro 29 com cabeamento interno, melhor custo benefício pode comparar!! Kit absolute de 1 x 12 velocidades, suspensão com trava no ombro, freios hidráulicos, bike vai praticamente pronta, mas precisamos tirar a roda dianteira, pedais, guidão e selim para embalar a bike na caixa, recomendamos que seja feita uma montagem final por um técnico para que se precisar fazer alguma regulagem específica, segue lista das peças que compõem a bike: Os Itens com mais de uma marca serão enviados de acordo com disponibilidade no estoque, não tendo a opção de escolher.</p><p><br></p><p>quadro 29 absolute nero 4 cabeamento interno</p><p>garfo 29 com trava no ombro</p><p>caixa de direção 44MM</p><p>suporte de guidão 31.8X80MM preto alumínio (absolute/gta/ksw)</p><p>guidão 31.8X680MM preto alumínio (absolute/gta/ksw)</p><p>canote do selim com carrinho 27,2MMX350MM(GTA/ABSOLUTE/IMP. )</p><p>selim sport preto (yamada/selle royal/ ou equivalente)</p><p>abraçadeira do canote do selim com blocagem preta</p><p>alavanca de câmbio 12V absolute</p><p>câmbio traseiro absolute 12V</p><p>catraca cassete 12V 11-50d</p><p>corrente 12V (absolute/gti/ ou equivalente)</p><p>pedivela gta 12V coroa única</p><p>rodas absolute/rimaxx</p><p>camaras 29 bico grosso (journey, premium, ou equivalente)</p><p>pneus 29 paco com faixa bege - cravudo</p><p>freios A disco hidráulicos com discos 160MM</p><p><br></p><p>peso médio 14,5 kg</p>","{""cor"":""Preto, Vermelho"",""marca"":""Absolute Nero""}",,"Preto, Vermelho",Absolute Nero,,,,,,,,,,,,,,,,,,29,PretoVermelho,Absolute,Não informado,Não informado,Não informado,Não informado,Nero 4,29,12,com trava no ombro,Cabeamento Interno,Não informado,Não informado,Não informado,Não informado,Não informado,Não informado,Pneu com Faixa Bege,Hidráulicos,Absolute,"[Preto, Vermelho]",Aro 29,13,12 Marchas,,,Freio a Disco,,,,,
marczakbikeparts||15900635160,Bicicleta,Bicicleta Ksw Xlt Aro 29 21 Vel. Prata Mcz8,"<p>LEIA ATÉ O FINAL</p><p><br></p><p> Veja abaixo uma recomendação de tamanhos completa para você fazer a escolha certa de acordo com a sua altura, ao escolher o tamanho de acordo com sua altura você evita desconfortos ao pedalar! </p><p><br></p><p> RECOMENDAÇÃO DE TAMANHOS</p><p><br></p><p> Altura do ciclista: 1,55 até 1,65m – Tamanho de quadro 15""</p><p> Altura do ciclista: 1,66 até 1,76m – Tamanho de quadro 17""</p><p> Altura do ciclista: 1,77 até 1,87m – Tamanho de quadro 19""</p><p> Altura do ciclista: 1,88 até 1,98m ou mais – Tamanho de quadro 21""</p><p><br></p><p><br></p><p><br></p><p> INFORMAÇÕES IMPORTANTES</p><p><br></p><p> Temos muito respeito por você e todas as pessoas que já compraram conosco, cumprimos com excelência nosso dever como lojista que é prestar total apoio e tirar todas as duvidas antes do cliente efetuar a compra e após efetuar a compra, fazendo todo acompanhamento e processamento do pedido desde o momento da compra até a entrega estamos sempre perto de vocês nossos clientes e futuros clientes.</p><p><br></p><p> ENVIO</p><p><br></p><p> Após a finalização da compra o envio é realizado no prazo de 24 horas uteis a estimativa de entrega é gerada automaticamente após a compra. Em caso de duvida nos informe o ESTADO e o CEP do seu endereço para fazermos a simulação de prazo médio de entrega.</p><p><br></p><p> PERGUNTAS FREQUENTES</p><p><br></p><p> PORQUE DEVO COMPRAR ESTA BICICLETA?</p><p><br></p><p> R: Nosso objetivo maior é a satisfação do cliente com o produto, oferecemos nessa bicicleta componentes de qualidade, antes de enviar temos o cuidado de revisar completamente a bicicleta e engraxar para reduzir em 90% seus custos na montagem. O Quadro em alumínio muito resistente e leve.</p><p><br></p><p> A BICICLETA É BOA? POSSO UTILIZAR NA CIDADE E TRILHAS LEVES?</p><p><br></p><p> R: Sim! A bicicleta possui uma qualidade incomparável, em termos de qualidade e durabilidade é a melhor do mercado. Nossa maior prova sobre essa afirmação são nossas avaliações de centenas de clientes. Esse modelo servirá muito bem para você se aventurar nos fins de semana em trilhas leves e também no seu dia dia para ir ao trabalho, academia, mercado, faculdade, levar as crianças na escola (precisa instalar uma cadeirinha) etc...</p><p><br></p><p> E POSSÍVEL POR CADEIRINHA?</p><p><br></p><p> R: Nossa bicicleta é compatível sim com cadeirinhas para crianças, porém será necessário você adquirir um bagageiro traseiro para acoplar a cadeirinha traseira com mais segurança. E cadeirinha dianteira? Bom é possível sim a instalação de cadeirinhas dianteiras, porém não recomendamos pois reduz muito o espaço das pernas e dificulta a pilotagem, tornando perigoso.</p><p><br></p><p> ESSA BICICLETA TEM GARANTIA?</p><p><br></p><p> R: Oferecemos garantia de 90 dias em todas as nossas bicicletas recomendamos todos os nossos clientes que usem bastante a bicicleta nesse período pois a garantia cobre defeitos de fabricação, em casos de garantia fazemos um atendimento agilizado resolvendo o problema de forma rápida para que você não fique sem a sua bicicleta por muito tempo.</p><p><br></p><p> ORIENTAÇÕES SOBRE GARANTIA</p><p><br></p><p> R: É de extrema importância ao receber sua bicicleta nova que leve para montagem dos itens que vão soltos para acomodação na caixa! Mas quais itens vão soltos? Soltamos o guidão, roda dianteira, pedais, e o banco. Para acomodar na caixa e sua bicicleta ir bem protegida durante o transporte. Ao realizar a montagem em uma mecânica de bicicletas peça ao mecânico um comprovante do serviço de montagem e guarde contigo a caixa da bicicleta e o comprovante de montagem durante o período de 90 dias. </p><p><br></p><p> SOBRE NOSSA LOJA</p><p><br></p><p> Temos 20 anos de história muito amor, carinho e respeito por todos os ciclistas pois vocês ciclistas são a corrente que move nossa empresa, e tornam o mundo um lugar cada vez melhor e mais sustentável. Estamos localizados no estado do Paraná no Sul do País e fazemos envios por todo o Brasil.</p><p><br></p><p><br></p><p><br></p><p><br></p><p> ESPECIFICAÇÃO TÉCNICA</p><p><br></p><p> QUADRO:</p><p> KSW Aluminio</p><p><br></p><p> SUSPENSÃO:</p><p> Curso 80mm</p><p><br></p><p> NÚMERO DE MARCHAS:</p><p> 21 velocidades</p><p><br></p><p> ALAVANCA DE CÂMBIO:</p><p> Rapid Fire 7 velocidades Index</p><p><br></p><p> CÂMBIO DIANTEIRO:</p><p> MTB 3 velocidades Index</p><p><br></p><p> CÂMBIO TRASEIRO:</p><p> MTB 7 velocidades Index</p><p><br></p><p> CORRENTE:</p><p> MTB 7 velocidades Index</p><p><br></p><p> PEDIVELA:</p><p> Triplo Aço Recapado Index</p><p><br></p><p> RODA LIVRE :</p><p> MTB 7 velocidades Index</p><p><br></p><p> MOV. CENTRAL:</p><p> Rolamentado</p><p><br></p><p> CAIXA DE DIREÇÃO:</p><p> AHEAD SET SEMI INTEGRADA</p><p><br></p><p> GUIDÃO:</p><p> MTB Reto de Alumínio 31.8mm</p><p><br></p><p> SUPORTE DO GUIDÃO:</p><p> MTB Alumínio 31.8mm</p><p><br></p><p> MANOPLA:</p><p> Performance</p><p><br></p><p> FREIO:</p><p> A disco mecânico</p><p><br></p><p> PEDAL:</p><p> MTB NYLON</p><p><br></p><p> SELIM:</p><p> MTB</p><p><br></p><p> CANOTE DO SELIM:</p><p> Aço 27.2</p><p><br></p><p> CUBOS:</p><p> Esferados</p><p><br></p><p> AROS:</p><p> AERO ALUMINIO MTB PAREDE DUPLA</p><p><br></p><p> RAIOS:</p><p> Preto em aço</p><p><br></p><p> PNEU:</p><p> MTB 29x2.10</p><p><br></p><p> PESO:</p><p> Aprox 14kg</p>","{""marca"":""KSW""}",,,KSW,,,,,,,,,,,,,,,,,,29,Prata,Ksw,Não informado,Não informado,Não informado,Alumínio,Xlt,Não informado,21,Curso 80mm,Não informado,Não informado,Não informado,Não informado,Não informado,Não informado,Não informado,Não informado,A disco mecânico,KSW,Azul Pantone,Aro 29,17,21 Marchas,,100Kg,Freio a Disco,Aluminio,,,Mountain Bike,
potencialbikes||k47rosaazul17,Bicicleta,Bicicleta Aro 29 Ksw 12v Deore Freio Hidraulico Trava Guidão,"<p>Uma mountain bike esportiva, perfeita para se iniciar no mundo do MTB, em trilhas e estradões. Sua geometria esportiva oferece um comportamento excepcional, deixando-a rápida e ágil para as melhores sensações no seu pedal.</p><p><br></p><p>QUADRO : 29"" Alumínio 6061</p><p>SUSPENSÃO : Cursor de 100mm com trava no GUIDÃO</p><p>CAIXA DE DIREÇÃO : Semi Integrada</p><p>GUIDÃO : Reto ou Curvo em Alumínio 6061</p><p>MESA : 80mm em Alumínio 6061</p><p>MANOPLAS : Borracha Flexível</p><p>TROCADORES : Single RX 12v</p><p>FREIOS : Hidraulico a Disco de 160mm</p><p>CÂMBIO DIANTEIRO : Não possui</p><p>CÂMBIO TRASEIRO : SHIMANO DEORE M6100 12v</p><p>PEDIVELA : Single 34d Narrow Wide, braço com 170mm ALUMINIO</p><p>CUBOS: Alumínio GTA com blocagem rapida de 12v</p><p>MOVIMENTO CENTRAL: Integrado GTA</p><p>PEDAL : Plataforma em ALUMINIO</p><p>CORRENTE : Indexada de 12v marca sumc</p><p>CATRACA: Cassete para 12 velocidades 11-50 GTA</p><p>CANOTE DE SELIM : 27.2mm em Alumínio 6061</p><p>SELIM : PU com trilho de regulagem</p><p>Aros : Race de Parede Dupla</p><p>PNEU : MTB 29 Cravo</p><p><br></p><p>OBSERVAÇÕES:</p><p>Imagens Ilustrativas. Pode haver alguma diferença de tonalidade entre a imagem e o produto real, por conta do tratamento de imagens e a calibração de cores do seu monitor ou celular!</p><p>As fotos do anúncio são feitas com quadros do tamanho 17.</p><p>A geometria do quadro (desenho) pode mudar conforme o tamanho escolhido alterando a inclinação do tubo superior quando quadro é 21 deixando-o mais reto.</p><p>Imagens meramente ilustrativas, podendo ter variação de peças de acordo com nosso estoque, sempre com qualidade igual ou superior!</p><p>Enviamos a bicicleta pré-montada, devidamente embalada, para melhor se acomodar na embalagem de transporte são retirados apenas: selim, pedais, guidão e roda dianteira.</p><p>NÃO COBRE DEFEITOS POR MAU USO OU PELA MONTAGEM / REVISÃO INADEQUADA DO PRODUTO.</p><p>A garantia será validada para as bicicletas montadas e revisadas por uma oficina especializada e é referente apenas ao primeiro proprietário.</p><p>A garantia não se aplica para os itens de desgaste natural, tais como: Pneu, câmaras, cabos, sapatas de freio, centragem de aros, pintura do quadro, componentes da transmissão (corrente, engrenagens do pé de vela, engrenagens do cassete)</p>","{""marca"":""KSW"",""tipo"":""Mountain Bike""}",,,KSW,,,Mountain Bike,,,,,,,,,,,,,,,29,Não informado,Ksw,Não informado,Não informado,Mountain Bike,Alumínio,12v Deore,Não informado,12,Cursor,Trava Guidão,Não informado,Não informado,Não informado,Não informado,Não informado,Não informado,Não informado,Hidraulico,KSW,"[Preto, Rosa, Azul]",Aro 29,17,12 Marchas,Dianteira,,Freio a Disco,Aluminio,,,Mountain Bike,
cicloartesportes||PE-HYPE10-17,Bicicleta,Bicicleta Mountain Bike Aro 29 Groove Hype 10 21V,"Qual é a bike ideal para iniciantes no mountain bike? É a bicicleta Groove Hype 10 com 21 marchas, freio a disco mecânico, suspensão Groove com trava e cabeamento interno. Descubra o mundo do MTB com a Groove Hype 10!<br>Componentes Shimano<br>Câmbios traseiro e dianteiro Shimano de 21 marchas deixam as suas trilhas muito mais confortáveis e divertidas. A Shimano é uma marca mundial em componentes para bicicletas.<br>Cockpit<br>O cockpit da bicicleta Groove Hype 10 21 marchas com guidão de 700mm oferece mais controle e confiança durante a sua pedalada. A suspensão Groove com trava proporciona praticidade em suas trilhas.<br>Quadro da bike: garantia e detalhes<br>O quadro da bike Groove Hype 10 é produzido em alumínio, com cabeamento interno e possui Garantia Vitalícia Limitada ao primeiro proprietário da bicicleta<br>O cabeamento interno do quadro deixa a sua bike com muito mais estilo e conforto, por não ter os cabos à mostra e possivelmente atrapalhando durante os seus passeios com a turma do pedal.<br>Tamanhos 15 - 17 - 19 - 20,5 / 29<br>Cor Grafite/Azul/Preto <br>Quadro Groove Alumínio cabeamento interno ""Garantia Vitalícia""<br>Suspensão Suspensão Groove 80mm crown Alloy c/ trava no ombro<br>Trocador AT-M100 3/7v integrado ou Shimano ST-EF41 7v Integrado<br>Câmbio Traseiro Shimano RD-TY300 7V<br>Câmbio Dianteiro Shimano FD-TZ500 3V<br>Pedivela Shimano FC-TY301 42/34/24T<br>Cassete ou Roda Livre Roda Livre 7v 13-34T ou Roda Livre Shimano MF-TZ500 14-34D<br>Corrente TAYA TB-50<br>Alavanca de Freio Shimano Integrado<br>Freio Groove Disco Mecânico<br>Movimento Central Groove Selado ""smooth Tunning""<br>Cubos Groove Alumínio 32F<br>Pedal Plástico Conforto<br>Raios Aço preto<br>Aros Groove Aluminio Parede Dupla 32F<br>Guidão Groove Aço 31.8mm 700mm<br>Mesa Groove Alumínio 31.8mm<br>Canote Groove Alumínio 27,2mm<br>Abraçadeira de selim Groove Blocagem alumínio 31,8mm<br>Selim Groove MTB<br>Pneu Chaoyang MTB 29""x 2.0""<br>Peso 15kg aprox.<br>Garantia Quadro Vitalícia Limitada - Ler manual e registrar<br>Garantia Componentes 06 Meses","{""marca"":""Groove"",""tipo"":""Mountain Bike""}",,,Groove,,,Mountain Bike,,,,,,,,,,,,,,,29,GrafiteAzulPreto,Groove,15 - 17 - 19 - 205,Não informado,Mountain Bike,Alumínio,Hype 10,Não informado,21,Suspensão Groove 80mm crown Alloy c trava no ombro,Cabeamento interno,Não informado,Não informado,Não informado,MTB,29,Não informado,Garantia Vitalícia Limitada,Disco Mecânico,Groove,"[Grafite, Preto, Azul]",Aro 29,17,21 Marchas,,,Freio a Disco,Aluminio,,,Mountain Bike,
axwbike||MLB3351384941,Bicicleta,Bicicleta Axw Aro29 Cinz 24vel Susp Diant+2 Acessórios,"<p>Equipada com freio hidráulico, a Bicicleta AXW oferece uma frenagem precisa e potente, garantindo total segurança em qualquer situação. Seja em descidas íngremes ou em terrenos acidentados, você estará no controle total da sua bicicleta, podendo desacelerar de forma eficiente e segura.</p><p> Com 24 marchas, essa bicicleta permite que você se adapte facilmente a diferentes tipos de terrenos. Seja enfrentando subidas íngremes ou pedalando em velocidades altas em terrenos planos, você terá a marcha certa para otimizar seu desempenho e aproveitar ao máximo cada pedalada.</p><p> Além disso, a suspensão dianteira da Bicicleta AXW proporciona um excelente amortecimento, absorvendo impactos e irregularidades do terreno. Com essa suspensão, você desfrutará de uma pedalada mais suave e confortável, mantendo-se estável e no controle em todos os momentos.</p> <p> <strong>Itens Inclusos:</strong></p><p>01 Bicicleta aro 29 AXW Freio Hidráulico</p><p>01 Par de leds</p><p>01 Suporte de Garrafa</p> <p><strong> Características:</strong></p> <p>Quadro e Suspensão</p><p>Quadro Marca AXW - em Alumíno 6061</p><p>Suspensão Aro 29 80mm</p><p>Trocador Rapid-Fire Engate Rápido Imp.</p><p>Câmbio Dianteiro Shimano TZ</p><p>Câmbio Traseiro Shimano TZ</p><p>Pedivela em Alumínio Reduzido</p><p>Catraca / Roda Livre 8v</p><p>Corrente Imp. Index</p><p>Freio a Disco Hidráulico</p><p>Sistema de Direção</p><p>Movimento de Direção Ahead Set Preto</p><p>Suporte de Guidão / Mesa Preto em Alumínio</p><p>Guidão Reto Mega Over em Alumínio</p><p>Manopla Preto Plus</p><p>Movimento Central</p><p>Roller 122.5 Preto Selado</p><p>Cubos p/ Disco 36f Preto em Aço Esferados</p><p>Raios 290mm Preto</p><p>Aros Aero 36 Furos Folha Dupla</p><p>Câmara de Ar 29 x 1.95 Bico Grosso</p><p>Pneu (Imp.) 29x2.10 Cravo Baixo</p><p>Canote de Selim 27,2 Preto em Alumínio</p><p>Banco / Selim - Sport / Confort</p><p>Pedal Plataforma em Nylon </p> <p> <strong>Observações</strong>:</p> <p>GARANTIA DE 3 MESES CONTRA DEFEITO DE FABRICA.</p> <p>Não cobre desgaste, mal uso do produto. ( Sempre manter a relação da bike limpa e lubrificada para um melhor desempenho do produto).</p><p>A bicicleta é enviada pré-montada e para se acomodar à embalagem de envio os seguintes itens são enviados desmontados: selim, pedais, guidão e roda dianteira. A instalação dessas peças é de responsabilidade do cliente;</p><p>Montagem e regulagem por conta do cliente. Orientamos que o comprador leve em um oficina especializada para a montagem e regulagem do produto.</p> <p>FOTOS MERAMENTE ILUSTRATIVAS, PARA A VISUALIZAÇÃO DAS CORES A BIKE VAI CONFORME A DESCRIÇÃO.</p>","{""tamanho_do_quadro"":""P""}",,,,P,,,,,,,,,,,,,,,,,29,Cinz,AXW,Não informado,Não informado,Não informado,Alumíno 6061,Não informado,29,24,Diant2,Freio Hidráulico,Não informado,Não informado,Não informado,Não informado,Não informado,Não informado,Acessórios,Disco Hidráulico,AXW,Cinza,Aro 29,21,24 Marchas,Dianteira,120Kg,Freio a Disco,Aluminio,,Feminino,,
bikesmariaclaraltda||14723459716,Bicicleta,Bicicleta Urbana aro 26 com cadeirinha cesta forte 6v Verde,"MARIA CLARA BIKES<br>Bicicletas Personalizadas<br>___________<br>**SOBRE O PRODUTO;<br> <br>-QUADRO EM AÇO COM PINTURA ELETROSTÁTICA (tamanho único aproximadamente 17 em polegadas)<br>-RODAS TAMANHO 26 COM ARO AERO (parede dupla) DE ALUMÍNIO<br>-CUBOS DE ALUMÍNIO COM ROLAMENTOS<br>-PNEU TAMANHO 26 SLICK (conforme foto anúncio)<br>-CESTA (Conforme foto do anúncio, ATENÇÃO; alguns modelos não tem cesta)<br>-FREIOS V-BRAKE ALUMÍNIO<br>-MAÇANETAS ALUMÍNIO<br>-GUIDOM AÇO <br>-SELIM MARROM 2 MOLAS<br>-PUNHOS E PEDAIS MARRONS<br>-MOVIMENTO CENTRAL 45 MM ESFERADO<br>-MOVIMENTO DE DIREÇÃO STANDARD ESFERADO<br>-RELAÇÃO MARCHAS DA LINHA ""YAMADA'', ''MAX'', ''SAYGUAN'' OU ''WG""(se atentar na opção características, lá informamos a quantidade de marchas/velocidades em cada anúncio)<br>-PASSADOR(ES) DE ALAVANCA (em modelos que possuem marchas)<br>___________<br>**SOBRE AS MEDIDAS;<br> <br>-Peso aproximado da bicicleta 17kg.<br>-Altura média do guidom (do chão até as manoplas) entre 100- 115 cm.<br>-Largura do guidom (de uma manopla a outra) 70 cm.<br>-Altura média do banco (do chão até o assento) entre 75 -90 cm.<br>-Altura do banco em ralação ao pedal (considerar a parte mais longa) entre 65- 80 cm.<br>-Peso máximo recomendado para 1 bicicleta =135 kg.<br>-Altura média recomendada entre 1,55 e 1,85.<br>-As variáveis podem considerar como ajustes (regulagens) que irá conseguir utilizar.<br>___________<br>**COMO O PRODUTO É ENVIADO;<br> <br>• Envio por transportadora<br>• Bicicleta pré-montada, necessária finalização da montagem por profissional especializado, a finalização é de responsabilidade do comprador<br>• Temos vídeos que auxiliam na finalização da montagem (basta pesquisar por Maria Clara Bikes no YouTube)<br>• Não nos responsabilizamos por problemas relacionados a erros de montagem.<br>___________<br>** SOBRE A GARANTIA;<br>Garantia de 90 dias contra defeito de fabricação, não cobrindo mau uso, má instalação de peças e acessórios.<br>***ATENÇÃO; nossos produtos possuem apenas os aros, cubos, manetes e freios de alumínio o restante é todo de aço. *NÃO POSSUINDO GARANTIA CONTRA FERRUGEM. PRINCIPALMENTE PARA MORADORES EM REGIÕES LITORANEAS ONDE EXISTE A AÇÃO INEVITAVEL DA MARESIA NO MATERIAL AÇO, CAUSANDO A FERRUGEM. Para compradores dessa região Recomendamos o uso periódico de anti-ferrugem, que ajuda prevenir tal ação!",{},,,,,,,,,,,,,,,,,,,,,26,Verde,MARIA CLARA BIKES,17,Não informado,Urbana,AÇO,Não informado,AERO,6,Não informado,"Cadeirinha, Cesta",Não informado,Não informado,Não informado,Não informado,Não informado,135,Não informado,V-BRAKE,Maria Clara Bikes,Verde,Aro 26,17,6 Marchas,,135Kg,Freio V-Brake,Aço,,,Passeio,
oliststore||MGLQNL7ZMXL1APCI,Bicicleta,Bicicleta aro 12 flower nathor,"Super colorida e veloz, essa bicicleta vai garantir a diversão das princesinhas!Principais Características- Material: Aço carbono,- Pneus antiderrapantes,- Paralamas em polipropileno,- Rodinhas para apoio atrás, - Estampa Flower, - Suporte para garrafinha de água, - Cesta na parte da frente.Sua filha vai aproveitar todos os passeios com muito estilo e diversão com a Bicicleta Aro 12 Flower. Colorida e resistente, foi produzida em aço carbono que proporciona leveza e conforto. Possui pneus antiderrapantes, paralamas em polipropileno, pino para regulagem de altura e freio a tambor. Para auxiliar a criançada nas pedaladas, a bicicleta dispõe de rodinhas na parte de trás dando todo o apoio necessário que sua pequena precisa. Ainda conta com uma cestinha na parte frontal e um suporte que acompanha uma garrafinha de água super charmosa, para sua filhinha se hidratar durante o passeio.Desde 1985, industrializando bicicletas infantis aros 12'' e 16'', a Nathor conta com processos de fabricação tecnológicos avançados e uma equipe de profissionais altamente qualificados atendendo a necessidade e confiança do consumidor.","{""marca"":""Nathor"",""tipo"":""Passeio""}",,,Nathor,,,Passeio,,,,,,,,,,,,,,,12,Não informado,Nathor,Não informado,Feminino,Não informado,Aço carbono,Flower,Não informado,Não informado,Não informado,"Pneus antiderrapantes, Paralamas em polipropileno, Rodinhas para apoio atrás, Estampa Flower, Suporte para garrafinha de água, Cesta na parte da frente",Não informado,Não informado,Não informado,Não informado,Não informado,Não informado,Não informado,Tambor,Nathor,"[Branco, Rosa]",Aro 12,,,,21Kg,Freio a Tambor,Aço Carbono,Flower,Feminino,Passeio,
asiacomercial||650496,Bicicleta,Bicicleta Infantil Nathor 3 a 6 anos FIRE MAN Aro 12 Com Rodinhas,"<p>-------------------------------------</p><p>Conteúdo da Embalagem</p><p>-------------------------------------</p><p><br></p><p>Bicicleta Infantil Nathor FIRE MAN Aro 12 Com Rodinhas</p><p><br></p><p>Nota Fiscal: Sim</p><p>Garantia Especial Marketplace: 30 dias</p><p>Garantia Extra Fabrica: 60 dias Garantia</p><p>Total Oferecida: 90 dias</p><p><br></p><p>----------------------</p><p>Características</p><p>----------------------</p><p><br></p><p>Tamanho da roda: 12""</p><p>Indicada para crianças a partir de 3 anos ou</p><p>Altura máxima recomendada: 90 - 100 cm</p><p>Peso máximo recomendado: 21kg</p><p>Peso do produto: 3,980 kg</p><p><br></p><p>Peso com a embalagem: 4,720 kg</p><p>Dimensões do produto (CxAxL): 82 cm x 55 cm x 50 cm</p><p>Dimensões da embalagem (CxAxL): 69 cm x 31 cm x 17 cm</p><p><br></p><p>Quadro, garfo e guidão em aço carbono;</p><p>Limitador de giro do guidão;</p><p>Freio a tambor;</p><p>Regulagem de ângulo do guidão e da altura do selim;</p><p>Pneus em E.V.A.;</p><p>Garrafinha e cestinha ou plaquinha;</p><p>Mesa de direção em nylon reforçado</p><p><br></p><p>------------------------</p><p>Sobre o Produto</p><p>------------------------</p><p><br></p><p>Os Produtos são novos?</p><p>R: Sim, só trabalhamos com produtos novos direto da fabrica.</p><p><br></p><p>O Produto é original?</p><p>R: Sim e licenciado.</p><p><br></p><p>------------------</p><p>Diferenciais</p><p>------------------</p><p><br></p><p>As bicicletas aro 12"" Nathor são equipadas com os melhores itens de segurança e conforto para crianças.</p><p><br></p><p>Com o limitador de giro, a criança garante mais equilíbrio e segurança ao pedalar. A regulagem de ângulo do guidão e da altura do selim permitem que a</p><p>postura do ciclista se mantenha correta, além de possibilitar que a bicicleta seja usada por mais tempo - acompanhando o crescimento.</p><p><br></p><p>------------------</p><p>Atenção</p><p>------------------</p><p><br></p><p>A Nathor é líder de mercado há mais de 30 anos e genuinamente brasileira, somos a maior indústria de bicicletas infantis da América Latina.</p><p>Em um parque fabril com mais de 20 mil m2, produzem quase 7 mil bicicletas por dia, alimentando um mercado exigente,</p><p>que espera nada menos que excelência.</p><p><br></p><p><br></p><p>-----------------------</p><p>Nossa Empresa</p><p>-----------------------</p><p><br></p><p>Bem-vindo à nossa loja Asia!</p><p><br></p><p>Aqui, você terá uma experiência de compra incrível. Selecionamos nossos produtos com muito cuidado,</p><p>escolhendo somente os melhores fornecedores do mercado,</p><p>tudo para garantir a sua satisfação. Além disso, oferecemos preços super competitivos.</p><p><br></p><p>Nosso foco é garantir que seu pedido chegue em perfeito estado em sua casa.</p><p>Cuidamos de cada etapa com atenção e carinho para garantir a qualidade de nossos produtos e a sua satisfação.</p><p>Embalamos seu pedido cuidadosamente para evitar danos durante o transporte.</p><p>No entanto, caso você tenha qualquer problema, estamos sempre disponíveis para atendê-lo em nossos canais de atendimento.</p><p><br></p><p>Agradecemos pela confiança e esperamos vê-lo novamente em breve em nossa loja!</p><p><br></p><p><br></p><p>----------------</p><p>Informação</p><p>----------------</p><p><br></p><p>A aro 12"" Nathor também tem uma relação de transmissão que foi desenvolvida para que a velocidade que a criança atinge pedalando seja a mesma de um adulto andando;</p><p>ou seja: os pais conseguem acompanhar a brincadeira com tranquilidade, garantindo ainda mais segurança durante a diversão</p><p>Imagens meramente ilustrativas.</p>","{""marca"":""Nathor"",""tipo"":""Equilíbrio""}",,,Nathor,,,Equilíbrio,,,,,,,,,,,,,,,12,Não informado,Nathor,Não informado,Infantil,Não informado,Aço carbono,FIRE MAN,Não informado,Não informado,Não informado,"Limitador de giro do guidão, Regulagem de ângulo do guidão e da altura do selim, Pneus em EVA, Garrafinha e cestinha ou plaquinha, Mesa de direção em nylon reforçado",Não informado,Não informado,Não informado,Não informado,Não informado,21kg,Não informado,Tambor,Nathor,"[Vermelho, Azul, Amarelo]",Aro 12,,,,21Kg,Freio a Tambor,Aço Carbono,Fire Man,,Equilíbrio,
diasbike||27970,Bicicleta,Bicicleta Aro 29 Adulta KOG 21 Velocidades 3x7 Marcha Freio a Disco e Suspensão Dianteira de 80mm,"<p>Dias Bike</p><p><br></p><p>Bem vindo a Dias Bike! A Dias Bike é uma loja física e virtual que faz parte da família Dias Bike e Dias Moto Peças, que possuem mais de 10 lojas físicas e uma distribuidora atacadista, atuando no mercado de ciclismo a mais de 30 anos. A empresa comercializa bicicletas prontas, peças e acessórios para bicicletas em geral, tudo a sua disposição e com a comodidade de receber o produto em sua casa em qualquer lugar do Brasil com toda garantia de entrega e a certeza de sua satisfação.</p><p><br></p><p>KOG</p><p><br></p><p>A KOG é uma marca da Dias Bike, baseada em toda a experiencia acumulada ao longo de mais de 30 anos no mercado de ciclismo e motocicletas. A experiencia nos permitiu desenvolver bicicletas que com um ótimo custo benefício, tanto para pedais urbanos para te levar a todos os lugares, como também bicicletas prontas para encarar os mais diversos obstáculos em uma trilha. A KOG foi pensada e desenvolvida especialmente para quem está iniciando no Mountain Bike e conciliando conforto e desempenho.</p><p><br></p><p><br></p><p>**Bike Indicada para Uso Urbano**</p><p><br></p><p>FICHA TECNICA</p><p><br></p><p>Quadro aro 29 Alumínio</p><p>Suspensão de 80mm</p><p>Aros Aeros para Disco Folha Dupla</p><p>Raios Zincados</p><p>Pneus Aro 29 Com Arame</p><p>Câmara de Ar Aro 29t</p><p>Jogo Direção Ahead Set</p><p>Suporte Do guidão 31.8</p><p>Guidão 31.8 MTB</p><p>Canote do Selim MTB </p><p>Pedal MTB Plataforma</p><p>Arruela Calço para Ahead Set (1cm)</p><p>Manopla MTB Comum</p><p>Abraçadeira do Selim com Blocagem</p><p>Selim MTB </p><p>Disco de Freio De 160mm Parafusos</p><p>Freio a Disco Mecânico Com Pinças e Pastilhas</p><p><br></p><p>RELAÇÃO (TRANSMISSÃO DA BIKE)</p><p><br></p><p>Catraca 7V Indexada</p><p>Roda Tripla de Aço Encapado </p><p>Trocador Indexado Semi Automático Rapid Fire de 7V</p><p>Cambio Dianteiro Indexado MTB 3 Velocidades</p><p>Cambio Traseiro Indexado MTB 7v Velocidades</p><p>Cubos de rosca</p><p>Corrente indexada de 7 Velocidades</p><p>Jogo de Centro 122.5 Selado Rolamentado</p>","{""aro"":""29\"""",""cor"":""Vermelho, Preto"",""marca"":""KOG"",""material_do_quadro"":""Alumínio"",""tamanho_do_quadro"":""15""}","29""","Vermelho, Preto",KOG,15,,,Alumínio,,,,,,,,,,,,,,29,Não informado,KOG,Não informado,Adulto,Mountain Bike,Alumínio,Não informado,29,21,Dianteira,Não informado,Não informado,Não informado,Não informado,Urbano,Não informado,Não informado,Não informado,Disco,KOG,"[Vermelho, Preto]",Aro 29,15,21 Marchas,Dianteira,,Freio a Disco,Aluminio,,Feminino,Passeio,
diasbike||24811,Bicicleta,Bicicleta Bike aro 29 KSW 12V Freio Hidráulico Susp C Trava,"Bem vindo a Dias Bike! A Dias Bike é uma loja física e virtual que faz parte da família Dias Bike e Dias Moto Peças, que possuem mais de 10 lojas físicas e uma distribuidora atacadista, atuando no mercado de ciclismo a mais de 31 anos. A empresa comercializa bicicletas prontas, peças e acessórios para bicicletas em geral, tudo a sua disposição e com a comodidade de receber o produto em sua casa em qualquer lugar do Brasil com toda garantia de entrega e a certeza de sua satisfação.<br> <br>BICICLETA ARO 29 12 Velocidades Relação 1X12 Freios Hidráulico k7 E TRAVA<br> <br>COMPONENTES DA BIKE<br> <br><br>Quadro aro 29 Alumínio<br>Suspensão de 100mm de Curso Com Trava no Ombro<br>Aros Aeros para Disco Folha Dupla<br>Raios Zincados<br>Pneus Aro 29 Com Arame<br>Câmara de Ar Aro 29<br>Jogo Direção Ahead Set<br>Suporte Do guidão 31.8<br>Guidão 31.8 MTB<br>Canote do Selim MTB<br>Pedal MTB Plataforma<br>Arruela Calço para Ahead Set (1cm)<br>Manopla MTB Comum<br>Abraçadeira do Selim com Blocagem<br>Selim MTB<br>Rotor de Freio De 160mm<br>Freio a Disco Hidráulico<br><br> <br>RELAÇÃO (TRANSMISSÃO DA BIKE)<br> <br><br>Cassete 12 Velocidades 11x50D<br>Pedivela Single Two Pieces (Integrado)<br>Trocador Indexado Semi Automático de 12V<br>Cambio Traseiro Indexado MTB 12V<br>Cubos Para com FreeHub para cassete<br>Corrente indexada de 12V<br>Jogo de Centro Hollowtech<br><br>Atenção, a marca da transmissão pode variar de acordo com o estoque, mas garantimos a mesma qualidade e desempenho.","{""tamanho_do_quadro"":""21""}",,,,21,,,,,,,,,,,,,,,,,29,Não informado,KSW,Não informado,Não informado,MTB,Alumínio,Não informado,29,12,Com Trava,Freio Hidráulico,Não informado,Não informado,Não informado,Não informado,Não informado,Não informado,Não informado,Hidráulico,KSW,"[Verde Neon, Preto]",Aro 29,21,12 Marchas,,,Freio a Disco,Aluminio,,Feminino,Mountain Bike,
oliststore||MGLZ14T0HPQRPN9S,Bicicleta,Bicicleta Elétrica Tecultra3.0 12Ah Motor 350W-Quadro 19 B,"A bicicleta elétrica tecultra3.0 aro 29 é ideal para quem busca uma alternativa sustentável para sua locomoção e ao mesmo tempo uma maneira de manter uma vida saudável nas horas vagas. QuadroQuadro: alumínio Tamanho: 19Cor: brancoAmortecedor: ferro importado Suspensão/guidãoGuidão: alumínioMesa: alumínio importadoManopla: tipo gel Sistema de marchasCâmbio traseiro: shimano tourneyCâmbio dianteiro: shimano tourneyVelocidades: 21Trocadores: rapid fire importadoEngrenagem: tripla importadaRoda livre: shimano 7vCorrente: index Rodas e componentesRoda: aero vzanAro: 29Raio: grosso 2.5Pneu: cravo 2.0Cubo: alumínio com rolamento importado Selim e pedalSelim: cairuCanote: alumínioAbraçadeira para selim: alumínioPedal: nilon FreioSistema de freio: a disco mecânico importadoAlavanca de freio: rapid fire importado Peso: 20kgBike para qual objetivo: uso urbano Sistema elétricoTipo da bateria: cilíndrica 12ah - removívelMotor: dianteiro 350wMostrador de carga: painel com display ledCarregador: universal bivolt - 36vSistema de alimentação: bateria de lítioVelocidade máxima: de 30 a 35 km/h, de acordo com a lei e resolução.Autonomia: Acelerador: de 37km em média dependendo do tipo de terreno e do peso do condutor.Pedal assistido: de 55km em média dependendo do tipo de terreno e do peso do condutor.Tempo para recarga: 4-6 horasVida útil: 5 anos em médiaCapacidade de carga: 120 kg MontagemA bicicleta segue montada e revisada, mas por motivo de acomodação na embalagem para transporte são retirados: selim, pedais, guidão e roda dianteira. A instalação é de responsabilidade do cliente. Por motivo de transporte / manuseio, pode ser necessário efetuar nova regulagem de câmbio ao receber o produto. A tecbike não se responsabiliza pela revisão final da bicicleta, sugerindo que seja efetuada por uma oficina especializada.","{""alimentacao"":""Elétrico"",""marca"":""Tecbike"",""potencia_do_motor"":""350 W"",""tipo"":""Elétrico""}",,,Tecbike,,,Elétrico,,,,,,,Elétrico,350 W,,,,,,,29,branco,Tecultra,19,Não informado,Elétrica,alumínio,Tecultra30,29,21,ferro importado,Não informado,bateria de lítio,350w,Não informado,urbano,Não informado,120 kg,Não informado,disco mecânico,Tecbike,Branco,Aro 29,19,21 Marchas,,120kg,Freio a Disco,Aluminio,,,Elétrica,350W
tajunabike||MWZAPTORSA17TIPO14,Bicicleta,Bicicleta Aro 29 Ksw Mwza Feminina Câmbios Shimano Altus 24v K7 Alumínio Freios Hidráulicos Garfo Com Trava - Preto/Rosa,"<p>Bike aro 29, com quadro Ksw Xlt, nova na caixa a pronta entrega, produto com ótima qualidade e acabamento, possui 24 marchas com sistema de alavancas rapid fire que a cada clique uma marcha é trocada, câmbio dianteiro shimano altus e traseiro shimano altus, garfo com suspensão e sistema de trava para melhor performance, sistema de freio a disco hidráulico, pneus com cravo baixo para uso em terra e asfalto. Bicicleta pré montada, vai precisar apenas fixar a roda dianteira, guidão, selim e pedais. Seguem abaixo características da bike:</p><p><br></p><p>Quadro 29 Ksw Mwza em Alumínio</p><p>Garfo 29 suspensão com Trava no Ombro</p><p>Suporte do guidão em alumínio preto</p><p>Guidão 31.8mm em alumínio preto</p><p>Canote do selim 27.2 em alumínio preto Com carrinho</p><p>Selim Sport Preto</p><p>Abraçadeira do Selim alumínio Preto</p><p>Aros Aero Parede dupla reforçado</p><p>Raios Pretos</p><p>Cubos em Alumínio Pretos com blocagens</p><p>Pneus 29 com cravo</p><p>Movimento central selado rolamentado</p><p>Freios a disco Hidráulicos Com discos inox 160mm</p><p>Alavancas Semi-automáticas Rapid Fire gta/sunrun</p><p>Câmbio Traseiro shimano altus 24V M310</p><p>Câmbio Dianteiro shimano altus M313</p><p>Corrente Index dto/paco/fsc</p><p>Pedivela shimano Ty301 Tourney</p><p>Pedal Plataforma Nylon preto</p><p>Cassete k7 gta sunrun 9v</p>","{""marca"":""KSW""}",,,KSW,,,,,,,,,,,,,,,,,,29,PretoRosa,Ksw,Não informado,Feminina,Não informado,Alumínio,Mwza,29,24,Com Trava,"Câmbios Shimano Altus, Freios Hidráulicos, Garfo Com Trava",Não informado,Não informado,Não informado,Não informado,Não informado,Não informado,Não informado,Hidráulicos,KSW,"[Preto,Rosa]",Aro 29,,24 Marchas,Dianteira,,Freio a Disco,Aluminio,,Feminino,Mountain Bike,
bikediasg5||12444862495,Bicicleta,Bicicleta Aro 29 KSW XLT 27v Hidráulico K7 e Trava,"BICICLETA ARO 29 KSW XLT 27V HIDRÁULICO K7 E TRAVA<br> <br>COMPONENTES DA BIKE<br>- Quadro aro 29 Alumínio KSW XLT<br>- Suspensão de 100mm de Curso com Trava no Ombro<br>- Aros Aeros para Disco Folha Dupla<br>- Raios Zincados<br>- Pneus Aro 29 Com Arame<br>- Camara de Ar Aro 29<br>- Jogo Direção Ahead Set<br>- Suporte Do guidão 31.8 Importado<br>- Guidão 31.8 MTB Importado<br>- Canote do Selim MTB Importado<br>- Pedal MTB Plataforma<br>- Arruela Calço para Ahead Set (1cm)<br>- Manopla MTB Comum<br>- Abraçadeira do Selim com Blocagem<br>- Selim MTB Básico<br>- Disco de Freio De 160mm Parafusos<br>- Freio a Disco Hidráulico Com Pinças e Pastilhas<br> <br>RELAÇÃO (TRANSMISSÃO DA BIKE)<br>- Cassete Indexado de 9v<br>- Roda Tripla De Alumínio Reforçada<br>- Trocador Indexado Semi Automático Rapid Fire de 9v<br>- Cambio Dianteiro 3v Indexado<br>- Cambio Traseiro 9v Indexado<br>- Cubos Com Blocagem Sistema Cassete<br> - Corrente Indexado 9v<br>- Jogo de Centro 122.5<br> <br> <br>- Imagens da bicicleta são meramente ilustrativas.<br>- Algumas peças da bicicleta podem sofrer variações de cor e de modelo de acordo com o lote de importação.<br>- A Dias Bike não se responsabiliza por recolhimento obrigatório de impostos ICMS por st cobrado em alguns estados.<br>-Caso não haja alguém para receber o pedido no local de entrega, após as tentativas de entrega da transportadora, o frete do reenvio será de responsabilidade do comprador.<br>-Preço no site são exclusivos para venda online da loja virtual DIAS BIKE, os preços praticados em cada loja podem haver diferença entre os mesmos.<br>- Para as compras de bicicletas, as mesmas serão enviadas lubrificadas e pré-montadas, em função do transporte, a roda dianteira, guidão, selim e pedais são enviados soltos para encaixe.<br>- A garantia não Cobre Defeitos por Mau uso ou Pela Montagem Inadequada do Produto. A Montagem requer conhecimentos em mecânica e manutenção em bicicletas, por isso recomendamos que a montagem das Bicicletas seja feita por Profissionais do ramo em Oficina Especializada.<br>- Algumas Peças podem necessitar de regulagem ou alinhamento.<br>- A montagem, Regulagem e Alinhamento é por conta do comprador.<br>- A Garantia só será validada mediante a comprovação da montagem por um especialista, válida somente para o Primeiro proprietário.<br>","{""cor"":""Preto, Verde""}",,"Preto, Verde",,,,,,,,,,,,,,,,,,,29,Não informado,KSW,Não informado,Não informado,MTB,Alumínio,XLT,29,27,Suspensão de 100mm de Curso com Trava no Ombro,Trava,Não informado,Não informado,Não informado,Não informado,Não informado,Não informado,Hidráulico K7,Disco Hidráulico,KSW,"[Preto,Verde]",Aro 29,,27 Marchas,,120Kg,Freio a Disco,Aluminio,,Unissex,Mountain Bike,
bikediasg5||25612,Bicicleta,Bicicleta Aro Retro Feminina 29 KSW Sunny 21V Cambios Shimano Freio a Disco Mecânico,"<p>CAMBIO DIANTEIRO SHIMANO TOURNEY TZ31 / CAMBIO TRASEIRO SHIMANO TOURNEY TZ 31 / FREIO A DISCO MECÂNICO / SUSPENSÃO DE 80MM</p><p><br></p><p><br></p><p>""Bem vindo a Dias Bike! A Dias Bike é uma loja física e virtual que faz parte da família Dias Bike e Dias Moto Peças, que possuem mais de 10 lojas físicas e uma distribuidora atacadista, atuando no mercado de ciclismo a mais de 31 anos. A empresa comercializa bicicletas prontas, peças e acessórios para bicicletas em geral, tudo a sua disposição e com a comodidade de receber o produto em sua casa em qualquer lugar do Brasil com toda garantia de entrega e a certeza de sua satisfação.</p><p><br></p><p><br></p><p>BICICLETA ARO 29 MTB 21 VELOCIDADES FREIO A DISCO CÂMBIOS SHIMANO E SUSPENSÃO DE 80MM</p><p><br></p><p>COMPONENTES DA BIKE</p><p><br></p><p>Quadro aro 29 Alumínio 6061</p><p>Suspensão de 80mm de Cursor </p><p>Aros Aeros para Disco Folha Dupla em Alumínio</p><p>Raios Zincados na cor Preto</p><p>Pneus Aro 29 Com Arame</p><p>Camara de Ar Aro 29</p><p>Jogo Direção Ahead Set</p><p>Suporte Do guidão 31.8 em Alumínio</p><p>Guidão 31.8 MTB em Alumínio</p><p>Canote do Selim MTB em Alumínio</p><p>Pedal MTB Plataforma</p><p>Arruela Calço para Ahead Set (1cm)</p><p>Manopla MTB com ótimo grip</p><p>Abraçadeira do Selim com Blocagem</p><p>Selim MTB</p><p>Disco de Freio De 160mm com 6 Parafusos</p><p>Freio a Disco Mecânico Com Pinças e Pastilhas</p><p><br></p><p>RELAÇÃO (TRANSMISSÃO DA BIKE)</p><p><br></p><p>Roda Livre Indexada de 7v</p><p>Roda Tripla De Aço Encapado Reforçada</p><p>Trocador Indexado Semi Automático Rapid Fire de 7v</p><p>Cambio Dianteiro Shimano Tourney 3v</p><p>Cambio Traseiro Shimano Tourney 7v</p><p>Cubos Para Roda Livre</p><p>Corrente indexada de 7v</p><p>Jogo de Centro 122.5 Selado Rolamentado""</p>","{""cor"":""Branco, Rosa"",""marca"":""KSW""}",,"Branco, Rosa",KSW,,,,,,,,,,,,,,,,,,29,Não informado,KSW,Não informado,Feminina,MTB,Alumínio,Sunny,29,21V,80MM,Não informado,Não informado,Não informado,Não informado,Não informado,Não informado,Não informado,Não informado,Disco Mecânico,KSW,"[Branco,Rosa]",Aro 29,15,21 Marchas,Dianteira,,Freio a Disco,Aluminio,Retrô,Feminino,Passeio,
dtindustria||40145,Bicicleta,Bicicleta Aro 29 Ksw Cambios Shimano 21v Freios Hidraulicos,"<p>-Quadro Alumínio Ksw Xlt.</p><p>-Freio a Disco Hidráulico.</p><p>-Guidão Alumínio.</p><p>-Suporte de Guidão Alumínio.</p><p>-Canote Selim Alumínio 27.2x350 C/ Carrinho.</p><p> -Cambio Traseiro Tz-31 Shimano.</p><p>-Cambio Dianteiro Shimano.</p><p>-Alavancas Rapid Fire Gta.</p><p>-Roda Livre 7v Index.</p><p>-Corrente index.</p><p>-Garfo Suspensão 29.</p><p>-Pneu 29 Multi-terreno.</p><p>-Selim Mtb.</p><p>-Cubo c/ Blocagem.</p><p>-Aro Aero Parede Dupla.</p><p>-Pedivela Aço Revestido Importado.</p><p>-Manopla Excalibur.</p><p>-Pedal freestyle nylon.</p><p><br></p><p>Recomendações:</p><p>Certifique-se do tamanho do quadro antes de efetuar a compra, recomendamos que escolha o tamanho de quadro de acordo com a altura do usuário, conforme tabela da última foto do anúncio.</p><p><br></p><p>Montagem:</p><p>A bicicleta vai montada e revisada, por motivo de acomodação na embalagem, são retirados selim, pedais, guidão e roda dianteira. A montagem final é de responsabilidade do cliente, sugerimos a mesma seja feita por uma oficina especializada (a empresa não se responsabiliza pela montagem e regulagem final da mercadoria).</p><p><br></p><p>Garantia: 1 ano para o quadro e 3 meses para os componentes (ambos contra defeitos de fabricação).</p><p>A garantia não cobre defeitos por mau uso ou pela montagem inadequada do produto.</p><p><br></p><p>As marcas mencionadas, podem variar conforme itens mencionados nos parênteses.</p><p>Imagem meramente ilustrativa.</p>","{""aro"":""29\"""",""marca"":""Shimano"",""material_do_quadro"":""Alumínio"",""tamanho_do_quadro"":""21""}","29""",,Shimano,21,,,Alumínio,,,,,,,,,,,,,,29,Não informado,Ksw,Não informado,Não informado,Não informado,Alumínio,Não informado,Não informado,21v,Suspensão,Não informado,Não informado,Não informado,Não informado,Não informado,Não informado,Não informado,Não informado,Hidráulico,KSW,"[Preto,Prata]",Aro 29,,21 Marchas,,,Freio a Disco,Aluminio,,,Mountain Bike,
krwbikes||spsx1-bco-pto-21,Bicicleta,Bicicleta Aro 29 KRW Spotlight Alumínio Shimano TZ 24 Vel Freio a Disco SX1,"<p>A bicicleta KRW Spotlight SX1 foi desenvolvida para quem quer realizar um passeio e pegar trilhas leves. Possui câmbios Shimano. Com seu quadro em alumínio 6061, fornece segurança e leveza no seu pedal, além do seu design moderno e único.</p><p>Quadro em alumínio 6061</p><p>Abraçadeira alumínio de selim 31,8mm</p><p>Alavancas de câmbio ez-fire 8 velocidades</p><p>Aro aéro 29 parede dupla 36f</p><p>Caixa de direção semi integrado</p><p>Câmbio dianteiro Shimano TZ</p><p>Câmbio traseiro Shimano TZ</p><p>Pedivela coroa triplo revestido</p><p>Canote de selim 27.2mm com carrinho</p><p>Corrente index</p><p>Cubo com blocágem</p><p>Espaçador alumínio 10 mm</p><p>Garfo suspensão mecânico</p><p>Guidão alumínio 31.8mm</p><p>Kit cabo com conduiter com teflonn</p><p>Mesa alumínio 31.8mm</p><p>Movimento central rolamentado 122mm</p><p>Pedal plataforma com refletor</p><p>Pinça de freio a disco com rotor de 160mm</p><p>Pneu 29 cravos</p><p>Raio 285x2.0mm aço preto</p><p>Roda livre de 8 index</p><p>Selim mtb.</p><p>OBS: IMAGEM MERAMENTE ILUSTRATIVA, BIKE VAI CONFORME DESCRIÇÃO</p><p>RECOMENDAÇÃO DE TAMANHOS</p><p>Altura do ciclista: 1,55 até 1,65m Tamanho de quadro 15.5""</p><p>Altura do ciclista: 1,65 até 1,75m Tamanho de quadro 17""</p><p>Altura do ciclista: 1,75 até 1,82m Tamanho de quadro 19""</p><p>Altura do ciclista: 1,82 até 1,90m ou mais Tamanho de quadro 21""</p><p>MONTAGEM</p><p>A bicicleta é montada, porém, para acomodação na embalagem e transporte, algumas peças são enviadas desmontadas.</p><p>A montagem é de responsabilidade do cliente e é necessário efetuar regulagem de câmbio ao receber o produto.</p><p>GARANTIA:</p><p>NÃO COBRE DEFEITOS POR MAU USO OU PELA MONTAGEM / REVISÃO INADEQUADA DO PRODUTO.</p><p>A garantia será validada para as montadas e revisadas por uma oficina especializada e é referente apenas ao primeiro proprietário.</p><p>A garantia não se aplica para os itens de desgaste natural, tais como: Pneu, câmaras, cabos, pastilhas de freio, centragem de aros, pintura</p><p>do quadro, componentes da transmissão (corrente, engrenagens do pedivela, engrenagens do cassete ou roda livre ).</p><p>Obs: Até 2 dias para montar e despachar</p>","{""aro"":""29\"""",""marca"":""KRW"",""tamanho_do_quadro"":""21""}","29""",,KRW,21,,,,,,,,,,,,,,,,,29,Não informado,KRW,Não informado,Não informado,Não informado,Alumínio,Spotlight SX1,29,24,mecânico,Não informado,Não informado,Não informado,Não informado,Não informado,Não informado,Não informado,Não informado,Disco,KRW,"[Branco,Preto]",Aro 29,,24 Marchas,Dianteira,,Freio a Disco,Aluminio,,,Passeio,
potencialbikes||cp54azppt17,Bicicleta,Bicicleta Aro 29 Cripto 18v Absolute Hidráulica Trava E K7,"<p>Uma mountain bike esportiva, perfeita para se iniciar no mundo do MTB, em trilhas e estradões. Sua geometria esportiva oferece um comportamento excepcional, deixando-a rápida e ágil para as melhores sensações no seu pedal.</p><p><br></p><p>QUADRO : 29"" Alumínio 6061</p><p>SUSPENSÃO : Cursor de 100mm com trava no OMBRO</p><p>CAIXA DE DIREÇÃO : Semi Integrada</p><p>GUIDÃO : Reto ou Curvo em Alumínio 6061</p><p>MESA : 80mm em Alumínio 6061</p><p>MANOPLAS : Borracha Flexível</p><p>TROCADORES : RAPID FIRE 2X9V ABSOLUTE</p><p>FREIOS : Hidraulico a Disco de 160mm</p><p>CÂMBIO DIANTEIRO : ABSOLUTE 2V</p><p>CÂMBIO TRASEIRO : ABSOLUTE 9V</p><p>PEDIVELA : ALUMINIO ABSOLUTE 24/38D 175mm</p><p>CUBOS: Alumínio com blocagem rapida</p><p>MOVIMENTO CENTRAL: Integrado</p><p>PEDAL : Plataforma</p><p>CORRENTE : Indexada de 9v ABSOLUTE</p><p>CATRACA: Cassete para 9 velocidades</p><p>CANOTE DE SELIM : 27.2mm em Alumínio 6061</p><p>SELIM : PU com trilho de regulagem</p><p>Aros : Race de Parede Dupla</p><p>PNEU : MTB 29 Cravo</p> <p><br></p><p>RECOMENDAÇÃO DE TAMANHO DO QUADRO</p><p>Altura do ciclista: 1,60 até 1,70m – Tamanho de quadro 15""</p><p>Altura do ciclista: 1,71 até 1,76m – Tamanho de quadro 17""</p><p>Altura do ciclista: 1,77 até 1,82m – Tamanho de quadro 19""</p><p>Altura do ciclista: 1,83 ou mais – Tamanho de quadro 21""</p><p><br></p><p><br></p><p>OBSERVAÇÕES:</p><p><br></p><p>Imagens Ilustrativas. Pode haver alguma diferença de tonalidade entre a imagem e o produto real, por conta do tratamento de imagens e a calibração de cores do seu monitor ou celular!</p><p>As fotos do anúncio são feitas com quadros do tamanho 17.</p><p>A geometria do quadro (desenho) pode mudar conforme o tamanho escolhido alterando a inclinação do tubo superior quando quadro é 21 deixando-o mais reto.</p><p>Imagens meramente ilustrativas, podendo ter variação de peças de acordo com nosso estoque, sempre com qualidade igual ou superior!</p><p>Enviamos a bicicleta pré-montada, devidamente embalada, para melhor se acomodar na embalagem de transporte são retirados apenas: selim, pedais, guidão e roda dianteira.</p><p>NÃO COBRE DEFEITOS POR MAU USO OU PELA MONTAGEM / REVISÃO INADEQUADA DO PRODUTO.</p><p>A garantia será validada para as bicicletas montadas e revisadas por uma oficina especializada e é referente apenas ao primeiro proprietário.</p><p>A garantia não se aplica para os itens de desgaste natural, tais como: Pneu, câmaras, cabos, sapatas de freio, centragem de aros, pintura do quadro, componentes da transmissão (corrente, engrenagens do pé de vela, engrenagens do cassete)</p>","{""marca"":""Absolute"",""tipo"":""Mountain Bike""}",,,Absolute,,,Mountain Bike,,,,,,,,,,,,,,,29,Não informado,Absolute,"15, 17, 19, 21",Não informado,Mountain Bike,Alumínio,Cripto,29,18,Cursor,Trava E K7,Não informado,Não informado,Não informado,MTB,Não informado,Não informado,Hidráulica,Disco,Cripto,"[Azul Pantone,Preto]",Aro 29,17,18 Marchas,Dianteira,150kg,Freio a Disco,Aluminio,,,Mountain Bike,
mazibikeshop||15869573524,Bicicleta,Bicicleta GTI Roma Aro 29 Quadro 19 Alumínio Amarela 24V .,"COMPONENTES DA BIKE<br> <br> - Quadro aro 29 Alumínio <br> - Suspensão de 80mm de Cursor<br> <br> - Aros Aeros para Disco Folha Dupla<br> <br> - Raios Zincados<br> - Pneus Aro 29 Com Arame<br> - Camara de Ar Aro 29<br> <br> - Jogo Direção Ahead Set<br> - Suporte Do guidão 31.8 Importado<br> - Guidão 31.8 MTB Importado<br> - Canote do Selim MTB Importado<br> - Pedal MTB Plataforma<br> <br> - Arruela Calço para Ahead Set (1cm)<br> <br> - Manopla MTB Comum<br> <br> - Abraçadeira do Selim com Blocagem<br> - Selim MTB Básico<br> <br> - Disco de Freio De 160mm Parafusos<br> - Freio a Disco Mecânico Com Pinças e Pastilhas<br> <br> <br> <br> RELAÇÃO (TRANSMISSÃO DA BIKE)<br> <br> - Roda Livre Indexada de 8v<br> <br> - Roda Tripla De Aço Encapado Reforçada<br> <br> - Trocador Indexado Semi Automático Rapid Fire de 8v<br> <br> - Cambio Dianteiro indexado MTB 3v<br>- Cambio Traseiro Indexado MTB 8v<br> <br> - Cubos Para RODA LIVRE<br> - Corrente indexada de 8v<br> - Jogo de Centro 122.5<br> <br>- Imagens da bicicleta são meramente ilustrativas.<br>- Algumas peças da bicicleta podem sofrer variações de cor e de modelo de acordo com o lote de importação.<br>- A Mazi Bike não se responsabiliza por recolhimento obrigatório de impostos ICMS por st cobrado em alguns estados.<br>-Caso não haja alguém para receber o pedido no local de entrega, após as tentativas de entrega da transportadora, o frete do reenvio será de responsabilidade do comprador.<br>-Preço no site são exclusivos para venda online da loja virtual Mazi Bike.<br>- Para as compras de bicicletas, as mesmas serão enviadas lubrificadas e pré-montadas, em função do transporte, a roda dianteira, guidão, selim e pedais são enviados soltos para encaixe.<br>- A garantia não Cobre Defeitos por Mau uso ou Pela Montagem Inadequada do Produto. A Montagem requer conhecimentos em mecânica e manutenção em bicicletas, por isso recomendamos que a montagem das Bicicletas seja feita por Profissionais do ramo em Oficina Especializada.<br>- Algumas Peças podem necessitar de regulagem ou alinhamento.<br>- A montagem, Regulagem e Alinhamento é por conta do comprador.<br>- A Garantia só será validada mediante a NOTA FICAL comprovandoo a montagem por um especialista, válida somente para o Primeiro proprietário.<br>- VERIFICAR O PRODUTO NA HORA DA ENTREGA SE TIVER AVARIA , FALTA DE PEÇA , CAIXA DANIFICADA , RASGADA OU ABERTA FAZER A RECUSA DO PRODUTO .",{},,,,,,,,,,,,,,,,,,,,,29,Amarela,GTI,19,Não informado,Não informado,Alumínio,Roma,29,24,80mm de Cursor,Não informado,Não informado,Não informado,Não informado,Não informado,Não informado,Não informado,Não informado,Disco Mecânico,GTI,Amarelo,Aro 29,19,24 Marchas,Dianteira,,Freio a Disco,Aluminio,,,Mountain Bike,
draisbikeonline||223PTOLRJ19,Bicicleta,"Bicicleta Drais Freio a Disco Hidráulico 24V Aro 29 Preto/Laranja 19"" - 223","<p>Com um visual imponente e design ergonômico, é uma ótima opção para quem busca leveza, conforto, segurança e estilo em passeios ou trilhas leves.</p><p>Quadro Marca DRAIS - Modelo ALUMINUM - Aro 29 em ALUMÍNIO 6061 (VERNIZ BRILHO)<br>Garfo / Suspensão Aro 29 PRETO 80MM</p><p>Trocador Engate Rápido IMP. 24V<br>Câmbio Dianteiro Shimano TZ<br>Câmbio Traseiro Shimano TZ<br>Pedivela Reduzido ALUMÍNIO<br>Freio a Disco 160mm Preto - HIDRÁULICO</p><p>Catraca / Roda Livre 8v Index<br>Corrente (Imp.) Index<br>Cubos p/ Disco 36f Preto com blocagens<br>Aros Aero 36 Furos Folha Dupla Alumínio Preto com detalhes</p><p>Câmara de Ar 29 x 1.95 Bico Grosso<br>Pneu (Imp.) 29x2.10 Cravo Baixo<br>Guidão expandido Preto<br>Suporte de Guidão / Mesa Preto em Alumínio<br>Canote de Selim Preto em Alumínio</p><p>Abraçadeira C/ Blocagem em Alumínio Preto<br>Banco / Selim - Sport / Confort<br>Movimento Central Roller 122.5 Preto Selado<br>Movimento de Direção Aheadset Preto<br>Manopla Preto Confort plus<br>Espaçador Aheadset Em Alumínio 3PÇ<br>MONTAGEM<br>- Enviamos a bicicleta pré-montada, revisada e devidamente embalada, para melhor se acomodar na embalagem de transporte são retirados apenas: selim, pedais, guidão e roda dianteira.<br>- O custo da montagem é de responsabilidade do cliente.<br>- Por motivo de transporte e manuseio, é necessário efetuar uma nova regulagem de câmbio ao receber o produto.<br>- Não nos responsabilizamos pela revisão final da bicicleta, sendo necessário que seja efetuada por uma oficina especializada.</p>","{""cor"":""Preto, Laranja"",""tamanho_do_quadro"":""19""}",,"Preto, Laranja",,19,,,,,,,,,,,,,,,,,29,PretoLaranja,DRAIS,19,Não informado,Não informado,ALUMÍNIO,ALUMINUM,29,24,80MM,Não informado,Não informado,Não informado,Não informado,Não informado,Não informado,Não informado,Não informado,Disco Hidráulico,Drais,"[ Preto,Laranja]",Aro 29,19,24 Marchas,,,Freio a Disco,Aluminio,,,Passeio,
diasjuniorbicicletas||HERABCO17TIPO16TVGUIDAO,Bicicleta,Bicicleta Aro 29 Absolute Hera Feminina Alumínio Câmbios Shimano Alívio e Altus 27v Freios Hidráulicos Garfo Com Trava no Guidão - Branco,"<p>Bike aro 29, com quadro Absolute Hera, nova na caixa a pronta entrega, produto com ótima qualidade e acabamento, possui 27 marchas com sistema de alavancas rapid fire que a cada clique uma marcha é trocada, câmbio dianteiro shimano altus e traseiro shimano alívio M3100 sgs, garfo com suspensão e sistema de trava no guidão para melhor performance, sistema de freio a disco hidráulico, pneus com cravo baixo para uso em terra e asfalto. Bicicleta pré montada, vai precisar apenas fixar a roda dianteira, guidão, selim e pedais. Segue abaixo características da bike:</p><p><br></p><p>Quadro 29 Absolute Hera em Alumínio</p><p>Garfo 29 suspensão com Trava no guidão e regulagem</p><p>Suporte do guidão em alumínio preto</p><p>Guidão 31.8mm em alumínio preto</p><p>Canote do selim 27.2 em alumínio preto Com carrinho</p><p>Selim Sport Preto</p><p>Abraçadeira do Selim alumínio Preto</p><p>Aros Aero Parede dupla reforçado</p><p>Raios Pretos</p><p>Cubos em Alumínio Pretos com blocagens</p><p>Pneus 29 com cravo</p><p>Movimento central selado rolamentado</p><p>Freios a disco Hidráulicos com discos inox 160mm</p><p>Alavancas Semi-automáticas Rapid Fire gta/sunrun</p><p>Câmbio Traseiro shimano alívio M3100 sgs 27V</p><p>Câmbio Dianteiro shimano altus 9v</p><p>Corrente Index dto/paco</p><p>Pedivela shimano Mt101 </p><p>Pedal Plataforma Nylon preto</p><p>Cassete k7 gta Sunrun 9v</p><p><br></p><p>Recomendamos que seja feita uma revisão por um técnico após a recebimento do produto, para reajuste e regulagem, pois no transporte pode acontecer de alguma peça soltar ou desregular</p><p>Fotos meramente ilustrativas</p>","{""marca"":""Absolute""}",,,Absolute,,,,,,,,,,,,,,,,,,29,Branco,Absolute,Não informado,Feminina,Não informado,Alumínio,Hera,29,27,Com Trava no Guidão,Rapid Fire,Não informado,Não informado,Não informado,Não informado,Não informado,Não informado,Pré montada,Hidráulicos,Absolute,Branco,Aro 29,,27 Marchas,,120Kg,Freio a Disco,Aluminio,,Feminino,Mountain Bike,
veredasonline||277-647,Bicicleta,Bicicleta Aro 29 Dropp Z4-X  Hidráulico 24 Preto  Laranja,"Melhor desempenho. Melhor valor. Melhor Dropp Z4-X. Aproveitamos e melhor geometria de uma bicicleta de montanha para ajustar melhor ao ciclista brasileiro, com uma suspensão de que dá o seu melhor, graças aos 80mm de curso de amortecimento, melhoramos o desempenho da nova Z4-X com a nova linha de transmissão de marchas Dropp de 3 coroas por 8 velocidades, capaz de combinar 24 velocidades, enquanto os freios à disco mecânicos fornece a melhor frenagem para sua segurança.<br>Especificações:<br>QUADRO 29"" Alumínio 6061<br>SUSPENSÃO Garfo c/ curso de 80mm<br>CAIXA DE DIREÇÃO Semi Integrada<br>GUIDÃO Reto em Alumínio 6061<br>MESA 80mm em Alumínio 6061<br>MANOPLAS Borracha Flexível<br>TROCADORES Rapid fire Dropp<br>FREIOS Hidráulico com disco de 160mm<br>CÂMBIO DIANTEIRO Importado 3v<br>CÂMBIO TRASEIRO Dropp 8v<br>PEDIVELA Triplo em Alumínio 6061<br>PEDAL Plataforma em Nylon<br>CORRENTE 8v Indexada<br>RODA LIVRE / K7 8 Velocidades Roda livre<br>CANOTE DE SELIM 27.2mm em Aluminio 6061<br>SELIM PU com trilho de regulagem<br>RODAS Rodas Race de Parede Dupla<br>PNEU MTB 29""<br>GARANTIA: NÃO COBRE DEFEITOS POR MAU USO OU PELA MONTAGEM, REGULAGEM DE CÂMBIOS OU REVISÃO INADEQUADA DO PRODUTO.A garantia será validada para as bicicletas montadas e revisadas por uma oficina especializada e é referente apenas ao primeiro proprietário.A garantia não se aplica para os itens de desgaste natural, tais como: Pneu, câmaras, cabos, sapatas ou pastilhas de freio, centragem de aros, pintura do quadro, componentes da transmissão (câmbios, corrente, engrenagens do pedivela).","{""marca"":""Dropp""}",,,Dropp,,,,,,,,,,,,,,,,,,29,Preto  Laranja,Dropp,Não informado,Não informado,MTB,Alumínio 6061,Z4-X,Não informado,24,Garfo c curso de 80mm,Não informado,Não informado,Não informado,Não informado,Não informado,Não informado,Não informado,Não informado,Hidráulico,Dropp,"[ Preto,Laranja]",Aro 29,,24 Marchas,,,Freio a Disco,Aluminio,,,Mountain Bike,
krwbikes||s21-prt-pto-155,Bicicleta,Bicicleta Aro 29 KRW Alumínio Shimano TZ 21 Velocidades Marchas Freio a Disco Suspensão Mountain  Bike  S21,"<p>A bicicleta KRW S21 foi desenvolvida para quem quer realizar um passeio e paegar trilhas leves. Com seu quadro em alumínio 6061, fornece segurança e leveza no seu pedal. Possuí também freio a disco, que oferece uma maior segurança. Possuí diversas cores que garante um estilo próprio para você.</p><p>Quadro em alumínio 6061</p><p>Abraçadeira alumínio de selim 31,8mm</p><p>Alavancas de câmbio ez-fire 7 velocidades</p><p>Aro aéro 29 pared dupla 36f</p><p>Caixa de direção semi integrado</p><p>Câmbio dianteiro Shimano TZ</p><p>Câmbio traseiro Shimano TZ</p><p>Pedivela aço coroa triplo revestido</p><p>Canote de selim 27.2mm com carrinho</p><p>Corrente index 7 velocidades</p><p>Cubo com blocágem</p><p>Espaçador alumínio 10 mm</p><p>Garfo suspensão mecânico</p><p>Guidão alumínio 31.8mm reto</p><p>Kit cabo com conduiter com teflonn</p><p>Mesa alumínio 31.8mm</p><p>Movimento central rolamentado 122mm</p><p>Pedal em nylon preto</p><p>Pinça de freio a disco com rotor de 160mm</p><p>Pneu 29 cravos</p><p>Raio 285x2.0mm aço preto</p><p>Roda livre de 7 index</p><p>Selim mtb.</p><p>OBS: IMAGEM MERAMENTE ILUSTRATIVA, BIKE VAI CONFORME DESCRIÇÃO</p><p>RECOMENDAÇÃO DE TAMANHOS</p><p>Altura do ciclista: 1,55 até 1,65m Tamanho de quadro 15.5""</p><p>Altura do ciclista: 1,65 até 1,75m Tamanho de quadro 17""</p><p>Altura do ciclista: 1,75 até 1,82m Tamanho de quadro 19""</p><p>Altura do ciclista: 1,82 até 1,90m ou mais Tamanho de quadro 21""</p><p>MONTAGEM</p><p>A bicicleta é montada e engraxada, porém, para acomodação na embalagem e transporte, algumas peças são enviadas desmontadas.</p><p>A montagem é de responsabilidade do cliente e é necessário efetuar regulagem de câmbio ao receber o produto.</p><p>GARANTIA:</p><p>NÃO COBRE DEFEITOS POR MAU USO OU PELA MONTAGEM / REVISÃO INADEQUADA DO PRODUTO.</p><p>A garantia será validada para as montadas e revisadas por uma oficina especializada e é referente apenas ao primeiro proprietário.</p><p>A garantia não se aplica para os itens de desgaste natural, tais como: Pneu, câmaras, cabos, sapatas de freio, centragem de aros, pintura</p><p>do quadro, componentes da transmissão (corrente, engrenagens do pedivela, engrenagens do cassete ou roda livre ).</p><p>Obs: Até 2 dias para montar e despachar.</p>","{""aro"":""29\"""",""marca"":""KRW"",""material_do_quadro"":""Alumínio"",""tipo"":""Mountain Bike""}","29""",,KRW,,,Mountain Bike,Alumínio,,,,,,,,,,,,,,29,Não informado,KRW,155,Não informado,Mountain,Alumínio,S21,29,21,Suspensão,Não informado,Não informado,Não informado,Não informado,Não informado,Não informado,Não informado,Não informado,Disco,KRW,"[Prata,Preto]",Aro 29,,21 Marchas,Dianteira,,Freio a Disco,Aluminio,,,Passeio,
diasbike||9381145207,Bicicleta,Bicicleta Aro 29 KSW XLT 27v Hidráulico K7 e Trava,"BICICLETA ARO 29 KSW XLT 27V HIDRÁULICO K7 E TRAVA<br> <br>COMPONENTES DA BIKE<br>- Quadro aro 29 Alumínio KSW XLT<br>- Suspensão de 100mm de Curso com Trava no Ombro<br>- Aros Aeros para Disco Folha Dupla<br>- Raios Zincados<br>- Pneus Aro 29 Com Arame<br>- Camara de Ar Aro 29<br>- Jogo Direção Ahead Set<br>- Suporte Do guidão 31.8 Importado<br>- Guidão 31.8 MTB Importado<br>- Canote do Selim MTB Importado<br>- Pedal MTB Plataforma<br>- Arruela Calço para Ahead Set (1cm)<br>- Manopla MTB Comum<br>- Abraçadeira do Selim com Blocagem<br>- Selim MTB Básico<br>- Disco de Freio De 160mm Parafusos<br>- Freio a Disco Hidráulico Com Pinças e Pastilhas<br> <br>RELAÇÃO (TRANSMISSÃO DA BIKE)<br>- Cassete Indexado de 9v<br>- Roda Tripla De Alumínio Reforçada<br>- Trocador Indexado Semi Automático Rapid Fire de 9v<br>- Cambio Dianteiro 3v Indexado<br>- Cambio Traseiro 9v Indexado<br>- Cubos Com Blocagem Sistema Cassete<br> - Corrente Indexado 9v<br>- Jogo de Centro 122.5<br> <br> <br>- Imagens da bicicleta são meramente ilustrativas.<br>- Algumas peças da bicicleta podem sofrer variações de cor e de modelo de acordo com o lote de importação.<br>- A Dias Bike não se responsabiliza por recolhimento obrigatório de impostos ICMS por st cobrado em alguns estados.<br>-Caso não haja alguém para receber o pedido no local de entrega, após as tentativas de entrega da transportadora, o frete do reenvio será de responsabilidade do comprador.<br>-Preço no site são exclusivos para venda online da loja virtual DIAS BIKE, os preços praticados em cada loja podem haver diferença entre os mesmos.<br>- Para as compras de bicicletas, as mesmas serão enviadas lubrificadas e pré-montadas, em função do transporte, a roda dianteira, guidão, selim e pedais são enviados soltos para encaixe.<br>- A garantia não Cobre Defeitos por Mau uso ou Pela Montagem Inadequada do Produto. A Montagem requer conhecimentos em mecânica e manutenção em bicicletas, por isso recomendamos que a montagem das Bicicletas seja feita por Profissionais do ramo em Oficina Especializada.<br>- Algumas Peças podem necessitar de regulagem ou alinhamento.<br>- A montagem, Regulagem e Alinhamento é por conta do comprador.<br>- A Garantia só será validada mediante a comprovação da montagem por um especialista, válida somente para o Primeiro proprietário.<br>","{""cor"":""Laranja, Preto"",""marca"":""KSW""}",,"Laranja, Preto",KSW,,,,,,,,,,,,,,,,,,29,Não informado,KSW,Não informado,Não informado,MTB,Alumínio,XLT,29,27,100mm de Curso com Trava no Ombro,Hidráulico K7 e Trava,Não informado,Não informado,Não informado,Não informado,Não informado,Não informado,Não informado,Disco Hidráulico,KSW,"[Laranja, Preto]",Aro 29,"21""",27 Marchas,,120kg,Freio a Disco,Alumínio,,,Passeio,
roupasparaciclismo||ISAPA-80294,Bicicleta,Bicicleta Infantil Nathor Aqua Aro 12,"<p>As bicicletas aro 12 Nathor são equipadas com os melhores itens de segurança e conforto para crianças.Com o limitador de giro, a criança garante mais equilíbrio e segurança ao pedalar. A regulagem de ângulo do guidão e da altura do selim permitem que a postura do ciclista se mantenha correta, além de possibilitar que a bicicleta seja usada por mais tempo acompanhando o crescimento.</p> <p>O movimento central avançado facilita o pedalar, estimulando o aprendizado. A aro 12 Nathor também tem uma relação de transmissão que foi desenvolvida para que a velocidade que a criança atinge pedalando seja a mesma de um adulto andando; ou seja: os pais conseguem acompanhar a brincadeira com tranquilidade, garantindo ainda mais segurança durante a diversão!</p> <p>Especificações:</p> <p>Quadro, garfo e guidão em aço carbono;<br>- Limitador de giro do guidão;<br>- Freio a tambor;<br>- Regulagem de ângulo do guidão e da altura do selim;<br>- Pneus em E.V.A.;<br>- Garrafinha e cestinha ou plaquinha;<br>- Mesa de direção em nylon reforçado.</p> <p>Especificações Técnicas:</p> <p>Tamanho da roda: 12;<br>- Altura máxima recomendada: 90 100 cm;<br>- Peso máximo recomendado: 21 kg.;<br>- Dimensões do produto (CxAxL): 82 cm x 55 cm x 50 cm.</p>","{""marca"":""Nathor""}",,,Nathor,,,,,,,,,,,,,,,,,,12,Aqua,Nathor,Não informado,Infantil,Não informado,Aço carbono,Não informado,12,Não informado,Não informado,"Limitador de giro do guidão, Freio a tambor, Regulagem de ângulo do guidão e da altura do selim, Pneus em EVA, Garrafinha e cestinha ou plaquinha, Mesa de direção em nylon reforçado",Não informado,Não informado,Não informado,Não informado,Não informado,21 kg,Não informado,Tambor,Nathor,"[Rosa, Azul]",Aro 12,,,,,,,,,,
bikediasg5||27734,Bicicleta,Bicicleta Aro 29 KOG 21 Marcha Cambio Shimano Freio a Disco,"Dias Bike<br> <br>Bem vindo a Dias Bike! A Dias Bike é uma loja física e virtual que faz parte da família Dias Bike e Dias Moto Peças, que possuem mais de 10 lojas físicas e uma distribuidora atacadista, atuando no mercado de ciclismo a mais de 30 anos. A empresa comercializa bicicletas prontas, peças e acessórios para bicicletas em geral, tudo a sua disposição e com a comodidade de receber o produto em sua casa em qualquer lugar do Brasil com toda garantia de entrega e a certeza de sua satisfação.<br> <br>KOG<br> <br>A KOG é uma marca da Dias Bike, baseada em toda a experiencia acumulada ao longo de mais de 30 anos no mercado de ciclismo e motocicletas. A experiencia nos permitiu desenvolver bicicletas que com um ótimo custo benefício, tanto para pedais urbanos para te levar a todos os lugares, como também bicicletas prontas para encarar os mais diversos obstáculos em uma trilha. A KOG foi pensada e desenvolvida especialmente para quem está iniciando no Mountain Bike e conciliando conforto e desempenho.<br> <br> <br>**Bike Indicada para Uso Urbano**<br> <br>FICHA TECNICA<br> <br>- Quadro aro 29 Alumínio<br>- Suspensão de 80mm de Cursor <br>- Aros Aeros para Disco Folha Dupla em Alumínio<br>- Raios Zincados na cor Preto<br>- Pneus Aro 29 Com Arame<br>- Camara de Ar Aro 29<br>- Jogo Direção Ahead Set<br>- Suporte Do guidão 31.8 em Alumínio<br>- Guidão 31.8 MTB em Alumínio<br>- Canote do Selim MTB em Alumínio<br>- Pedal MTB Plataforma<br>- Arruela Calço para Ahead Set (1cm)<br>- Manopla MTB com ótimo grip<br>- Abraçadeira do Selim com Blocagem<br>- Selim MTB<br>- Disco de Freio De 160mm com 6 Parafusos<br>- Freio a Disco Mecânico Com Pinças e Pastilhas<br> <br>RELAÇÃO (TRANSMISSÃO DA BIKE)<br> <br>- Roda Livre Indexada de 7v<br>- Roda Tripla De Aço Encapado Reforçada<br>- Trocador Indexado Semi Automático Rapid Fire de 7v<br>- Cambio Dianteiro Shimano Tourney 3v<br>- Cambio Traseiro Shimano Tourney 7v<br>- Cubos Para Roda Livre<br>- Corrente indexada de 7v<br>- Jogo de Centro 122.5 Selado Rolamentado","{""aro"":""29\"""",""cor"":""Preto, Laranja"",""marca"":""KOG"",""tamanho_do_quadro"":""19""}","29""","Preto, Laranja",KOG,19,,,,,,,,,,,,,,,,,29,Não informado,KOG,Não informado,Não informado,Mountain Bike,Alumínio,Não informado,29,21,80mm de Cursor,Não informado,Não informado,Não informado,Não informado,Urbana,Não informado,Não informado,Não informado,Disco Mecânico,KOG,"[Laranja, Preto]",Aro 29,"19""",21 Marchas,,,Freio a Disco,Alumínio,,,Passeio,
draisbikeonline||185PTORSA15,Bicicleta,"Bicicleta Aro 29 Drais Câmbio Shimano 21V MTB Aluminun Preto/Rosa 15"" - 185","<p>Modelo Aluminum exclusivo da Drais, assegura leveza e resistência, suas peças são combinadas promovendo um design diferente, equipada com 21 marchas e freios a disco. <br>Quadro Marca DRAIS - Modelo ALUMINUM - Aro 29 em ALUMÍNIO 6061 (VERNIZ BRILHO)<br>Suspensão Aro 29 PRETO 80MM<br>Trocador Engate Rápido<br>Câmbio Dianteiro Shimano TZ<br>Câmbio Traseiro Shimano Tourney RD-TY 300<br>Pedivela Reduzido ALUMINIO</p><p>Catraca / Roda Livre 7v Index<br>Corrente (Imp.) Index<br>Freio a Disco 160mm Preto - MECÂNICO <br>Cubos p/ Disco 36f Preto com blocagens<br>Aros Aero 36 Furos Folha Dupla Alumínio Preto com detalhes</p><p>Câmara de Ar 29 x 1.95 Bico Grosso<br>Pneu (Imp.) 29x2.10 Cravo Baixo<br>Guidão expandido Preto<br>Suporte de Guidão / Mesa Preto em Alumínio<br>Canote de Selim Preto em Alumínio</p><p>Abraçadeira C/ Blocagem em Alumínio Preto<br>Banco / Selim - Sport / Confort<br>Movimento Central Roller 122.5 Preto Selado<br>Movimento de Direção Aheadset Pret<br>Manopla Preto Confort plus<br>Espaçador Aheadset Em Alumínio 3PÇ</p><p>MONTAGEM<br>- Enviamos a bicicleta pré-montada, revisada e devidamente embalada, para melhor se acomodar na embalagem de transporte são retirados apenas: selim, pedais, guidão e roda dianteira.<br>- O custo da montagem é de responsabilidade do cliente.<br>- Por motivo de transporte e manuseio, é necessário efetuar uma nova regulagem de câmbio ao receber o produto.<br>- Não nos responsabilizamos pela revisão final da bicicleta, sendo necessário que seja efetuada por uma oficina especializada.</p><p>GARANTIA<br>NÃO COBRE DEFEITOS POR MAU USO OU PELA MONTAGEM, REGULAGEM DE CÂMBIOS OU REVISÃO INADEQUADA DO PRODUTO.<br>- A garantia será validada para as bicicletas montadas e revisadas por uma oficina especializada e é referente apenas ao primeiro proprietário.<br>- A garantia não se aplica para os itens de desgaste natural, tais como: Pneu, câmaras, cabos, sapatas ou pastilhas de freio, alinhamento de aros, pintura do quadro, componentes da transmissão (câmbios, corrente, pé de vela, engrenagens do cassete).</p>","{""marca"":""Shimano"",""tamanho_do_quadro"":""15"",""tipo"":""Mountain Bike""}",,,Shimano,15,,Mountain Bike,,,,,,,,,,,,,,,29,PretoRosa,Drais,15 - 185,Não informado,MTB,Alumínio,ALUMINUM,29,21V,Não informado,Engate Rápido,Não informado,Não informado,Não informado,Não informado,Não informado,Não informado,Não informado,Disco,Drais Bike,"[Preto, Rosa]",Aro 29,"15""",21 Marchas,Dianteira,,Freio a Disco,Alumínio,,,Mountain Bike,
pedalsantista||22a2e104d7ac11ed9fdf4201ac185033,Bicicleta,Bic. ARO 16 MASCULINA BIANINI,"Bicicleta Infantil aro 16 Bianini. Para a alegria das crianças, nada melhor que presenteá-las com uma bicicleta super charmosa da Bianini! Além de garantir a diversão, auxilia na coordenação motora, ajuda na prática de exercícios físicos e melhora o equilíbrio delas. Moderna e ágil ela é perfeita para as aventuras do seu filho além de garantir o conforto e segurança do seu pequeno! Bianini é a marca da Pedal Santista com mais de 50 anos de tradição na baixada santista. Características do produto:QUADRO: AÇO ;GARFO: AÇO RIGIDO; ACESSORIOS (PARALAMAS, COBRE CORRENTE): PLASTICO ; RODAS: NYLON 16 ;PNEU: 16X1.75 ;PEDAL: NYLONEspecificações: Idade mínima recomendada: a partir de 04 anosAltura máxima recomendada: entre 110 e 120 cm ;Tamanho da roda: aro 16 ;Peso máximo suportado: 30 kg--------------------------A Pedal Santista é uma loja de bicicletas diferente de tudo o que você já viu, não somos apenas um local de compras, somos uma experiência para ciclistas. A mais de 50 anos de tradição com loja física na baixada santista, agora atuando também no mercado virtual.","{""aro"":""16\"""",""cor"":""Laranja, Preto"",""tamanho_do_quadro"":""Aro 16""}","16""","Laranja, Preto",,Aro 16,,,,,,,,,,,,,,,,,16,Não informado,Bianini,Não informado,Masculina,Infantil,AÇO,Não informado,16,Não informado,Rigido,"Paralamas, Cobre Corrente",Não informado,Não informado,Não informado,Não informado,Não informado,30 kg,Nylon,Não informado,Bianini,"[Laranja, Preto]",Aro 16,,,,30kg,,Aço,,Masculino,,
potencialbikes||cp13pazrz21,Bicicleta,Bicicleta Aro 29 Cripto 24v Shimano Fr. Hidraulico/Trava/K7,"<p>Bicicleta ideal para uso urbano e trilhas leves. </p> <p> QUADRO : 29"" Alumínio 6061 </p><p> SUSPENSÃO : Curso de 100mm com trava </p><p> CAIXA DE DIREÇÃO : Semi Integrada </p><p> GUIDÃO : Reto ou Curvo em Alumínio 6061 </p><p> MESA : 80mm em Alumínio 6061 </p><p> MANOPLAS : Borracha Flexível </p><p> TROCADORES : Importado 3 / 8v </p><p> FREIOS : Hidraulico a Disco de 160mm </p><p> CÂMBIO DIANTEIRO : Shimano Tourney </p><p> CÂMBIO TRASEIRO : Shimano Tourney </p><p> PEDIVELA : Aço Carbono Revestido 24/34/42D</p><p> PEDAL : Plataforma em Nylon </p><p> CORRENTE : Indexada de 8v </p><p> CASSETE: 8 Velocidades </p><p> CANOTE DE SELIM : 27.2mm em Alumínio 6061 </p><p> SELIM : PU com trilho de regulagem </p><p> Aros : Race de Parede Dupla </p><p> PNEU : MTB 29 Cravo </p><p>RECOMENDAÇÃO DE TAMANHO DO QUADRO</p><p>Altura do ciclista: 1,60 até 1,70m – Tamanho de quadro 15"" </p><p>Altura do ciclista: 1,71 até 1,76m – Tamanho de quadro 17""</p><p>Altura do ciclista: 1,77 até 1,82m – Tamanho de quadro 19""</p><p>Altura do ciclista: 1,83 ou mais – Tamanho de quadro 21""</p><p><br></p><p> OBSERVAÇÕES: </p> <p>Imagens Ilustrativas. Pode haver alguma diferença de tonalidade entre a imagem e o produto real, por conta do tratamento de imagens e a calibração de cores do seu monitor ou celular! </p><p>As fotos do anúncio são feitas com quadros do tamanho 17. </p><p>A geometria do quadro (desenho) pode mudar conforme o tamanho escolhido alterando a inclinação do tubo superior quando quadro é 21 deixando-o mais reto. </p><p>Imagens meramente ilustrativas, podendo ter variação de peças de acordo com nosso estoque, sempre com qualidade igual ou superior! </p><p>Enviamos a bicicleta pré-montada, devidamente embalada, para melhor se acomodar na embalagem de transporte são retirados apenas: selim, pedais, guidão e roda dianteira. </p><p>NÃO COBRE DEFEITOS POR MAU USO OU PELA MONTAGEM / REVISÃO INADEQUADA DO PRODUTO. </p><p>A garantia será validada para as bicicletas montadas e revisadas por uma oficina especializada e é referente apenas ao primeiro proprietário. </p><p>A garantia não se aplica para os itens de desgaste natural, tais como: Pneu, câmaras, cabos, sapatas de freio, centragem de aros, pintura do quadro, componentes da transmissão (corrente, engrenagens do pé de vela, engrenagens do cassete)</p>","{""cor"":""Preto, Rosa"",""tamanho_do_quadro"":""21"",""tipo"":""Mountain Bike""}",,"Preto, Rosa",,21,,Mountain Bike,,,,,,,,,,,,,,,29,Não informado,Cripto,Não informado,Não informado,Não informado,Alumínio 6061,Não informado,Não informado,24,Curso de 100mm com trava,Não informado,Não informado,Não informado,Não informado,Urbano e trilhas leves,Não informado,Não informado,Não informado,Hidraulico a Disco de 160mm,Cripto,"[Preto, Rosa]",Aro 29,"21""",24 Marchas,Dianteira,,,Alumínio,,Feminino,Mountain Bike,
lymdecor-tray||26537p,Bicicleta,Bicicleta MTB Vega Quadro 19 Aro 29 Alumínio 21 Marchas Freio Mecânico Preto Verde - Spaceline,"A Bicicleta MTB Aro 29 Quadro Alumínio 21 Marchas Freio Mecânico Vega - Spaceline traz a liberdade e qualidade de vida que você procura. Iniciar a atividade de ciclismo com este equipamento pode fazer maravilhas pela sua saúde, provocando uma incrível sensação de bem estar e gerando qualidade de vida, abandonando de vez o sedentarismo. E o melhor de tudo, a atividade física irá se tornar um momento prazeroso no seu dia a dia. Esta bike é produzida em quadro ergonômico de alumínio e possui várias cores e tamanhos para você escolher. Além disso a Bicicleta Vega vem equipada com câmbio dianteiro importado e traseiro Shimano de alta resistência e qualidade capaz de combinar 21 machas com Trocador Rapid Fire que oferece ótimo desempenho em terrenos elevados. Já a suspensão de 80mm com amortecimento para absorção de impacto e o freio a disco mecânico proporciona muito mais segurança e tranquilidade nas frenagens. Tá esperando o que? Invista em sua saúde mental e corporal, afinal pedalar é vida! Compre já!<br><br><strong>Tamanho do Quadro:</strong> 19.<br><strong>Aro:</strong> 29.<br><strong>Peso Aproximado:</strong> 16 Kg.<br> <br><strong>Características:</strong><br><strong>Modelo Quadro:</strong> Vega.<br><strong>Material Quadro:</strong> Alumínio.<br><strong>Material Aro:</strong> Alumínio 6061.<br><strong>Garfo/Suspensão:</strong> Suspensão de 80mm.<br><strong>Peso Suportado:</strong> Até 130 Kg.<br><strong>Tipo de Aro: </strong>Aero 36 Furos folha dupla alumínio preto.<br><strong>Tipo de Freio:</strong> Freio a Disco Mecânico 160mm.<br><strong>Tipo de Guidão:</strong> Reto em alumínio 6061.<br><strong>Suporte de Guidão:</strong> 80mm em alumínio 6061.<br><strong>Luvas/Manopla: </strong>Borracha Flexível.<br><strong>Número de Marchas:</strong> 21v.<br><strong>Trocador de Marchas: </strong>Rapid Fire.<br><strong>Câmbio Dianteiro:</strong> Importado 3v Indexado.<br><strong>Câmbio Traseiro:</strong> Shimano 7v Indexado.<br><strong>Banco/Selim:</strong> Sport Preto.<br><strong>Canote de selim:</strong> 27.2mm em Aluminio 6061.<br><strong>Pedivela: </strong>Triplo em Alumínio 6061.<br><strong>Pedais:</strong> Plataforma Nylon.<br><strong>Corrente:</strong> Indexada 7v.<br><strong>Cubos:</strong> Disco 36 furos com eixo blocagens.<br><strong>Movimento Central:</strong> Roller Selado.<br><strong>Caixa de Direção:</strong> Oversize Semi Integrada.<br><strong>Roda Livre/K7:</strong> 7 Velocidades.<br><strong>Roda:</strong> Rodas Race de Parede Dupla.<br><strong>Pneus:</strong> MTB 29.<br><strong>Câmaras :</strong> 29 x 1.95 Bico Grosso.<br><strong>Garantia de Fábrica:</strong> 90 dias contra defeito de fabricação.<br> <br><strong>Recomendação de Quadro:</strong><br>15 - Para ciclistas de 1,50 até 1,68 cm.<br>17 - Para ciclistas de 1,68 até 1,76 cm.<br>19 - Para ciclistas de 1,76 até 1,84 cm.<br>21 - Para ciclistas de 1,84 até 1,98 cm.<br> Importante:<br>- Pode haver alguma diferença de tonalidade entre a imagem e o produto real, por conta do tratamento de imagens e a calibração de cores do seu monitor.<br>- A geometria do quadro (desenho) pode mudar conforme o tamanho escolhido, alterando a inclinação do tubo superior.<br>- Ao receber a mercadoria, o cliente deve verificar as condições da embalagem, caso haja alguma avaria não assine o comprovante de recebimento.<br>- Enviamos a bicicleta pré-montada, e revisada, mas para melhor se acomodar na embalagem e transporte são retirados: selim, pedais, guidão e roda dianteira. A instalação é de responsabilidade do cliente. Por motivo de transporte e manuseio, pode haver a necessidade de efetuar uma nova regulagem de cambio ao receber o produto. Não nos responsabilizamos pela revisão final da bicicleta, sugerimos que seja efetuada por mão de obra especializada.<br>- Não nos responsabilizamos por defeitos causados por mau uso, montagem ou regulagem inadequada.<br>- Montagem, desmontagem e outras instalações serão de responsabilidade do cliente. Não nos responsabilizamos, no ato da entrega, por subir escadas/elevadores ou pelo transporte por guincho em apartamentos. Eventuais despesas são de responsabilidade do comprador.<br>- Confira as dimensões do produto e certifique-se de que passará normalmente por suposto...","{""aro"":""29\"""",""marca"":""Spaceline"",""tamanho_do_quadro"":""Único""}","29""",,Spaceline,Único,,,,,,,,,,,,,,,,,29,Preto Verde,Spaceline,19,Não informado,MTB,Alumínio,Vega,Não informado,21,Suspensão de 80mm,Não informado,Não informado,Não informado,Não informado,Não informado,Não informado,130 Kg,Não informado,Disco Mecânico,Spaceline,"[Preto, Verde]",Aro 29,"19""",21 Marchas,,130kg,Freio a Disco,Alumínio,,,Mountain Bike,
potencialbikes||cp13lrpt15,Bicicleta,Bicicleta Aro 29 Cripto 24v Shimano Fr. Hidraulico/Trava/K7,"<p>Bicicleta ideal para uso urbano e trilhas leves. </p> <p> QUADRO : 29"" Alumínio 6061 </p><p> SUSPENSÃO : Curso de 100mm com trava </p><p> CAIXA DE DIREÇÃO : Semi Integrada </p><p> GUIDÃO : Reto ou Curvo em Alumínio 6061 </p><p> MESA : 80mm em Alumínio 6061 </p><p> MANOPLAS : Borracha Flexível </p><p> TROCADORES : Importado 3 / 8v </p><p> FREIOS : Hidraulico a Disco de 160mm </p><p> CÂMBIO DIANTEIRO : Shimano Tourney </p><p> CÂMBIO TRASEIRO : Shimano Tourney </p><p> PEDIVELA : Aço Carbono Revestido 24/34/42D</p><p> PEDAL : Plataforma em Nylon </p><p> CORRENTE : Indexada de 8v </p><p> CASSETE: 8 Velocidades </p><p> CANOTE DE SELIM : 27.2mm em Alumínio 6061 </p><p> SELIM : PU com trilho de regulagem </p><p> Aros : Race de Parede Dupla </p><p> PNEU : MTB 29 Cravo </p><p>RECOMENDAÇÃO DE TAMANHO DO QUADRO</p><p>Altura do ciclista: 1,60 até 1,70m – Tamanho de quadro 15"" </p><p>Altura do ciclista: 1,71 até 1,76m – Tamanho de quadro 17""</p><p>Altura do ciclista: 1,77 até 1,82m – Tamanho de quadro 19""</p><p>Altura do ciclista: 1,83 ou mais – Tamanho de quadro 21""</p><p><br></p><p> OBSERVAÇÕES: </p> <p>Imagens Ilustrativas. Pode haver alguma diferença de tonalidade entre a imagem e o produto real, por conta do tratamento de imagens e a calibração de cores do seu monitor ou celular! </p><p>As fotos do anúncio são feitas com quadros do tamanho 17. </p><p>A geometria do quadro (desenho) pode mudar conforme o tamanho escolhido alterando a inclinação do tubo superior quando quadro é 21 deixando-o mais reto. </p><p>Imagens meramente ilustrativas, podendo ter variação de peças de acordo com nosso estoque, sempre com qualidade igual ou superior! </p><p>Enviamos a bicicleta pré-montada, devidamente embalada, para melhor se acomodar na embalagem de transporte são retirados apenas: selim, pedais, guidão e roda dianteira. </p><p>NÃO COBRE DEFEITOS POR MAU USO OU PELA MONTAGEM / REVISÃO INADEQUADA DO PRODUTO. </p><p>A garantia será validada para as bicicletas montadas e revisadas por uma oficina especializada e é referente apenas ao primeiro proprietário. </p><p>A garantia não se aplica para os itens de desgaste natural, tais como: Pneu, câmaras, cabos, sapatas de freio, centragem de aros, pintura do quadro, componentes da transmissão (corrente, engrenagens do pé de vela, engrenagens do cassete)</p>","{""aro"":""29\"""",""cor"":""Laranja, Preto"",""tamanho_do_quadro"":""15"",""tipo"":""Mountain Bike""}","29""","Laranja, Preto",,15,,Mountain Bike,,,,,,,,,,,,,,,29,Não informado,Não informado,"15, 17, 19, 21",Não informado,Não informado,Alumínio 6061,Cripto,Não informado,24,Curso de 100mm com trava,Trava K7,Não informado,Não informado,Não informado,Urbano e trilhas leves,Não informado,Não informado,Não informado,Hidráulico a disco de 160mm,Cripto,"[Laranja, Preto]",Aro 29,"15""",24 Marchas,,,Freio a Disco,Alumínio,,,Mountain Bike,
bikediasg5||15969024086,Bicicleta,Bicicleta MTB Aro 29 KSW 24V Freio a Disco Cubo K7 e Trava,"BICICLETA ARO 29 24 VELOCIDADES FREIOS A DISCO MECÂNICO CUBOS K7 TRAVA NO OMBRO<br> <br>COMPONENTES DA BIKE<br> <br>-Quadro aro 29 Alumínio 6061<br>-Suspensão de 100mm com Trava<br>-Aros Aeros para Disco Folha Dupla em Alumínio<br>-Raios Zincados<br>-Pneus Aro 29 Com Arame<br>-Câmara de Ar Aro 29<br>-Jogo Direção Ahead Set Semi Integrado<br>-Suporte Do guidão Alumínio 31.8<br>-Guidão em Alumínio 31.8 MTB<br>-Canote do Selim MTB<br>-Pedal MTB Plataforma para Testes<br>-Arruela Calço para Ahead Set (1cm)<br>-Manopla MTB Comum<br>-Abraçadeira do Selim com Blocagem<br>-Selim MTB<br>-Disco de Freio De 160mm Parafusos<br>-Freio a Disco Mecânico Com Pinças e Pastilhas<br> <br>RELAÇÃO (TRANSMISSÃO DA BIKE)<br> <br>-Pedivela Aço Reforçado 3v<br>-Trocador Indexado Semi Automático Rapid Fire de 3x8v<br>-Cambio Dianteiro 3v Indexado MTB<br>-Cambio Traseiro 8v Indexado MTB<br>-Cubos Com Blocagem Sistema Cassete<br>-Cassete Indexado de 8 Velocidades 11-32D Importado<br>-Corrente Indexado Indexado Importado 8V<br>-Jogo de Centro 122.5 selado rolamentado<br> <br>Imagens da bicicleta são meramente ilustrativas.<br>Algumas peças da bicicleta podem sofrer variações de cor e de modelo de acordo com o lote de importação.<br>A Dias Bike não se responsabiliza por recolhimento obrigatório de impostos ICMS por ST cobrado em alguns estados.<br>Caso não haja alguém para receber o pedido no local de entrega, após as tentativas de entrega da transportadora, o frete do reenvio será de responsabilidade do comprador.<br>Preço no site são exclusivos para venda online da loja virtual DIAS BIKE, os preços praticados em cada loja podem haver diferença entre os mesmos.<br>Para as compras de bicicletas, as mesmas serão enviadas lubrificadas e pré-montadas, em função do transporte, a roda dianteira, guidão, selim e pedais são enviados soltos para encaixe.<br>A garantia não Cobre Defeitos por Mau uso ou Pela Montagem Inadequada do Produto. A Montagem requer conhecimentos em mecânica e manutenção em bicicletas, por isso recomendamos que a montagem das Bicicletas seja feita por Profissionais do ramo em Oficina Especializada.<br>Algumas Peças podem necessitar de regulagem ou alinhamento.<br>A montagem, Regulagem e Alinhamento é por conta do comprador.<br>A Garantia só será validada mediante a comprovação da montagem por um especialista, válida somente para o Primeiro proprietário.","{""cor"":""Laranja, Preto"",""marca"":""KSW"",""tipo"":""Mountain Bike""}",,"Laranja, Preto",KSW,,,Mountain Bike,,,,,,,,,,,,,,,29,Não informado,KSW,Não informado,Não informado,MTB,Alumínio,Não informado,29,24,100mm com Trava,"Freio a Disco, Cubo K7, Trava no Ombro",Não informado,Não informado,Não informado,Não informado,Não informado,Não informado,Não informado,Disco Mecânico,KSW,"[Laranja, Preto]",Aro 29,"21""",24 Marchas,,,Freio a Disco,,,,Mountain Bike,
efcshop||13516,Bicicleta,Bicicleta De Equilíbrio 4 Rodas Bebê Sem Pedal Infantil Buba,"<p>*** OLÁ, SOMOS DA EFC SHOP, E TODOS OS NOSSOS PRODUTOS SÃO A PRONTA ENTREGA, COM O ENVIO IMEDIATO ***<br><br>Bicicleta de Equilíbrio 4 rodas Buba<br><br>A bicicleta de equilíbrio 4 rodas da BUBA , estimula o equilíbrio e a coordenação motora do pequeno na fase de desenvolvimento, de forma divertida e segura.<br><br>A criança aprende desde cedo a se equilibrar e a adquirir autoconfiança, facilitando a transição para a bicicleta com pedais.<br><br>É estável, pois possui rodas duplas na frente e atrás, com design diferenciado.<br><br>Nada de pressão ou obrigação. Sozinha, a criança aprende a equilibrar-se na bicicleta sem pedais, com autonomia e muita diversão!<br><br>Desenvolve, naturalmente e a seu tempo, a coordenação motora, os reflexos e a lateralidade, por exemplo, que vão ajudar a adquirir equilíbrio, tanto estático quanto em movimento.<br><br>Especificações do Produto<br><br>Idade recomendada: a partir de 12 meses.<br>Suporta até 20 Kg.<br>Medida produto: 50 x 35 x 20 cm.<br>Medida da caixa: 48 x 19,5 x 16 cm.<br>Peso: 1,5 Kg.<br>Composição: ABS, PVC, assento: PP.<br>Marca: Buba.<br><br>CASO TENHA ALGUMA DUVIDA, POR FAVOR UTILIZE O CAMPO DE PERGUNTAS PARA QUE NOSSA EQUIPE POSSA LHE AUXILIAR.</p>","{""cor"":""Azul"",""tipo"":""Equilíbrio""}",,Azul,,,,Equilíbrio,,,,,,,,,,,,,,,Não informado,Não informado,Buba,Não informado,Não informado,Equilíbrio,Não informado,Não informado,Não informado,Não informado,Não informado,Não informado,Não informado,Não informado,Não informado,Não informado,Não informado,20 Kg,4 Rodas,Não informado,Buba,Azul,,,,,20kg,,,,Unissex,Equilíbrio,
diasbike||31907,Bicicleta,Bicicleta Aro 29 KSW XLT 12 Velocidades e Freios Hidráulico,"Bem vindo a Dias Bike! A Dias Bike é uma loja física e virtual que faz parte da família Dias Bike e Dias Moto Peças, que possuem mais de 10 lojas físicas e uma distribuidora atacadista, atuando no mercado de ciclismo a mais de 31 anos. A empresa comercializa bicicletas prontas, peças e acessórios para bicicletas em geral, tudo a sua disposição e com a comodidade de receber o produto em sua casa em qualquer lugar do Brasil com toda garantia de entrega e a certeza de sua satisfação.<br> <br>Bicicleta Aro 29 KSW XLT 12 Velocidades e Freios Hidráulico <br> <br>COMPONENTES DA BIKE<br> <br><br>Quadro aro 29 Alumínio<br>Suspensão de 80mm<br>Aros Aeros para Disco Folha Dupla<br>Raios Zincados<br>Pneus Aro 29 Com Arame<br>Câmara de Ar Aro 29<br>Jogo Direção Ahead Set<br>Suporte Do guidão 31.8<br>Guidão 31.8 MTB<br>Canote do Selim MTB<br>Pedal MTB Plataforma<br>Arruela Calço para Ahead Set (1cm)<br>Manopla MTB Comum<br>Abraçadeira do Selim com Blocagem<br>Selim MTB<br>Rotor de Freio De 160mm<br>Freio a Disco Hidráulico<br><br> <br>RELAÇÃO (TRANSMISSÃO DA BIKE)<br> <br><br>Cassete 12 Velocidades 11x50D<br>Pedivela Single Ponta Quadrada<br>Trocador Indexado Semi Automático de 12V<br>Cambio Traseiro Indexado MTB 12V<br>Cubos Para com FreeHub para cassete<br>Corrente indexada de 12V<br><br>Atenção, a marca da transmissão pode variar de acordo com o estoque, mas garantimos a mesma qualidade e desempenho.<br> <br>**IMAGENS MERAMENTE ILUSTRATIVAS**","{""marca"":""KSW"",""tamanho_do_quadro"":""15""}",,,KSW,15,,,,,,,,,,,,,,,,,29,Não informado,KSW,Não informado,Não informado,MTB,Alumínio,XLT,29,12,80mm,Não informado,Não informado,Não informado,Não informado,Não informado,Não informado,Não informado,Não informado,Hidráulico,KSW,"[Preto, Amarelo, Cinza]",Aro 29,"15""",,,,Freio a Disco,Alumínio,,,Mountain Bike,
tajunabike||WILDPTO17TIPO16,Bicicleta,Bicicleta Aro 29 Absolute Wild Alumínio Câmbio Traseiro Shimano Alívio e Altus 27v Freio Hidráulico Garfo Com Trava - Preta,"<p>Bike aro 29, com quadro ABSOLUTE WILD, nova na caixa a pronta entrega, produto com ótima qualidade e acabamento, possui 27 marchas com sistema de alavancas rapid fire que a cada clique uma marcha é trocada, câmbio dianteiro SHIMANO ALTUS e traseiro SHIMANO ALÍVIO M3100 SGS, garfo com suspensão e sistema de trava para melhor performance, sistema de freio a disco hidráulico, pneus com cravo baixo para uso em terra e asfalto. Bicicleta pré montada, vai precisar apenas fixar a roda dianteira, guidão, selim e pedais.Segue abaixo características da bike:</p><p><br></p><p>Quadro 29 ABSOLUTE WILD em Alumínio com cabeamento interno</p><p>Garfo 29 suspensão com Trava no Ombro e regulagem</p><p>Suporte do guidão em alumínio preto</p><p>Guidão 31.8mm em alumínio preto</p><p>Canote do selim 27.2 em alumínio preto Com carrinho</p><p>Selim Sport Preto</p><p>Abraçadeira do Selim alumínio Preto</p><p>Aros Aero Parede dupla reforçado</p><p>Raios Pretos</p><p>Cubos em Alumínio Pretos com blocagens</p><p>Pneus 29 com cravo</p><p>Movimento central selado rolamentado</p><p>Freios a disco Hidráulicos com discos inox 160mm</p><p>Alavancas Semi-automáticas Rapid Fire GTA/SUNRUN</p><p>Câmbio Traseiro SHIMANO ALÍVIO M3100 SGS 27V</p><p>Câmbio Dianteiro SHIMANO ALTUS 9v</p><p>Corrente Index DTO/PACO</p><p>Pedivela SHIMANO Mt101 </p><p>Pedal Plataforma Nylon preto</p><p>Cassete k7 GTA Sunrun 9v </p>","{""marca"":""Absolute""}",,,Absolute,,,,,,,,,,,,,,,,,,29,Preta,Absolute,Não informado,Não informado,Não informado,Alumínio,Wild,29,27,Com Trava,"Câmbio Traseiro Shimano Alívio e Altus, Freio Hidráulico, Garfo Com Trava",Não informado,Não informado,Não informado,Não informado,Não informado,Não informado,Não informado,Hidráulico,Absolute,Preto,Aro 29,"17""",27 Marchas,,,Freio a Disco,Alumínio,,,Passeio,
esporteoito||BIDRORS124VXGVEPT,Bicicleta,Bicicleta Aro 29 Dropp Rs1 24v Freio Hidráulico Shimano Acera Tamanho do Quadro 21 XG,"O Envio do produto será feito de 5 a 7 dias úteis após a confirmação de pagamento.<br>Para quem já quer começar a se aventurar em trilhas, a RS1 Pró 24V oferece tudo que uma ótima bike tem: 24 velocidades, freio hidráulico, câmbio traseiro Shimano ACERA e Suspensão com Trava. Tudo isso com o melhor custo benefício do mercado!<br><br>Aro 29 - Quadro em Alumínio<br>Garfo / Suspensão Aro 29 em Aço 80mm Preto com Trava no Ombro<br>Alavanca / Trocador Shimano - 24V Index<br>Câmbio Dianteiro Shimano 3V<br>Câmbio Traseiro Shimano Acera 8V<br>Pedivela em Alumínio Shimano 8V<br>Catraca K7 13/32 Index 8V<br>Corrente Index 8V<br>Freio a Disco 160mm Hidráulico<br>Cubos K7 para Disco 36f Preto com eixo Blocagens<br>Aros Aero 36 Furos Folha Dupla Alumínio Preto<br>Câmara de Ar 29 x 1.95 Bico Grosso<br>Pneu 29x2.10 Cravo Baixo Misto<br>Guidão Reto 31.8mm Preto<br>Suporte de Guidão 31.8mm 80mm Preto<br>Canote de Selim Preto<br>Banco / Selim - Sport Preto<br>Movimento Central Roller Preto Selado (Rolamento)<br>Movimento de Direção Over Preto<br>Manopla Preto<br><br>Enviamos a bicicleta pré-montada, revisada e devidamente embalada;<br>Para efeito de garantia, sugerimos que a montagem seja efetuada por mão de obra especializada.<br>Não cobre defeitos por mau uso ou pela montagem e revisão inadequada do produto.<br>A garantia será validada para as bicicletas montadas e revisadas por uma oficina especializada e é referente apenas ao primeiro proprietário.<br>A garantia não se aplica para os itens de desgaste natural, tais como: Pneu, câmaras, cabos, sapatas de freio, centragem de aros, pintura do quadro, componentes da transmissão (corrente, engrenagens do pedivela, engrenagens do cassete).<br><br>O produto pode ter variação de peças e detalhes de acordo com estoque, sempre com qualidade igual ou superior","{""cor"":""Vermelho, Preto"",""marca"":""Dropp""}",,"Vermelho, Preto",Dropp,,,,,,,,,,,,,,,,,,29,Não informado,Dropp,21,Não informado,Não informado,Alumínio,Rs1,29,24,Suspensão com Trava,Freio Hidráulico,Não informado,Não informado,Não informado,Não informado,Não informado,Não informado,Não informado,Hidráulico,Dropp,"[Vermelho, Preto]",Aro 29,"21""",24 Marchas,,,Freio a Disco,Alumínio,,,Passeio,
f2comercioltda||KSWXLT100292124002A2LP-672,Bicicleta,Bicicleta Aro 29 Ksw Alum 24v Câmbios Shimano Freio A Disco,"A KSW é uma bicicleta Aro 29 com freio a disco desenvolvida para passeios e um bom começo nas primeiras trilhas da categoria MTB<br><br>- Quadro em alumínio 6061<br>- Abraçadeira alumínio de selim 31,8mm<br>- Alavancas de câmbio ez-fire 8 velocidades<br>- Aro aero 29 parede dupla 36f<br>- Caixa de direção semi integrado<br>- Câmbio dianteiro Shimano TZ <br>- Câmbio traseiro Shimano TZ<br>- Pedivela aço coroa triplo revestido<br>- Canote alumínio de selim 27.2mm com carrinho<br>- Corrente index 8 velocidades<br>- Cubos com blocagem<br>- Espaçador alumínio 10 mm<br>- Garfo suspensão mecânico<br>- Guidão alumínio 31.8mm reto<br>- Kit cabo com conduite com teflonn<br>- Mesa alumínio 31.8mm<br>- Movimento central rolamentado 122mm<br>- Pedal em nylon preto<br>- Pinça de freio a disco com rotor de 160mm<br>- Pneu 29 cravos<br>- Raio 290x2.0mm aço preto<br>- Roda livre de 8 index<br>- Selim mtb.<br><br>OBS: IMAGEM MERAMENTE ILUSTRATIVA, BIKE VAI CONFORME DESCRIÇÃO.<br><br>RECOMENDAÇÃO DE TAMANHOS:<br><br>- Altura do ciclista: 1,65 até 1,71m – Tamanho de quadro 15"" á 16""<br>- Altura do ciclista: 1,72 até 1,76m – Tamanho de quadro 17"" á 18""<br>- Altura do ciclista: 1,77 até 1,82m – Tamanho de quadro 19""<br>- Altura do ciclista: 1,83 até 1,90m ou mais – Tamanho de quadro 21""<br><br>MONTAGEM<br><br>- A bicicleta é montada e engraxada, porém, para acomodação na embalagem e transporte, algumas peças são enviadas desmontadas.<br>- A montagem é de responsabilidade do cliente e é necessário efetuar regulagem de câmbio ao receber o produto.<br><br>GARANTIA:<br><br>- NÃO COBRE DEFEITOS POR MAU USO OU PELA MONTAGEM / REVISÃO INADEQUADA DO PRODUTO.<br>- A garantia será validada para as montadas e revisadas por uma oficina especializada e é referente apenas ao primeiro proprietário.<br>- A garantia não se aplica para os itens de desgaste natural, tais como: Pneu, câmaras, cabos, sapatas de freio, alinhamento de aros, pintura<br>do quadro, componentes da transmissão (corrente, engrenagens do pedivela, engrenagens do cassete ou roda livre).","{""marca"":""KSW"",""tamanho_do_quadro"":""15""}",,,KSW,15,,,,,,,,,,,,,,,,,29,Não informado,KSW,Não informado,Não informado,MTB,alumínio,Não informado,29,8,mecânica,Não informado,Não informado,Não informado,Não informado,passeios,Não informado,Não informado,Não informado,a disco,KSW,"[Laranka, Azul]",Aro 29,,24 Marchas,,,Freio a Disco,Alumínio,,,Mountain Bike,
diasbike||8831370667,Bicicleta,BICICLETA ARO 29 KSW MWZA FEMININO 24v HIDRÁULICO,"BICICLETA ARO 29 KSW MWZA FEMININO 24v HIDRÁULICO<br> <br>COMPONENTES DA BIKE<br>- Quadro aro 29 Alumínio FEMININO KSW MWZA<br>- Suspensão de 80mm de Cursor <br>- Aros Aeros para Disco Folha Dupla<br>- Raios Zincados<br>- Pneus Aro 29 Com Arame<br>- Camara de Ar Aro 29<br>- Jogo Direção Ahead Set<br>- Suporte Do guidão 31.8 Importado<br>- Guidão 31.8 MTB Importado<br>- Canote do Selim MTB Importado<br>- Pedal MTB Plataforma<br>- Arruela Calço para Ahead Set (1cm)<br>- Manopla MTB Comum<br>- Abraçadeira do Selim com Blocagem<br>- Selim MTB Básico<br>- Disco de Freio De 160mm Parafusos<br>- Freio a Disco Hidráulico Com Pinças e Pastilhas<br> <br> <br>RELAÇÃO (TRANSMISSÃO DA BIKE)<br>- Roda Livre Indexada de 8v<br>- Roda Tripla De Aço Encapado Reforçada<br>- Trocador Indexado Semi Automático Rapid Fire de 8v<br>- Cambio Dianteiro Indexado MTB 8v<br> - Cambio Traseiro Indexado MTB 8v<br>- Cubos Para RODA LIVRE<br> - Corrente indexada de 8v<br> - Jogo de Centro 122.5<br> <br> <br> <br>- Imagens da bicicleta são meramente ilustrativas.<br>- Algumas peças da bicicleta podem sofrer variações de cor e de modelo de acordo com o lote de importação.<br>- A Dias Bike não se responsabiliza por recolhimento obrigatório de impostos ICMS por st cobrado em alguns estados.<br>-Caso não haja alguém para receber o pedido no local de entrega, após as tentativas de entrega da transportadora, o frete do reenvio será de responsabilidade do comprador.<br>-Preço no site são exclusivos para venda online da loja virtual DIAS BIKE, os preços praticados em cada loja podem haver diferença entre os mesmos.<br>- Para as compras de bicicletas, as mesmas serão enviadas lubrificadas e pré-montadas, em função do transporte, a roda dianteira, guidão, selim e pedais são enviados soltos para encaixe. <br>- A garantia não Cobre Defeitos por Mau uso ou Pela Montagem Inadequada do Produto. A Montagem requer conhecimentos em mecânica e manutenção em bicicletas, por isso recomendamos que a montagem das Bicicletas seja feita por Profissionais do ramo em Oficina Especializada.<br>- Algumas Peças podem necessitar de regulagem ou alinhamento. <br>- A montagem, Regulagem e Alinhamento é por conta do comprador. <br>- A Garantia só será validada mediante a comprovação da montagem por um especialista, válida somente para o Primeiro proprietário.","{""cor"":""Preto, Rosa"",""marca"":""KSW"",""material_do_quadro"":""Alumínio""}",,"Preto, Rosa",KSW,,,,Alumínio,,,,,,,,,,,,,,29,Não informado,KSW,Não informado,FEMININO,Não informado,Alumínio,MWZA,29,8v,80mm de Cursor,Não informado,Não informado,Não informado,Não informado,Não informado,Não informado,Não informado,Não informado,Hidráulico,KSW,"[Preto, Rosa]",Aro 29,"15""",24 Marchas,,,Freio a Disco,Alumínio,,,Mountain Bike,
magazineluiza||161853415,Bicicleta,Bicicleta Aluminium Graciosa Sundown 18 Marchas,,"{""material_do_quadro"":""Alumínio"",""numero_de_marchas"":""18 Marchas""}",,,,,,,Alumínio,,,18 Marchas,,,,,,,,,,,Não informado,Não informado,Sundown,Não informado,Não informado,Não informado,Aluminium,Graciosa,Não informado,18 Marchas,Não informado,Não informado,Não informado,Não informado,Não informado,Não informado,Não informado,Não informado,Não informado,Não informado,Sundown,,,,18 Marchas,,,,Alumínio,,,,
axwbike||16028669566,Bicicleta,Bicicleta KSW Aro 29 Câmbio Shimano 24 Marchas Cubos K7 Freio Hidráulico com Suspensão,"<p>A BICICLETA MTB ALUMÍNIO ARO 29 24V K7, KSW, NÃO É RECOMENDADO PARA TRILHA. </p><p><br></p><p>ELA É UMA BICICLETA URBANA, PARA TRABALHAR E PASSEIOS LEVES. </p><p><br></p><p> NÃO ENVIAMOS PARA ÁREAS DE RISCO</p><p><br></p><p><br></p><p><br></p><p> Especificação:</p><p><br></p><p> Quadro de Alumínio Liga 6061 Marca KSW</p><p> Aro Aero 29 Alumínio Dupla Camada</p><p> Cubos k7 Traseiro e Dianteiro 36F para freio a disco com Blocagem</p><p> Selim MTB Importado</p><p> Canote 27,2 em Alumínio</p><p> Abraçadeira: Abraçadeira em Alumínio com Blocagem</p><p> Movimento Central com Rolamentado Blindado </p><p> Movimento de Direção Headset integrada </p><p> Pedivela com engrenagem tripla </p><p> Trocador EzFire (troca rápida) 24 Velocidades </p><p> Suporte de guidão alumínio preto</p><p> Guidão em Alumínio </p><p> Roda livre 8 velocidades Index k7 </p><p> Câmbio Dianteiro Shimano</p><p> Câmbio Traseiros Shimano tz31 </p><p>Corrente Fina Index </p><p> Pedal 9/16 plataforma de nylon </p><p> Garfo de suspensão 29 OVER em aço preto importado</p><p> Freio a disco dianteiro e traseiro Hidráulico </p><p> Pneu 29 (deacordo com o estoque)</p><p><br></p><p> OBS: </p><p> GARANTIA DE 3 MESES CONTRA DEFEITO DE FABRICA.</p><p> Não cobre desgaste, mal uso do produto. ( Sempre manter a relação da bike limpa e lubrificada para um melhor desempenho do produto). Montagem e regulagem por conta do cliente. Orientamos que o comprador leve em um oficina especializada para a montagem e regulagem do produto. </p><p> NÃO NOS RESPONSABILIZAMOS POR MONTAGEM.</p><p> NÃO ENVIAMOS MANUAL DE MONTAGEM. </p><p><br></p><p> obs. FOTO ILUSTRATIVA. </p><p><br></p><p> CORES E TAMANHOS DISPONÍVEIS NO ANUNCIO. </p><p><br></p><p> Quadro em alumínio, para melhor eficiência da utilização de sua bicicleta siga as especificações a baixo: </p><p><br></p><p>21 Polegadas - Recomendado para pessoas acima 1,90m</p><p> 19 Polegadas - Recomendado para pessoas 1,80m à 1,90m</p><p> 17 Polegadas - Recomendado para pessoas 1,69m à 1,79m</p><p> 15 Polegadas - Recomendado para Pessoas 1,50m à 1,68m</p><p> OBS: Pode alterar a altura conforme gosto ou altura do cavalo do ciclista. </p><p><br></p><p> IMAGENS MERAMENTE ILUSTRATIVAS, PODENDO ALTERAR SUA ESTRUTURA DE ACORDO COM A COR E TAMANHO DESEJADO.</p><p><br></p><p> PRODUTO ENVIADO PRÉ-MONTADO, FALTANDO O ENCAIXE DA RODA DIANTEIRA, GUIDÃO, SELIM E PEDAIS. SUGERIMOS A REGULAGEM DE CÂMBIO E FREIOS DEVIDO AO TRANSPORTE.</p>","{""aro"":""29\"""",""cor"":""Cinza, Preto"",""marca"":""KSW"",""tamanho_do_quadro"":""15""}","29""","Cinza, Preto",KSW,15,,,,,,,,,,,,,,,,,29,Não informado,KSW,21 Polegadas,Não informado,MTB,Alumínio,Não informado,29,24,OVER,Não informado,Não informado,Não informado,Não informado,Urbana,Não informado,Não informado,Não informado,Hidráulico,AXW Bikes,"[Cinza, Preto]",Aro 29,"15""",24 Marchas,,,Freio a Disco,Alumínio,,,Passeio,
bikediasg5||34065,Bicicleta,Bicicleta Aro 29 Absolute Nero 4 12v Cambio Shimano Deore,Bicicleta Aro 29 Absolute Nero 4 12v Cambio Traseiro Deore M6100 Suspensão 100mm com trava<br> <br> RELAÇÃO (TRANSMISSÃO DA BIKE)<br> <br> <br>Cassete 12 Velocidades 11x50D GTA<br>Pedivela GTA RX Hollowtech<br>Trocador Indexado Semi Automático de 12V GTA<br>Cambio Traseiro Shimano Deore M6100 12v<br>Cubos Para com FreeHub para cassete<br>Corrente indexada de 12v<br> <br> <br>COMPONENTES DA BIKE<br> <br> <br>Quadro aro 29 Alumínio Absolute Nero 4<br>Suspensão de 100mm de Curso<br>Aros Aeros para Disco Folha Dupla<br>Raios Zincados<br>Pneus Aro 29 Com Arame<br>Câmara de Ar Aro 29<br>Jogo Direção Ahead Set<br>Suporte Do guidão 31.8<br>Guidão 31.8 MTB<br>Canote do Selim MTB<br>Pedal MTB Plataforma<br>Arruela Calço para Ahead Set (1cm)<br>Manopla MTB Comum<br>Abraçadeira do Selim com Blocagem<br>Selim MTB<br>Rotor de Freio De 160mm<br>Freio a Disco Hidráulico<br> <br>**IMAGENS MERAMENTE ILUSTRATIVAS**,"{""marca"":""Absolute"",""tamanho_do_quadro"":""21""}",,,Absolute,21,,,,,,,,,,,,,,,,,29,Nero,Absolute,4,Não informado,Não informado,Alumínio,Nero 4,29,12,100mm,Cambio Shimano Deore,Não informado,Não informado,Não informado,Não informado,Não informado,Não informado,Não informado,Disco Hidráulico,Absolute,"[Branco, Preto]",Aro 29,"21""",12 Marchas,,,Freio a Disco,Alumínio,,,Passeio,
lojaacheipneus||1001437-1001438,Bicicleta,Bicicleta Infantil Aro 14 First Pro Alumínio Rosa Nathor,"<strong>Bicicleta Infantil Aro 14 First Pro Alumínio Rosa Nathor</strong><br><br>Especificações Técnicas<br><br>Marca: Nathor<br>Modelo: First Pro<br>Tamanho do quadro: Único<br>Aro: 14<br>Cor Predominante: Rosa<br>Rodas de treinamento: 2<br>Material do Quadro: Alumínio<br>Garfo da Bicicleta: Garfo Rígido<br>Tipo do Freio: Disco<br>Selim: PU com Abraçadeira em Alumínio e Trava de Segurança<br>Guidão: Aço<br>Pneu: Com Câmara de Borracha<br>Raio: ABS<br>Idade Mínima Recomendada: A partir de 4 anos<br>Dimensão do Produto ( L x A x P ): 69 x 52 x 96 cm<br>Peso Máximo Suportado: 25 Kg<br>Dimensão da Embalagem ( L x A x P ): 53 x 22 x 93 cm<br>Peso do Produto: 8,400 Kg<br>Garantia do Fabricante: 3 Meses","{""aro_de_roda"":""14\"""",""cor"":""Rosa"",""marca"":""Nathor""}",,Rosa,Nathor,,,,,,"14""",,,,,,,,,,,,14,Rosa,Nathor,Único,Não informado,Infantil,Alumínio,First Pro,Não informado,Não informado,Rígido,Rodas de treinamento,Não informado,Não informado,Não informado,Não informado,Não informado,25 Kg,Selim PU com Abraçadeira em Alumínio e Trava de SegurançabrGuidão AçobrPneu Com Câmara de BorrachabrRaio ABS,Disco,Nathor,Rosa,Aro 14,,,,25kg,Freio a Disco,Alumínio,,,,
waho-avidaelafora||6000041,Bicicleta,Bicicleta Aro 20 Bella Nathor - Rosa,"A bicicleta Bella aro 20 da Nathor conta com o movimento central deslocado, diferencial que ajuda na hora de pedalar, proporcionando um maior conforto.Com freios V-Brake e maçaneta em alumínio, garante uma ótima rigidez, fazendo com que a frenagem seja mais e?ciente por não sofrer deformação.A Aro 20 ainda conta com pezinho de descanso e protetor de corrente, diferenciais que levam muito mais conforto e segurança!A bike tem ainda pneus com câmara, quadro em aço carbono e aro em alumínio.CaracterísticasMesa Head-SetAro em alumínioMaçaneta em alumínio com ajuste do freioMovimento central deslocadoPezinho de descanso exclusivoPneus com câmaraFreios V-brakeIdade mínima recomendada: A partir de 8 anosTamanho da roda: 20?Altura máxima recomendada: 120 – 150 cmPeso máximo recomendado: 70 kgPeso do produto: 10,600 KgPeso com a embalagem: 12,200 KgCubagem: 0,154 m3Dimensões do produto (CxAxL): 140cm x 85,5 cm x 66 cmDimensões da embalagem (CxAxL): 120 cm x 23 cm x 56 cm","{""cor"":""Rosa"",""marca"":""Nathor""}",,Rosa,Nathor,,,,,,,,,,,,,,,,,,20,Rosa,Nathor,Não informado,Não informado,Não informado,Aço carbono,Bella,20,Não informado,Não informado,"Movimento central deslocado, Freios V-Brake, Maçaneta em alumínio, Pezinho de descanso, Protetor de corrente, Pneus com câmara",Não informado,Não informado,Não informado,Não informado,Não informado,70 kg,"Idade mínima recomendada A partir de 8 anos, Altura máxima recomendada 120  150 cm",V-Brake,Nathor,Rosa,Aro 20,,,,70kg,Freio V-Brake,Aço,,,,
bikediasg5||32287,Bicicleta,Bicicleta Aro 29 KSW XLT100 12 Velocidades Relação Absolute,"Bem vindo a Dias Bike! A Dias Bike é uma loja física e virtual que faz parte da família Dias Bike e Dias Moto Peças, que possuem mais de 10 lojas físicas e uma distribuidora atacadista, atuando no mercado de ciclismo a mais de 31 anos. A empresa comercializa bicicletas prontas, peças e acessórios para bicicletas em geral, tudo a sua disposição e com a comodidade de receber o produto em sua casa em qualquer lugar do Brasil com toda garantia de entrega e a certeza de sua satisfação.<br> <br>Bicicleta Aro 29 KSW XLT100 12 Velocidades Relação Absolute<br> <br>COMPONENTES DA BIKE<br> <br><br>Quadro aro 29 Alumínio<br>Suspensão de 100mm de Curso Com Trava no Ombro Absolute<br>Aros Aeros para Disco Folha Dupla<br>Raios Zincados<br>Pneus Aro 29 Com Arame<br>Câmara de Ar Aro 29<br>Jogo Direção Ahead Set Absolute<br>Suporte Do guidão 31.8 Absolute<br>Guidão 31.8 Absolute<br>Canote do Selim Absolute<br>Pedal MTB Plataforma<br>Arruela Calço para Ahead Set (1cm)<br>Manopla MTB Comum<br>Abraçadeira do Selim com Blocagem<br>Selim MTB<br>Rotor de Freio De 160mm<br>Freio a Disco Hidráulico Absolute<br><br> <br>RELAÇÃO (TRANSMISSÃO DA BIKE)<br> <br><br>Cassete 12 Velocidades 11x52D Absolute<br>Pedivela Single Ponta Quadrada Absolute<br>Trocador Indexado Semi Automático de 12V Absolute Wild<br>Cambio Traseiro Absolute Wild 12V<br>Cubos FreeHub para cassete Absolute<br>Corrente indexada de 12V<br><br>Atenção, a marca da transmissão pode variar de acordo com o estoque, mas garantimos a mesma qualidade e desempenho.<br> <br>**IMAGENS MERAMENTE ILUSTRATIVAS**","{""cor"":""Preto, Branco, Vermelho"",""marca"":""KSW"",""tamanho_do_quadro"":""21""}",,"Preto, Branco, Vermelho",KSW,21,,,,,,,,,,,,,,,,,29,Não informado,KSW,Não informado,Não informado,Não informado,Alumínio,XLT100,29,12,100mm de Curso Com Trava no Ombro,Não informado,Não informado,Não informado,Não informado,Não informado,Não informado,Não informado,Não informado,Disco Hidráulico,KSW,"[Preto, Branco, Vermelho]",Aro 29,"21""",12 Marchas,,,Freio a Disco,Alumínio,,,Passeio,
grupoceleiro||875-22,Bicicleta,Bicicleta Oggi Big Wheel 7.0 Aro 29 18V A22,"<p>Seja para o dia-a-dia ou para longos estradões de terra, a Oggi Big Wheel 7.0 é a bicicleta eficiente que você precisa. Com um quadro totalmente em alumínio, garantindo leveza e geometria mountain bike, ela oferece uma posição de pilotagem confortável para passeios em família ou aventuras com amigos.<br> <br> Especificações:<br> • Quadro em alumínio 6061 t6 tratado com novo top tube e tubo do selim de 34.9 mm, ponteira post mount removível para freio a disco e rota interna, além de rabeira snake e head tube over size (tamanhos 44 / 50).<br> • Suspensão MTB 29"" com trava no guidão e curso de 100mm para enfrentar diferentes terrenos com suavidade.<br> • Transmissão Shimano Alivio de 18 velocidades, mundialmente conhecida por sua qualidade e durabilidade, proporcionando uma seleção variada de marchas para pedais confortáveis.<br> • Câmbio dianteiro Shimano Alivio modelo FD-M3120 side swing front pull (double) e câmbio traseiro Shimano Alivio modelo RD-M3100 9V.<br> • Cassete Shimano CS-HG200 / Tri-diamond de 9 velocidades e relação 11-36.<br> • Movimento central Neco blindado com ponta do eixo quadrada para maior eficiência.<br> • Pedivela Shimano Altus FC-M101 175mm com coroas 36x22 para uma pedalada potente.<br> • Guidão MTB reto de 31,8mm over com 680mm em alumínio preto, e suporte do guidão aheadset em alumínio de 31,8mm over com extensão de 90mm e 6° graus de inclinação.<br> • Caixa de direção oversize ahead 44/50 semi-integrada e reforçada.<br> • Manopla Velo em Kraton para conforto e aderência.<br> • Conjunto de freio Logan HD-M550 para frenagens precisas.<br> • Pedal plataforma para maior segurança.<br> • Selim MTB da marca DDK para conforto durante os pedais.<br> • Canote do selim em alumínio de 31.6 para ajuste personalizado.<br> • Cubos dianteiro e traseiro Shimano TX 505 com quick release de 32 furos para freio a disco.<br> • Aros Alexrims MD 25 para maior resistência.<br> • Raios em aço inoxidável para durabilidade.<br> • Pneus 29"" x 2,10 para excelente aderência.<br> • Tamanhos disponíveis: 15.5"", 17"", 19"", 21"".<br> • Peso aproximado de 14,7 kg, garantindo uma pedalada ágil.<br> <br> Garantia: Aproveite a confiança de pedalar com a garantia de 5 anos para o quadro, 3 meses para os componentes e 6 meses para a pintura*.<br> <br> Adquira sua Oggi Big Wheel 7.0! Viva a liberdade das trilhas e explore novas aventuras com uma bike que une performance e qualidade em cada trajeto!</p>","{""marca"":""Shimano""}",,,Shimano,,,,,,,,,,,,,,,,,,29,Não informado,Oggi,44  50,Não informado,Mountain Bike,Alumínio,Big Wheel 70,Não informado,18,MTB,Não informado,Não informado,Não informado,Não informado,Não informado,155 17 19 21,Não informado,Não informado,Disco,OGGI Bikes,"[Grafite, Azul, Preto]",Aro 29,,18 Marchas,,,Freio a Disco,Alumínio,,,Passeio,
bonishop||UNITOYS1172,Bicicleta,Bicicleta Infantil Moto Cross Aro 16 Freios V brakes Unitoys,"UNITOYS BIKE MOTO CROSS ARO 16 VERMELHO<br><br>A Bike Moto Cross da Unitoys é perfeita para as maiores aventuras da criança! Uma super bicicleta aro 16” com design igual ao de uma moto de verdade!<br><br>Projetada para vocêSeu sistema de suspensão dianteira a torna mais leve do que aqueles com suspensão dupla. Isso se traduz em mais velocidade, melhor nível e fácil manutenção.<br>Seus benefícios são múltiplos: é acessível, ocupa pouco espaço, não gera poluição e faz bem a saúde. Junte-se a esta onda sustentável que avança em todo o mundo!Equilíbrio e estabilidade em seus primeiros passosSe você está procurando conforto e segurança, as bicicletas para crianças são o que você precisa. Elas combinam vários recursos para meninas e meninos aprenderem e desfrutarem de atividades ao ar livre.<br><br>CARACTERISTICAS: <br><br>Marca: Unitoys<br><br>Modelo: Moto Cross<br><br>Cor: Vermelho<br><br>Genero: Unissex<br><br>Aro: 16<br><br>Guidão bmx <br><br>Suspensão Dianteira<br><br>Com rodas de Treinamento <br><br>Suporta até 60kg<br><br>CONTEUDO DE EMBALAGEM: <br><br>(1) Bike moto cross aro 16<br><br>Guarda lama incluido","{""cor"":""Vermelho"",""genero"":""Unissex"",""marca"":""Unitoys"",""modelo"":""cross"",""tipo"":""Moto Cross""}",,Vermelho,Unitoys,,Unissex,Moto Cross,,cross,,,,,,,,,,,,,16,Vermelho,UNITOYS,Não informado,Unissex,Infantil,Não informado,Moto Cross,Não informado,Não informado,Dianteira,"Suspensão Dianteira, Rodas de Treinamento",Não informado,Não informado,Não informado,Não informado,Não informado,60kg,Guidão bmx,V brakes,Unitoys,Vermelho,Aro 16,,,,60kg,Freio V-Brake,,,Unissex,,
diasbike||15871747329,Bicicleta,Bicicleta MTB Aro 29 Absolute Nero 21 Velocidade Freio Disco,"<p>BICICLETA ARO 29 ABSOLUTE NERO 3 21V FREIO A DISCO</p><p><br></p><p>COMPONENTES DA BIKE</p><p>Quadro aro 29 Alumínio Absolute Nero 3</p><p>Suspensão de 80mm de Cursor </p><p>Aros Aeros para Disco Folha Dupla</p><p>Raios Zincados</p><p>Pneus Aro 29 Com Arame Faixa Bege</p><p>Camara de Ar Aro 29</p><p>Jogo Direção Ahead Set</p><p>Suporte Do guidão 31.8 Importado</p><p>Guidão 31.8 MTB Importado</p><p>Canote do Selim MTB Importado</p><p>Pedal MTB Plataforma</p><p>Arruela Calço para Ahead Set (1cm)</p><p>Manopla MTB Comum</p><p>Abraçadeira do Selim com Blocagem</p><p>Selim MTB Básico</p><p>Disco de Freio De 160mm Parafusos</p><p>Freio a Disco Mecânico Com Pinças e Pastilhas</p><p><br></p><p>RELAÇÃO (TRANSMISSÃO DA BIKE)</p><p>Roda Livre Indexada de 7v</p><p>Roda Tripla De Aço Encapado Reforçada</p><p>Trocador Indexado Semi Automático Rapid Fire de 7v</p><p>Cambio Dianteiro Indexado MTB 7v</p><p>Cambio Traseiro Indexado MTB 7v</p><p>Cubos Para RODA LIVRE</p><p>Corrente indexada de 7v</p><p>Jogo de Centro 122.5</p><p><br></p><p><br></p><p><br></p><p>Imagens da bicicleta são meramente ilustrativas.</p><p>Algumas peças da bicicleta podem sofrer variações de cor e de modelo de acordo com o lote de importação.</p><p>A Dias Bike não se responsabiliza por recolhimento obrigatório de impostos ICMS por st cobrado em alguns estados.</p><p>-Caso não haja alguém para receber o pedido no local de entrega, após as tentativas de entrega da transportadora, o frete do reenvio será de responsabilidade do comprador.</p><p>-Preço no site são exclusivos para venda online da loja virtual DIAS BIKE, os preços praticados em cada loja podem haver diferença entre os mesmos.</p><p>Para as compras de bicicletas, as mesmas serão enviadas lubrificadas e pré-montadas, em função do transporte, a roda dianteira, guidão, selim e pedais são enviados soltos para encaixe.</p><p>A garantia não Cobre Defeitos por Mau uso ou Pela Montagem Inadequada do Produto. A Montagem requer conhecimentos em mecânica e manutenção em bicicletas, por isso recomendamos que a montagem das Bicicletas seja feita por Profissionais do ramo em Oficina Especializada.</p><p>Algumas Peças podem necessitar de regulagem ou alinhamento.</p><p>A montagem, Regulagem e Alinhamento é por conta do comprador.</p><p>A Garantia só será validada mediante a comprovação da montagem por um especialista, válida somente para o Primeiro proprietário.</p>","{""aro"":""29\"""",""marca"":""Absolute"",""tamanho_do_quadro"":""21""}","29""",,Absolute,21,,,,,,,,,,,,,,,,,29,Não informado,Absolute,Não informado,Não informado,MTB,Alumínio,Nero 3,29,21,80mm de Cursor,Não informado,Não informado,Não informado,Não informado,Não informado,Não informado,Não informado,Não informado,Disco,Absolute,Preto,Aro 29,"21""",21 Marchas,,,Freio a Disco,Alumínio,,,Mountain Bike,
tajunabike||absbca21,Bicicleta,Bicicleta aro 29 Absolute Nero III Alumínio 21 marchas Freio a Disco Suspensão Branca Tam.21,"TAMANHO 21 - COR Branca / Bicicleta Absolute com Freio a disco e garfo de suspensão, quadro com ótimo acabamento e em alumínio. Quadro 29 ABSOLUTE NERO 3 / Garfo 29 suspensão curso 80mm / Suporte do guidão em alumínio preto / Guidão 31.8mm em alumínio preto / Canote do selim 27.2 em alumínio preto Sem Carrinho / Selim SR Preto / Abraçadeira do Selim alumínio Preto / Aros Aero Parede dupla reforçado / Raios Pretos / Cubos Pretos com Fixação de Porcas / Pneus 29 com cravo / Movimento central selado rolamentado / Freios a disco Mecânicos com discos inox 160mm / Alavancas Semi-automáticas Rapid Fire / Câmbio Traseiro Yamada ou Sunrace / Câmbio Dianteiro Yamada ou Sunrace / Corrente Index / Pedivela Aço Revestido / Pedal Plataforma Nylon preto / Roda Livre 7v index dourada","{""marca"":""Absolute Nero""}",,,Absolute Nero,,,,,,,,,,,,,,,,,,29,Branca,Absolute,21,Não informado,Não informado,Alumínio,Nero III,Não informado,21,Suspensão,Não informado,Não informado,Não informado,Não informado,Não informado,Não informado,Não informado,Não informado,Disco,Absolute,Branco,Aro 29,"21""",21 Marchas,,,Freio a Disco,Alumínio,,,Passeio,
bikediasg5||15969024131,Bicicleta,Bicicleta MTB Aro 29 KSW 24V Freio a Disco Cubo K7 e Trava,"BICICLETA ARO 29 24 VELOCIDADES FREIOS A DISCO MECÂNICO CUBOS K7 TRAVA NO OMBRO<br> <br>COMPONENTES DA BIKE<br> <br>-Quadro aro 29 Alumínio 6061<br>-Suspensão de 100mm com Trava<br>-Aros Aeros para Disco Folha Dupla em Alumínio<br>-Raios Zincados<br>-Pneus Aro 29 Com Arame<br>-Câmara de Ar Aro 29<br>-Jogo Direção Ahead Set Semi Integrado<br>-Suporte Do guidão Alumínio 31.8<br>-Guidão em Alumínio 31.8 MTB<br>-Canote do Selim MTB<br>-Pedal MTB Plataforma para Testes<br>-Arruela Calço para Ahead Set (1cm)<br>-Manopla MTB Comum<br>-Abraçadeira do Selim com Blocagem<br>-Selim MTB<br>-Disco de Freio De 160mm Parafusos<br>-Freio a Disco Mecânico Com Pinças e Pastilhas<br> <br>RELAÇÃO (TRANSMISSÃO DA BIKE)<br> <br>-Pedivela Aço Reforçado 3v<br>-Trocador Indexado Semi Automático Rapid Fire de 3x8v<br>-Cambio Dianteiro 3v Indexado MTB<br>-Cambio Traseiro 8v Indexado MTB<br>-Cubos Com Blocagem Sistema Cassete<br>-Cassete Indexado de 8 Velocidades 11-32D Importado<br>-Corrente Indexado Indexado Importado 8V<br>-Jogo de Centro 122.5 selado rolamentado<br> <br>Imagens da bicicleta são meramente ilustrativas.<br>Algumas peças da bicicleta podem sofrer variações de cor e de modelo de acordo com o lote de importação.<br>A Dias Bike não se responsabiliza por recolhimento obrigatório de impostos ICMS por ST cobrado em alguns estados.<br>Caso não haja alguém para receber o pedido no local de entrega, após as tentativas de entrega da transportadora, o frete do reenvio será de responsabilidade do comprador.<br>Preço no site são exclusivos para venda online da loja virtual DIAS BIKE, os preços praticados em cada loja podem haver diferença entre os mesmos.<br>Para as compras de bicicletas, as mesmas serão enviadas lubrificadas e pré-montadas, em função do transporte, a roda dianteira, guidão, selim e pedais são enviados soltos para encaixe.<br>A garantia não Cobre Defeitos por Mau uso ou Pela Montagem Inadequada do Produto. A Montagem requer conhecimentos em mecânica e manutenção em bicicletas, por isso recomendamos que a montagem das Bicicletas seja feita por Profissionais do ramo em Oficina Especializada.<br>Algumas Peças podem necessitar de regulagem ou alinhamento.<br>A montagem, Regulagem e Alinhamento é por conta do comprador.<br>A Garantia só será validada mediante a comprovação da montagem por um especialista, válida somente para o Primeiro proprietário.","{""cor"":""Preto, Verde"",""tipo"":""Mountain Bike""}",,"Preto, Verde",,,,Mountain Bike,,,,,,,,,,,,,,,29,Não informado,KSW,Não informado,Não informado,MTB,Alumínio,Não informado,29,24,100mm,Trava no ombro,Não informado,Não informado,Não informado,Não informado,Não informado,Não informado,Não informado,Disco,KSW,"[Preto, Verde]",Aro 29,"19""",24 Marchas,,,Freio a Disco,Alumínio,,,Mountain Bike,
bikediasg5||24857,Bicicleta,Bicicleta Aro 29 KSW XLT 12V Freio Hidráulico Susp C Trava,"Bem vindo a Dias Bike! A Dias Bike é uma loja física e virtual que faz parte da família Dias Bike e Dias Moto Peças, que possuem mais de 10 lojas físicas e uma distribuidora atacadista, atuando no mercado de ciclismo a mais de 31 anos. A empresa comercializa bicicletas prontas, peças e acessórios para bicicletas em geral, tudo a sua disposição e com a comodidade de receber o produto em sua casa em qualquer lugar do Brasil com toda garantia de entrega e a certeza de sua satisfação.<br> <br>BICICLETA ARO 29 12 Velocidades Relação 1X12 Freios Hidráulico k7 E TRAVA<br> <br>COMPONENTES DA BIKE<br> <br><br>Quadro aro 29 Alumínio<br>Suspensão de 100mm de Curso Com Trava no Ombro<br>Aros Aeros para Disco Folha Dupla<br>Raios Zincados<br>Pneus Aro 29 Com Arame<br>Câmara de Ar Aro 29<br>Jogo Direção Ahead Set<br>Suporte Do guidão 31.8<br>Guidão 31.8 MTB<br>Canote do Selim MTB<br>Pedal MTB Plataforma<br>Arruela Calço para Ahead Set (1cm)<br>Manopla MTB Comum<br>Abraçadeira do Selim com Blocagem<br>Selim MTB<br>Rotor de Freio De 160mm<br>Freio a Disco Hidráulico<br><br> <br>RELAÇÃO (TRANSMISSÃO DA BIKE)<br> <br><br>Cassete 12 Velocidades 11x50D<br>Pedivela Single Two Pieces (Integrado)<br>Trocador Indexado Semi Automático de 12V<br>Cambio Traseiro Indexado MTB 12V<br>Cubos Para com FreeHub para cassete<br>Corrente indexada de 12V<br>Jogo de Centro Hollowtech<br><br>Atenção, a marca da transmissão pode variar de acordo com o estoque, mas garantimos a mesma qualidade e desempenho.","{""tamanho_do_quadro"":""15""}",,,,15,,,,,,,,,,,,,,,,,29,Não informado,KSW,Não informado,Não informado,MTB,Alumínio,XLT,29,12,Com Trava,Trava,Não informado,Não informado,Não informado,Não informado,Não informado,Não informado,Não informado,Hidráulico,KSW,"[Preto, Branco, Vermelho]",Aro 29,"15""",12 Marchas,,,Freio a Disco,Alumínio,,,Passeio,
jade-shop||P2843-1,Bicicleta,Bicicleta Infantil Bmx Monark Aro 16 Verde,"BICICLETA BMX ARO 16 MASCULINO VERDE KAW COM PRETO MONARK<br><br>DESCRIÇÃO DO PRODUTO:<br>A bicicleta é um dos veículos mais escolhidos como meio de transporte, e essa tendência aumentou ainda mais com a pandemia de coronavírus. Além de seu uso para fins recreativos e esportivos, tem um impacto muito positivo no meio ambiente e bem-estar de pessoas de todas as idades. Seus benefícios são múltiplos: é acessível, ocupa pouco espaço, não gera poluição e faz bem a saúde. Junte-se a esta onda sustentável que avança em todo o mundo!<br><br>CARACTERÍSTICAS DO PRODUTO:<br>Equipada com cobre corrente circular, manete de freio com ajuste, guidão, com desenho esportivo e pintura em cores vibrantes.<br><br>ESPECIFICAÇÕES TÉCNICAS:<br>- Marca: Monark<br>- Modelo: BMX ARO 16<br>- Quadro: Aço carbono<br>- Aro: 16""<br>- Freios: V-brake (cabos de aço)<br>- Câmbio: Velocidade única<br>- Garfo: Em aço carbono<br>- Guidão: Regulável e pintado tipo mtb<br>- Pedais: Regulável e pintado mtb<br>- Pneus: Preto liso<br>- Selim: Plástico revestido com espuma<br>- Pedivela: Aço monobloco pintado<br><br>DIMENSÕES DO PRODUTO:<br>- Altura: 94 cm<br>- Largura: 21 cm<br>- Comprimento: 47 cm<br>- Peso: 10 Kg<br><br>ITENS INCLUSOS:<br>- 01 Bicicleta BMX ARO 16 VERDE<br><br>","{""genero"":""Masculino""}",,,,,Masculino,,,,,,,,,,,,,,,,16,Verde,Monark,Não informado,Masculino,BMX,Aço carbono,BMX ARO 16,16,Única,Não informado,"Cobre corrente circular, manete de freio com ajuste, guidão com desenho esportivo e pintura em cores vibrantes",Não informado,Não informado,Não informado,Não informado,Não informado,Não informado,Não informado,V-brake,Monark,Verde,Aro 16,,,,,Freio V-Brake,Aço,,Masculino,,
diasbike||15955283912,Bicicleta,Bike MTB 29 GTA 20V 2x10 Shimano Deore k7 F Hidráulico Trava,"BICICLETA ARO 29 2x10 20V DEORE HIDRÁULICO K7 TRAVA<br> <br>COMPONENTES DA BIKE<br><br>Quadro aro 29 Alumínio<br>Suspensão de 100mm de Curso com Trava no Ombro<br>Aros Aeros para Disco Folha Dupla<br>Raios Zincados<br>Pneus Aro 29 Com Arame<br>Câmara de Ar Aro 29<br>Jogo Direção Ahead Set<br>Suporte Do guidão 31.8<br>Guidão 31.8 MTB<br>Canote do Selim MTB<br>Pedal MTB Plataforma para Testes<br>Arruela Calço para Ahead Set (1cm)<br>Manopla MTB Comum<br>Abraçadeira do Selim com Blocagem<br>Selim MTB<br>Disco de Freio De 160mm Parafusos<br>Freio a Disco Hidráulico Com Pinças e Pastilhas<br><br> <br>RELAÇÃO (TRANSMISSÃO DA BIKE)<br><br>Cassete Indexado de 10 Velocidades 11-42D<br>Pedivela Alumínio Reforçado Absolute 2v<br>Trocador Indexado Semi Automático Rapid Fire de 20v Absolute<br>Cambio Dianteiro 2v Indexado Absolute<br>Cambio Traseiro 10v Indexado Shimano Deore M5120 SGS<br>Cubos Com Blocagem Sistema Cassete<br>Corrente Indexado 10v<br>Jogo de Centro 122.5 selado rolamentado<br>Imagens da bicicleta são meramente ilustrativas.<br>Algumas peças da bicicleta podem sofrer variações de cor e de modelo de acordo com o lote de importação.<br>A Dias Bike não se responsabiliza por recolhimento obrigatório de impostos ICMS por ST cobrado em alguns estados.<br>Caso não haja alguém para receber o pedido no local de entrega, após as tentativas de entrega da transportadora, o frete do reenvio será de responsabilidade do comprador.<br>Preço no site são exclusivos para venda online da loja virtual DIAS BIKE, os preços praticados em cada loja podem haver diferença entre os mesmos.<br>Para as compras de bicicletas, as mesmas serão enviadas lubrificadas e pré-montadas, em função do transporte, a roda dianteira, guidão, selim e pedais são enviados soltos para encaixe.<br>A garantia não Cobre Defeitos por Mau uso ou Pela Montagem Inadequada do Produto. A Montagem requer conhecimentos em mecânica e manutenção em bicicletas, por isso recomendamos que a montagem das Bicicletas seja feita por Profissionais do ramo em Oficina Especializada.<br>Algumas Peças podem necessitar de regulagem ou alinhamento.<br>A montagem, Regulagem e Alinhamento é por conta do comprador.""<br>","{""aro"":""29\"""",""cor"":""Preto, Amarelo"",""tipo"":""Mountain Bike""}","29""","Preto, Amarelo",,,,Mountain Bike,,,,,,,,,,,,,,,29,Não informado,GTA,Não informado,Não informado,MTB,Alumínio,20V,29,20,100mm de Curso com Trava no Ombro,Trava,Não informado,Não informado,Não informado,Não informado,Não informado,Não informado,Não informado,Hidráulico,GTA,"[Preto, Amarelo]",Aro 29,"15""",20 Marchas,,,Freio a Disco,Alumínio,,,Mountain Bike,
diasbike||24144,Bicicleta,Bicicleta MTB Aro 29 Absolute Nero 4 27V Hidraulico Cubo K7,"<p>Dias Bike</p><p><br></p><p>Bem vindo a Dias Bike! A Dias Bike é uma loja física e virtual que faz parte da família Dias Bike e Dias Moto Peças, que possuem mais de 10 lojas físicas e uma distribuidora atacadista, atuando no mercado de ciclismo a mais de 30 anos. A empresa comercializa bicicletas prontas, peças e acessórios para bicicletas em geral, tudo a sua disposição e com a comodidade de receber o produto em sua casa em qualquer lugar do Brasil com toda garantia de entrega e a certeza de sua satisfação.</p><p><br></p><p>**Bike Indicada para Uso Urbano, Trilhas Leves e Medianas**</p><p><br></p><p><br></p><p>COMPONENTES DA BIKE</p><p><br></p><p>Quadro aro 29 Alumínio</p><p>Suspensão de 80mm Sem Trava</p><p>Aros Aeros para Disco Folha Dupla</p><p>Raios Zincados</p><p>Pneus Aro 29 Com Arame</p><p>Câmara de Ar Aro 29t</p><p>Jogo Direção Ahead Set</p><p>Suporte Do guidão 31.8</p><p>Guidão 31.8 MTB</p><p>Canote do Selim MTB </p><p>Pedal MTB Plataforma</p><p>Arruela Calço para Ahead Set (1cm)</p><p>Manopla MTB Comum</p><p>Abraçadeira do Selim com Blocagem</p><p>Selim MTB </p><p>Disco de Freio De 160mm Parafusos</p><p>Freio a Disco Hidráulico Com Pinças e Pastilhas</p><p><br></p><p>RELAÇÃO (TRANSMISSÃO DA BIKE)</p><p><br></p><p>Cassete 9 Velocidades 11-36D</p><p>Roda Tripla De Aluminio 3 Velocidades</p><p>Trocador Indexado Semi Automático Rapid Fire de 3x9V </p><p>Cambio Dianteiro Indexado MTB 3V</p><p>Cambio Traseiro Indexado MTB 9V </p><p>Cubos Cassete</p><p>Corrente indexada de 9V Indexada</p><p>Jogo de Centro 122.5 Selado Rolamentado</p>","{""marca"":""Absolute"",""tamanho_do_quadro"":""15""}",,,Absolute,15,,,,,,,,,,,,,,,,,29,Nero,Absolute,4,Não informado,MTB,Alumínio,Não informado,29,27,Sem Trava,Hidraulico Cubo K7,Não informado,Não informado,Não informado,Não informado,Não informado,Não informado,Não informado,Disco Hidráulico,Absolute,"[Preto, Vermelho]",Aro 29,"15""",27 Marchas,,,Freio a Disco,Alumínio,,,Mountain Bike,
diasbike||15878261804,Bicicleta,Bicicleta Aro 29 KSW XLT 24V Cambio Shimano Freio Hidráulico,"BICICLETA ARO 29 KSW XLT 24V CAMBIO DIANTEIRO E TRASEIRO SHIMANO FREIO A DISCO HIDRÁULICO<br> <br>COMPONENTES DA BIKE<br>- Quadro aro 29 Alumínio KSW XLT<br> - Suspensão de 80mm de Cursor <br>- Aros Aeros para Disco Folha Dupla<br>- Raios Zincados<br> - Pneus Aro 29 Com Arame<br> - Camara de Ar Aro 29<br>- Jogo Direção Ahead Set<br> - Suporte Do guidão 31.8 Importado<br> - Guidão 31.8 MTB Importado<br> - Canote do Selim MTB Importado<br> - Pedal MTB Plataforma<br>- Arruela Calço para Ahead Set (1cm)<br>- Manopla MTB Comum<br>- Abraçadeira do Selim com Blocagem<br> - Selim MTB Básico<br>- Disco de Freio De 160mm Parafusos<br> - Freio a Disco Mecânico Com Pinças e Pastilhas<br> <br>RELAÇÃO (TRANSMISSÃO DA BIKE)<br>- Roda Livre Indexada de 8v<br>- Roda Tripla De Aço Encapado Reforçada<br>- Trocador Indexado Semi Automático Rapid Fire de 8v<br>- Cambio Dianteiro Indexado MTB 3v Shimano Tourney TZ<br> - Cambio Traseiro Indexado MTB 8v Shimano Tourney TZ<br>- Cubos Para RODA LIVRE<br> - Corrente indexada de 8v<br> - Jogo de Centro 122.5 Selado Rolamentado<br><br> - Imagens da bicicleta são meramente ilustrativas.<br>- Algumas peças da bicicleta podem sofrer variações de cor e de modelo de acordo com o lote de importação.<br>- A Dias Bike não se responsabiliza por recolhimento obrigatório de impostos ICMS por st cobrado em alguns estados.<br>-Caso não haja alguém para receber o pedido no local de entrega, após as tentativas de entrega da transportadora, o frete do reenvio será de responsabilidade do comprador.<br>-Preço no site são exclusivos para venda online da loja virtual DIAS BIKE, os preços praticados em cada loja podem haver diferença entre os mesmos.<br>- Para as compras de bicicletas, as mesmas serão enviadas lubrificadas e pré-montadas, em função do transporte, a roda dianteira, guidão, selim e pedais são enviados soltos para encaixe. <br>- A garantia não Cobre Defeitos por Mau uso ou Pela Montagem Inadequada do Produto. A Montagem requer conhecimentos em mecânica e manutenção em bicicletas, por isso recomendamos que a montagem das Bicicletas seja feita por Profissionais do ramo em Oficina Especializada.<br>- Algumas Peças podem necessitar de regulagem ou alinhamento. <br>- A montagem, Regulagem e Alinhamento é por conta do comprador. <br>- A Garantia só será validada mediante a comprovação da montagem por um especialista, válida somente para o Primeiro proprietário.","{""cor"":""Laranja, Preto"",""marca"":""KSW""}",,"Laranja, Preto",KSW,,,,,,,,,,,,,,,,,,29,Não informado,KSW,Não informado,Não informado,MTB,Alumínio,XLT,29,24,80mm,Não informado,Não informado,Não informado,Não informado,Não informado,Não informado,Não informado,Não informado,Hidráulico,KSW,"[Laranja, Preto]",Aro 29,"17""",24 Marchas,,,Freio a Disco,Alumínio,,,Passeio,
lojasim2||2995,Bicicleta,Bicicleta Netuno Passeio Aro 29 21 Marchas Houston,"Bicicleta Netuno Passeio Aro 29 21 Marchas Houston <br> <br> A praticidade e economia que você precisa! A bicicleta é um excelente investimento. Você pode ir ao mercado, trabalho, passear e até mesmo criar uma rotina de exercícios, isso com apenas um investimento. A bike Netuno da Houston conta com Aro 29 e 21 marchas, tornando mais flexível e rápida, assim fica mais prazeroso andar de bicicleta. Ela foi planejada para ser resistente, praticamente toda sua estrutura é produzida com aço carbono!<br> <br> Características Técnicas do Produto:<br> Passador: Gripshift<br> Marchas: 21<br> Finalidade: Passeio<br> Quadro: 18 Pol em Aço Carbono rígido<br> Guidão: MTB Aço Carbono 620mm Curvo 25.4mm Preto<br> Suporte do guidão: Aço Carbono com Expander<br> Manopla: PVC<br> Pedal: MTB plástico com Refletor<br> Cubo dianteiro: Aço 36F<br> Cubo traseiro: Aço 36F 7V<br> Aros: 29 Pol<br> Pneus: MTB<br> Selim: PVC Thunder<br> Canote do selim: Em Aço Preto 25.4x280mm 1_x0094_<br> Material: Aço Carbono<br> Peso máximo suportado: 100kg<br> Parede dupla em alumínio preto<br> Pedivela: Neco / Coroa Tripla 170mm, 28x38x48 dentes<br> Cassete: Roda Livre 7 Velocidades N-Index 14-28D<br> Suspensão Mode<br> Câmbio Dianteiro: 3 Velocidades Houston RDF100<br> Câmbio Traseiro: 7 Velocidades Houston RDL100 Ficção na Gancheira<br> Alavanca de Câmbio: Grip Shifter Semi-Index<br> Freio à disco mecânico<br> Guidão MTB em Aço Carbono<br> <br> Conteúdo da Embalagem:<br> 01 Bicicleta <br> 01 Manual de instruções<br> <br> Dimensões do Produto:<br> Altura: 111 cm<br> Largura: 62 cm<br> Profundidade: 190 cm<br> Peso Total: 15 kg<br> <br> Garantia do Fornecedor: 03 meses. (Contra defeitos de fabricação).<br> <br> Atenção: <br> <br> A coloração das imagens do produto pode ter diferentes tonalidades dependendo do seu monitor.<br> Ao receber o produto verifique as seguintes informações:<br> Confira a quantidade de caixas e volumes;<br> Consulte se o nome do comprador consta em todas as etiquetas;<br> Verifique se as caixas não apresentam sinais de avarias ou violação;<br> Sempre confira seu produto no ato da entrega.<br> NÃO nos responsabilizamos pela montagem do produto.<br> Caso resida em apartamento, verificar se todos os volumes possuem tamanhos adequados ao elevador,<br> Caso contrário é necessário solicitar ajuda para entrega de seu produto até seu apartamento.","{""aro"":""29\"""",""cor"":""Preto, Laranja"",""marca"":""Houston"",""tipo"":""Passeio""}","29""","Preto, Laranja",Houston,,,Passeio,,,,,,,,,,,,,,,29,Não informado,Netuno,18 Pol,Não informado,Passeio,Aço Carbono,Houston,29 Pol,21,Mode,Não informado,Não informado,Não informado,Não informado,Não informado,Não informado,100kg,Não informado,disco mecânico,Houston,"[Preto, Laranja]",Aro 29,"18""",21 Marchas,,100kg,Freio a Disco,Aço,,,Passeio,
dutramaquinas||TR201R,Bicicleta,Bicicleta infantil aro 20 freio V-Brake - Trup - Houston,"Produto: Bicicleta infantil aro 20 freio V-Brake - Trup<br>Marca: Houston<br>Cor: Preto<br><br>Descrição:<br>Bicicleta infantil aro 20 freio V-Brake - Trup<br><br>Bikes divertidas, modernas e ideais para dividir momentos incríveis com os amigos. A linha juvenil possui design de cores e grafismo que faz a garotada se apaixonar! A Bike Trup aro 20 possui quadro aço carbono rígido, guidão MTB aço carbono 560mm curvo, manopla e PVC na cores diamante ou azul, corrente grossa, sistema d freio V-Brake, e acessórios refletores, manuais e folheto.<br><br><br><br><br>Especificações:<br>Quadro: aço carbono rígido,<br>Garfo: Standard rígido, <br>Guidão: MTB aço carbono 560mm curvo, <br>Sistema de freio: V-Brake, <br>Corrente: grossa, <br>Aro: 20 em alumínio Houston Polido, <br>Pedivela 140mm monobloco, 36 dentes,<br>Acessórios refletores, manuais e folheto.","{""aro_de_roda"":""20\"""",""cor"":""Preto"",""marca"":""Houston""}",,Preto,Houston,,,,,,"20""",,,,,,,,,,,,20,Preto,Houston,Não informado,Infantil,Não informado,Aço carbono,Trup,20,Não informado,Não informado,Refletores manuais e folheto,Não informado,Não informado,Não informado,Não informado,Não informado,Não informado,Não informado,V-Brake,Houston,Preto,Aro 20,,,,,Freio V-Brake,Aço,,,,
rtd||10496,Bicicleta,Bicicleta Verden Balance Safari Baby,"<p>BICICLETA VERDEN BALANCE SAFARI BABY </p><p><br></p><p><br></p><p>Quadro em alumínio com leveza!</p><p><br></p><p> Possui duas rodas traseiras que além de deixar o produto mais atraente proporciona sustentabilidade e equilíbrio. </p><p><br></p><p>Possui ajustes de altura de selim e guidão prolongando o uso para diversas estaturas. </p><p><br></p><p>Excelente acabamento nas rodas com pneus emborrachados! Produto certificado por órgão acreditado pelo Inmetro.</p><p><br></p><p><br></p><p>Registro Inmetro: 005403/2020 </p><p><br></p><p><br></p><p>Idade: +2 anos</p><p><br></p><p><br></p><p>ESTE BRINQUEDO DEVE SER MONTADO POR UM ADULTO ANTES DE SER ENTREGUE À CRIANÇA.</p><p><br></p><p><br></p><p>NÃO UTILIZAR NA VIA PÚBLICA SEM SUPERVISÃO DE UM ADULTO.</p><p><br></p><p><br></p><p>Características do produto:</p><p><br></p><p><br></p><p>Duas rodas traseiras proporcionando sustentabilidade e equilíbrio;</p><p><br></p><p>Possui regulagem de altura no selim e guidão, assim a bicicleta se ajusta e acompanha o crescimento da criança;</p><p><br></p><p>Quadro, garfo e guidão em alumínio;</p><p><br></p><p>Pneus emborrachados;</p><p><br></p><p><br></p><p>Especificações técnicas:</p><p><br></p><p><br></p><p>Marca: Verden Bikes</p><p><br></p><p>Modelo: Safari Baby Balance</p><p><br></p><p>Material: Alumínio e Plástico</p><p><br></p><p>Idade: + 2 Anos</p><p><br></p><p>Peso máximo recomendado: 21 kg</p><p><br></p><p><br></p><p>Dimensões do produto:</p><p><br></p><p><br></p><p>Comprimento: 72cm</p><p><br></p><p>Largura: 12cm</p><p><br></p><p>Altura Maior: 46cm</p><p><br></p><p>Altura Menor: 42cm</p><p><br></p><p>Peso: 2,680 Kg</p><p><br></p><p>Peso com Embalagem: 2,980kg</p><p><br></p><p><br></p><p>Detalhes técnicos: </p><p><br></p><p>Faixa etária: A partir de 2 anos</p><p><br></p><p>Nome do modelo: Safari Baby</p><p><br></p><p>Modelo: 10497</p><p><br></p><p>Tipo de bicicleta: Bicicleta equilíbrio</p><p><br></p><p>Tipo de freios: Não aplicável</p><p><br></p><p>Tamanho: Único</p><p><br></p><p>Material da armação ou moldura: Aço de carbono</p><p><br></p><p>Material: Aço carbono, Plástico</p><p><br></p><p>Recursos especiais: Cesta, Sem corrente, Leve</p><p><br></p><p>Suspensão: Não aplicável</p><p><br></p><p>Tamanho da roda: 12 Polegadas</p><p><br></p><p>Departamento: Bebê Unissex</p><p><br></p><p>Manual de instruções: No site do Fabricante (VERDEN) há informações de motagem do produto.</p>","{""cor"":""Verde"",""genero"":""Unissex"",""marca"":""Verden""}",,Verde,Verden,,Unissex,,,,,,,,,,,,,,,,12 Polegadas,Não informado,Verden Bikes,Não informado,Unissex,Bicicleta equilíbrio,Aço carbono,Safari Baby Balance,Não informado,Não informado,Não aplicável,Cesta Sem corrente Leve,Não informado,Não informado,Não informado,Não informado,Único,21 kg,Não informado,Não aplicável,Verden,Verde,Aro 12,,,,21kg,,Alumínio,,Unissex,Equilíbrio,
bikesmariaclaraltda||16012881068,Bicicleta,Bicicleta feminina aro 26 cestinha tipo vime 6 marchas rosa,"MARIA CLARA BIKES<br>Bicicletas Personalizadas<br>___________<br>**SOBRE O PRODUTO;<br> <br>-QUADRO EM AÇO COM PINTURA ELETROSTÁTICA (tamanho único aproximadamente 17 em polegadas)<br>-RODAS TAMANHO 26 COM ARO AERO (parede dupla) DE ALUMÍNIO<br>-CUBOS DE AÇO ESFERADOS<br>-PNEU TAMANHO 26 SLICK (conforme foto anúncio)<br>-CESTA (Conforme foto do anúncio)<br>-FREIOS V-BRAKE <br>-GUIDOM AÇO <br>-SELIM COM 2 MOLAS<br>-MOVIMENTO CENTRAL 45 MM ESFERADO<br>-MOVIMENTO DE DIREÇÃO STANDARD ESFERADO<br>-RELAÇÃO 6 MARCHAS DA LINHA ""YAMADA'', ''MAX'', ''SAYGUAN'' OU ''WG""<br>-PASSADOR DE ALAVANCA <br>-PARALAMAS DE AÇO<br>-BAGAGEIRO FINO ESTILOSO <br>___________<br>**SOBRE AS MEDIDAS;<br> <br>-Peso aproximado da bicicleta 17kg.<br>-Altura média do guidom (do chão até as manoplas) entre 100- 115 cm.<br>-Largura do guidom (de uma manopla a outra) 70 cm.<br>-Altura média do banco (do chão até o assento) entre 75 -90 cm.<br>-Altura do banco em ralação ao pedal (considerar a parte mais longa) entre 65- 80 cm.<br>-Peso máximo recomendado para 1 bicicleta =135 kg.<br>-Altura média recomendada entre 1,55 e 1,85.<br>-As variáveis podem considerar como ajustes (regulagens) que irá conseguir utilizar.<br>___________<br>**COMO O PRODUTO É ENVIADO;<br> <br>• Envio por transportadora<br>• Bicicleta pré-montada, necessária finalização da montagem por profissional especializado, a finalização é de responsabilidade do comprador<br>• Temos vídeos que auxiliam na finalização da montagem (basta pesquisar por Maria Clara Bikes no YouTube)<br>• Não nos responsabilizamos por problemas relacionados a erros de montagem.<br>___________<br>** SOBRE A GARANTIA;<br>Garantia de 90 dias contra defeito de fabricação, não cobrindo mau uso, má instalação de peças e acessórios.<br>***ATENÇÃO; nossos produtos possuem apenas os aros em alumínio o restante é todo de aço. *NÃO POSSUINDO GARANTIA CONTRA FERRUGEM. PRINCIPALMENTE PARA MORADORES EM REGIÕES LITORANEAS ONDE EXISTE A AÇÃO INEVITAVEL DA MARESIA NO MATERIAL AÇO, CAUSANDO A FERRUGEM. Para compradores dessa região Recomendamos o uso periódico de anti-ferrugem, que ajuda prevenir tal ação!","{""aro"":""26\"""",""tamanho_do_quadro"":""26""}","26""",,,26,,,,,,,,,,,,,,,,,26,rosa,MARIA CLARA BIKES,17,feminina,vime,aço,Não informado,aero parede dupla,6,Não informado,cestinha,Não informado,Não informado,Não informado,Não informado,único,135,Não informado,V-BRAKE,Maria Clara Bikes,Rosa,Aro 26,"17""",6 Marchas,,135kg,Freio V-Brake,Aço,,Feminino,,
diasbike||15878643431,Bicicleta,Bicicleta Aro 29 KSW XLT 24V Cambios Shimano Freio a Disco,"<p>BICICLETA ARO 29 KSW XLT 24V CAMBIO DIANTEIRO E TRASEIRO SHIMANO FREIO A DISCO</p><p><br></p><p>COMPONENTES DA BIKE</p><p>Quadro aro 29 Alumínio KSW XLT</p><p>Suspensão de 80mm de Cursor </p><p>Aros Aeros para Disco Folha Dupla</p><p>Raios Zincados</p><p>Pneus Aro 29 Com Arame</p><p>Camara de Ar Aro 29</p><p>Jogo Direção Ahead Set</p><p>Suporte Do guidão 31.8 Importado</p><p>Guidão 31.8 MTB Importado</p><p>Canote do Selim MTB Importado</p><p>Pedal MTB Plataforma</p><p>Arruela Calço para Ahead Set (1cm)</p><p>Manopla MTB Comum</p><p>Abraçadeira do Selim com Blocagem</p><p>Selim MTB Básico</p><p>Disco de Freio De 160mm Parafusos</p><p>Freio a Disco Mecânico Com Pinças e Pastilhas</p><p><br></p><p>RELAÇÃO (TRANSMISSÃO DA BIKE)</p><p>Roda Livre Indexada de 8v</p><p>Roda Tripla De Aço Encapado Reforçada</p><p>Trocador Indexado Semi Automático Rapid Fire de 7v</p><p>Cambio Dianteiro Indexado MTB 3v Shimano Tourney TZ</p><p>Cambio Traseiro Indexado MTB 8v Shimano Tourney TZ</p><p>Cubos Para RODA LIVRE</p><p>Corrente indexada de 8v</p><p>Jogo de Centro 122.5 Selado Rolamentado</p><p><br></p><p>Imagens da bicicleta são meramente ilustrativas.</p><p>Algumas peças da bicicleta podem sofrer variações de cor e de modelo de acordo com o lote de importação.</p><p>A Dias Bike não se responsabiliza por recolhimento obrigatório de impostos ICMS por st cobrado em alguns estados.</p><p>-Caso não haja alguém para receber o pedido no local de entrega, após as tentativas de entrega da transportadora, o frete do reenvio será de responsabilidade do comprador.</p><p>-Preço no site são exclusivos para venda online da loja virtual DIAS BIKE, os preços praticados em cada loja podem haver diferença entre os mesmos.</p><p>Para as compras de bicicletas, as mesmas serão enviadas lubrificadas e pré-montadas, em função do transporte, a roda dianteira, guidão, selim e pedais são enviados soltos para encaixe. </p><p>A garantia não Cobre Defeitos por Mau uso ou Pela Montagem Inadequada do Produto. A Montagem requer conhecimentos em mecânica e manutenção em bicicletas, por isso recomendamos que a montagem das Bicicletas seja feita por Profissionais do ramo em Oficina Especializada.</p><p>Algumas Peças podem necessitar de regulagem ou alinhamento. </p><p>A montagem, Regulagem e Alinhamento é por conta do comprador. </p><p>A Garantia só será validada mediante a comprovação da montagem por um especialista, válida somente para o Primeiro proprietário.</p>","{""marca"":""KSW"",""tamanho_do_quadro"":""15""}",,,KSW,15,,,,,,,,,,,,,,,,,29,Não informado,KSW,Não informado,Não informado,Não informado,Alumínio,XLT,29,24,80mm de Cursor,Não informado,Não informado,Não informado,Não informado,Não informado,Não informado,Não informado,Não informado,Disco,KSW,"[Grafite, Preto]",Aro 29,"15""",24 Marchas,,,Freio a Disco,Alumínio,,,Mountain Bike,
bntbikeemotos||16013050254,Bicicleta,Bicicleta Aro 29 Freio a Disco 21v Preto e Rosa X-PROBIKE,"Quadro em alumínio 6061<br>Abraçadeira alumínio de selim 31,8mm<br>Alavancas de câmbio EZ-FIRE 7 velocidades<br>Aro aero 29 parede dupla 36f<br>Caixa de direção semi integrado<br>Câmbio dianteiro Importado<br>Câmbio traseiro Importado<br>Pedivela aço coroa triplo revestido<br>Canote de selim 27.2mm com carrinho<br>Corrente index 8 velocidades<br>Cubo com blocagem<br>Espaçador alumínio 10 mm<br>Garfo suspensão mecânico<br>Guidão alumínio 31.8mm reto<br>Kit cabo com conduíte com teflonn<br>Mesa alumínio 31.8mm<br>Movimento central rolamentado 122mm<br>Pedal em nylon preto<br>Pinça de freio a disco com rotor de 160mm<br>Pneu 29 cravos<br>Raio 285x2.0mm aço preto<br>Roda livre de 7 index<br>Selim MTB","{""cor"":""Preto, Rosa"",""modelo"":""21v"",""tamanho_do_quadro"":""19""}",,"Preto, Rosa",,19,,,,21v,,,,,,,,,,,,,29,Preto e Rosa,X-PROBIKE,Não informado,Não informado,Não informado,alumínio 6061,Não informado,29,21,mecânica,Não informado,Não informado,Não informado,Não informado,MTB,Não informado,Não informado,Não informado,a Disco,X-PROBIKE,"[Preto, Rosa]",Aro 29,"19""",21 Marchas,,,Freio a Disco,Alumínio,,,Passeio,
pradopresentes||JRF100474I5,Bicicleta,Bicicleta StyllBaby Infantil Aro 12,"<p>Descrição</p><p>Sobre a Bike:</p><p><br></p><p>Bicicleta indicada para crianças de 2 até no máximo 5 anos.</p><p><br></p><p>Nosso envio é imediato, enviamos todas as compras realizadas até às 13h no mesmo dia.</p><p><br></p><p>Bicicleta enviada Semi montada na caixa lacrada de fábrica, contém manual de instruções, bem simples e fácil a montagem.</p><p><br></p><p>Bicicleta aro 12 com quadro e garfo fabricados em aço carbono de alta qualidade.</p><p><br></p><p>Manoplas e manetes anatômicos e cobre corrente mais seguro com fechamento completo.</p><p><br></p><p>Rodas, para-lamas, protetores e selim fabricados com plástico de alta resistência.</p><p><br></p><p>Pneus sem câmara e rodinhas auxiliares em EVA, mais silenciosos e macios.</p><p><br></p><p>Certificado pelo INMETRO.</p>","{""cor"":""Azul"",""marca"":""Styllbaby""}",,Azul,Styllbaby,,,,,,,,,,,,,,,,,,12,Não informado,StyllBaby,Não informado,Infantil,Bicicleta,Aço carbono,Não informado,Não informado,Não informado,Não informado,"Manoplas e manetes anatômicos, cobre corrente com fechamento completo, rodas, para-lamas protetores, selim de plástico resistente, pneus sem câmara, rodinhas auxiliares em EVA",Não informado,Não informado,Não informado,Não informado,Não informado,Não informado,Certificado pelo INMETRO,Não informado,Styll Baby,Azul,Aro 12,,,,22kg,,Aço,,,,
tajunabike||XLTGFT21TIPO5,Bicicleta,Bicicleta Aro 29 Ksw Xlt 24v Freio A Disco Suspensão Mountain Bike Alumínio - Grafite,"<p>Bike aro 29, com quadro ksw xlt, nova na caixa a pronta entrega, produto com ótima qualidade e acabamento, possui 24 marchas com sistema de alavancas rapid fire que a cada clique uma marcha é trocada, garfo com suspensão, sistema de freio a disco mecânico. Bicicleta pré montada, vai precisar apenas fixar a roda dianteira, guidão, selim e pedais. Segue abaixo características da bike:</p><p><br></p><p>Quadro 29 ksw xlt</p><p>Garfo 29 suspensão curso 80mm</p><p>Suporte do guidão em alumínio preto</p><p>Guidão 31.8mm em alumínio preto</p><p>Canote do selim 27.2 em alumínio preto Sem Carrinho</p><p>Selim Sport Preto</p><p>Abraçadeira do Selim alumínio Preto</p><p>Aros Aero Parede dupla reforçado</p><p>Raios Pretos</p><p>Cubos Pretos com Fixação de Porcas</p><p>Pneus 29 cravo</p><p>Movimento central selado rolamentado</p><p>Freios a disco Mecânicos com discos inox 160mm</p><p>Alavancas Semi-automáticas Rapid Fire 24V</p><p>Câmbio Traseiro Indexado</p><p>Câmbio Dianteiro Indexado</p><p>Corrente Index</p><p>Pedivela Aço Revestido</p><p>Pedal Plataforma Nylon preto</p><p>Roda Livre 8v index dourada(rosca)</p>","{""cor"":""Preto, Verde"",""marca"":""KSW"",""tipo"":""Mountain Bike""}",,"Preto, Verde",KSW,,,Mountain Bike,,,,,,,,,,,,,,,29,Grafite,Ksw,Não informado,Não informado,Mountain Bike,Alumínio,Xlt,Não informado,24,Suspensão,Não informado,Não informado,Não informado,Não informado,Não informado,Não informado,Não informado,Não informado,A Disco,KSW,Grafite,Aro 29,"21""",24 Marchas,,,Freio a Disco,Alumínio,,,Mountain Bike,
potencialbikes||cp13prpt19,Bicicleta,Bicicleta Aro 29 Cripto 24v Shimano Fr. Hidraulico/Trava/K7,"<p>Bicicleta ideal para uso urbano e trilhas leves. </p> <p> QUADRO : 29"" Alumínio 6061 </p><p> SUSPENSÃO : Curso de 100mm com trava </p><p> CAIXA DE DIREÇÃO : Semi Integrada </p><p> GUIDÃO : Reto ou Curvo em Alumínio 6061 </p><p> MESA : 80mm em Alumínio 6061 </p><p> MANOPLAS : Borracha Flexível </p><p> TROCADORES : Importado 3 / 8v </p><p> FREIOS : Hidraulico a Disco de 160mm </p><p> CÂMBIO DIANTEIRO : Shimano Tourney </p><p> CÂMBIO TRASEIRO : Shimano Tourney </p><p> PEDIVELA : Aço Carbono Revestido 24/34/42D</p><p> PEDAL : Plataforma em Nylon </p><p> CORRENTE : Indexada de 8v </p><p> CASSETE: 8 Velocidades </p><p> CANOTE DE SELIM : 27.2mm em Alumínio 6061 </p><p> SELIM : PU com trilho de regulagem </p><p> Aros : Race de Parede Dupla </p><p> PNEU : MTB 29 Cravo </p><p>RECOMENDAÇÃO DE TAMANHO DO QUADRO</p><p>Altura do ciclista: 1,60 até 1,70m – Tamanho de quadro 15"" </p><p>Altura do ciclista: 1,71 até 1,76m – Tamanho de quadro 17""</p><p>Altura do ciclista: 1,77 até 1,82m – Tamanho de quadro 19""</p><p>Altura do ciclista: 1,83 ou mais – Tamanho de quadro 21""</p><p><br></p><p> OBSERVAÇÕES: </p> <p>Imagens Ilustrativas. Pode haver alguma diferença de tonalidade entre a imagem e o produto real, por conta do tratamento de imagens e a calibração de cores do seu monitor ou celular! </p><p>As fotos do anúncio são feitas com quadros do tamanho 17. </p><p>A geometria do quadro (desenho) pode mudar conforme o tamanho escolhido alterando a inclinação do tubo superior quando quadro é 21 deixando-o mais reto. </p><p>Imagens meramente ilustrativas, podendo ter variação de peças de acordo com nosso estoque, sempre com qualidade igual ou superior! </p><p>Enviamos a bicicleta pré-montada, devidamente embalada, para melhor se acomodar na embalagem de transporte são retirados apenas: selim, pedais, guidão e roda dianteira. </p><p>NÃO COBRE DEFEITOS POR MAU USO OU PELA MONTAGEM / REVISÃO INADEQUADA DO PRODUTO. </p><p>A garantia será validada para as bicicletas montadas e revisadas por uma oficina especializada e é referente apenas ao primeiro proprietário. </p><p>A garantia não se aplica para os itens de desgaste natural, tais como: Pneu, câmaras, cabos, sapatas de freio, centragem de aros, pintura do quadro, componentes da transmissão (corrente, engrenagens do pé de vela, engrenagens do cassete)</p>","{""cor"":""Prata"",""tamanho_do_quadro"":""19"",""tipo"":""Mountain Bike""}",,Prata,,19,,Mountain Bike,,,,,,,,,,,,,,,29,Não informado,Não informado,15,Não informado,Não informado,Alumínio,Cripto,Não informado,24,Curso de 100mm com trava,Não informado,Não informado,Não informado,Não informado,Urbana e Trilhas Leves,Não informado,Não informado,Não informado,Hidráulico a Disco,Cripto,"[Prata, Preto]",Aro 29,"19""",24 Marchas,Dianteira,,Freio a Disco,Alumínio,,,Mountain Bike,
pz3online||0000080196,Bicicleta,Bicicleta GPS Aro 26 Aço 21 Marchas Dupla Suspensão Freio V-Brake Amarelo Neon - Colli Bike,"A Bicicleta GPS Aro 26 Aço 21 Marchas Dupla Suspensão Freio V-Brake Colli Bike é um equipamento com um excelente custo benefício, onde oferece muita qualidade e confiança na hora de pedalar. A Mountain Bike GPS é produzida em quadro de aço ergonômico que garante maior conforto e segurança ao ciclista, além disso ela vem equipada com suspensão dupla, 21 marchas com câmbios importados e freios V-Brake, resultando no aumento da performance do seu equipamento nos passeios urbanos. Pedalar é uma atividade física muito prazerosa e um exercício muito útil para o bem estar, pois pode ser praticado com muita segurança, tanto individualmente, quanto em grupo de amigos e familiares, por isso invista em sua saúde mental e corporal, afinal pedalar é vida! Compre já!<br><br><strong>Tamanho do Quadro:</strong> 18.<br><strong>Aro:</strong> 26.<br><strong>Peso Aproximado:</strong> 20 Kg.<br><strong>Dimensão Montada:</strong> 85 x 69 x 150 cm (A x L x C).<br> <br><strong>Características:</strong><br><strong>Modelo Quadro:</strong> GPS.<br><strong>Material Quadro:</strong> Aço Carbono.<br><strong>Garfo/Suspensão:</strong> Suspensão dupla alumínio.<br><strong>Peso Suportado:</strong> Até 100 Kg.<br><strong>Tipo de Aro: </strong>Aero Preto 36 Furos.<br><strong>Tipo de Freio:</strong> V-Brake.<br><strong>Tipo de Guidão:</strong> Aço Carbono Down Hill.<br><strong>Número de Marchas:</strong> 21v.<br><strong>Alavanca: </strong>Grip Shift (Trocador na luva).<br><strong>Câmbio Dianteiro:</strong> Importado.<br><strong>Câmbio Traseiro:</strong> Importado.<br><strong>Pedivela:</strong> Braço com engrenagem tripla.<br><strong>Corrente:</strong> Fina Tec 1⁄2 x 3/32.<br><strong>Cubos:</strong> Aço 36 furos.<br><strong>Movimento Central:</strong> 34.7.<br><strong>Selim:</strong> Premium Selle Royal.<br><strong>Rabeta: </strong>Suspensão Freio V-Brake.<br><strong>Pneu: </strong>26 x 1.95.<br><strong>Pedal: </strong>Rosca grossa 9/16 com refletor.<br><strong>Garantia de Fábrica:</strong> 90 dias contra defeito de fabricação.<br> <br><strong>Acessórios da Embalagem:</strong><br>- Kit e acessórios.<br>- Kit selim.<br>- Canote.<br>- Pedais.<br>- Manual.<br><br><strong>Importante:</strong><br>- Pode haver alguma diferença de tonalidade entre a imagem e o produto real por conta do tratamento de imagens e a calibração de cores do seu monitor.<br>- A geometria do quadro (desenho) pode mudar conforme o tamanho escolhido alterando a inclinação do tubo superior.<br>- Ao receber a mercadoria verifique a embalagem caso haja alguma avaria não assine o comprovante de entrega.<br>- Enviamos a bicicleta pré-montada e revisada mas para melhor se acomodar na embalagem e transporte são retirados: selim pedais guidão e roda dianteira. A instalação é de responsabilidade do cliente. Por motivo de transporte e manuseio pode haver a necessidade de efetuar uma nova regulagem de câmbio ao receber o produto.<br>- Não nos responsabilizamos pela revisão final defeitos causados por mau uso montagem ou regulagem inadequada. Recomendamos que seja feita por mão de obra qualificada.","{""aro"":""26\"""",""cor"":""Amarelo Neon"",""marca"":""Colli"",""numero_de_marchas"":""21 Marchas"",""tamanho_do_quadro"":""26"",""tipo"":""Mountain Bike"",""tipo_de_suspensao"":""Dupla Suspensão""}","26""",Amarelo Neon,Colli,26,,Mountain Bike,,,,21 Marchas,Dupla Suspensão,,,,,,,,,,26,Amarelo Neon,Colli Bike,18,Não informado,Mountain Bike,Aço Carbono,GPS,Aero Preto 36 Furos,21,Dupla,Não informado,Não informado,Não informado,Não informado,Não informado,Não informado,100 Kg,Não informado,V-Brake,Colli,Amarelo Neon,Aro 26,"18""",21 Marchas,,100kg,Freio V-Brake,Aço,,,Mountain Bike,
bikediasg5||30845,Bicicleta,Bicicleta Aro 29 MTB KOG 12V Freios Hidráulicos e Trava,"<p>KOG</p><p><br></p><p><br></p><p>A KOG é uma marca da Dias Bike, baseada em toda a experiencia acumulada ao longo de mais de 30 anos no mercado de ciclismo e motocicletas. A experiencia nos permitiu desenvolver bicicletas que com um ótimo custo benefício, tanto para pedais urbanos para te levar a todos os lugares, como também bicicletas prontas para encarar os mais diversos obstáculos em uma trilha. A KOG foi pensada e desenvolvida especialmente para quem está iniciando no Mountain Bike e conciliando conforto e desempenho.</p><p><br></p><p><br></p><p>**Bike Indicada para Uso Urbano**</p><p><br></p><p><br></p><p>FICHA TECNICA</p><p><br></p><p><br></p><p>Quadro aro 29 Alumínio Cabeamento Interno</p><p><br></p><p>Suspensão de 100mm Trava no Ombro</p><p><br></p><p>Aros Aeros para Disco Folha Dupla</p><p><br></p><p>Raios Zincados</p><p><br></p><p>Pneus Aro 29 Com Arame</p><p><br></p><p>Câmara de Ar Aro 29</p><p><br></p><p>Jogo Direção Ahead Set</p><p><br></p><p>Suporte Do guidão 31.8</p><p><br></p><p>Guidão 31.8 MTB</p><p><br></p><p>Canote do Selim MTB </p><p><br></p><p>Pedal MTB Plataforma</p><p><br></p><p>Arruela Calço para Ahead Set (1cm)</p><p><br></p><p>Manopla MTB Comum</p><p><br></p><p>Abraçadeira do Selim com Blocagem</p><p><br></p><p>Selim MTB </p><p><br></p><p>Disco de Freio De 160mm Parafusos</p><p><br></p><p>Freio a Disco Hidráulico Com Pinças e Pastilhas</p><p><br></p><p><br></p><p>RELAÇÃO (TRANSMISSÃO DA BIKE)</p><p><br></p><p><br></p><p>Cassete 12V Indexado</p><p><br></p><p>Pedivela Single Alumínio Ponta Quadrada</p><p><br></p><p>Trocador Indexado Semi Automático Rapid Fire de 12V</p><p><br></p><p>Cambio Traseiro Indexado MTB 12v Velocidades</p><p><br></p><p>Cubos Cassete (K7)</p><p><br></p><p>Corrente indexada de 12 Velocidades</p><p><br></p><p>Jogo de Centro</p><p><br></p><p><br></p><p>Dias Bike</p><p><br></p><p><br></p><p>Bem vindo a Dias Bike! A Dias Bike é uma loja física e virtual que faz parte da família Dias Bike e Dias Moto Peças, que possuem mais de 10 lojas físicas e uma distribuidora atacadista, atuando no mercado de ciclismo a mais de 30 anos. A empresa comercializa bicicletas prontas, peças e acessórios para bicicletas em geral, tudo a sua disposição e com a comodidade de receber o produto em sua casa em qualquer lugar do Brasil com toda garantia de entrega e a certeza de sua satisfação.</p><p><br></p><p><br></p><p>**FOTOS MERAMENTE ILUSTRATIVAS**</p>","{""marca"":""KOG""}",,,KOG,,,,,,,,,,,,,,,,,,29,Não informado,KOG,Não informado,Não informado,MTB,Alumínio,Não informado,29,12,Trava no Ombro,Cabeamento Interno,Não informado,Não informado,Não informado,Urbano,Não informado,Não informado,Não informado,Hidráulico,KOG,"[Branco, Rosa]",Aro 29,"17""",12 Marchas,,,Freio a Disco,Alumínio,,,Mountain Bike,
diasbike||15825752578,Bicicleta,Bicicleta Aluminio Aro 29 KSW 24 Marchas Freio Hidráulico,"BICICLETA ARO 29 KSW XLT 2020 24v HIDRÁULICO<br> <br>COMPONENTES DA BIKE<br>- Quadro aro 29 Alumínio KSW XLT 2020<br>- Suspensão de 80mm de Cursor <br>- Aros Aeros para Disco Folha Dupla<br>- Raios Zincados<br>- Pneus Aro 29 Com Arame<br>- Camara de Ar Aro 29<br>- Jogo Direção Ahead Set<br>- Suporte Do guidão 31.8 Importado<br>- Guidão 31.8 MTB Importado<br>- Canote do Selim MTB Importado<br>- Pedal MTB Plataforma<br>- Arruela Calço para Ahead Set (1cm)<br>- Manopla MTB Comum<br>- Abraçadeira do Selim com Blocagem<br>- Selim MTB Básico<br>- Disco de Freio De 160mm Parafusos<br>- Freio a Disco Hidráulico Com Pinças e Pastilhas<br> <br> <br>RELAÇÃO (TRANSMISSÃO DA BIKE)<br>- Roda Livre Indexada de 8v<br>- Roda Tripla De Aço Encapado Reforçada<br>- Trocador Indexado Semi Automático Rapid Fire de 8v<br>- Cambio Dianteiro Indexado MTB 8v<br> - Cambio Traseiro Indexado MTB 8v<br>- Cubos Para RODA LIVRE<br> - Corrente indexada de 8v<br> - Jogo de Centro 122.5<br> <br> <br> <br>- Imagens da bicicleta são meramente ilustrativas.<br>- Algumas peças da bicicleta podem sofrer variações de cor e de modelo de acordo com o lote de importação.<br>- A Dias Bike não se responsabiliza por recolhimento obrigatório de impostos ICMS por st cobrado em alguns estados.<br>-Caso não haja alguém para receber o pedido no local de entrega, após as tentativas de entrega da transportadora, o frete do reenvio será de responsabilidade do comprador.<br>-Preço no site são exclusivos para venda online da loja virtual DIAS BIKE, os preços praticados em cada loja podem haver diferença entre os mesmos.<br>- Para as compras de bicicletas, as mesmas serão enviadas lubrificadas e pré-montadas, em função do transporte, a roda dianteira, guidão, selim e pedais são enviados soltos para encaixe. <br>- A garantia não Cobre Defeitos por Mau uso ou Pela Montagem Inadequada do Produto. A Montagem requer conhecimentos em mecânica e manutenção em bicicletas, por isso recomendamos que a montagem das Bicicletas seja feita por Profissionais do ramo em Oficina Especializada.<br>- Algumas Peças podem necessitar de regulagem ou alinhamento. <br>- A montagem, Regulagem e Alinhamento é por conta do comprador. <br>- A Garantia só será validada mediante a comprovação da montagem por um especialista, válida somente para o Primeiro proprietário.","{""aro"":""29\"""",""cor"":""Preto, Vermelho"",""marca"":""KSW""}","29""","Preto, Vermelho",KSW,,,,,,,,,,,,,,,,,,29,Não informado,KSW,Não informado,Não informado,MTB,Alumínio,XLT 2020,29,24,80mm de Cursor,Não informado,Não informado,Não informado,Não informado,Não informado,Não informado,Não informado,Não informado,Hidráulico,KSW,"[Preto, Vermelho]",Aro 29,"19""",24 Marchas,,,Freio a Disco,Alumínio,,,Passeio,
officebike1||PROXS1BRANCOLAR,Bicicleta,Bicicleta pro x bmx serie 1 freio v-brake aro 20,"<p>BICICLETA PRO-X BMX SERIE 1 FREIO V-BRAKE ARO 20</p><p><br></p><p><br></p><p>Bicicleta Pro-X, marca brasileira mais conceituada desde os anos 90, conhecida por seus modelos de atletas amadores e profissionais a Pro-X retornou ao mercado com uma ótima linha de produtos que vai desde modelos de entrada a profissional para a pratica de Dirt Jump, Freestyle, Miniramp, Vertical, Flatland.</p><p><br></p><p><br></p><p>A Bicicleta BMX Pro-X Série 1, além de sua qualidade e resistência, também é uma excelente opção para iniciantes no mundo do BMX. Com aros 20’’, a bicicleta oferece uma ótima estabilidade e controle, o que é essencial para quem está aprendendo a praticar manobras e freestyle.</p><p><br></p><p>Além disso, seu quadro em aço e freios V-Brake proporcionam segurança e confiabilidade, o que é fundamental para os ciclistas iniciantes. Com essas características, a BMX Pro-X Série 1 é a escolha certa para quem deseja iniciar na prática do BMX com uma bicicleta de qualidade e segura.</p><p><br></p><p>Fotos ilustrativas / a cor real do produto pode ser ligeiramente diferente devido a diferença de calibragem de telas.</p><p><br></p><p>OBS: Os Pneus podem variar a cor dependendo do lote de fabricação da bicicleta sendo, preto / preto com faixa bege / preto com faixa branca.</p><p><br></p><p><br></p><p>Características:</p><p><br></p><p>Garantia do Fabricante: 3 Meses</p><p><br></p><p>Recomendações de Uso: Iniciantes no esporte</p><p><br></p><p>Material do Quadro: Quadro BMX Aço</p><p><br></p><p>Modelo e Composição do Guidão: Guidão BMX em Aço</p><p><br></p><p>Modelo e Composição do Garfo: Garfo BMX em Aço</p><p><br></p><p>Movimento Central: 45mm</p><p><br></p><p>Movimento Direção: Standard</p><p><br></p><p>Modelo e Composição do Freios: Freios V-Brake </p><p><br></p><p>Tipo de Engrenagem: Catraca 18 Dentes e Coroa 36 Dentes</p><p><br></p><p>Marca e Composição do Pedivela: Pedivela Monobloco em Aço</p><p><br></p><p>Modelo de Pedal: Pedal Nylon</p><p><br></p><p>Pneus: Aro 20 </p><p><br></p><p>Modelo e Composição do Aro: Aro 20 Alumínio 36 Furos Aero</p><p><br></p><p>Marca e Composição dos Cubos: Cubos em Aço 36 Furos</p><p><br></p><p>Material do Canote: Aço</p><p><br></p><p>Marca e Composição do Selim: Selim P.U.</p><p><br></p><p>Montagem do Equipamento: Bicicleta Pré Montada, necessita de montagem profissional, para ajustes de freio e outros componentes.</p>","{""aro"":""20\"""",""cor"":""Branco"",""tipo"":""Cross, BMX""}","20""",Branco,,,,"Cross, BMX",,,,,,,,,,,,,,,20,Não informado,Pro-X,Não informado,Não informado,BMX,Aço,Série 1,20,Não informado,Não informado,Não informado,Não informado,Não informado,Não informado,"Dirt Jump, Freestyle, Miniramp, Vertical, Flatland",Não informado,Não informado,Não informado,V-Brake,Pro-X,Branco,Aro 20,,,,,Freio V-Brake,Aço,,,,
southoficial||130017,Bicicleta,Bicicleta 29 GT Sprint 27 Marchas index Modelo MX7 Freio a Disco Quadro Alumínio,"<p>A Bicicleta GT Sprint MX7 27V possui um lindo design com cores vibrantes, quadro em alumínio 6061 que oferece resistência, leveza e durabilidade. E não para por aqui! Com 27 combinações de marchas, trocador de engate rápido seu desempenho nas subidas e descidas é garantido, para sua segurança a bike vem equipada com freios a disco que oferecem maior tranquilidade nas frenagens, e proporcionando conforto nas suas pedaladas a bicicleta possui uma suspensão que ajuda a amortecer os impactos em diferentes tipos de terrenos.</p><p>Descrição dos Componentes:</p><p>Quadro Marca GT Sprint - Modelo MX7 Aro 29 em Alumínio 6061<br>Garfo Suspensão Aro 29 </p><p>Câmbio Dianteiro Importado 3v index<br>Câmbio Traseiro Imp. 9v index<br>Trocador de Marchas Rapid Fire engate rápido - IMP 27V index<br>Pedivela Em Aço 24/34/42<br>Catraca / Roda Livre 9v Index<br>Corrente 9V Index</p><p>Freio a Disco 160mm Preto - MECÂNICO<br>Cubos Aço p/ Disco 36f Preto com Blocagens<br>Aros Aero 36 Furos Folha Dupla Alumínio<br>Câmara de Ar 29 x 1.95 Bico Grosso<br>Pneu Aro 29 Cravo Baixo</p><p>Guidão Preto em Alumínio Expandido Reto<br>Suporte de Guidão / Mesa Preto em Alumínio<br>Canote de Selim Preto 27.2<br>Banco / Selim - Sport</p><p>Movimento Central Roller 122.5 Preto Selado<br>Movimento de Direção Over </p><p>OBSERVAÇÕES IMPORTANTES:<br><br>MONTAGEM<br>- Bicicleta pré-montada, revisada e devidamente embalada.<br>- A instalação é de responsabilidade do consumidor, orientamos que seja efetuada por mão de obra especializada.<br>- Por motivo de transporte e manuseio, pode haver a necessidade de efetuar uma revisão (câmbios, freios) ao receber o produto.<br><br>GARANTIA - Fábrica / 3 Meses<br>NÃO COBRE DEFEITOS POR MAU USO OU PELA MONTAGEM / REVISÃO INADEQUADA DO PRODUTO.<br>- A garantia será validada para as bicicletas montadas e revisadas por uma oficina especializada e é referente apenas ao primeiro proprietário.<br>- A garantia não se aplica para os itens de desgaste natural.<br><br>OUTRAS OBSERVAÇÕES:<br>- As fotos do anúncio são feitas com quadros do tamanho 17''.<br>- Pode haver alguma diferença de tonalidade entre a imagem e o produto real, por conta do tratamento de imagens e a calibração de cores da sua tela.<br>- Dependendo o lote do produto, algumas peças podem ter cores diferentes das imagens.</p>","{""tamanho_do_quadro"":""15""}",,,,15,,,,,,,,,,,,,,,,,29,Não informado,GT,Não informado,Não informado,Não informado,Alumínio,Sprint MX7,29,27,Não informado,Não informado,Não informado,Não informado,Não informado,Não informado,Não informado,Não informado,Não informado,Disco,GT Sprint,"[Preto, Rosa]",Aro 29,"15""",27 Marchas,,,Freio a Disco,Alumínio,,,Passeio,
draisbike||265-4437,Bicicleta,Bicicleta 29 KSW XLT 24 Marchas Freio a Disco Alumínio MTB Suspensão Dianteira 32r,"Com um visual imponente e design ergonômico, é uma ótima opção para quem busca leveza, conforto, segurança e estilo em passeios ou trilhas leves.<br>O quadro e pedivela em alumínio deixam a bicicleta mais leve, as 24 combinações de marchas oferecem um bom desempenho em todo tipo de terreno, o freio a disco proporciona mais segurança nas frenagens, e as várias combinações de cor agradam todos os gostos!Atenção bicicleta não recomendada para trilhas pesadas e manobras radicais.<br>DESCRIÇÃO DOS COMPONENTESQuadro - Marca KSW - Aro 29 - QUADRO em ALUMÍNIO 6061 - TAMANHO - 15'', 17'', 19'' e 21''<br>Suspensão Aro 29 PRETO 80MMAlavanca / Trocador Ez-Fire Engate Rápido 24V - (Imp.)<br>Câmbio Dianteiro IMP. 3V<br>Câmbio Traseiro IMP. 8V<br>Pedivela Reduzido Preto (Imp.) 24/34/42T<br>Catraca / Roda Livre (Imp.) 8v Index<br>Corrente (Imp.) Index 8VFreio a Disco 160mm Preto - MECÂNICO (Imp.)<br>Cubos p/ Disco 32f rosca Preto com blocagens<br>Aros Aero 32 Furos Folha Dupla Alumínio Preto com Adesivos Personalizados<br>Câmara de Ar (Imp.) 29 x 1.95 Bico Grosso<br>Pneu (Imp.) 29x2.10 Cravo BaixoGuidão Mega Over Expandido Preto 31.8mm<br>Suporte de Guidão / Mesa Preto em Alumínio 31.8mm<br>Abraçadeira C/ Blocagem em Alumínio Preto<br>Canote de Selim Preto em Alumínio<br>Banco / Selim - SportMovimento Central Roller 122mm Preto Selado (Rolamento)<br>Movimento de Direção Aheadset Preto<br>Espaçador Aheadset Em Alumínio 3PÇ<br>Manopla Preto Confort Plus OBSERVAÇÕES:- As fotos do anúncio são feitas com quadros do tamanho 17''.- Pode haver alguma diferença de tonalidade entre a imagem e o produto real. GARANTIAA garantia será validada para as montadas e revisadas por uma oficina especializada e é referente apenas ao primeiro proprietário.A garantia não se aplica para os itens de desgaste natural, tais como: Pneu, câmaras, cabos, sapatas de freio, centragem de aros, pinturado quadro, componentes da transmissão (corrente, engrenagens do pedivela, engrenagens do cassete).","{""aro"":""29\"""",""cor"":""Cinza, Preto"",""marca"":""KSW"",""tipo"":""Mountain Bike"",""tipo_de_suspensao"":""Suspensão Dianteira""}","29""","Cinza, Preto",KSW,,,Mountain Bike,,,,,Suspensão Dianteira,,,,,,,,,,29,Não informado,KSW,15 17 19 e 21,Não informado,MTB,Alumínio,XLT,29,24,Dianteira,Não informado,Não informado,Não informado,Não informado,Não informado,Não informado,Não informado,Não informado,Disco,KSW,"[Cinza, Preto]",Aro 29,"19""",24 Marchas,Dianteira,,Freio a Disco,Alumínio,,,Mountain Bike,
lojabikehub||4010053,Bicicleta,Bicicleta mtb tsw hunch plus 27v tam 15.5 flamingo,"Satisfação garantida para ciclistas iniciantes ou intermediários! Se você está em busca de um equipamento de qualidade associado a um ótimo custo-benefício, a Hunch Plus 27 v. é para você. Aposte numa bike que te leve a viver a alegria de ser um ciclista de forma autêntica e acessível. Pedale uma TSW Hunch Plus! Esta bike possui quadro em alumínio com aro 29, kit transmissão composto pelos importantes itens do grupo Shimano, movimento de direção Mega Over e freio Shimano Hidráulico. Fizemos importantes atualizações nos quadros da linha Hunch. Além dos acertos de geometria, o quadro agora tem cabeamento interno, para todos os cabos e suporte de freio no sistema Post Mount, reduzindo vibrações do disco e deixando a frenagem mais eficiente, o que torna a bike ainda mais trilheira O atrito marcante entre bike x solo vai ficar sob encargo dos aderentes Pneus Arisun Mount Bona / Graham Leve, prática, ágil e moderna, a bicicleta da TSW 2021/2021 Hunch será a melhor companheira para os pedais em estradas e até mesmo passeios pela cidade. Fabricada em aro 29, a TSW investiu em atualizações da geometria do quadro, assim como grafismo, para que o ciclista iniciante desenvolva uma melhor performance. Possui quadro TSW Hunch em alumínio com acabamento interno parcial e direção mega over, canote em 17,2mm. Sua suspensão dianteira possui 9mm e ajuste com trava remota oferecendo um melhor impacto durante o pedal. Projetada com conjunto de freio a disco hidraúlico, a Bicicleta Aro 29 Tsw Hunch , oferece para seus pedais uma melhor tração com os Pneus Arisun 29, acompanhado com camara de ar 29 e válvula presta. A nova bike da TSW entrega uma proposta com a configuração toda atualizada para você aproveitar todas as aventuras da modalidade MTB. Especificações da Bicicleta Aro 29 TSW Hunch 2021/2022 - Cinza e Verde Quadro TSW Hunch| Alumínio 6061 | Direção mega over 44mm| Freio a disco | Eixo Traseiro 135mm| Canote 17.2 mm | Largura máxima de Pneu 29? x 2.2? | Peso máximo até 120 kg; Suspensão dianteira TSW | Eixo de 9 mm | Ahead | Trava Remota Movimento de direção Mega Over Guidão X-Time | Reto | Alumínio | 31.8 x 740 mm | 9o Backsweep Suporte de guidão X-Time | Alumínio | 80 mm | 7° Manopla MTB-TSW light Conjunto de freio Disco | Hidráulico | Shimano EF 505 Disco de freio Shimano RT-10 | Center lock | 160 mm Aro / Raio TSW T6300 | Freio a disco | 32 furos | Parede Dupla | 29? ? 622 x 19 mm / Raio: Preto | 292/293 x 2.0 mm | Niple Cubo Shimano TX 505 | Dianteiro/Traseiro | 32 Furos | Alumínio Pneu / Câmara de ar Pneu: Arisun Bona/Graham 29? | Câmara: 29? | Válvula Presta 48 mm Pedivela Shimano TY-301 | Triplo | 24/34/42T Corrente KMC | 8 Velocidades Movimento central 34.7 | 122.5 mm Cassete Shimano | 8 Velocidades | 11-34T Câmbio dianteiro Shimano M FD-M313 | 34.9 mm Com adaptador | Abraçadeira alta Câmbio traseiro Shimano Altus M310 | 8 Velocidades Alavanca Alavanca/Manete de freio | Shimano EF- 505 24 velocidades Selim MTB | TSW | Vazado Canote X-Time | 27.2 x 400 mm | Slim Abraçadeira X-Time | 31.8 mm | Blocagem Pedal Plataforma | MTB | Alumínio | Preto","{""marca"":""TSW"",""tipo"":""Mountain Bike""}",,,TSW,,,Mountain Bike,,,,,,,,,,,,,,,29,Cinza e Verde,TSW,155,Não informado,mtb,Alumínio,Hunch Plus,29,24,Dianteira,Trava Remota,Não informado,Não informado,Não informado,MTB,Não informado,120 kg,Não informado,Disco Hidráulico,TSW Bike,,Aro 29,"15""",27 Marchas,Dianteira,120kg,Freio a Disco,Alumínio,,,Mountain Bike,
gmcomercioedistribuicao||5123188,Bicicleta,Bicicleta Feminina Aro 20 Antonella Verde Água com Capacete,"<p><strong>Bicicleta Feminina Aro 20 Antonella, cor Verde Água, marca Nathor.</strong><br><br>A Nathor é a maior fabricante de bicicletas infantis da América Latina, sendo também responsável pelo abastecimento de grandes marcas.<br>A Bicicleta Antonella é a grande novidade do momento!<br><br>Fabricada com um resistente quadro em aço carbono.<br>Contém também uma relação de transmissão projetada para trazer mais facilidade e conforto ao pedalar.<br><br>A Bicicleta Antonella vai fazer a alegria das meninas que querem diversão e aventura.<br>Sua filha vai adorar!<br><br><strong>Características:</strong><br>- Mesa Head-Set<br>- Aro em alumínio<br>- Maçaneta com ajuste do freio<br>- Movimento central avançado<br>- Pezinho de descanso exclusivo<br>- Pneus com câmara<br>- Freios V-brake<br>- Paralamas<br>- Cestinha<br>- Idade mínima recomendada: A partir de 8 anos<br>- Tamanho da roda: 20<br>- Altura máxima recomendada: 120-150cm<br>- Peso máximo recomendado: 55kg<br>- Peso do produto: 10,6kg<br>- Garantia 3 meses<br><br><br><strong>Capacete Infantil com Regulagem Rosa Nathor</strong><br><br>O capacete Nathor proporciona conforto e segurança para seu filho. <br><br>É dotado de 10 entradas de ar na parte superior do casco, garantindo a boa circulação no interior do capacete. <br>Permite o ajuste do capacete em relação à medida da circunferência da cabeça da criança, proporcionando maior conforto e segurança.</p> <p><strong>Características: </strong><br> - Casco em PP <br>- Interior em EPS<br>- Desindade de 60g/cm3<br>- Espumas Internas<br>- Regulador de Circunferência<br>- Atende a Norma EN 1078<br>- Idade recomendada: A partir de 3 anos<br>- Tamanho P (circunferência da cabeça 50-56cm ) <br>- Peso - 281g<br>- Garantia de 3 meses contra defeito de fabricação<br><br><strong>Invista na segurança e diversão de seu filho!</strong><br>Obs.: Para medir a cabeça da criança, basta usar uma fita métrica na altura da testa.<br><br><strong>Como você receberá a Bicicleta?</strong><br>Todas as Bicicletas são enviadas semi-montadas, com algumas partes desencaixadas/desmontadas para melhor acomodação na caixa.<br>Caso tenha um conhecimento básico, você mesmo poderá montar a bicicleta, mas recomendamos que a montagem seja feita em uma oficina especializada, para garantir o máximo de desempenho e segurança.<br>O custo da montagem é de responsabilidade do comprador.</p>","{""aro_de_roda"":""20\"""",""cor"":""Verde"",""genero"":""Feminino"",""marca"":""Nathor""}",,Verde,Nathor,,Feminino,,,,"20""",,,,,,,,,,,,20,Verde Água,Nathor,Não informado,Feminino,Infantil,Aço carbono,Antonella,Não informado,Não informado,Não informado,"Mesa Head-Set, Aro em alumínio, Maçaneta com ajuste do freio, Movimento central avançado, Pezinho de descanso exclusivo, Pneus com câmaras, Freios V-brake, Paralamas, Cestinha",Não informado,Não informado,Não informado,Não informado,Não informado,55kg,Capacete Infantil com Regulagem Rosa Nathor,V-brake,Nathor,Verde Água,Aro 20,,,,55kg,Freio V-Brake,Aço,,Feminino,,
cdtbikes||NERO4GRAF21TIPO1,Bicicleta,Bicicleta Aro 29 Absolute Nero 4 Alumínio Cabos Internos 21v Freio a Disco Garfo Suspensão - Grafite,"<p>Bike aro 29 em alumínio, nova na caixa a pronta entrega, produto com ótima qualidade e acabamento, cabeamento interno, possui 21 marchas com sistema de alavancas rapid fire que a cada clique uma marcha é trocada, garfo com suspensão, sistema de freio a disco mecânico. Bicicleta pré montada, vai precisar apenas fixar a roda dianteira, guidão, selim e pedais. Segue abaixo características da bike:</p><p><br></p><p>Quadro Absolute Nero 4 Alumínio 6061 - Cabos Internos</p><p>Garfo 29 suspensão curso 60mm</p><p>Suporte do guidão em alumínio preto</p><p>Guidão 31.8mm em alumínio preto</p><p>Canote do selim 27.2</p><p>Selim Sport preto</p><p>Abraçadeira do Selim alumínio Preto</p><p>Aros Aero Parede dupla reforçado</p><p>Raios Pretos</p><p>Cubos Pretos com blocagens</p><p>Pneus 29 Cravudinhos</p><p>Movimento central selado rolamentado</p><p>Freios a disco Mecânicos com discos inox 160mm</p><p>Alavancas Semi-automáticas Rapid Fire</p><p>Câmbio Traseiro Index Iportados</p><p>Câmbio Dianteiro Importado</p><p>Corrente Index</p><p>Pedivela Aço Revestido</p><p>Pedal Plataforma Nylon preto</p><p>Roda Livre 7v index dourada(rosca)</p><p><br></p><p>Recomendamos que seja feita uma revisão por um técnico após a recebimento do produto, para reajuste e regulagem, pois no transporte pode acontecer de alguma peça soltar ou desregular</p><p>Fotos meramente ilustrativas</p>","{""aro"":""29\"""",""cor"":""Preto, Grafite"",""tamanho_do_quadro"":""21""}","29""","Preto, Grafite",,21,,,,,,,,,,,,,,,,,29,Grafite,Absolute,Não informado,Não informado,Não informado,Alumínio,Nero 4,29,21,Suspensão,"Cabos Internos, Garfo Suspensão, Freio a Disco",Não informado,Não informado,Não informado,Não informado,Não informado,Não informado,Não informado,Disco,Absolute,Grafite,Aro 29,"21""",21 Marchas,,,Freio a Disco,Alumínio,,,Passeio,
bikediasg5||15969094978,Bicicleta,Bicicleta MTB Aro 29 KSW 24V Freio a Disco Cubo Cassete 8V,"BICICLETA ARO 29 24 VELOCIDADES FREIOS A DISCO MECÂNICO CUBOS K7<br> <br>COMPONENTES DA BIKE<br> <br>-Quadro aro 29 Alumínio 6061<br>-Suspensão de 80mm<br>-Aros Aeros para Disco Folha Dupla em Alumínio<br>-Raios Zincados<br>-Pneus Aro 29 Com Arame<br>-Câmara de Ar Aro 29<br>-Jogo Direção Ahead Set Semi Integrado<br>-Suporte Do guidão Alumínio 31.8<br>-Guidão em Alumínio 31.8 MTB<br>-Canote do Selim MTB<br>-Pedal MTB Plataforma para Testes<br>-Arruela Calço para Ahead Set (1cm)<br>-Manopla MTB Comum<br>-Abraçadeira do Selim com Blocagem<br>-Selim MTB<br>-Disco de Freio De 160mm Parafusos<br>-Freio a Disco Mecânico Com Pinças e Pastilhas<br> <br>RELAÇÃO (TRANSMISSÃO DA BIKE)<br> <br>-Pedivela Aço Reforçado 3v<br>-Trocador Indexado Semi Automático Rapid Fire de 3x8v<br>-Cambio Dianteiro 3v Indexado MTB<br>-Cambio Traseiro 8v Indexado MTB<br>-Cubos Com Blocagem Sistema Cassete<br>-Cassete Indexado de 8 Velocidades 11-32D Importado<br>-Corrente Indexado Indexado Importado 8V<br>-Jogo de Centro 122.5 selado rolamentado<br> <br>Imagens da bicicleta são meramente ilustrativas.<br>Algumas peças da bicicleta podem sofrer variações de cor e de modelo de acordo com o lote de importação.<br>A Dias Bike não se responsabiliza por recolhimento obrigatório de impostos ICMS por ST cobrado em alguns estados.<br>Caso não haja alguém para receber o pedido no local de entrega, após as tentativas de entrega da transportadora, o frete do reenvio será de responsabilidade do comprador.<br>Preço no site são exclusivos para venda online da loja virtual DIAS BIKE, os preços praticados em cada loja podem haver diferença entre os mesmos.<br>Para as compras de bicicletas, as mesmas serão enviadas lubrificadas e pré-montadas, em função do transporte, a roda dianteira, guidão, selim e pedais são enviados soltos para encaixe.<br>A garantia não Cobre Defeitos por Mau uso ou Pela Montagem Inadequada do Produto. A Montagem requer conhecimentos em mecânica e manutenção em bicicletas, por isso recomendamos que a montagem das Bicicletas seja feita por Profissionais do ramo em Oficina Especializada.<br>Algumas Peças podem necessitar de regulagem ou alinhamento.<br>A montagem, Regulagem e Alinhamento é por conta do comprador.<br>A Garantia só será validada mediante a comprovação da montagem por um especialista, válida somente para o Primeiro proprietário.","{""cor"":""Vermelho, Preto"",""tipo"":""Mountain Bike""}",,"Vermelho, Preto",,,,Mountain Bike,,,,,,,,,,,,,,,29,Não informado,KSW,Não informado,Não informado,MTB,Alumínio,Não informado,29,24,80mm,Não informado,Não informado,Não informado,Não informado,Não informado,Não informado,Não informado,Não informado,Disco Mecânico,KSW,"[Vermelho, Preto]",Aro 29,"17""",24 Marchas,,,Freio a Disco,Alumínio,,,Mountain Bike,
bikediasg5||30812,Bicicleta,Bicicleta Aro 29 MTB KOG 12V Freios Hidráulicos e Trava,"<p>KOG</p><p><br></p><p><br></p><p>A KOG é uma marca da Dias Bike, baseada em toda a experiencia acumulada ao longo de mais de 30 anos no mercado de ciclismo e motocicletas. A experiencia nos permitiu desenvolver bicicletas que com um ótimo custo benefício, tanto para pedais urbanos para te levar a todos os lugares, como também bicicletas prontas para encarar os mais diversos obstáculos em uma trilha. A KOG foi pensada e desenvolvida especialmente para quem está iniciando no Mountain Bike e conciliando conforto e desempenho.</p><p><br></p><p><br></p><p>**Bike Indicada para Uso Urbano**</p><p><br></p><p><br></p><p>FICHA TECNICA</p><p><br></p><p><br></p><p>Quadro aro 29 Alumínio Cabeamento Interno</p><p><br></p><p>Suspensão de 100mm Trava no Ombro</p><p><br></p><p>Aros Aeros para Disco Folha Dupla</p><p><br></p><p>Raios Zincados</p><p><br></p><p>Pneus Aro 29 Com Arame</p><p><br></p><p>Câmara de Ar Aro 29</p><p><br></p><p>Jogo Direção Ahead Set</p><p><br></p><p>Suporte Do guidão 31.8</p><p><br></p><p>Guidão 31.8 MTB</p><p><br></p><p>Canote do Selim MTB </p><p><br></p><p>Pedal MTB Plataforma</p><p><br></p><p>Arruela Calço para Ahead Set (1cm)</p><p><br></p><p>Manopla MTB Comum</p><p><br></p><p>Abraçadeira do Selim com Blocagem</p><p><br></p><p>Selim MTB </p><p><br></p><p>Disco de Freio De 160mm Parafusos</p><p><br></p><p>Freio a Disco Hidráulico Com Pinças e Pastilhas</p><p><br></p><p><br></p><p>RELAÇÃO (TRANSMISSÃO DA BIKE)</p><p><br></p><p><br></p><p>Cassete 12V Indexado</p><p><br></p><p>Pedivela Single Alumínio Ponta Quadrada</p><p><br></p><p>Trocador Indexado Semi Automático Rapid Fire de 12V</p><p><br></p><p>Cambio Traseiro Indexado MTB 12v Velocidades</p><p><br></p><p>Cubos Cassete (K7)</p><p><br></p><p>Corrente indexada de 12 Velocidades</p><p><br></p><p>Jogo de Centro</p><p><br></p><p><br></p><p>Dias Bike</p><p><br></p><p><br></p><p>Bem vindo a Dias Bike! A Dias Bike é uma loja física e virtual que faz parte da família Dias Bike e Dias Moto Peças, que possuem mais de 10 lojas físicas e uma distribuidora atacadista, atuando no mercado de ciclismo a mais de 30 anos. A empresa comercializa bicicletas prontas, peças e acessórios para bicicletas em geral, tudo a sua disposição e com a comodidade de receber o produto em sua casa em qualquer lugar do Brasil com toda garantia de entrega e a certeza de sua satisfação.</p><p><br></p><p><br></p><p>**FOTOS MERAMENTE ILUSTRATIVAS**</p>","{""marca"":""KOG"",""tamanho_do_quadro"":""15""}",,,KOG,15,,,,,,,,,,,,,,,,,29,Não informado,KOG,Não informado,Não informado,MTB,Alumínio,Não informado,29,12,100mm Trava no Ombro,Cabeamento Interno,Não informado,Não informado,Não informado,Urbano,Não informado,Não informado,Não informado,Hidráulico,KOG,"[Rosa, Preto]",Aro 29,"15""",12 Marchas,,,Freio a Disco,Alumínio,,,Mountain Bike,
diasbike||16013446426,Bicicleta,Bicicleta Aro 29 KOG 24 Marcha Freio Disco Hidráulico,"Dias Bike<br> <br>Bem vindo a Dias Bike! A Dias Bike é uma loja física e virtual que faz parte da família Dias Bike e Dias Moto Peças, que possuem mais de 10 lojas físicas e uma distribuidora atacadista, atuando no mercado de ciclismo a mais de 30 anos. A empresa comercializa bicicletas prontas, peças e acessórios para bicicletas em geral, tudo a sua disposição e com a comodidade de receber o produto em sua casa em qualquer lugar do Brasil com toda garantia de entrega e a certeza de sua satisfação.<br> <br>KOG<br> <br>A KOG é uma marca da Dias Bike, baseada em toda a experiencia acumulada ao longo de mais de 30 anos no mercado de ciclismo e motocicletas. A experiencia nos permitiu desenvolver bicicletas que com um ótimo custo benefício, tanto para pedais urbanos para te levar a todos os lugares, como também bicicletas prontas para encarar os mais diversos obstáculos em uma trilha. A KOG foi pensada e desenvolvida especialmente para quem está iniciando no Mountain Bike e conciliando conforto e desempenho.<br> <br> <br>**Bike Indicada para Uso Urbano**<br> <br> <br>COMPONENTES DA BIKE<br> <br>- Quadro aro 29 Alumínio<br>- Suspensão de 80mm de Cursor <br>- Aros Aeros para Disco Folha Dupla em Alumínio<br>- Raios Zincados na cor Preto<br>- Pneus Aro 29 Com Arame<br>- Camara de Ar Aro 29<br>- Jogo Direção Ahead Set<br>- Suporte Do guidão 31.8 em Alumínio<br>- Guidão 31.8 MTB em Alumínio<br>- Canote do Selim MTB em Alumínio<br>- Pedal MTB Plataforma<br>- Arruela Calço para Ahead Set (1cm)<br>- Manopla MTB com Ótimo grip<br>- Abraçadeira do Selim com Blocagem<br>- Selim MTB<br>- Disco de Freio De 160mm com 6 Parafusos<br>- Freio a Disco Hidráulico Com Pinças e Pastilhas<br> <br>RELAÇÃO (TRANSMISSÃO DA BIKE)<br> <br>- Roda Livre Indexada de 8v<br>- Roda Tripla De Aço Encapado Reforçada<br>- Trocador Indexado Semi Automático Rapid Fire de 3x8v<br>- Cambio Dianteiro 3V Indexado<br>- Cambio Traseiro 7V Indexado<br>- Cubos Para Roda Livre<br>- Corrente indexada de 8v<br>- Jogo de Centro 122.5 Selado Rolamentado","{""cor"":""Branco, Preto"",""tamanho_do_quadro"":""15"",""tipo"":""Mountain Bike""}",,"Branco, Preto",,15,,Mountain Bike,,,,,,,,,,,,,,,29,Não informado,KOG,Não informado,Não informado,Mountain Bike,Alumínio,Não informado,29,24,80mm de Cursor,Não informado,Não informado,Não informado,Não informado,Urbano,Não informado,Não informado,Não informado,Disco Hidráulico,KOG,"[Branco, Preto]",Aro 29,"15""",24 Marchas,,,Freio a Disco,Alumínio,,,Passeio,
sportmotosebike||0622f846eaed11ebb5d14201ac18500e,Bicicleta,Bicicleta Aro 12 Gatinha Com Cestinha E Garrafinha - Nathor,"Há mais de 30 anos no mercado tradicional e agora na internet. A Badulak's Brinquedos tem a missão de garantir a alegria das crianças e a satisfação total do seu cliente, tanto nos produtos quanto no atendimento. Assim estabelecendo uma relação de amizade e confiança! Muita diversão e aventura com a linda bicicleta Gatinha com cestinha da Nathor. Ideal para crianças com idade a partir de 3 anos ou com altura entre 90cm e 1m. A linda bicicleta aro 12 vai encantar as meninas e leva-las a um mundo de diversão. Resistente e segura, pedalar vai se tornar um habito para as meninas. Com o limitador de giro, a criança garante mais equilíbrio e segurança ao pedalar. A regulagem de ângulo do guidão e da altura do selim permitem que a postura do ciclista se mantenha correta, além de possibilitar que a bicicleta seja usada por mais tempo ? acompanhando o crescimento. O movimento central avançado facilita o pedalar, estimulando o aprendizado. A aro 12 Nathor também tem uma relação de transmissão que foi desenvolvida para que a velocidade que a criança atinge pedalando seja a mesma de um adulto andando; ou seja: os pais conseguem acompanhar a brincadeira com tranquilidade, garantindo ainda mais segurança durante a diversão! A bicicleta Gatinha com cestinha vem com quadro, garfo e guidão em aço carbono, limitador de giro do guidão, freio a tambor, regulagem de ângulo do guidão e da altura do selim, pneus em E.V.A., selim em PU, uma linda garrafinha e cestinha e mesa de direção em nylon reforçado. Peso máximo recomendado é de 21kg ESPECIFICAÇÕES Código de Barras: 7898322522729 Fornecedor: Nathor Idade recomendada: A partir de 3 anos Restrição: Não recomendável para menores de 3 anos por conter peças pequenas que podem ser engolidas. Itens inclusos: 1 bicicleta com cestinha Aviso: As cores podem variar entre as imagens mostradas acima e o produto. Imagens meramente ilustrativas. Certificado: Certificado pelos Órgãos Autorizados - OCP'S (Organismos de Certificação de Produto) Composição e Material: Aço carbono e EVA Garantia do fabricante: 90 dias contra defeitos de fabricação Dimensões aproximadas da embalagem (cm): 31 x 18 x 70 (alt x larg x comp) Peso aproximado do produto: 3.980g Política de envio: Com o pedido realizado e com pagamento confirmado, iniciaremos o processo de envio. Enviaremos seu pedido no mesmo dia caso o pedido tenha sido confirmado até as 15:00h. Após esse horário, os pedidos serão entregues ao correio no dia seguinte. Os pedidos realizados aos sábados, domingos e feriados serão processados no dia útil seguinte assim que o pagamento for confirmado. Política de troca e devolução: A devolução dentro do prazo de 7 dias após o recebimento do produto é garantida, desde que o mesmo não seja aberto ou violado, e a embalagem esteja em perfeito estado! A Badulak's Brinquedos oferece ainda aos seus clientes 30 dias de garantia contra defeitos de fabricação. Após este prazo, havendo qualquer problema, o cliente poderá entrar em contato com o fabricante que disponibiliza mais 60 dias de garantia contra defeitos de fabricação.","{""marca"":""Nathor""}",,,Nathor,,,,,,,,,,,,,,,,,,12,Não informado,Nathor,Não informado,Feminino,Infantil,Aço carbono,Gatinha,Não informado,Não informado,Não informado,"Cestinha, Garrafinha, Limitador de giro do guidão, Freio a tambor, Regulagem de ângulo do guidão e da altura do selim, Pneus em EVA, Selim em PU, Mesa de direção em nylon reforçado",Não informado,Não informado,Não informado,Não informado,Não informado,21kg,Não informado,Tambor,Nathor,"[Rosa, Roxo]",Aro 12,,,,21kg,,Aço,,Feminino,,
tajunabike||NERO4PTOVERM17TIPO18,Bicicleta,Bicicleta Aro 29 Absolute Nero 4 2x9 Freios Hidráulicos Garfo Com Trava Cabeamento Interno 18v Alumínio - Preto/Vermelho,"<p>Bike aro 29, com quadro Absolute Nero 4 (com cabeamento interno) nova na caixa a pronta entrega, produto com ótima qualidade e acabamento, possui 18 marchas com sistema de coroa dupla e 9 catracas (conhecido como 2x9), alavancas rapid fire que a cada clique uma marcha é trocada, câmbio dianteiro e traseiro absolute, Catraca do tipo k7 de encaixe, garfo com suspensão e sistema de trava para melhor performance, sistema de freio a disco hidráulico, pneus com cravo baixo para uso em terra e asfalto. Bicicleta pré montada, vai precisar apenas fixar a roda dianteira, guidão, selim e pedais. Segue abaixo características da bike:</p><p><br></p><p>Quadro 29 Absolute Nero 4 em Alumínio com cabeamento interno</p><p>Garfo 29 100mm suspensão com Trava no Ombro</p><p>Suporte do guidão em alumínio preto (gta, absolute, ksw-dependerá da disponibilidade no estoque)</p><p>Guidão 31.8mm em alumínio preto(gta, absolute, gti, zoom-dependerá da disponibilidade no estoque)</p><p>Canote do selim 27.2 em alumínio preto Com carrinho(gta, absolute, gti, zoom-dependerá da disponibilidade no estoque)</p><p>Selim Sport preto</p><p>Abraçadeira do Selim alumínio Preto</p><p>Aros Aero Parede dupla reforçado</p><p>Raios Pretos</p><p>Cubos Pretos Alumínio para K7 com blocagens</p><p>Pneus 29 Com Cravo</p><p>Movimento central selado rolamentado</p><p>Freios a disco Hidráulicos com discos inox 160mm(Gta ou Absolute-dependerá da disponibilidade no estoque)</p><p>Alavancas Semi-automáticas</p><p>Rapid Fire Absolute A5 2x9</p><p>Câmbio Traseiro Absolute A5</p><p>Câmbio Dianteiro Absolute A5</p><p>Corrente Index paco/dto</p><p>Pedivela Alumínio Duplo Absolute 24/38D 175mm</p><p>Pedal Plataforma Nylon preto</p><p>Cassete Absolute 9v (11, 13, 15, 18, 21, 24, 28, 34, 40D)</p><p><br></p><p>Peso de Referência 14,8kg peças descritas acima que serão enviadas de acordo com disponibilidade não tendo A opção de escolher cada uma.</p>","{""cor"":""Preto, Vermelho""}",,"Preto, Vermelho",,,,,,,,,,,,,,,,,,,29,PretoVermelho,Absolute,4,Não informado,Não informado,Alumínio,Nero 4,29,18,Com Trava,Cabeamento Interno,Não informado,Não informado,Não informado,Não informado,Não informado,Não informado,Não informado,Hidráulicos,Absolute,"[Preto, Vermelho]",Aro 29,"17""",18 Marchas,,,Freio a Disco,Alumínio,,,Passeio,
deeper||k25branco15,Bicicleta,Bicicleta Aro 29 Ksw 24v Câmbios Shimano E Freio Hidráulico,"<p>Descrição dos Componentes da Bicicleta:<br>Quadro ksw - Aro 29 em ALUMÍNIO XLT100<br>Garfo / Suspensão Aro 29 sem trava preto<br>Alavanca /Trocador ez fire IMPORTADO<br>Câmbio Dianteiro SHIMANO TOURNEY<br>Câmbio Traseiro SHIMANO TOURNEY<br>Pedivela Reduzido aço encapado<br>Movimento Central BLINDADO<br>Catraca roda livre 8v Index Importado<br>Freio a Disco 160mm Preto HIDRAULICO MANGUEIRA ORIGINAL<br>Cubos p/ Disco 36f roda livre<br>Aros Aero 36 Furos Folha Dupla Alumínio Preto Aero<br>Câmara de Ar 29 <br>Pneu (Imp.) 29<br>Guidão expandido Preto Mega over<br>Suporte de Guidão / Mesa Preto em Alumínio<br>Canote de Selim Preto em Alumínio c/carrinho embutido<br>Abraçadeira C/ Blocagem em Alumínio Preto<br>Banco / Selim<br>Pedal preto Nylon</p><p>Movimento de Direção Aheadset Preto<br>Manopla Preto<br>Espaçador Aheadset Em Alumínio 2PÇ</p><p>*************** Fotos ilustrativa ********************<br>**As fotos do anúncio são feitas com quadros do tamanho 17''.<br>**A geometria do Quadro (desenho) pode mudar conforme o tamanho escolhido.<br>**alterando desenhos tubos superior quando quadro e 19 ou 21 sendo tubo superior mais reto</p><p><br>OBS: IMAGEM MERAMENTE ILUSTRATIVA, BIKE VAI CONFORME DESCRIÇÃO<br>RECOMENDAÇÃO DE TAMANHOS<br>Altura do ciclista: 1,65 até 1,71m Tamanho de quadro 15"" á 16""<br>Altura do ciclista: 1,72 até 1,76m Tamanho de quadro 17"" á 18""<br>Altura do ciclista: 1,77 até 1,82m Tamanho de quadro 19""<br>Altura do ciclista: 1,83 até 1,90m ou mais Tamanho de quadro 21""<br>MONTAGEM<br>A biciclete é montada e engraxada, porém, para acomodação na embalagem e transporta, algumas peças são enviadas desmontadas.<br>A montagem é de responsabilidade do cliente e é necessário efetuar regulagem de câmbio ao receber o produto.<br>GARANTIA:<br>NÃO COBRE DEFEITOS POR MAU USO OU PELA MONTAGEM / REVISÃO INADEQUADA DO PRODUTO.<br>A garantia será validada para as montadas e revisadas por uma oficina especializada e é referente apenas ao primeiro proprietário.<br>A garantia não se aplica para os itens de desgaste natural, tais como:Pneu, câmaras, cabos, sapatas de freio, centragem de aros, pintura<br>do quadro, componentes da transmissão (corrente, engrenagens do péde vela, engrenagens do cassete ou roda livre ).<br>Obs: 5 dias úteis para montar e despachar</p>","{""marca"":""KSW"",""tamanho_do_quadro"":""15""}",,,KSW,15,,,,,,,,,,,,,,,,,29,Não informado,Ksw,Não informado,Não informado,Não informado,ALUMÍNIO,Não informado,29,8v,Não informado,Não informado,Não informado,Não informado,Não informado,Não informado,Não informado,Não informado,Não informado,HIDRAULICO,KSW,"[Branco, Preto]",Aro 29,,24 Marchas,,,Freio a Disco,Alumínio,,,Passeio,
magazineluiza||208593100,Bicicleta,Bicicleta Tito Mission Mountain Bike Aro 26,Nossas Mountain Bikes Mission são desenvolvidas e montadas no Brasil por gente que entende do assunto e com a tecnologia mais avançada disponível no mercado mundial.,"{""aro"":""26\"""",""cor"":""Branco, Vermelho"",""material_do_quadro"":""Alumínio"",""numero_de_marchas"":""21 Marchas"",""tipo"":""Mountain Bike""}","26""","Branco, Vermelho",,,,Mountain Bike,Alumínio,,,21 Marchas,,,,,,,,,,,26,Não informado,Tito,Não informado,Não informado,Mountain Bike,Não informado,Mission,Não informado,Não informado,Não informado,Não informado,Não informado,Não informado,Não informado,Não informado,Não informado,Não informado,Não informado,Não informado,Tito,"[Branco, Vermelho]",Aro 26,,21 Marchas,,,Freio V-Brake,Alumínio,,,Mountain Bike,
realesporte||3509p,Bicicleta,Bicicleta Athor Rider Aro 29 Shimano Altus 24V Freio Hidráulico Tam.17,"O nome Athor foi inspirado no Egito Antigo. Os Deuses Egípcios possuem histórias marcadas pela bravura e intensidade na defesa do que pregavam para a sociedade daquela época. Hathor, foi uma deusa Egípcia que detinha os princípios do amor e da beleza, e assim como todos os deuses, carregava características de força e espírito guerreiro, resumindo todo o nosso propósito.<br> <br> Para garantir a satisfação e confiança dos nossos clientes, contamos com uma fábrica moderna, equipe técnica competente e bem treinada. Todas as etapas de fabricação da bicicleta são executadas na empresa, desta forma buscamos garantir a qualidade de nossos produtos com um rigoroso controle de qualidade. Processo esse que vai desde a seleção de nossos fornecedores até o produto final, com isso fomos honrados com a certificação do INMETRO em todos nossos produtos.<br> <br> <br> Características: - Quadro: Alumínio 6061 / Tamanho 17<br> - Suspensão dianteira: 29 ATR 80mm com trava no ombro<br> - Conjunto de freios: ATR disc hidráulico<br> - Rodas: Cubos athor Cassete com aros 29"" aero<br> - Pneus: Chaoyang victory 29""x2.10<br> - Grupo: Shimano Altus M310<br> - Número de Marchas: 24 velocidades","{""cor"":""Laranja, Preto"",""marca"":""Athor"",""tipo_de_suspensao"":""Suspensão Dianteira""}",,"Laranja, Preto",Athor,,,,,,,,Suspensão Dianteira,,,,,,,,,,29,Não informado,Athor,17,Não informado,Não informado,Alumínio,Rider,29,24,29 ATR 80mm com trava no ombro,Não informado,Não informado,Não informado,Não informado,Não informado,Não informado,Não informado,Não informado,Hidráulico,Athor,"[Laranja, Preto]",Aro 29,"17""",24 Marchas,Dianteira,,,Alumínio,,,Passeio,
marczakbikeparts||15900633222,Bicicleta,Bicicleta Ksw Xlt Aro 29 21 Vel. Preto Mcz8,"<p>LEIA ATÉ O FINAL</p><p><br></p><p> Veja abaixo uma recomendação de tamanhos completa para você fazer a escolha certa de acordo com a sua altura, ao escolher o tamanho de acordo com sua altura você evita desconfortos ao pedalar! </p><p><br></p><p> RECOMENDAÇÃO DE TAMANHOS</p><p><br></p><p> Altura do ciclista: 1,55 até 1,65m – Tamanho de quadro 15""</p><p> Altura do ciclista: 1,66 até 1,76m – Tamanho de quadro 17""</p><p> Altura do ciclista: 1,77 até 1,87m – Tamanho de quadro 19""</p><p> Altura do ciclista: 1,88 até 1,98m ou mais – Tamanho de quadro 21""</p><p><br></p><p><br></p><p><br></p><p> INFORMAÇÕES IMPORTANTES</p><p><br></p><p> Temos muito respeito por você e todas as pessoas que já compraram conosco, cumprimos com excelência nosso dever como lojista que é prestar total apoio e tirar todas as duvidas antes do cliente efetuar a compra e após efetuar a compra, fazendo todo acompanhamento e processamento do pedido desde o momento da compra até a entrega estamos sempre perto de vocês nossos clientes e futuros clientes.</p><p><br></p><p> ENVIO</p><p><br></p><p> Após a finalização da compra o envio é realizado no prazo de 24 horas uteis a estimativa de entrega é gerada automaticamente após a compra. Em caso de duvida nos informe o ESTADO e o CEP do seu endereço para fazermos a simulação de prazo médio de entrega.</p><p><br></p><p> PERGUNTAS FREQUENTES</p><p><br></p><p> PORQUE DEVO COMPRAR ESTA BICICLETA?</p><p><br></p><p> R: Nosso objetivo maior é a satisfação do cliente com o produto, oferecemos nessa bicicleta componentes de qualidade, antes de enviar temos o cuidado de revisar completamente a bicicleta e engraxar para reduzir em 90% seus custos na montagem. O Quadro em alumínio muito resistente e leve.</p><p><br></p><p> A BICICLETA É BOA? POSSO UTILIZAR NA CIDADE E TRILHAS LEVES?</p><p><br></p><p> R: Sim! A bicicleta possui uma qualidade incomparável, em termos de qualidade e durabilidade é a melhor do mercado. Nossa maior prova sobre essa afirmação são nossas avaliações de centenas de clientes. Esse modelo servirá muito bem para você se aventurar nos fins de semana em trilhas leves e também no seu dia dia para ir ao trabalho, academia, mercado, faculdade, levar as crianças na escola (precisa instalar uma cadeirinha) etc...</p><p><br></p><p> E POSSÍVEL POR CADEIRINHA?</p><p><br></p><p> R: Nossa bicicleta é compatível sim com cadeirinhas para crianças, porém será necessário você adquirir um bagageiro traseiro para acoplar a cadeirinha traseira com mais segurança. E cadeirinha dianteira? Bom é possível sim a instalação de cadeirinhas dianteiras, porém não recomendamos pois reduz muito o espaço das pernas e dificulta a pilotagem, tornando perigoso.</p><p><br></p><p> ESSA BICICLETA TEM GARANTIA?</p><p><br></p><p> R: Oferecemos garantia de 90 dias em todas as nossas bicicletas recomendamos todos os nossos clientes que usem bastante a bicicleta nesse período pois a garantia cobre defeitos de fabricação, em casos de garantia fazemos um atendimento agilizado resolvendo o problema de forma rápida para que você não fique sem a sua bicicleta por muito tempo.</p><p><br></p><p> ORIENTAÇÕES SOBRE GARANTIA</p><p><br></p><p> R: É de extrema importância ao receber sua bicicleta nova que leve para montagem dos itens que vão soltos para acomodação na caixa! Mas quais itens vão soltos? Soltamos o guidão, roda dianteira, pedais, e o banco. Para acomodar na caixa e sua bicicleta ir bem protegida durante o transporte. Ao realizar a montagem em uma mecânica de bicicletas peça ao mecânico um comprovante do serviço de montagem e guarde contigo a caixa da bicicleta e o comprovante de montagem durante o período de 90 dias. </p><p><br></p><p> SOBRE NOSSA LOJA</p><p><br></p><p> Temos 20 anos de história muito amor, carinho e respeito por todos os ciclistas pois vocês ciclistas são a corrente que move nossa empresa, e tornam o mundo um lugar cada vez melhor e mais sustentável. Estamos localizados no estado do Paraná no Sul do País e fazemos envios por todo o Brasil.</p><p><br></p><p><br></p><p><br></p><p><br></p><p> ESPECIFICAÇÃO TÉCNICA</p><p><br></p><p> QUADRO:</p><p> KSW Aluminio</p><p><br></p><p> SUSPENSÃO:</p><p> Curso 80mm</p><p><br></p><p> NÚMERO DE MARCHAS:</p><p> 21 velocidades</p><p><br></p><p> ALAVANCA DE CÂMBIO:</p><p> Rapid Fire 7 velocidades Index</p><p><br></p><p> CÂMBIO DIANTEIRO:</p><p> MTB 3 velocidades Index</p><p><br></p><p> CÂMBIO TRASEIRO:</p><p> MTB 7 velocidades Index</p><p><br></p><p> CORRENTE:</p><p> MTB 7 velocidades Index</p><p><br></p><p> PEDIVELA:</p><p> Triplo Aço Recapado Index</p><p><br></p><p> RODA LIVRE :</p><p> MTB 7 velocidades Index</p><p><br></p><p> MOV. CENTRAL:</p><p> Rolamentado</p><p><br></p><p> CAIXA DE DIREÇÃO:</p><p> AHEAD SET SEMI INTEGRADA</p><p><br></p><p> GUIDÃO:</p><p> MTB Reto de Alumínio 31.8mm</p><p><br></p><p> SUPORTE DO GUIDÃO:</p><p> MTB Alumínio 31.8mm</p><p><br></p><p> MANOPLA:</p><p> Performance</p><p><br></p><p> FREIO:</p><p> A disco mecânico</p><p><br></p><p> PEDAL:</p><p> MTB NYLON</p><p><br></p><p> SELIM:</p><p> MTB</p><p><br></p><p> CANOTE DO SELIM:</p><p> Aço 27.2</p><p><br></p><p> CUBOS:</p><p> Esferados</p><p><br></p><p> AROS:</p><p> AERO ALUMINIO MTB PAREDE DUPLA</p><p><br></p><p> RAIOS:</p><p> Preto em aço</p><p><br></p><p> PNEU:</p><p> MTB 29x2.10</p><p><br></p><p> PESO:</p><p> Aprox 14kg</p>","{""cor"":""Preto, Laranja"",""marca"":""KSW""}",,"Preto, Laranja",KSW,,,,,,,,,,,,,,,,,,29,Preto,Ksw,Não informado,Não informado,Não informado,Aluminio,Xlt,Não informado,21,Não informado,Não informado,Não informado,Não informado,Não informado,Não informado,Não informado,Não informado,Não informado,A disco mecânico,KSW,"[Preto, Laranja]",Aro 29,"17""",21 Marchas,,,Freio a Disco,Alumínio,,,Passeio,
diasbike||15956317302,Bicicleta,Bike 29 MTB KSW 24V 3x8 Shimano Acera Trava no Guidão K7,"BICICLETA ARO 29 24V KIT SHIMANO ACERA E ALTUS FREIOS A DISCO HIDRÁULICO CUBOS K7 E SUSPENSÃO COM TRAVA NO GUIDÃO<br> <br>COMPONENTES DA BIKE<br><br>Quadro aro 29 Alumínio<br>Suspensão de 100mm de Curso com Trava no Guidão<br>Aros Aeros para Disco Folha Dupla<br>Raios Zincados<br>Pneus Aro 29 Com Arame<br>Câmara de Ar Aro 29<br>Jogo Direção Ahead Set<br>Suporte Do guidão 31.8<br>Guidão 31.8 MTB<br>Canote do Selim MTB<br>Pedal MTB Plataforma para Testes<br>Arruela Calço para Ahead Set (1cm)<br>Manopla MTB Comum<br>Abraçadeira do Selim com Blocagem<br>Selim MTB<br>Disco de Freio De 160mm Parafusos<br>Freio a Disco Hidráulico Com Pinças e Pastilhas<br><br>RELAÇÃO (TRANSMISSÃO DA BIKE)<br><br>Pedivela Alumínio Reforçado 3v Shimano MT101<br>Trocador Indexado Semi Automático Rapid Fire de 3x8v Shimano Altus<br>Cambio Dianteiro 3v Indexado Shimano Altus<br>Cambio Traseiro 8v Indexado Shimano Acera M360<br>Cubos Com Blocagem Sistema Cassete<br>Cassete Indexado de 8 Velocidades 11-32D Shimano<br>Corrente Indexado Indexado Shimano 8V<br>Jogo de Centro 122.5 selado rolamentado<br><br> <br>Imagens da bicicleta são meramente ilustrativas.<br>Algumas peças da bicicleta podem sofrer variações de cor e de modelo de acordo com o lote de importação.<br>A Dias Bike não se responsabiliza por recolhimento obrigatório de impostos ICMS por ST cobrado em alguns estados.<br>Caso não haja alguém para receber o pedido no local de entrega, após as tentativas de entrega da transportadora, o frete do reenvio será de responsabilidade do comprador.<br>Preço no site são exclusivos para venda online da loja virtual DIAS BIKE, os preços praticados em cada loja podem haver diferença entre os mesmos.<br>Para as compras de bicicletas, as mesmas serão enviadas lubrificadas e pré-montadas, em função do transporte, a roda dianteira, guidão, selim e pedais são enviados soltos para encaixe.<br>A garantia não Cobre Defeitos por Mau uso ou Pela Montagem Inadequada do Produto. A Montagem requer conhecimentos em mecânica e manutenção em bicicletas, por isso recomendamos que a montagem das Bicicletas seja feita por Profissionais do ramo em Oficina Especializada.<br>Algumas Peças podem necessitar de regulagem ou alinhamento.<br>A montagem, Regulagem e Alinhamento é por conta do comprador.<br>A Garantia só será validada mediante a comprovação da montagem por um especialista, válida somente para o Primeiro proprietário.<br>","{""aro"":""29\"""",""cor"":""Grafite"",""tipo"":""Mountain Bike""}","29""",Grafite,,,,Mountain Bike,,,,,,,,,,,,,,,29,Não informado,KSW,Não informado,Não informado,MTB,Alumínio,24V,29,24,Com Trava no Guidão,Freios a Disco Hidráulico,Não informado,Não informado,Não informado,Não informado,Não informado,Não informado,Não informado,Disco Hidráulico,KSW,"[Grafite, Preto]",Aro 29,"15""",24 Marchas,,,Freio a Disco,Alumínio,,,Mountain Bike,
diasjuniorbicicletas||XLTPTOPTA19TIPO10PNBEGE,Bicicleta,Bicicleta Aro 29 Ksw Xlt 24v K7 Câmbios Shimano Freio Hidráulico Garfo com Trava Pneu Faixa Bege - Preto/Prata,"<p>Bike aro 29, com quadro ksw xlt, nova na caixa a pronta entrega, produto com ótima qualidade e acabamento, possui 24 marchas com sistema de alavancas rapid fire que a cada clique uma marcha é trocada, câmbio dianteiro e traseiro shimano, Catraca do tipo k7 de encaixe, garfo com suspensão e sistema de trava para melhor performance, sistema de freio a disco hidráulico, pneus com cravo baixo para uso em terra e asfalto. Bicicleta pré montada, vai precisar apenas fixar a roda dianteira, guidão, selim e pedais. Segue abaixo características da bike:</p><p><br></p><p>Quadro 29 ksw xlt em Alumínio</p><p>Garfo 29 suspensão com Trava no Ombro</p><p>Suporte do guidão em alumínio preto</p><p>Guidão 31.8mm em alumínio preto</p><p>Canote do selim 27.2 em alumínio preto Com carrinho</p><p>Selim Sport preto</p><p>Abraçadeira do Selim alumínio Preto</p><p>Aros Aero Parede dupla reforçado</p><p>Raios Pretos</p><p>Cubos Pretos Alumínio para K7 com blocagens</p><p>Pneus 29 Com Cravo</p><p>Movimento central selado rolamentado</p><p>Freios a disco Hidráulicos com discos inox 160mm</p><p>Alavancas Semi-automáticas Rapid Fire Sunrun gta</p><p>Câmbio Traseiro shimano tz preto</p><p>Câmbio Dianteiro shimano tz preto</p><p>Corrente Index</p><p>Pedivela Alumínio Triplo Gta</p><p>Pedal Plataforma Nylon preto</p><p>Cassete K7 8v gta preto ou prata</p>","{""marca"":""KSW""}",,,KSW,,,,,,,,,,,,,,,,,,29,PretoPrata,Ksw,Não informado,Não informado,Não informado,Alumínio,Xlt,29,24,Trava,Rapid Fire,Não informado,Não informado,Não informado,Não informado,Não informado,Não informado,Não informado,Hidráulico,KSW,"[Preto, Prata]",Aro 29,"19""",24 Marchas,,,Freio a Disco,Alumínio,,,Passeio,
lojadeskdesign||3167p,Bicicleta,Bicicleta Aro 29 MTB Z3X-PRO Quadro 19 Alumínio 27V Shimano Freio Hidráulico Rosa - Raider,"Procurando por Desempenho? Então a Bicicleta Aro 29 Quadro Alumínio 27v Câmbio Shimano Freio Hidráulico Z3-X PRO Raider é a escolha certa para você. Seja para passeios urbanos, trilhas leves e moderadas, ou até como seu principal meio de transporte, a bicicleta pode trazer inúmeros benefícios para a sua saúde além de uma qualidade de vida garantida. A Mountain Bike Z3-X PRO é produzida em quadro ergonômico de alumínio e possui várias cores e tamanhos para você escolher. Além disso oferece um desempenho incrível em áreas urbanas pois foi desenvolvida com componentes super importantes para uma boa Desempenho, é capaz também de combinar 27 velocidades com trocador Rapid Fire que oferece ótimo desempenho em terrenos elevados. Este equipamento possui Câmbios Shimano e ainda Freio Hidráulico com disco de 160mm que proporciona muito mais segurança e tranquilidade nas frenagens. Venha se aventurar no universo Mountain Bike. Adicione já este equipamento no seu carrinho! <br><br>Tamanho do Quadro: 19<br>Aro: 29<br>Peso Aproximado: 16 Kg<br><br> Especificações do Equipamento: <br>Modelo Quadro: Raider Z3-X PRO<br>Material Quadro: Alumínio<br>Escala de Brilho: Brilhante<br>Material Aro: Alumínio<br>Tipo de Aro: Aero 36 Furos Folha Dupla<br>Garfo/Suspensão: Curso de 100mm com Trava no Ombro<br>Peso Suportado: Até 130 Kg<br>Tipo de Freio: Freio a Disco Hidráulico de 160mm<br>Tipo de Guidão: Reto Expandido em Alumínio 31.8mm<br>Luvas/Manopla: Borracha Flexível<br>Número de Marchas: 27 Velocidades<br>Trocador de Marchas: Rapid Fire Importado<br>Câmbio Dianteiro: Shimano 3v Indexado<br>Câmbio Traseiro: Shimano Altus 9v Indexado<br>Canote de Selim: 27.2mm em Alumínio<br>Selim: PU com Trilho de Regulagem<br>Pedivela: Triplo em Alumínio Indexado<br>Pedais: Plataforma Nylon<br>Corrente: Index 9v<br>Catraca: 9 Velocidades Indexado<br>Caixa de Direção: Semi Integrada<br>Pneus: Aro 29 Cravo Baixo<br>Rodas: Rodas Race de Parede Dupla<br>Câmaras: 29 x 1.95 Bico Grosso<br>Garantia de Fábrica: 90 dias contra defeito de fabricação<br><br> Recomendação de Quadro: <br>15 - Para ciclistas de 1,50 até 1,68 cm<br>17 - Para ciclistas de 1,68 até 1,76 cm<br>19 - Para ciclistas de 1,76 até 1,84 cm<br>21 - Para ciclistas de 1,84 até 1,98 cm<br><br>Importante: <br>- Pode haver alguma diferença de tonalidade entre a imagem e o produto real por conta do tratamento de imagens e a calibração de cores do seu monitor. <br>- A geometria do quadro (desenho) pode mudar conforme o tamanho escolhido alterando a inclinação do tubo superior. <br>- Ao receber a mercadoria verifique a embalagem caso haja alguma avaria não assine o comprovante de entrega. <br>- Enviamos a bicicleta pré-montada e revisada, mas para melhor se acomodar na embalagem e transporte são retirados: selim pedais guidão e roda dianteira. A instalação é de responsabilidade do cliente. Por motivo de transporte e manuseio pode haver a necessidade de efetuar uma nova regulagem de câmbio ao receber o produto. <br>- Não nos responsabilizamos pela revisão final ou por defeitos causados por mau uso, montagem e regulagem inadequada. Recomendamos que seja feita por mão de obra qualificada. <br>- A garantia deste produto não se aplica para os itens de desgaste natural, tais como: Pneu, câmaras, cabos, sapatas ou pastilhas de freio, centragem de aros, pintura do quadro ou componentes da transmissão (câmbios, corrente, engrenagens do pé de vela, engrenagens do cassete).","{""marca"":""Raider"",""tamanho_do_quadro"":""19"",""tipo"":""Mountain Bike""}",,,Raider,19,,Mountain Bike,,,,,,,,,,,,,,,29,Rosa,Raider,19,Não informado,MTB,Alumínio,Z3X-PRO,Não informado,27,Suspensão,Não informado,Não informado,Não informado,Não informado,Não informado,Não informado,130 Kg,Não informado,Hidráulico,Raider,Rosa,Aro 29,"19""",27 Marchas,,130kg,Freio a Disco,Alumínio,,,Mountain Bike,
pozelar||10001493-46925,Bicicleta,Bicicleta Quadro 15 Aro 29 Alumínio Altus 27 Marchas Freio a Disco Hidráulico - Dropp,"ITENS INCLUSOSManual e Acessórios de MontagemGRANDE A Bicicleta Quadro 15 Aro 29 Alumínio Altus 27 Marchas Freio a Disco Hidráulico - Dropp, foi desenvolvida para você que deseja iniciar a sua atividade no pedal e se aventurar. A escolha de uma bike que atenda as necessidades do usuário pode garantir melhor performance, segurança, e estímulo para tornar a prática em uma atividade constante e prazerosa. Recomendada para trilhas leves e passeios urbanos, conta com um quadro leve e os melhores equipamentos do mercado para garantir o seu conforto e segurança. Além de um design super moderno e descontraído com cores intensas. ESPECIFICAÇÕESDimensões <br>Quadro: 15.<br>Aro: 29.<br>Peso: 16 Kg.<br><br>Características <br>Quadro: Dropp Bikes - Modelo Aluminium Altus - Aro 29.<br>Material Quadro: Alumínio.<br>Material Aro: Alumínio 6061.<br>Garfo/Suspensão: Preto 80 mm.<br>Peso Suportado: Até 130 Kg.<br>Tipo de Aro: Aero 36 Furos folha dupla alumínio preto Aero Dropp.<br>Tipo de Freio: Freio a disco hidráulico 160 mm preto.<br>Tipo de Guidão: Expandido preto mega over 31.8 reto.<br>Suporte de Guidão: Mesa preta em alumínio 31.8mm.<br>Manopla: Preto Confort Plus.<br>Espaçador: Aheadset em alumínio 3 peças. <br>Quantidade de Marchas: 27.<br>Trocador de Marchas: EZ-Fire Engate Rápido 27v Index.<br>Câmbio Dianteiro: TZ500 Shimano 3v.<br>Câmbio Traseiro: Altus M370 Shimano 9v.<br>Banco/Selim: Sport.<br>Canote de selim: Preto em alumínio.<br>Pedivela: Reduzido EM Alumínio 24/34/42T.<br>Pedais: Plataforma nylon.<br>Corrente: Index 9V importado.<br>Cubos: Para disco 36 furos rosca preto com blocagens k7.<br>Movimento Central: Roller 122mm preto selado.<br>Movimento de Direção: Aheadset preto.<br>Pneus: 29 x 2.10 Cravo baixo.<br>Câmaras : 29 x 1.95 bico grosso.<br>Modalidade: Mountain Bike.<br>Conteúdo da Embalagem: 1 Bicicleta.<br>Volumes: 1 Volume.<br>Garantia do Fabricante: 3 meses contra defeito de fabricação.<br><br>Recomendações de Quadros:<br>15 - Para ciclistas de 1,50 até 1,60 cm.<br>17 - Para ciclistas de 1,60 até 1,72 cm.<br>19 - Para ciclistas de 1,72 até 1,83 cm.<br>21 - Para ciclistas de 1,83 até 1,98 cm.<br> Observações Importantes:<br>- Pode haver alguma diferença de tonalidade entre a imagem e o produto real, por conta do tratamento de imagens e a calibração de cores do seu monitor.<br>- A geometria do quadro (desenho) pode mudar conforme o tamanho escolhido, alterando a inclinação do tubo superior.<br>- Ao receber a mercadoria, o cliente deve verificar as condições da embalagem, caso haja alguma avaria não assine o comprovante de recebimento.<br>- Enviamos a bicicleta pré-montada, e revisada, mas para melhor se acomodar na embalagem e transporte são retirados: selim, pedais, guidão e roda dianteira. A instalação é de responsabilidade do cliente. Por motivo de transporte e manuseio, pode haver a necessidade de efetuar uma nova regulagem de cambio ao receber o produto. Não nos responsabilizamos pela revisão final da bicicleta, sugerimos que seja efetuada por mão de obra especializada.<br>- Não nos responsabilizamos por defeitos causados por mau uso, montagem ou regulagem inadequada.","{""cor"":""Branco, Verde"",""marca"":""Dropp"",""tamanho_do_quadro"":""15""}",,"Branco, Verde",Dropp,15,,,,,,,,,,,,,,,,,29,Não informado,Dropp,15,Não informado,Mountain Bike,Alumínio,Aluminium Altus,Não informado,27,Suspensão Preto 80 mm,Não informado,Não informado,Não informado,Não informado,Mountain Bike,Não informado,130 Kg,Não informado,Freio a disco hidráulico 160 mm preto,Dropp,"[Branco, Verde]",Aro 29,"15""",27 Marchas,,130kg,Freio a Disco,Alumínio,,,Mountain Bike,
draisbikeonline||303PTOBCO17,Bicicleta,"Bicicleta Drais Aro 29 24V Câmbios Shimano Freio a Disco 17"" Preto/Branco - 303","<p>Com um visual imponente e design ergonômico a bicicleta Drais, é uma ótima opção para quem busca leveza, segurança e estilo em passeios ou trilhas leves. Seu quadro em alumínio deixa a bicicleta mais leve, conta com 24 combinações de marchas oferecendo um bom desempenho em todo tipo de terreno. </p><p>DESCRIÇÃO DOS COMPONENTES<br>Quadro Drais - Modelo Aluminum - Aro 29 em alumínio 6061 (Verniz/Brilho)<br>Suspensão aro 29 preto 80mm<br>Trocador engate rápido (imp)<br>Câmbio dianteiro Shimano Tz<br>Câmbio traseiro Shimano Tz<br>Pedivela reduzido alumínio<br>Catraca roda livre 8v Index<br>Corrente (imp) Index<br>Freio a disco 160mm preto – mecânico<br>Cubos para disco 32f preto com blocagens<br>Aros aero 32 furos folha dupla alumínio preto com detalhe<br>Câmara de ar 29 x 1.95 bico grosso<br>Pneu (imp) 29x2.10 cravo baixo<br>Guidão expandido preto<br>Suporte de guidão<br>Mesa preto em alumínio<br>Canote de selim preto em alumínio<br>Abraçadeira com blocagem em alumínio preto<br>Banco / Selim - Sport confort<br>Movimento central Roller 122.5 preto selado<br>Movimento de direção Aheadset preto manopla preto confort plus<br>Espaçador Aheadset em alumínio 3 peças</p><p>MONTAGEM<br>- Enviamos a bicicleta pré-montada, revisada e devidamente embalada, para melhor se acomodar na embalagem de transporte são retirados apenas: selim, pedais, guidão e roda dianteira.<br>- O custo da montagem é de responsabilidade do cliente.<br>- Por motivo de transporte e manuseio, é necessário efetuar uma nova regulagem de câmbio ao receber o produto.<br>- Não nos responsabilizamos pela revisão final da bicicleta, sendo necessário que seja efetuada por uma oficina especializada.</p><p>GARANTIA<br>NÃO COBRE DEFEITOS POR MAU USO OU PELA MONTAGEM, REGULAGEM DE CÂMBIOS OU REVISÃO INADEQUADA DO PRODUTO.<br>- A garantia será validada para as bicicletas montadas e revisadas por uma oficina especializada e é referente apenas ao primeiro proprietário.<br>- A garantia não se aplica para os itens de desgaste natural, tais como: Pneu, câmaras, cabos, sapatas ou pastilhas de freio, alinhamento de aros, pintura do quadro, componentes da transmissão (câmbios, corrente, pé de vela, engrenagens do cassete).</p>","{""marca"":""Shimano""}",,,Shimano,,,,,,,,,,,,,,,,,,29,PretoBranco,Drais,Não informado,Não informado,Não informado,alumínio,Aluminum,29,24,Não informado,Não informado,Não informado,Não informado,Não informado,Não informado,Não informado,Não informado,Não informado,Disco,Drais Bike,"[Preto, Branco]",Aro 29,"17""",24 Marchas,,,Freio a Disco,Alumínio,,,Passeio,
diasjuniorbicicletas||NERO4BCO15TIPO21PNBEGE,Bicicleta,Bicicleta Aro 29 Absolute Nero 4 12v Garfo com Trava K7 11/50 Freios Hidráulicos Kit 1x12 Pneu com Faixa Bege - Branco,"<p>Lançamento Absolute Nero 4, melhor custo benefício pode comparar!! Kit Gta Rx de 1 x 12 velocidades, suspensão com trava no ombro, freios hidráulicos, bike vai praticamente pronta, mas precisamos tirar a roda dianteira, pedais, guidão e selim para embalar a bike na caixa, recomendamos que seja feita uma montagem final por um técnico para que se precisar fazer alguma regulagem específica, segue lista das peças que compõem a bike:</p><p><br></p><p>quadro 29 Absolute Nero 4, alumínio 6061 - cabeamento interno</p><p>garfo 29 gta com trava no ombro</p><p>caixa de direção 44MM</p><p>suporte de guidão 31.8 preto alumínio</p><p>guidão 31.8 preto alumínio</p><p>canote do selim com carrinho 27,2MM</p><p>selim sport preto</p><p>abraçadeira do canote do selim com blocagem preta</p><p>alavanca de câmbio 12V Gta Rx 12v</p><p>câmbio traseiro Gta Rx 12v</p><p>catraca cassete Gta 12V 11-50d</p><p>corrente 12V sumc gta</p><p>pedivela gta 12V coroa única ponta quadrada</p><p>movimento central 34.7 rolamentado ponta quadrada</p><p>rodas aero pretas 36f</p><p>camaras 29 bico grosso</p><p>pneus 29 pretos com cravo baixo</p><p>freios A disco hidráulicos com discos 160MM</p><p>peso médio 14,5 kg</p><p><br></p><p>Recomendamos que seja feita uma revisão por um técnico após a recebimento do produto, para reajuste e regulagem, pois no transporte pode acontecer de alguma peça soltar ou desregular</p><p>Fotos meramente ilustrativas</p>","{""tamanho_do_quadro"":""15""}",,,,15,,,,,,,,,,,,,,,,,29,Branco,Absolute,4,Não informado,Não informado,Alumínio,Nero 4,Não informado,12,Com trava no ombro,Freios Hidráulicos,Não informado,Não informado,Não informado,Não informado,Não informado,Não informado,Kit 1x12,Hidráulicos,KSW,Branco,Aro 29,"15""",12 Marchas,,,Freio a Disco,Alumínio,,,Passeio,
tajunabike||TUFFVDEX30AROPTOTIPO2,Bicicleta,Bicicleta Aro 26 Vikingx Tuff Verde 21v Alumínio Freio Hidráulico a Disco Aros Vmaxx Pretos,"<p>Bike aro 26, VIKINGX TUFF, nova na caixa a pronta entrega, produto com ótima qualidade e acabamento, possui 21 marchas com sistema de alavancas rapid fire que a cada clique uma marcha é trocada, sistema de freio a disco hidráulico, pneus slick 1.5 com faixa branca. Bicicleta pré montada, vai precisar apenas fixar a roda dianteira, guidão, selim e pedais. Segue abaixo características da bike:</p><p><br></p><p>Quadro 26 VikingX Tuff em Alumínio</p><p>Garfo aço preto 60mm suspensão</p><p>Suporte do guidão em alumínio preto</p><p>Guidão 31.8mm em alumínio preto</p><p>Canote do selim 27.2 em alumínio preto Sem carrinho</p><p>Selim Pro-X Freeride ou Yamada Mtb (dependerá da disponibilidade no estoque)</p><p>Abraçadeira do Selim alumínio Preto</p><p>Aros Vmaxx Super reforçados</p><p>Raios Finos</p><p>Cubos Pretos</p><p>Pneus 26x1.5 Slick com faixa branca</p><p>Movimento central selado rolamentado</p><p>Freios a disco Hidráulico com discos inox 160mm</p><p>Alavancas Semi-automáticas Rapid Fire</p><p>Câmbio Traseiro Importado</p><p>Câmbio Dianteiro Importado</p><p>Corrente Index</p><p>Pedivela Aço Revestido</p><p>Pedal Plataforma Nylon preto</p><p>Roda Livre 7v index dourada</p>","{""marca"":""Vikingx""}",,,Vikingx,,,,,,,,,,,,,,,,,,26,Verde,Vikingx,Não informado,Não informado,Não informado,Alumínio,Tuff,Vmaxx,21,60mm,Freio Hidráulico a Disco,Não informado,Não informado,Não informado,Não informado,Não informado,Não informado,Aros Pretos,Hidráulico a Disco,VikingX,Verde,Aro 26,,21 Marchas,,,Freio a Disco,Alumínio,,,Passeio,
draisbike||273-4683,Bicicleta,Bicicleta 29 Drais 21v Câmbio Shimano Freio a disco Hidráulico MTB  Aluminio 32r,"Quadro Marca DRAIS - Modelo ALUMINUM - Aro 29 em ALUMÍNIO 6061 (VERNIZ BRILHO)Suspensão Aro 29 PRETO 80MMTrocador Rapid-fire 21v<br>Câmbio Dianteiro Shimano TZ<br>Câmbio Traseiro Shimano TZ<br>Pedivela Reduzido ALUMINIO<br>Freio a Disco 160mm Preto - HIDRÁULICOCatraca / Roda Livre 7v Index<br>Corrente (Imp.) Index<br>Cubos p/ Disco 32f Preto com blocagens<br>Aros Aero 32 Furos Folha Dupla Alumínio Preto PERSONALIZADOCâmara de Ar 29 x 1.95 Bico Grosso<br>Pneu (Imp.) 29x2.10 Cravo Baixo<br>Guidão expandido Preto<br>Suporte de Guidão / Mesa Preto em Alumínio<br>Canote de Selim Preto em AlumínioAbraçadeira C/ Blocagem em Alumínio Preto<br>Banco / Selim - Sport / Confort<br>Movimento Central Roller 122.5 Preto Selado<br>Movimento de Direção Aheadset Preto<br>Manopla Preto Confort plus<br>Espaçador Aheadset Em Alumínio 3PÇOBSERVAÇÕES:- As fotos do anúncio são feitas com quadros do tamanho 17''.- A geometria do quadro pode mudar conforme o tamanho escolhido alterando a inclinação do tubo superior quando quadro é 19 ou 21 deixando-o mais reto.- Pode haver alguma diferença de tonalidade entre a imagem e o produto real. MONTAGEMA montagem, (por simples aperto de parafusos allem e blocagens) é de responsabilidade do cliente, por motivo de transporte / manuseio, pode ser necessário efetuar nova regulagem de câmbio ao receber o produto.A empresa não se responsabiliza pela revisão final da bicicleta, se não tiver conhecimento básico de mecânica, é sugerido que a montagem seja efetuada por oficina especializada. GARANTIAA garantia será validada para as montadas e revisadas por uma oficina especializada e é referente apenas ao primeiro proprietário.A garantia não se aplica para os itens de desgaste natural, tais como: Pneu, câmaras, cabos, sapatas de freio, centragem de aros, pinturado quadro, componentes da transmissão (corrente, engrenagens do pedivela, engrenagens do cassete).","{""aro"":""29\"""",""marca"":""Shimano"",""tipo"":""Mountain Bike""}","29""",,Shimano,,,Mountain Bike,,,,,,,,,,,,,,,29,Não informado,DRAIS,Não informado,Não informado,MTB,ALUMÍNIO 6061,ALUMINUM,29,21v,Aro 29 PRETO 80MM,Não informado,Não informado,Não informado,Não informado,Não informado,Não informado,Não informado,Não informado,a disco Hidráulico,Drais Bike,"[Preto, Branco]",Aro 29,"17""",21 Marchas,,,Freio a Disco,Alumínio,,,Mountain Bike,
clubedasferramentas||2675786,Bicicleta,Bicicleta Extreme Free Ride Aro 26 com 21 Marchas,"Descrição do Produto<br>Bicicleta de alta qualidade, ótima para diversão e exercícios.<br> <br>- Especificações Técnicas:<br> <br>:: Quadro: Alumínio Off Extreme<br>:: Garfo: Suspensão 80mm<br>:: Aros: - Aero Free Ride Folha Dupla Reforçado<br>:: Cubos: 36f Disco Com Blocagem<br>:: Pedivela: Triplo Revestido<br>:: Mov Central: 122,5mm Selado<br>:: Mov. Direção: Over Ahead Set<br>:: Freios: Disco<br>:: Marchas: 21 Velocidades<br>:: Câmbio Dianteiro: Shimano Tz-31<br>:: Câmbio Traseiro: Shimano Tz-31<br>:: Trocador: Ez Fire Com Manete<br>:: Pedal: Inglês Reforçado Nylon<br>:: Selim: Mtb Premium<br>:: Manopla: Mtb Premium<br> <br>- Conteúdo da Embalagem:<br> <br>:: 1 Bicicleta<br> <br>- Garantia: 3 Meses<br> <br>- 7898665931042<br> <br> <br><br>Ref.: ELLOBIKE-44<br><br>Marca.: ELLOBIKE","{""aro"":""26\"""",""tamanho_do_quadro"":""26""}","26""",,,26,,,,,,,,,,,,,,,,,26,Não informado,ELLOBIKE,Não informado,Não informado,Free Ride,Alumínio,Extreme,Não informado,21,80mm,Não informado,Não informado,Não informado,Não informado,Não informado,Não informado,Não informado,Não informado,Disco,Ello Bike,Preto,Aro 26,,21 Marchas,,,Freio a Disco,Alumínio,,,Passeio,
olistplus||OPMWVZ3K0ZHV8SU3,Bicicleta,Skate Infantil com Kit de Proteção - Até 13 Anos,"O Skate Infantil Menina Colorido Com Kit Proteção Segurança é perfeito para proporcionar diversão e segurança para as crianças até 13 anos. Com esse skate completo, as pequenas aventureiras poderão se aventurar no mundo do skate com facilidade e confiança.Esse skate infantil já vem montado e pronto para ser , sem complicações. Além disso, ele possui uma lixa transparente que oferece aderência excepcional e exibe o design do deck de forma elegante.O truck rígido e reforçado de poliuretano garante estabilidade e durabilidade, tornando-o perfeito para iniciantes que estão aprendendo as nuances do skate. Ele suporta até 50kg de peso, permitindo que as crianças aproveitem ao máximo a diversão do skate.O kit de proteção completo inclui capacete, joelheira, cotoveleira e luva, garantindo que as crianças estejam protegidas enquanto se divertem.Esse skate infantil é adequado tanto para meninos quanto para meninas, atendendo a uma ampla gama de gostos e preferências. Ele possui tamanho e dimensões ideais para crianças e pré-adolescentes iniciantes, proporcionando uma experiência de skate segura e divertida.Invista na diversão e no desenvolvimento das habilidades de equilíbrio das crianças com o Skate Infantil Menina Colorido Com Kit Proteção Segurança. Faça seu pedido agora e veja as crianças embarcarem em uma jornada de descoberta e diversão no skate.Palavras-chave de Busca: skate infantil, skate menina, skate completo, skate com proteção, skate com kit proteção, skate feminino, skate criança, skate juvenil, skate barato, skate semi profissional, skate , skate montado, skate street, skateboard, eskeite, esqueite, skeite, skat.",,,,,,,,,,,,,,,,,,,,,,Não informado,Não informado,Não informado,Não informado,Menina,Skate,Não informado,Infantil,Não informado,Não informado,Não informado,Kit de proteção,Não informado,Não informado,Não informado,Street,Não informado,50kg,Montado,Não informado,,,,,,,,,,,,,
angeloni2||4536439,Bicicleta,Bicicleta CALOI Snap Aro 20 7 Velocidades Amarela,"Bicicleta CALOI Snap Aro 20 7 Velocidades Amarela <br> A Bicicleta CALOI Snap Aro 20 é uma bike para meninos que gostam de se divertir pedalando com os amigos, pelos parques e ciclovias. <br><br>Com novo grafismo, freio V-Brake e quadro de aço Aro 20, a Caloi Snap é pura resistência e estabilidade, para passeios divertidos e cheios de energia. Afinal, não existe atividade mais gostosa e saudável para as crianças do que pedalar em uma bike estilosa!<br> <p>OBS.: O produto vem desmontado </p>","{""aro"":""20\"""",""cor"":""Amarelo"",""marca"":""Caloi"",""tamanho_do_quadro"":""20""}","20""",Amarelo,Caloi,20,,,,,,,,,,,,,,,,,20,Amarela,CALOI,Não informado,Meninos,Não informado,Aço,Snap,Não informado,7,Não informado,Não informado,Não informado,Não informado,Não informado,Não informado,Não informado,Não informado,Não informado,V-Brake,Caloi,Amarelo,Aro 20,,7 Marchas,,,Freio V-Brake,Aço,,,,
marczakbikeparts||15971908677,Bicicleta,Bicicleta 29 Ksw Xlt Aluminio 21v Freio a Disco,"INFORMAÇÕES DO PRODUTO<br><br> A KSW possui 21 velocidades, freio a disco e um quadro em alumínio que torna a bicicleta super leve e macia para pedalar, oferece boa performance e desenvolvimento, bicicleta ideal para ir ao trabalho com economia, realizar tarefas do dia dia com rapidez e se aventurar em trilhas leves.<br> <br> ESPECIFICAÇÃO TÉCNICA<br> <br> QUADRO: KSW Aluminio<br> SUSPENSÃO: 80mm<br> MARCHAS: 21 velocidades<br> ALAVANCA DE CÂMBIO: Rapid Fire 7 velocidades Index<br> CÂMBIO DIANTEIRO: MTB 3 velocidades Index<br> CÂMBIO TRASEIRO: MTB 7 velocidades Index<br> CORRENTE: MTB 7 velocidades Index<br> PEDIVELA: Triplo Aço Recapado Index<br> RODA LIVRE : MTB 7 velocidades Index<br> MOV. CENTRAL: Rolamentado<br> CAIXA DE DIREÇÃO: AHEAD SET MTB<br> GUIDÃO: MTB Reto de Alumínio 31.8mm<br> SUPORTE DO GUIDÃO: MTB Alumínio 31.8mm<br> MANOPLA: Performance<br> FREIO: A disco mecânico<br> PEDAL: MTB Plataforma<br> SELIM: MTB<br> CANOTE DO SELIM: Aço 27.2<br> CUBOS: Esferados<br> AROS: AERO MTB PAREDE DUPLA<br>RAIOS: Preto em aço<br> PNEU: MTB 29x2.0<br> PESO: Aprox 14kg<br> <br> RECOMENDAÇÃO DE TAMANHOS<br> <br> Altura do ciclista: 1,55 até 1,65m – Tamanho de quadro 15""<br> Altura do ciclista: 1,66 até 1,76m – Tamanho de quadro 17""<br> Altura do ciclista: 1,77 até 1,87m – Tamanho de quadro 19""<br> Altura do ciclista: 1,88 até 1,98m ou mais – Tamanho de quadro 21""<br> <br> ENVIO: Após a finalização da compra o envio é realizado em 24 horas . Para acomodação da bicicleta na caixa é desencaixado o guidão, pedais e a roda dianteira.<br> MONTAGEM: A bicicleta deve ser montada em oficina de bicicletas para preservação da garantia, guarde a nota fiscal e comprovante do montagem<br> GARANTIA: NÃO COBRE DEFEITOS POR MAU USO OU PELA MONTAGEM / REVISÃO INADEQUADA DO PRODUTO.<br> período de garantia de 90 dias nos componentes. A garantia não se aplica para itens de desgaste natural, tais como: Pneu, câmaras, cabos, sapatas de freio, centragem de aros, pintura do quadro, componentes da transmissão (corrente, engrenagens do pedivela, engrenagens do cassete ou roda livre ). Bicicletas montadas sem mão de obra especializada não se enquadram na garantia ofertada pelo fabricante. Sendo obrigatório a primeira montagem dos componentes e conferencia das marchas ser realizada em oficina especializada","{""marca"":""KSW"",""tamanho_do_quadro"":""15""}",,,KSW,15,,,,,,,,,,,,,,,,,29,Não informado,KSW,Não informado,Não informado,Não informado,Alumínio,XLT,Não informado,21,80mm,Não informado,Não informado,Não informado,Não informado,Não informado,Não informado,Não informado,Não informado,a Disco,KSW,Prata,Aro 29,"15""",21 Marchas,,,Freio a Disco,Alumínio,,,Passeio,
potencialbikes||k39azvm21,Bicicleta,"Bicicleta Aro 29 Ksw 24v Shimano Acera, Freio Hidraulico/k7","<p>Bicicleta para quem desejar uma bike mais robusta, ideal para trilhas tambem.</p><p><br></p><p><br></p><p>QUADRO : 29"" Alumínio 6061</p><p><br></p><p>SUSPENSÃO : Cursor de 80mm sem Trava</p><p><br></p><p>CAIXA DE DIREÇÃO : Semi Integrada</p><p><br></p><p>GUIDÃO : Reto ou Curvo em Alumínio 6061</p><p><br></p><p>MESA : 80mm em Alumínio 6061</p><p><br></p><p>MANOPLAS : Borracha Flexível</p><p><br></p><p>TROCADORES : Importado 3 / 8v</p><p><br></p><p>FREIOS : Hidraulico a Disco de 160mm</p><p><br></p><p>CÂMBIO TRASEIRO : Shimano Acera M360</p><p><br></p><p>CÂMBIO DIANTEIRO : Shimano Tourney TY500</p><p><br></p><p>PEDIVELA : Alumino 42/34/24</p><p><br></p><p>PEDAL : Plataforma</p><p><br></p><p>CORRENTE : Indexada de 8v</p><p><br></p><p>Catraca: Cassete/k7 de 8 Velocidades</p><p><br></p><p>CANOTE DE SELIM : 27.2mm em Alumínio 6061</p><p><br></p><p>SELIM : PU com trilho de regulagem</p><p><br></p><p>Aros : Race de Parede Dupla</p><p><br></p><p>PNEU : MTB 29 Cravo</p><p><br></p><p><br></p><p><br></p><p>OBSERVAÇÕES:</p><p><br></p><p><br></p><p>Imagens Ilustrativas. Pode haver alguma diferença de tonalidade entre a imagem e o produto real, por conta do tratamento de imagens e a calibração de cores do seu monitor ou celular!</p><p><br></p><p>As fotos do anúncio são feitas com quadros do tamanho 17.</p><p><br></p><p>A geometria do quadro (desenho) pode mudar conforme o tamanho escolhido alterando a inclinação do tubo superior quando quadro é 21 deixando-o mais reto.</p><p><br></p><p>Imagens meramente ilustrativas, podendo ter variação de peças de acordo com nosso estoque, sempre com qualidade igual ou superior!</p><p><br></p><p>Enviamos a bicicleta pré-montada, devidamente embalada, para melhor se acomodar na embalagem de transporte são retirados apenas: selim, pedais, guidão e roda dianteira.</p><p><br></p><p>NÃO COBRE DEFEITOS POR MAU USO OU PELA MONTAGEM / REVISÃO INADEQUADA DO PRODUTO.</p><p><br></p><p>A garantia será validada para as bicicletas montadas e revisadas por uma oficina especializada e é referente apenas ao primeiro proprietário.</p><p><br></p><p>A garantia não se aplica para os itens de desgaste natural, tais como: Pneu, câmaras, cabos, sapatas de freio, centragem de aros, pintura do quadro, componentes da transmissão (corrente, engrenagens do pé de vela, engrenagens do cassete)</p>","{""cor"":""Preto, Vermelho"",""marca"":""KSW"",""tipo"":""Mountain Bike""}",,"Preto, Vermelho",KSW,,,Mountain Bike,,,,,,,,,,,,,,,29,Não informado,Ksw,Não informado,Não informado,Não informado,Alumínio,Não informado,Não informado,8,Cursor,Não informado,Não informado,Não informado,Não informado,MTB,Não informado,Não informado,Não informado,Hidráulico,KSW,"[Preto, Azul, Vermelho]",Aro 29,"21""",24 Marchas,,,Freio a Disco,Alumínio,,,Passeio,
diasjuniorbicicletas||XLTBCPTOAZ19TIPO14,Bicicleta,Bicicleta aro 29 Ksw Xlt Shimano Altus 24V Freio a Disco Hidráulico Garfo com Trava - Preto/Azul,"<p>Bicicleta Ksw Xlt com Freio a disco hidráulico, garfo de suspensão com trava, quadro com ótimo acabamento e em alumínio, câmbios altus 24v.</p><p><br></p><p>Quadro 29 Ksw Xlt alumínio 6061</p><p>Garfo 29 suspensão 100mm com trava</p><p>Suporte do guidão em alumínio preto</p><p>Guidão 31.8mm em alumínio preto</p><p>Canote do selim 27.2 em alumínio preto Com Carrinho</p><p>Selim Sport Preto</p><p>Abraçadeira do Selim alumínio Preto</p><p>Aros Aero Parede dupla reforçado</p><p>Raios Pretos</p><p>Cubos Pretos alumínio com blocagens</p><p>Pneus 29 com cravo</p><p>Movimento central selado rolamentado</p><p>Freios a disco Hidráulicos Absolute com discos inox 160mm</p><p>Alavancas Semi-automáticas Rapid Fire Gta-sunrun</p><p>Câmbio Traseiro Shimano Altus M310</p><p>Câmbio Dianteiro Shimano Altus M313</p><p>Corrente Index Dto ou Paco</p><p>Pedivela Alumínio Shimano Tourney Ty301 Preto</p><p>Pedal Plataforma Nylon preto</p><p>Catraca K7 de 8v gta-sun (de encaixe)</p><p><br></p><p>Recomendamos que seja feita uma revisão por um técnico após a recebimento do produto, para reajuste e regulagem, pois no transporte pode acontecer de alguma peça soltar ou desregular</p><p>Fotos meramente ilustrativas</p>","{""aro"":""29\"""",""cor"":""Preto"",""marca"":""KSW"",""tamanho_do_quadro"":""19""}","29""",Preto,KSW,19,,,,,,,,,,,,,,,,,29,PretoAzul,Ksw,Não informado,Não informado,Não informado,alumínio,Xlt,Não informado,24,com trava,Não informado,Não informado,Não informado,Não informado,Não informado,Não informado,Não informado,Não informado,a Disco Hidráulico,KSW,"[Preto, Azul]",Aro 29,"19""",24 Marchas,,,Freio a Disco,Alumínio,,,Passeio,
diasbike||15999845876,Bicicleta,Bicicleta aro 29 KSW XLT 21 Marcha Shimano Freio a Disco,"<p>Bem vindo a Dias Bike! A Dias Bike é uma loja física e virtual que faz parte da família Dias Bike e Dias Moto Peças, que possuem mais de 10 lojas físicas e uma distribuidora atacadista, atuando no mercado de ciclismo a mais de 31 anos. A empresa comercializa bicicletas prontas, peças e acessórios para bicicletas em geral, tudo a sua disposição e com a comodidade de receber o produto em sua casa em qualquer lugar do Brasil com toda garantia de entrega e a certeza de sua satisfação.</p><p><br></p><p><br></p><p>BICICLETA ARO 29 MTB 21 VELOCIDADES FREIO A DISCO CÂMBIOS SHIMANO E SUSPENSÃO DE 80MM</p><p><br></p><p>COMPONENTES DA BIKE</p><p><br></p><p>Quadro aro 29 Alumínio 6061</p><p>Suspensão de 80mm de Cursor </p><p>Aros Aeros para Disco Folha Dupla em Alumínio</p><p>Raios Zincados na cor Preto</p><p>Pneus Aro 29 Com Arame</p><p>Camara de Ar Aro 29</p><p>Jogo Direção Ahead Set</p><p>Suporte Do guidão 31.8 em Alumínio</p><p>Guidão 31.8 MTB em Alumínio</p><p>Canote do Selim MTB em Alumínio</p><p>Pedal MTB Plataforma</p><p>Arruela Calço para Ahead Set (1cm)</p><p>Manopla MTB com ótimo grip</p><p>Abraçadeira do Selim com Blocagem</p><p>Selim MTB</p><p>Disco de Freio De 160mm com 6 Parafusos</p><p>Freio a Disco Mecânico Com Pinças e Pastilhas</p><p><br></p><p>RELAÇÃO (TRANSMISSÃO DA BIKE)</p><p><br></p><p>Roda Livre Indexada de 7v</p><p>Roda Tripla De Aço Encapado Reforçada</p><p>Trocador Indexado Semi Automático Rapid Fire de 7v</p><p>Cambio Dianteiro Shimano Tourney 3v</p><p>Cambio Traseiro Shimano Tourney 7v</p><p>Cubos Para Roda Livre</p><p>Corrente indexada de 7v</p><p>Jogo de Centro 122.5 Selado Rolamentado</p>","{""cor"":""Preto, Azul"",""marca"":""KSW"",""tamanho_do_quadro"":""19""}",,"Preto, Azul",KSW,19,,,,,,,,,,,,,,,,,29,Não informado,KSW,Não informado,Não informado,MTB,Alumínio,XLT,29,21,80mm,Não informado,Não informado,Não informado,Não informado,Não informado,Não informado,Não informado,Não informado,Disco,KSW,"[Preto, Azul]",Aro 29,"19""",21 Marchas,,,Freio a Disco,Alumínio,,,Mountain Bike,
paraisodasbicicletas||T15NIP24VGRAFITE,Bicicleta,Bicicleta Aro 29 Avance 24v Câmbios Importados Mecânico,"<p>IMAGENS MERAMENTE ILUSTRATIVAS</p> <p>Quadro Marca AVANCE</p> <p>Modelo INCEPTION</p> <p>ALUMÍNIO 6061 </p> <p>Suspensão Aro 29 Over Preto c/ 80mm SEM TRAVA (Marca Conforme em estoque )</p> <p>Trocador RapidFire 8V (Importado)</p> <p>Câmbio Dianteiro (Importado)</p> <p>Câmbio Traseiro (Importado)</p> <p>Pedivela de Aço (Importado)</p> <p>Roda Livre 8V (Importado)</p> <p>Corrente Index (Importada)</p> <p>Freio a Disco 160mm MECÂNICO/A CABO (Importado)</p> <p>Cubos - Disco 36f Preto </p> <p>Aros Aero 36 Furos Folha Dupla Alumínio Preto </p> <p>Câmara de Ar 29x1.95 Bico Grosso</p> <p>Pneu 29x2.00 Cravo Baixo (Importado)</p> <p>Guidão expandido Preto em Alumínio </p> <p>Suporte de Guidão Preto em Alumínio </p> <p>Canote de Selim Preto em Alumínio </p> <p>Banco Sport/Confort</p> <p>Movimento Central Roller 122.5 Preto Selado</p> <p>Movimento de Direção Aheadset Preto</p> <p>Espaçador Aheadset Em Alumínio</p> <p>INFORMAÇÕES:<br>A bicicleta é montada e engraxada, porém por motivo de encaixe na embalagem de transporte, são Retirados: Selim, Pedais, Guidão e Roda Dianteira.<br>A Instalação(Por simples Aperto de Parafusos Allen e Blocagens) é de Responsabilidade Do Cliente. <br>Por Motivo de Transporte ou Manuseio, Pode ser Necessário Efetuar nova Regulagem de marchas ao Receber o Produto.<br>A Empresa não se responsabiliza pela Revisão Final da Bicicleta, é recomendado que a Montagem Seja Efetuada por Oficina Especializada.<br>A garantia não Cobre Defeitos por Mau uso ou Pela Montagem Inadequada do Produto.<br>A garantia será validada para as montadas e revisadas por uma oficina especializada e é referente apenas ao primeiro proprietário.<br>A garantia não se aplica para os itens de desgaste natural, tais como: pneu, câmaras, cabos, sapatas de freio, centragem de aros, pintura do quadro, componentes da transmissão(corrente, engrenagens do pedivela, engrenagens do cassete ou roda livre).</p>","{""aro"":""29\"""",""cor"":""Grafite"",""tipo"":""Passeio"",""tipo_de_suspensao"":""Suspensão Dianteira""}","29""",Grafite,,,,Passeio,,,,,Suspensão Dianteira,,,,,,,,,,29,Não informado,AVANCE,Não informado,Não informado,Não informado,ALUMÍNIO 6061,INCEPTION,29,24,Over Preto c 80mm SEM TRAVA,Não informado,Não informado,Não informado,Não informado,Não informado,Não informado,Não informado,Não informado,Disco 160mm MECÂNICOA CABO,Avance,Grafite,Aro 29,"15""",24 Marchas,Dianteira,,Freio a Disco,Alumínio,,,Passeio,
denguinho||18659-107095,Bicicleta,Bicicleta infantil aro 14 lol bandeirante ref: 3302,"INFORMAÇÕES DO PRODUTO Bicicleta Infantil Lol Aro 14 da marca Bandeirante.Suporta até 27 Kg.Contém guidão com limitador de giro e regulagem de altura.Com cestinha removível em sua parte frontal.Seu selim é anatômico e com regulagem de altura.Pedivela de fácil manutenção.Com freio dianteiro à tambor.Seus pneus são confeccionados em E.V.A.Cobre corrente integral.Com rodinhas laterais para auxiliar sua pequena.Sua princesa vai amar essa super bicicleta Lol. DADOS COMPLEMENTARES - Contém na embalagem: 1 Bicicleta Lol.- Idade: A partir de 4 anos.- Peso Suportado: Até 27 Kg.- Dimensões: 73x52x97,5 (AxLxC).- Garantia: 3 meses pelo fabricante.Certificado Inmetro: CE-BRI/INNAC-00580-01A.","{""aro_de_roda"":""14\"""",""cor"":""Rosa"",""genero"":""Feminino"",""marca"":""Bandeirante""}",,Rosa,Bandeirante,,Feminino,,,,"14""",,,,,,,,,,,,14,Não informado,Bandeirante,Não informado,Feminino,Infantil,Não informado,Lol,Não informado,Não informado,Não informado,"guidão com limitador de giro e regulagem de altura, cestinha removível, selim anatômico com regulagem de altura, pedivela de fácil manutenção, freio dianteiro à tambor, pneus em EVA, cobre corrente integral, rodinhas laterais",Não informado,Não informado,Lol,Não informado,Não informado,27 Kg,Não informado,Tambor,Bandeirante,Rosa,Aro 14,,,,27kg,,,LOL,Feminino,,
lupastore||K7773-VIO-26,Bicicleta,Bicicleta Rava Land 21V Quadro 15.5,"<strong>Bicicleta Rava Land 21V Quadro 15.5 Preto/Violeta - 26'' - Ótimo custo benefício e conforto para ao pedalar.</strong><br><strong>Características Gerais do Produto:</strong><br> • <strong>Abraçadeira:</strong> Abraçadeira 31.8mm;Alumínio;Blocagem<br> • <strong>Aros:</strong> Rava;Parede dupla;26” 559 x 19 mm;Alumínio 6063;ERD 535 mm;36 furos<br> • <strong>Atividade:</strong> Ciclismo<br> • <strong>Câmara de Ar:</strong> 26”;Válvula americana<br> • <strong>Câmbio Dianteiro:</strong> Shimano TZ500;Top pull<br> • <strong>Câmbio Traseiro:</strong> Shimano 7Velocidades;TZ31<br> • <strong>Canote:</strong> Para castanha;27.2 x 350 mm;Aço<br> • <strong>Corrente:</strong> Corrente TEC 21V.;Index<br> • <strong>Cubo:</strong> Dianteiro:;Aço;36 furos;Esferado;Eixo de 9 x 100 mm;Com blocagem;Traseiro:;Aço;36 furos;Esferado; Rosca (Roda livre);9 x 135 mm;Com Blocagem<br> • <strong>Freios:</strong> V-Brake;Alumínio<br> • <strong>Garfo:</strong> Garfo suspensão Rava;Aro 26”;Freio: Disco Standard(IS) e V-Brake;Eixo 9 x 100 mm<br> • <strong>Guidão:</strong> X-Time;Rise Bar 31.8 mm x 720 mm;Alumínio<br> • <strong>Manete/Alavanca:</strong> Alavanca X-TIME EZ- Fire 21V. (3×7);Com manete de freio<br> • <strong>Manopla:</strong> Manopla MTB;Borracha<br> • <strong>Movimento Central:</strong> Movimento Central 34.7mm;68×122.5mm;Semi Selado;Ponta quadrada<br> • <strong>Movimento de Direção:</strong> Mega Over<br> • <strong>Pedal:</strong> Plataforma;Preto;Nylon;Inglês<br> • <strong>Pedivela:</strong> Engrenagem Tripla (42/34/24D);Braço 165 mm<br> • <strong>Pneus:</strong> Pneu: Arisun;Skinwall Câmara: 26”;Válvula americana<br> • <strong>Quadro:</strong> Aro 26”;Rava Land;Alumínio;Direção Mega Over de 44 mm;Central BSA 68 mm;Canote 27.2 mm;Freio: Disco Standard(IS) e V-Brake<br> • <strong>Raio:</strong> Preto;250 x 2,0 mm;Com Niple preto<br> • <strong>Roda Livre:</strong> Roda Livre Bronze 7V.;14/28D.;Index<br> • <strong>Selim:</strong> Rava;Com castanha<br> • <strong>Suporte de Guidão:</strong> X-Time;31.8 x 90 mm/+- 7°<br> <br><strong>Acompanha o produto:</strong><br> • 1 Bicicleta Rava Land 21V Quadro 15.5<br><br><strong>Garantia:</strong><br> • 12 Meses de Garantia",,,,,,,,,,,,,,,,,,,,,,26,PretoVioleta,Rava,155,Não informado,Não informado,Alumínio,Land,26,21V,Suspensão,Não informado,Não informado,Não informado,Não informado,Ciclismo,Não informado,Não informado,Não informado,V-Brake,Rava,"[Preto, Violeta]",Aro 26,"15""",21 Marchas,,,Freio V-Brake,Alumínio,,,Passeio,
bikediasg5||32068,Bicicleta,Bicicleta Aro 29 KSW XLT 12v Freio Hidráulico Toda Absolute,"Bem vindo a Dias Bike! A Dias Bike é uma loja física e virtual que faz parte da família Dias Bike e Dias Moto Peças, que possuem mais de 10 lojas físicas e uma distribuidora atacadista, atuando no mercado de ciclismo a mais de 31 anos. A empresa comercializa bicicletas prontas, peças e acessórios para bicicletas em geral, tudo a sua disposição e com a comodidade de receber o produto em sua casa em qualquer lugar do Brasil com toda garantia de entrega e a certeza de sua satisfação.<br> <br>Bicicleta Aro 29 KSW XLT 12v Freio Hidráulico Toda Absolute<br> <br>COMPONENTES DA BIKE<br> <br><br>Quadro aro 29 Alumínio<br>Suspensão de 100mm Absolute<br>Aros Aeros para Disco Folha Dupla<br>Raios Zincados<br>Pneus Aro 29 Com Arame<br>Câmara de Ar Aro 29<br>Jogo Direção Ahead Set<br>Suporte Do guidão 31.8<br>Guidão 31.8 Absolute<br>Canote do Selim Absolute<br>Pedal MTB Plataforma<br>Arruela Calço para Ahead Set (1cm)<br>Manopla MTB Comum<br>Abraçadeira do Selim com Blocagem<br>Selim MTB<br>Rotor de Freio De 160mm<br>Freio a Disco Hidráulico Absolute<br><br> <br>RELAÇÃO (TRANSMISSÃO DA BIKE)<br> <br><br>Cassete 12 Velocidades 11x50D Absolute<br>Pedivela Single Ponta Quadrada Absolute<br>Trocador Indexado Semi Automático de 12V Absolute Wild<br>Cambio Traseiro Indexado MTB 12V Absolute Wild<br>Cubos FreeHub para cassete Absolute<br>Corrente indexada de 12V<br><br> <br>**IMAGENS MERAMENTE ILUSTRATIVAS**","{""marca"":""KSW"",""tamanho_do_quadro"":""21""}",,,KSW,21,,,,,,,,,,,,,,,,,29,Não informado,KSW,Não informado,Não informado,Não informado,Alumínio,XLT 12v,29,12,100mm,Não informado,Não informado,Não informado,Não informado,Não informado,Não informado,Não informado,Toda Absolute,Hidráulico,KSW,"[Laranja, Cinza]",Aro 29,,12 Marchas,,,Freio a Disco,Alumínio,,,Passeio,
krwbikes||r7-pto-verme-19,Bicicleta,Bicicleta Aro 29 KRW Alumínio 27 Vel Freio a Disco Hidráulico R7,"<p>Bicicleta Aro 29 KRW Alumínio 27 Vel Freio a Disco Hidráulico R7</p><p>A bicicleta KRW R7 foi desenvolvida para quem quer realizar um passeio e pegar trilhas leves. Com seu quadro em alumínio 6061, fornece segurança e leveza no seu pedal. Possuí também freio hidráulico, que oferece uma maior segurança. Possuí diversas cores que garante um estilo próprio para você.</p><p>Quadro em alumínio 6061<br>Freio Hidráulico<br>Abraçadeira alumínio de selim 31,8mm com blocagem<br>Alavancas de câmbio rapid-fire 9 velocidades<br>Aro aéro 29 pared dupla 36f<br>Caixa de direção semi-integrado<br>Câmbio dianteiro Sunrun<br>Cambio traseiro Sunrun<br>Câmera de ar 29<br>Pedivela alumínio<br>Canote de selim 27.2mm com carrinho<br>Corrente index 9 velocidades<br>Cubo alumínio cassete com blocágem<br>Espaçador alumínio 10 mm<br>Garfo suspensão mecânica<br>Guidão alumínio 31.8 mm reto<br>Mesa alumínio 31.8 mm<br>Kit cabo com conduiter com teflonn<br>Movimento central rolamentado 122mm<br>Pedal em nylon<br>Pneu 29<br>Raio 285x2.0mm aço preto<br>Cassete 9 velocidades index<br>Selim mtb.</p><p>OBS: IMAGEM MERAMENTE ILUSTRATIVA, BIKE VAI CONFORME DESCRIÇÃO</p><p>RECOMENDAÇÃO DE TAMANHOS</p><p>Altura do ciclista: 1,55 até 1,65m Tamanho de quadro 15.5""<br>Altura do ciclista: 1,65 até 1,75m Tamanho de quadro 17""<br>Altura do ciclista: 1,75 até 1,82m Tamanho de quadro 19""<br>Altura do ciclista: 1,82 até 1,90m ou mais Tamanho de quadro 21""</p><p>MONTAGEM</p><p>A bicicleta é montada, porém, para acomodação na embalagem e transporte, algumas peças são enviadas desmontadas.<br>A montagem é de responsabilidade do cliente e é necessário efetuar regulagem de câmbio ao receber o produto.</p><p>GARANTIA:</p><p>NÃO COBRE DEFEITOS POR MAU USO OU PELA MONTAGEM / REVISÃO INADEQUADA DO PRODUTO.</p><p>A garantia será validada para as montadas e revisadas por uma oficina especializada e é referente apenas ao primeiro proprietário.<br>A garantia não se aplica para os itens de desgaste natural, tais como: Pneu, câmaras, cabos, pastilhas de freio, centragem de aros, pintura<br>do quadro, componentes da transmissão (corrente, engrenagens do pedivela, engrenagens do cassete ou roda livre ).</p><p>Obs: Até 2 dias para montar e despachar.</p>","{""aro"":""29\"""",""cor"":""Preto, Vermelho"",""marca"":""KRW"",""tamanho_do_quadro"":""19""}","29""","Preto, Vermelho",KRW,19,,,,,,,,,,,,,,,,,29,Não informado,KRW,Não informado,Não informado,Não informado,Alumínio,R7,29,27,mecânica,Não informado,Não informado,Não informado,Não informado,Não informado,Não informado,Não informado,Não informado,Disco Hidráulico,KRW,"[Preto, Vermelho]",Aro 29,"19""",27 Marchas,,,Freio a Disco,Alumínio,,,Mountain Bike,
lojaoriodopeixe||482,Bicicleta,Bicicleta Masculina Aro 16 Freio V-Break Racer Kids Cairu,"A Bicicleta Masculina Racer Kids Cairu oferece conforto, segurança e diversão para as crianças!<br> <br> Características:<br> Aro 16 em alumínio simples colorido 16 furos<br> Cestinha, Buzina e Paralamas<br> Selim personalizado<br> Freio V-Break<br> Guidão em aço carbono<br> Kit de segurança<br> Protetor de coroa para segurança<br> Rodinhas laterais para apoio<br> <br> Dimensões<br> Altura: 77 cm<br> Largura: 55 cm<br> Profundidade: 114 cm<br> Peso: 9.51 kg<br> <br> Garantia do Fornecedor de 03 meses","{""cor"":""Azul"",""genero"":""Unissex"",""marca"":""Cairu""}",,Azul,Cairu,,Unissex,,,,,,,,,,,,,,,,16,Não informado,Cairu,Não informado,Masculino,Não informado,Alumínio,Racer Kids,Não informado,Não informado,Não informado,"Cestinha, Buzina, Paralamas, Selim personalizado, Freio V-Break, Guidão em aço carbono, Kit de segurança, Protetor de coroa para segurança, Rodinhas laterais para apoio",Não informado,Não informado,Não informado,Não informado,Não informado,Não informado,Não informado,V-Break,Cairu,Azul,Aro 16,,,,,Freio V-Brake,,,Masculino,,
draisbikeonline||279PTOVRM21,Bicicleta,"Bicicleta Drais 27 Marchas Aro 29 Suspensão Com Trava 21"" Preto/Vermelho - 279","<p>Com um visual imponente e design ergonômico a bicicleta Drais, é uma ótima opção para quem busca leveza, segurança e estilo em passeios ou trilhas leves. Seu quadro em alumínio deixa a bicicleta mais leve, conta com 27 combinações de marchas oferecendo um bom desempenho em todo tipo de terreno. </p><p>DESCRIÇÃO DOS COMPONENTES<br>Quadro Drais - Modelo Aluminum - Aro 29 em alumínio 6061<br>Suspensão aro 29 100mm trava no ombro<br>Câmbio dianteiro Tz500 Shimano<br>Câmbio traseiro Altus Rdm370 Shimano<br>Trocador de marchas Ez-Fire engate rápido - 27v index (imp)<br>Pedivela reduzido em alumínio (imp)<br>Movimento central Roller 122.5 preto selado<br>Freio a disco 160mm preto – Hidráulico<br>Cassete 9v 11x32t index (imp)<br>corrente 9v index (imp)<br>Cubos para disco 32f preto com blocagens k7<br>Aros aero 32 furos folha dupla alumínio preto space<br>Câmara de ar 29 x 1.95 bico grosso<br>Pneu (imp)) 29x2.10 cravo baixo<br>Suporte de guidão<br>Mesa preto em alumínio<br>Canote de selim preto em alumínio<br>abraçadeira com blocagem em alumínio preto<br>Banco / Selim – Sport<br>Guidão mega over expandido preto<br>Movimento de direção Aheadset preto<br>Manopla preto confort plus<br>Espaçador Aheadset em alumínio 3 peças</p><p>MONTAGEM<br>- Enviamos a bicicleta pré-montada, revisada e devidamente embalada, para melhor se acomodar na embalagem de transporte são retirados apenas: selim, pedais, guidão e roda dianteira.<br>- O custo da montagem é de responsabilidade do cliente.<br>- Por motivo de transporte e manuseio, é necessário efetuar uma nova regulagem de câmbio ao receber o produto.<br>- Não nos responsabilizamos pela revisão final da bicicleta, sendo necessário que seja efetuada por uma oficina especializada.</p><p>GARANTIA<br>NÃO COBRE DEFEITOS POR MAU USO OU PELA MONTAGEM, REGULAGEM DE CÂMBIOS OU REVISÃO INADEQUADA DO PRODUTO.<br>- A garantia será validada para as bicicletas montadas e revisadas por uma oficina especializada e é referente apenas ao primeiro proprietário.<br>- A garantia não se aplica para os itens de desgaste natural, tais como: Pneu, câmaras, cabos, sapatas ou pastilhas de freio, alinhamento de aros, pintura do quadro, componentes da transmissão (câmbios, corrente, pé de vela, engrenagens do cassete).</p>","{""aro"":""29\"""",""cor"":""Preto, Vermelho"",""marca"":""Shimano"",""tamanho_do_quadro"":""21"",""tipo"":""Mountain Bike"",""tipo_de_suspensao"":""Suspensão Dianteira""}","29""","Preto, Vermelho",Shimano,21,,Mountain Bike,,,,,Suspensão Dianteira,,,,,,,,,,29,PretoVermelho,Drais,Não informado,Não informado,Não informado,alumínio,Aluminum,29,27,Com Trava,Não informado,Não informado,Não informado,Não informado,Não informado,Não informado,Não informado,Não informado,disco,Drais Bike,"[Preto, Vermelho]",Aro 29,"21""",27 Marchas,Dianteira,,Freio a Disco,Alumínio,,,Mountain Bike,
diasbike||8853694370,Bicicleta,Bicicleta Aro 29 KSW XLT 2020 24v Hidráulico,"BICICLETA ARO 29 KSW XLT 2020 24v HIDRÁULICO<br> <br>COMPONENTES DA BIKE<br>- Quadro aro 29 Alumínio KSW XLT 2020<br>- Suspensão de 80mm de Cursor <br>- Aros Aeros para Disco Folha Dupla<br>- Raios Zincados<br>- Pneus Aro 29 Com Arame<br>- Camara de Ar Aro 29<br>- Jogo Direção Ahead Set<br>- Suporte Do guidão 31.8 Importado<br>- Guidão 31.8 MTB Importado<br>- Canote do Selim MTB Importado<br>- Pedal MTB Plataforma<br>- Arruela Calço para Ahead Set (1cm)<br>- Manopla MTB Comum<br>- Abraçadeira do Selim com Blocagem<br>- Selim MTB Básico<br>- Disco de Freio De 160mm Parafusos<br>- Freio a Disco Hidráulico Com Pinças e Pastilhas<br> <br> <br>RELAÇÃO (TRANSMISSÃO DA BIKE)<br>- Roda Livre Indexada de 8v<br>- Roda Tripla De Aço Encapado Reforçada<br>- Trocador Indexado Semi Automático Rapid Fire de 8v<br>- Cambio Dianteiro Indexado MTB 8v<br> - Cambio Traseiro Indexado MTB 8v<br>- Cubos Para RODA LIVRE<br> - Corrente indexada de 8v<br> - Jogo de Centro 122.5<br> <br> <br> <br>- Imagens da bicicleta são meramente ilustrativas.<br>- Algumas peças da bicicleta podem sofrer variações de cor e de modelo de acordo com o lote de importação.<br>- A Dias Bike não se responsabiliza por recolhimento obrigatório de impostos ICMS por st cobrado em alguns estados.<br>-Caso não haja alguém para receber o pedido no local de entrega, após as tentativas de entrega da transportadora, o frete do reenvio será de responsabilidade do comprador.<br>-Preço no site são exclusivos para venda online da loja virtual DIAS BIKE, os preços praticados em cada loja podem haver diferença entre os mesmos.<br>- Para as compras de bicicletas, as mesmas serão enviadas lubrificadas e pré-montadas, em função do transporte, a roda dianteira, guidão, selim e pedais são enviados soltos para encaixe. <br>- A garantia não Cobre Defeitos por Mau uso ou Pela Montagem Inadequada do Produto. A Montagem requer conhecimentos em mecânica e manutenção em bicicletas, por isso recomendamos que a montagem das Bicicletas seja feita por Profissionais do ramo em Oficina Especializada.<br>- Algumas Peças podem necessitar de regulagem ou alinhamento. <br>- A montagem, Regulagem e Alinhamento é por conta do comprador. <br>- A Garantia só será validada mediante a comprovação da montagem por um especialista, válida somente para o Primeiro proprietário.","{""cor"":""Preto, Azul""}",,"Preto, Azul",,,,,,,,,,,,,,,,,,,29,Não informado,KSW,Não informado,Não informado,Não informado,Alumínio,XLT 2020,29,24,80mm de Cursor,Não informado,Não informado,Não informado,Não informado,Não informado,Não informado,Não informado,Não informado,Hidráulico,KSW,"[Preto, Azul]",Aro 29,"21""",24 Marchas,,,Freio a Disco,Alumínio,,,Passeio,
tajunabike||GTAPTORSA15TIPO15PNBGE,Bicicleta,Bicicleta Aro 29 Gta 12v Kit 1x12 Alumínio Freios Hidráulicos K7 11/50d Garfo Com Trava Pneu com Faixa Bege - Preto/Rosa,"<p>Lançamento Gta Nx11 aro 29, ótimo custo benefício pode comparar!! Kit Gta de 1 x 12 velocidades, suspensão mecânica com trava no ombro, freios hidráulicos, bike vai praticamente pronta, mas precisamos tirar a roda dianteira, pedais, guidão e selim para embalar a bike na caixa, recomendamos que seja feita uma montagem final por um técnico para que se precisar fazer alguma regulagem específica, segue lista das peças que compõem a bike:</p><p><br></p><p>Os Itens com mais de uma marca serão enviados de acordo com disponibilidade no estoque, não tendo a opção de escolher.</p><p><br></p><p>quadro 29 gta NX11 alumínio 6061</p><p>garfo 29 gta com trava no ombro E regulagem</p><p>caixa de direção 44MM</p><p>suporte de guidão 31.8X80MM preto alumínio (absolute/gta/ksw)</p><p>guidão 31.8X680MM preto alumínio (absolute/gta/ksw)</p><p>canote do selim com carrinho 27,2MMX350MM(GTA/ABSOLUTE/IMP. )</p><p>selim sport preto (yamada/selle royal/ ou equivalente)</p><p>abraçadeira do canote do selim com blocagem preta</p><p>alavanca de câmbio 12V rx single gta</p><p>câmbio traseiro gta rx 12V</p><p>catraca cassete gta 12V 11-50d (11-13-15-17-19-21-24-28-32-36-42-50)</p><p>corrente 12V sumc</p><p>pedivela gta rx BCD-104 coroa 34d narrow wide</p><p>rodas aero preto</p><p>camaras 29 bico grosso (journey, premium, ou equivalente)</p><p>pneus 29 cravudos Faixa Bege</p><p>freios A disco hidráulicos com discos 160MM</p><p>pedal plataforma nylon preto 9/16</p>",{},,,,,,,,,,,,,,,,,,,,,29,PretoRosa,Gta,Não informado,Não informado,Não informado,Alumínio,Nx11,Não informado,12,Mecânica,Trava no ombro,Não informado,Não informado,Não informado,Não informado,Não informado,Não informado,Faixa Bege,Hidráulicos,GTA,"[Preto, Rosa]",Aro 29,"15""",12 Marchas,,,Freio a Disco,Alumínio,,,Passeio,
diasbike||23691,Bicicleta,Bicicleta 29 Absolute Nero 4 2x9V Hidraulico Trava no Guidão,"<p>Dias Bike</p><p><br></p><p>Bem vindo a Dias Bike! A Dias Bike é uma loja física e virtual que faz parte da família Dias Bike e Dias Moto Peças, que possuem mais de 10 lojas físicas e uma distribuidora atacadista, atuando no mercado de ciclismo a mais de 30 anos. A empresa comercializa bicicletas prontas, peças e acessórios para bicicletas em geral, tudo a sua disposição e com a comodidade de receber o produto em sua casa em qualquer lugar do Brasil com toda garantia de entrega e a certeza de sua satisfação.</p><p><br></p><p>BICICLETA ARO 29 KSW XLT 27V HIDRÁULICO CUBOS K7 E SUSPENSÃO DE TRAVA NO GUIDÃO</p><p>**Bike Indicada para Uso Urbano, Trilhas Leves e Medianas**</p><p><br></p><p><br></p><p>COMPONENTES DA BIKE</p><p><br></p><p>Quadro aro 29 Alumínio</p><p>Suspensão de 100mm com Trava no Guidão</p><p>Aros Aeros para Disco Folha Dupla</p><p>Raios Zincados</p><p>Pneus Aro 29 Com Arame</p><p>Câmara de Ar Aro 29t</p><p>Jogo Direção Ahead Set</p><p>Suporte Do guidão 31.8</p><p>Guidão 31.8 MTB</p><p>Canote do Selim MTB </p><p>Pedal MTB Plataforma</p><p>Arruela Calço para Ahead Set (1cm)</p><p>Manopla MTB Comum</p><p>Abraçadeira do Selim com Blocagem</p><p>Selim MTB </p><p>Disco de Freio De 160mm Parafusos</p><p>Freio a Disco Hidráulico Com Pinças e Pastilhas </p><p><br></p><p>RELAÇÃO (TRANSMISSÃO DA BIKE)</p><p><br></p><p>Cassete 9 Velocidades 11-36D</p><p>Roda Tripla De Aluminio 3 Velocidades</p><p>Trocador Indexado Semi Automático Rapid Fire de 2x9V </p><p>Cambio Dianteiro Indexado MTB 2V</p><p>Cambio Traseiro Indexado MTB 9V </p><p>Cubos Cassete</p><p>Corrente indexada de 9V Indexada</p><p>Jogo de Centro 122.5 Selado Rolamentado</p><p><br></p>","{""marca"":""KSW"",""tamanho_do_quadro"":""21""}",,,KSW,21,,,,,,,,,,,,,,,,,29,Nero,Absolute,4,Não informado,Não informado,Alumínio,KSW XLT 27V,29,27,Trava no Guidão,Não informado,Não informado,Não informado,Não informado,"Urbano, Trilhas Leves e Medianas",Não informado,Não informado,Hidráulico,Disco Hidráulico,Absolute,"[Branco, Preto]",Aro 29,"21""",9 Marchas,,,Freio a Disco,Alumínio,,,Passeio,
tajunabike||XLTPTOVDE15TIPO14,Bicicleta,Bicicleta Aro 29 Ksw Xlt Câmbios Shimano Altus 24v K7 Alumínio Freios Hidráulicos Garfo Com Trava - Preto/Verde,"<p><br></p><p>Bike aro 29, com quadro Ksw Xlt, nova na caixa a pronta entrega, produto com ótima qualidade e acabamento, possui 24 marchas com sistema de alavancas rapid fire que a cada clique uma marcha é trocada, câmbio dianteiro shimano altus e traseiro shimano altus, garfo com suspensão e sistema de trava para melhor performance, sistema de freio a disco hidráulico, pneus com cravo baixo para uso em terra e asfalto. Bicicleta pré montada, vai precisar apenas fixar a roda dianteira, guidão, selim e pedais. Seguem abaixo características da bike:</p><p><br></p><p>Quadro 29 Ksw Xlt em Alumínio</p><p>Garfo 29 suspensão com Trava no Ombro</p><p>Suporte do guidão em alumínio preto</p><p>Guidão 31.8mm em alumínio preto</p><p>Canote do selim 27.2 em alumínio preto Com carrinho</p><p>Selim Sport Preto</p><p>Abraçadeira do Selim alumínio Preto</p><p>Aros Aero Parede dupla reforçado</p><p>Raios Pretos</p><p>Cubos em Alumínio Pretos com blocagens</p><p>Pneus 29 com cravo</p><p>Movimento central selado rolamentado</p><p>Freios a disco Hidráulicos Com discos inox 160mm</p><p>Alavancas Semi-automáticas Rapid Fire gta/sunrun</p><p>Câmbio Traseiro shimano altus 24V M310</p><p>Câmbio Dianteiro shimano altus M313</p><p>Corrente Index dto/paco/fsc</p><p>Pedivela shimano Ty301 Tourney</p><p>Pedal Plataforma Nylon preto</p><p>Cassete k7 gta 11/32 cromado</p><p><br></p><p><br></p><p><br></p><p><br></p><p><br></p><p><br></p><p><br></p><p><br></p><p><br></p><p><br></p><p><br></p><p><br></p><p><br></p><p><br></p><p><br></p><p><br></p><p><br></p><p><br></p><p><br></p><p><br></p><p><br></p><p><br></p><p><br></p><p><br></p><p><br></p><p><br></p><p><br></p><p><br></p><p><br></p><p><br></p><p><br></p><p><br></p><p><br></p><p><br></p>","{""marca"":""KSW""}",,,KSW,,,,,,,,,,,,,,,,,,29,PretoVerde,Ksw,Não informado,Não informado,Não informado,Alumínio,Xlt,Não informado,24,Com Trava,"Câmbios Shimano Altus, Freios Hidráulicos, Garfo Com Trava",Não informado,Não informado,Não informado,Não informado,Não informado,Não informado,Não informado,Hidráulicos,KSW,"[Preto, Verde]",Aro 29,"15""",24 Marchas,,,Freio a Disco,Alumínio,,,Passeio,
floquinhobazar||10728,Bicicleta,Bicicleta de Equilíbrio Infantil sem Pedal Buba,"<p>Apresentamos a Bicicleta de Equilíbrio</p><p>Bebê Criança Infantil 4 Rodas Buba na cor azul. Este produto é ideal para</p><p>crianças a partir de 12 meses, proporcionando diversão e desenvolvimento</p><p>físico. Com um design moderno e atraente, esta bicicleta é perfeita para os</p><p>pequenos que estão começando a dar os primeiros passos no mundo das duas rodas.</p><p><br></p><p><br></p><p><br></p><p>O quadro de EVA da bicicleta garante durabilidade</p><p>e resistência, enquanto as quatro rodas proporcionam estabilidade e segurança</p><p>para a criança. A altura total de 35 cm, o comprimento total de 50 cm e a</p><p>largura total de 20 cm tornam esta bicicleta adequada para crianças pequenas,</p><p>facilitando o manuseio e o controle.</p><p><br></p><p><br></p><p><br></p><p>A Bicicleta de Equilíbrio Buba Baby é mais do que</p><p>um brinquedo, é uma ferramenta de aprendizado. Ela ajuda a desenvolver o</p><p>equilíbrio, a coordenação motora e a confiança das crianças, enquanto elas se</p><p>divertem ao ar livre. Além disso, a cor azul vibrante é atraente para os</p><p>pequenos, tornando a experiência ainda mais agradável.</p><p><br></p><p><br></p><p><br></p><p>Com a Bicicleta de Equilíbrio Buba Baby, seu filho</p><p>vai se divertir enquanto aprende e se desenvolve. É o presente perfeito para</p><p>aniversários, Natal ou qualquer ocasião especial. Não perca a oportunidade de</p><p>proporcionar momentos inesquecíveis para o seu pequeno com a Bicicleta de</p><p>Equilíbrio Buba Baby.</p>","{""aro_de_roda"":""12\"""",""cor"":""Vermelho"",""tipo"":""Equilíbrio""}",,Vermelho,,,,Equilíbrio,,,"12""",,,,,,,,,,,,Não informado,azul,Buba,Não informado,Unissex,Equilíbrio,EVA,Não informado,Não informado,Não informado,Não informado,4 Rodas,Não informado,Não informado,Não informado,Não informado,Não informado,Não informado,Não informado,Não informado,Buba,Vermelho,,,,,25kg,,,,Unissex,,
bikediasg5||35229,Bicicleta,Bike Aro 29 KSW XLT100 27 Marcha Shimano Altus F. Hidráulico,"Bike Aro 29 KSW XLT100 27 Marcha Shimano Altus F. Hidráulico<br> <br> <br> <br>COMPONENTES DA BIKE<br> <br>- Quadro aro 29 Alumínio KSW XLT<br>- Suspensão de 100mm de Curso com Trava no Ombro<br>- Aros Aeros para Disco Folha Dupla<br>- Raios Zincados<br>- Pneus Aro 29 Faixa Beje Com Arame<br>- Camara de Ar Aro 29<br>- Jogo Direção Ahead Set<br>- Suporte Do guidão 31.8 Importado<br>- Guidão 31.8 MTB Importado<br>- Canote do Selim MTB Importado<br>- Pedal MTB Plataforma<br>- Arruela Calço para Ahead Set (1cm)<br>- Manopla MTB Comum<br>- Abraçadeira do Selim com Blocagem<br>- Selim MTB Básico<br>- Disco de Freio De 160mm Parafusos<br>- Freio a Disco Hidráulico Com Pinças e Pastilhas<br> <br> <br> <br>RELAÇÃO (TRANSMISSÃO DA BIKE)<br> <br>- Cassete Indexado de 9v<br>- Roda Tripla De Alumínio Reforçada<br>- Trocador Indexado Semi Automático Rapid Fire de 9v<br>- Cambio Dianteiro 3v Shimano Tourney TZ500<br>- Cambio Traseiro 9v Shimano Altus M310<br>- Cubos Com Blocagem Sistema Cassete<br>- Corrente Indexado 9v<br>- Jogo de Centro 122.5<br> <br> <br> <br>- Imagens da bicicleta são meramente ilustrativas.<br>- Algumas peças da bicicleta podem sofrer variações de cor e de modelo de acordo com o lote de importação.<br>- A Dias Bike não se responsabiliza por recolhimento obrigatório de impostos ICMS por st cobrado em alguns estados.<br>-Caso não haja alguém para receber o pedido no local de entrega, após as tentativas de entrega da transportadora, o frete do reenvio será de responsabilidade do comprador.<br>-Preço no site são exclusivos para venda online da loja virtual DIAS BIKE, os preços praticados em cada loja podem haver diferença entre os mesmos.<br>- Para as compras de bicicletas, as mesmas serão enviadas lubrificadas e pré-montadas, em função do transporte, a roda dianteira, guidão, selim e pedais são enviados soltos para encaixe.<br> <br>- A garantia não Cobre Defeitos por Mau uso ou Pela Montagem Inadequada do Produto. A Montagem requer conhecimentos em mecânica e manutenção em bicicletas, por isso recomendamos que a montagem das Bicicletas seja feita por Profissionais do ramo em Oficina Especializada.<br>- Algumas Peças podem necessitar de regulagem ou alinhamento.<br>- A montagem, Regulagem e Alinhamento é por conta do comprador.<br>- A Garantia só será validada mediante a comprovação da montagem por um especialista, válida somente para o Primeiro proprietário.","{""marca"":""KSW""}",,,KSW,,,,,,,,,,,,,,,,,,29,Não informado,KSW,Não informado,Não informado,MTB,Alumínio,XLT100,29,27,100mm de Curso com Trava no Ombro,Não informado,Não informado,Não informado,Não informado,Não informado,Não informado,Não informado,Não informado,Hidráulico,KSW,"[Branco, Laranja]",Aro 29,"17""",27 Marchas,,,Freio a Disco,Alumínio,,,Passeio,
ro7parts||11400551152,Bicicleta,Bicicleta Infantil Aro 16 Athor Baby Lux Princess Feminina,"<p>___________- DESCRIÇÃO DO PRODUTO - ____________</p><p><br></p><p>A linha Baby Lux da Athor Bikes traz um design único, com personagens infantis que vão deixar o pedal ainda mais divertido e prazeroso.</p><p><br></p><p>Uma bike totalmente COLORIDA, ALEGRE e com total SEGURANÇA.</p><p><br></p><p>__________ - ESPECIFICAÇÕES TÉCNICAS - __________</p><p><br></p><p>CERTIFICAÇÃO DO INMETRO</p><p><br></p><p>Quadro: Aço carbono</p><p>Garfo: Aço carbono</p><p>Canote de Selim: 190mm</p><p>Guidão: 16” Downhill</p><p>Suporte de guidão: 21mm</p><p>Pneu: 16”x1.75</p><p>Aro: Nylon</p><p>Freio: V-Brake nylon</p><p>Corrente: Aço grossa</p><p>Pedal: Nylon</p><p>Buzina Fon Fon</p><p>Rodinha lateral</p>","{""genero"":""Feminino"",""marca"":""Athor""}",,,Athor,,Feminino,,,,,,,,,,,,,,,,16,Não informado,Athor,Não informado,Feminina,Infantil,Aço carbono,Baby Lux Princess,Não informado,Não informado,Não informado,Rodinha lateral,Não informado,Não informado,Princess,Não informado,Não informado,Não informado,Não informado,V-Brake,Athor,"[Branco, Rosa]",Aro 16,,,,,Freio V-Brake,Aço,,Feminino,Passeio,
marczakbikeparts||15873497052,Bicicleta,Bicicleta 29 Ksw Xlt Aluminio 21v Freio a Disco,"INFORMAÇÕES DO PRODUTO<br><br> A KSW possui 21 velocidades, freio a disco e um quadro em alumínio que torna a bicicleta super leve e macia para pedalar, oferece boa performance e desenvolvimento, bicicleta ideal para ir ao trabalho com economia, realizar tarefas do dia dia com rapidez e se aventurar em trilhas leves.<br> <br> ESPECIFICAÇÃO TÉCNICA<br> <br> QUADRO: KSW Aluminio<br> SUSPENSÃO: 80mm<br> MARCHAS: 21 velocidades<br> ALAVANCA DE CÂMBIO: Rapid Fire 7 velocidades Index<br> CÂMBIO DIANTEIRO: MTB 3 velocidades Index<br> CÂMBIO TRASEIRO: MTB 7 velocidades Index<br> CORRENTE: MTB 7 velocidades Index<br> PEDIVELA: Triplo Aço Recapado Index<br> RODA LIVRE : MTB 7 velocidades Index<br> MOV. CENTRAL: Rolamentado<br> CAIXA DE DIREÇÃO: AHEAD SET MTB<br> GUIDÃO: MTB Reto de Alumínio 31.8mm<br> SUPORTE DO GUIDÃO: MTB Alumínio 31.8mm<br> MANOPLA: Performance<br> FREIO: A disco mecânico<br> PEDAL: MTB Plataforma<br> SELIM: MTB<br> CANOTE DO SELIM: Aço 27.2<br> CUBOS: Esferados<br> AROS: AERO MTB PAREDE DUPLA<br>RAIOS: Preto em aço<br> PNEU: MTB 29x2.0<br> PESO: Aprox 14kg<br> <br> RECOMENDAÇÃO DE TAMANHOS<br> <br> Altura do ciclista: 1,55 até 1,65m – Tamanho de quadro 15""<br> Altura do ciclista: 1,66 até 1,76m – Tamanho de quadro 17""<br> Altura do ciclista: 1,77 até 1,87m – Tamanho de quadro 19""<br> Altura do ciclista: 1,88 até 1,98m ou mais – Tamanho de quadro 21""<br> <br> ENVIO: Após a finalização da compra o envio é realizado em 24 horas . Para acomodação da bicicleta na caixa é desencaixado o guidão, pedais e a roda dianteira.<br> MONTAGEM: A bicicleta deve ser montada em oficina de bicicletas para preservação da garantia, guarde a nota fiscal e comprovante do montagem<br> GARANTIA: NÃO COBRE DEFEITOS POR MAU USO OU PELA MONTAGEM / REVISÃO INADEQUADA DO PRODUTO.<br> período de garantia de 90 dias nos componentes. A garantia não se aplica para itens de desgaste natural, tais como: Pneu, câmaras, cabos, sapatas de freio, centragem de aros, pintura do quadro, componentes da transmissão (corrente, engrenagens do pedivela, engrenagens do cassete ou roda livre ). Bicicletas montadas sem mão de obra especializada não se enquadram na garantia ofertada pelo fabricante. Sendo obrigatório a primeira montagem dos componentes e conferencia das marchas ser realizada em oficina especializada","{""marca"":""KSW"",""tamanho_do_quadro"":""21""}",,,KSW,21,,,,,,,,,,,,,,,,,29,Não informado,Ksw,Não informado,Não informado,Não informado,Alumínio,Xlt,Não informado,21,80mm,Não informado,Não informado,Não informado,Não informado,Não informado,Não informado,Não informado,Não informado,Disco,KSW,Preto,Aro 29,"21""",21 Marchas,,,Freio a Disco,Alumínio,,,Passeio,
shopbike||050-03,Bicicleta,Bicicleta Tridal Evolution Mountain Bike Aro 29 36 Raios Freios V-brake,"<p>Bicicleta Aro 29 Tridal BikeEvolution Mountain bike 21 Marchas possuem quadro de aço de carbono, excelente desempenho e tem uma resposta mais rápida para tornar as manobras mais seguras e precisas. Além disso, são resistentes e confortáveis. Agora os momentos de lazer serão mais divertidos e saudáveis.</p><p>Características:</p><p>Quadro Completo em Aço Carbono</p><p>GuidãoDown Hill em Aço Carbono</p><p>Suporte guidão Spander em Aço Carbono</p><p>Garfoem Aço CarbonoAro 29</p><p>AlavancaTrocador Na Luva 21 marchas</p><p>Manoplas em Borracha</p><p>Movimento DireçãoStandart</p><p>Maçaneta De Freio emAlumínio</p><p>Pedal RoscaFina NylonC/ Refletor</p><p>Freios V-Brake Dianteiro e Traseiro</p><p>SelimPoliuretano</p><p>Cambio Dianteiro /Traseiro</p><p>Engrenagem Roda Livre 7v 14/28d</p><p>PedivelaMonoblock em aço carbono</p><p>Aro 29 Aero</p><p>Movimento Central45mm</p><p>Corrente Fina7 Velocidades</p><p>Pneubalão</p><p>Cubo diant/tras. em aço 36 Furos</p><p>Peso Suportado: 100 Kg</p><p>Tamanho do Quadro : 17</p><p>Fabricante : Tridal Bike</p><p>Garantia do fabricante : 3 meses para peças e acessórios 6 meses para quadro</p><p>Não é fornecida assistência técnica para pedais e pedivela por se tratar de um produto que se for montado sem atenção causa o espanamento de ambas as partes.</p><p>Não nos responsabilizamos pela montagem do Produto,amontagem é de responsabilidade do cliente e é necessário efetuar regulagem de câmbio ao receber o produto.</p><p>Imagens meramente ilustrativas, podem haver alguma diferença de tonalidade entre produto e foto, devido a calibração de cores do dispositivo utilizado.</p>","{""tipo"":""Mountain Bike""}",,,,,,Mountain Bike,,,,,,,,,,,,,,,29,Não informado,Tridal Bike,17,Não informado,Mountain Bike,Aço Carbono,Evolution,Não informado,21,Não informado,Não informado,Não informado,Não informado,Não informado,Não informado,Não informado,100 Kg,Não informado,V-brake,Tridal Bike,Verde,Aro 29,"17""",21 Marchas,,100kg,Freio V-Brake,Aço,,,Mountain Bike,
bikefitness||735_595,Bicicleta,Bicicleta Aro 29 Ksw Xlt Shimano Alivio 27v Freio Hidráulico,"A KSW é uma bicicleta Aro 29, 27 Velocidades com freio a disco Hidráulico, desenvolvida para passeios e um bom começo nas primeiras trilhas da categoria MTB.<br> <br>Quadro KSW em alumínio 6061<br> <br>Abraçadeira alumínio de selim 31,8 mm com blocagem<br> <br>Alavancas de câmbio ez-fire 3 x 9 velocidades GTS<br> <br>Aro aéro 29 parede dupla 32f <br> <br>Caixa de direção semi-integrado<br> <br>Câmbio dianteiro Shimano Tourney<br> <br>Câmbio traseiro Shimano Alivio<br> <br>Câmara de ar 29<br> <br>Pedivela alumínio triplo Index<br> <br>Canote de selim 27.2 mm KSW<br> <br>Corrente 9 V<br> <br>Cubo K7 com blocagem<br> <br>Espaçador alumínio 10 mm<br> <br>Garfo suspensão com trava no ombro absolute<br> <br>Guidão alumínio 31.8 mm curvo KSW<br> <br>Mesa alumínio 31.8 mm KSW<br> <br>Movimento central rolamentado 122 mm<br> <br>Pedal em nylon preto<br> <br>Freio A Disco hidráulico Absolute<br> <br>Disco rotor de 160 mm<br> <br>Pneu 29<br> <br>Raio 285x2.0 mm aço preto<br> <br>K7 9 velocidades index<br> <br>Selim mtb ultimate<br> <br><br> <br>OBS: A BIKE VAI CONFORME DESCRIÇÃO<br> <br>RECOMENDAÇÃO DE TAMANHOS<br> <br>Altura do ciclista: 1,65 até 1,71 m - Tamanho de quadro 15<br> <br>Altura do ciclista: 1,72 até 1,76 m - Tamanho de quadro 17<br> <br>Altura do ciclista: 1,77 até 1,82 m - Tamanho de quadro 19<br> <br>Altura do ciclista: 1,83 até 1,90 m ou mais - Tamanho de quadro 21<br> <br>MONTAGEM<br> <br>A bicicleta é montada e engraxada porém, para acomodação na embalagem e transporte, algumas peças são enviadas desmontadas.<br> <br>A montagem é de responsabilidade do cliente e é necessário efetuar regulagem de câmbio ao receber o produto.<br> <br>GARANTIA:<br> <br>NÃO COBRE DEFEITOS POR MAU USO .<br> <br>A garantia será validada para as bicicletas montadas e revisadas por uma oficina especializada e é referente apenas ao primeiro proprietário.<br> <br>A garantia não se aplica para os itens de desgaste natural, tais como: Pneu, câmaras, cabos, sapatas de freio, centragem de aros, pintura<br> <br>do quadro, componentes da transmissão corrente, engrenagens do pé de vela, engrenagens do cassete.","{""marca"":""KSW"",""tamanho_do_quadro"":""15""}",,,KSW,15,,,,,,,,,,,,,,,,,29,Não informado,KSW,Não informado,Não informado,MTB,alumínio 6061,Xlt,29,27,suspensão com trava no ombro,Não informado,Não informado,Não informado,Não informado,passeios,Não informado,Não informado,Não informado,Hidráulico,KSW,Verde,Aro 29,"15""",27 Marchas,,,Freio a Disco,Alumínio,,,Mountain Bike,
tajunabike||XLTPTOVERMLAR19TIPO11PNBEGE,Bicicleta,Bicicleta Aro 29 Ksw Xlt 27v Câmbios Shimano Altus Freios Hidráulicos Garfo Com Trava Pneu Bege - Preto/Vermelho/Laranja,"<p>Bike aro 29, com quadro ksw xlt, nova na caixa a pronta entrega, produto com ótima qualidade e acabamento, possui 27 marchas com sistema de alavancas rapid fire que a cada clique uma marcha é trocada, câmbio dianteiro shimanto altus e traseiro shimano altus (M370 ou M2000), dependerá da disoponibilidade no estoque), garfo com suspensão e sistema de trava para melhor performance, sistema de freio a disco hidráulico, pneus com cravo baixo para uso em terra e asfalto. Bicicleta pré montada, vai precisar apenas fixar a roda dianteira, guidão, selim e pedais. Segue abaixo características da bike:</p><p><br></p><p>Quadro 29 ksw xlt em Alumínio</p><p>Garfo 29 suspensão absolute com Trava no Ombro</p><p>Suporte do guidão em alumínio preto</p><p>Guidão 31.8mm em alumínio preto</p><p>Canote do selim 27.2 em alumínio preto Com carrinho</p><p>Selim Sport Preto</p><p>Abraçadeira do Selim alumínio Preto</p><p>Aros Aero Parede dupla reforçadao</p><p>Raios Pretos</p><p>Cubos em Alumínio K7 Pretos com blocagens</p><p>Pneus 29 com cravo</p><p>Movimento central selado rolamentado</p><p>Freios a disco Hidráulicos om discos inox 160mm</p><p>Alavancas Semi-automáticas Rapid Fire gta ou sunrun</p><p>Câmbio Traseiro shimano altus 27V (M370 ou M2000, dependerá da disoponibilidade no estoque)</p><p>Câmbio Dianteiro shimano altus</p><p>Corrente Index dto</p><p>Pedivela shimano Mt101 ou M371 27v(DEPENDERÁ da disponibilidade no estoque)</p><p>Pedal Plataforma Nylon preto</p><p>Cassete k7 gta 11/32 cromada</p>","{""cor"":""Preto, Laranja"",""marca"":""KSW""}",,"Preto, Laranja",KSW,,,,,,,,,,,,,,,,,,29,PretoVermelhoLaranja,Ksw,Não informado,Não informado,Não informado,Alumínio,Xlt,Não informado,27,Com Trava,Não informado,Não informado,Não informado,Não informado,Não informado,Não informado,Não informado,Não informado,Hidráulicos,KSW,"[Preto, Laranja]",Aro 29,"19""",27 Marchas,,,Freio a Disco,Alumínio,,,Passeio,
maniavirtual||9034598-01,Bicicleta,Bicicleta Aro 12 Bubu E As Corujinhas - Styll Baby,"Bicicleta Aro 12 Bubu E As Corujinhas - Styll Baby<br><br>A diversão dos pequenos é garantida com a Bicicleta Aro 12 Bubu e as Corujinhas da Styll Baby. Uma bike moderna feita com materiais de alta qualidade para o seu filho brincar com segurança. A bike é composta por quadro e garfos fabricados em aço carbono, manoplas e manete anatômicos, pneus em EVA, rodinhas auxiliares nas laterais, compartimento cobre corrente em plástico. A Bicicleta Aro 12 Bubu e as Corujinhas da Styll Baby estimula a prática esportiva para a criança crescer e se desenvolver com muita saúde e disposição. A bike é composta por quadro e garfos fabricados em aço carbono, manoplas e manete anatômicos, pneus em EVA, rodinhas auxiliares nas laterais, compartimento cobre corrente em plástico. A Bicicleta Aro 12 Bubu e as Corujinhas da Styll Baby estimula a prática esportiva para a criança crescer e se desenvolver com muita saúde e disposição. Bicicleta infantil aro 12 da Bubu e as Corujinhas. A criança aprende a pedalar com a turminha divertida da corujinha Bubu. Ideal para crianças de 3 a 5 anos. Quadro produzido em aço carbono e pintura eletrostática. Mais seguro, possui protetor de corrente com fechamento completo. Manoplas e manete anatômicos. Pneus e rodinhas laterais auxiliares produzidas em EVA tornam o pedalar mais suave, reduzindo ruído e evitando riscos ao piso. Certificada pelo INMETRO. <br><br>Especificações Técnicas:<br><br>Marca: Styll Baby<br><br>Modelo: BIK-03.010-99<br><br>Cor: Rosa <br><br>Produto Certificado: CE-BIC/INNAC - 01588-001 - NM 301/2002 - OCP 0061<br><br>Itens Inclusos: 01 bicicleta aro 12<br><br>Recomendação: Para crianças maiores de 3 anos.<br><br>Restrição de Idade: Não recomendável para menores de 3 anos por conter peças pequenas que podem ser engolidas.<br><br>Código do Fabricante:BIK 03.010 - 99<br><br>Aviso: As cores podem variar entre as imagens mostradas acima e o produto. Imagens meramente ilustrativas.<br><br>Certificado: Certificado pelos Órgãos Autorizados - OCP ́S (Organismos de Certificação de Produtos)<br><br>Composição / Material: Aço cabono e Plástico<br><br>Peso: 4400 gr.<br><br>Dimensões (AxLxC): 60 x 48 x 82 cm<br><br>Garantia do fabricante: 12 meses","{""marca"":""Styll Baby""}",,,Styll Baby,,,,,,,,,,,,,,,,,,12,Rosa,Styll Baby,Não informado,Não informado,Infantil,Aço carbono,BIK-03010-99,Não informado,Não informado,Não informado,"Manoplas e manete anatômicos, Pneus em EVA, Rodinhas auxiliares laterais, Compartimento cobre corrente em plástico",Não informado,Não informado,Bubu E As Corujinhas,Não informado,Não informado,Não informado,Não informado,Não informado,Styll Baby,Rosa,Aro 12,,,,,,Aço,,Unissex,,
bikediasg5||16003651464,Bicicleta,Bicicleta aro 29 KSW XLT 24 Marcha Shimano Freio Hidráulico,"Bem vindo a Dias Bike! A Dias Bike é uma loja física e virtual que faz parte da família Dias Bike e Dias Moto Peças, que possuem mais de 10 lojas físicas e uma distribuidora atacadista, atuando no mercado de ciclismo a mais de 31 anos. A empresa comercializa bicicletas prontas, peças e acessórios para bicicletas em geral, tudo a sua disposição e com a comodidade de receber o produto em sua casa em qualquer lugar do Brasil com toda garantia de entrega e a certeza de sua satisfação.<br> <br> <br>BICICLETA ARO 29 MTB 24 VELOCIDADES FREIO A DISCO HIDRÁULICO COM CÂMBIOS SHIMANO E SUSPENSÃO DE 80MM<br> <br>COMPONENTES DA BIKE<br> <br>- Quadro aro 29 Alumínio 6061<br>- Suspensão de 80mm de Cursor <br>- Aros Aeros para Disco Folha Dupla em Alumínio<br>- Raios Zincados na cor Preto<br>- Pneus Aro 29 Com Arame<br>- Camara de Ar Aro 29<br>- Jogo Direção Ahead Set<br>- Suporte Do guidão 31.8 em Alumínio<br>- Guidão 31.8 MTB em Alumínio<br>- Canote do Selim MTB em Alumínio<br>- Pedal MTB Plataforma<br>- Arruela Calço para Ahead Set (1cm)<br>- Manopla MTB com Ótimo grip<br>- Abraçadeira do Selim com Blocagem<br>- Selim MTB<br>- Disco de Freio De 160mm com 6 Parafusos<br>- Freio a Disco Hidráulico Com Pinças e Pastilhas<br> <br>RELAÇÃO (TRANSMISSÃO DA BIKE)<br> <br>- Roda Livre Indexada de 8v<br>- Roda Tripla De Aço Encapado Reforçada<br>- Trocador Indexado Semi Automático Rapid Fire de 3x8v<br>- Cambio Dianteiro Shimano Tourney<br>- Cambio Traseiro Shimano Tourney<br>- Cubos Para Roda Livre<br>- Corrente indexada de 8v<br>- Jogo de Centro 122.5 Selado Rolamentado","{""marca"":""KSW"",""tamanho_do_quadro"":""21""}",,,KSW,21,,,,,,,,,,,,,,,,,29,Não informado,KSW,Não informado,Não informado,MTB,Alumínio,XLT,29,24,80mm,Não informado,Não informado,Não informado,Não informado,Não informado,Não informado,Não informado,Não informado,Hidráulico,KSW,"[Laranja, Cinza]",Aro 29,"21""",24 Marchas,,,Freio a Disco,Alumínio,,,Passeio,
marczakbikeparts||102205941657,Bicicleta,Bicicleta aro 29 Rower Xlite 21v Freio a Disco Mcz19,"LEIA ATÉ O FINAL<br> <br> Veja abaixo uma recomendação de tamanhos completa para você fazer a escolha certa de acordo com a sua altura, ao escolher o tamanho de acordo com sua altura você evita desconfortos ao pedalar! <br> <br> RECOMENDAÇÃO DE TAMANHOS<br> <br> Altura do ciclista: 1,55 até 1,65m – Tamanho de quadro 15""<br> Altura do ciclista: 1,66 até 1,76m – Tamanho de quadro 17""<br> Altura do ciclista: 1,77 até 1,87m – Tamanho de quadro 19""<br> Altura do ciclista: 1,88 até 1,98m ou mais – Tamanho de quadro 21""<br> <br> <br> <br> INFORMAÇÕES IMPORTANTES<br> <br> Temos muito respeito por você e todas as pessoas que já compraram conosco, cumprimos com excelência nosso dever como lojista que é prestar total apoio e tirar todas as duvidas antes do cliente efetuar a compra e após efetuar a compra, fazendo todo acompanhamento e processamento do pedido desde o momento da compra até a entrega estamos sempre perto de vocês nossos clientes e futuros clientes.<br> <br> ENVIO<br> <br> Após a finalização da compra o envio é realizado no prazo de 24 horas uteis a estimativa de entrega é gerada automaticamente após a compra. Em caso de duvida nos informe o ESTADO e o CEP do seu endereço para fazermos a simulação de prazo médio de entrega.<br> <br> PERGUNTAS FREQUENTES<br> <br> PORQUE DEVO COMPRAR ESTA BICICLETA?<br> <br> R: Nosso objetivo maior é a satisfação do cliente com o produto, oferecemos nessa bicicleta componentes de qualidade, antes de enviar temos o cuidado de revisar completamente a bicicleta e engraxar para reduzir em 90% seus custos na montagem. O Quadro em alumínio muito resistente e leve.<br> <br> A BICICLETA É BOA? POSSO UTILIZAR NA CIDADE E TRILHAS LEVES?<br> <br> R: Sim! A bicicleta possui uma qualidade incomparável, em termos de qualidade e durabilidade é a melhor do mercado. Nossa maior prova sobre essa afirmação são nossas avaliações de centenas de clientes. Esse modelo servirá muito bem para você se aventurar nos fins de semana em trilhas leves e também no seu dia dia para ir ao trabalho, academia, mercado, faculdade, levar as crianças na escola (precisa instalar uma cadeirinha) etc...<br> <br> E POSSÍVEL POR CADEIRINHA?<br> <br> R: Nossa bicicleta é compatível sim com cadeirinhas para crianças, porém será necessário você adquirir um bagageiro traseiro para acoplar a cadeirinha traseira com mais segurança. E cadeirinha dianteira? Bom é possível sim a instalação de cadeirinhas dianteiras, porém não recomendamos pois reduz muito o espaço das pernas e dificulta a pilotagem, tornando perigoso.<br> <br> ESSA BICICLETA TEM GARANTIA?<br> <br> R: Oferecemos garantia de 90 dias em todas as nossas bicicletas recomendamos todos os nossos clientes que usem bastante a bicicleta nesse período pois a garantia cobre defeitos de fabricação, em casos de garantia fazemos um atendimento agilizado resolvendo o problema de forma rápida para que você não fique sem a sua bicicleta por muito tempo.<br> <br> ORIENTAÇÕES SOBRE GARANTIA<br> <br> R: É de extrema importância ao receber sua bicicleta nova que leve para montagem dos itens que vão soltos para acomodação na caixa! Mas quais itens vão soltos? Soltamos o guidão, roda dianteira, pedais, e o banco. Para acomodar na caixa e sua bicicleta ir bem protegida durante o transporte. Ao realizar a montagem em uma mecânica de bicicletas peça ao mecânico um comprovante do serviço de montagem e guarde contigo a caixa da bicicleta e o comprovante de montagem durante o período de 90 dias. <br> <br> SOBRE NOSSA LOJA<br> <br> Temos 20 anos de história muito amor, carinho e respeito por todos os ciclistas, pois vocês ciclistas são a corrente que move nossa empresa, e tornam o mundo um lugar cada vez melhor e mais sustentável. Estamos localizados no estado do Paraná no Sul do País e fazemos envios por todo o Brasil.<br> <br> <br> <br> <br> ESPECIFICAÇÃO TÉCNICA<br> <br> QUADRO:<br> Rower Xlite C/Cabeamento Interno Aluminio<br> <br> SUSPENSÃO:<br> Curso 100x32mm<br> <br> NÚMERO DE MARCHAS:<br> 21 velocidades<br> <br> ALAVANCA DE CÂMBIO:<br> Rapid Fire<br> <br> CÂMBIO DIANTEIRO:<br> Index 3v<br> <br> CÂMBIO TRASEIRO:<br> Index 7v<br> <br> CORRENTE:<br> Indexa 7v<br> <br> PEDIVELA:<br> Triplo Aço Recapado 24/34/42<br> <br> RODA LIVRE :<br> Index 7v<br> <br> MOV. CENTRAL:<br> Rolamentado<br> <br> CAIXA DE DIREÇÃO:<br> AHEAD SET SEMI INTEGRADA<br> <br> GUIDÃO:<br> Rower Reto de Alumínio 31.8mm<br> <br> SUPORTE DO GUIDÃO:<br> Rower Alumínio 31.8mm<br> <br> MANOPLA:<br> Performance<br> <br> FREIO:<br> A disco mecânico<br> <br> PEDAL:<br> MTB NYLON<br> <br> SELIM:<br> Sport<br> <br> CANOTE DO SELIM:<br> Aço 27.2<br> <br> CUBOS:<br> Aço C/Porca<br> <br> AROS:<br> AERO ALUMINIO MTB PAREDE DUPLA<br> <br> RAIOS:<br> Preto<br> <br> PNEU:<br> Faixa Bege 29x2.10<br> <br> PESO:<br> Aprox 15kg","{""modelo"":""21v"",""tamanho_do_quadro"":""21""}",,,,21,,,,21v,,,,,,,,,,,,,29,Não informado,Rower,Não informado,Não informado,Não informado,Aluminio,Xlite,Não informado,21,Curso 100x32mm,Não informado,Não informado,Não informado,Não informado,Não informado,Não informado,Não informado,Não informado,Disco mecânico,Rower,"[Dourado, Preto]",Aro 29,"21""",21 Marchas,,,Freio a Disco,Alumínio,,,Passeio,
lojastaqi||161965,Bicicleta,"Bicicleta Caloi Barbie, Aro 16, Rosa","<p>Bicicleta Caloi Barbie, Aro 16, Rosa<br> <br>A Bicicleta Caloi Barbie, Aro 16, Rosa é destinada aos primeiros momentos de liberdade, para crianças de 05 a 07 anos, entre 1,05 e 1,20 metros de altura.<br> <br>Trazendo muita diversão e momentos para recordar. Além de ajudar na saúde e bem estar das crianças. Um produto de alta resistência e durabilidade.<br> <br>Características<br>Marca: Caloi<br>Modelo: Barbie<br>Ref.: 450065.19005<br>Cor: Rosa<br> <br>Especificações<br>Capacidade Máxima Suportada: 25 Kg;<br>Velocidades: 1;<br>Indicada para crianças de 05 a 07 anos de idade, com 1,05 a 1,20 metros de altura;<br>Tamanho do Aro: Aro 16;<br>Acabamento: Adesivo;<br>Material de Garfo: Aço;<br>Material do quadro: Monotubo em Aço com tubo central overzise;<br>Cubo Traseiro/Dianteiro: Acoplado a roda plástica;<br>Pneus: Borracha com câmara;<br>Roda Livre/Cassete: 1 Velocidade, 20 dentes;<br>Pedivela: Monobloco;<br>Pedal: Plástico com refletor;<br>Movimento central: com esferas;<br>Movimento de Direção: Standard;<br>Manoplas: PVC;<br>Guidão: Aço;<br>Suporte de Guidão: Integrado com Guidão;<br>Alavanca de freio: Plástico;<br>Freios: Cantilever;<br>Selim: Plástico revestido com espuma e capa de PVC<br> <br>Itens Inclusos<br>01 Bicicleta<br> <br>Dimensões<br>Tamanho do produto montado (AxLxP): 110 x 52 x 75 cm<br>Tamanho da embalagem (AxLxP): 96,5 x 18 x 46 cm<br>Peso Líquido: 9,8 Kg<br>Peso Bruto: 10,5 Kg<br> <br>Garantia: 3 meses</p><br> <br><br>","{""cor"":""Rosa"",""marca"":""Caloi""}",,Rosa,Caloi,,,,,,,,,,,,,,,,,,16,Rosa,Caloi,Não informado,Feminino,Infantil,Aço,Barbie,Não informado,1,Não informado,Não informado,Não informado,Não informado,Barbie,Não informado,Não informado,25 Kg,Não informado,Cantilever,Caloi,Rosa,Aro 16,,,,25kg,,Aço,Barbie,,,
unistock||UNINATHEQUIBICROSALOVE,Bicicleta,Bicicleta infantil Menina Balance Love Equilíbrio sem Pedal - Nathor,"<p><br></p><p>É uma bicicleta de treinamento que ajuda a criança a desenvolver habilidades motoras, percepção espacial, coordenação bilateral e o equilíbrio estático e dinâmico. Ela não tem pedais, nem pedivela, corrente e rodinhas laterais.</p><p><br></p><p>Por que as bicicletas de equilíbrio não têm pedais?</p><p>O objetivo principal do design das bicicletas de equilíbrio é permitir que as crianças desenvolvam suas habilidades motoras básicas. Aprender a se equilibrar e a fazer curvas é muito mais fácil sem pedais. O movimento de “sobe e desce” da pedalada faz com que a criança jogue o peso de seu corpo de um lado para o outro prejudicando seu equilíbrio, fazendo-a perder a estabilidade e senso de direção. As bicicletas de equilíbrio permitem que as crianças apoiem seus pés no chão quando sentirem que estão perdendo o equilíbrio, se firmando rapidamente e prevenindo uma queda.</p><p><br></p><p>Assim, quando a criança iniciar em sua primeira bicicleta com pedais, vai estar mais preparada e confiante para a atividade, se concentrando basicamente a aprender o movimento de pedalar.</p><p><br></p><p>Com que idade uma criança deve fazer a transição para uma bicicleta com pedais?</p><p>Se sua criança dominar uma bicicleta de equilíbrio, com entre 4 e 6 anos você pode introduzir uma bicicleta com pedais aro 16 (e sem rodinhas). As bicicletas de equilíbrio geralmente continuam sendo o brinquedo favorito por um bom tempo após elas conseguirem andar com uma bicicleta de pedais.</p><p><br></p><p><strong>Quanto tempo leva para aprender?</strong></p><p>Muitas crianças conseguem andar na primeira vez que sentam em uma bicicleta de equilíbrio.</p><p><br></p><p><strong>Características:</strong></p><p>Frio Tambor;</p><p>Limitador de giro do guidão;</p><p>Aço carbono;</p><p>Pneus em E.V.A;</p><p>Direção com mesa</p><p><br></p><p><br></p><p><strong>Especificações:</strong></p><p>Tamanho da roda: 12(Aro)</p><p>Altura máxima recomendada: 100 cm</p><p>Peso máximo recomendado: 21 kg</p><p>Idade recomendada: A partir de 2 a 5 anos</p><p>Peso do produto: 2,780 Kg</p><p>Dimensões do produto (Comprimento x Altura x Largura): 86 x 55 x 43 cm</p><p><br></p><p>Material: quadro, guidão e garfo em aço carbono. Pneus em EVA. Mesa de Direção em Nylon Reforçado. Selim em PU. Abraçadeira do Selim em Alumínio</p><p><br></p><p><strong>Contém: </strong></p><p>1 Balance Bike</p><p>Manual de instrução;</p><p>Certificado de garantia;</p><p>3 meses de garantia.</p><p><br></p>","{""genero"":""Feminino"",""marca"":""Nathor""}",,,Nathor,,Feminino,,,,,,,,,,,,,,,,12,Não informado,Nathor,Não informado,Menina,Balance,Aço Carbono,Love Equilíbrio,Não informado,Não informado,Não informado,Limitador de giro do guidão,Não informado,Não informado,Não informado,Não informado,Não informado,21 kg,Não informado,Não informado,Nathor,,Aro 12,,,,21kg,,Aço Carbono,,Feminino,Equilíbrio,
potencialbikes||k44vermelho21,Bicicleta,Bicicleta Aro 29 Ksw 1x12v GTA RX Hidraulica C/Trava Guidão,"<p>Bicicleta ideal para para amantes de trilha.</p><p><br></p><p>QUADRO : 29"" Alumínio 6061</p><p>SUSPENSÃO : Cursor de 100mm com trava no GUIDÃO</p><p>CAIXA DE DIREÇÃO : Semi Integrada</p><p>GUIDÃO : Reto ou Curvo em Alumínio 6061</p><p>MESA : 80mm em Alumínio 6061</p><p>MANOPLAS : Borracha Flexível</p><p>TROCADORES : Single RX 12v</p><p>FREIOS : Hidraulico a Disco de 160mm</p><p>CÂMBIO DIANTEIRO : Não possui</p><p>CÂMBIO TRASEIRO : RX 12 v</p><p>PEDIVELA : Single 34d Narrow Wide, braço com 170mm ALUMINIO</p><p>CUBOS: Alumínio GTA com blocagem rapida de 12v</p><p>MOVIMENTO CENTRAL: Integrado GTA</p><p>PEDAL : Plataforma em ALUMINIO</p><p>CORRENTE : Indexada de 12v marca sumc</p><p>CATRACA: Cassete para 12 velocidades 11-50 GTA</p><p>CANOTE DE SELIM : 27.2mm em Alumínio 6061</p><p>SELIM : PU com trilho de regulagem</p><p>Aros : Race de Parede Dupla</p><p>PNEU : MTB 29 Cravo</p><p><br></p><p>OBSERVAÇÕES:</p><p>Imagens Ilustrativas. Pode haver alguma diferença de tonalidade entre a imagem e o produto real, por conta do tratamento de imagens e a calibração de cores do seu monitor ou celular!</p><p>As fotos do anúncio são feitas com quadros do tamanho 17.</p><p>A geometria do quadro (desenho) pode mudar conforme o tamanho escolhido alterando a inclinação do tubo superior quando quadro é 21 deixando-o mais reto.</p><p>Imagens meramente ilustrativas, podendo ter variação de peças de acordo com nosso estoque, sempre com qualidade igual ou superior!</p><p>Enviamos a bicicleta pré-montada, devidamente embalada, para melhor se acomodar na embalagem de transporte são retirados apenas: selim, pedais, guidão e roda dianteira.</p><p>NÃO COBRE DEFEITOS POR MAU USO OU PELA MONTAGEM / REVISÃO INADEQUADA DO PRODUTO.</p><p>A garantia será validada para as bicicletas montadas e revisadas por uma oficina especializada e é referente apenas ao primeiro proprietário.</p><p>A garantia não se aplica para os itens de desgaste natural, tais como: Pneu, câmaras, cabos, sapatas de freio, centragem de aros, pintura do quadro, componentes da transmissão (corrente, engrenagens do pé de vela, engrenagens do cassete)</p>","{""cor"":""Preto, Vermelho, Branco"",""marca"":""KSW"",""tamanho_do_quadro"":""21"",""tipo"":""Mountain Bike""}",,"Preto, Vermelho, Branco",KSW,21,,Mountain Bike,,,,,,,,,,,,,,,29,Não informado,Ksw,Não informado,Não informado,MTB,Alumínio,GTA RX,29,12,Cursor de 100mm com trava no GUIDÃO,Não informado,Não informado,Não informado,Não informado,Trilha,Não informado,Não informado,Não informado,Hidráulico a Disco,KSW,"[Preto, Vermelho, Branco]",Aro 29,"21""",12 Marchas,Dianteira,,Freio a Disco,Alumínio,,,Mountain Bike,
sportbayoficial||113371.215202,Bicicleta,Bicicleta Ultra Bikes Aro 20 Rebaixada Bicolor Freio V Brake,"A Bicicleta Ultra Bikes Aro 20 Rebaixada Bicolor Freio V Brake é a companheira ideal para você que curte pedalar e se aventurar em seus passeios, a Bike lhe proporciona toda a qualidade e segurança da marca, além de possuir um design ergonômico para o seu conforto. Conta com pintura em cores alegres e vibrantes e adesivos estilosos em alto brilho.<br><br>Especificações:<br><br>- Tamanho: Aro 20;<br>- Quadro: 11?<br>- Peso aproximado: 13 kg;<br>- Modelo: Rebaixada;<br>- Quadro e Garfo fabricados em aço carbono;<br>- Aros fabricados em alumínio;<br>- Adesivos em alto brilho;<br>- Freios V-Brake;<br>- Raios: Aço 2.0x185mm;<br>- Manopla em pvc shimano simples;<br>- Suporte do guidão: Cross 4 parafusos GTU;<br>- Garfo: Standard rígido;<br>- Movimento central: 4,5 cm;<br>- Altura do chão ao guidão: 88 cm;<br>- Largura do guidão: 67 cm;<br>- Comprimento total: 137 cm;<br>- Comprimento entre rodas: 41 cm;<br>- Altura do chão ao banco (altura mínima): 53 cm;<br>- Caixa de direção: Standard;<br>- Pedais: Plástico com refletor laranja metálico;<br>- Selim: Cairu;<br>- Canote do selim: Aço carbono;<br>- Pedivela: Monobloco, 140mm;<br>- Pneus: 20x1,75;<br>- Coroa dianteira: 40 dentes aço carbono;<br>- Marca: Ultra Bikes;<br>- Fabricante: Pro Tork.<br> <br>MONTAGEM:<br><br>- Enviamos a bicicleta pré-montada, revisada e devidamente embalada, para melhor acomodar-se na embalagem de transporte, os seguintes itens são encaminhados desmontados na caixa: selim, pedais, guidão, roda dianteira e roda traseira. Lembrando que se faz necessário a regulagem de câmbios e freios após a montagem do produto, a instalação dessas peças é de total responsabilidade do cliente. Não nos responsabilizamos por defeitos causados pela montagem inadequada do produto. Recomendamos que seja feita por uma oficina especializada.","{""aro"":""20\"""",""tamanho_do_quadro"":""11""}","20""",,,11,,,,,,,,,,,,,,,,,20,Bicolor,Ultra Bikes,11,Não informado,Não informado,aço carbono,Rebaixada,Não informado,Não informado,rígida,Adesivos em alto brilho,Não informado,Não informado,Não informado,Não informado,Não informado,Não informado,Não informado,V-Brake,Ultra Bikes,"[Branco, Vermelho]",Aro 20,"11""",,,,Freio V-Brake,Aço Carbono,,,Passeio,
vgshop||14182,Bicicleta,Bicicleta Infantil Patati Patatá Aro 12 3 a 5 Anos Styll,"Bicicleta styll baby Patati Patatá<br><br>Para as crianças que adoram diversão, a Styll Baby elaborou com muito carinho a Bicicleta Aro 12. Feita com material resistente, a bicicleta é a escolha perfeita para crianças iniciantes. Possui rodas, para-lamas e rodinhas laterais auxiliares que não riscam o chão.<br><br>Características:<br>- Quadro, garfo e guidão em aço carbono<br>- Freio a tambor<br>- Regulagem de altura do selim<br>- Pneus maciços em E.V.A.<br>- Cadeirinha de boneca no guidão<br>- Rodinha lateral de apoio<br>- Mesa de direção em nylon reforçado<br><br>Especificações:<br>- Aro: 12<br>- Recomendada para crianças de 3 a 5 anos<br>- Suporta até : 22Kg<br>- Aprovada pelo INMETRO<br><br>Conteúdo da embalagem:<br>- 1 Bicicleta Styll Baby<br>- Manual de instruções<br><br>- Garantia: 3 meses <br><br>","{""marca"":""Styll""}",,,Styll,,,,,,,,,,,,,,,,,,12,Não informado,Styll,Não informado,Feminino,Infantil,Aço carbono,Patati Patatá,Não informado,Não informado,Não informado,"Rodas para-lamas, rodinhas laterais auxiliares, cadeirinha de boneca no guidão, mesa de direção em nylon reforçado",Não informado,Não informado,Patati Patatá,Não informado,Não informado,22Kg,Não informado,Tambor,Styll Baby,Colorido,Aro 12,,,,22kg,,Aço Carbono,[Patati Patatá],Unissex,Passeio,
cdtbikes||MWZAPTORSA17TIPO6,Bicicleta,Bicicleta Feminina Aro 29 Ksw Mwza 24v Freios Hidráulicos Garfo Suspensão Mtb - Preto/Rosa,"<p>Bike feminina aro 29 em alumínio, nova na caixa a pronta entrega, produto com ótima qualidade e acabamento, possui 24 marchas com sistema de alavancas rapid fire que a cada clique uma marcha é trocada, garfo com suspensão, sistema de freio a disco hidráulico(óleo). Bicicleta pré montada, vai precisar apenas fixar a roda dianteira, guidão, selim e pedais.</p><p><br></p><p><br></p><p>Segue abaixo características da bike:</p><p><br></p><p>Quadro 29 ksw mwza em alumínio</p><p>Garfo 29 suspensão curso 60mm</p><p>Suporte do guidão em alumínio preto</p><p>Guidão 31.8mm em alumínio preto</p><p>Canote do selim 27.2 s/carrinho</p><p>Selim Sport preto</p><p>Abraçadeira do Selim alumínio Preto</p><p>Aros Aero Parede dupla reforçado</p><p>Raios Pretos</p><p>Cubos Pretos Aço</p><p>Pneus 29 cravudos</p><p>Movimento central selado rolamentado</p><p>Freios a disco Hidráulicos com discos inox 160mm</p><p>Alavancas Semi-automáticas Rapid Fire</p><p>Câmbio Traseiro Index Importado 8v</p><p>Câmbio Dianteiro Index Importado 3v</p><p>Corrente Index 24v</p><p>Pedivela Aço Revestido</p><p>Pedal Plataforma Nylon preto</p><p>Roda Livre 8v index dourada(rosca)</p><p><br></p>","{""marca"":""KSW""}",,,KSW,,,,,,,,,,,,,,,,,,29,PretoRosa,Ksw,Não informado,Feminina,Mtb,alumínio,Mwza,Não informado,24,Garfo Suspensão,Freios Hidráulicos,Não informado,Não informado,Não informado,Não informado,Não informado,Não informado,Não informado,a disco hidráulico,KSW,"[Preto, Rosa]",Aro 29,"17""",24 Marchas,Dianteira,,Freio a Disco,Alumínio,,Feminino,Mountain Bike,
diasbike||15955570048,Bicicleta,Bicicleta Aro 29 Alfameq ATX Altus 24V Freio Hidráulico e K7,"BICICLETA ARO 29 ALFAMEQ ATX ALTUS 24V E TRAVA<br> <br> <br>COMPONENTES DA BIKE<br><br> <br>Quadro aro 29 Alumínio<br>Suspensão de 100mm de Cursor com trava no ombro <br>Aros Aeros para Disco Folha Dupla<br>Raios Zincados<br>Pneus Aro 29 Com Arame<br>Câmara de Ar Aro 29<br>Jogo Direção Ahead Set<br>Suporte Do guidão 31.8 <br>Guidão 31.8 MTB <br>Canote do Selim MTB <br>Pedal MTB Plataforma<br>Arruela Calço para Ahead Set (1cm)<br>Manopla MTB Comum<br>Abraçadeira do Selim com Blocagem<br>Selim MTB <br>Disco de Freio De 160mm Parafusos<br>Freio a Disco Hidraulico Com Pinças e Pastilhas<br><br> <br>RELAÇÃO (TRANSMISSÃO DA BIKE)<br><br> <br>Catraca cassete Shimano 8V<br>Roda Tripla De Aluminio Shimano TY300<br>Trocador Indexado Semi Automático Rapid Fire de 8v<br>Cambio Dianteiro Indexado MTB 3v Shimano Tourney Ty500<br>Cambio Traseiro Indexado MTB 8v Shimano Altus M310<br>Cubos Cassete<br>Corrente indexada de 8V Shimano HG40<br>Jogo de Centro 122.5 Selado Rolamentado<br> <br><br> <br>Imagens da bicicleta são meramente ilustrativas.<br>Algumas peças da bicicleta podem sofrer variações de cor e de modelo de acordo com o lote de importação.<br>A Dias Bike não se responsabiliza por recolhimento obrigatório de impostos ICMS por st cobrado em alguns estados.<br>Caso não haja alguém para receber o pedido no local de entrega, após as tentativas de entrega da transportadora, o frete do reenvio será de responsabilidade do comprador.<br>Preço no site são exclusivos para venda online da loja virtual DIAS BIKE, os preços praticados em cada loja podem haver diferença entre os mesmos.<br>Para as compras de bicicletas, as mesmas serão enviadas lubrificadas e pré-montadas, em função do transporte, a roda dianteira, guidão, selim e pedais são enviados soltos para encaixe.<br>A garantia não Cobre Defeitos por Mau uso ou Pela Montagem Inadequada do Produto. A Montagem requer conhecimentos em mecânica e manutenção em bicicletas, por isso recomendamos que a montagem das Bicicletas seja feita por Profissionais do ramo em Oficina Especializada.<br>Algumas Peças podem necessitar de regulagem ou alinhamento.<br>A montagem, Regulagem e Alinhamento é por conta do comprador.<br>A Garantia só será validada mediante a comprovação da montagem por um especialista, válida somente para o Primeiro proprietário.""","{""cor"":""Preto, Vermelho""}",,"Preto, Vermelho",,,,,,,,,,,,,,,,,,,29,Não informado,Alfameq,Não informado,Não informado,MTB,Alumínio,ATX Altus 24V,29,24,Com trava no ombro,Freio Hidráulico e K7,Não informado,Não informado,Não informado,Não informado,Não informado,Não informado,Não informado,Disco Hidráulico,Alfameq,"[Preto, Vermelho]",Aro 29,"17""",24 Marchas,Dianteira,,Freio a Disco,Alumínio,,,Mountain Bike,
diasbike||15855728256,Bicicleta,Bicicleta MTB Aro 29 Absolute Nero 24 Marcha Freio a Óleo,"BICICLETA ARO 29 ABSOLUTE NERO 3 24v FREIO HIDRÁULICO<br> <br>COMPONENTES DA BIKE<br>- Quadro aro 29 Alumínio Absolute Nero 3<br>- Suspensão de 80mm de Cursor<br>- Aros Aeros para Disco Folha Dupla<br>- Raios Zincados<br>- Pneus Aro 29 Com Arame<br>- Camara de Ar Aro 29t<br>- Jogo Direção Ahead Set<br>- Suporte Do guidão 31.8 Importado<br>- Guidão 31.8 MTB Importado<br>- Canote do Selim MTB Importado<br>- Pedal MTB Plataforma<br>- Arruela Calço para Ahead Set (1cm)<br>- Manopla MTB Comum<br>- Abraçadeira do Selim com Blocagem<br>- Selim MTB Básico<br>- Disco de Freio De 160mm Parafusos<br>- Freio a Disco Hidráulico Com Pinças e Pastilhas<br> <br>RELAÇÃO (TRANSMISSÃO DA BIKE)<br>- Roda Livre Indexada de 8v<br>- Roda Tripla De Aço Encapado Reforçada<br>- Trocador Indexado Semi Automático Rapid Fire de 8v<br>- Cambio Dianteiro Indexado MTB 8v<br> - Cambio Traseiro Indexado MTB 8v<br>- Cubos Para RODA LIVRE<br> - Corrente indexada de 8v<br> - Jogo de Centro 122.5<br> <br> <br> <br>- Imagens da bicicleta são meramente ilustrativas.<br>- Algumas peças da bicicleta podem sofrer variações de cor e de modelo de acordo com o lote de importação.<br>- A Dias Bike não se responsabiliza por recolhimento obrigatório de impostos ICMS por st cobrado em alguns estados.<br>-Caso não haja alguém para receber o pedido no local de entrega, após as tentativas de entrega da transportadora, o frete do reenvio será de responsabilidade do comprador.<br>-Preço no site são exclusivos para venda online da loja virtual DIAS BIKE, os preços praticados em cada loja podem haver diferença entre os mesmos.<br>- Para as compras de bicicletas, as mesmas serão enviadas lubrificadas e pré-montadas, em função do transporte, a roda dianteira, guidão, selim e pedais são enviados soltos para encaixe.<br>- A garantia não Cobre Defeitos por Mau uso ou Pela Montagem Inadequada do Produto. A Montagem requer conhecimentos em mecânica e manutenção em bicicletas, por isso recomendamos que a montagem das Bicicletas seja feita por Profissionais do ramo em Oficina Especializada.<br>- Algumas Peças podem necessitar de regulagem ou alinhamento.<br>- A montagem, Regulagem e Alinhamento é por conta do comprador.<br>- A Garantia só será validada mediante a comprovação da montagem por um especialista, válida somente para o Primeiro proprietário.","{""cor"":""Vermelho, Preto"",""marca"":""Absolute Nero"",""tipo"":""Mountain Bike""}",,"Vermelho, Preto",Absolute Nero,,,Mountain Bike,,,,,,,,,,,,,,,29,Não informado,Absolute,Não informado,Não informado,MTB,Alumínio,Nero 3,29,24,80mm de Cursor,Não informado,Não informado,Não informado,Não informado,Não informado,Não informado,Não informado,Não informado,Hidráulico,Absolute,"[Vermelho, Preto]",Aro 29,,24 Marchas,Dianteira,,Freio a Disco,Alumínio,,,Mountain Bike,
ro7parts||15890139410,Bicicleta,Bicicleta Gravel Sense Versa Evo 2023 Shimano Grx 2x10v,"<p>Seja bem vindo (a)! Somos o maior revendedor Sense do Brasil, por isso sua compra está 100% garantida.</p><p><br></p><p>SELO OFICIAL SENSE</p><p><br></p><p>A nossa loja recebeu o selo de revendedora OFICIAL da Sense Bikes! Este selo oficializa a nossa parceria e atesta a excelência do nosso atendimento!</p><p><br></p><p>DESCRIÇÃO DO PRODUTO</p><p><br></p><p>A versão de alto desempenho da Versa chega com o mesmo espírito de praticidade e polivalência de uso, mas com um pacote de componentes para quem quer uma dose extra de velocidade e conforto. Para isso, utilizamos nosso quadro feito em alumínio 6061 T4/T6 hidroformado, de dupla espessura, com geometria Gravel, cabeamento interno e caixa cônica, e equipado com garfo em fibra de carbono e eixos passantes de 12mm.</p><p>O pacote de desempenho fica ainda mais completo com o grupo GRX 2×10 V, o primeiro da Shimano criado exclusivamente para Gravel, complementado com freios a disco de acionamento hidráulico no padrão flat mount, canote Sentec com amortecimento e pneus Schwalbe G-ONE 700*40c. Além de um detalhe pra lá de especial: as bolsas de quadro e guidão super práticas e estilosas, feitas pela Draisiana. Andar rápido na terra e no asfalto nunca foi tão fácil!</p><p><br></p><p>ESPECIFICAÇÕES TÉCNICAS</p><p><br></p><p>Garantia: 5 Anos para o quadro. 1 ano contra defeitos de pintura/verniz ou adesivos. Demais componentes de acordo com o fabricante.</p><p><br></p><p>Peso: 10,7 Kg (* o peso pode variar em até 3% *)</p><p><br></p><p>• QUADRO: SENSE ALUMÍNIO HIDROFORMADO 6061 T4/T6 | DUPLA ESPESSURA| CAIXA DE DIREÇÃO TAPERED | CABEAMENTO INTERNO | EIXOS 12MM COM TRASEIRA 142MM | SISTEMA FREIO FLAT MOUNT| GEOMETRIA GRAVEL</p><p>• GARFO: SENSE FULL CARBON TAPERED FLAT MOUNT EIXO 12MM</p><p>• CAIXA DE DIREÇÃO: NECO H373-B52 | INTEGRADO</p><p>• GUIDÃO: SENTEC ALLOY FLARE 16° 420MM (TAMANHOS 49""/ 52"") 440MM (TAMANHOS 55""/ 58"")</p><p>• MESA: SENTEC 31.8X90MM (TAMANHOS 49""/52"") 100MM (TAMANHOS 55""/58"") 7°</p><p>• FITA DE GUIDÃO: SENTEC</p><p>• TROCADOR ESQUERDO: SHIMANO GRX RX400</p><p>• TROCADOR DIREITO: SHIMANO GRX RX400</p><p>• FREIO DIANTEIRO: SHIMANO GRX BR RX 400</p><p>• FREIO TRASEIRO: SHIMANO GRX BR RX 400</p><p>• CÂMBIO DIANTEIRO: SHIMANO GRX FD RX400</p><p>• CÂMBIO TRASEIRO: SHIMANO GRX RD RX400</p><p>• PEDIVELA: SHIMANO GRX FC RX600 46-30D 170MM (TAMANHO S) 175MM (TAMANHOS M / L / XL)</p><p>• ACOMPANHA PEDAL? NÃO</p><p>• CORRENTE: SHIMANO CN HG54</p><p>• CASSETE: SHIMANO CS HG50 11X36</p><p>• CANOTE DE SELIM: SENTEC 31.6X350MM COM AMORTECIMENTO 40MM</p><p>• BLOCAGEM DE SELIM: SENSE</p><p>• SELIM: SELLE ROYAL ESSENZA</p><p>MOVIMENTO CENTRAL: SHIMANO BSA</p><p>• RODA DIANTEIRA: SENSE EVO / RAIOS SAPIM LEADER / CUBOS SHIMANO RS470 / EIXO 12MM</p><p>• RODA TRASEIRA: SENSE EVO / RAIOS SAPIM LEADER / CUBOS SHIMANO RS470 / EIXO 12MM</p><p>• PNEU: SCHWALBE G ONE ALL ROUND 700x40C</p><p>• CÂMARA DE AR: CHAOYANG</p><p>• DISCO DIANTEIRO: SHIMANO RT54 160MM</p><p>• DISCO TRASEIRO: SHIMANO RT54 160MM</p><p><br></p><p>TAMANHOS</p><p><br></p><p>Tamanho S (49) – É indicado para quem tem de 1,56m a 1,70m</p><p>Tamanho M (52) - É indicado para quem tem de 1,70m a 1,78m</p><p>Tamanho L (55) - É indicado para quem tem de 1,78m a 1,84m</p><p>Tamanho XL (58) - É indicado para quem tem de 1,84m a 1,95m</p>","{""cor"":""Verde"",""marca"":""Sense""}",,Verde,Sense,,,,,,,,,,,,,,,,,,700,Não informado,Sense,"S (49), M (52), L (55), XL (58)",Unissex,Gravel,Alumínio,Versa Evo,Não informado,20,Suspensão dianteira,"Quadro em alumínio 6061 T4T6 hidroformado de dupla espessura com geometria Gravel, cabeamento interno e caixa cônica, garfo em fibra de carbono, eixos passantes de 12mm, grupo GRX 210 V, freios a disco de acionamento hidráulico no padrão flat mount, canote Sentec com amortecimento, pneus Schwalbe G-ONE 700x40c, bolsas de quadro e guidão.",Não informado,Não informado,Não informado,Ciclismo Gravel,"S (49), M (52), L (55), XL (58)",Não informado,Não informado,Disco Hidráulico,Sense,Verde,Aro 700,,20 Marchas,,,Freio a Disco,Alumínio,,,Speed,
potencialbikes||k30branco19,Bicicleta,Bicicleta Aro 29 Ksw 21 Marchas Freios a Disco e Trava,"<p>Bicicleta ideal para uso urbano e trilhas leves.</p><p><br></p> <p><br></p><p>QUADRO : 29"" Alumínio 6061</p><p><br></p><p>SUSPENSÃO : Cursor de 80mm com trava</p><p><br></p><p>CAIXA DE DIREÇÃO : Semi Integrada</p><p><br></p><p>GUIDÃO : Reto ou Curvo em Alumínio 6061</p><p><br></p><p>MESA : 80mm em Alumínio 6061</p><p><br></p><p>MANOPLAS : Borracha Flexível</p><p><br></p><p>TROCADORES : Importado 3 / 7v</p><p><br></p><p>FREIOS : Mecânico a Disco de 160mm</p><p><br></p><p>CÂMBIO DIANTEIRO : Sunrun/GTA </p><p><br></p><p>CÂMBIO TRASEIRO : Sunrun/GTA </p><p><br></p><p>PEDIVELA : Aço Carbono Revestido</p><p><br></p><p>PEDAL : Plataforma em Nylon</p><p><br></p><p>CORRENTE : Indexada de 7v</p><p><br></p><p>Catraca: Roda Livre de 7 Velocidades</p><p><br></p><p>CANOTE DE SELIM : 27.2mm em Alumínio 6061</p><p><br></p><p>SELIM : PU com trilho de regulagem</p><p><br></p><p>Aros : Race de Parede Dupla</p><p><br></p><p>PNEU : MTB 29 Cravo</p><p><br></p> <p><br></p> <p><br></p><p>OBSERVAÇÕES:</p><p><br></p> <p><br></p><p>Imagens Ilustrativas. Pode haver alguma diferença de tonalidade entre a imagem e o produto real, por conta do tratamento de imagens e a calibração de cores do seu monitor ou celular!</p><p><br></p><p>As fotos do anúncio são feitas com quadros do tamanho 17.</p><p><br></p><p>A geometria do quadro (desenho) pode mudar conforme o tamanho escolhido alterando a inclinação do tubo superior quando quadro é 21 deixando-o mais reto.</p><p><br></p><p>Imagens meramente ilustrativas, podendo ter variação de peças de acordo com nosso estoque, sempre com qualidade igual ou superior!</p><p><br></p><p>Enviamos a bicicleta pré-montada, devidamente embalada, para melhor se acomodar na embalagem de transporte são retirados apenas: selim, pedais, guidão e roda dianteira.</p><p><br></p><p>NÃO COBRE DEFEITOS POR MAU USO OU PELA MONTAGEM / REVISÃO INADEQUADA DO PRODUTO.</p><p><br></p><p>A garantia será validada para as bicicletas montadas e revisadas por uma oficina especializada e é referente apenas ao primeiro proprietário.</p><p><br></p><p>A garantia não se aplica para os itens de desgaste natural, tais como: Pneu, câmaras, cabos, sapatas de freio, centragem de aros, pintura do quadro, componentes da transmissão (corrente, engrenagens do pé de vela, engrenagens do cassete)</p>","{""cor"":""Branco, Preto"",""marca"":""KSW"",""tamanho_do_quadro"":""19"",""tipo"":""Mountain Bike""}",,"Branco, Preto",KSW,19,,Mountain Bike,,,,,,,,,,,,,,,29,Não informado,Ksw,Não informado,Não informado,Não informado,Alumínio,Não informado,29,21,Cursor,Trava,Não informado,Não informado,Não informado,Urbano,Não informado,Não informado,Não informado,Disco,KSW,"[Preto, Branco]",Aro 29,"19""",21 Marchas,Dianteira,,Freio a Disco,Alumínio,,,Mountain Bike,
olistsp||OSP06G6B3W76OIPX,Bicicleta,Bicicleta Elétrica Teccity 10Ah Motor Dianteiro 350W - Preto,"Bicicleta Elétrica Teccity 10Ah Motor Dianteiro 350W - PretoA bicicleta elétrica aro26 teccity é ideal para quem busca uma alternativa sustentável para sua locomoção e ao mesmo tempo uma maneira de manter uma vida saudável nas horas vagas. QuadroQuadro: aço ao carbono 26Tamanho: 19Amortecedor: - Suspensão/guidãoGuidão: açoMesa: açoManopla: borracha Sistema de marchasCâmbio traseiro: yamadaCâmbio dianteiro: yamadaVelocidades: 18Trocadores: grip shiftEngrenagem: tripla de açoRoda livre: importada 6vCorrente: importadaPedivela: monobloco Rodas e componentesRoda: aero vzanAro: 26Raio: grosso 2.5Pneu: slick 26 1.95Cubo: aço importado Selim e pedalSelim: cairuCanote: açoAbraçadeira para selim: -Pedal: nilon FreioSistema de freio: v. Brake alumínio importadoAlavanca de freio: alumínio importado Peso: 20kgBike para qual objetivo: uso urbano Sistema elétricoTipo da bateria: cilíndrica 10ah - removívelMotor: dianteiro 350wMostrador de carga: painel com display ledCarregador: universal bivolt - 36vSistema de alimentação: bateria de lítioVelocidade máxima: 40 km/h, de acordo com a lei e resoluçãoAutonomia: de 27 km em média dependendo do tipo de terreno e do peso do condutor.Tempo para recarga: 4-6 horasVida útil: 5 anos em médiaCapacidade de carga: 120 kg MontagemA bicicleta segue montada e revisada, mas por motivo de acomodação na embalagem para transporte são retirados: selim, pedais, guidão e roda dianteira. A instalação é de responsabilidade do cliente. Por motivo de transporte / manuseio, pode ser necessário efetuar nova regulagem de câmbio ao receber o produto. A tecbike não se responsabiliza pela revisão final da bicicleta, sugerindo que seja efetuada por uma oficina especializada.","{""alimentacao"":""Elétrico"",""marca"":""Tecbike"",""potencia_do_motor"":""350 W""}",,,Tecbike,,,,,,,,,,Elétrico,350 W,,,,,,,26,Preto,Teccity,19,Não informado,Elétrica,aço ao carbono,10Ah Motor Dianteiro 350W,26,18,Não informado,Não informado,bateria de lítio,350w,Não informado,urbano,Não informado,120 kg,Não informado,v Brake,Tecbike,Preto,Aro 26,"19""",18 Marchas,Dianteira,120kg,Freio V-Brake,Aço Carbono,,,"[Elétrica, Passeio]",350W
southoficial||904015,Bicicleta,Bicicleta Dropp SW 12V Aro 29 Freio Hidráulico Suspensão com Trava,"<p>Tamanhos indicado de Quadros: <br><br>Tamanho 15 / altura de 1,50 á 1,68;<br>Tamanho 17 / 1,68 á 1,76;<br>Tamanho 19 / de 1,76 á 1,84;<br>Tamanho 21 / de 1,84 á 1,98.</p><p>Descrição dos Componentes da Bicicleta: <br>(Imp.) = Importado: peças podem variar de marca, mantendo sempre o padrão de qualidade!</p><p>Quadro Marca DROPP - Modelo SW 4.0 - Aro 29 em ALUMÍNIO 6061<br>Garfo / Suspensão Aro 29 100mm com Trava no Ombro (Imp.)</p><p>Trocador Engate Rápido 12V - GTS ou Semelhante<br>Câmbio Traseiro 12V GTS ou Semelhante<br>Pedivela 34D Single Alumínio Ponta Quadrada GTS ou Semelhante<br>Cassete / k7 - 12V GTS ou semelhante<br>Corrente 12V index - GTS ou Semelhante</p><p>Freio a Disco 160mm Preto - HIDRÁULICO (Imp.)<br>Cubos p/ Disco 36f rosca Preto com blocagens (Imp.)<br>Aros Aero 36 Furos Folha Dupla Alumínio Preto<br>Câmara de Ar 29 x 1.95 Bico Grosso (Imp.)<br>Pneu Aro 29x2.1</p><p>Guidão 680mm Aço<br>Suporte de Guidão 31.8x80mm<br>Canote de Selim Preto 27.2<br>Abraçadeira C/ Blocagem<br>Banco / Selim - Sport<br>Pedal Nylon<br><br>Movimento Central Roller 122.5 Preto Selado<br>Movimento de Direção Aheadset Preto<br>Manopla Preto color plus<br>Espaçador Aheadset</p><p>MONTAGEM</p><p>Não nos responsabilizamos pela revisão final da bicicleta. A instalação é de responsabilidade do consumidor, orientamos para que seja efetuada por mão de obra especializada.</p><p>GARANTIA - 3 Meses</p><p>A garantia será validada para as bicicletas montadas e revisadas por uma oficina especializada e é referente apenas ao primeiro proprietário.</p><p>A garantia não se aplica para os itens de desgaste natural, tais como: Pneu, câmaras, cabos, sapatas de freio, centragem de roda, pintura do quadro, componentes da transmissão (corrente, engrenagens do pé de vela, engrenagens do cassete)</p><p>OBSERVAÇÕES:</p><p>Pode haver diferença entre as peças da imagem e produto real, devido a lote de fabricação</p><p>As fotos do anúncio são feitas com quadros do tamanho 17''.</p><p>A geometria do quadro muda conforme o tamanho, alterando a inclinação do tubo superior.</p><p>-A cor real do produto pode ser diferente da imagem.</p>","{""cor"":""Preto, Laranja"",""marca"":""Dropp"",""tamanho_do_quadro"":""21"",""tipo"":""Mountain Bike""}",,"Preto, Laranja",Dropp,21,,Mountain Bike,,,,,,,,,,,,,,,29,Não informado,DROPP,"15, 17, 19, 21",Não informado,Não informado,ALUMÍNIO 6061,SW 12V,29,12V,com Trava,Não informado,Não informado,Não informado,Não informado,Não informado,Não informado,Não informado,Não informado,HIDRÁULICO,Dropp,"[Preto, Laranja]",Aro 29,"21""",12 Marchas,Dianteira,,Freio a Disco,Alumínio,,,Mountain Bike,
bikediasg5||30912,Bicicleta,Bicicleta Aro 29 KSW XLT 12V Freios Hidráulico Susp C/ Trava,"<p>Bem vindo a Dias Bike! A Dias Bike é uma loja física e virtual que faz parte da família Dias Bike e Dias Moto Peças, que possuem mais de 10 lojas físicas e uma distribuidora atacadista, atuando no mercado de ciclismo a mais de 31 anos. A empresa comercializa bicicletas prontas, peças e acessórios para bicicletas em geral, tudo a sua disposição e com a comodidade de receber o produto em sua casa em qualquer lugar do Brasil com toda garantia de entrega e a certeza de sua satisfação.</p><p><br></p><p><br></p><p>BICICLETA ARO 29 12 Velocidades Relação 1X12 Freios Hidráulico k7 E TRAVA</p><p><br></p><p><br></p><p>COMPONENTES DA BIKE</p><p><br></p><p><br></p><p><br></p><p>Quadro aro 29 Alumínio</p><p><br></p><p>Suspensão de 100mm de Curso Com Trava no Ombro</p><p><br></p><p>Aros Aeros para Disco Folha Dupla</p><p><br></p><p>Raios Zincados</p><p><br></p><p>Pneus Aro 29 Com Arame</p><p><br></p><p>Câmara de Ar Aro 29</p><p><br></p><p>Jogo Direção Ahead Set</p><p><br></p><p>Suporte Do guidão 31.8</p><p><br></p><p>Guidão 31.8 MTB</p><p><br></p><p>Canote do Selim MTB</p><p><br></p><p>Pedal MTB Plataforma</p><p><br></p><p>Arruela Calço para Ahead Set (1cm)</p><p><br></p><p>Manopla MTB Comum</p><p><br></p><p>Abraçadeira do Selim com Blocagem</p><p><br></p><p>Selim MTB</p><p><br></p><p>Rotor de Freio De 160mm</p><p><br></p><p>Freio a Disco Hidráulico</p><p><br></p><p><br></p><p><br></p><p>RELAÇÃO (TRANSMISSÃO DA BIKE)</p><p><br></p><p><br></p><p><br></p><p>Cassete 12 Velocidades 11x50D</p><p><br></p><p>Pedivela Single Ponta Quadrada</p><p><br></p><p>Trocador Indexado Semi Automático de 12V</p><p><br></p><p>Cambio Traseiro Indexado MTB 12V</p><p><br></p><p>Cubos Para com FreeHub para cassete</p><p><br></p><p>Corrente indexada de 12V</p><p><br></p><p><br></p><p>Atenção, a marca da transmissão pode variar de acordo com o estoque, mas garantimos a mesma qualidade e desempenho.</p><p><br></p><p><br></p><p>**IMAGENS MERAMENTE ILUSTRATIVAS**</p>","{""marca"":""KSW"",""tamanho_do_quadro"":""21""}",,,KSW,21,,,,,,,,,,,,,,,,,29,Não informado,KSW,Não informado,Não informado,MTB,Alumínio,XLT,29,12,Com Trava,Freios Hidráulico,Não informado,Não informado,Não informado,Não informado,Não informado,Não informado,Não informado,Hidráulico,KSW,"[Preto, Cinza]",Aro 29,"21""",12 Marchas,Dianteira,,Freio a Disco,Alumínio,,,Mountain Bike,
superbikes||BOBW73,Bicicleta,Bicicleta Mtb Aro 29 Oggi B.w. 7.3 Tam 15.5  Freio Disco,"A Super Bikes é sua parceira confiável quando se trata de ciclismo. Há mais de 20 anos no mercado, nossa loja física conquistou uma reputação sólida ao oferecer apenas produtos legítimos e de qualidade para entusiastas de bicicletas. Com uma equipe apaixonada e experiente, estamos sempre prontos para orientá-lo em suas escolhas, garantindo que suas necessidades sejam atendidas. Pedale com confiança, escolha a Super Bikes! Em caso de dúvida mande uma pergunta que nosso time já vai te responder!","{""aro"":""29\"""",""modelo"":""mtb""}","29""",,,,,,,mtb,,,,,,,,,,,,,29,Não informado,Oggi,155,Não informado,Mtb,Não informado,Bw 73,Não informado,Não informado,Não informado,Não informado,Não informado,Não informado,Não informado,Não informado,Não informado,Não informado,Não informado,Disco,OGGI,"[Preto, Amarelo]",Aro 29,"15,5""",,Dianteira,,Freio a Disco,,,,Mountain Bike,
gtsm1bicicletas||4427-13971,Bicicleta,Bicicleta Elétrica GTS aro 29 Freio a disco Hidráulico 350W Bateria 10Ah / GTS M1 I-VTEC Beach Caiçara 350W,"<br>BICICLETA ELÉTRICA GTSM1 BEACH CAIÇARA ARO 29 FREIO A DISCO HIDRÁULICO | GTS M1 I-VTEC ELÉTRICA 350 W. Bicicleta GTSM1 Elétrica é ideal para o dia a dia, lazer e percursos longos, possui 3 níveis de potencia para ajudar a sua pedalada O peso total da bike é de 22,2kg montada. A Bike é direto da Fábrica Oficial com mais de 28 anos no mercado e garantia exclusiva com suporte diferenciado. Suporta até 100 kg. sistema de marchasEsse modelo não possui marchas, sistema de transmissão fixa para melhor desempenho.* CATRACA RODA LIVRE 22 DENTES.* ENGRENAGEM 46 DENTES.* CORRENTE VELO GROSSA.* SISTEMA DE PEDAL ASSISTIDO INTEGRADO NO MOTOR.suspensão / guidãoO guidão dessa bike por padrão é de aço modelo caiçara. O garfo é inteiro de alumínio rígido que dá mais qualidade para o quadro. Confira mais detalhes:* GARFO ARO 29 RÍGIDO ALUMÍNIO URBANO.* GUIDÃO CAIÇARA BEACH AÇO.* AVANÇO LIFE 25.4.* DIREÇÃO OVER AHEADSET INTEGRADA.* MANOPLA MTB EMBORRACHADA. rodas e componentesUm dos aros mais procurados hoje em dia é o 29, que é um dos mais utilizados em nossas bikes mas é preciso se atentar se realmente a bike possui um aro bom e com componentes que correspondam a grandes impactos e atritos. confira mais detalhes:* ARO 29 GTSM1 VENUS 36 FUROS PAREDE DUPLA.* RAIO IMP. 290 FINO PRETO.* PNEU MTB 29 X 2.10 MISTO.* CÂMARA ARO 29. * CUBO AÇO 36 FUROS FREIO A DISCO ROLAMENTO DE BACIA ESFERADA (SEM BLOCAGEM). kit elétricoO kit elétrico potencializa a sua pedalada com motor traseiro e pedal assistido, confira mais detalhes:* MOTOR CENTRAL 350W. * BATERIA REMOVIVEL LITIO 36V 10 AH. * PAINEL COMPUTADOR DE BORDO LED, NIVEL DE BATERIA E LUZ INTERNA. * SISTEMA DE PEDAL ASSISTIDO. * VELOCIDADE MÁXIMA 25 A 35 KM/H (PODE VARIAR CONFORME SUBIDA OU DECIDA, PESO DO CONDUTOR, CALIBRAGEM DO PNEU E ACELERAÇÃO DO MOTOR). * TEMPO DE RECARGA 6 A 8 HORAS.* PROTEÇÃO A ÁGUA E POEIRA: IP64 LEVES PROTEÇÕES DE ÁGUA. * GARANTIA 3 MESES CONTRA DEFEITO DE FABRICAÇÃO.* AUTONOMIA APROXIMADAMENTE ATÉ 30 KM. * FONTE DE CARREGAMENTO 100V A 240V OUTPUT 42.0V - 2.0A.* ACOMPANHA 2 CHAVES PARA RETIRADA DA BATERIA.* PESO MÁXIMO SUPORTADO 100 KG.Selim e pedal* SELIM TEC EXTRA CONFORT COM LED.* CANOTE ALUMÍNIO COM CARRINHO. * ABRAÇADEIRA PARA SELIM 31.8 IMPORT.* PEDAL PLATAFORMA ALUMÍNIO.FreioO freio a disco hidráulico além de ser mais seguro oferece mais conforto e menos reparos.* FREIO A DISCO HIDRÁULICO NAS DUAS RODAS DISCO 160 MM.Quadro* QUADRO ALUMÍNIO I-VTEC GTSM1.* MOVIMENTO CENTRAL 122MM..* ADESIVOS ENVERNIZADOS.* GARANTIA DE 1 ANO PARA O QUADRO.Bikes para quais objetivos? * USO URBANO * PERCURSOS LONGOS * ON-ROAD BIKE PRÉ-MONTADAA BICICLETA SEGUE MONTADA E REVISADA, MAS POR MOTIVO DE ACOMODAÇÃO NA EMBALAGEM PARA TRANSPORTE SÃO RETIRADOS: SELIM, PEDAIS, GUIDÃO E RODA DIANTEIRA. A INSTALAÇÃO É DE RESPONSABILIDADE DO CLIENTE. POR MOTIVO DE TRANSPORTE / MANUSEIO, PODE SER NECESSÁRIO EFETUAR NOVA REGULAGEM DE CÂMBIO AO RECEBER O PRODUTO. A GTSM1 NÃO SE RESPONSABILIZA PELA REVISÃO FINAL DA BICICLETA, SUGERINDO QUE SEJA EFETUADA POR UMA OFICINA ESPECIALIZADA.<br>OBS: ESTE PRODUTO EM REGIÕES COM ALTA SALINIDADE PODERÁ APRESENTAR CORROSÃO, POR ISSO MANTENHA SEMPRE A CONSERVAÇÃO, LUBRIFICAÇÃO E MANUTENÇÃO.","{""marca"":""GTS"",""tamanho_do_quadro"":""20""}",,,GTS,20,,,,,,,,,,,,,,,,,29,Não informado,GTS,Não informado,Não informado,Elétrica,Alumínio,GTS M1 I-VTEC Beach Caiçara,29,Não informado,Rígido,Pedal assistido,Bateria,350W,Não informado,Urbano,Não informado,100 kg,Não informado,Disco Hidráulico,GTS M1,"[Preto, Laranja]",Aro 29,"20""",,,100kg,Freio a Disco,Alumínio,,,Elétrica,350W
gtsport||15959671496,Bicicleta,Bicicleta Aro 29 Ksw Alumínio 21v Alavanca V-Fire Freios a Disco e Suspensão,"A bicicleta KSW XLT 100 foi desenvolvida para quem quer realizar passeios e pegar trilhas leves. Com seu quadro em alumínio 6061, fornece segurança e leveza no seu pedal.<br> O modelo possui 21 velocidades e trocadores ez-fire (alavanca) que garantem trocas precisas e rápidas, freio a disco mecânico que proporciona segurança nas frenagens e suspensão dianteira para um passeio confortável em diversos tipos de terrenos.<br> Disponível em diversas cores que garante um estilo próprio para você.<br> <br> Veja abaixo a descrição detalhada dos componentes:<br> QUADRO: Marca KSW Modelo XLT 100 em Alumínio 6061.<br> SUSPENSÃO: Aro 29 <br> TROCADOR: Engate rápido - 21v Index<br> CÂMBIO TRASEIRO: Paco 7v<br> CÂMBIO DIANTEIRO: Paco 3v<br> RODA LIVRE: catraca 7v index<br> PEDIVELA: Triplo em aço revestido<br> CORRENTE: index 21v<br> FREIOS: Disco 160mm - Mecânico<br> CUBOS: 36 Furos em Aço - Esferados com brocagem<br> AROS: Aero em alumínio parede dupla 36f<br> PNEUS: Aro 29 x 2,10 MTB cravo baixo<br> CÂMARA DE AR: 29 x 1.95 bico grosso<br> MOVIMENTO CENTRAL: Roller 122.5 Preto Selado<br> MOVIMENTO DE DIREÇÃO: Aheadset Preto semi integrado<br> ESPAÇADOR: Aheadset Em Alumínio<br> GUIDÃO: Reto expandido em alumínio - Preto<br> SUPORTE DE GUIDÃO: Preto em Alumínio 31,8mm<br> CANOTE DE SELIM: Preto em Alumínio 27,2x350mm c/ carrinho<br> BANCO / SELIM: Sport PU MTB<br> ABRAÇADEIRA: C/ Blocagem 31,8mm em Alumínio Preto<br> PEDAL: Nylon plataforma preto<br> <br> OBS: IMAGEM MERAMENTE ILUSTRATIVA, BIKE VAI CONFORME DESCRIÇÃO<br> <br> RECOMENDAÇÃO DE TAMANHOS<br> Altura do ciclista: 1,65 até 1,71m – Tamanho de quadro 15"" <br> Altura do ciclista: 1,72 até 1,76m – Tamanho de quadro 17"" <br> Altura do ciclista: 1,77 até 1,82m – Tamanho de quadro 19""<br> Altura do ciclista: 1,83 até 1,90m ou mais – Tamanho de quadro 21""<br> <br> <br> MONTAGEM<br> - A bicicleta é montada, porém, para acomodação na embalagem e transporte, algumas peças são enviadas desmontadas.<br> - A instalação é de responsabilidade do consumidor, orientamos que seja efetuada por mão de obra especializada.<br> - Por motivo de transporte e manuseio, há a necessidade de efetuar uma revisão (câmbios, freios) ao receber o produto.<br> GARANTIA - Fábrica / 3 Meses<br> NÃO COBRE DEFEITOS POR MAU USO OU PELA MONTAGEM / REVISÃO INADEQUADA DO PRODUTO.<br> - A garantia será validada para as bicicletas montadas e revisadas por uma oficina especializada e é referente apenas ao primeiro proprietário.<br> - A garantia não se aplica para os itens de desgaste natural tais como: Pneu, câmaras, cabos, pastilhas de freio, centragem de aros, pintura do quadro, componentes da transmissão (corrente, engrenagens do pedivela, engrenagens do cassete ou roda livre).<br> .<br> OUTRAS OBSERVAÇÕES:<br> - As fotos do anúncio são feitas com quadros do tamanho 17''.<br> - A geometria do quadro (desenho) pode mudar conforme o tamanho escolhido alterando a inclinação do tubo superior.<br> - Pode haver alguma diferença de tonalidade entre a imagem e o produto real, por conta do tratamento de imagens e a calibração de cores da sua tela.<br> - Dependendo o lote do produto, algumas peças podem ter cores diferentes da imagem.","{""aro"":""29\"""",""cor"":""Preto, Verde"",""marca"":""KSW"",""tipo_de_suspensao"":""Suspensão Dianteira""}","29""","Preto, Verde",KSW,,,,,,,,Suspensão Dianteira,,,,,,,,,,29,Não informado,KSW,Não informado,Não informado,MTB,Alumínio,XLT 100,29,21,Dianteira,"Engate rápido, Trocadores Ez-Fire Alavanca, Freio a Disco Mecânico",Não informado,Não informado,Não informado,Passeio e Trilhas Leves,Não informado,Não informado,Não informado,Disco,KSW,"[Preto, Verde]",Aro 29,"19""",21 Marchas,Dianteira,,Freio a Disco,Alumínio,,,Mountain Bike,
pozelar||46271,Bicicleta,Bicicleta Quadro 19 Aro 29 Alumínio 27v Freio Disco Hidráulico XLT 2.0 - KSW,"<ul><li><strong>ITENS INCLUSOS</strong> Manual e Acessórios de Montagem </li><li><strong>GRANDE</strong>  A Bicicleta Quadro 19 Aro 29 Alumínio 27v Freio Disco Hidráulico XLT 2.0 - KSW, é uma bicicleta para praticantes do mountain bike nível iniciante é ideal para você que ama e deseja se aventurar no universo Mountain Bike, e curtir momentos inesquecíveis. Possui 27 velocidades e quadro com design moderno de alta resistência, que garante mais segurança e conforto no seu pedal, é leve e conta com freios a disco hidráulico que vai lhe proporcionar uma freagem mais macia e segura. Essa bike tem um ótimo custo benefício, com seu design e geometria moderna, indicada para passeios em qualquer tipo de terreno e trilhas em meio a natureza com conforto e segurança. Gostou? Adquira já a sua! <strong>ESPECIFICAÇÕES</strong><strong>Dimensões </strong><br>Quadro: 19.<br>Aro: 29.<br>Peso Aproximado: 16 Kg.<strong>Características </strong><br>Quadro: Modelo XLT KSW 2.0 Edition 2019.<br>Material Quadro: Alumínio.<br>Material Aro: Alumínio 6061.<br>Garfo/Suspensão: Preto 100 mm com trava no ombro.<br>Peso Suportado: Até 130 Kg.<br>Tipo de Aro: Aero 36 Furos folha dupla alumínio preto personalizado.<br>Tipo de Freio: Freio a disco hidráulico 160 Shimano Acera M3050.<br>Tipo de Guidão: Expandido preto mega over.<br>Suporte de Guidão: Mesa preta em alumínio.<br>Luvas/Manopla: Preto.<br>Espaçador: Aheadset em alumínio 3 peças.<br>Quantidade de Marchas: 27.<br>Trocador de Marchas: EZ-Fire integrado Shimano Acera M3050.<br>Câmbio Dianteiro: SHIMANO Acera FD M3000.<br>Câmbio Traseiro: SHIMANO Acera RD M3000 SSG 9v.<br>Banco/Selim: Sport/Comum.<br>Canote de selim: Preto em alumínio.<br>Pedivela: Integrado Hollowtech Shimano FC MT210.<br>Pedais: Plataforma nylon.<br>Corrente: Index 9V.<br>Catraca: Roda Livre 9V.<br>Cubos: Para disco 36 furos rosca preto com blocagens (GTA).<br>Movimento Central: Shimano MT500.<br>Movimento de Direção: Aheadset preto.<br>Pneus: Imp. 29 - 2.10 cravo baixo.<br>Câmaras : 29 x 1.95 bico grosso.<br>Modalidade: Mountain Bike.<br>Volumes: 1 Volume.<br>Garantia do Fabricante: 90 dias contra defeito de fabricação.<strong>Recomendações de Quadros:</strong><br>15 - Para ciclistas de 1,50 até 1,68 cm.<br>17 - Para ciclistas de 1,68 até 1,76 cm.<br>19 - Para ciclistas de 1,76 até 1,84 cm.<br>21 - Para ciclistas de 1,84 até 1,98 cm.<strong>Observações importantes</strong><br>- Pode haver alguma diferença de tonalidade entre a imagem e o produto real, por conta do tratamento de imagens e a calibração de cores do seu monitor.<br>- Ao receber a mercadoria, o cliente deve verificar as condições da embalagem, caso haja alguma avaria não assine o comprovante de recebimento.<br>- Enviamos a bicicleta pré-montada, e revisada, mas para melhor se acomodar na embalagem e transporte são retirados: selim, pedais, guidão e roda dianteira. A instalação é de responsabilidade do cliente. Por motivo de transporte e manuseio, pode haver a necessidade de efetuar uma nova regulagem de cambio ao receber o produto. Não nos responsabilizamos pela revisão final da bicicleta, sugerimos que seja efetuada por mão de obra especializada. </li></ul>","{""cor"":""Preto, Rosa"",""marca"":""KSW"",""tipo"":""Mountain Bike""}",,"Preto, Rosa",KSW,,,Mountain Bike,,,,,,,,,,,,,,,29,Não informado,KSW,19,Não informado,Mountain Bike,Alumínio,XLT 20,Não informado,27,Suspensão Preto 100 mm com trava no ombro,Não informado,Não informado,Não informado,Não informado,Mountain Bike,Não informado,130 Kg,Não informado,Freio a disco hidráulico 160 Shimano Acera M3050,KSW,"[Preto, Rosa]",Aro 29,"19""",27 Marchas,Dianteira,130kg,Freio a Disco,Alumínio,,,Mountain Bike,
alfameq||RDX2921D19LP,Bicicleta,Bicicleta aro 29 gts feel rdx freio a disco 21 marchas shimano,"<p>Descrição:<br>BICICLETA ARO 29 GTS FEEL RDX FREIO A DISCO 21 MARCHAS</p><p>Informações Técnicas:<br>Marca: GTS<br>Gênero: Unissex<br>Aro Aero 29 alumínio (parede dupla)<br>Cubo dianteiro/traseiro 36F<br>Raio 290x2.0 zincado<br>Câmara de ar 29 Importada<br>Pneu 29x1.95 de preto Importado<br>Selim MTB Importado<br>Canote de selim 27,2 alumínio<br>Abraçadeira de alumínio com blocagem<br>Movimento central selado Importado<br>Movimento de Direção Head Set Mega Over<br>Pedivela com Engrenagem Tripla em Aço preto<br>Alavanca7velocidades Eze Fire Importada<br>Suporte de guidão 31.8 Alumínio Preto<br>Guidão curvo expandido aço preto<br>Catraca de7velocidades Index<br>Câmbio dianteiro Shimano<br>Câmbio traseiro Shimano sem gancheira<br>Corrente fina Index Importada<br>Pedal plataforma 9/16 de Nylon<br>Garfo de Suspensão Over Head Set em aço preto<br>Freio a Disco dianteiro e traseiro Importado<br>Garantia: 03 meses contra defeito de fabricação<br>País de Origem Brasil</p><p>TAMANHO IDEAL DO QUADRO PARA SUA ALTURA<br>Quadro em alumínio tamanho 15, recomendado para pessoas de 1,50m a 1,60m.<br>Quadro em alumínio tamanho 17, recomendado para pessoas de 1,60m a 1,72m.<br>Quadro em alumínio tamanho 19, recomendado para pessoas de 1,72m a 1,83m.<br>Quadro em alumínio tamanho 21, recomendado para pessoas de 1,83m a 1,98m.</p>","{""aro_de_roda"":""29\"""",""cor"":""Laranja, Preto"",""genero"":""Feminino""}",,"Laranja, Preto",,,Feminino,,,,"29""",,,,,,,,,,,,29,Não informado,GTS,15,Unissex,Não informado,alumínio,Feel RDX,29,21,Não informado,Não informado,Não informado,Não informado,Não informado,Não informado,Não informado,Não informado,Não informado,a disco,GTS,"[Laranja, Preto]",Aro 29,,21 Marchas,Dianteira,120kg,Freio a Disco,Alumínio,,,Mountain Bike,
bikediasg5||15879789447,Bicicleta,Bicicleta Aro 29 KSW XLT 27V Shimano Alivio Freio Hidráulico,"BICICLETA ARO 29 KSW XLT ALIVIO 27v HIDRÁULICO<br> <br>COMPONENTES DA BIKE<br>- Quadro aro 29 Alumínio 6061 KSW XLT <br>- Suspensão de 100mm de Cursor com Trava no Ombro<br>- Aros Aeros para Disco Folha Dupla<br>- Raios Zincados<br>- Pneus Aro 29 Com Arame<br>- Camara de Ar Aro 29<br>- Jogo Direção Ahead Set<br>- Suporte Do guidão 31.8 Importado<br>- Guidão 31.8 MTB Importado<br>- Canote do Selim MTB Importado<br>- Pedal MTB Plataforma<br>- Arruela Calço para Ahead Set (1cm)<br>- Manopla MTB Comum<br>- Abraçadeira do Selim com Blocagem<br>- Selim MTB Básico<br>- Disco de Freio De 160mm Parafusos<br>- Freio a Disco Hidráulico Com Pinças e Pastilhas<br> <br>RELAÇÃO (TRANSMISSÃO DA BIKE)<br>- Cassete Indexado de 9v<br>- Roda Tripla De Alumínio Reforçada<br>- Trocador Indexado Semi Automático Rapid Fire de 9v<br>- Cambio Dianteiro 9v Indexado<br>- Cambio Traseiro Shimano Alivio 9v M3100<br>- Cubos Com Blocagem Sistema Cassete<br> - Corrente Indexado 9v<br>- Jogo de Centro 122.5<br> <br> <br> <br>- Imagens da bicicleta são meramente ilustrativas.<br>- Algumas peças da bicicleta podem sofrer variações de cor e de modelo de acordo com o lote de importação.<br>- A Dias Bike não se responsabiliza por recolhimento obrigatório de impostos ICMS por st cobrado em alguns estados.<br>-Caso não haja alguém para receber o pedido no local de entrega, após as tentativas de entrega da transportadora, o frete do reenvio será de responsabilidade do comprador.<br>-Preço no site são exclusivos para venda online da loja virtual DIAS BIKE, os preços praticados em cada loja podem haver diferença entre os mesmos.<br>- Para as compras de bicicletas, as mesmas serão enviadas lubrificadas e pré-montadas, em função do transporte, a roda dianteira, guidão, selim e pedais são enviados soltos para encaixe. <br>- A garantia não Cobre Defeitos por Mau uso ou Pela Montagem Inadequada do Produto. A Montagem requer conhecimentos em mecânica e manutenção em bicicletas, por isso recomendamos que a montagem das Bicicletas seja feita por Profissionais do ramo em Oficina Especializada.<br>- Algumas Peças podem necessitar de regulagem ou alinhamento. <br>- A montagem, Regulagem e Alinhamento é por conta do comprador. <br>- A Garantia só será validada mediante a comprovação da montagem por um especialista, válida somente para o Primeiro proprietário.<br>","{""marca"":""KSW""}",,,KSW,,,,,,,,,,,,,,,,,,29,Não informado,KSW,Não informado,Não informado,MTB,Alumínio,XLT,29,27,100mm,Não informado,Não informado,Não informado,Não informado,Não informado,Não informado,Não informado,Não informado,Hidráulico,KSW,"[Preto, Branco, Vermelho]",Aro 29,"17""",27 Marchas,Dianteira,,Freio a Disco,Alumínio,,,Mountain Bike,
lojacaloi||628253701,Bicicleta,Bicicleta Mobilidade Caloi Rouge Aro 26 - Susp Dianteira - Quadro Alumínio - 21 Velocidades - Preto,"Tamanho do quadro - 17'' Categoria - Lazer Garfo - Suspensão Caloi com 30mm de curso Aro - 26"" em alumínio Cubos - Aço Pneu - 26x2.00 Pedivela - Aço - com chain guard - 170mm - 42/34/24 Corrente - KMC - X7 Cassete - Roda livre 07 velocidades - 14-28D Câmbio Traseiro - Caloi Indexado - 7v Câmbio Dianteiro - Caloi Indexado - 3v Passadores - Grip system/pvc Freio - V-brake de alumínio Canote do Selim - Aço 27.2x300 mm ajuste com quick-release Altura Sugerida - 1,60m a 1,80m","{""marca"":""Caloi""}",,,Caloi,,,,,,,,,,,,,,,,,,26,Preto,Caloi,17,Não informado,Não informado,Alumínio,Rouge,Não informado,21,Susp Dianteira,Não informado,Não informado,Não informado,Não informado,Lazer,Não informado,Não informado,Não informado,V-brake,Caloi,Preto,Aro 26,"17""",21 Marchas,Dianteira,,Freio V-Brake,Alumínio,,,Passeio,
superlegalbrinquedos||6312,Bicicleta,Bicicleta Infantil Aro 20 - Apollo - Preto e Laranja - Nathor,"A bicicleta Apollo aro 20 da Nathor contam com o movimento central deslocado, diferencial que ajuda na hora de pedalar, proporcionando um maior conforto. Com freios V-Brake e maçaneta em alumínio, garante uma ótima rigidez, fazendo com que a frenagem seja mais e?ciente por não sofrer deformação. A Aro 20 ainda conta com pezinho de descanso exclusivo e protetor de corrente, diferenciais que levam muito mais conforto e segurança! A bike tem ainda pneus com câmara, quadro em aço carbono e aro em alumínio. Características: - Mesa Head-Set - Aro em alumínio - Maçaneta em alumínio com ajuste do freio - Movimento central deslocado - Pezinho de descanso exclusivo - Pneus com câmara - Freios V-brake - Altura máxima recomendada: 120 – 150 cm - Peso máximo recomendado: 70 kg","{""aro_de_roda"":""20\"""",""marca"":""Nathor""}",,,Nathor,,,,,,"20""",,,,,,,,,,,,20,Preto e Laranja,Nathor,Não informado,Infantil,Não informado,Aço carbono,Apollo,Não informado,Não informado,Não informado,"Movimento central deslocado, Freios V-Brake, Maçaneta em alumínio, Pezinho de descanso exclusivo, Protetor de corrente, Pneus com câmara",Não informado,Não informado,Não informado,Não informado,Não informado,70 kg,Altura máxima recomendada: 120 - 150 cm,V-Brake,Nathor,"[Preto, Laranja]",Aro 20,,,,70kg,Freio V-Brake,Aço Carbono,,Masculino,Passeio,
solucaoeletronicos||25.011564,Bicicleta,Bicicleta Eletrica Ebike Myway 4.0 Aro 16 45km Aut Preto,"<br><br><br><br>Informações Adicionais<br><br><br><br>Chegou sua hora de experimentar a nova E-Bike MyWay 4.0.<br> <br> Versátil e funcional, a E-Bike MyWay 4.0 é uma escolha inteligente para a mobilidade urbana e lazer.<br> <br> Sua construção em alumínio garante um produto leve e resistente e suporta peso máximo de até 120 Kg. Seus pneus são de 16 polegadas, que garante mais estabilidade e uma pilotagem confortável pela seu percurso favorito.<br> <br> Conta com bateria de 36V e 7.5Ah, que pode ser carregada em uma fonte de alimentação 110/220V, garantindo autonomia de até 45km e velocidade máxima de 25km/h, você pode ir mais longe e chegar mais rápido ao seu destino.<br> <br> Não perca a chance de experimentar a nova E-Bike MyWay 4.0 e a liberdade que vem com a mobilidade elétrica. Disponível em duas cores: preto e vermelho, é a opção perfeita para você que busca meios mais eficientes e ecologicamente correto.<br> <br> <br> Imagens meramente ilustrativas e as cores apresentadas podem sofrer variações de tonalidade de acordo com a configuração do monitor<br><br><br><br><br> <br> <br> <br><br><br><br>Características<br><br><br><br><br>Marca: Mymax<br> Nome produto: Bicicleta Eletrica Ebike Myway 4.0 Aro 16 45km Aut Preto<br> Modelo: Myway 4.0<br> Cor: Preto<br> Material: Alumínio<br> Quadro: Dobrável<br> Medida Montada: 123x21x67cm<br> Medida Dobrada: 123x52x108cm<br> Bateria: 36V 7.5Ah<br> Vida Util Bateria: 500 ciclos<br> Duração da Bateria: Assistida (Pedal + Elétrico): Até 45 km (modo 1 - econômico) 100% Elétrica: até 25km (modo 1 - econômico)<br> Tempo Carregamento: 3,5 Horas<br> Carregador: 54.6V 2Ah<br> Voltagem do Carregador: 100-240VAC, 50/60Hz, 3A<br> Pneus: Borracha pneumático - 16 Polegadas<br> Ângulo Máximo de Inclinação: 20° com pedal e 12° com somente elétrico<br> Potência do Motor: 250W<br> Velocidade Máxima: 25Km/h<br> Peso Máximo Suportado: 120 kg<br> Painel de Instrumentos: Sim - Nível de Bateria<br> Freio: Disco dianteiro e traseiro<br> Iluminação: Sim - LED<br> Idade Recomendada: Acima de 14 anos<br> Acessórios Inclusos: Suporte de carga fixo - carga máx no suporte 20kg<br> Regulagem Altura do Guidão: Não<br> Regulagem Altura do Selim: Sim<br> EAN: 7898554985965<br> Informativo de Garantia: 12 meses de garantia (9 meses de garantia contratual junto ao fabricante + 3 meses referentes à garantia legal, nos termos do artigo 26, II, do Código de Defesa do Consumidor)<br><br><br><br><br>","{""alimentacao"":""Elétrico"",""cor"":""Preto"",""potencia_do_motor"":""250 W"",""tipo"":""Elétrico""}",,Preto,,,,Elétrico,,,,,,,Elétrico,250 W,,,,,,,16,Preto,Mymax,Não informado,Não informado,Eletrica,Alumínio,Myway 40,16,Não informado,Não informado,Não informado,Não informado,250W,Não informado,Não informado,Não informado,120 kg,Dobrável,Disco,Mymax,Preto,Aro 16,,,,120kg,Freio a Disco,Alumínio,,,"[Elétrica, Dobrável]",250W
flame16||42,Bicicleta,Bicicleta aro 12 paty rosa e  lilas verden,"<p><br></p><p>A bicicleta verden aro 12 é ideal para as crianças que estão dando as primeiras pedaladas se divertirem muito e com segurança, pois possui quadro e garfo em aço carbono e rodinhas para pedaladas seguras é para a garotada que tem energia de sobra e também para os momentos de lazer.</p><p><br></p><p><br></p><p><br></p><p><br></p><p><strong>Características do produto</strong></p><p><br></p><p><br></p><p><strong>﻿</strong></p><p><br></p><p><br></p><ul><li> Quadro e garfo: aço carbono</li><li> Freios: nylon com manetes anatômicos</li><li> Pneus: eva (pneu leve, macio e sem câmera</li><li> Recomendação: para idades de 3 a 5 anos</li><li> Altura recomendada: 90 - 110cm</li><li> Peso máximo: 25kg</li><li> Cores: rosa</li><li> Contém: protetor de corrente e paralamas</li><li> Altura 57 cm</li><li> Largura 45 cm</li><li> Comprimento 85 cm</li><li> Peso do produto: 4,308 kg</li></ul>","{""aro"":""12\"""",""cor"":""Rosa, Lilás"",""marca"":""Verden""}","12""","Rosa, Lilás",Verden,,,,,,,,,,,,,,,,,,12,rosa e lilas,verden,Não informado,Não informado,Não informado,aço carbono,Não informado,Não informado,Não informado,Não informado,protetor de corrente e paralamas,Não informado,Não informado,Não informado,Não informado,Não informado,25kg,Não informado,nylon com manetes anatômicos,Verden,Rosa,Aro 12,,,,25kg,,Aço Carbono,Paty,Feminino,Passeio,
tajunabike||NERO4PTOVERM21TIPO12,Bicicleta,Bicicleta Aro 29 Absolute Nero 4 Cabeamento Interno 27v Freio Hidráulico K7 Garfo com Trava - Preto/Vermelho,"<p>Bike aro 29, com quadro Absolute Nero 4, nova na caixa a pronta entrega, produto com ótima qualidade e acabamento, cabeamento interno, possui 27 marchas com sistema de alavancas rapid fire que a cada clique uma marcha é trocada, Catraca do tipo k7 de encaixe com 9 velocidades, garfo com suspensão e sistema de Ajuste para melhor performance, sistema de freio a disco hidráulico, pneus com cravo baixo para uso em terra e asfalto. Bicicleta pré montada, vai precisar apenas fixar a roda dianteira, guidão, selim e pedais. Segue abaixo características da bike:</p><p><br></p><p>Quadro 29 Absolute Nero 4 em Alumínio 6061 - cabos internos</p><p>Garfo 29 suspensão com Trava e Regulagem</p><p>Suporte do guidão em alumínio preto</p><p>Guidão 31.8mm em alumínio preto</p><p>Canote do selim 27.2 em alumínio preto Com carrinho</p><p>Selim Sport preto</p><p>Abraçadeira do Selim alumínio Preto</p><p>Aros Aero Parede dupla reforçado</p><p>Raios Pretos</p><p>Cubos Pretos Alumínio para K7 com blocagens</p><p>Pneus 29 Com Cravo</p><p>Movimento central selado rolamentado</p><p>Freios a disco Hidráulicos com discos inox 160mm</p><p>Alavancas Semi-automáticas Rapid Fire Sunrun gta</p><p>Câmbio Traseiro Sunrun/Gta</p><p>Câmbio Dianteiro Sunrace ou Yamada</p><p>Corrente Index 9v</p><p>Pedivela Alumínio Triplo</p><p>Pedal Plataforma Nylon preto</p><p>Cassete K7 9v gta preto ou prata</p>","{""marca"":""Absolute Nero""}",,,Absolute Nero,,,,,,,,,,,,,,,,,,29,PretoVermelho,Absolute,Nero 4,Não informado,Não informado,Alumínio 6061,Não informado,Não informado,27,Trava e Regulagem,"Cabeamento Interno, Rapid Fire, K7, Freio Hidráulico",Não informado,Não informado,Não informado,Não informado,Não informado,Não informado,Não informado,Hidráulico,Absolute,"[Preto, Vermelho]",Aro 29,"21""",27 Marchas,Dianteira,,Freio a Disco,Alumínio,,,Mountain Bike,
bikediasg5||35275,Bicicleta,Bike Aro 29 KSW XLT100 27 Marcha Shimano Altus F. Hidráulico,"Bike Aro 29 KSW XLT100 27 Marcha Shimano Altus F. Hidráulico<br> <br> <br> <br>COMPONENTES DA BIKE<br> <br>- Quadro aro 29 Alumínio KSW XLT<br>- Suspensão de 100mm de Curso com Trava no Ombro<br>- Aros Aeros para Disco Folha Dupla<br>- Raios Zincados<br>- Pneus Aro 29 Faixa Beje Com Arame<br>- Camara de Ar Aro 29<br>- Jogo Direção Ahead Set<br>- Suporte Do guidão 31.8 Importado<br>- Guidão 31.8 MTB Importado<br>- Canote do Selim MTB Importado<br>- Pedal MTB Plataforma<br>- Arruela Calço para Ahead Set (1cm)<br>- Manopla MTB Comum<br>- Abraçadeira do Selim com Blocagem<br>- Selim MTB Básico<br>- Disco de Freio De 160mm Parafusos<br>- Freio a Disco Hidráulico Com Pinças e Pastilhas<br> <br> <br> <br>RELAÇÃO (TRANSMISSÃO DA BIKE)<br> <br>- Cassete Indexado de 9v<br>- Roda Tripla De Alumínio Reforçada<br>- Trocador Indexado Semi Automático Rapid Fire de 9v<br>- Cambio Dianteiro 3v Shimano Tourney TZ500<br>- Cambio Traseiro 9v Shimano Altus M310<br>- Cubos Com Blocagem Sistema Cassete<br>- Corrente Indexado 9v<br>- Jogo de Centro 122.5<br> <br> <br> <br>- Imagens da bicicleta são meramente ilustrativas.<br>- Algumas peças da bicicleta podem sofrer variações de cor e de modelo de acordo com o lote de importação.<br>- A Dias Bike não se responsabiliza por recolhimento obrigatório de impostos ICMS por st cobrado em alguns estados.<br>-Caso não haja alguém para receber o pedido no local de entrega, após as tentativas de entrega da transportadora, o frete do reenvio será de responsabilidade do comprador.<br>-Preço no site são exclusivos para venda online da loja virtual DIAS BIKE, os preços praticados em cada loja podem haver diferença entre os mesmos.<br>- Para as compras de bicicletas, as mesmas serão enviadas lubrificadas e pré-montadas, em função do transporte, a roda dianteira, guidão, selim e pedais são enviados soltos para encaixe.<br> <br>- A garantia não Cobre Defeitos por Mau uso ou Pela Montagem Inadequada do Produto. A Montagem requer conhecimentos em mecânica e manutenção em bicicletas, por isso recomendamos que a montagem das Bicicletas seja feita por Profissionais do ramo em Oficina Especializada.<br>- Algumas Peças podem necessitar de regulagem ou alinhamento.<br>- A montagem, Regulagem e Alinhamento é por conta do comprador.<br>- A Garantia só será validada mediante a comprovação da montagem por um especialista, válida somente para o Primeiro proprietário.","{""cor"":""Preto, Vermelho"",""marca"":""KSW"",""tamanho_do_quadro"":""21""}",,"Preto, Vermelho",KSW,21,,,,,,,,,,,,,,,,,29,Não informado,KSW,Não informado,Não informado,MTB,Alumínio,XLT100,29,27,100mm de Curso com Trava no Ombro,Não informado,Não informado,Não informado,Não informado,Não informado,Não informado,Não informado,Não informado,Disco Hidráulico,KSW,"[Preto, Vermelho]",Aro 29,"21""",27 Marchas,Dianteira,,Freio a Disco,Alumínio,,,Mountain Bike,
mscalil||16fcc184c07311eea8984201ac185040,Bicicleta,Bicicleta urbana infantil Nathor Black 12 freios tambor cor preto/verde com rodas de treinamento,Quadro de aço carbono que fornece força e leveza ao mesmo tempo.Inclui rodas de treinamento para a segurança dos mais pequenos.Guarda-lamas incluído.Com bagageiro.Peso: 3.98kg.,"{""marca"":""Nathor""}",,,Nathor,,,,,,,,,,,,,,,,,,12,pretoverde,Nathor,Não informado,infantil,urbana,aço carbono,Black,Não informado,Não informado,Não informado,"rodas de treinamento, guarda-lamas, bagageiro",Não informado,Não informado,Não informado,Não informado,Não informado,Não informado,Não informado,tambor,Nathor,"[Preto, Verde]",Aro 12,,,,,,Aço Carbono,Black 12,Unissex,Passeio,
bctudodicasa||848f2afc3dec11eea9604201ac18502e,Bicicleta,Bicicleta Infantil Aro 16 Bmx Athor Atx C/ Rodinha Vermelho - Athor Bikes,"Para os meninos que curtem muita adrenalina e com total segurança a ATX é a bike certa. Guidão cross, protetor de corrente, rodas laterais e rodas raiadas. Tudo perfeito para muitas aventuras. * Especificações Técnicas: - QUADRO: Aço carbono; - GARFO: Aço carbono color; - CANOTE SELIM: 190 mm; - GUIDÃO: 16"" Cross color; - SUPORTE GUIDÃO: Cross; - PNEU: 16 x 1,75; - ARO: 16 color; - CUBO: 16 furos em aço; - FREIO: V-Brake nylon - CORRENTE: Aço grossa; - PEDAL: Nylon; - ACESSÓRIOS: Roda lateral, cobre corrente. * Idade/Altura Recomendada por Aro: - Aro 16: Idade de 4 a 6 anos; 96 até 123cm. - Aro 20: Idade de 6 a 9 anos; 109 até 142cm. - Aro 24: Idade de 9 a 12 anos; 126 até 152cm. - Aro 26: Idade de + 12 anos; 145cm +. Obs: É apenas uma recomendação aproximada para cada tipo de Aro. * Montagem Athor: A Bicicleta vai semi montada na caixa, sendo obrigatório levar em um mecânico para ajustes de segurança e lubrificação. * Garantia Athor: São 90 dias para Peças e 1 para o Quadro contra defeitos de fábricação. * Nota Fiscal: Todos nossos produtos acompanham Nota Fiscal (Nf-e) junto ao envio do produto.","{""marca"":""Athor Bikes"",""modelo"":""bmx"",""tipo"":""BMX""}",,,Athor Bikes,,,BMX,,bmx,,,,,,,,,,,,,16,Vermelho,Athor Bikes,Não informado,Masculino,Bmx,Aço carbono,Atx C,Não informado,Não informado,Não informado,"Guidão cross, protetor de corrente, rodas laterais, rodas raiadas",Não informado,Não informado,Não informado,Não informado,Não informado,Não informado,"Roda lateral, cobre corrente",V-Brake,Athor,"[Preto, Vermelho]",Aro 16,,,,,Freio V-Brake,Aço Carbono,,Masculino,Passeio,
draisbikeonline||243PTOVDE15,Bicicleta,"Bicicleta 21 Marchas Ksw Xlt Alumínio Aro 29 32r 15"" Preto/Verde - 243","<p>Com um visual imponente e design ergonômico a bicicleta Drais, é uma ótima opção para quem busca leveza, segurança e estilo em passeios ou trilhas leves. Seu quadro em alumínio deixa a bicicleta mais leve, conta com 21 combinações de marchas oferecendo um bom desempenho em todo tipo de terreno. </p><p>DESCRIÇÃO DOS COMPONENTES<br>Quadro KSW - Modelo XLT - Aro 29 em alumínio 6061<br>Suspensão aro 29 preto 80mm <br>Trocador Revo Shift 21v (sistema giratório)<br>Câmbio dianteiro 3v (imp)<br>Câmbio traseiro 7v (imp)<br>Pedivela reduzido preto em aço<br>Movimento central Roller 122.5 preto selado<br>Freio a disco 160mm preto – Mecânico<br>Catraca / Roda livre 7v<br>Corrente (imp) 7v<br>Cubos para disco 32f rosca preto com blocagens<br>Aros aero 32 furos folha dupla<br>Alumínio preto aero<br>Câmara de ar 29 x 1.95 bico grosso<br>Pneu (imp) 29 cravo<br>Movimento de direção Aheadset preto<br>Manopla preto confort<br>Espaçador Aheadset em alumínio 3pç<br>Guidão expandido preto mega over 31.8 reto<br>Suporte de guidão<br>Mesa preto em alumínio<br>Canote de selim preto em alumínio<br>Abraçadeira com blocagem em alumínio preto<br>Banco / Selim – Sport<br>Pedal naylon plataforma preto</p><p>MONTAGEM<br>- Enviamos a bicicleta pré-montada, revisada e devidamente embalada, para melhor se acomodar na embalagem de transporte são retirados apenas: selim, pedais, guidão e roda dianteira.<br>- O custo da montagem é de responsabilidade do cliente.<br>- Por motivo de transporte e manuseio, é necessário efetuar uma nova regulagem de câmbio ao receber o produto.<br>- Não nos responsabilizamos pela revisão final da bicicleta, sendo necessário que seja efetuada por uma oficina especializada.</p><p>GARANTIA<br>NÃO COBRE DEFEITOS POR MAU USO OU PELA MONTAGEM, REGULAGEM DE CÂMBIOS OU REVISÃO INADEQUADA DO PRODUTO.<br>- A garantia será validada para as bicicletas montadas e revisadas por uma oficina especializada e é referente apenas ao primeiro proprietário.<br>- A garantia não se aplica para os itens de desgaste natural, tais como: Pneu, câmaras, cabos, sapatas ou pastilhas de freio, alinhamento de aros, pintura do quadro, componentes da transmissão (câmbios, corrente, pé de vela, engrenagens do cassete).</p>","{""cor"":""Preto, Verde"",""marca"":""KSW"",""tamanho_do_quadro"":""15"",""tipo"":""Mountain Bike""}",,"Preto, Verde",KSW,15,,Mountain Bike,,,,,,,,,,,,,,,29,PretoVerde,Ksw,Não informado,Não informado,Não informado,Alumínio,Xlt,Não informado,21,Não informado,Não informado,Não informado,Não informado,Não informado,Não informado,Não informado,Não informado,Não informado,Disco,KSW,"[Preto, Verde]",Aro 29,"15""",21 Marchas,Dianteira,,Freio a Disco,Alumínio,,,Mountain Bike,
potencialbikes||cp35pamvm19,Bicicleta,Bicicleta Aro 29 Cripto 27 Marchas Freio Hidráulico Trava/K7,"<p>Bicicleta ideal para uso urbano e trilhas. </p> <p> QUADRO : 29"" Alumínio 6061 </p><p> SUSPENSÃO : Cursor de 100mm com trava </p><p> CAIXA DE DIREÇÃO : Semi Integrada </p><p> GUIDÃO : Reto ou Curvo em Alumínio 6061 </p><p> MESA : 80mm em Alumínio 6061 </p><p> MANOPLAS : Borracha Flexível </p><p> TROCADORES : Importado 3 / 9v </p><p> FREIOS : Hidraulico a Disco de 160mm </p><p> CÂMBIO DIANTEIRO : Sunrun/GTA </p><p> CÂMBIO TRASEIRO : Sunrun/GTA </p><p> PEDIVELA : Aluminio reduzido 24/34/42D</p><p> PEDAL : Plataforma em Nylon </p><p> CORRENTE : Indexada de 9v </p><p> CASSETE: 9 Velocidades </p><p> CANOTE DE SELIM : 27.2mm em Alumínio 6061 </p><p> SELIM : PU com trilho de regulagem </p><p> Aros : Race de Parede Dupla </p><p> PNEU : MTB 29 Cravo </p> <p> OBSERVAÇÕES: </p> <p>Imagens Ilustrativas. Pode haver alguma diferença de tonalidade entre a imagem e o produto real, por conta do tratamento de imagens e a calibração de cores do seu monitor ou celular! </p><p>As fotos do anúncio são feitas com quadros do tamanho 17. </p><p>A geometria do quadro (desenho) pode mudar conforme o tamanho escolhido alterando a inclinação do tubo superior quando quadro é 21 deixando-o mais reto. </p><p>Imagens meramente ilustrativas, podendo ter variação de peças de acordo com nosso estoque, sempre com qualidade igual ou superior! </p><p>Enviamos a bicicleta pré-montada, devidamente embalada, para melhor se acomodar na embalagem de transporte são retirados apenas: selim, pedais, guidão e roda dianteira. </p><p>NÃO COBRE DEFEITOS POR MAU USO OU PELA MONTAGEM / REVISÃO INADEQUADA DO PRODUTO. </p><p>A garantia será validada para as bicicletas montadas e revisadas por uma oficina especializada e é referente apenas ao primeiro proprietário. </p><p>A garantia não se aplica para os itens de desgaste natural, tais como: Pneu, câmaras, cabos, sapatas de freio, centragem de aros, pintura do quadro, componentes da transmissão (corrente, engrenagens do pé de vela, engrenagens do cassete)</p>","{""aro"":""29\"""",""cor"":""Preto, Amarelo"",""tamanho_do_quadro"":""19"",""tipo"":""Mountain Bike""}","29""","Preto, Amarelo",,19,,Mountain Bike,,,,,,,,,,,,,,,29,Não informado,Não informado,Não informado,Não informado,Não informado,Alumínio 6061,Cripto,Não informado,27,Cursor de 100mm com trava,Não informado,Não informado,Não informado,Não informado,Urbana e Trilhas,Não informado,Não informado,TravaK7,Hidráulico a Disco de 160mm,Cripto,"[Preto, Amarelo, Vermelho]",Aro 29,"19""",27 Marchas,Dianteira,,Freio a Disco,Alumínio,,,Mountain Bike,
draisbikeonline||233CNZPTO17,Bicicleta,"Bicicleta 29 Ksw Xlt Freio a Disco 24 Marchas Alumínio 17"" Cinza/Preto - 233","<p>Com um visual imponente e design ergonômico a bicicleta KSW, é uma ótima opção para quem busca leveza, segurança e estilo em passeios ou trilhas leves. Seu quadro em alumínio deixa a bicicleta mais leve, conta com 24 combinações de marchas oferecendo um bom desempenho em todo tipo de terreno. </p><p>DESCRIÇÃO DOS COMPONENTES<br>Quadro KSW - Aro 29 - Quadro em alumínio 6061<br>Suspensão aro 29 preto 80mm<br>Alavanca / Trocador Ez-Fire engate rápido 24v - (imp)<br>Câmbio dianteiro (imp) 3v<br>Câmbio traseiro (imp) 8v<br>Pedivela reduzido preto (imp) 24 34 42t<br>Catraca / Roda livre (imp) 8v index<br>Corrente (imp) Index 8v<br>Freio a disco 160mm preto - Mecânico (imp)<br>Cubos para disco 36f rosca preto com blocagens<br>Aros aero 36 furos folha dupla alumínio preto com adesivos com detalhes<br>Câmara de ar (imp) 29 x 1.95 bico grosso<br>Pneu (imp) 29x2.10 cravo baixo<br>Guidão mega over expandido preto 31.8mm<br>Suporte de guidão<br>Mesa preto em alumínio 31.8mm<br>Abraçadeira com blocagem em alumínio preto<br>Canote de selim preto em alumínio<br>Banco / Selim – Sport<br>Movimento central roller 122mm preto selado rolamento)<br>Movimento de direção Aheadset preto<br>Espaçador Aheadset em alumínio 3 peça<br>Manopla preto confort plus</p><p>MONTAGEM<br>- Enviamos a bicicleta pré-montada, revisada e devidamente embalada, para melhor se acomodar na embalagem de transporte são retirados apenas: selim, pedais, guidão e roda dianteira.<br>- O custo da montagem é de responsabilidade do cliente.<br>- Por motivo de transporte e manuseio, é necessário efetuar uma nova regulagem de câmbio ao receber o produto.<br>- Não nos responsabilizamos pela revisão final da bicicleta, sendo necessário que seja efetuada por uma oficina especializada.</p><p>GARANTIA<br>NÃO COBRE DEFEITOS POR MAU USO OU PELA MONTAGEM, REGULAGEM DE CÂMBIOS OU REVISÃO INADEQUADA DO PRODUTO.<br>- A garantia será validada para as bicicletas montadas e revisadas por uma oficina especializada e é referente apenas ao primeiro proprietário.<br>- A garantia não se aplica para os itens de desgaste natural, tais como: Pneu, câmaras, cabos, sapatas ou pastilhas de freio, alinhamento de aros, pintura do quadro, componentes da transmissão (câmbios, corrente, pé de vela, engrenagens do cassete).</p>","{""cor"":""Cinza, Preto"",""marca"":""KSW"",""tipo"":""Mountain Bike""}",,"Cinza, Preto",KSW,,,Mountain Bike,,,,,,,,,,,,,,,29,CinzaPreto,Ksw,17,Não informado,Não informado,Alumínio,Xlt,29,24,Não informado,Não informado,Não informado,Não informado,Não informado,Não informado,Não informado,Não informado,Não informado,Disco,KSW,"[Cinza, Preto]",Aro 29,"17""",24 Marchas,Dianteira,,Freio a Disco,Alumínio,,,Mountain Bike,
diasbike||16000790150,Bicicleta,Bicicleta aro 29 KSW XLT 27V Shimano Freio Hidráulico Trava,"Bem vindo a Dias Bike! A Dias Bike é uma loja física e virtual que faz parte da família Dias Bike e Dias Moto Peças, que possuem mais de 10 lojas físicas e uma distribuidora atacadista, atuando no mercado de ciclismo a mais de 31 anos. A empresa comercializa bicicletas prontas, peças e acessórios para bicicletas em geral, tudo a sua disposição e com a comodidade de receber o produto em sua casa em qualquer lugar do Brasil com toda garantia de entrega e a certeza de sua satisfação.<br> <br>BICICLETA ARO 29 COM GRUPO DE 27 VELOCIDADES, FREIO A DISCO HIDRÁULICO, SUSPENSÃO DE 100MM COM TRAVA NO OMBRO E CUBOS K7<br> <br>COMPONENTES DA BIKE<br> <br>- Quadro aro 29 Alumínio 6061 Super Leve<br>- Suspensão de 100mm com Trava no Ombro<br>- Aros Aeros para Disco Folha Dupla<br>- Raios na cor Preto com Niples na cor Prata<br>- Pneus Aro 29 Com Arame 2.0 a 2.2 Conforme Disponibilidade<br>- Câmara de Ar Aro 29 Bico Grosso<br>- Jogo Direção Ahead Set Semi Integrado<br>- Suporte Do guidão 31.8 em Alumínio<br>- Guidão 31.8 MTB em Alumínio<br>- Canote do Selim MTB em Alumínio<br>- Pedal MTB Plataforma<br>- Arruela Calço para Ahead Set (1cm)<br>- Manopla MTB com Ótimo Grip<br>- Abraçadeira do Selim com Blocagem<br>- Selim MTB<br>- Disco de Freio De 160mm de 6 Parafusos<br>- Freio a Disco Hidráulico Com Pinças e Pastilhas <br> <br>RELAÇÃO (TRANSMISSÃO DA BIKE)<br> <br>- Cassete 9 Velocidades GTA / Sunrun<br>- Roda Tripla De Aluminio 3 Velocidades<br>- Trocador Indexado Semi Automático Rapid Fire de 9V GTA / Sunrun<br>- Cambio Dianteiro Indexado MTB 3v Shimano Tourney<br>- Cambio Traseiro Indexado MTB 9V Shimano Altus<br>- Cubos Cassete<br>- Corrente indexada de 9V Indexada<br>- Jogo de Centro 122.5 Selado Rolamentado<br>","{""cor"":""Preto, Laranja"",""marca"":""KSW""}",,"Preto, Laranja",KSW,,,,,,,,,,,,,,,,,,29,Não informado,KSW,Não informado,Não informado,MTB,Alumínio,XLT,29,27,100mm com Trava no Ombro,Freio Hidráulico,Não informado,Não informado,Não informado,Não informado,Não informado,Não informado,Não informado,Disco Hidráulico,KSW,"[Preto, Laranja]",Aro 29,"17""",27 Marchas,Dianteira,,Freio a Disco,Alumínio,,,Mountain Bike,
draisbike||309-5823,Bicicleta,Bicicleta 21v Ksw XLT 29 Câmbios Shimano  Freio a Disco HIDRÁULICO 32r,"Primeiramente um visual imponente e design ergonômico, é uma ótima opção para quem busca leveza, conforto, segurança e estilo em passeios ou trilhas leves.<br>Afinal; quadro e pedivela em alumínio deixam a bicicleta mais leve, as 21 combinações de marchas oferecem um bom desempenho em todo tipo de terreno.<br>Sobretudo o freio a disco HIDRÁULICO proporciona mais segurança nas frenagens, e as várias combinações de cores de quadro agradam todos os gostos!Atenção bicicleta não recomendada para trilhas pesadas e manobras.<br>DESCRIÇÃO DOS COMPONENTESQuadro - Marca KSW XLT Aro 29 - QUADRO em ALUMÍNIO 6061Suspensão Aro 29 com 32 raias PRETO 80MMAlavanca / Trocador Rapid Fire Engate Rápido 21V <br>Câmbio Dianteiro (SHIMANO ) TZ-31<br>Câmbio Traseiro (SHIMANO) TZ-31<br>Pedivela Reduzido em Alumínio Preto (Imp.) 24/34/42T<br>Catraca / Roda Livre (Imp.) 7v Index<br>Corrente (Imp.) Index 7VFreio a Disco 160mm Preto - HIDRÁULICO<br>Cubos p/ Disco 32f rosca Preto com blocagens<br>Aros Aero 32 Furos Folha Dupla Alumínio Preto com Adesivos Personalizados<br>Câmara de Ar (Imp.) 29 x 1.95 Bico Grosso<br>Pneu (Imp.) 29x2.10 Cravo BaixoGuidão Mega Over Expandido Preto 31.8mm<br>Suporte de Guidão / Mesa Preto em Alumínio 31.8mm<br>Abraçadeira C/ Blocagem em Alumínio Preto<br>Canote de Selim Preto em Alumínio<br>Banco / Selim - SportMovimento Central Roller 122mm Preto Selado (Rolamento)<br>Movimento de Direção Aheadset Preto<br>Espaçador Aheadset Em Alumínio 3PÇ<br>Manopla Preto Confort Plus<br>OBSERVAÇÕES<br>- As fotos do anúncio são feitas com quadros do tamanho 17''.<br>- A geometria do quadro (desenho) pode mudar conforme o tamanho escolhido alterando a inclinação do tubo superior quando quadro é 19 ou 21 deixando-o mais reto.<br>- Pode haver alguma diferença de tonalidade entre a imagem e o produto real, por conta do tratamento de imagens e a calibração de cores do monitor.<br>MONTAGEM<br>- Enviamos a bicicleta pré-montada, revisada e devidamente embalada, para melhor se acomodar na embalagem de transporte são retirados apenas: selim, pedais, guidão e roda dianteira.<br>- O custo da montagem é de responsabilidade do cliente.<br>- Por motivo de transporte e manuseio, é necessário efetuar uma nova regulagem de câmbio ao receber o produto.<br>- Não nos responsabilizamos pela revisão final da bicicleta, sugerimos que seja efetuada por uma oficina especializada.<br>GARANTIA<br>NÃO COBRE DEFEITOS POR MAU USO OU PELA MONTAGEM, REGULAGEM DE CÂMBIOS OU REVISÃO INADEQUADA DO PRODUTO.- A garantia será validada para as bicicletas montadas e revisadas por uma oficina especializada e é referente apenas ao primeiro proprietário.<br>- A garantia não se aplica para os itens de desgaste natural, tais como: Pneu, câmaras, cabos, sapatas ou pastiilhas de freio, centragem de aros, pintura do quadro, componentes da transmissão (câmbios, corrente, pé de vela, engrenagens do cassete).","{""cor"":""Preto, Laranja"",""marca"":""KSW"",""tipo"":""Passeio""}",,"Preto, Laranja",KSW,,,Passeio,,,,,,,,,,,,,,,29,Não informado,KSW,Não informado,Não informado,Não informado,ALUMÍNIO 6061,XLT,29,21,Não informado,Não informado,Não informado,Não informado,Não informado,Não informado,Não informado,Não informado,Não informado,Disco HIDRÁULICO,KSW,"[Preto, Laranja]",Aro 29,"21""",21 Marchas,Dianteira,,Freio a Disco,Alumínio,,,Mountain Bike,
krwbikes||s1-bco-pto-19,Bicicleta,Bicicleta Aro 29 Krw Alumínio 24 Velocidades Freio a Disco Suspensão dianteira MountainBike S1,"<p>A KRW é uma bicicleta Aro 29 com freio a disco desenvolvida para passeios e um bom começo nas primeiras trilhas da categoria MTB.</p> <p><br> Quadro em alumínio 6061<br> Abraçadeira alumínio de selim 31,8mm<br> Alavancas Ez fire de 24 vel<br> Aro aéro 29 parede dupla 36f<br> Caixa de direção semi-integrado<br> Câmbio dianteiro importado<br> Cambio traseiro importado<br> Pedivela coroa triplo revestido<br> Canote de selim 27.2mm com carrinho<br> Corrente index<br> Cubo rosca com blocagem<br> Espaçador alumínio 10 mm<br> Garfo suspensão mecânico<br> Guidão alumínio 31.8mm<br> Kit cabo com conduiter com teflonn<br> Mesa alumínio 31.8mm<br> Movimento central rolamentado 122mm<br> Pedal em nylon preto<br> Pinça de freio a disco com rotor de 160mm mecânico<br> Pneu 29<br> Raio 285x2.0mm aço preto<br> Roda livre 8 velocidades index<br> Selim mtb<br> </p> <p>OBS: IMAGEM MERAMENTE ILUSTRATIVA, BIKE VAI CONFORME DESCRIÇÃO</p> <p><br> RECOMENDAÇÃO DE TAMANHOS<br> Altura do ciclista: 1,55 até 1,65m Tamanho de quadro 15.5""<br> Altura do ciclista: 1,65 até 1,75m Tamanho de quadro 17""<br> Altura do ciclista: 1,75 até 1,82m Tamanho de quadro 19""<br> Altura do ciclista: 1,82 até 1,90m ou mais Tamanho de quadro 21""</p> <p><br> MONTAGEM<br> A bicicleta é montada, porém, para acomodação na embalagem e transporte, algumas peças são enviadas desmontadas.<br> A montagem é de responsabilidade do cliente e é necessário efetuar regulagem de câmbio ao receber o produto.</p> <p><br> GARANTIA<br> NÃO COBRE DEFEITOS POR MAU USO OU PELA MONTAGEM / REVISÃO INADEQUADA DO PRODUTO.<br> A garantia será validada para as montadas e revisadas por uma oficina especializada e é referente apenas ao primeiro proprietário. A garantia não se aplica para os itens de desgaste natural, tais como: Pneu, câmaras, cabos, pastilhas de freio, centragem de aros, pintura do quadro, componentes da transmissão (corrente, engrenagens do pedivela, engrenagens do cassete ou roda livre).</p> <p><br> Obs: Até 2 dias para montar e despachar</p>","{""aro"":""29\"""",""marca"":""KRW"",""tamanho_do_quadro"":""19""}","29""",,KRW,19,,,,,,,,,,,,,,,,,29,Não informado,Krw,Não informado,Não informado,MountainBike,Alumínio,S1,29,24,Suspensão dianteira,Não informado,Não informado,Não informado,Não informado,Não informado,Não informado,Não informado,Não informado,a Disco,KRW,"[Branco, Preto]",Aro 29,"19""",24 Marchas,Dianteira,,Freio a Disco,Alumínio,,,Mountain Bike,
comercialtrevobike||03ce199c177811ecb1594201ac185013,Bicicleta,Bicicleta aro 29 gts  24 marchas freios a disco câmbios Shimano /gts,Bicicleta aro 29 gts tamanho quadro 17 Quadro alumínio câmbio dianteiro Shimano Câmbio traseiro gts cubo traseiro k7 Freios a disco mecânico.Suspensão gts Garantia do quadro 12 meses Garantia de peças em caso de defeito de fabrica 30 dias lembrando bikes sao amontodas e testadas antes do envio ou retirada na loja .,"{""marca"":""Shimano""}",,,Shimano,,,,,,,,,,,,,,,,,,29,Não informado,gts,17,Não informado,Não informado,alumínio,Não informado,Não informado,24,gts,Não informado,Não informado,Não informado,Não informado,Não informado,Não informado,Não informado,Não informado,a disco,GTS M1,Branco,Aro 29,"17""",24 Marchas,Dianteira,,Freio a Disco,Alumínio,,,Mountain Bike,
bikediasg5||31265,Bicicleta,Bicicleta Absolute Hera MTB 12 Velocidades K7 e Trava,"<p>COMPONENTES DA BIKE</p><p><br></p><p><br></p><p><br></p><p><br></p><p>Quadro aro 29 Alumínio</p><p><br></p><p>Suspensão de 80mm de Curso Sem Trava</p><p><br></p><p>Aros Aeros para Disco Folha Dupla</p><p><br></p><p>Raios Zincados</p><p><br></p><p>Pneus Aro 29 Com Arame</p><p><br></p><p>Câmara de Ar Aro 29</p><p><br></p><p>Jogo Direção Ahead Set</p><p><br></p><p>Suporte Do guidão 31.8</p><p><br></p><p>Guidão 31.8 MTB</p><p><br></p><p>Canote do Selim MTB</p><p><br></p><p>Pedal MTB Plataforma</p><p><br></p><p>Arruela Calço para Ahead Set (1cm)</p><p><br></p><p>Manopla MTB Comum</p><p><br></p><p>Abraçadeira do Selim com Blocagem</p><p><br></p><p>Selim MTB</p><p><br></p><p>Rotor de Freio De 160mm</p><p><br></p><p>Freio a Disco Hidráulico</p><p><br></p><p><br></p><p><br></p><p>RELAÇÃO (TRANSMISSÃO DA BIKE)</p><p><br></p><p><br></p><p><br></p><p><br></p><p>Cassete 12 Velocidades 11x50D GTA</p><p><br></p><p>Pedivela Single Ponta Quadrada GTS</p><p><br></p><p>Trocador Indexado Semi Automático de 12V GTA</p><p><br></p><p>Cambio Traseiro Indexado MTB 12V GTA</p><p><br></p><p>Cubos Para com FreeHub para cassete</p><p><br></p><p>Corrente indexada de 12V</p><p><br></p><p>Jogo de Centro Selado Rolamentado</p><p><br></p><p>Atenção, a marca da transmissão pode variar de acordo com o estoque, mas garantimos a mesma qualidade e desempenho.</p>","{""marca"":""Absolute""}",,,Absolute,,,,,,,,,,,,,,,,,,29,Não informado,Absolute,Não informado,Não informado,MTB,Alumínio,Hera,29,12,Sem Trava,Não informado,Não informado,Não informado,Não informado,Não informado,Não informado,Não informado,K7 e Trava,Disco Hidráulico,Absolute,"[Azul, Rosa]",Aro 29,"17""",12 Marchas,Dianteira,,Freio a Disco,Alumínio,,,Mountain Bike,
diasbike||15841551586,Bicicleta,Bicicleta MTB Aro 29 GTA NX11 24V Shimano Altus Hidráulico,"BICICLETA ARO 29 GTA NX11 ALTUS 24v HIDRÁULICO<br> <br>COMPONENTES DA BIKE<br> <br>- Quadro aro 29 Alumínio<br>- Suspensão de 80mm de Cursor<br>- Aros Aeros para Disco Folha Dupla<br>- Raios Zincados<br>- Pneus Aro 29 Com Arame<br>- Camara de Ar Aro 29<br>- Jogo Direção Ahead Set<br>- Suporte Do guidão 31.8 Importado<br>- Guidão 31.8 MTB Importado<br>- Canote do Selim MTB Importado<br>- Pedal MTB Plataforma<br>- Arruela Calço para Ahead Set (1cm)<br>- Manopla MTB Comum<br>- Abraçadeira do Selim com Blocagem<br>- Selim MTB Básico<br>- Disco de Freio De 160mm Parafusos<br>- Freio a Disco Hidráulico Com Pinças e Pastilhas<br> <br>RELAÇÃO (TRANSMISSÃO DA BIKE)<br> <br>- Cassete Indexado de 8v<br>- Roda Tripla De Alumínio Reforçada<br>- Trocador Indexado Semi Automático Rapid Fire de 8v<br>- Cambio Dianteiro MTB Indexado<br>- Cambio Traseiro Shimano Altus M310 8v<br>- Cubos Com Blocagem Sistema Cassete<br>- Corrente indexada de 8v<br>- Jogo de Centro 122.5 <br> <br> <br>- Imagens da bicicleta são meramente ilustrativas.<br>- Algumas peças da bicicleta podem sofrer variações de cor e de modelo de acordo com o lote de importação.<br>- A Dias Bike não se responsabiliza por recolhimento obrigatório de impostos ICMS por st cobrado em alguns estados.<br>-Caso não haja alguém para receber o pedido no local de entrega, após as tentativas de entrega da transportadora, o frete do reenvio será de responsabilidade do comprador.<br>-Preço no site são exclusivos para venda online da loja virtual DIAS BIKE, os preços praticados em cada loja podem haver diferença entre os mesmos.<br>- Para as compras de bicicletas, as mesmas serão enviadas lubrificadas e pré-montadas, em função do transporte, a roda dianteira, guidão, selim e pedais são enviados soltos para encaixe.<br>- A garantia não Cobre Defeitos por Mau uso ou Pela Montagem Inadequada do Produto. A Montagem requer conhecimentos em mecânica e manutenção em bicicletas, por isso recomendamos que a montagem das Bicicletas seja feita por Profissionais do ramo em Oficina Especializada.<br>- Algumas Peças podem necessitar de regulagem ou alinhamento.<br>- A montagem, Regulagem e Alinhamento é por conta do comprador.<br>- A Garantia só será validada mediante a comprovação da montagem por um especialista, válida somente para o Primeiro proprietário.","{""marca"":""Caloi"",""tamanho_do_quadro"":""19""}",,,Caloi,19,,,,,,,,,,,,,,,,,29,Não informado,GTA,Não informado,Não informado,MTB,Alumínio,NX11,29,8v,80mm de Cursor,Não informado,Não informado,Não informado,Não informado,Não informado,Não informado,Não informado,Não informado,Hidráulico,GTA,"[Preto, Vermelho]",Aro 29,"19""",24 Marchas,Dianteira,,Freio a Disco,Alumínio,,,Mountain Bike,
cdtbikes||HERABCO15TIPO7,Bicicleta,Bicicleta Aro 29 Absolute Hera Feminina Alumínio 24v Câmbios Shimano Garfo Suspensão - Branco,"<p>Bike aro 29 em alumínio , nova na caixa a pronta entrega, produto com ótima qualidade e acabamento, possui 24 marchas com sistema de alavancas rapid fire que a cada clique uma marcha é trocada, garfo com suspensão, sistema de freio a disco mecânico, câmbio dianteiro e traseiro Shimano Tz. Bicicleta pré montada, vai precisar apenas fixar a roda dianteira, guidão, selim e pedais.</p><p><br></p><p><br></p><p>Segue abaixo características da bike:</p><p><br></p><p>Quadro 29 Absolute Hera em alumínio</p><p>Garfo 29 suspensão curso 60mm</p><p>Suporte do guidão em alumínio preto</p><p>Guidão 31.8mm em alumínio preto</p><p>Canote do selim 27.2 s/carrinho</p><p>Selim Sport preto</p><p>Abraçadeira do Selim alumínio Preto</p><p>Aros Aero Parede dupla reforçado</p><p>Raios Pretos</p><p>Cubos Pretos Aço</p><p>Pneus 29 cravudos</p><p>Movimento central selado rolamentado</p><p>Freios a disco Mecânicos com discos inox 160mm</p><p>Alavancas Semi-automáticas Rapid Fire</p><p>Câmbio Traseiro Index Shimano Tz</p><p>Câmbio Dianteiro Index Shimano Tz</p><p>Corrente Index 24v</p><p>Pedivela Aço Revestido</p><p>Pedal Plataforma Nylon preto</p><p>Roda Livre 8v index dourada(rosca)</p>","{""cor"":""Preto, Branco"",""marca"":""Absolute"",""tamanho_do_quadro"":""15""}",,"Preto, Branco",Absolute,15,,,,,,,,,,,,,,,,,29,Branco,Absolute,Não informado,Feminina,Não informado,Alumínio,Hera,Não informado,24,Suspensão,"Câmbios Shimano, Garfo Suspensão",Não informado,Não informado,Não informado,Não informado,Não informado,Não informado,Não informado,Disco Mecânico,Absolute,Branco,Aro 29,"15""",24 Marchas,Dianteira,,Freio a Disco,Alumínio,,Feminino,Passeio,
olistplus||O2E1V4B1GK980AE0,Bicicleta,Bicicleta Infantil Menina Aro 12 Cecizinha Caloi Rodinha,"Bicicleta Infantil Menina Aro 12 Cecizinha Caloi Rodinha As bicicletas aro 12 Caloi Nathor Cecizinha Cor Violeta/BrancoSão equipadas com os melhores itens de segurança e conforto para crianças.As bicicletas aro 12 Caloi Nathor são equipadas com os melhores itens de segurança e conforto para crianças.Resistência e segurança para começar a pedalar As bicicletas aro 12 Caloi Nathor são equipadas com os melhores itens de segurança e conforto para crianças.Com o limitador de giro, a criança garante mais equilíbrio e segurança ao pedalar. A regulagem de ângulo do guidão e da altura do selim permitem que a postura do ciclista se mantenha correta, além de possibilitar que a bicicleta seja usada por mais tempo Acompanhando o crescimento.A aro 12 Caloi Nathor também tem uma relação de transmissão que foi desenvolvida para que a velocidade que a criança atinge pedalando seja a mesma de um adulto andando; ou seja: os pais conseguem acompanhar a brincadeira com tranquilidade, garantindo ainda mais segurança durante a diversãoO movimento central avançado facilita o pedalar, estimulando o aprendizado.Resistência e segurança para começar a pedalar As bicicletas aro 12 Caloi Nathor são equipadas com os melhores itens de segurança e conforto para crianças.O movimento central avançado facilita o pedalar, estimulando o aprendizado.Características:Selim com regulagem de altura Pneus em EVA Quadro, garfo e guidão em aço carbono Cestinha Mesa de direção em Nylon Reforçado Garrafinha Guidão com limitador de giro Selim com regulagem e alturaRecomendado para crianças com idade entre 2 a 5 anos. Altura máxima recomendada: 90 - 100 cm Peso máximo recomendado: 21 kgInformações Importantes:Cor: Violeta Branco Tamanho da roda: 12 Altura máxima recomendada: 90 a 100cm Peso máximo suportado: 21 kg Peso do produto: 3,980 kg Dimensões do produto: CxAxL: 82cm x 55cm x 50cm Dimensões da embalagem: CxAxL: 69 cm x 17 cm x 31 cmIndicada para crianças a partir de 3 anos ou com altura entre 90cm e 1m.Garantia de 1 Ano pelo Fabricante.",,,,,,,,,,,,,,,,,,,,,,12,VioletaBranco,Caloi,Não informado,Menina,Infantil,Aço Carbono,Cecizinha,Não informado,Não informado,Não informado,"Limitador de giro, regulagem de ângulo do guidão, regulagem de altura do selim, movimento central avançado",Não informado,Não informado,Não informado,Não informado,Não informado,21 kg,Rodinha,Não informado,Caloi,"[Branco, Violeta]",Aro 12,,,,21kg,,Aço,Cecizinha,Feminino,Passeio,
diasbike||15955099553,Bicicleta,Bike Aro 29 MTB KSW 21V Relação Shimano Completo Freio Disco,<p>BICICLETA ARO 29 KSW XLT 21V SHIMANO TOURNEY</p><p>COMPONENTES DA BIKE</p><p><br></p><p>Quadro aro 29 Alumínio</p><p>Suspensão de 80mm</p><p>Aros Aeros para Disco Folha Dupla</p><p>Raios Zincados</p><p>Pneus Aro 29 Com Arame</p><p>Câmara de Ar Aro 29t</p><p>Jogo Direção Ahead Set</p><p>Suporte Do guidão 31.8</p><p>Guidão 31.8 MTB</p><p>Canote do Selim MTB</p><p>Pedal MTB Plataforma</p><p>Arruela Calço para Ahead Set (1cm)</p><p>Manopla MTB Comum</p><p>Abraçadeira do Selim com Blocagem</p><p>Selim MTB</p><p>Disco de Freio De 160mm Parafuso</p><p>Freio a Disco Mecânico Com Pinças e Pastilhas</p><p><br></p><p>RELAÇÃO (TRANSMISSÃO DA BIKE)</p><p><br></p><p>Catraca de Rosca Shimano 7V</p><p>Roda Tripla De Aluminio Shimano TY301</p><p>Trocador Indexado Semi Automático Rapid Fire de 7V</p><p>Cambio Dianteiro Indexado MTB 3v Shimano Tourney</p><p>Cambio Traseiro Indexado MTB 7v Shimano Tourney</p><p>Cubos de rosca</p><p>Corrente indexada de 7V Shimano</p><p>Jogo de Centro 122.5 Selado Rolamentado</p>,"{""cor"":""Rosa, Preto"",""marca"":""KSW""}",,"Rosa, Preto",KSW,,,,,,,,,,,,,,,,,,29,Não informado,KSW,Não informado,Não informado,MTB,Alumínio,XLT,29,21,80mm,Não informado,Não informado,Não informado,Não informado,Não informado,Não informado,Não informado,Relação Shimano Completo,Disco,KSW,"[Rosa, Preto]",Aro 29,"17""",21 Marchas,Dianteira,,Freio a Disco,Alumínio,,,Mountain Bike,
abmaza||4423p,Bicicleta,Bicicleta MTB SX Ride Aro 29 Quadro 15 com 21 Marchas Freio Mecânico Grafite Preto - Dropp,"Vem pedalar!<br><br>Andar de bicicleta é um hábito saudável. O uso da Bicicleta ou Mountain Bike como meio de transporte aumenta cada vez mais. Seja para fugir dos engarrafamentos ou para adotar um estilo de vida mais saudável e aventureiro, motivos não faltam para começar a pedalar. Para que o pedal seja praticado com segurança e boa performance é indispensável um equipamento de qualidade. A Bicicleta MTB SX Ride Aro 29 Quadro 15 com 21 Marchas Freio Mecânico Grafite Preto - Dropp é o item ideal para que você que não abre mão de uma Bike moderna, com quadro ergonômico e peças de qualidade para uma boa performance. Tá esperando o que? Compre já!<br><br>Tamanho do Quadro: 15<br>Aro: 29<br>Peso Aproximado: 15 kg<br><br>Características: <br>Modelo Quadro: SX Ride<br>Material Quadro: Alumínio 6061 AMS<br>Escala de Brilho: Fosco<br>Material Aro: Alumínio<br>Tipo de Aro: Flay Race 36 Furos Folha Dupla<br>Garfo/Suspensão: Suspensão de 100mm sem Trava<br>Peso Suportado: Até 110 kg<br>Tipo de Freio: Freio a Disco Mecânico 160mm<br>Tipo de Guidão: Reto Expandido em Alumínio<br>Abraçadeira: Blocagem em Alumínio<br>Suporte de Guidão: Preto em Alumínio<br>Luvas/Manopla: Borracha Flexível<br>Número de Marchas: 21 Velocidades<br>Trocador de Marchas: Dropp 3x7 com Manetes<br>Câmbio Dianteiro: Dropp<br>Câmbio Traseiro: Dropp 7v<br>Banco/Selim: Selle Royal<br>Canote de Selim: Alumínio<br>Pedivela: Triplo em Aço<br>Pedais: Plataforma Nylon<br>Corrente: Indexada 7 velocidades<br>Catraca (K7): Roda Livre 7 velocidades<br>Movimento de Direção: Rolamento de Eixo Quadrado<br>Pneus: Chaoyang Skin Wall 29 com Faixa<br>Rodas: Rodas Flay de Parede Dupla<br>Câmaras: 29 x 1.95 Bico Grosso<br>Garantia de Fábrica: 90 dias contra defeito de fabricação<br><br>Recomendação de Quadro: <br>15 - Para ciclistas de 1,50 até 1,68 cm<br>17 - Para ciclistas de 1,68 até 1,76 cm<br>19 - Para ciclistas de 1,76 até 1,84 cm<br>21 - Para ciclistas de 1,84 até 1,98 cm<br><br>Importante: <br>- Pode haver alguma diferença de tonalidade entre a imagem e o produto real por conta do tratamento de imagens e a calibração de cores do seu monitor.<br>- A geometria do quadro (desenho) pode mudar conforme o tamanho escolhido alterando a inclinação do tubo superior.<br>- Ao receber a mercadoria verifique a condição da embalagem, caso apresente violação ou esteja danificada não assine o comprovante de entrega.<br>- Enviamos a bicicleta pré-montada e revisada, mas para melhor se acomodar na embalagem e transporte são retirados: selim pedais guidão e roda dianteira. A instalação é de responsabilidade do cliente. Por motivo de transporte e manuseio pode haver a necessidade de efetuar uma nova regulagem de câmbio ao receber o produto.<br>- Não nos responsabilizamos pela revisão final ou por defeitos causados por mau uso, montagem e regulagem inadequada. Recomendamos que seja feita por mão de obra qualificada.<br>- A garantia deste produto não se aplica para os itens de desgaste natural, tais como: Pneu, câmaras, cabos, sapatas ou pastilhas de freio, centragem de aros, pintura do quadro ou componentes da transmissão (câmbios, corrente, engrenagens do pé de vela, engrenagens do cassete).","{""marca"":""Dropp"",""tamanho_do_quadro"":""15"",""tipo"":""Mountain Bike""}",,,Dropp,15,,Mountain Bike,,,,,,,,,,,,,,,29,Grafite Preto,Dropp,15,Não informado,MTB,Alumínio 6061 AMS,SX Ride,Não informado,21,Suspensão de 100mm sem Travabr,Não informado,Não informado,Não informado,Não informado,Não informado,Não informado,110 kg,Não informado,Disco Mecânico 160mm,Dropp,"[Grafite, Preto]",Aro 29,"15""",21 Marchas,Dianteira,110kg,Freio a Disco,Alumínio,,,Mountain Bike,
bikediasg5||13457649065,Bicicleta,Bicicleta Aro 29 KSW XLT Altus 24v e Trava,"BICICLETA ARO 29 KSW XLT ALTUS 24V E TRAVA<br> <br>COMPONENTES DA BIKE<br>- Quadro aro 29 Alumínio<br>- Suspensão de 100mm de Cursor com trava no ombro <br>- Aros Aeros para Disco Folha Dupla<br>- Raios Zincados<br>- Pneus Aro 29 Com Arame<br>- Câmara de Ar Aro 29<br>- Jogo Direção Ahead Set<br>- Suporte Do guidão 31.8 <br>- Guidão 31.8 MTB <br>- Canote do Selim MTB <br>- Pedal MTB Plataforma<br>- Arruela Calço para Ahead Set (1cm)<br>- Manopla MTB Comum<br>- Abraçadeira do Selim com Blocagem<br>- Selim MTB <br>- Disco de Freio De 160mm Parafusos<br>- Freio a Disco Hidraulico Com Pinças e Pastilhas<br> <br> <br>RELAÇÃO (TRANSMISSÃO DA BIKE)<br>- Catraca cassete Shimano 8V<br>- Roda Tripla De Aluminio Shimano TY300<br>- Trocador Indexado Semi Automático Rapid Fire de 8v<br>- Cambio Dianteiro Indexado MTB 3v Shimano Tourney Ty500<br>- Cambio Traseiro Indexado MTB 8v Shimano Altus M310<br>- Cubos Cassete<br>- Corrente indexada de 8V Shimano HG40<br>- Jogo de Centro 122.5 Selado Rolamentado<br> <br> <br>- Imagens da bicicleta são meramente ilustrativas.<br>- Algumas peças da bicicleta podem sofrer variações de cor e de modelo de acordo com o lote de importação.<br>- A Dias Bike não se responsabiliza por recolhimento obrigatório de impostos ICMS por st cobrado em alguns estados.<br>- Caso não haja alguém para receber o pedido no local de entrega, após as tentativas de entrega da transportadora, o frete do reenvio será de responsabilidade do comprador.<br>- Preço no site são exclusivos para venda online da loja virtual DIAS BIKE, os preços praticados em cada loja podem haver diferença entre os mesmos.<br>- Para as compras de bicicletas, as mesmas serão enviadas lubrificadas e pré-montadas, em função do transporte, a roda dianteira, guidão, selim e pedais são enviados soltos para encaixe.<br>- A garantia não Cobre Defeitos por Mau uso ou Pela Montagem Inadequada do Produto. A Montagem requer conhecimentos em mecânica e manutenção em bicicletas, por isso recomendamos que a montagem das Bicicletas seja feita por Profissionais do ramo em Oficina Especializada.<br>- Algumas Peças podem necessitar de regulagem ou alinhamento.<br>- A montagem, Regulagem e Alinhamento é por conta do comprador.<br>- A Garantia só será validada mediante a comprovação da montagem por um especialista, válida somente para o Primeiro proprietário.","{""cor"":""Preto, Prata"",""marca"":""KSW""}",,"Preto, Prata",KSW,,,,,,,,,,,,,,,,,,29,Não informado,KSW,Não informado,Não informado,MTB,Alumínio,XLT Altus 24v,29,24,100mm de Cursor com trava no ombro,Trava,Não informado,Não informado,Não informado,Não informado,Não informado,Não informado,Não informado,Disco Hidráulico,KSW,"[Preto, Prata]",Aro 29,"21""",24 Marchas,Dianteira,,Freio a Disco,Alumínio,,,Mountain Bike,
diasjuniorbicicletas||XLTPTOVERMLAR17TIPO13,Bicicleta,Bicicleta Aro 29 Ksw Xlt Alumínio 27v Freio a Disco Mecânico Garfo com Suspensão - Preto/Vermelho/Laranja,"<p>Bike aro 29, com quadro Ksw Xlt nova na caixa a pronta entrega, produto com ótima qualidade e acabamento, possui 27 marchas com sistema de alavancas rapid fire que a cada clique uma marcha é trocada, garfo com suspensão, sistema de freio a disco mecânico. Bicicleta pré montada, vai precisar apenas fixar a roda dianteira, guidão, selim e pedais. Segue abaixo características da bike:</p><p><br></p><p>Quadro 29 Ksw Xlt alumínio</p><p>Garfo 29 suspensão curso 60mm</p><p>Suporte do guidão em alumínio preto</p><p>Guidão 31.8mm em alumínio preto</p><p>Canote do selim 27.2 em alumínio preto Sem Carrinho</p><p>Selim Sport Preto</p><p>Abraçadeira do Selim alumínio Preto</p><p>Aros Aero Parede dupla reforçado</p><p>Raios Pretos</p><p>Cubos em Alumínio k7 Pretos</p><p>Pneus 29 com cravo</p><p>Movimento central selado rolamentado</p><p>Freios a disco Mecânicos com discos inox 160mm</p><p>Manetes de Freio Alumínio (não integrada com alavanca)</p><p>Alavancas Semi-automáticas Rapid Fire</p><p>Câmbio Traseiro Sunrun</p><p>Câmbio Dianteiro Sunrace ou Yamada</p><p>Corrente Index 9v</p><p>Pedivela Alumínio Index</p><p>Pedal Plataforma Nylon preto</p><p>Cassete 9v sunrun Gta</p><p><br></p><p>Recomendamos que seja feita uma revisão por um técnico após a recebimento do produto, para reajuste e regulagem, pois no transporte pode acontecer de alguma peça soltar ou desregular</p><p>Fotos meramente ilustrativas</p>","{""aro"":""29\"""",""marca"":""KSW""}","29""",,KSW,,,,,,,,,,,,,,,,,,29,PretoVermelhoLaranja,Ksw,Não informado,Não informado,Não informado,Alumínio,Xlt,29,27,Suspensão,Rapid Fire,Não informado,Não informado,Não informado,Não informado,Não informado,Não informado,Não informado,Disco Mecânico,KSW,"[Preto, Vermelho, Laranja]",Aro 29,"17""",27 Marchas,Dianteira,,Freio a Disco,Alumínio,,,Mountain Bike,
wolfbike||15997242157,Bicicleta,Bicicleta Aro 29 Ksw 21 Velocidade Freio a Disco,"As Bicicletas Mountain Bike são ideais para passeios leves e ir trabalhar.<br>O modelo KSW fabricado em alumínio e ligas especiais de alto desempenho além de possuir um design moderno oferece todo conforto e máximo rendimento em suas pedaladas.<br> <br> <br>Marca: KSW<br>Modelo: XLT<br>Modalidade: Mountain Bike<br>Velocidades: 21<br>Peso aproximado: 15 KG<br> <br>Quadro e Garfo<br>Quadro: KSW<br>Suspensão: 29 Over em Aço Preto Importado<br> <br>Rodas<br>Aro: aero 29 **Vzan/Rimax<br>Pneus: 29x1,95 / 2,10<br>Câmara de ar: Aro 29 Importada<br>Movimento central: 122mm rolamentado blindado <br>Raios: 290x 2.0 <br>Cubos de Aço com porcas.<br> <br>Relação/Transmissão<br>Passadores: Alavanca EZ Fire 7 Velocidades <br>Câmbio dianteiro: Importado<br>Câmbio traseiro: Importado<br>Pedivela: Nylon com Engrenagem Tripla Preta Importada<br>Corrente: Fina Index Importada<br>Roda Livre: 7 velocidades Index Importada<br> <br>Componentes<br>Caixa de direção: Ahead-Set Importado<br>Guidão: Semi curvo Expandido aço Preto(31,8mm)<br>Mesa: Ahead-Set Preto (25.4mm)<br>Manoplas: Pretas Importadas<br>Canote de selim: Alumínio<br>Selim: GTA<br>Abraçadeira: Alumínio com Blocagem Preta<br> <br>Freios<br>Freio dianteiro: À Disco Mecânico Importado.<br>Freio traseiro: À Disco Mecânico Importado.<br>Discos: 160mm Importado<br> <br> <br>FOTO ILUSTRATIVA<br> <br>*Informações importantes*<br> <br> <br>GARANTIA: O produto possui 3 meses de garantia para os componentes.<br> <br>NÃO COBRE DEFEITOS POR MAU USO OU PELA MONTAGEM / REVISÃO INADEQUADA DO PRODUTO.<br>- A garantia será validada para as bicicletas montadas e revisadas por uma oficina especializada e é referente apenas ao primeiro proprietário.<br>- A garantia não se aplica para os itens de desgaste natural, tais como: Pneu, câmaras, cabos, sapatas de freio, centragem de aros, pintura do quadro, componentes da transmissão (corrente, engrenagens do pé de vela, engrenagens do cassete)<br> <br>MONTAGEM:<br> <br>- A bicicleta é enviada pré-montada, revisada e embalada, faltando apenas encaixar Pedais, Canote, Selim, Guidão e Roda Dianteira.<br>- A instalação (por simples aperto de parafusos allem e blocagens) é de responsabilidade do cliente.<br>- Por motivo de transporte e manuseio, pode haver a necessidade de efetuar uma nova regulagem de câmbio ao receber o produto.<br>- Não nos responsabilizamos pela revisão final da bicicleta, sugerimos que seja efetuada por mão de obra especializada.<br> <br> <br> <br> <br>OBSERVAÇÕES<br> <br>- As fotos do anúncio são feitas com quadros do tamanho 17''.<br>- A geometria do quadro (desenho) pode mudar conforme o tamanho escolhido. Quando o quadro é 21 a inclinação do tubo é mais reta.<br>**Conforme a disponibilidade em estoque.<br> <br>Qual o quadro ideal?<br> <br>Quadro 15"" - Altura do ciclista: 1,50m a 1,67m<br>Quadro 17"" - Altura do ciclista: 1,68m a 1,76m<br>Quadro 19"" - Altura do ciclista: 1,77m a 1,84m<br>Quadro 21"" - Altura do ciclista: 1,85m a 1,98m","{""cor"":""Preto, Vermelho"",""marca"":""KSW"",""tipo"":""Mountain Bike""}",,"Preto, Vermelho",KSW,,,Mountain Bike,,,,,,,,,,,,,,,29,Não informado,KSW,Não informado,Não informado,Mountain Bike,alumínio,XLT,29,21,29 Over em Aço Preto Importadobr,Não informado,Não informado,Não informado,Não informado,Mountain Bike,Não informado,Não informado,Não informado,Disco Mecânico,KSW,"[Preto, Branco, Vermelho]",Aro 29,"19""",21 Marchas,Dianteira,,Freio a Disco,,,,Mountain Bike,
maknorteequipamentoscomerciasein||177831072,Bicicleta,Bicicleta Cargueira Aro 26 Cairu Carga Pesada Vermelha,<strong>Bicicleta Cargueira Aro 26 Cairu Carga Pesada Vermelha</strong><br><br>Ideal para estabelecimentos comerciais que fazem pequenas entregas.A bicicleta Cargueira é uma otima opção para empresas ou para uso industrial para transporte de pequenas cargas entre departamentos. Suporta até 160 kg no total contando o peso do condutor.<br><br><strong>Informações Técnicas: </strong><br><br>Roda: Aro Alumínio 26 folha dupla extra forte ( mais resistente)<br>Pneus: Traseiro aro 26 e dianteiro aro 20 pirelli<br>Dimensões do Produto (AxLxP): ‎70x149x30 cm<br>Peso do Produto: 22 Kg,"{""cor"":""Vermelho"",""marca"":""Cairu"",""tamanho_do_quadro"":""26""}",,Vermelho,Cairu,26,,,,,,,,,,,,,,,,,26,Vermelha,Cairu,Não informado,Não informado,Cargueira,Não informado,Carga Pesada,26,Não informado,Não informado,Não informado,Não informado,Não informado,Não informado,Não informado,Não informado,160 kg,Não informado,Não informado,Cairu,Vermelha,"[Aro 26, Aro 20]",,,,160kg,,,,,,
diasbike||16013553140,Bicicleta,Bicicleta Feminina Aro 29 KOG 21V Cambio Shimano Freio Disco,"<p>Dias Bike</p><p><br></p><p>Bem vindo a Dias Bike! A Dias Bike é uma loja física e virtual que faz parte da família Dias Bike e Dias Moto Peças, que possuem mais de 10 lojas físicas e uma distribuidora atacadista, atuando no mercado de ciclismo a mais de 30 anos. A empresa comercializa bicicletas prontas, peças e acessórios para bicicletas em geral, tudo a sua disposição e com a comodidade de receber o produto em sua casa em qualquer lugar do Brasil com toda garantia de entrega e a certeza de sua satisfação.</p><p><br></p><p>KOG</p><p><br></p><p>A KOG é uma marca da Dias Bike, baseada em toda a experiencia acumulada ao longo de mais de 30 anos no mercado de ciclismo e motocicletas. A experiencia nos permitiu desenvolver bicicletas que com um ótimo custo benefício, tanto para pedais urbanos para te levar a todos os lugares, como também bicicletas prontas para encarar os mais diversos obstáculos em uma trilha. A KOG foi pensada e desenvolvida especialmente para quem está iniciando no Mountain Bike e conciliando conforto e desempenho.</p><p><br></p><p><br></p><p>**Bike Indicada para Uso Urbano**</p><p><br></p><p>FICHA TECNICA</p><p><br></p><p>Quadro aro 29 Alumínio</p><p>Suspensão de 80mm de Cursor </p><p>Aros Aeros para Disco Folha Dupla em Alumínio</p><p>Raios Zincados na cor Preto</p><p>Pneus Aro 29 Com Arame</p><p>Camara de Ar Aro 29</p><p>Jogo Direção Ahead Set</p><p>Suporte Do guidão 31.8 em Alumínio</p><p>Guidão 31.8 MTB em Alumínio</p><p>Canote do Selim MTB em Alumínio</p><p>Pedal MTB Plataforma</p><p>Arruela Calço para Ahead Set (1cm)</p><p>Manopla MTB com ótimo grip</p><p>Abraçadeira do Selim com Blocagem</p><p>Selim MTB</p><p>Disco de Freio De 160mm com 6 Parafusos</p><p>Freio a Disco Mecânico Com Pinças e Pastilhas</p><p><br></p><p>RELAÇÃO (TRANSMISSÃO DA BIKE)</p><p><br></p><p>Roda Livre Indexada de 7v</p><p>Roda Tripla De Aço Encapado Reforçada</p><p>Trocador Indexado Semi Automático Rapid Fire de 7v</p><p>Cambio Dianteiro Shimano Tourney 3v</p><p>Cambio Traseiro Shimano Tourney 7v</p><p>Cubos Para Roda Livre</p><p>Corrente indexada de 7v</p><p>Jogo de Centro 122.5 Selado Rolamentado</p>","{""aro"":""29\"""",""marca"":""KOG"",""tamanho_do_quadro"":""15""}","29""",,KOG,15,,,,,,,,,,,,,,,,,29,Não informado,KOG,Não informado,Feminina,Mountain Bike,Alumínio,Não informado,29,21,80mm de Cursor,Não informado,Não informado,Não informado,Não informado,Urbano,Não informado,Não informado,Não informado,Disco Mecânico,KOG,"[Preto, Rosa]",Aro 29,"15""",21 Marchas,Dianteira,,Freio a Disco,Alumínio,,Feminino,Mountain Bike,
f2comercioltda||KSWXLT100291921002A1P-837,Bicicleta,Bicicleta Aro 29 Ksw Alumínio 21 Vel Câmbios Shimano Azul Pantone e Preto Tamanho 19,"<p>A KSW é uma bicicleta Aro 29 com freio a disco desenvolvida para passeios e um bom começo nas primeiras trilhas da categoria MTB</p><p><br></p><p>Quadro em alumínio 6061</p><p>Abraçadeira alumínio de selim 31,8mm</p><p>Alavancas de câmbio ez-fire 7 velocidades</p><p>Aro aero 29 parede dupla 36f</p><p>Caixa de direção semi integrado</p><p>Câmbio dianteiro Shimano TZ</p><p>Câmbio traseiro Shimano TZ</p><p>Pedivela aço coroa triplo revestido</p><p>Canote alumínio de selim 27.2mm com carrinho</p><p>Corrente index 7 velocidades</p><p>Cubo com blocagem</p><p>Espaçador alumínio 10 mm</p><p>Garfo suspensão mecânico</p><p>Guidão alumínio 31.8mm reto</p><p>Kit cabo com conduite com teflonn</p><p>Mesa alumínio 31.8mm</p><p>Movimento central rolamentado 122mm</p><p>Pedal em nylon preto</p><p>Pinça de freio a disco com rotor de 160mm</p><p>Pneu 29 cravos</p><p>Raio 290x2.0mm aço preto</p><p>Roda livre de 7 index</p><p>Selim mtb.</p><p><br></p><p>OBS: IMAGEM MERAMENTE ILUSTRATIVA, BIKE VAI CONFORME DESCRIÇÃO.</p><p><br></p><p>RECOMENDAÇÃO DE TAMANHOS:</p><p><br></p><p>Altura do ciclista: 1,65 até 1,71m – Tamanho de quadro 15"" á 16""</p><p>Altura do ciclista: 1,72 até 1,76m – Tamanho de quadro 17"" á 18""</p><p>Altura do ciclista: 1,77 até 1,82m – Tamanho de quadro 19""</p><p>Altura do ciclista: 1,83 até 1,90m ou mais – Tamanho de quadro 21""</p><p><br></p><p>MONTAGEM</p><p><br></p><p>A bicicleta é montada e engraxada, porém, para acomodação na embalagem e transporte, algumas peças são enviadas desmontadas.</p><p>A montagem é de responsabilidade do cliente e é necessário efetuar regulagem de câmbio ao receber o produto.</p><p><br></p><p>GARANTIA:</p><p><br></p><p>NÃO COBRE DEFEITOS POR MAU USO OU PELA MONTAGEM / REVISÃO INADEQUADA DO PRODUTO.</p><p>A garantia será validada para as montadas e revisadas por uma oficina especializada e é referente apenas ao primeiro proprietário.</p><p>A garantia não se aplica para os itens de desgaste natural, tais como: Pneu, câmaras, cabos, sapatas de freio, alinhamento de aros, pintura</p><p>do quadro, componentes da transmissão (corrente, engrenagens do pedivela, engrenagens do cassete ou roda livre).</p>","{""marca"":""KSW"",""tamanho_do_quadro"":""19""}",,,KSW,19,,,,,,,,,,,,,,,,,29,Azul Pantone e Preto,KSW,19,Não informado,MTB,Alumínio,Não informado,29,21,mecânico,Não informado,Não informado,Não informado,Não informado,Passeio,Não informado,Não informado,Não informado,disco,KSW,[Azul Pantone],Aro 29,"19""",21 Marchas,Dianteira,,Freio a Disco,Alumínio,,,Mountain Bike,
multipecasfranca||473c1a38152511ee9ab84201ac185049,Bicicleta,Bicicleta Houston Skyler 29 Tamanho 19 Preta/Laranja,"Bicicleta Houston Skyler 29 Tamanho 19 Preta/Laranja *BICICLETA NÃO É VENDIDA MONTADA*Caixa que acompanha todas as peças necessárias para montar a bicicleta, que deve ser montada individualmente pelo cliente em sua cidade.","{""aro"":""29\"""",""cor"":""Preto, Laranja"",""marca"":""Houston"",""tamanho_do_quadro"":""19""}","29""","Preto, Laranja",Houston,19,,,,,,,,,,,,,,,,,29,PretaLaranja,Houston,19,Não informado,Não informado,Não informado,Skyler,Não informado,Não informado,Não informado,Não informado,Não informado,Não informado,Não informado,Não informado,Não informado,Não informado,Não informado,Não informado,Houston,"[Preta, Laranja]",Aro 29,"19""",,Dianteira,,Freio a Disco,,,,Mountain Bike,
homesupreme||1758,Bicicleta,Bicicleta Adulto Aro 26 Anthon Nathor,"Inspirados por tendências europeias, percebeu-se a necessidade de um produto para o dia a dia, principalmente para o público feminino, que deseja um veículo que lhe permita superar o trânsito de forma eficiente, com conforto e segurança, e ainda assim valorizar o estilo do usuário, seja a caminho do trabalho ou para um passeio entre amigos e família.<br> <br> Criamos a linha Anthon da Nathor, com Aro 26?, um produto inovador, que permite que você desfrute de design diferenciado, pensado em cada detalhe e feito para quem busca uma mudança em seu estilo de vida, quem procura mais saúde, tranquilidade e menos trânsito e poluição.<br> <br> As linhas do quadro remetem à beleza e ao requinte das bicicletas clássicas, originais da Holanda na década de 1920, indicando uma essência retrô, totalmente em harmonia com a vida contemporânea. O quadro lowentry facilita a entrada e permite o uso de diversos tecidos e vestimentas, contando com Cobre-corrente para não sujar ou rasgar a roupa.<br> <br> Design Premiado!<br> Destaque Design no Prêmio D. Catarina, categoria Transporte e Mobilidade. A bicicleta Anthon também foi eleita uma das 3 melhores na categoria bike urbana do maior festival de bicicletas da America Latina ShimanoFest 2017<br> <br> Dimensões do produto:<br> Altura: 116 cm<br> Largura: 70 cm<br> Profundidade: 182 cm<br> Peso: 18,8 kg<br> <br> Garantia do fornecedor: 3 meses","{""aro"":""26\"""",""cor"":""Azul"",""marca"":""Nathor"",""tamanho_do_quadro"":""26"",""tipo"":""Passeio""}","26""",Azul,Nathor,26,,Passeio,,,,,,,,,,,,,,,26,Não informado,Nathor,Não informado,Feminino,Urbana,Não informado,Anthon,Não informado,Não informado,Não informado,Cobre-corrente,Não informado,Não informado,Não informado,Não informado,Não informado,Não informado,Não informado,Não informado,Nathor,Azul,Aro 26,,,,,Freio V-Brake,,,,Passeio,
veredasonline||323-789,Bicicleta,Bicicleta Aro 29 GT Sprint Volcon 27v  Preto Rosa e Azul,"O novo lançamento GT Sprint Volcon é uma linha com race, é uma ótima opção para quem quer curtir trilhas com estilo e segurança, equipada com freios a disco mecânico, 27 níveis de marcha, pedivela em alumínio e suspensão dianteira, uma ótima opção iniciar na categoria MTB. Ela vem equipada com a suspensão de 80mm de curso, com cambio traseiro e dianteiro Shimano.<br>Especificações:<br>QUADRO 29"" Alumínio 6061<br>SUSPENSÃO Curso 80mm de Amortecimento<br>CAIXA DE DIREÇÃO Oversize<br>GUIDÃO Reto em Alumínio 6061<br>MESA 80mm em Alumínio 6061<br>MANOPLAS Borracha Flexível<br>TROCADORES Rapidfire Dropp<br>FREIOS Hidráulico com disco de 160mm<br>CÂMBIO DIANTEIRO Importado 3v Indexado<br>CÂMBIO TRASEIRO Dropp 9v Indexado<br>PEDIVELA Triplo em Alumínio Indexado<br>PEDAL Plataforma em Nylon<br>CORRENTE 9v Indexada<br>RODA LIVRE / K7 9 Velocidades Roda Livre<br>CANOTE DE SELIM 27.2mm em Aluminio 6061<br>SELIM PU<br>RODAS Rodas Race de Parede Dupla<br>PNEU MTB 29""<br>GARANTIA: NÃO COBRE DEFEITOS POR MAU USO OU PELA MONTAGEM, REGULAGEM DE CÂMBIOS OU REVISÃO INADEQUADA DO PRODUTO.A garantia será validada para as bicicletas montadas e revisadas por uma oficina especializada e é referente apenas ao primeiro proprietário.A garantia não se aplica para os itens de desgaste natural, tais como: Pneu, câmaras, cabos, sapatas ou pastilhas de freio, centragem de aros, pintura do quadro, componentes da transmissão (câmbios, corrente, engrenagens do pedivela).","{""marca"":""Shimano""}",,,Shimano,,,,,,,,,,,,,,,,,,29,Preto Rosa e Azul,GT,Não informado,Não informado,MTB,Alumínio 6061,Sprint Volcon,Não informado,27,Suspensão dianteira,"Freios a disco mecânico, pedivela em alumínio",Não informado,Não informado,Não informado,Não informado,Não informado,Não informado,Não informado,Hidráulico,GT Sprint,"[Preto, Azul, Rosa]",Aro 29,,27 Marchas,Dianteira,,Freio a Disco,Alumínio,,,Mountain Bike,
servbikeltda||ca96e6fed5ef11eca47e4201ac185078,Bicicleta,Bicicleta Caloi Explorer Comp Aro 29 Quadro Tamanho 17,"Quadro Quadro de alumínio Liga 6061 – T6 - Cabeçote Tapered, ponteiras Forjadas p/ freio à Disco Flat Mount com Gancheira Removível - Eixo tru Axle de 12mm, Tubos Conformados, Caixa de Movimento Central com luva de 73mm, quadro com Tecnologia BOOST,(abertura entra rabeiras de 148mm).Material Quadro AlumínioTamanho do Quadro 17Garfo Suspensão CALOI – Tapered - 100mm de curso c/ trava no GuidãoAros Rodi BlackRock 29x23C ou Stan's Notubes ArchCubos DC20LW e DCL3248 Boost ou Shimano TX505 e MT400 - 32F - 12X148MMRaios InoxPneu Pneus 29X2.2 -Vee Rubber MT100 – Small BlockPedal PlásticoPedivela Shimano MT101 - 2V - 175MM (GG, G, M), 170MM (P, PP) - 36-22TMovimento Central Shimano BB-UN300 BSA ou FSA BB-7100Corrente KMC - X9Cassete Sunrace - 9V - 11-36DCâmbio traseiro Shimano Alivio - RD-M3100Câmbio dianteiro Shimano Alivio - M3120 - 2VPassadores Shimano Alivio M3100, 2x9 -Trigger RAPIDFIREGuidão MTB Alumínio 31.8x760mm (GG), 740mm (G, M), 720mm (P, PP) - 20mm RiseSuporte de guidão MTB Alumínio - 70x31.8 mm - 7°Manoplas VeloMovimento de direção FP-H889T Integrado c/ tampaFreios Shimano MT200 ou Logan Hidráulico ou PromaxManete de freios Shimano MT200 ou Logan Hidráulico ou PromaxSelim Selle Royal Vivo ErgoCanote do selim 27.2x400mm (GG), 350mm (G, M), 300mm (P, PP) - Ajuste com quick release","{""marca"":""Caloi""}",,,Caloi,,,,,,,,,,,,,,,,,,29,Não informado,Caloi,17,Não informado,Explorer,Alumínio,Comp,29x23C,2x9,Suspensão,Boost,Não informado,Não informado,Não informado,MTB,Não informado,Não informado,Não informado,Hidráulico,Caloi,Prata,Aro 29,"17""",,Dianteira,,Freio a Disco,Alumínio,,,Mountain Bike,
marczakbikeparts||15971900916,Bicicleta,Bicicleta Infantil Freestyle Aro 20,"<p>INFORMAÇÕES DO PRODUTO</p><p><br></p><p> A nova linha de bicicletas infantis da FORSS chegou com um ar de diversão para criançada, com acabamento fino e impecável, seu quadro de aço oferece resistência e segurança, possui um selim confortável, peças de qualidade que agregam ainda mais durabilidade, seu design e cores foram pensados especialmente para os pequenos.</p><p><br></p><p> FICHA TÉCNICA</p><p><br></p><p> Marca: Forss</p><p> Modelo: Cross</p><p> Aro: 20</p><p> Idade: 6 a 9 anos</p><p> Peso: 12kg</p><p> Tipo de Bicicleta: Passeio</p><p><br></p><p> RECOMENDAÇÃO DE TAMANHOS</p><p><br></p><p> 2 anos - 3 anos e meio | Aro 12</p><p> 3 anos e meio - 6 anos | Aro 16</p><p> 6 anos - 9 anos | Aro 20</p><p> 9 anos - 12 anos | Aro 24</p><p> Apartir de 12 anos | A criança ja pode utilizar bicicletas aro 26 ou 29 (Adulto) </p><p><br></p><p><br></p><p> ENVIO</p><p><br></p><p><br></p><p> Após a finalização da compra o envio é realizado no prazo de 24 horas uteis o prazo de entrega é estipulado pela transportadora ou correios no momento da compra. Para acomodação da bicicleta na caixa é desmontado o guidão, pedais e a roda dianteira.</p><p><br></p><p> MONTAGEM</p><p><br></p><p> A bicicleta é montada e engraxada, para acomodação na embalagem, a roda dianteira, pedais e guidão são enviadas desmontados.</p><p> A montagem é de responsabilidade do cliente.</p><p><br></p><p> GARANTIA</p><p><br></p><p> NÃO COBRE DEFEITOS POR MAU USO OU PELA MONTAGEM / REVISÃO INADEQUADA DO PRODUTO.</p><p><br></p><p> ITENS DE DESGASTE NATURAL NÃO SE ENCAIXAM NA GARANTIA COMO: Pneus, Freios, Roda livre, corrente, pedivela e danos na pintura por conta de quedas, riscos etc..</p><p><br></p><p> COMPONENTES</p><p><br></p><p> 90 dias de garantia nos componentes contra defeitos de fabricação</p><p><br></p><p> QUADRO</p><p><br></p><p> 90 dias de garantia no quadro contra deifeitos de fabricação (Quebra ou trinca)</p><p><br></p><p><br></p><p> ATENÇÃO A MONTAGEM</p><p><br></p><p> Ao receber a bike é necessário levar até uma oficina especializada para encaixe do guidão, pedais e roda dianteira. A BIKE JA VAI ENGRAXADA E BEM APERTADA não sendo necessaria uma revisão geral. Apenas conferencia dos itens citados acima. Bicicletas montadas sem mão de obra especializada não se enquadram na garantia ofertada pelo fabricante. Sendo obrigatório a primeira montagem dos componentes ser realizada em oficina especializada.</p>","{""aro_de_roda"":""20\"""",""cor"":""Laranja""}",,Laranja,,,,,,,"20""",,,,,,,,,,,,20,Não informado,Forss,Não informado,Não informado,Passeio,Aço,Cross,Não informado,Não informado,Não informado,Não informado,Não informado,Não informado,Não informado,Freestyle,Não informado,Não informado,Não informado,Não informado,Forss,Laranja,Aro 20,,,,,,,,Unissex,Passeio,
magazineluiza||086211600,Bicicleta,Bicicleta Colli Bike Adulto CB 500 Aro 26,"A bicicleta da Colli, CB 500 é ideal para homens aventureiros. Feita em aço carbono, possui 21 marchas e aro 26, com suporte de guidão em alumínio e pedal de nylon, com refletor. Contém cubo dianteiro e traseiro acoplados de ferro e corrente fina, o que mantém toda a segurança e durabilidade, suportando acima de 60 quilos. Possui também freio V-brake e pneus totalmente resistentes para qualquer manobra.","{""aro"":""26\"""",""cor"":""Amarelo"",""modelo"":""CB 500"",""numero_de_marchas"":""21 Marchas""}","26""",Amarelo,,,,,,CB 500,,21 Marchas,,,,,,,,,,,26,Não informado,Colli,Não informado,Masculino,Não informado,Aço Carbono,CB 500,Não informado,21,Não informado,"Suporte de guidão em alumínio, pedal de nylon com refletor, cubo dianteiro e traseiro acoplados de ferro, corrente fina, freio V-brake, pneus totalmente resistentes",Não informado,Não informado,Não informado,Não informado,Não informado,Acima de 60 quilos,Não informado,V-brake,não tem navegation id,,,,,,,,,,,,
magazineluiza||224171000,Bicicleta,Bicicleta Aro 20 Mountain Bike Polimet 7121,"Pedalar é uma atividade muito prazerosa e um exercício muito especial, pois pode ser praticado com muita segurança, tanto individualmente, quanto em grupo de amigos e familiares. Com a bicicleta Mountain Bike Aro 20 Polimet 7121 pedalar fica ainda mais divertido. A bike conta com freio V-Brake e monomarcha que oferecem muita confiança na hora de pedalar. O guidão Downhill e o pedal MTB plástico com refletor dá mais qualidade ao produto. E tratando-se de uma atividade aeróbica, o ""andar de bicicleta"" ajuda no emagrecimento, sendo um dos exercícios que não causa impacto sobre os joelhos e outras articulações. Portanto o ciclismo, para a perda de peso, é muito indicado, mas vale lembrar que, para um emagrecimento saudável, é necessário o acompanhamento alimentar equilibrado e uma boa hidratação. Não só pensando na atividade física, a bicicleta também é muito utilizado como meio de transporte, ajudando assim a não poluição ao meio ambiente e sendo uma alternativa mais barata para o transporte público.","{""aro"":""20\"""",""cor"":""Vermelho"",""marca"":""Polimet"",""modelo"":""7121"",""numero_de_marchas"":""1 Marcha"",""tamanho_do_quadro"":""11"",""tipo"":""Mountain Bike""}","20""",Vermelho,Polimet,11,,Mountain Bike,,7121,,1 Marcha,,,,,,,,,,,20,Não informado,Polimet,Não informado,Não informado,Mountain Bike,Não informado,7121,Não informado,1,Não informado,"Freio V-Brake, guidão Downhill, pedal MTB plástico com refletor",Não informado,Não informado,Não informado,Não informado,Não informado,Não informado,Não informado,V-Brake,não tem navegation id,,,,,,,,,,,,
klsbikeshop||21005,Bicicleta,Bicicleta Aro 29 Alumínio Kls King Freio A Disco Mtb 21 Marchas Feminina,"<p>A Bicicleta Kls É Produzida Para Proporcionar Segurança E Conforto, Perfeita Para Passeios De Final De Semana E Momentos De Muita Diversão. Uma Ótima Opção Para Você Ou Para Presentear Quem Você Ama.</p><p>Nossa Empresa Está No Mercado Há Mais De Quarenta Anos, Nossa Marca Evoluí A Cada Dia, Para Melhor Atender Você e Sua Família.</p><p>Kls Pedalando Junto Com Você.</p><p>Tipo/Uso: Urbano</p><p>Marca: Kls</p><p>Modelo: Mountain Bike</p><p>Números de marchas/velocidade: 21 Marchas</p><p>Aro Aero folha dupla</p><p>Câmbio dianteiro importado</p><p>Câmbio traseiro importado</p><p>Canote Selim Alumínio</p><p>Corrente 116L Importada</p><p>Cubos Aço Disco Importado</p><p>Eixo Centro Selado 118mm</p><p>Freios à Disco</p><p>Mesa de Alumínio Ahead Set</p><p>Guidão de Alumínio Preto</p><p>Movimento de direção: Conjunto Over A. Set</p><p>Pedal: Nylon</p><p>Pedivela: Triplo D/E Aço Revestido em Nylon 34,7mm</p><p>Pneu: 29x2,00 ou 2,10 Importado</p><p>Quadro Alumínio Feminino</p><p>Garfo Com Suspensão</p><p>Selim Mtb</p><p>Trocador De marcha: Grip Shifter Importado</p><p>Idade Recomendada: Adulto</p><p>Altura Recomendada: 1,72m - 1,83m</p><p>Peso Máximo Recomendado (Kg): 100Kg</p><p>Dimensões:</p><p>Altura: 112 cm</p><p>Largura: 38 cm</p><p>Profundidade: 188 cm</p><p>Peso: 16 kg</p><p>Todas As Bicicletas São Enviadas Semi-Montadas, Com Algumas Partes Desencaixadas/Desmontadas Para Melhor Acomodação Na Caixa.</p><p>Caso Tenha Um Conhecimento Básico, Você Mesmo Poderá Montar A Bicicleta, Mas Recomendamos Que A Montagem Seja Feita Em Uma Oficina Especializada, Para Garantir O Máximo De Desempenho E Segurança.</p><p>O Custo Da Montagem É De Responsabilidade Do Comprador.</p><p>Acompanha Manual Do Usuário Explicativo Para Montagem.</p>","{""cor"":""Branco"",""marca"":""KLS"",""tipo"":""Mountain Bike""}",,Branco,KLS,,,Mountain Bike,,,,,,,,,,,,,,,29,Não informado,Kls,Não informado,Feminina,Urbano,Alumínio,Mountain Bike,Não informado,21,Com Suspensão,Não informado,Não informado,Não informado,Não informado,Não informado,Não informado,100Kg,Não informado,A Disco,Kls,"[Branco, Preto]",Aro 29,"17""",21 Marchas,Dianteira,100kg,Freio a Disco,Alumínio,,Feminino,Mountain Bike,
alfameq||GTU2927DH21PAR,Bicicleta,Bicicleta aro 29 gtsprom5 urban câmbio shimano freio hidráulico 27 marchas,"<p>BICICLETA ARO 29 GTSPROM5 URBAN CÂMBIO SHIMANO FREIO HIDRÁULICO 27 MARCHAS<br> <br>Informações Técnicas:<br>Marca: GTSPROM5<br>Gênero: Unissex<br>Aro Aero 29 alumínio parede dupla<br>Cubo dianteiro/traseiro 36F Importado<br>Raio 290x2.0 preto<br>Câmara de ar 29 Importada<br>Pneu 29x1.95 de preto Importado<br>Selim MTB Importado<br>Canote de selim 27,2<br>Abraçadeira de alumínio com blocagem<br>Movimento central com rolamento<br>Movimento de direção ahead set Importado<br>Pedivela com engrenagem tripla em alumínio preta<br>Alavanca Rapid Fire 9 velocidades Importada<br>Suporte de guidão 31.8 alumínio ahead set preto<br>Guidão curvo expandido em aço preto<br>Roda livre 9 velocidades Index<br>Garfo de suspensão 29 Over em aço preto<br>Câmbio dianteiro Shimano<br>Câmbio traseiro sem gancheira Shimano<br>Corrente fina Index Importada<br>Pedal 9/16 plataforma de nylon Importado<br>Freio a disco dianteiro e traseiro hidráulico importado<br>Garantia: 03 meses contra defeito de fabricação<br>País de Origem Brasil</p>","{""aro"":""29\"""",""cor"":""Preto, Azul"",""marca"":""Shimano"",""tamanho_do_quadro"":""21""}","29""","Preto, Azul",Shimano,21,,,,,,,,,,,,,,,,,29,Não informado,GTSPROM5,Não informado,Unissex,Não informado,Não informado,Urban,29,27,Não informado,Não informado,Não informado,Não informado,Não informado,Não informado,Não informado,Não informado,Não informado,Hidráulico,GTS PRO M5,"[Preto, Azul, Rosa]",Aro 29,"21""",27 Marchas,Dianteira,,Freio a Disco,Alumínio,,Unissex,Mountain Bike,
ninusbikegta||a0d0c8d8b4ef11ec9a6c4201ac18506b,Bicicleta,Bicicleta Aro 29 Audax TX 24 velocidade shimano freios hidráulicos,"-QUADRO: HAVOK TX MTB 6061 T6 29 | cabeamento interno-TAMANHO: 15-CÂMBIO DIANTEIRO: Shimano Tourney TY300 31.8 Top pull | ADX 2/8v 31.8mm Dual FD-M20-CÂMBIO TRASEIRO: Shimano Tourney, TX800, 7/8 velocidades - Adx 7/8/9V INDEX RD-M300-CASSETE: 11X32 dentes, 8 velocidades-PNEUS: Chaoyang 29x2.10, arame-PESO SEM PEDAL: 14,80kg","{""marca"":""Shimano""}",,,Shimano,,,,,,,,,,,,,,,,,,29,Não informado,Audax,15,Não informado,MTB,6061 T6,TX,Não informado,24,Não informado,cabeamento interno,Não informado,Não informado,Não informado,Não informado,Não informado,Não informado,Não informado,hidráulicos,Audax,"[Preto, Azul]",Aro 29,,24 Marchas,Dianteira,,Freio a Disco,,,,Mountain Bike,
m2shop||VEGA27VPRETOPRATA21,Bicicleta,Bicicleta Aro 29 Spaceline Vega 27 Velocidades Freios Hidraulicos com Suspensão,"A Spaceline Vega 27v possui um quadro construído em alumínio 6061, liga própria para que fique mais leve e mais resistente. É uma mountain bike esportiva, desenvolvida para fazer trilhas no mundo do MTB.Sua geometria esportiva oferece um comportamento excepcional, deixando-a rápida e ágil para as melhores sensações no seu pedal.<br>A Vega 27v vem equipada com a suspensão de 100mm que facilita a passagem nas trilhas, transmissão de 27 marchas indexados, o que proporciona melhor troca entre o cassete e cambio. Os aros são de alumínio de parede dupla da marca FLAY modelos Aero Race, os pneus 29' proporcionando uma melhor rolagem aderência nas curvas. Os freios utilizam sistema a disco hidráulico de ótima frenagem.<br><br>DETALHES TÉCNICOS:<br>QUADRO: 29' Alumínio 6061<br>SUSPENSÃO: 100mm (sistema a molas)<br>CAIXA DE DIREÇÃO: Semi-Integrada<br>GUIDÃO: Reto 31.8mm em Alumínio 6061<br>MESA: 80x31.8 mm em Alumínio 6061<br>MANOPLAS: Borracha Flexível<br>TROCADORES: Importados 3x9 velocidades<br>FREIOS: Disco Hidráulico de 160 mm<br>CÂMBIO DIANTEIRO: Importado Indexado de 3 V<br>CÂMBIO TRASEIRO: Importado Indexado de 9 V<br>PEDIVELA: Triplo em Aço 24/34/42 dentes<br>PEDAL: Plataforma em Nylon<br>CORRENTE 9 Velocidades<br>CASSETE : 9 Velocidades<br>CANOTE DE SELIM: 27.2mm em Alumínio 6061<br>SELIM: PU com trilho de regulagem<br>RODAS: Rodas Flay Aero Race de Parede Dupla/Cassete<br>PNEU: MTB 29'<br>OBSERVAÇÕES:<br>- As fotos do anúncio são feitas com quadros do tamanho 17''.<br>- A geometria do quadro (desenho) pode mudar conforme o tamanho escolhido alterando a<br>inclinação do tubo superior quando quadro é 19 ou 21 deixando-o mais reto.<br>- Pode haver alguma diferença de tonalidade entre a imagem e o produto real, por conta do<br>tratamento de imagens e a calibração de cores do seu monitor.<br><br>MONTAGEM<br>- Enviamos a bicicleta pré-montada, revisada e devidamente embalada, para melhor se acomodar na embalagem de transporte são retirados apenas: selim, pedais, guidão e roda<br>dianteira.<br>- A instalação (por simples aperto de parafusos allen e blocagens) é de responsabilidade do<br>cliente, recomendamos que seja feita por uma loja especializada.<br>- Por motivo de transporte e manuseio, pode haver a necessidade de efetuar uma nova<br>regulagem de câmbio ao receber o produto.<br>- Não nos responsabilizamos pela revisão final da bicicleta, sugerimos que seja efetuada por<br>mão de obra especializada.<br>GARANTIA - 1 ano para quadro e 3 Meses para peças.","{""tipo"":""Mountain Bike""}",,,,,,Mountain Bike,,,,,,,,,,,,,,,29,Não informado,Spaceline,Não informado,Não informado,Mountain Bike,Alumínio,Vega,29,27,Suspensão,Não informado,Não informado,Não informado,Não informado,MTB,Não informado,Não informado,Não informado,Hidráulico,Spaceline,"[Preto, Cinza]",Aro 29,,27 Marchas,Dianteira,,Freio a Disco,Alumínio,,,Mountain Bike,
cdtbikes||STTCZA17TIPO13,Bicicleta,Bicicleta Aro 29 Gta Start Alumínio 27v K7 Freio a Disco Mecânico Garfo com Suspensão - Cinza,"<p>Bike aro 29, com quadro Gta Start nova na caixa a pronta entrega, produto com ótima qualidade e acabamento, possui 27 marchas com sistema de alavancas rapid fire que a cada clique uma marcha é trocada, garfo com suspensão, sistema de freio a disco mecânico. Bicicleta pré montada, vai precisar apenas fixar a roda dianteira, guidão, selim e pedais. Segue abaixo características da bike:</p><p><br></p><p>Quadro 29 Gta Start alumínio</p><p>Garfo 29 suspensão curso 60mm</p><p>Suporte do guidão em alumínio preto</p><p>Guidão 31.8mm em alumínio preto</p><p>Canote do selim 27.2 em alumínio preto Sem Carrinho</p><p>Selim Sport Preto</p><p>Abraçadeira do Selim alumínio Preto</p><p>Aros Aero Parede dupla reforçado</p><p>Raios Pretos</p><p>Cubos em Alumínio k7 Pretos</p><p>Pneus 29 com cravo</p><p>Movimento central selado rolamentado</p><p>Freios a disco Mecânicos com discos inox 160mm</p><p>Alavancas Semi-automáticas Rapid Fire</p><p>Câmbio Traseiro Sunrun</p><p>Câmbio Dianteiro Sunrace ou Yamada</p><p>Corrente Index 9v</p><p>Pedivela Alumínio Index</p><p>Pedal Plataforma Nylon preto</p><p>Cassete 9v sunrun Gta</p><p><br></p><p>Recomendamos que seja feita uma revisão por um técnico após a recebimento do produto, para reajuste e regulagem, pois no transporte pode acontecer de alguma peça soltar ou desregular</p><p>Fotos meramente ilustrativas</p>","{""cor"":""Preto, Cinza""}",,"Preto, Cinza",,,,,,,,,,,,,,,,,,,29,Cinza,Gta,Não informado,Não informado,Não informado,Alumínio,Start,29,27,Garfo com Suspensão,Não informado,Não informado,Não informado,Não informado,Não informado,Não informado,Não informado,Não informado,Disco Mecânico,GTA,Cinza,Aro 29,"17""",27 Marchas,Dianteira,,Freio a Disco,Alumínio,,,Mountain Bike,
diasbike||15861447521,Bicicleta,Bicicleta Aro 26 Viking TuffX25 Freeride Freio a Disco 21V,"Bicicleta aro 26 FreeRide Viking Tuff 25X quadro 13,5 Freio a disco 21 Velocidades<br> <br>COMPONENTES DA BIKE<br> <br>Quadro aro 26 Alumínio Viking Tuff X 25<br> <br>- Suspensão de 80mm<br> <br>- Aros Vzan Vmaxx SL<br> <br>- Raios Zincados Pretos<br> <br>- Pneus Aro 26 Com Arame<br> <br>- Camara de ar 26<br> <br>- Jogo Direção Ahead Set Rolamentado<br> <br>- Suporte Do guidão de Alumínio<br> <br>- Guidão em Alumínio<br> <br>- Canote do Selim em Alumínio<br> <br>- Pedal em Plataforma Comum<br> <br>- Arruela Calço para Ahead Set (3 unidades)<br> <br>- Manopla Mtb Comum Confort<br> <br>- Abraçadeira do Selim com Blocagem<br> <br>- Selim<br> <br>- Disco de Freio De 160mm Parafusos<br> <br>- Freio a Disco Mecanico com Pastilha<br> <br> <br> <br>RELAÇÃO (TRANSMISSÃO DA BIKE)<br> <br>- Roda Livre Indexada de 7v<br> <br>- Roda Tripla De Aço Reforçada<br> <br>- Trocador Semi Automático Rapid Fire de 8V<br> <br>- Cambio Dianteiro Indexado 3V Importado<br> <br>- Cambio Traseiro Indexado 7V Importado<br> <br>- Cubos Sistema Rosca esferado<br> <br>- Corrente Indexada 7V<br> <br>- Jogo de Centro Blindado<br> <br> <br>- Imagens da bicicleta são meramente ilustrativas.<br>- Algumas peças da bicicleta podem sofrer variações de cor e de modelo de acordo com o lote de importação.<br>- A Dias Bike não se responsabiliza por recolhimento obrigatório de impostos ICMS por st cobrado em alguns estados.<br>-Caso não haja alguém para receber o pedido no local de entrega, após as tentativas de entrega da transportadora, o frete do reenvio será de responsabilidade do comprador.-Preço no site são exclusivos para venda online da loja virtual DIAS BIKE, os preços praticados em cada loja podem haver diferença entre os mesmos.<br>- Para as compras de bicicletas, as mesmas serão enviadas lubrificadas e pré-montadas, em função do transporte, a roda dianteira, guidão, selim e pedais são enviados soltos para encaixe.<br>- A garantia não Cobre Defeitos por Mau uso ou Pela Montagem Inadequada do Produto. A Montagem requer conhecimentos em mecânica e manutenção em bicicletas, por isso recomendamos que a montagem das Bicicletas seja feita por Profissionais do ramo em Oficina Especializada.<br>- Algumas Peças podem necessitar de regulagem ou alinhamento.<br>- A montagem, Regulagem e Alinhamento é por conta do comprador.<br> <br>- A Garantia só será validada mediante a comprovação da montagem por um especialista, válida somente para o Primeiro proprietário.","{""marca"":""Viking""}",,,Viking,,,,,,,,,,,,,,,,,,26,Não informado,Viking,135,Não informado,FreeRide,Alumínio,TuffX25,26,21,80mm,Não informado,Não informado,Não informado,Não informado,Não informado,Não informado,Não informado,Não informado,Disco,Vikingx,Vermelho,Aro 26,,21 Marchas,Dianteira,,Freio a Disco,Alumínio,,,Mountain Bike,
gazinshop||5576,Bicicleta,Bicicleta Colli Sparta MTB Aro 29 21 Marchas Freio à Disco 415.05M,"Bicicleta Colli Sparta MTB Aro 29 Aero, Freios a Disco Dianteiro e Traseiro 21Marchas ,Trocador Na Luva, Suporte de Guidão Down Hill Preto Expandido.<br><br>Características:<br>Quadro Completo A.29<br>Maçaneta De Freio Alumínio<br>Garfo em Aço Carbono Aro 29<br>Guidão em aço carbono<br>Suporte de Guidão Down Hill Preto Expandido<br>Pedivela Braço C/ Engrenagem<br>Aro 29 Aero 36F<br>Roda Livre 7v 14/28d<br>Pedal Rosca Grossa 9/16 Preto c/ Refletor<br>Freio A Disco Dianteiro / Freio A Disco Traseiro<br>Selim Premium<br>Cambio Dianteiro /Traseiro<br>Pneu 29X2.10<br>Movimento Direção 22,2 mm<br>Movimento Central 34.7mm<br>Corrente Fina Tec 1/2x3/32<br>Cubo Diant/Tras em Aço 36 Furos<br>Alavanca Alav. Hand Shift Troc. Na Luva 21 m<br>Kit de Acessórios: Kit Selim, Canote, Pedais, Manual do Proprietario.<br>Acessórios da Embalagem: Quadro e garfo com roda traseira, roda dianteira e guidão.<br>Empilhamento máximo: 4 Unidades<br>Idade Recomendada: A Partir de 14 anos<br>Peso Suportado: 100 Kg<br>Tamanho do Quadro: 19<br><br>Dimensões:<br>Altura: 112 cm<br>Largura: 73 cm<br>Profundidade: 188 cm <br>Peso: 17.9 Kg<br><br>Garantia do Fabricante contra defeito de fabrica 3 meses Peças e 6 meses Quadro","{""cor"":""Branco"",""marca"":""Colli"",""tipo"":""Mountain Bike""}",,Branco,Colli,,,Mountain Bike,,,,,,,,,,,,,,,29,Preto,Colli,19,Não informado,MTB,Aço Carbono,Sparta,Aero,21,Não informado,"Freios a Disco Dianteiro e Traseiro, Trocador Na Luva, Suporte de Guidão Down Hill",Não informado,Não informado,Não informado,Não informado,Não informado,100 Kg,"Quadro Completo A29, Maçaneta De Freio Alumínio, Garfo em Aço Carbono Aro 29, Guidão em aço carbon, Pedivela Braço C Engrenage, Aro 29 Aero 36F, Roda Livre 7v 1428d, Pedal Rosca Grossa 916 Preto c Refletor, Selim Premium, Cambio Dianteiro Traseiro, Pneu 29X210, Movimento Direção 222 mm, Movimento Central 347mm, Corrente Fina Tec 12x332, Cubo DiantTras em Aço 36 Furos, Alavanca Alav Hand Shift Troc Na Luva 21 m, Kit de Acessórios Kit Selim Canote Pedais Manual do Proprietario, Acessórios da Embalagem Quadro e garfo com roda traseira roda dianteira e guidão, Empilhamento máximo 4 Unidades, Idade Recomendada A Partir de 14 anos",Disco,Colli,Branco,Aro 29,"19""",21 Marchas,,100kg,Freio a Disco,,,,Mountain Bike,
magazineluiza||086215800,Bicicleta,Bicicleta Colli Bike Renault Aro 26,"Bicicleta Colli Dupla Suspensão Masculina da linha exclusiva da Renault com 21 marchas, aro 26, com quadro e garfo em aço carbono, movimento de direção modelo inglês 22.2, pedivela braço engrenagem 34,7, manopla Adventure, selim selleroyal preto e pneus levorim. Moderna e resistente, possui corrente fina e roda livre 7 velocidade. Ideal para pedalar com os amigos!","{""aro"":""26\"""",""cor"":""Preto Fosco"",""numero_de_marchas"":""21 Marchas"",""tipo_de_suspensao"":""Dupla Suspensão""}","26""",Preto Fosco,,,,,,,,21 Marchas,Dupla Suspensão,,,,,,,,,,26,Não informado,Colli,Não informado,Masculina,Dupla Suspensão,aço carbono,Não informado,26,21,Dupla,movimento de direção modelo inglês 222 pedivela braço engrenagem 347 manopla Adventure selim selleroyal preto e pneus levorim,Não informado,Não informado,Renault,Não informado,Não informado,Não informado,corrente fina e roda livre 7 velocidade,Não informado,não tem navegation id,,,,,,,,,,,,
diasbike||15956345396,Bicicleta,Bike 29 Absolute 24V Shimano Acera F Hidráulico Trava Guidão,"BICICLETA ARO 29 24V KIT SHIMANO ACERA E ALTUS FREIOS A DISCO HIDRÁULICO CUBOS K7 E SUSPENSÃO COM TRAVA NO GUIDÃO<br> <br>COMPONENTES DA BIKE<br><br>Quadro aro 29 Alumínio<br>Suspensão de 100mm de Curso com Trava no Guidão<br>Aros Aeros para Disco Folha Dupla<br>Raios Zincados<br>Pneus Aro 29 Com Arame<br>Câmara de Ar Aro 29<br>Jogo Direção Ahead Set<br>Suporte Do guidão 31.8<br>Guidão 31.8 MTB<br>Canote do Selim MTB<br>Pedal MTB Plataforma para Testes<br>Arruela Calço para Ahead Set (1cm)<br>Manopla MTB Comum<br>Abraçadeira do Selim com Blocagem<br>Selim MTB<br>Disco de Freio De 160mm Parafusos<br>Freio a Disco Hidráulico Com Pinças e Pastilhas<br><br>RELAÇÃO (TRANSMISSÃO DA BIKE)<br><br>Pedivela Alumínio Reforçado 3v Shimano MT101<br>Trocador Indexado Semi Automático Rapid Fire de 3x8v Shimano Altus<br>Cambio Dianteiro 3v Indexado Shimano Altus<br>Cambio Traseiro 8v Indexado Shimano Acera M360<br>Cubos Com Blocagem Sistema Cassete<br>Cassete Indexado de 8 Velocidades 11-32D Shimano<br>Corrente Indexado Indexado Shimano 8V<br>Jogo de Centro 122.5 selado rolamentado<br><br> <br>Imagens da bicicleta são meramente ilustrativas.<br>Algumas peças da bicicleta podem sofrer variações de cor e de modelo de acordo com o lote de importação.<br>A Dias Bike não se responsabiliza por recolhimento obrigatório de impostos ICMS por ST cobrado em alguns estados.<br>Caso não haja alguém para receber o pedido no local de entrega, após as tentativas de entrega da transportadora, o frete do reenvio será de responsabilidade do comprador.<br>Preço no site são exclusivos para venda online da loja virtual DIAS BIKE, os preços praticados em cada loja podem haver diferença entre os mesmos.<br>Para as compras de bicicletas, as mesmas serão enviadas lubrificadas e pré-montadas, em função do transporte, a roda dianteira, guidão, selim e pedais são enviados soltos para encaixe.<br>A garantia não Cobre Defeitos por Mau uso ou Pela Montagem Inadequada do Produto. A Montagem requer conhecimentos em mecânica e manutenção em bicicletas, por isso recomendamos que a montagem das Bicicletas seja feita por Profissionais do ramo em Oficina Especializada.<br>Algumas Peças podem necessitar de regulagem ou alinhamento.<br>A montagem, Regulagem e Alinhamento é por conta do comprador.<br>A Garantia só será validada mediante a comprovação da montagem por um especialista, válida somente para o Primeiro proprietário.<br>","{""aro"":""29\"""",""cor"":""Azul""}","29""",Azul,,,,,,,,,,,,,,,,,,,29,Não informado,Absolute,Não informado,Não informado,Não informado,Alumínio,24V Shimano Acera F Hidráulico Trava Guidão,29,24,Com Trava no Guidão,Trava Guidão,Não informado,Não informado,Não informado,Não informado,Não informado,Não informado,Não informado,Disco Hidráulico,Absolute,"[Preto, Azul]",Aro 29,,24 Marchas,Dianteira,,Freio a Disco,Alumínio,,,Mountain Bike,
grupoceleiro||311-1,Bicicleta,Bicicleta Cannondale Scalpel Ht Carbon 3 12v Aro 29 A22,"<p>A forma mais pura para corrida.</p> <p>Uma geração totalmente nova de XC Hardtail, desenvolvida especificamente para eficiência nas subidas e nas descidas, impulsionando direto para o degrau mais alto do pódio!</p> <p>Especificações Técnicas<br><br>Quadro Scalpel HT Carbon, Proportional Response Design, PF30-83, tapered head tube, 55mm chainline, Speed Release, Cabeamento interno - 12x148mm Boost;<br><br>Suspensão RockShox SID SL Select+ RL, 100mm de curso, Debonair, Trava no guidão, Tapered, 44mm offset - 15x110mm Boost;<br><br>Aros Stan's NoTubes Crest MK4, 28 raios, Tubeless ready - Alumínio;<br><br>Pneu dianteiro Schwalbe Racing Ray EVO, 29x2.25, Twinskin, tubeless ready;<br><br>Pneu traseiro Schwalbe Racing Ralph EVO, 29x2.25, SnakeSkin, Addix compound, tubeless ready;<br><br>Câmbio traseiro Shimano Deore XT RD-M8100 - 12 velocidades<br><br>Gancheira UDH;<br><br>Cassete Shimano SLX CS-M7100, 10x51 dentes - 12 velocidades;<br><br>Corrente Shimano CN-M7100;<br><br>Pedivela Cannondale One, 34 dentes, 55mm chainline;<br><br>Alavanca de câmbio Shimano SLX SL-M7100 - 12 velocidades;<br><br>Freios Shimano Deore BR-M6100 - Hidraulico;<br><br>Rotores de freio Shimano SM-RT64, 180mm dianteiro e 160mm traseiro;<br><br>Mesa Cannondale 2, 7 - Alumínio;<br><br>Guidão Cannondale 2 Flat, 3° rise, 8° sweep - Alumínio;<br><br>Canote do selim Cannondale C2 Carbon, 27.2;<br><br>Selim Cannondale Scoop Shallow Elite, trilhos hollow cro-mo;</p>","{""tamanho_do_quadro"":""P""}",,,,P,,,,,,,,,,,,,,,,,29,Não informado,Cannondale,Não informado,Não informado,Hardtail,Carbono,Scalpel Ht Carbon 3 12v,Não informado,12,Suspensão,Não informado,Não informado,Não informado,Não informado,XC,Não informado,Não informado,Não informado,Hidraulico,Cannondale,Preto,Aro 29,,12 Marchas,Dianteira,,Freio a Disco,Carbono,,,Mountain Bike,
tajunabike||XLTPTOLAR15TIPO13,Bicicleta,Bicicleta Aro 29 Ksw Xlt Alumínio 27v Freio a Disco Mecânico Garfo com Suspensão - Preto/Laranja,"<p>Bike aro 29, com quadro Ksw Xlt nova na caixa a pronta entrega, produto com ótima qualidade e acabamento, possui 27 marchas com sistema de alavancas rapid fire que a cada clique uma marcha é trocada, garfo com suspensão, sistema de freio a disco mecânico. Bicicleta pré montada, vai precisar apenas fixar a roda dianteira, guidão, selim e pedais. Segue abaixo características da bike:</p><p><br></p><p>Quadro 29 Ksw Xlt alumínio</p><p>Garfo 29 suspensão curso 60mm</p><p>Suporte do guidão em alumínio preto</p><p>Guidão 31.8mm em alumínio preto</p><p>Canote do selim 27.2 em alumínio preto Sem Carrinho</p><p>Selim Sport Preto</p><p>Abraçadeira do Selim alumínio Preto</p><p>Aros Aero Parede dupla reforçado</p><p>Raios Pretos</p><p>Cubos em Alumínio k7 Pretos</p><p>Pneus 29 com cravo</p><p>Movimento central selado rolamentado</p><p>Freios a disco Mecânicos com discos inox 160mm</p><p>Manetes de Freio Alumínio (não integrada com alavanca)</p><p>Alavancas Semi-automáticas Rapid Fire</p><p>Câmbio Traseiro Sunrun</p><p>Câmbio Dianteiro Sunrace ou Yamada</p><p>Corrente Index 9v</p><p>Pedivela Alumínio Index</p><p>Pedal Plataforma Nylon preto</p><p>Cassete 9v sunrun Gta</p><p><br></p><p>Recomendamos que seja feita uma revisão por um técnico após a recebimento do produto, para reajuste e regulagem, pois no transporte pode acontecer de alguma peça soltar ou desregular</p><p>Fotos meramente ilustrativas</p><p><br></p>","{""cor"":""Preto, Laranja"",""marca"":""KSW""}",,"Preto, Laranja",KSW,,,,,,,,,,,,,,,,,,29,PretoLaranja,Ksw,Não informado,Não informado,Não informado,Alumínio,Xlt,Não informado,27,Garfo com Suspensão,Não informado,Não informado,Não informado,Não informado,Não informado,Não informado,Não informado,Não informado,Disco Mecânico,KSW,"[Preto, Laranja]",Aro 29,"15""",27 Marchas,Dianteira,,Freio a Disco,Alumínio,,,Mountain Bike,
diasbike||26598,Bicicleta,Bicicleta 29 Feminina KOG 24V Shimano Freio disco Hidráulico,"<p>Dias Bike</p><p><br></p><p>Bem vindo a Dias Bike! A Dias Bike é uma loja física e virtual que faz parte da família Dias Bike e Dias Moto Peças, que possuem mais de 10 lojas físicas e uma distribuidora atacadista, atuando no mercado de ciclismo a mais de 30 anos. A empresa comercializa bicicletas prontas, peças e acessórios para bicicletas em geral, tudo a sua disposição e com a comodidade de receber o produto em sua casa em qualquer lugar do Brasil com toda garantia de entrega e a certeza de sua satisfação.</p><p><br></p><p>KOG</p><p><br></p><p>A KOG é uma marca da Dias Bike, baseada em toda a experiencia acumulada ao longo de mais de 30 anos no mercado de ciclismo e motocicletas. A experiencia nos permitiu desenvolver bicicletas que com um ótimo custo benefício, tanto para pedais urbanos para te levar a todos os lugares, como também bicicletas prontas para encarar os mais diversos obstáculos em uma trilha. A KOG foi pensada e desenvolvida especialmente para quem está iniciando no Mountain Bike e conciliando conforto e desempenho.</p><p><br></p><p><br></p><p>**Bike Indicada para Uso Urbano**</p><p><br></p><p><br></p><p>COMPONENTES DA BIKE</p><p><br></p><p>Quadro aro 29 Alumínio</p><p>Suspensão de 80mm de Cursor </p><p>Aros Aeros para Disco Folha Dupla em Alumínio</p><p>Raios Zincados na cor Preto</p><p>Pneus Aro 29 Com Arame</p><p>Camara de Ar Aro 29</p><p>Jogo Direção Ahead Set</p><p>Suporte Do guidão 31.8 em Alumínio</p><p>Guidão 31.8 MTB em Alumínio</p><p>Canote do Selim MTB em Alumínio</p><p>Pedal MTB Plataforma</p><p>Arruela Calço para Ahead Set (1cm)</p><p>Manopla MTB com Ótimo grip</p><p>Abraçadeira do Selim com Blocagem</p><p>Selim MTB</p><p>Disco de Freio De 160mm com 6 Parafusos</p><p>Freio a Disco Hidráulico Com Pinças e Pastilhas</p><p><br></p><p>RELAÇÃO (TRANSMISSÃO DA BIKE)</p><p><br></p><p>Roda Livre Indexada de 8v</p><p>Roda Tripla Pedivela em Aço Reforçado</p><p>Trocador Indexado Semi Automático Rapid Fire de 3x8v</p><p>Cambio Dianteiro 3V Shimano Tourney</p><p>Cambio Traseiro 8V Shimano Tourney</p><p>Cubos Para Roda Livre</p><p>Corrente indexada de 8v</p><p>Jogo de Centro 122.5 Selado Rolamentado</p>","{""cor"":""Rosa, Preto"",""marca"":""Shimano""}",,"Rosa, Preto",Shimano,,,,,,,,,,,,,,,,,,29,Não informado,KOG,Não informado,Feminina,Mountain Bike,Alumínio,Não informado,29,24,80mm de Cursor,Não informado,Não informado,Não informado,Não informado,Urbano,Não informado,Não informado,Não informado,Disco Hidráulico,KOG,"[Rosa, Preto]",Aro 29,,24 Marchas,Dianteira,,Freio a Disco,Alumínio,,Feminino,Mountain Bike,
diasbike||15825846846,Bicicleta,Bicicleta Aluminio Aro 29 Alfameq 24 Marcha Freio Hidráulico,"BICICLETA ARO 29 ALFAMEQ TIRRENO 24v FREIO HIDRÁULICO<br> <br>COMPONENTES DA BIKE<br>- Quadro aro 29 Alumínio Alfameq Tirreno<br>- Suspensão de 80mm de Cursor<br>- Aros Aeros para Disco Folha Dupla<br>- Raios Zincados<br>- Pneus Aro 29 Com Arame<br>- Camara de Ar Aro 29t<br>- Jogo Direção Ahead Set<br>- Suporte Do guidão 31.8 Importado<br>- Guidão 31.8 MTB Importado<br>- Canote do Selim MTB Importado<br>- Pedal MTB Plataforma<br>- Arruela Calço para Ahead Set (1cm)<br>- Manopla MTB Comum<br>- Abraçadeira do Selim com Blocagem<br>- Selim MTB Básico<br>- Disco de Freio De 160mm Parafusos<br>- Freio a Disco Hidráulico Com Pinças e Pastilhas<br> <br>RELAÇÃO (TRANSMISSÃO DA BIKE)<br>- Roda Livre Indexada de 8v<br>- Roda Tripla De Aço Encapado Reforçada<br>- Trocador Indexado Semi Automático Rapid Fire de 8v<br>- Cambio Dianteiro Indexado MTB 8v<br> - Cambio Traseiro Indexado MTB 8v<br>- Cubos Para RODA LIVRE<br> - Corrente indexada de 8v<br> - Jogo de Centro 122.5<br> <br> <br> <br>- Imagens da bicicleta são meramente ilustrativas.<br>- Algumas peças da bicicleta podem sofrer variações de cor e de modelo de acordo com o lote de importação.<br>- A Dias Bike não se responsabiliza por recolhimento obrigatório de impostos ICMS por st cobrado em alguns estados.<br>-Caso não haja alguém para receber o pedido no local de entrega, após as tentativas de entrega da transportadora, o frete do reenvio será de responsabilidade do comprador.<br>-Preço no site são exclusivos para venda online da loja virtual DIAS BIKE, os preços praticados em cada loja podem haver diferença entre os mesmos.<br>- Para as compras de bicicletas, as mesmas serão enviadas lubrificadas e pré-montadas, em função do transporte, a roda dianteira, guidão, selim e pedais são enviados soltos para encaixe.<br>- A garantia não Cobre Defeitos por Mau uso ou Pela Montagem Inadequada do Produto. A Montagem requer conhecimentos em mecânica e manutenção em bicicletas, por isso recomendamos que a montagem das Bicicletas seja feita por Profissionais do ramo em Oficina Especializada.<br>- Algumas Peças podem necessitar de regulagem ou alinhamento.<br>- A montagem, Regulagem e Alinhamento é por conta do comprador.<br>- A Garantia só será validada mediante a comprovação da montagem por um especialista, válida somente para o Primeiro proprietário.","{""cor"":""Preto, Vermelho"",""marca"":""Alfameq""}",,"Preto, Vermelho",Alfameq,,,,,,,,,,,,,,,,,,29,Não informado,Alfameq,Não informado,Não informado,Não informado,Alumínio,Tirreno,29,24,80mm de Cursor,Não informado,Não informado,Não informado,Não informado,Não informado,Não informado,Não informado,Não informado,Hidráulico,Alfameq,Preto,Aro 29,,24 Marchas,Dianteira,,Freio a Disco,Alumínio,,,Mountain Bike,
bananabit||14989747018,Bicicleta,"Bicicleta 21V Dropp Sport Aço Garfo Rigido Tamanho 17"" Branco/Preto - Banana Bit","DESCRIÇÃO<br>Dropp Sport é nossa Mountain Bike com quadro em aço carbono, além de ter um ótimo custo benefício o quadro é super resistente. Possui 21 combinações de marchas com trocadores Revoshift que facilitam as trocas para os iniciantes, fechando o conjunto com freios a disco para maior segurança do ciclista.<br> <br>Características:<br> <br><br><br><br><br>QUADRO<br><br><br>29"" Aço Carbono<br><br><br><br><br>SUSPENSÃO<br><br><br>Garfo Rígido de Aço Carbono<br><br><br><br><br>CAIXA DE DIREÇÃO<br><br><br>Oversize/Standard<br><br><br><br><br>GUIDÃO<br><br><br>Curso em Aço<br><br><br><br><br>MESA<br><br><br>Aço Carbono - Standard<br><br><br><br><br>MANOPLAS<br><br><br>Borracha Flexível<br><br><br><br><br>TROCADORES<br><br><br>Revoshift<br><br><br><br><br>FREIOS<br><br><br>Mecânico com disco de 160mm<br><br><br><br><br>CÂMBIO DIANTEIRO<br><br><br>Importado 3v Indexado<br><br><br><br><br>CÂMBIO TRASEIRO<br><br><br>Importado de 7v Indexado<br><br><br><br><br>PEDIVELA<br><br><br>Triplo em Aço Indexado<br><br><br><br><br>PEDAL<br><br><br>Plataforma em Nylon<br><br><br><br><br>CORRENTE<br><br><br>7v Indexada<br><br><br><br><br>RODA LIVRE / K7<br><br><br>7 Velocidades Roda livre<br><br><br><br><br>CANOTE DE SELIM<br><br><br>Aço Carbono<br><br><br><br><br>SELIM<br><br><br>PU<br> <br><br><br><br><br>RODAS<br><br><br>Rodas Race de Parede Dupla<br> <br><br><br><br><br>PNEU<br><br><br>MTB 29""<br><br><br><br><br> <br> <br><br> <br> <br> <br> <br> <br> <br> <br> <br> <br> <br> <br> <br> <br> <br> <br> <br> <br> <br> <br> <br>OBSERVAÇÕES:<br> <br>- Imagens Ilustrativas. Pode haver alguma diferença de tonalidade entre a imagem e o produto real, por conta do tratamento de imagens e a calibração de cores do seu monitor ou celular!<br>- As fotos do anúncio são feitas com quadros do tamanho 17''.<br>- A geometria do quadro (desenho) pode mudar conforme o tamanho escolhido alterando a inclinação do tubo superior quando quadro é 21'' deixando-o mais reto.<br>- Imagens meramente ilustrativas, podendo ter variação de peças de acordo com nosso estoque, sempre com qualidade igual ou superior!<br>- Enviamos a bicicleta pré-montada, devidamente embalada, para melhor se acomodar na embalagem de transporte são retirados apenas: selim, pedais, guidão e roda dianteira.<br>","{""marca"":""Dropp""}",,,Dropp,,,,,,,,,,,,,,,,,,29,BrancoPreto,Banana Bit,17,Não informado,Mountain Bike,Aço Carbono,Dropp Sport,29,21,Garfo Rígido,Não informado,Não informado,Não informado,Não informado,Não informado,Não informado,Não informado,Não informado,Disco,Dropp,"[Branco, Preto]",Aro 29,"17""",21 Marchas,,,Freio a Disco,Aço Carbono,,,Mountain Bike,
diasbike||22592,Bicicleta,Bike Aro 29 Kog 21v Absolute KSW GTA Shimano Freio Disco,"Dias Bike<br> <br>Bem vindo a Dias Bike! A Dias Bike é uma loja física e virtual que faz parte da família Dias Bike e Dias Moto Peças, que possuem mais de 10 lojas físicas e uma distribuidora atacadista, atuando no mercado de ciclismo a mais de 30 anos. A empresa comercializa bicicletas prontas, peças e acessórios para bicicletas em geral, tudo a sua disposição e com a comodidade de receber o produto em sua casa em qualquer lugar do Brasil com toda garantia de entrega e a certeza de sua satisfação.<br> <br>KOG<br> <br>A KOG é uma marca da Dias Bike, baseada em toda a experiencia acumulada ao longo de mais de 30 anos no mercado de ciclismo e motocicletas. A experiencia nos permitiu desenvolver bicicletas que com um ótimo custo benefício, tanto para pedais urbanos para te levar a todos os lugares, como também bicicletas prontas para encarar os mais diversos obstáculos em uma trilha. A KOG foi pensada e desenvolvida especialmente para quem está iniciando no Mountain Bike e conciliando conforto e desempenho.<br> <br> <br>**Bike Indicada para Uso Urbano**<br> <br>FICHA TECNICA<br> <br>- Quadro aro 29 Alumínio<br>- Suspensão de 80mm de Cursor <br>- Aros Aeros para Disco Folha Dupla em Alumínio<br>- Raios Zincados na cor Preto<br>- Pneus Aro 29 Com Arame<br>- Camara de Ar Aro 29<br>- Jogo Direção Ahead Set<br>- Suporte Do guidão 31.8 em Alumínio<br>- Guidão 31.8 MTB em Alumínio<br>- Canote do Selim MTB em Alumínio<br>- Pedal MTB Plataforma<br>- Arruela Calço para Ahead Set (1cm)<br>- Manopla MTB com ótimo grip<br>- Abraçadeira do Selim com Blocagem<br>- Selim MTB<br>- Disco de Freio De 160mm com 6 Parafusos<br>- Freio a Disco Mecânico Com Pinças e Pastilhas<br> <br>RELAÇÃO (TRANSMISSÃO DA BIKE)<br> <br>- Roda Livre Indexada de 7v<br>- Roda Tripla De Aço Encapado Reforçada<br>- Trocador Indexado Semi Automático Rapid Fire de 7v<br>- Cambio Dianteiro Shimano Tourney 3v<br>- Cambio Traseiro Shimano Tourney 7v<br>- Cubos Para Roda Livre<br>- Corrente indexada de 7v<br>- Jogo de Centro 122.5 Selado Rolamentado","{""cor"":""Preto, Amarelo"",""marca"":""KOG"",""tamanho_do_quadro"":""15"",""tipo"":""Mountain Bike""}",,"Preto, Amarelo",KOG,15,,Mountain Bike,,,,,,,,,,,,,,,29,Não informado,KOG,Não informado,Não informado,Mountain Bike,Alumínio,KSW GTA,29,21,80mm de Cursor,Não informado,Não informado,Não informado,Não informado,Urbana,Não informado,Não informado,Não informado,Disco Mecânico,KOG,"[Preto, Amarelo]",Aro 29,"15""",21 Marchas,Dianteira,,Freio a Disco,Alumínio,,,Mountain Bike,
potencialbikes||cf43pvd15,Bicicleta,Bicicleta Aro 29 Cripto 27v Alivio Freio Hidraulico Trava k7,"<p>Bicicleta para quem desejar fazer uma trilha e quer contar com equipamentos sofisticados.<br><br><br><br>QUADRO : 29"" Alumínio 6061<br><br>SUSPENSÃO : Cursor de 100mm com Trava GUIDÃO<br><br>CAIXA DE DIREÇÃO : Semi Integrada<br><br>GUIDÃO : Reto ou Curvo em Alumínio 6061<br><br>MESA : 80mm em Alumínio 6061<br><br>MANOPLAS : Borracha Flexível<br><br>TROCADORES : Importado 3 / 9v<br><br>FREIOS : Hidraulico a Disco de 160mm<br><br>CÂMBIO TRASEIRO : Shimano Alivio 9v<br><br>CÂMBIO DIANTEIRO : Shimano Altus 3v<br><br>PEDIVELA : Alumino 42/34/24D<br><br>PEDAL : Plataforma<br><br>CORRENTE : Indexada de 9v<br><br>Catraca: Cassete/k7 de 9 Velocidades<br><br>CANOTE DE SELIM : 27.2mm em Alumínio 6061<br><br>SELIM : PU com trilho de regulagem<br><br>Aros : Race de Parede Dupla<br><br>PNEU : MTB 29 Cravo<br><br><br><br><br><br>OBSERVAÇÕES:<br><br><br><br>- Imagens Ilustrativas. Pode haver alguma diferença de tonalidade entre a imagem e o produto real, por conta do tratamento de imagens e a calibração de cores do seu monitor ou celular!<br><br>- As fotos do anúncio são feitas com quadros do tamanho 17.<br><br>- A geometria do quadro (desenho) pode mudar conforme o tamanho escolhido alterando a inclinação do tubo superior quando quadro é 21 deixando-o mais reto.<br><br>- Imagens meramente ilustrativas, podendo ter variação de peças de acordo com nosso estoque, sempre com qualidade igual ou superior!<br><br>- Enviamos a bicicleta pré-montada, devidamente embalada, para melhor se acomodar na embalagem de transporte são retirados apenas: selim, pedais, guidão e roda dianteira.<br><br>- NÃO COBRE DEFEITOS POR MAU USO OU PELA MONTAGEM / REVISÃO INADEQUADA DO PRODUTO.<br><br>- A garantia será validada para as bicicletas montadas e revisadas por uma oficina especializada e é referente apenas ao primeiro proprietário.<br><br>- A garantia não se aplica para os itens de desgaste natural, tais como: Pneu, câmaras, cabos, sapatas de freio, centragem de aros, pintura do quadro, componentes da transmissão (corrente, engrenagens do pé de vela, engrenagens do cassete)</p>","{""cor"":""Preto, Verde"",""tamanho_do_quadro"":""15""}",,"Preto, Verde",,15,,,,,,,,,,,,,,,,,29,Não informado,Não informado,Não informado,Não informado,Não informado,Alumínio,Cripto,Não informado,27,Cursor de 100mm com Trava,Trava k7,Não informado,Não informado,Não informado,Não informado,Não informado,Não informado,Não informado,Hidraulico,Cripto,"[Preto, Verde]",Aro 29,"15""",27 Marchas,Dianteira,,Freio a Disco,Alumínio,,,Mountain Bike,
gtsm1bicicletas||4893,Bicicleta,Bicicleta GTS Aro 29 Freio a Disco Câmbio Traseiro Shimano 24 Marchas e Amortecedor GTS M1 Ride,"Bicicleta GTS Aro 29 Freio a Disco Câmbio Traseiro Shimano 24 Marchas e Amortecedor | GTS M1 Ride<p>Bicicleta GTSM1 Ride é ideal para quem quer começar a pedalar, realizar passeios e utilizar no dia-a-dia. São 4 tipos de tamanhos de quadro e cores para você escolher, o peso total da bike é de 15kg montada. A Bike é direta da Fábrica Oficial com mais de 23 anos no mercado e garantia exclusiva com suporte diferenciado. Suporta até 100kgs.</p>sistema de marchas<p>sistema de marchas da bicicleta é um dos mais importantes componentes, é como se fosse o “coração” da sua bike. câmbios shimano tem alta durabilidade e qualidade de sobra, ajudando você a ter alta performance em sua bike, veja do que é composto:</p><ul><li><span>*</span> CÂMBIO TRASEIRO SHIMANO TZ</li><li><span>*</span> CÂMBIO DIANTEIRO GTS DUAL SIS</li><li><span>*</span> ENGRENAGEM STEEL IMP. AÇO 28/38/48</li><li><span>*</span> RODA LIVRE INDEX 8V IMP. 13-28</li><li><span>* </span>TROCADOR RAPID FIRE 24V. IMP.</li><li><span>*</span> CORRENTE IMP.</li></ul>suspensão / guidão<p>o guidão dessa bike por padrão é de alumínio curvo, porém nada impede de fazermos a troca por um guidão reto, confira mais detalhes:</p><ul><li><span>* </span>GARFO SUSPENSÃO WALK 60MM SEM TRAVA (PACO)</li><li><span>* </span>GUIDÃO MTB ALUMÍNIO</li><li><span>* </span>AVANÇO GTSM1 ALUMÍNIO STROLL</li><li><span>* </span>DIREÇÃO GTSM1 INTEGRADA</li><li><span>* </span>SPACER AHED 10MM </li><li><span>* </span>MANOPLA BORRACHA</li></ul>rodas e componentes<p>Um dos aros mais procurados hoje em dia é o 29, que é um dos mais utilizados em nossas bikes mas é preciso se atentar se realmente a bike possui um aro bom e com componentes que correspondam a grandes impactos e atritos. confira mais detalhes:</p><ul><li><span>* </span>ARO DE ALUMÍNIO 29/36 FUROS</li><li><span>* </span>RAIO PRETO FINO </li><li><span>* </span>PNEU 29 X 1.95 IMP.</li><li><span>* </span>CAMARA 29 IMP.</li><li><span>* </span>CUBO DISK AÇO</li></ul><ul><li>Selim e pedal<ul><li><span>* </span>SELIM IMP.</li><li><span>* </span>CANOTE TRADICIONAL 26.8 ALUMÍNIO</li><li><span>* </span>ABRAÇADEIRA PARA SELIM (IMP) MTB COM BLOCAGEM</li><li><span>* </span>PEDAL (IMP) PLATAFORMA NYLON</li></ul>Freio<p>O freio a disco mecânico é de alta qualidade compatível com qualquer cubo com suporte de disco. </p><ul><li><span>* </span>FREIO A DISCO MECÂNICO IMP. COM DISCO DE 160MM</li></ul></li><li>Quadro<ul><li><span>* </span>QUADRO RIDE ALUMÍNIO 6061</li><li><span>* </span>ADESIVOS EM VINIL</li><li><span>* </span>CENTRO COM ROLAMENTO 122MM</li><li><span>* </span>GARANTIA DE 1 ANO</li></ul>Bikes para quais objetivos?<ul><li> <span>* </span>USO URBANO</li></ul></li></ul>bike pré-montada<p>A BICICLETA SEGUE MONTADA E REVISADA, MAS POR MOTIVO DE ACOMODAÇÃO NA EMBALAGEM PARA TRANSPORTE SÃO RETIRADOS: SELIM, PEDAIS, GUIDÃO E RODA DIANTEIRA. A INSTALAÇÃO É DE RESPONSABILIDADE DO CLIENTE. POR MOTIVO DE TRANSPORTE / MANUSEIO, PODE SER NECESSÁRIO EFETUAR NOVA REGULAGEM DE CÂMBIO AO RECEBER O PRODUTO. A GTSM1 NÃO SE RESPONSABILIZA PELA REVISÃO FINAL DA BICICLETA, SUGERINDO QUE SEJA EFETUADA POR UMA OFICINA ESPECIALIZADA.</p>","{""aro"":""29\"""",""marca"":""Shimano"",""tamanho_do_quadro"":""21""}","29""",,Shimano,21,,,,,,,,,,,,,,,,,29,Não informado,GTS,Não informado,Não informado,Não informado,alumínio,M1 Ride,29,24,Não informado,Não informado,Não informado,Não informado,Não informado,Não informado,Não informado,100kg,Não informado,disco mecânico,GTS M1,Vermelho,Aro 29,,24 Marchas,Dianteira,100kg,Freio a Disco,Alumínio,,,Mountain Bike,
lojanapistapr||MAGALU37075,Bicicleta,Bicicleta Aro 29 Ksw Xlt 21v Cambios Shimano,"<p>Bicicleta montada com o quadro KSW XLT 100 com a configuração de 21 marchas. Bicicleta pronta para você começar no MTB com excelente qualidade, bicicleta já com freios a disco mecânico que vai permitir uma frenagem mais precisa durante a sua pedalada; <br>Kit de 21 velocidades com câmbios Shimano vai oferecer ao ciclista excelente qualidade nas trocas de marchas; bike conta ainda com suspensão dianteira, kit de selim e manopla confortável, oferecendo mais qualidade, conforto e melhor design ao ciclista; <br> <br>Especificações: <br>Quadro KSW XLT 100 <br>Material do Quadro: Alumínio <br>Suspensão: Ahead Set 100mm de Curso Alumínio <br>Alavanca de Câmbio: Rapid Fire 21v <br>Número de Marchas: 21 marchas <br>Câmbio Dianteiro: Shimano Tz <br>Câmbio Traseiro: Shimano Tz <br>Catraca de 7 Velocidades Index <br>Movimento Central: Semi Integrado <br>Pedivela: Triplo Aço <br>Corrente: Fina 7 velocidades <br>Caixa de Direção: Semi Integrado <br>Conjunto de Freio: Disco mecânico com discos de 160mm <br>Pedal: Plataforma Nylon <br>Selim: Confortável <br>Canote do Selim 27.2mm <br>Cubos: Aço 36 Furos <br>Pneu: MTB 29"" <br> <br>Observação: <br>Você receberá a bicicleta com embalagem lacrada, a roda dianteira fora do garfo/suspensão, guidão e canote de selim afrouxado para caberem na caixa. <br>Se você não tem total domínio e ferramentas para executar os ajustes, aconselhamos levar a bike até uma oficina especializada, de modo a obter maior segurança e total desempenho da Bike. <br> <br>Não nos responsabilizamos por montagens, instalações, subir escadas ou transporte por guinchos para apartamentos. Verifique as dimensões do produto e certifique-se que o mesmo passa por portas, corredores e elevadores. Verifique limitações do produto com o fabricante, se seus componentes e funcionalidades atende sua necessidade. <br>Importante: Confira seu produto no ato da entrega.</p>","{""cor"":""Preto, Azul"",""marca"":""KSW"",""tamanho_do_quadro"":""15""}",,"Preto, Azul",KSW,15,,,,,,,,,,,,,,,,,29,Não informado,Ksw,Não informado,Não informado,MTB,Alumínio,Xlt,Não informado,21,Ahead Set 100mm de Curso Alumínio,Não informado,Não informado,Não informado,Não informado,Não informado,Não informado,Não informado,Não informado,Disco mecânico,KSW,Verde,Aro 29,,21 Marchas,Dianteira,,Freio a Disco,Alumínio,,,Mountain Bike,
sportbayoficial||120158.432707,Bicicleta,Bicicleta Feminina Aro 26 Ultra Bikes Bicolor Freio V-Brake,"A Bicicleta Aro 26 Ultra Bikes Feminina Bicolor é a companheira ideal para você que curte pedalar e se aventurar em seus passeios, a Bike lhe proporciona toda a qualidade e segurança da marca, além de possuir um design ergonômico para o seu conforto. Conta com pintura em cores alegres e vibrantes e adesivos estilosos em alto brilho.<br><br>Especificações:<br><br>- Tamanho: Aro 26;<br>- Quadro: 18?<br>- Peso aproximado: 15 kg;<br>- Modelo: Feminino Bicolor;<br>- Quadro e Garfo fabricados em aço carbono;<br>- Aros fabricados em alumínio;<br>- Adesivos em alto brilho;<br>- 18 Marchas;<br>- Câmbio dianteiro: Yamada;<br>- Câmbio traseiro: Yamada;<br>- Tipo de trocador de marchas: Alavanca;<br>- Freios V-Brake;<br>- Altura do chão ao guidão: 100 cm;<br>- Largura do guidão: 60 cm;<br>- Comprimento total: 170 cm;<br>- Comprimento entre rodas: 40 cm;<br>- Altura do chão ao banco (altura mínima): 75 cm;<br>- Raios: Aço 2.0x185mm;<br>- Manopla em pvc shimano simples;<br>- Garfo: Standard rígido;<br>- Movimento central: 4,5 cm;<br>- Caixa de direção: Standard;<br>- Pedais: Plástico com refletor laranja metálico;<br>- Selim: Cairu;<br>- Câmara de AR: KENDA;<br>- Canote do selim: Aço carbono;<br>- Pedivela: Monobloco, 165 mm;<br>- Pneus: 20x1,75;<br>- Coroa dianteira: Tripla 28x38x48 dentes, aço carbono;<br>- Peso máximo suportado (recomendado pelo fabricante): Até 95 kg;<br>- Marca: Ultra Bikes;<br>- Importado Por: Pro Tork.<br> <br>MONTAGEM:<br><br>- Enviamos a bicicleta pré-montada, revisada e devidamente embalada, para melhor acomodar-se na embalagem de transporte, os seguintes itens são encaminhados desmontados na caixa: selim, pedais, guidão, roda dianteira e roda traseira. Lembrando que se faz necessário a regulagem de câmbios e freios após a montagem do produto, a instalação dessas peças é de total responsabilidade do cliente. Não nos responsabilizamos por defeitos causados pela montagem inadequada do produto. Recomendamos que seja feita por uma oficina especializada.","{""aro"":""26\"""",""tamanho_do_quadro"":""26""}","26""",,,26,,,,,,,,,,,,,,,,,26,Bicolor,Ultra Bikes,18,Feminina,Não informado,aço carbono,Bicolor,Não informado,18,rígido,Não informado,Não informado,Não informado,Não informado,Não informado,Não informado,95 kg,Não informado,V-Brake,Ultra Bikes,"[Branco, Azul]",Aro 26,"18""",18 Marchas,,95kg,Freio V-Brake,Aço Carbono,,,Passeio,
potencialbikes||k9preto21,Bicicleta,Bicicleta Aro 29 Ksw 24 Vel Shimano Freio Hidraulico/Trava,"<p>Bicicleta ideal para uso urbano e trilhas leves.</p><p><br></p><p><br></p><p>QUADRO : 29"" Alumínio 6061</p><p><br></p><p>SUSPENSÃO : Cursor de 80mm com trava</p><p><br></p><p>CAIXA DE DIREÇÃO : Semi Integrada</p><p><br></p><p>GUIDÃO : Reto ou Curvo em Alumínio 6061</p><p><br></p><p>MESA : 80mm em Alumínio 6061</p><p><br></p><p>MANOPLAS : Borracha Flexível</p><p><br></p><p>TROCADORES : Importado 3 / 8v</p><p><br></p><p>FREIOS : Hidraulico a Disco de 160mm</p><p><br></p><p>CÂMBIO DIANTEIRO : Shimano Tourney</p><p><br></p><p>CÂMBIO TRASEIRO : Shimano Tourney</p><p><br></p><p>PEDIVELA : Aço Carbono Revestido</p><p><br></p><p>PEDAL : Plataforma em Nylon</p><p><br></p><p>CORRENTE : Indexada de 8v</p><p><br></p><p>Catraca: Roda Livre de 8 Velocidades</p><p><br></p><p>CANOTE DE SELIM : 27.2mm em Alumínio 6061</p><p><br></p><p>SELIM : PU com trilho de regulagem</p><p><br></p><p>Aros : Race de Parede Dupla</p><p><br></p><p>PNEU : MTB 29 Cravo</p><p><br></p><p><br></p><p><br></p><p>OBSERVAÇÕES:</p><p><br></p><p><br></p><p>Imagens Ilustrativas. Pode haver alguma diferença de tonalidade entre a imagem e o produto real, por conta do tratamento de imagens e a calibração de cores do seu monitor ou celular!</p><p><br></p><p>As fotos do anúncio são feitas com quadros do tamanho 17.</p><p><br></p><p>A geometria do quadro (desenho) pode mudar conforme o tamanho escolhido alterando a inclinação do tubo superior quando quadro é 21 deixando-o mais reto.</p><p><br></p><p>Imagens meramente ilustrativas, podendo ter variação de peças de acordo com nosso estoque, sempre com qualidade igual ou superior!</p><p><br></p><p>Enviamos a bicicleta pré-montada, devidamente embalada, para melhor se acomodar na embalagem de transporte são retirados apenas: selim, pedais, guidão e roda dianteira.</p><p><br></p><p>NÃO COBRE DEFEITOS POR MAU USO OU PELA MONTAGEM / REVISÃO INADEQUADA DO PRODUTO.</p><p><br></p><p>A garantia será validada para as bicicletas montadas e revisadas por uma oficina especializada e é referente apenas ao primeiro proprietário.</p><p><br></p><p>A garantia não se aplica para os itens de desgaste natural, tais como: Pneu, câmaras, cabos, sapatas de freio, centragem de aros, pintura do quadro, componentes da transmissão (corrente, engrenagens do pé de vela, engrenagens do cassete)</p>","{""marca"":""KSW""}",,,KSW,,,,,,,,,,,,,,,,,,29,Não informado,Ksw,Não informado,Não informado,Não informado,Alumínio,Não informado,Não informado,24,Cursor,Trava,Não informado,Não informado,Não informado,Urbano e Trilhas Leves,Não informado,Não informado,Não informado,Hidráulico,KSW,"[Preto, Prata]",Aro 29,,24 Marchas,Dianteira,,Freio a Disco,Alumínio,,,Mountain Bike,
bikediasg5||28152,Bicicleta,Bicicleta Aro 29 KOG 24V Cambio Shimano Freio Hidráulico,"Dias Bike<br> <br>Bem vindo a Dias Bike! A Dias Bike é uma loja física e virtual que faz parte da família Dias Bike e Dias Moto Peças, que possuem mais de 10 lojas físicas e uma distribuidora atacadista, atuando no mercado de ciclismo a mais de 30 anos. A empresa comercializa bicicletas prontas, peças e acessórios para bicicletas em geral, tudo a sua disposição e com a comodidade de receber o produto em sua casa em qualquer lugar do Brasil com toda garantia de entrega e a certeza de sua satisfação.<br> <br>KOG<br> <br>A KOG é uma marca da Dias Bike, baseada em toda a experiencia acumulada ao longo de mais de 30 anos no mercado de ciclismo e motocicletas. A experiencia nos permitiu desenvolver bicicletas que com um ótimo custo benefício, tanto para pedais urbanos para te levar a todos os lugares, como também bicicletas prontas para encarar os mais diversos obstáculos em uma trilha. A KOG foi pensada e desenvolvida especialmente para quem está iniciando no Mountain Bike e conciliando conforto e desempenho.<br> <br> <br>**Bike Indicada para Uso Urbano**<br> <br> <br>COMPONENTES DA BIKE<br> <br>- Quadro aro 29 Alumínio<br>- Suspensão de 80mm de Cursor <br>- Aros Aeros para Disco Folha Dupla em Alumínio<br>- Raios Zincados na cor Preto<br>- Pneus Aro 29 Com Arame<br>- Camara de Ar Aro 29<br>- Jogo Direção Ahead Set<br>- Suporte Do guidão 31.8 em Alumínio<br>- Guidão 31.8 MTB em Alumínio<br>- Canote do Selim MTB em Alumínio<br>- Pedal MTB Plataforma<br>- Arruela Calço para Ahead Set (1cm)<br>- Manopla MTB com Ótimo grip<br>- Abraçadeira do Selim com Blocagem<br>- Selim MTB<br>- Disco de Freio De 160mm com 6 Parafusos<br>- Freio a Disco Hidráulico Com Pinças e Pastilhas<br> <br>RELAÇÃO (TRANSMISSÃO DA BIKE)<br> <br>- Roda Livre Indexada de 8v<br>- Roda Tripla Pedivela em Aço Reforçado<br>- Trocador Indexado Semi Automático Rapid Fire de 3x8v<br>- Cambio Dianteiro 3V Shimano Tourney<br>- Cambio Traseiro 8V Shimano Tourney<br>- Cubos Para Roda Livre<br>- Corrente indexada de 8v<br>- Jogo de Centro 122.5 Selado Rolamentado","{""cor"":""Verde, Preto"",""tamanho_do_quadro"":""15""}",,"Verde, Preto",,15,,,,,,,,,,,,,,,,,29,Não informado,KOG,Não informado,Não informado,Mountain Bike,Alumínio,Não informado,29,24,80mm,Freio Hidráulico,Não informado,Não informado,Não informado,Urbana,Não informado,Não informado,Não informado,Disco Hidráulico,KOG,"[Verde, Preto]",Aro 29,"15""",24 Marchas,Dianteira,,Freio a Disco,Alumínio,,,Mountain Bike,
krwbikes||tcsx55-pto-azl-21,Bicicleta,Bicicleta Aro 29 KRW Traction Alumínio 27 Vel Freio a Disco Hidráulico com Trava SX55,"<p>A bicicleta KRW Traction SX55 foi desenvolvida para quem quer realizar um passeio e pegar trilhas leves. Possuí o quadro em alumínio 6061, fornecendo segurança e leveza no seu pedal, além de design moderno e exclusivo Possuí também freio hidráulico e suspensão com trava no ombro, que oferece uma maior segurança. Possuí diversas cores que garante um estilo próprio para você.</p><p>Quadro em alumínio 6061.</p><p>Freio Hidráulico</p><p>Abraçadeira alumínio de selim 31,8mm com blocagem</p><p>Alavancas de câmbio rapid-fire 9 velocidades</p><p>Aro aéro 29 parede dupla</p><p>Caixa de direção semi-integrado</p><p>Câmbio dianteiro Importado</p><p>Cambio traseiro Importado SUNRUN</p><p>Câmera de ar 29</p><p>Pedivela coroa triplo alumínio</p><p>Canote de selim 27.2mm com carrinho</p><p>Corrente index 9 velocidades</p><p>Cubo alumínio cassete com blocágem</p><p>Espaçador alumínio 10 mm</p><p>Garfo suspensão 29 com Trava</p><p>Guidão alumínio 31.8 mm reto</p><p>Mesa alumínio 31.8 mm</p><p>Kit cabo com conduiter com teflonn</p><p>Movimento central rolamentado 122mm</p><p>Pedal plataforma com refletor</p><p>Pneu 29</p><p>Raio 285x2.0mm aço preto</p><p>Cassete 9 velocidades index</p><p>Selim mtb.</p><p>OBS: IMAGEM MERAMENTE ILUSTRATIVA, BIKE VAI CONFORME DESCRIÇÃO</p><p>RECOMENDAÇÃO DE TAMANHOS</p><p>Altura do ciclista: 1,55 até 1,65m Tamanho de quadro 15.5""</p><p>Altura do ciclista: 1,65 até 1,75m Tamanho de quadro 17""</p><p>Altura do ciclista: 1,75 até 1,82m Tamanho de quadro 19""</p><p>Altura do ciclista: 1,82 até 1,90m ou mais Tamanho de quadro 21""</p><p>MONTAGEM</p><p>A bicicleta é montada, porém, para acomodação na embalagem e transporte, algumas peças são enviadas desmontadas.</p><p>A montagem é de responsabilidade do cliente e é necessário efetuar regulagem de câmbio ao receber o produto.</p><p>GARANTIA:</p><p>NÃO COBRE DEFEITOS POR MAU USO OU PELA MONTAGEM / REVISÃO INADEQUADA DO PRODUTO.</p><p>A garantia será validada para as montadas e revisadas por uma oficina especializada e é referente apenas ao primeiro proprietário.</p><p>A garantia não se aplica para os itens de desgaste natural, tais como: Pneu, câmaras, cabos, pastilhas de freio, centragem de aros, pintura</p><p>do quadro, componentes da transmissão (corrente, engrenagens do pedivela, engrenagens do cassete ou roda livre ).</p><p>Obs:Até 4 dias para montar e despachar </p>","{""aro"":""29\"""",""tamanho_do_quadro"":""21""}","29""",,,21,,,,,,,,,,,,,,,,,29,Não informado,KRW,155,Não informado,Não informado,Alumínio,Traction SX55,29,27,Com Trava,Freio a Disco Hidráulico,Não informado,Não informado,Não informado,Não informado,Não informado,Não informado,Não informado,Disco Hidráulico,KRW,"[Preto, Azul]",Aro 29,"21""",27 Marchas,Dianteira,,Freio a Disco,Alumínio,,,Mountain Bike,
bikediasg5||22172,Bicicleta,Bicicleta Infantil Feminina Aro 20 KOG com Cestinha,"Uma bicicleta infantil da marca KOG não é apenas divertida, mas também oferece muitos benefícios para a saúde e desenvolvimento das crianças. Além de incentivar a prática do ciclismo desde cedo, a bicicleta ajuda a desenvolver a coordenação motora e equilíbrio das crianças. Pedalar regularmente também ajuda a melhorar a saúde cardiovascular, aumentar a resistência física e fortalecer os músculos. Com uma bicicleta infantil KOG, as crianças podem se divertir ao mesmo tempo em que se mantém ativas e saudáveis.<br> <br>CARACTERÍSTICAS<br> <br><br>Gênero: Feminina<br>Modalidade: Passeio e Lazer<br>Aro: 20<br>Marchas: Sem marcha<br>Garfo: Garfo Rígido em Aço Carbono<br>Marca: KOG<br>Idade Recomendada: 6 a 11 anos<br>Freios V-Brake<br>Aro 20<br>Peso Suportado: Aprox.: 70 KG<br>Quadro: Aço Carbono<br>Aro: Alumínio<br><br> <br>KOG<br> <br>A KOG é uma marca da Dias Bike, que acumula mais de 30 anos de experiência no mercado de ciclismo e motocicletas. Com um ótimo custo-benefício, a KOG desenvolve bicicletas ideais tanto para pedais urbanos quanto para trilhas. Conforto e desempenho são conciliados especialmente para iniciantes no Mountain Bike. A Dias Bike faz parte da família Dias Bike e Dias Moto Peças, com mais de 10 lojas físicas e uma distribuidora atacadista, comercializando bicicletas, peças e acessórios para todo o Brasil com garantia de entrega e satisfação do cliente.","{""aro_de_roda"":""20\"""",""cor"":""Rosa"",""genero"":""Feminino"",""tipo"":""Mountain Bike""}",,Rosa,,,Feminino,Mountain Bike,,,"20""",,,,,,,,,,,,20,Não informado,KOG,Não informado,Feminino,Infantil,Aço Carbono,Não informado,Alumínio,Sem marcha,Rígido,Cestinha,Não informado,Não informado,Não informado,Passeio e Lazer,Não informado,70 KG,Não informado,V-Brake,KOG,"[Rosa, Branco]",Aro 20,,,,70kg,Freio V-Brake,Aço Carbono,,Feminino,Passeio,
flexbikes2||26415-26551,Bicicleta,Bicicleta Infantil Feminina Aro 20 Aero + Kit Passeio,"A Bicicleta Infantil Feminina Aro 20 FlexBikes Aero destaca-se pela sua beleza e qualidade. Com design moderno e diversas combinações de cores, é ideal para as meninas se divertirem muito, com conforto e segurança. Recomendada para crianças de 5 a 7 anos, pesando até 38 kg.<br><br>Conta com itens de segurança certificados pelo Inmetro, com banco (selim) confortável, protetor de coroa e freios v-brake de alta frenagem, além do aro aero que proporciona dupla resistência às rodas.<br><br>Possui rodinhas laterais para auxiliar na fase de aprendizagem, e a opção de utilizar o descanso lateral (pézinho) que também acompanha o produto.<br><br><br>Acessórios<br><br>Confira os acessórios inclusos no Kit Passeio:<br><br>- 01 Garrafinha de água<br>Garrafa 250 ml de plástico com suporte.<br><br>- 01 Buzina<br>Buzina de plástico que emite som ao apertar.<br><br>- 01 Retrovisor<br>Retrovisor de plástico com espelho.<br><br><br>Detalhes modelo Aro 20 - Aero<br><br>Esse modelo tem a estrutura super firme, com quadro, garfo e guidão em aço. Possui aros aero coloridos, que agregam estilo e dupla resistência às rodas. Além disso, os componentes possuem cores chamativas, que tornam a bike aero tão bonita e diferente.<br><br><br>Montagem<br><br>A bicicleta é enviada de forma pré-montada devido a acomodação na caixa para transporte. Os seguintes itens serão desencaixados: guidão, pedais, rodas dianteira e traseira, cesta e rodinhas laterais.<br><br>A montagem e revisão final são responsabilidade do comprador, e recomendamos que seja realizada por um profissional especializado para garantir a segurança e desempenho do usuário.<br><br><br>Guia de tamanho<br><br>Para escolher o tamanho ideal, é preciso medir a altura do cavalo e levar em consideração o peso da criança. A altura do cavalo é a distância em cm da região que vai apoiada no banco da bicicleta (virilha) até a sola dos pés.<br><br>Com uma fita métrica, tire essa medida por dentro da perninha da criança e compare com as recomendações abaixo:<br><br>Aro 16 - crianças com altura do cavalo de 53 cm à 63,5 cm - pesando até 25 kg<br>Aro 20 - crianças com altura do cavalo de 58 cm à 70 cm - pesando até 38 kg<br>Aro 24 - crianças com altura do cavalo de 68 cm à 80 cm - pesando até 56 kg<br><br>As medidas acima auxiliam a saber se a criança vai conseguir pôr os pés no chão e se a bicicleta é compatível com ela.<br><br>Obs: caso fique entre dois tamanhos de aro, considere se a medida do cavalo ou peso da criança estão muito próximos do limite, nesse caso escolha o tamanho maior.<br><br><br>Detalhes da compra<br><br>- Imagens meramente ilustrativas.<br>- Devido a calibração de cores do seu monitor ou aparelho celular, pode haver diferença de tonalidade entre as imagens e o produto real.<br>- Os componentes da bicicleta e acessórios poderão sofrer alterações de modelo e cor conforme disponibilidade de estoque e fabricação, sem aviso prévio.","{""cor"":""Rosa"",""tipo"":""Passeio""}",,Rosa,,,,Passeio,,,,,,,,,,,,,,,20,Não informado,FlexBikes,Não informado,Feminino,Infantil,Aço,Aero,Aero,Não informado,Não informado,"Rodinhas laterais, descanso lateral pézinho, banco selim confortável, protetor de coroa, freios v-brake",Não informado,Não informado,Não informado,Passeio,Não informado,38 kg,Kit Passeio,V-brake,FlexBikes,Rosa,Aro 20,,,,38kg,Freio V-Brake,Aço,,Feminino,Passeio,
f2comercioltda||KSWXLT100291721001BIPAPT-794,Bicicleta,"Bicicleta Aro 29 Ksw Alumínio 21 Vel Freio A Disco Preto, Azul e Prata Tamanho 17","<p>A KSW é uma bicicleta Aro 29 com freio a disco desenvolvida para passeios e um bom começo nas primeiras trilhas da categoria MTB</p><p><br></p><p>Quadro em alumínio 6061</p><p>Abraçadeira alumínio de selim 31,8mm</p><p>Alavancas de câmbio ez-fire 7 velocidades</p><p>Aro aero 29 parede dupla 36f</p><p>Caixa de direção semi integrado</p><p>Câmbio dianteiro Importado</p><p>Câmbio traseiro Importado</p><p>Pedivela aço coroa triplo revestido</p><p>Canote alumínio de selim 27.2mm com carrinho </p><p>Corrente index 7 velocidades</p><p>Cubo com blocagem</p><p>Espaçador alumínio 10 mm</p><p>Garfo suspensão mecânico</p><p>Guidão alumínio 31.8mm reto</p><p>Kit cabo com conduite com teflonn</p><p>Mesa alumínio 31.8mm</p><p>Movimento central rolamentado 122mm</p><p>Pedal em nylon preto</p><p>Pinça de freio a disco com rotor de 160mm</p><p>Pneu 29 cravos</p><p>Raio 290x2.0mm aço preto</p><p>Roda livre de 7 index</p><p>Selim mtb</p><p><br></p><p>OBS: IMAGEM MERAMENTE ILUSTRATIVA, BIKE VAI CONFORME DESCRIÇÃO.</p><p><br></p><p>RECOMENDAÇÃO DE TAMANHOS:</p><p><br></p><p>Altura do ciclista: 1,65 até 1,71m – Tamanho de quadro 15"" á 16""</p><p>Altura do ciclista: 1,72 até 1,76m – Tamanho de quadro 17"" á 18""</p><p>Altura do ciclista: 1,77 até 1,82m – Tamanho de quadro 19""</p><p>Altura do ciclista: 1,83 até 1,90m ou mais – Tamanho de quadro 21""</p><p><br></p><p>MONTAGEM</p><p><br></p><p>A bicicleta é montada e engraxada, porém, para acomodação na embalagem e transporte, algumas peças são enviadas desmontadas.</p><p>A montagem é de responsabilidade do cliente e é necessário efetuar regulagem de câmbio ao receber o produto.</p><p><br></p><p>GARANTIA:</p><p><br></p><p>NÃO COBRE DEFEITOS POR MAU USO OU PELA MONTAGEM / REVISÃO INADEQUADA DO PRODUTO.</p><p>A garantia será validada para as montadas e revisadas por uma oficina especializada e é referente apenas ao primeiro proprietário.</p><p>A garantia não se aplica para os itens de desgaste natural, tais como: Pneu, câmaras, cabos, sapatas de freio, alinhamento de aros, pintura</p><p>do quadro, componentes da transmissão (corrente, engrenagens do pedivela, engrenagens do cassete ou roda livre).</p>","{""aro"":""29\"""",""cor"":""Preto, Azul"",""marca"":""KSW"",""tamanho_do_quadro"":""15""}","29""","Preto, Azul",KSW,15,,,,,,,,,,,,,,,,,29,Preto Azul e Prata,Ksw,17,Não informado,MTB,Alumínio,Não informado,29,21,Mecânico,Não informado,Não informado,Não informado,Não informado,Passeio,Não informado,Não informado,Não informado,A Disco,KSW,"[Preto, Azul, Prata]",Aro 29,"17""",21 Marchas,Dianteira,,Freio a Disco,Alumínio,,,Mountain Bike,
brandbikes||10173,Bicicleta,Bicicleta 24 Velocidades ARO 29 Alumínio Freio A Disco,"A bicicleta Aro 29 Ravok foi desenvolvida para quem quer realizar passeios e pegar trilhas leves. Com seu quadro em alumínio 6061, fornece segurança e leveza no seu pedal.<br>O modelo possui 24 velocidades, cubos em ALUMÍNIO K7, Catraca Cassete de 8v, freio a disco mecânico que proporciona segurança nas frenagens e suspensão dianteira para um passeio confortável em diversos tipos de terrenos.<br>Disponível em diversas cores que garante um estilo próprio para você.<br><br>Veja abaixo a descrição detalhada dos componentes:<br>QUADRO: Alumínio 6061.<br>SUSPENSÃO: Aro 29<br>TROCADOR: Engate rápido - 24v Index<br>CÂMBIO TRASEIRO: 8v<br>CÂMBIO DIANTEIRO: 3v<br>Cassete 8v<br>PEDIVELA: Triplo em aço revestido 24/34/42 index<br>CORRENTE: index 24v<br>FREIOS: Disco 160mm - Mecânico<br>CUBOS: 36 Furos em Alumínio - Esferados com brocagem<br>AROS: Aero em alumínio parede dupla 36f<br>PNEUS: Aro 29 x 2,10 MTB cravo baixo<br>CÂMARA DE AR: 29 x 1.95 bico grosso<br>MOVIMENTO CENTRAL: Roller 122.5 Preto Selado<br>MOVIMENTO DE DIREÇÃO: Aheadset Preto semi integrado<br>ESPAÇADOR: Aheadset Em Alumínio<br>GUIDÃO:expandido em alumínio - Preto<br>SUPORTE DE GUIDÃO: Preto em Alumínio 31,8mm<br>CANOTE DE SELIM: Preto em Alumínio 27,2x350mm<br>BANCO / SELIM: Sport PU MTB<br>ABRAÇADEIRA: 31,8mm em Alumínio Preto<br>PEDAL: Nylon plataforma preto<br><br>OBS: IMAGEM MERAMENTE ILUSTRATIVA, BIKE VAI CONFORME DESCRIÇÃO<br><br>RECOMENDAÇÃO DE TAMANHOS<br>Altura do ciclista: 1,65 até 1,71m – Tamanho de quadro 15""<br>Altura do ciclista: 1,72 até 1,76m – Tamanho de quadro 17""<br>Altura do ciclista: 1,77 até 1,82m – Tamanho de quadro 19""<br>Altura do ciclista: 1,83 até 1,90m ou mais – Tamanho de quadro 21""<br><br>OBSERVAÇÕES IMPORTANTES:<br>- Envio por TRANSPORTADORA com LINK DE RASTREAMENTO;<br>MONTAGEM<br>- A bicicleta é montada, porém, para acomodação na embalagem e transporte, algumas peças são enviadas desmontadas.<br>- A instalação é de responsabilidade do consumidor, orientamos que seja efetuada por mão de obra especializada.<br>- Por motivo de transporte e manuseio, pode haver a necessidade de efetuar uma revisão (câmbios, freios) ao receber o produto.<br>GARANTIA - Fábrica / 3 Meses<br>NÃO COBRE DEFEITOS POR MAU USO OU PELA MONTAGEM / REVISÃO INADEQUADA DO PRODUTO.<br>- A garantia será validada para as bicicletas montadas e revisadas por uma oficina especializada e é referente apenas ao primeiro proprietário.<br>- A garantia não se aplica para os itens de desgaste natural tais como: Pneu, câmaras, cabos, pastilhas de freio, centragem de aros, pintura do quadro, componentes da transmissão (corrente, engrenagens do pedivela, engrenagens do cassete ou roda livre).<br>.<br>OUTRAS OBSERVAÇÕES:<br>- As fotos do anúncio são feitas com quadros do tamanho 17''.<br>- A geometria do quadro (desenho) pode mudar conforme o tamanho escolhido alterando a inclinação do tubo superior.<br>- Pode haver alguma diferença de tonalidade entre a imagem e o produto real, por conta do tratamento de imagens e a calibração de cores da sua tela.<br>- Dependendo o lote do produto, algumas peças podem ter cores diferentes da imagem.","{""aro"":""29\"""",""cor"":""Cinza"",""tamanho_do_quadro"":""19""}","29""",Cinza,,19,,,,,,,,,,,,,,,,,29,Não informado,Ravok,Não informado,Não informado,MTB,Alumínio 6061,Não informado,29,24,Dianteira,Não informado,Não informado,Não informado,Não informado,Passeio,Não informado,Não informado,Não informado,Disco Mecânico,Ravok,"[Preto, Cinza]",Aro 29,"19""",24 Marchas,Dianteira,,Freio a Disco,Alumínio,,,Mountain Bike,
krwbikes||krwx2-Azl-Pto-155,Bicicleta,Bicicleta Aro 29 KSW Alumínio 21 Velocidades Freio a Disco KRWX2,"<p>A KSW é uma bicicleta Aro 29 com freio a disco desenvolvida para passeios e um bom começo nas primeiras trilhas da categoria MTB.</p><p>Quadro em alumínio 6061<br>Abraçadeira alumínio de selim 31,8mm<br>AlavancasEZ fire de 21 vel<br>Aro aéro 29 parede dupla 36f<br>Caixa de direção semi-integrado<br>Câmbio dianteiro importado<br>Cambio traseiro importado<br>Pedivela aço coroa triplo revestido<br>Canote de selim 27.2mm com carrinho<br>Corrente 7 velocidades index<br>Cubo rosca com blocagem<br>Espaçador alumínio 10 mm<br>Garfo suspensão mecânica<br>Guidão alumínio 31.8mm reto<br>Kit cabo com conduiter com teflonn<br>Mesa alumínio 31.8mm<br>Movimento central rolamentado 122mm<br>Pedal em nylon preto<br>Pinça de freio a disco com rotor de 160mm <br>Pneu 29Raio 285x2.0mm aço preto<br>Roda livre 7 velocidades<br>Selim mtb.</p><p>OBS: IMAGEM MERAMENTE ILUSTRATIVA, BIKE VAI CONFORME DESCRIÇÃO</p><p>RECOMENDAÇÃO DE TAMANHOS</p><p><br>Altura do ciclista: 1,55 até 1,65m Tamanho de quadro 15.5""<br>Altura do ciclista: 1,65 até 1,75m Tamanho de quadro 17""<br>Altura do ciclista: 1,75 até 1,82m Tamanho de quadro 19""<br>Altura do ciclista: 1,82 até 1,90m ou mais Tamanho de quadro 21""</p><p>MONTAGEM</p><p>A bicicleta é montada e engraxada, porém, para acomodação na embalagem e transporte, algumas peças são enviadas desmontadas.</p><p>A montagem é de responsabilidade do cliente e é necessário efetuar regulagem de câmbio ao receber o produto.</p><p>GARANTIA</p><p>NÃO COBRE DEFEITOS POR MAU USO OU PELA MONTAGEM / REVISÃO INADEQUADA DO PRODUTO.</p><p>A garantia será validada para as montadas e revisadas por uma oficina especializada e é referente apenas ao primeiro proprietário. A garantia não se aplica para os itens de desgaste natural, tais como:Pneu, câmaras, cabos, sapatas de freio, centragem de aros, pinturado quadro, componentes da transmissão (corrente, engrenagens do pedivela, engrenagens do cassete ou roda livre ).</p><p>Obs: Até 2 dias para montar e despachar.</p>","{""aro"":""29\"""",""cor"":""Azul, Preto"",""marca"":""KSW"",""material_do_quadro"":""Alumínio""}","29""","Azul, Preto",KSW,,,,Alumínio,,,,,,,,,,,,,,29,Não informado,KSW,Não informado,Não informado,MTB,Alumínio,KRWX2,29,21,mecânica,Não informado,Não informado,Não informado,Não informado,Não informado,Não informado,Não informado,Não informado,a disco,KSW,"[Azul, Preto]",Aro 29,,21 Marchas,Dianteira,,Freio a Disco,Alumínio,,,Mountain Bike,
pozelar||46597,Bicicleta,Bicicleta Quadro 17 Aro 29 Alumínio 27v Freio Disco Hidráulico Z3-20 - Dropp,"<ul><li><strong>ITENS INCLUSOS</strong> Manual e Acessórios de Montagem </li><li><strong>GRANDE</strong>  A Bicicleta Quadro 17 Aro 29 Alumínio 27v Freio Disco Hidráulico Z3-20 - Dropp é o equipamento perfeito para você que curte se aventurar em passeios ou trilhas leves e deseja ter momentos inesquecíveis. O quadro e o pedivela são fabricados em alumínio que, além de deixar a bike mais leve, também garante maior conforto, segurança e durabilidade do equipamento. A Bicicleta Z3 possui 27 combinações de marchas, que oferece ótimo desempenho em terrenos elevados. Já o freio a disco hidráulico proporciona muito mais segurança e tranquilidade nas frenagens. Aproveite! Garanta já a sua. <strong>ESPECIFICAÇÕES</strong><strong>Dimensões</strong><br>Quadro: 17.<br>Aro: 29.<br>Peso Aproximado: 16 Kg.<strong>Características</strong><br>Quadro: Z3 2020.<br>Material Quadro: Alumínio.<br>Material Aro: Alumínio 6061.<br>Garfo/Suspensão: Aro 29 Preto com trava no ombro.<br>Peso Suportado: Até 130 Kg.<br>Tipo de Aro: Aero 36 Furos folha dupla alumínio preto Dropp.<br>Tipo de Freio: Freio a disco 160MM hidráulico importado.<br>Tipo de Guidão: Mega over expandido preto reto.<br>Suporte de Guidão: Mesa preto em alumínio.<br>Luvas/Manopla: Preto.<br>Espaçador: Aheadset em alumínio 3 peças.<br>Quantidade de Marchas: 27v.<br>Trocador de Marchas: EZ-Fire engate rápido index GTA.<br>Câmbio Dianteiro: Tourney Shimano 3v.<br>Câmbio Traseiro: Shimano Acera 9v.<br>Banco/Selim: Sport.<br>Canote de selim: Preto em alumínio.<br>Pedivela: Alumínio.<br>Pedais: Plataforma nylon.<br>Corrente: Index 9v.<br>Catraca: Index 9v.<br>Cubos: Para disco 36 furos rosca preto com blocagens k-7.<br>Movimento Central: Roller 122.5 Selado.<br>Movimento de Direção: Aheadset preto.<br>Pneus: Importado 29x2.10 c/ cravo baixo.<br>Câmaras : 29 x 1.95 bico grosso.<br>Modalidade: Mountain Bike.<br>Conteúdo da Embalagem: 1 Bicicleta.<br>Volumes: 1 Volume.<br>Garantia do Fabricante: 90 dias contra defeito de fabricação.<strong>Recomendações de Quadros:</strong><br>15 - Para ciclistas de 1,50 até 1,68 cm.<br>17 - Para ciclistas de 1,68 até 1,76 cm.<br>19 - Para ciclistas de 1,76 até 1,84 cm.<br>21 - Para ciclistas de 1,84 até 1,98 cm.<strong>Observações importantes</strong><br>- Pode haver alguma diferença de tonalidade entre a imagem e o produto real, por conta do tratamento de imagens e a calibração de cores do seu monitor.<br>- Ao receber a mercadoria, o cliente deve verificar as condições da embalagem, caso haja alguma avaria não assine o comprovante de recebimento.<br>- Enviamos a bicicleta pré-montada, e revisada, mas para melhor se acomodar na embalagem e transporte são retirados: selim, pedais, guidão e roda dianteira. A instalação é de responsabilidade do cliente. Por motivo de transporte e manuseio, pode haver a necessidade de efetuar uma nova regulagem de cambio ao receber o produto. Não nos responsabilizamos pela revisão final da bicicleta, sugerimos que seja efetuada por mão de obra especializada. </li></ul>","{""cor"":""Preto, Branco, Vermelho"",""marca"":""Dropp"",""tipo"":""Mountain Bike""}",,"Preto, Branco, Vermelho",Dropp,,,Mountain Bike,,,,,,,,,,,,,,,29,Não informado,Dropp,17,Não informado,Mountain Bike,Alumínio,Z3-20,Não informado,27v,Suspensão Aro 29 Preto com trava no ombro,Não informado,Não informado,Não informado,Não informado,Mountain Bike,Não informado,130 Kg,Não informado,Freio a disco 160MM hidráulico importado,Dropp,"[Preto, Branco, Vermelho]",Aro 29,"17""",27 Marchas,Dianteira,130kg,Freio a Disco,Alumínio,,,Mountain Bike,
rideshop||25515,Bicicleta,Bicicleta Infantil Aro 16 Kls Heroes Roda Alumínio,"<p>A Bicicleta Kls 16 É Produzida Para Proporcionar Segurança E Conforto À Criança. Na Hora De Escolher Um Produto Para O Seu Filho Verifique Se O Mesmo Possui Selo Do Inmetro De Garantia De Qualidade E Segurança. A Kls é Um Produto Testado E Aprovado Com Selo Inmetro.</p><p>Nossa Empresa Está No Mercado Há Mais De Quarenta Anos, Nossa Marca Evoluí A Cada Dia, Para Melhor Atender Você E Sua Família.</p><p>Kls Pedalando Junto Com Você.</p><p>Tipo/Uso: Infantil</p><p>Marca: Kls</p><p>Modelo: Aro 16</p><p>Roda: Aro DeAlumínio 16 Color</p><p>Cubos De Aço</p><p>Coroa Com Protetor</p><p>Pedivela Aço</p><p>Pedal De Nylon</p><p>Freios V-Brake</p><p>Pneu 16x1,75</p><p>Guidão De Aço Com suporte</p><p>Selim Com Canote</p><p>Quadro E Garfo Aço Carbono Tamanho 16</p><p>Roda Lateral</p><p>Kit De Acessórios Color</p><p>Idade Recomendada: 04 A 07 Anos</p><p>Altura Recomendada: 1,05m - 1,45m</p><p>Peso Máximo Recomendado (Kg): 48Kg</p><p>Dimensões:</p><p>Altura: 112cm</p><p>Largura: 38cm</p><p>Comprimento: 115cm</p><p>Peso: 9,5kg</p><p>Todas As Bicicletas São Enviadas Semi-Montadas, Com Algumas Partes Desencaixadas/Desmontadas Para Melhor Acomodação Na Caixa.</p><p>Caso Tenha Um Conhecimento Básico, Você Mesmo Poderá Montar A Bicicleta, Mas Recomendamos Que A Montagem Seja Feita Em Uma Oficina Especializada, Para Garantir O Máximo De Desempenho E Segurança.</p><p>O custo Da Montagem É De Responsabilidade Do Comprador.</p><p>Manual Do Usuário: Explicativo Para Montagem</p>","{""cor"":""Azul, Vermelho"",""marca"":""KLS""}",,"Azul, Vermelho",KLS,,,,,,,,,,,,,,,,,,16,Não informado,Kls,16,Infantil,Não informado,Aço Carbono,Aro 16,Alumínio,Não informado,Não informado,"Roda Lateral, Kit De Acessórios Color",Não informado,Não informado,Heroes,Não informado,Não informado,48Kg,Não informado,V-Brake,Kls,"[Azul, Vermelho]",Aro 16,,,,48kg,Freio V-Brake,Aço Carbono,Heroes,Unissex,Passeio,
cdtbikes||TUFFVDEX35AROPTOTIPO3,Bicicleta,Bicicleta Aro 26 Vikingx Tuff 21v Alumínio Câmbios Shimano Freio a Disco Aros Vmaxx Pretos -  Verde X35,"<p>Bike aro 26, VIKINGX TUFF X35 COM CABEAMENTO INTERNO, nova na caixa a pronta entrega, produto com ótima qualidade e acabamento, possui 21 marchas com sistema de alavancas rapid fire que a cada clique uma marcha é trocada, sistema de freio a disco mecânico, pneus slick 1.5 . Bicicleta pré montada, vai precisar apenas fixar a roda dianteira, guidão, selim e pedais. </p><p><br></p><p>Segue abaixo características da bike:</p><p><br></p><p>Quadro 26 VikingX Tuff X35 em Alumínio</p><p>Garfo aço preto 60mm suspensão</p><p>Suporte do guidão em alumínio preto</p><p>Guidão 31.8mm preto</p><p>Canote do selim 27.2 preto Sem carrinho</p><p>Selim Mtb Sport Preto</p><p>Abraçadeira do Selim alumínio Preto</p><p>Aros Vmaxx Super reforçados</p><p>Raios Finos</p><p>Cubos Pretos</p><p>Pneus 26x1.5 Slick </p><p>Movimento central selado rolamentado</p><p>Freios a disco Mecânicos com discos inox 160mm</p><p>Alavancas Semi-automáticas Rapid Fire</p><p>Câmbio Traseiro Shimano TZ</p><p>Câmbio Dianteiro Shimano TZ</p><p>Corrente Index</p><p>Pedivela Aço Revestido</p><p>Pedal Plataforma Nylon preto</p><p>Roda Livre 7v index dourada</p>","{""marca"":""Viking"",""tamanho_do_quadro"":""26""}",,,Viking,26,,,,,,,,,,,,,,,,,26,Verde X35,Vikingx,Não informado,Não informado,Não informado,Alumínio,Tuff 21v,Vmaxx,21,Não informado,"Câmbios Shimano, Freio a Disco, Aros Vmaxx Pretos",Não informado,Não informado,Não informado,Não informado,Não informado,Não informado,"CABEAMENTO INTERNO, nova na caixa, a pronta entrega, produto com ótima qualidade e acabamento, possui 21 marchas com sistema de alavancas rapid fire que a cada clique uma marcha é trocada, sistema de freio a disco mecânico, pneus slick 15, Bicicleta pré montada, vai precisar apenas fixar a roda dianteira, guidão, selim e pedais",Disco,Vikingx,Verde,Aro 26,,21 Marchas,Dianteira,,Freio a Disco,Alumínio,,,Mountain Bike,
draisbikeonline||325LRJVIO17,Bicicleta,"Bicicleta 18V Drais Aro 29 Chillout Shimano Altus 17"" Laranja/Roxo - 325","<p>Com um visual imponente e design ergonômico a bicicleta Drais, é uma ótima opção para quem busca leveza, segurança e estilo em passeios ou trilhas leves. Seu quadro em alumínio deixa a bicicleta mais leve, conta com 18 combinações de marchas oferecendo um bom desempenho em todo tipo de terreno. </p><p>DESCRIÇÃO DOS COMPONENTES<br>Quadro Drais Chillout em alumínio 6061 T6 (cabeamento de câmbio interno)<br>Suspensão com trava ombro 100mm Absolute (preto)<br>Trocador Rapid-Fire 18v e Shimano Altus<br>Câmbio traseiro Shimano Altus (Rd-m370 9v)<br>Câmbio dianteiro Shimano Tourney (Fd-tz500 2v)<br>pedivela em alumínio 38/24 dentes Absolute<br>Cassete Absolute 9v (11/36d)<br>Corrente 12v-x12 126 elos<br>Freio a disco 160mm preto hidráulicos Absolute<br>Cubos para disco 32f rosca preto com blocagens<br>Aros 32 furos folha dupla alumínio preto com adesivos com detalhes<br>câmara de ar 29 x 1.9/2.3<br>Pneu (imp) 29x2.10 cravo baixo preto<br>Guidão reto Drais over expandido preto 31.8x690mm<br>Mesa preto em alumínio 31.8x80mm<br>Abraçadeira com blocagem em alumínio preto<br>Canote de selim preto em alumínio com carrinho 27,2mm<br>Banco / Selim - Sport preto<br>Movimento central 122mm selado Absolute<br>Movimento de direção Aheadset preto<br>Espaçador Aheadset em alumínio 4 peças<br>Manopla preto silicone</p><p>MONTAGEM<br>- Enviamos a bicicleta pré-montada, revisada e devidamente embalada, para melhor se acomodar na embalagem de transporte são retirados apenas: selim, pedais, guidão e roda dianteira.<br>- O custo da montagem é de responsabilidade do cliente.<br>- Por motivo de transporte e manuseio, é necessário efetuar uma nova regulagem de câmbio ao receber o produto.<br>- Não nos responsabilizamos pela revisão final da bicicleta, sendo necessário que seja efetuada por uma oficina especializada.</p><p>GARANTIA<br>NÃO COBRE DEFEITOS POR MAU USO OU PELA MONTAGEM, REGULAGEM DE CÂMBIOS OU REVISÃO INADEQUADA DO PRODUTO.<br>- A garantia será validada para as bicicletas montadas e revisadas por uma oficina especializada e é referente apenas ao primeiro proprietário.<br>- A garantia não se aplica para os itens de desgaste natural, tais como: Pneu, câmaras, cabos, sapatas ou pastilhas de freio, alinhamento de aros, pintura do quadro, componentes da transmissão (câmbios, corrente, pé de vela, engrenagens do cassete).</p>","{""marca"":""Shimano""}",,,Shimano,,,,,,,,,,,,,,,,,,29,LaranjaRoxo,Drais,17,Não informado,Não informado,alumínio,Chillout,Não informado,18,com trava ombro 100mm,Não informado,Não informado,Não informado,Não informado,Não informado,Não informado,Não informado,Não informado,a disco hidráulicos,Drais,"[Laranja, Roxo]",Aro 29,"17""",18 Marchas,Dianteira,,Freio a Disco,Alumínio,,,Mountain Bike,
lymdecor-tray||26443p,Bicicleta,Bicicleta MTB Vega Quadro 19 Aro 29 Alumínio 27 Marchas Freio Hidráulico Rosa - Spaceline,"A Bicicleta MTB Aro 29 Quadro Alumínio 27 Marchas Freio Hidráulico Vega - Spaceline traz a liberdade e qualidade de vida que você procura. Iniciar a atividade de ciclismo com este equipamento pode fazer maravilhas pela sua saúde, provocando uma incrível sensação de bem estar e gerando qualidade de vida, abandonando de vez o sedentarismo. E o melhor de tudo, a atividade física irá se tornar um momento prazeroso no seu dia a dia.. Esta Mountain Bike é produzida em quadro ergonômico de alumínio e possui várias cores e tamanhos para você escolher. Além disso a Bicicleta Vega vem equipada com Câmbios Dropp capaz de combinar 27 machas com Trocador Rapid Fire que oferece ótimo desempenho em terrenos elevados. Já a suspensão de 80mm com amortecimento para absorção de impacto e o freio a disco hidráulico proporciona muito mais segurança e tranquilidade nas frenagens. Tá esperando o que? Invista em sua saúde mental e corporal, afinal pedalar é vida! Compre já!<br><br><strong>Tamanho do Quadro:</strong> 19.<br><strong>Aro:</strong> 29.<br><strong>Peso Aproximado:</strong> 16 Kg.<br> <br><strong>Características:</strong><br><strong>Modelo Quadro:</strong> Vega.<br><strong>Material Quadro:</strong> Alumínio.<br><strong>Material Aro:</strong> Alumínio 6061.<br><strong>Garfo/Suspensão:</strong> Suspensão de 80mm.<br><strong>Peso Suportado:</strong> Até 130 Kg.<br><strong>Tipo de Aro: </strong>Aero 36 Furos folha dupla alumínio preto.<br><strong>Tipo de Freio:</strong> Freio a Disco Hidráulico 160mm.<br><strong>Tipo de Guidão:</strong> Reto em alumínio 6061.<br><strong>Suporte de Guidão:</strong> 80mm em alumínio 6061.<br><strong>Luvas/Manopla: </strong>Borracha Flexível.<br><strong>Número de Marchas:</strong> 27v.<br><strong>Trocador de Marchas: </strong>Rapid Fire.<br><strong>Câmbio Dianteiro:</strong> Dropp 3v Indexado.<br><strong>Câmbio Traseiro:</strong> Dropp 9v Indexado.<br><strong>Banco/Selim:</strong> Sport Preto.<br><strong>Canote de selim:</strong> 27.2mm em Aluminio 6061.<br><strong>Pedivela: </strong>Triplo em Alumínio 6061.<br><strong>Pedais:</strong> Plataforma Nylon.<br><strong>Corrente:</strong> Indexada 9v.<br><strong>Cubos:</strong> Disco 36 furos com eixo blocagens.<br><strong>Movimento Central:</strong> Roller Selado.<br><strong>Caixa de Direção:</strong> Oversize Semi Integrada.<br><strong>Roda Livre/K7:</strong> 9 Velocidades.<br><strong>Roda:</strong> Rodas Race de Parede Dupla.<br><strong>Pneus:</strong> MTB 29.<br><strong>Câmaras :</strong> 29 x 1.95 Bico Grosso.<br><strong>Garantia de Fábrica:</strong> 90 dias contra defeito de fabricação.<br> <br><strong>Recomendação de Quadro:</strong><br>15 - Para ciclistas de 1,50 até 1,68 cm.<br>17 - Para ciclistas de 1,68 até 1,76 cm.<br>19 - Para ciclistas de 1,76 até 1,84 cm.<br>21 - Para ciclistas de 1,84 até 1,98 cm.<br> Importante:<br>- Pode haver alguma diferença de tonalidade entre a imagem e o produto real, por conta do tratamento de imagens e a calibração de cores do seu monitor.<br>- A geometria do quadro (desenho) pode mudar conforme o tamanho escolhido, alterando a inclinação do tubo superior.<br>- Ao receber a mercadoria, o cliente deve verificar as condições da embalagem, caso haja alguma avaria não assine o comprovante de recebimento.<br>- Enviamos a bicicleta pré-montada, e revisada, mas para melhor se acomodar na embalagem e transporte são retirados: selim, pedais, guidão e roda dianteira. A instalação é de responsabilidade do cliente. Por motivo de transporte e manuseio, pode haver a necessidade de efetuar uma nova regulagem de cambio ao receber o produto. Não nos responsabilizamos pela revisão final da bicicleta, sugerimos que seja efetuada por mão de obra especializada.<br>- Não nos responsabilizamos por defeitos causados por mau uso, montagem ou regulagem inadequada.<br>- Montagem, desmontagem e outras instalações serão de responsabilidade do cliente. Não nos responsabilizamos, no ato da entrega, por subir escadas/elevadores ou pelo transporte por guincho em apartamentos. Eventuais despesas são de responsabilidade do comprador.<br>- Confira as dimensões do produto e certifique-se de que passará normalmente por supostos elevadores, portas, escadas e/ou corredores de sua r...","{""marca"":""Spaceline"",""tamanho_do_quadro"":""Único"",""tipo"":""Mountain Bike""}",,,Spaceline,Único,,Mountain Bike,,,,,,,,,,,,,,,29,Rosa,Spaceline,19,Não informado,MTB,Alumínio,Vega,Não informado,27,Suspensão de 80mm,Não informado,Não informado,Não informado,Não informado,Não informado,Não informado,130 Kg,Não informado,Hidráulico,Spaceline,Rosa,Aro 29,"19""",27 Marchas,Dianteira,130kg,Freio a Disco,Alumínio,,,Mountain Bike,
mandiali||5533,Bicicleta,Bicicleta Dobravel Verde Two Dogs Pliage Freio a Disco 7 Velocidades,"A bike possui o quadro dobrável em aço carbono com travas. Você leva menos de 1 minuto para dobrar e desdobrar a bicicleta. Produzida com materiais resistentes, a Pliage pesa apenas 14 kg, e o seu formato compacto permite que ela seja carregada facilmente para qualquer lugar,.Ela possui guidão reto e manoplas com descanso de mão. Os aros são feitos em dupla folha de alumínio, dando muita resistência e leveza ao modelo. Os freios a disco na dianteira e traseira dão muita segurança e precisão nas frenagens. Com regulagem de altura no banco e no guidão, ela pode ser facilmente ajustada à altura do condutor, permitindo assim ser utilizada por toda a família. Equipada com sistema de câmbio Shimano Rapid-Fire de 7 velocidades que possibilita trocas rápidas e suaves para iniciantes e experts em bikes. Com a bike dobrável Pliage, seu dia a dia se torna muito mais prático e divertido. Leva menos de 1 minuto para dobrar e desdobrar Quadro dobrável e compacto e aço carbono Rodas de Aro 20? Sistema de dobras com travas de segurança Freios a disco nas duas rodas Possui 7 marchas Roda livre: 7 velocidades/rosca - 14 / 28 dentes - Shimano Aros: Alumínio 20 x 1,5 parede dupla Guidão: Reto em liga de alumínio 6061-T6 Caixa de direção: Oversized 11/8pols Manoplas: Com descanso de mão Canote: Super Oversize em alumínio 6061, preto Selim: Vazado de espuma e cour sintético Cubo dianteiro: Aço carbono 28f, preto Cubo traseiro: Aço 28f, preto Pneus: 20 x 1.35 Alavanca de câmbio: Shimano, TX 50 com 7 velocidades Câmbio traseiro: Shimano TZ 50 Pedivela: Alumínio com dupla proteção de corrente Corrente: TEC 116 elos - 7 velocidades Coroa: 52 dentes Pedais dobráveis Movimento central: 5 peças com eixo Peso máximo suportado: 90 kg Cor: verde Medida aproximadas: DOBRADA Comprimento: 83 cm Altura: 63 cm Largura: 38 cm DESDOBRADA: Comprimento: 150 cm Largura: 38 cm Altura minima do guidão: 96 cm Altura máxima do guidão: 115 cm Altura minima do selim: 61 cm Altura máxima do selim: 106 cm Dimensão com embalagem (aproximado): 128cm x 18cm x 49cm Peso com embalagem (aproximado): 17,00 Kg Garantia: 90 Dias Contra Defeito de Fabricação","{""cor"":""Verde"",""marca"":""Two Dogs"",""modelo"":""Pliage"",""tipo"":""Dobrável""}",,Verde,Two Dogs,,,Dobrável,,Pliage,,,,,,,,,,,,,20,Verde,Two Dogs,Não informado,Não informado,Dobravel,Aço Carbono,Pliage,20,7,Não informado,Dobrável,Não informado,Não informado,Não informado,Não informado,Não informado,90 kg,Não informado,Disco,não tem navegation id,,,,,,,,,,,,
diasbike||15878261739,Bicicleta,Bicicleta Aro 29 KSW XLT 24V Cambio Shimano Freio Hidráulico,"BICICLETA ARO 29 KSW XLT 24V CAMBIO DIANTEIRO E TRASEIRO SHIMANO FREIO A DISCO HIDRÁULICO<br> <br>COMPONENTES DA BIKE<br>- Quadro aro 29 Alumínio KSW XLT<br> - Suspensão de 80mm de Cursor <br>- Aros Aeros para Disco Folha Dupla<br>- Raios Zincados<br> - Pneus Aro 29 Com Arame<br> - Camara de Ar Aro 29<br>- Jogo Direção Ahead Set<br> - Suporte Do guidão 31.8 Importado<br> - Guidão 31.8 MTB Importado<br> - Canote do Selim MTB Importado<br> - Pedal MTB Plataforma<br>- Arruela Calço para Ahead Set (1cm)<br>- Manopla MTB Comum<br>- Abraçadeira do Selim com Blocagem<br> - Selim MTB Básico<br>- Disco de Freio De 160mm Parafusos<br> - Freio a Disco Mecânico Com Pinças e Pastilhas<br> <br>RELAÇÃO (TRANSMISSÃO DA BIKE)<br>- Roda Livre Indexada de 8v<br>- Roda Tripla De Aço Encapado Reforçada<br>- Trocador Indexado Semi Automático Rapid Fire de 8v<br>- Cambio Dianteiro Indexado MTB 3v Shimano Tourney TZ<br> - Cambio Traseiro Indexado MTB 8v Shimano Tourney TZ<br>- Cubos Para RODA LIVRE<br> - Corrente indexada de 8v<br> - Jogo de Centro 122.5 Selado Rolamentado<br><br> - Imagens da bicicleta são meramente ilustrativas.<br>- Algumas peças da bicicleta podem sofrer variações de cor e de modelo de acordo com o lote de importação.<br>- A Dias Bike não se responsabiliza por recolhimento obrigatório de impostos ICMS por st cobrado em alguns estados.<br>-Caso não haja alguém para receber o pedido no local de entrega, após as tentativas de entrega da transportadora, o frete do reenvio será de responsabilidade do comprador.<br>-Preço no site são exclusivos para venda online da loja virtual DIAS BIKE, os preços praticados em cada loja podem haver diferença entre os mesmos.<br>- Para as compras de bicicletas, as mesmas serão enviadas lubrificadas e pré-montadas, em função do transporte, a roda dianteira, guidão, selim e pedais são enviados soltos para encaixe. <br>- A garantia não Cobre Defeitos por Mau uso ou Pela Montagem Inadequada do Produto. A Montagem requer conhecimentos em mecânica e manutenção em bicicletas, por isso recomendamos que a montagem das Bicicletas seja feita por Profissionais do ramo em Oficina Especializada.<br>- Algumas Peças podem necessitar de regulagem ou alinhamento. <br>- A montagem, Regulagem e Alinhamento é por conta do comprador. <br>- A Garantia só será validada mediante a comprovação da montagem por um especialista, válida somente para o Primeiro proprietário.","{""marca"":""KSW""}",,,KSW,,,,,,,,,,,,,,,,,,29,Não informado,KSW,Não informado,Não informado,Não informado,Alumínio,XLT,29,24,80mm,Não informado,Não informado,Não informado,Não informado,Não informado,Não informado,Não informado,Não informado,Hidráulico,KSW,"[Laranja, Cinza]",Aro 29,,24 Marchas,Dianteira,,Freio a Disco,Alumínio,,,Mountain Bike,
draisbike||239PTOVRMBRA17,Bicicleta,Bicicleta Aro 29 Ksw xlt  Aluminio Câmbios Shimano 21v Freio a Disco 32r,"<p>Com um visual imponente e design ergonômico, é uma ótima opção para quem busca leveza, conforto, segurança e estilo em passeios ou trilhas leves.<br>O quadro,pedivela e cubos em alumínio deixam a bicicleta mais leve, as 21 combinações de marchas oferecem um bom desempenho em todo tipo de terreno,<br>o freio a disco proporciona mais segurança nas frenagens, e as várias combinações de cor agradam todos os gostos!</p><p>Atenção bicicleta não recomendada para trilhas pesadas e manobras.</p><p><br>DESCRIÇÃO DOS COMPONENTES</p><p>Quadro - Marca KSW - Aro 29 - QUADRO em ALUMÍNIO 6061 - TAMANHO - 15'', 17'', 19'' e 21''<br>Suspensão Aro 29 PRETO 80MM</p><p>Alavanca / Trocador Ez-Fire Engate Rápido 21V - (Imp.)<br>Câmbio Dianteiro (SHIMANO ) TZ-31<br>Câmbio Traseiro (SHIMANO) TZ-31<br>Pedivela Reduzido em Alumínio Preto (Imp.) 24/34/42T<br>Catraca / Roda Livre (Imp.) 7v Index<br>Corrente (Imp.) Index 7V</p><p>Freio a Disco 160mm Preto - MECÂNICO (Imp.)<br>Cubos p/ Disco 32 F Alumíniorosca Preto com blocagens<br>Aros Aero 32 Furos Folha Dupla Alumínio Preto com Adesivos Personalizados<br>Câmara de Ar (Imp.) 29 x 1.95 Bico Grosso<br>Pneu (Imp.) 29x2.10 Cravo Baixo</p><p>Guidão Mega Over Expandido Preto 31.8mm<br>Suporte de Guidão / Mesa Preto em Alumínio 31.8mm<br>Abraçadeira C/ Blocagem em Alumínio Preto<br>Canote de Selim Preto em Alumínio<br>Banco / Selim - Sport</p><p>Movimento Central Roller 122mm Preto Selado (Rolamento)<br>Movimento de Direção Aheadset Preto<br>Espaçador Aheadset Em Alumínio 3PÇ<br>Manopla Preto Confort Plus</p>","{""marca"":""KSW""}",,,KSW,,,,,,,,,,,,,,,,,,29,Não informado,KSW,15 17 19 e 21,Não informado,Não informado,ALUMÍNIO 6061,xlt,29,21v,Não informado,Não informado,Não informado,Não informado,Não informado,Não informado,Não informado,Não informado,Não informado,a Disco,KSW,"[Preto, Vermelho]",Aro 29,,21 Marchas,Dianteira,,Freio a Disco,Alumínio,,,Mountain Bike,
diasjuniorbicicletas||XLTPTOPTA17TIPO10PNBEGE,Bicicleta,Bicicleta Aro 29 Ksw Xlt 24v K7 Câmbios Shimano Freio Hidráulico Garfo com Trava Pneu Faixa Bege - Preto/Prata,"<p>Bike aro 29, com quadro ksw xlt, nova na caixa a pronta entrega, produto com ótima qualidade e acabamento, possui 24 marchas com sistema de alavancas rapid fire que a cada clique uma marcha é trocada, câmbio dianteiro e traseiro shimano, Catraca do tipo k7 de encaixe, garfo com suspensão e sistema de trava para melhor performance, sistema de freio a disco hidráulico, pneus com cravo baixo para uso em terra e asfalto. Bicicleta pré montada, vai precisar apenas fixar a roda dianteira, guidão, selim e pedais. Segue abaixo características da bike:</p><p><br></p><p>Quadro 29 ksw xlt em Alumínio</p><p>Garfo 29 suspensão com Trava no Ombro</p><p>Suporte do guidão em alumínio preto</p><p>Guidão 31.8mm em alumínio preto</p><p>Canote do selim 27.2 em alumínio preto Com carrinho</p><p>Selim Sport preto</p><p>Abraçadeira do Selim alumínio Preto</p><p>Aros Aero Parede dupla reforçado</p><p>Raios Pretos</p><p>Cubos Pretos Alumínio para K7 com blocagens</p><p>Pneus 29 Com Cravo</p><p>Movimento central selado rolamentado</p><p>Freios a disco Hidráulicos com discos inox 160mm</p><p>Alavancas Semi-automáticas Rapid Fire Sunrun gta</p><p>Câmbio Traseiro shimano tz preto</p><p>Câmbio Dianteiro shimano tz preto</p><p>Corrente Index</p><p>Pedivela Alumínio Triplo Gta</p><p>Pedal Plataforma Nylon preto</p><p>Cassete K7 8v gta preto ou prata</p>","{""marca"":""KSW""}",,,KSW,,,,,,,,,,,,,,,,,,29,PretoPrata,Ksw,Não informado,Não informado,Não informado,Alumínio,Xlt,Não informado,24,com Trava,Não informado,Não informado,Não informado,Não informado,Não informado,Não informado,Não informado,Não informado,Hidráulico,KSW,"[Preto, Prata]",Aro 29,,24 Marchas,Dianteira,,Freio a Disco,Alumínio,,,Mountain Bike,
c9sports||BIC000002-54,Bicicleta,Bicicleta south legend a-29 câmbio shimano,"<p><strong>BICICLETA SOUTH LEGEND ARO 29 21V. CÂMBIOS SHIMANO PEDIVELA ALUMÍNIO</strong></p><p><br></p><p>A South Legend é a escolha definitiva para entusiastas do MTB. Com um quadro resistente, suspensão dianteira e câmbios Shimano, oferece desempenho superior em trilhas desafiadoras.</p><p>Componentes:</p><p><br></p><ul> <li><strong>Quadro </strong>Legend 29” em Alumínio 6061</li> <li><strong>Garfo</strong> Com suspensão de 60mm de curso</li> <li><strong>Rodas </strong>Aros 29” em alumínio com parede dupla</li> <li><strong>Pneus </strong>29” MTB 2.10</li> <li><strong>Cubos </strong>Dianteiro e Traseiro com blocagem</li> <li><strong>Freios </strong>A disco mecânicos 160mm</li> <li><strong>Câmbio Dianteiro </strong>3V Shimano Tourney</li> <li><strong>Câmbio Traseiro </strong>Shimano Tourney 7V</li> <li><strong>Roda Livre </strong>7V Index</li> <li><strong>Pedivela </strong>Triplo em alumínio preto</li> <li><strong>Alavancas/Trocadores </strong>Rapid Fire 7V</li> <li><strong>Corrente </strong>Index 7V</li> <li><strong>Selim </strong>MTB</li> <li><strong>Canote </strong>Alumínio com blocagem rápida</li> <li><strong>Abraçadeira </strong>Alumínio com blocagem</li> <li><strong>Guidão </strong>MTB em alumínio</li> <li><strong>Mesa </strong>Alumínio</li> <li><strong>Dimensão Aproximada </strong>110cm x 70cm x 170cm</li> <li><strong>Peso </strong>14.5 Kg</li> <li><strong>Limite de Peso </strong>Limite máximo de peso total (combinado bicicleta ciclista e carga) de 120 Kg</li> </ul>","{""aro"":""29\"""",""tamanho_do_quadro"":""19"",""tipo_de_suspensao"":""Suspensão Dianteira""}","29""",,,19,,,,,,,Suspensão Dianteira,,,,,,,,,,29,Não informado,South,Não informado,Não informado,MTB,Alumínio,Legend A-29,29,21,Dianteira,Não informado,Não informado,Não informado,Não informado,Não informado,Não informado,120 Kg,Não informado,Disco Mecânico,South,"[Preto, Vermelho]",Aro 29,,21 Marchas,Dianteira,120kg,Freio a Disco,Alumínio,,,Mountain Bike,
cdtbikes||XLTPTOVERMAMA19TIPO8PNBEGE,Bicicleta,Bicicleta aro 29 Ksw Xlt 24v Câmbios Shimano Freios Hidráulicos Garfo com Suspensão Pneu Faixa Bege - Preto/Vermelho/Amarelo,"<p>Bike aro 29 Ksw Xlt em alumínio, nova na caixa a pronta entrega, produto com ótima qualidade e acabamento, possui 24 marchas com câmbio dianteiro e traseiro Shimano e sistema de alavancas rapid fire que a cada clique uma marcha é trocada, garfo com suspensão, sistema de freio a disco hidráulico(óleo). Quadro com tubo rebaixado para facilitar subir e descer da bike. Bicicleta pré montada, vai precisar apenas fixar a roda dianteira, guidão, selim e pedais. </p><p><br></p><p><br></p><p>Segue abaixo características da bike:</p><p><br></p><p>Quadro 29 Ksw Xlt em alumínio 6061</p><p>Garfo 29 suspensão curso 60mm</p><p>Suporte do guidão em alumínio preto</p><p>Guidão 31.8mm em alumínio preto</p><p>Canote do selim 27.2 sem carrinho</p><p>Selim Sport preto</p><p>Abraçadeira do Selim alumínio Preto</p><p>Aros Aero Parede dupla reforçado</p><p>Raios Pretos</p><p>Cubos Pretos aço</p><p>Pneus 29 cravudo</p><p>Movimento central selado rolamentado</p><p>Freios a disco Hidráulicos(a óleo) com discos inox 160mm</p><p>Alavancas Semi-automáticas Rapid Fire</p><p>Câmbio Traseiro shimano tz</p><p>Câmbio Dianteiro shimano tz</p><p>Corrente Index</p><p>Pedivela Aço Revestido</p><p>Pedal Plataforma Nylon preto</p><p>Roda Livre 8v index dourada (rosca)</p><p><br></p><p>Recomendamos que seja feita uma revisão por um técnico após a recebimento do produto, para reajuste e regulagem, pois no transporte pode acontecer de alguma peça soltar ou desregular</p><p>Fotos meramente ilustrativas</p>","{""marca"":""KSW"",""tamanho_do_quadro"":""19""}",,,KSW,19,,,,,,,,,,,,,,,,,29,PretoVermelhoAmarelo,Ksw,Não informado,Não informado,Não informado,alumínio,Xlt,Não informado,24,com Suspensão,"Câmbios Shimano, Freios Hidráulicos, Garfo com Suspensão, Pneu Faixa Bege",Não informado,Não informado,Não informado,Não informado,Não informado,Não informado,Não informado,a disco Hidráulicoóleo,KSW,"[Preto, Vermelho, Amarelo]",Aro 29,"19""",24 Marchas,Dianteira,,Freio a Disco,Alumínio,,,Mountain Bike,
draisbike||193-2609,Bicicleta,Bicicleta KSW 24V Aro 29 XLT Câmbios Shimano Freio a Disco MTB Aluminio,"Descrição dos Componentes da Bicicleta:Quadro Marca KSW - Modelo XLT - Aro 29 em ALUMÍNIO 6061 <br>Suspensão Aro 29 PRETO 80MM<br>Trocador Engate Rápido IMPORTADO<br>Câmbio Dianteiro Shimano TZ<br>Câmbio Traseiro Shimano TZ<br>Pedivela Reduzido ALUMINIO<br>Catraca / Roda Livre 8v Index<br>Corrente (Imp.) Index<br>Freio a Disco 160mm Preto - MECÂNICO <br>Cubos p/ Disco 36f Preto com blocagens<br>Aros Aero 36 Furos Folha Dupla Alumínio Preto PERSONALIZADO<br>Câmara de Ar 29 x 1.95 Bico Grosso<br>Pneu (Imp.) 29x2.10 Cravo Baixo<br>Guidão expandido Preto<br>Suporte de Guidão / Mesa Preto em Alumínio<br>Canote de Selim Preto em Alumínio<br>Abraçadeira C/ Blocagem em Alumínio Preto<br>Banco / Selim - Sport / Confort<br>Movimento Central Roller 122.5 Preto Selado<br>Movimento de Direção Aheadset Preto<br>Manopla Preto Confort plus<br>Espaçador Aheadset Em Alumínio 3PÇ OBSERVAÇÕES:<br>- As fotos do anúncio são feitas com quadros do tamanho 17''.<br>- A geometria do quadro (desenho) pode mudar conforme o tamanho escolhido alterando a inclinação do tubo superior quando quadro é 19 ou 21 deixando-o mais reto.<br>- Pode haver alguma diferença de tonalidade entre a imagem e o produto real, por conta do tratamento de imagens e a calibração de cores do seu monitor. MONTAGEM<br>A Bicicleta é Pré Montada e engraxada , Porém por Motivo de Acomodação na Embalagem de Transporte, São Retirados selim, pedais, guidão e Roda dianteira.<br>A Instalação (Por simples Aperto de Parafusos Allem e Blocagens) É de Responsabilidade Do Cliente,<br>Por Motivo de Transporte / Manuseio, Pode ser Necessário Efetuar nova Regulagem de Câmbio ao Receber o Produto<br>A Empresa não se Responsabiliza pela Revisão Final da Bicicleta, Se não tiver conhecimento básico de mecânica,<br>é Sugerido que a Montagem Seja Efetuada por Oficina Especializada.<br>A garantia não Cobre Defeitos por Mau uso ou Pela Montagem Inadequada do Produto.<br>Por Motivo de Transporte ou Manuseio, Pode ser Necessário Efetuar nova Regulagem<br>de Câmbio ao Receber o Produto.<br>A Montagem requer conhecimentos em mecânica e manutenção em bicicletas. Recomendamos que a montagem<br>deste produto seja feita em oficina especializada. Pois alguns sistemas podem necessitar de<br>regulagem ou alinhamento.GARANTIA:<br>NÃO COBRE DEFEITOS POR MAU USO OU PELA MONTAGEM / REVISÃO INADEQUADA DO PRODUTO.<br>A garantia será validada para as montadas e revisadas por uma oficina<br>especializada e é referente apenas ao primeiro proprietário.<br>A garantia não se aplica para os itens de desgaste natural, tais como:<br>Pneu, câmaras, cabos, sapatas de freio, centragem de aros, pintura<br>do quadro, componentes da transmissão (corrente, engrenagens do pé<br>de vela, engrenagens do cassete)TAMANHOS 15.5 / 17 E 19 E 21","{""marca"":""KSW"",""tipo"":""Mountain Bike""}",,,KSW,,,Mountain Bike,,,,,,,,,,,,,,,29,Não informado,KSW,155  17 E 19 E 21',Não informado,MTB,ALUMÍNIO 6061,XLT,29,8v,80MM,Engate Rápido IMPORTADO,Não informado,Não informado,Não informado,Não informado,Não informado,Não informado,Não informado,Disco,KSW,"[Preto, Vermelho, Laranja]",Aro 29,,24 Marchas,Dianteira,,Freio a Disco,Alumínio,,,Mountain Bike,
diasbike||15895629248,Bicicleta,Bicicleta Aro 29 Alfameq ATX 27V Freio Hidráulico K7 Trava,"BICICLETA ARO 29 Alfameq ATX 27v HIDRÁULICO K7 E TRAVA<br> <br>COMPONENTES DA BIKE<br>- Quadro aro 29 Alumínio Alfameq ATX<br>- Suspensão de 100mm de Curso com Trava no Ombro<br>- Aros Aeros para Disco Folha Dupla<br>- Raios Zincados<br>- Pneus Aro 29 Com Arame<br>- Camara de Ar Aro 29<br>- Jogo Direção Ahead Set<br>- Suporte Do guidão 31.8 Importado<br>- Guidão 31.8 MTB Importado<br>- Canote do Selim MTB Importado<br>- Pedal MTB Plataforma<br>- Arruela Calço para Ahead Set (1cm)<br>- Manopla MTB Comum<br>- Abraçadeira do Selim com Blocagem<br>- Selim MTB Básico<br>- Disco de Freio De 160mm Parafusos<br>- Freio a Disco Hidráulico Com Pinças e Pastilhas<br> <br>RELAÇÃO (TRANSMISSÃO DA BIKE)<br>- Cassete Indexado de 9v<br>- Roda Tripla De Alumínio Reforçada<br>- Trocador Indexado Semi Automático Rapid Fire de 9v<br>- Cambio Dianteiro 3v Indexado<br>- Cambio Traseiro 9v Indexado<br>- Cubos Com Blocagem Sistema Cassete<br> - Corrente Indexado 9v<br>- Jogo de Centro 122.5<br> <br> <br> <br>- Imagens da bicicleta são meramente ilustrativas.<br>- Algumas peças da bicicleta podem sofrer variações de cor e de modelo de acordo com o lote de importação.<br>- A Dias Bike não se responsabiliza por recolhimento obrigatório de impostos ICMS por st cobrado em alguns estados.<br>-Caso não haja alguém para receber o pedido no local de entrega, após as tentativas de entrega da transportadora, o frete do reenvio será de responsabilidade do comprador.<br>-Preço no site são exclusivos para venda online da loja virtual DIAS BIKE, os preços praticados em cada loja podem haver diferença entre os mesmos.<br>- Para as compras de bicicletas, as mesmas serão enviadas lubrificadas e pré-montadas, em função do transporte, a roda dianteira, guidão, selim e pedais são enviados soltos para encaixe.<br>- A garantia não Cobre Defeitos por Mau uso ou Pela Montagem Inadequada do Produto. A Montagem requer conhecimentos em mecânica e manutenção em bicicletas, por isso recomendamos que a montagem das Bicicletas seja feita por Profissionais do ramo em Oficina Especializada.<br>- Algumas Peças podem necessitar de regulagem ou alinhamento.<br>- A montagem, Regulagem e Alinhamento é por conta do comprador.<br>- A Garantia só será validada mediante a comprovação da montagem por um especialista, válida somente para o Primeiro proprietário.","{""cor"":""Preto, Cinza""}",,"Preto, Cinza",,,,,,,,,,,,,,,,,,,29,Não informado,Alfameq,Não informado,Não informado,MTB,Alumínio,ATX 27V,29,27,100mm de Curso com Trava no Ombro,K7 E TRAVA,Não informado,Não informado,Não informado,Não informado,Não informado,Não informado,Hidráulico,Disco Hidráulico,Alfameq,"[Preto, Cinza]",Aro 29,,27 Marchas,Dianteira,,Freio a Disco,Alumínio,,,Mountain Bike,
m2shop||VEGA27VPRETOVERDE15,Bicicleta,Bicicleta Aro 29 Spaceline Vega 27 Velocidades Freios Hidraulicos com Suspensão,"A Spaceline Vega 27v possui um quadro construído em alumínio 6061, liga própria para que fique mais leve e mais resistente. É uma mountain bike esportiva, desenvolvida para fazer trilhas no mundo do MTB.Sua geometria esportiva oferece um comportamento excepcional, deixando-a rápida e ágil para as melhores sensações no seu pedal.<br>A Vega 27v vem equipada com a suspensão de 100mm que facilita a passagem nas trilhas, transmissão de 27 marchas indexados, o que proporciona melhor troca entre o cassete e cambio. Os aros são de alumínio de parede dupla da marca FLAY modelos Aero Race, os pneus 29' proporcionando uma melhor rolagem aderência nas curvas. Os freios utilizam sistema a disco hidráulico de ótima frenagem.<br><br>DETALHES TÉCNICOS:<br>QUADRO: 29' Alumínio 6061<br>SUSPENSÃO: 100mm (sistema a molas)<br>CAIXA DE DIREÇÃO: Semi-Integrada<br>GUIDÃO: Reto 31.8mm em Alumínio 6061<br>MESA: 80x31.8 mm em Alumínio 6061<br>MANOPLAS: Borracha Flexível<br>TROCADORES: Importados 3x9 velocidades<br>FREIOS: Disco Hidráulico de 160 mm<br>CÂMBIO DIANTEIRO: Importado Indexado de 3 V<br>CÂMBIO TRASEIRO: Importado Indexado de 9 V<br>PEDIVELA: Triplo em Aço 24/34/42 dentes<br>PEDAL: Plataforma em Nylon<br>CORRENTE 9 Velocidades<br>CASSETE : 9 Velocidades<br>CANOTE DE SELIM: 27.2mm em Alumínio 6061<br>SELIM: PU com trilho de regulagem<br>RODAS: Rodas Flay Aero Race de Parede Dupla/Cassete<br>PNEU: MTB 29'<br>OBSERVAÇÕES:<br>- As fotos do anúncio são feitas com quadros do tamanho 17''.<br>- A geometria do quadro (desenho) pode mudar conforme o tamanho escolhido alterando a<br>inclinação do tubo superior quando quadro é 19 ou 21 deixando-o mais reto.<br>- Pode haver alguma diferença de tonalidade entre a imagem e o produto real, por conta do<br>tratamento de imagens e a calibração de cores do seu monitor.<br><br>MONTAGEM<br>- Enviamos a bicicleta pré-montada, revisada e devidamente embalada, para melhor se acomodar na embalagem de transporte são retirados apenas: selim, pedais, guidão e roda<br>dianteira.<br>- A instalação (por simples aperto de parafusos allen e blocagens) é de responsabilidade do<br>cliente, recomendamos que seja feita por uma loja especializada.<br>- Por motivo de transporte e manuseio, pode haver a necessidade de efetuar uma nova<br>regulagem de câmbio ao receber o produto.<br>- Não nos responsabilizamos pela revisão final da bicicleta, sugerimos que seja efetuada por<br>mão de obra especializada.<br>GARANTIA - 1 ano para quadro e 3 Meses para peças.","{""marca"":""SPACELINE"",""tipo"":""Mountain Bike""}",,,SPACELINE,,,Mountain Bike,,,,,,,,,,,,,,,29,Não informado,Spaceline,Não informado,Não informado,Mountain Bike,Alumínio,Vega,29,27,100mm sistema a molas,Não informado,Não informado,Não informado,Não informado,MTB,Não informado,Não informado,Não informado,Disco Hidráulico,Spaceline,"[Preto, Verde]",Aro 29,,27 Marchas,Dianteira,,Freio a Disco,Alumínio,,,Mountain Bike,
lojasq201||LQ193luna,Bicicleta,Bicicleta Bike Infantil Aro 16 Show Da Luna Nathor,"Bicicleta Aro 16 Show da Luna<br>A Bicicleta Aro 16 Show da Luna possui limitador de giro do guidão, importante característica que evita com que guidão dê uma volta completa e danifique o freio, além de preservar a integridade física da criança.<br><br>Com freios V-Brake e maçaneta em Nylon, garante uma ótima rigidez, fazendo com que a frenagem seja mais e¿ciente por não sofrer deformação.<br><br>Outro detalhe é que na hora que a criança quiser acionar o freio, a cor amarela fica destaque para não ter dúvidas para apertar o freio traseiro, garantindo assim a sua segurança.<br><br>A bike tem ainda pneus com câmara, quadro em aço carbono e garrafinha. Essa bicicleta faz a alegria dos meninos que querem diversão e aventura.<br><br>Características<br>Mesa Head-Set<br>Paralama em ABS<br>Aro em ABS<br>Limitador de giro do guidão<br>Maçaneta em nylon reforçado e com ajuste do freio<br>Movimento de direção com esferas<br>Arruela com trava de segurança<br>Pneus com câmara<br>Quadro, garfo e guidão em aço carbono<br>Abraçadeira do selim em alumínio<br>Freios V-brake<br>Garrafinha<br>Idade mínima recomendada: A partir de 5 anos<br> <br><br> <br>Tamanho da roda: 16¿<br>Altura máxima recomendada: 110 – 120 cm<br>Peso máximo recomendado: 30 kg<br>Peso do produto: 9,500 Kg<br><br> <br>Peso com a embalagem: 10,740 Kg<br>Cubagem: 0,13 m3<br>Dimensões do produto (CxAxL): 107 cm x 69 cm x 53,5 cm<br>Dimensões da embalagem (CxAxL): 98 cm x 51 cm x 25 cm<br><br> <br><br>","{""marca"":""Nathor""}",,,Nathor,,,,,,,,,,,,,,,,,,16,Não informado,Nathor,Não informado,Não informado,Infantil,Aço carbono,Show da Luna,16,Não informado,Não informado,"Limitador de giro do guidão, Freios V-Brake, Maçaneta em Nylon, Pneus com câmara, Quadro em aço carbono, Garrafinha",Não informado,Não informado,Show da Luna,Não informado,Não informado,30 kg,"Mesa Head-Set, Paralama em ABS, Aro em ABS, Maçaneta em nylon reforçado e com ajuste do freio, Movimento de direção com esferas, Arruela com trava de segurança, Abraçadeira do selim em alumínio, Garrafinha",V-brake,Nathor,Colorido,Aro 16,,,,,Freio V-Brake,Aço Carbono,Show Da Luna,Unissex,Passeio,
bikediasg5||15969095421,Bicicleta,Bicicleta MTB Aro 29 Alfameq 24V Freio a Disco Cubo Cassete,"BICICLETA ARO 29 24 VELOCIDADES FREIOS A DISCO MECÂNICO CUBOS K7<br> <br>COMPONENTES DA BIKE<br> <br>-Quadro aro 29 Alumínio 6061<br>-Suspensão de 80mm<br>-Aros Aeros para Disco Folha Dupla em Alumínio<br>-Raios Zincados<br>-Pneus Aro 29 Com Arame<br>-Câmara de Ar Aro 29<br>-Jogo Direção Ahead Set Semi Integrado<br>-Suporte Do guidão Alumínio 31.8<br>-Guidão em Alumínio 31.8 MTB<br>-Canote do Selim MTB<br>-Pedal MTB Plataforma para Testes<br>-Arruela Calço para Ahead Set (1cm)<br>-Manopla MTB Comum<br>-Abraçadeira do Selim com Blocagem<br>-Selim MTB<br>-Disco de Freio De 160mm Parafusos<br>-Freio a Disco Mecânico Com Pinças e Pastilhas<br> <br>RELAÇÃO (TRANSMISSÃO DA BIKE)<br> <br>-Pedivela Aço Reforçado 3v<br>-Trocador Indexado Semi Automático Rapid Fire de 3x8v<br>-Cambio Dianteiro 3v Indexado MTB<br>-Cambio Traseiro 8v Indexado MTB<br>-Cubos Com Blocagem Sistema Cassete<br>-Cassete Indexado de 8 Velocidades 11-32D Importado<br>-Corrente Indexado Indexado Importado 8V<br>-Jogo de Centro 122.5 selado rolamentado<br> <br>Imagens da bicicleta são meramente ilustrativas.<br>Algumas peças da bicicleta podem sofrer variações de cor e de modelo de acordo com o lote de importação.<br>A Dias Bike não se responsabiliza por recolhimento obrigatório de impostos ICMS por ST cobrado em alguns estados.<br>Caso não haja alguém para receber o pedido no local de entrega, após as tentativas de entrega da transportadora, o frete do reenvio será de responsabilidade do comprador.<br>Preço no site são exclusivos para venda online da loja virtual DIAS BIKE, os preços praticados em cada loja podem haver diferença entre os mesmos.<br>Para as compras de bicicletas, as mesmas serão enviadas lubrificadas e pré-montadas, em função do transporte, a roda dianteira, guidão, selim e pedais são enviados soltos para encaixe.<br>A garantia não Cobre Defeitos por Mau uso ou Pela Montagem Inadequada do Produto. A Montagem requer conhecimentos em mecânica e manutenção em bicicletas, por isso recomendamos que a montagem das Bicicletas seja feita por Profissionais do ramo em Oficina Especializada.<br>Algumas Peças podem necessitar de regulagem ou alinhamento.<br>A montagem, Regulagem e Alinhamento é por conta do comprador.<br>A Garantia só será validada mediante a comprovação da montagem por um especialista, válida somente para o Primeiro proprietário.","{""cor"":""Preto, Laranja"",""marca"":""Alfameq"",""tipo"":""Mountain Bike""}",,"Preto, Laranja",Alfameq,,,Mountain Bike,,,,,,,,,,,,,,,29,Não informado,Alfameq,Não informado,Não informado,MTB,Alumínio,Não informado,29,24,80mm,Não informado,Não informado,Não informado,Não informado,Não informado,Não informado,Não informado,Não informado,Disco Mecânico,Alfameq,"[Preto, Laranja]",Aro 29,,24 Marchas,Dianteira,,Freio a Disco,Alumínio,,,Mountain Bike,
