Unnamed: 0,Unnamed: 1,title,description,Unnamed: 4,Atributos <empresa terceira>,Unnamed: 6,Unnamed: 7,Unnamed: 8,Unnamed: 9,Unnamed: 10,Unnamed: 11,Unnamed: 12,Atributos AI-PAVE-BR,Unnamed: 14,Unnamed: 15,Unnamed: 16,Unnamed: 17,Unnamed: 18,Unnamed: 19,Unnamed: 20,Atributos Multimídia,Unnamed: 22,Unnamed: 23,Unnamed: 24,Unnamed: 25,Unnamed: 26,Unnamed: 27
id,product_type,,,extracted_attributes,capacidade_liquida_de_armazenamento_ol,marca_ol,cor_ol,voltagem_ol,tipo_ol,portas_ol,quantidade_de_portas_ol,tipo_de_degelo_ol,capacidade_liquida_de_armazenamento_llm,marca_llm,cor_llm,voltagem_llm,tipo_llm,portas_llm,quantidade_de_portas_llm,tipo_de_degelo_llm,marca,capacidade_liquida_de_armazenamento,cor,voltagem,formato,quantidade_de_portas,tipo_de_degelo
lojastaqi||228030,Freezer,"Freezer Horizontal Electrolux H550, 2 Portas, 513 Litros, Branco","<br> Com o compromisso de proporcionar suporte contínuo aos clientes, o Freezer Horizontal Electrolux, devido ao seu design horizontal, facilita o acesso aos itens armazenados. Sua mobilidade conveniente é garantida pelos rodízios, possibilitando o deslocamento do freezer com facilidade. O destacado recurso Turbo Freezer permite um congelamento mais rápido, enquanto o dreno de degelo frontal simplifica a manutenção. <br><br> O Freezer Horizontal Electrolux, com atributos e especificações notáveis, se posiciona como uma opção prática e eficiente para a guarda de seus produtos. Contando com uma generosa capacidade de armazenamento de 513 litros, este freezer proporciona um espaço amplo o bastante para atender a todas as suas demandas. Adicionalmente, sua versatilidade se destaca por meio do controle de temperatura ajustável. Impressionante, não acha? <br><br> Como mencionado anteriormente, o Freezer Horizontal Electrolux mantém sempre o usuário como prioridade. Isso se destaca de maneira evidente com a presença de sua fechadura de segurança, proporcionando tranquilidade ao proteger o conteúdo do freezer. Tanto o painel de controle quanto o cesto aramado contribuem para a praticidade no uso diário. <br><br> Características:<br><br> Marca: Electrolux<br><br> Modelo: H550<br><br> Cor: Branco<br><br> Tipo: Horizontal<br><br> Especificações:<br><br> Capacidade líquida: 513 litros<br><br> Capacidade Bruta: 521 litros <br><br> Controle de temperatura<br><br> Funciona como refrigerador e freezer<br><br> Rodízios<br><br> Turbo freezer<br><br> Dreno de degelo frontal<br><br> Fechadura de segurança<br><br> Tipo de degelo: Manual <br><br> Gás Ecológico<br><br> Acabamento: Metal<br><br> Painel de controle<br><br> Cesto aramado <br><br> N de Portas: 2<br><br> Temperaturas: 7C a -18C<br><br> Itens inclusos: <br><br> 01 Freezer Horizontal Electrolux <br><br> 01 Manual de instruções<br><br> Alimentação: <br><br> Classificação energética: A<br><br> Frequência: 60 Hz <br><br> Consumo: 72,5 kwH/mês <br><br> Dimensões (AxLxP): 90 x 157,3 x 76 cm<br><br> Peso: 65,5 Kg<br><br> Garantia:<br><br> 12 meses<br><br> *NÃO FATURAMOS PARA CNPJ<br>","{""capacidade_liquida_de_armazenamento"":""513 L"",""cor"":""Branco"",""marca"":""Electrolux"",""quantidade_de_portas"":""2 Portas"",""voltagem"":""220 V""}",513 L,Electrolux,Branco,220 V,,,2 Portas,,513 litros,Electrolux,Branco,Não informado,Horizontal,2 Portas,2,Manual,Electrolux,513L,Branco,220V,Horizontal,2 Portas,Manual
climario||24453,Freezer,Freezer Horizontal Dupla Ação Porta Cega 166 Litros Metalfrio DA170 Branco 220V,"Freezer Horizontal Dupla Ação Porta Cega 166 Litros Metalfrio DA170 Branco <strong>DESEMPENHO PROFISSIONAL</strong> O DA170 possui desempenho profissional em seu congelamento, ideal para as rotinas agitadas de restaurantes e cozinhas industriais. Compacto no tamanho, gigante na eficiência. <strong>ALTA CAPACIDADE DE CONGELAMENTO</strong> Sistema de refrigeração com aval da Metalfrio, líder em refrigeração comercial na América Latina. <strong>DUPLA AÇÃO</strong> Dois equipamentos em um. Freezer ou refrigerador, você escolhe! <strong>Dreno Frontal </strong> – Dispensa o deslocamento do equipamento para degelo. <strong>Gabinete em aço pré pintado </strong> – Auxilia na limpeza interna, evitando manchas, risco e corrosões. <strong>Gaxeta Removível </strong> – Facilita a limpeza do equipamento e a remoção das sujeiras mais difíceis. <strong>Melhor Desempenho</strong> – Congela os alimentos de forma rápida e eficiente (Modo Freezer). Seu sistema de refrigeração de alta potência! <strong>Puxador Ergonômico</strong> – Design ergonômico facilita a abertura e o fechamento da tampa, permitindo o encaixe perfeito da mão. <strong>Refrigeração Estática </strong> – Baixo ruído e menos consumo de energia. <strong>Rodízios Giratórios 360°</strong> - Praticidade na movimentação dos freezers, para mudanças de layout e limpeza. <strong>Tampa Balanceada</strong> – Suavidade e leveza na abertura •Material Serpentina : Alumínio <br> • Dimensões Externas : Altura – 94,4 Cm Largura – 66,3 Cm Profundidade – 69 Cm • Dimensões Internas : Altura – 71,5 Cm Largura – 55,3 Cm Profundidade – 51,5 Cm • Capacidade Bruta166 L • Capacidade Líquida166 L • Faixa de Temperatura Freezer-18°C / -22°C Refrigerador+2°C / +8°C • Peso Bruto57 Kg Líquido52 Kg <br>","{""capacidade_liquida_de_armazenamento"":""166 L"",""marca"":""Metalfrio"",""voltagem"":""220 V""}",166 L,Metalfrio,,220 V,,,,,166 Litros,Metalfrio,Branco,220V,Horizontal,Porta Cega,Não informado,Não informado,Metalfrio,166L,Branco,220V,Horizontal,1 Porta,Manual
continentalcenter||B101590013014010101,Freezer,Freezer Horizontal Metalfrio 1 Porta 293L Branco 220V DA302B4352,"Freezer Horizontal Metalfrio 1 Porta 293L Branco 220V DA302B4352<p>Já pensou em ter um Freezer doméstico tão eficiente quanto os freezers comerciais? Garantindo alta capacidade de congelamento e baixo consumo de energia, o Freezer Horizontal DA302 foi projetado para fornecer perfeita conservação de alimentos, congelando-os com segurança e qualidade.</p><p>Especificações Técnicas:</p><p>Marca: Metalfrio<br>- Modelo:DA302B4352<br>- Tensão / Frequência: 220V / 60Hz<br>- Cor: Branco<br>- Capacidade: 293 litros<br>- Largura do Gabinete Interno: 888 mm<br>- Altura do Gabinete Interno: 715 mm<br>- Profundidade do Gabinete Interno: 515 mm<br>- Largura Externa: 998 mm<br>- Altura Externa: 944 mm<br>- Profundidade Externa: 690 mm<br>- Peso Líquido: 57kg<br>- Faixa de Temperatura C: &lt;-18C +2C/+8C<br>- Faixa de Temperatura F: ""&lt;-0,4F 35,6F/46,4F""<br>- Aplicação Logomarca: Sim<br>- Congelamento Rápido: Não<br>- Degelo Automático: Não<br>- Dreno: Sim<br>- Cestos Removíveis: Não<br>- Separador Horizontal: 1<br>- Iluminação Interna: Não<br>- Fechamento Automático da Porta/Tampa: Sim<br>- Trava de Abastecimento: Sim<br>- Fechadura: Não<br>- Rodízio: Sim<br>- Painel de Controle: Não<br>- Tecla de Seleção Turbo: Não<br>- Termostato Ajustável: Sim<br>- Potência: 90W<br>- Classificação do Produto: Refrigerador / Congelador<br>- Quantidade de Portas/Tampas: 1<br>- Material Gabinete Externo: Aço Pré Pintado<br>- Material Gabinete Interno: Aço Pré Pintado<br>- Material da Moldura do Tanque: Plástico<br>- Tipo de Abertura: Basculante<br>- Tipo do Evaporador: Cold Wall (Tubo Chapa)<br>- Tipo de Gás Refrigerante: R-134A<br>- Tipo de Isolação: Poliuretano<br>- Tipo de Pintura: Poliéster<br>- Tipo de Puxador da Porta: Plástico<br>- Tipo de Condensação: Estática<br>- Tipo de Controlador de Temperatura: Termostato Eletromecânico<br>- Peso Bruto: 69kg<br>- Capacidade de Container 20pés: 32 unidades<br>- Capacidade de Container 40pés: 66 unidades<br>- Largura Embalado: 1068 mm<br>- Altura Embalado: 1011 mm<br>- Profundidade Embalado: 730 mm<br>- Empilhamento Máximo: 6 unidades<br>- Garantia: 12 meses</p>","{""marca"":""Metalfrio"",""portas"":""1 Porta"",""voltagem"":""220 V""}",,Metalfrio,,220 V,,1 Porta,,,293L,Metalfrio,Branco,220V,Horizontal,1 Porta,1,Manual,Metalfrio,293L,Branco,220V,Horizontal,1 Porta,Manual
olistsp||OSP0VRYU1XTUVZIK,Freezer,Freezer 100L Midea Horizontal 01 Tampa - Cfa10B2,"Freezer 100l Midea Horizontal 01 Tampa - Cfa10b2 O Freezer Horizontal Midea 100L é perfeito para quem quer preservar alimentos resfriados, conservados ou congelados de forma rápida. Possui cesto para melhor organização de seus alimentos e graças a versatilidade de suas funções, pode operar tanto como Freezer entre as temperaturas -24C e -18C, quanto como conservador e refrigerador entre as temperaturas 10C e -18C. Possui Selo Procel e classificação Energética A+ para modelo 127V, A para modelo 220V e 10 anos de garantia no compressor.INFORMAÇÕES GERAISCapacidade: 100 LFunções: Resfriar, Conservar e FreezerRange de temperatura: 100 , -12-24CPainel: MecânicoMaterial interno: AlumínioMaterial externo: Aço galvanizadoNúmero de portas: 1Cesto de armenagem: SimPuxador: Sim (fixo)Dreno: FrontalRodízio: 2 rodízios somente na base do compressorSuporte do cabo de alimentação: SimLuz Indicadora de Funcionamento: SimFluido Refrigerante: R600aDADOS TÉCNICOSConsumo: 110V: 22 kWh/mês Potência: 110V: 110W / 220V: 100WFrequência: 60 HzPotência sonora dB (A): 110V: 42 / 220V: 40Selo Procel e classificação Energética A+ para modelo 127V e A para modelo 220VTemperatura de Operação do Freezer: -18C (mínimo) / -24C (máximo)Temperatura de Operação do Refrigerador: 0C (mínimo) / 10C (máximo)Temperatura de Operação do Conservador: -12C (mínimo) / -18C (máximo)DIMENSÕESAltura: 85 cmLargura: 54,5 cmProfundidade: 49,5 cmPeso: 21 kg DIMENSÕES DA EMBALAGEMAltura: 88,8 cmLargura: 57,8 cmProfundidade: 52 cmPeso: 22 kg Cor: BRANCO - Voltagem: 220 VOLTS .","{""capacidade_liquida_de_armazenamento"":""100 L"",""cor"":""Branco"",""marca"":""Midea"",""voltagem"":""127 V""}",100 L,Midea,Branco,127 V,,,,,100L,Midea,BRANCO,220 VOLTS,Horizontal,1 Tampa,1,Não informado,Midea,100L,Branco,110V,Horizontal,1 Porta,
moveislinhares||107734,Freezer,Freezer Horizontal Fricon HCED411 411 Litros - Branco,"Freezer Horizontal Fricon HCED411 411 Litros - Branco<br><br>- Informações do produto:<br>- Marca: Fricon<br>- Cor: Branca<br>- Capacidade: 411 Litros<br>- Modelo: Horizontal<br>- Voltagem: 127V ou 220V (NÃO É BIVOLT)<br><br>- Refrigeração estática<br>- Conservação de produtos congelados ou bebidas refrigeradas<br>- Isolamento de poliuretano ecologicamente correto<br>- Tampa com puxador ergonômico<br>- Painel frontal com lâmpada indicativa de produto energizado<br>- Gabinete com formas internas arredondadas<br>- Termostato ajustável dupla ação<br>- Dreno frontal<br>- Fechadura<br>- Rodízio duplo giratório de alta resistência<br><br>ATENÇÃO CLIENTE!!<br><br>Super diquinhas para você cliente feliz!!<br><br>1. Foto do anúncio meramente ilustrativa.<br>2. CONFIRA A VOLTAGEM DESEJADA ANTES DE COMPRAR PRODUTOS ELETRONICOS - 127V ou 220V<br>3. Objetos de decoração não acompanham o produto e não estão inclusos no pedido.<br>4. Para instalação, funcionalidades, manutenção e cuidados específicos consulte o manual do produto ou contrate um profissional.<br>5. Devido às normas da ABNT e às resoluções n 13 de 2006, n 2 de 2007 e n 8 de 2009 do CONMETRO os fabricantes estão mudando as tomadas para o novo padrão. Para utilizar este produto, será preciso adaptador ou a troca da tomada antiga. Não nos responsabilizamos por esta alteração.<br>6. ENTREGA por conta da Móveis Linhares somente para compras realizadas no site da Moveis Linhares com destino as cidades aonde temos lojas físicas. Mais informações consulte nossa política de entrega.<br>7. CONFIRA o estado do produto no ato da entrega junto com o entregador, prevenindo-se de problemas futuros. #ficaadica.<br>8. A entrega não considera subida de lances de escada ou içamento de produtos que não cabem em elevadores. CONFIRA as dimensões antes de comprar.","{""marca"":""Fricon"",""voltagem"":""220 V""}",,Fricon,,220 V,,,,,411 Litros,Fricon,Branco,127V ou 220V,Horizontal,Não informado,Não informado,Não informado,Fricon,411L,Branco,220V,Horizontal,2 Portas,
junges||13758926226,Freezer,Freezer 100 Litros,"<p>Medida externa: 75 x 45 x 68 cm de altura</p><p>Peso 32 kg</p><p>Voltagem 110</p><p>Compressor 1/6 de HP</p><p>Isolação térmica em poliuretano com 6 cm de espessura</p><p>Tampa basculante com isolação térmica em poliuretano com 4 cm de espessura</p><p>Termostato mecânico com dupla função, refrigera e congela. De + 2 a – 20 graus</p><p>Tubulação do evaporador toda em cobre</p><p>Fabricado todo em aço, com pintura eletrostática branca, interno e externo</p><p>Alças laterais em aço, para carregar o freezer</p><p>Dreno de água para limpeza</p><p>Consumo:</p><p>110 volts 230 watts ( 2 amperes )</p>","{""capacidade_liquida_de_armazenamento"":""100 L"",""voltagem"":""127 V""}",100 L,,,127 V,,,,,100 Litros,Não informado,Não informado,110,Freezer,Tampa basculante,1,Não informado,Junges,100L,Branco,110V,Horizontal,1 Porta,
lojamegamamute||90013699,Freezer,Freezer Horizontal Profissional Gelopar 532 Litros 02 Portas GHBS-510 220V Branco,"A Linha GHBS da Gelopar oferece freezers horizontais confiáveis e eficientes para armazenar alimentos congelados. Têm um controle de temperatura do termostato, e opera em uma faixa de temperatura de -16°C a -20°C com a segurança da tampa basculante inclinável, para preservar a qualidade dos alimentos e bebidas. Além disso, a Linha GHBS apresenta um revestimento em aço, serpentina em cobre e tem baixo ruído e baixo consumo de energia, tornando-a ainda mais atraente para estabelecimentos que procuram equipamentos de alta qualidade, duráveis e econômicos. Além disso, a Linha GHBS da Gelopar vem com rodízios que facilitam a mobilidade e a limpeza. Com a combinação dessas características, a Linha GHBS é ideal para restaurantes, padarias, supermercados e outros estabelecimentos que buscam um freezer horizontal confiável e eficiente.<br><br>Modelo: GHBS-510<br>PN: 80421.04.2<br>Cor: Branco<br>Marca: Gelopar<br><br>Capacidade líquida: 532 litros<br>Conservação e Exposição de produtos congelados<br>Refrigeração: Estática com Serpentina de Cobre<br>Temperatura: -16 a -20C<br><br>Tecnologia: Cycle Defrost<br>Degelo: Manual<br>Controle de Temperatura: Termostato<br>Revestimento Interno: Aço pré-pintado branco<br>Revestimento Externo: Aço pré-pintado branco<br><br>Tampas: Cegas, basculantes com puxadores<br>Gabinete com rodízios<br>Skin condenser: Excelente dissipador de calor com baixíssimo nível de ruído e significativa redução no consumo de energia<br><br>Dreno frontal com tampa<br>Equipamento certificado conforme Portaria Inmetro no 371/2009<br>Produto destinado para uso comercial<br><br>Voltagem: 220V<br>Consumo: 2,97kW/dia<br>Classe: 4<br><br>Registro do Inmetro: no 371/2009<br><br>Dimensões do produto (A x L x P): 94 x 165,1 x 72 cm<br>Peso: 82 Kg<br><br>Conteúdo da embalagem:<br>01 x Freezer<br>01 x Manual de Instruções<br><br>Garantia: 12 meses com o fabricante<br>Fabricante: Gelopar<br>","{""capacidade_liquida_de_armazenamento"":""532 L"",""marca"":""Gelopar"",""voltagem"":""220 V""}",532 L,Gelopar,,220 V,,,,,532 Litros,Gelopar,Branco,220V,Horizontal,2 Portas,2,Manual,Gelopar,532L,Branco,220V,Horizontal,2 Portas,Cycle Defrost
engageeletro||2354,Freezer,Freezer e Refrigerador Horizontal Metalfrio DA420 419 litros 220V,"Freezer e Refrigerador Horizontal Metalfrio DA420 419 litros 220V A conservação correta de alimentos deve ser um dos maiores cuidados no preparo de refeições. Não dá para abrir mão de segurança e qualidade na hora de preservar alimentos.<br> Pensando nisso, a Metalfrio, líder em refrigeração comercial na América Latina, desenvolveu sua linha Profissional de Freezers Horizontais com os modelos: DA420 e DA550.<br> São freezers de alta litragem, projetados para atender cozinhas e estabelecimentos que necessitam de alta capacidade de congelamento e rápida recuperação de temperatura.<br> Além disso, a rotina agitada pode exigir centenas de aberturas de tampas ao longo do dia, por isso eles foram projetados para ter ótima recuperação de temperatura, garantindo o frio no interior do gabinete e a conservação dos alimentos congelados.<br> É capacidade de congelamento superior pra você oferecer sempre o melhor para seus clientes! E a sua satisfação em poder contar com desempenho profissional tão necessário para o seu dia a dia.<br> Ideal para: cozinhas industriais, restaurantes, bares e buffets. Confira as vantagens desta Cervejeira - Dupla Ação<br> Através de uma chave seletora, em poucos segundos o freezer DA420 se transforma em um refrigerador. São dois equipamentos em um! - Compressor de Alta Potencia<br> Condensador helicoidal e dimensões otimizadas congela alimentos de forma rápida e eficiente. - Maior Capacidade de Armazenamento<br> Espaço para manter o estoque em dia, com toda tranquilidade. Com separador interno removível que facilita a organização dos produtos. - Robustez<br> Dobradiças reforçadas, projetadas para suportar aberturas frequentes de tampas. Puxador em plástico ABS de alta resistência e tanque interno de aço pré-pintado (melhor acabamento e resistente à corrosão). - Rápida Recuperação de Temperatura<br> garante o frio no interior do gabinete e a conservação dos alimentos congelados. Essencial para o bom funcionamento em aplicação comercial, que exige centenas de aberturas de tampa por dia. - Fechadura de Segurança<br> Equipado com fechadura para impedir acessos não-autorizados ao seu conteúdo. - Tampas balanceadas<br> Leves para abrir, resistentes e seguras para vedar. - Gaxeta Removível<br> Facilita a limpeza do equipamento e a remoção das sujeiras mais difíceis. - Rodízios Reforçados<br> Melhor locomoção por muito mais tempo. - Separador Interno<br> Separador interno removível facilita a organização dos produtos. - Dreno Frontal<br> Dispensa o deslocamento do equipamento para degelo.","{""capacidade_liquida_de_armazenamento"":""419 L"",""marca"":""Metalfrio""}",419 L,Metalfrio,,,,,,,419 litros,Metalfrio,Não informado,220V,Horizontal,Não informado,Não informado,Não informado,Metalfrio,419L,Branco,220V,Horizontal,2 Portas,
efacil||199705-104,Freezer,"Freezer Horizontal Metalfrio 546 Litros DA550, Branco","Praticidade e qualidade é o que precisamos no dia a dia, o Freezer industrial horizontal da Metalfrio preserva seus alimentos, bebidas e embalagens preferidas de modo econômico. O modelo DA550 tem espaço interno para até 546 litros de capacidade líquida de armazenamento, 2 tampas e baixo consumo de energia. Ele é um freezer com dupla função, pois ele funciona tanto como freezer ou refrigerador, levando mais praticidade e alto desempenho para o seu dia a dia. Proporciona alta capacidade de congelamento, para que grandes quantidades de alimentos sejam congelados de forma mais rápida e eficiente. Com degelo manual, é ideal para sítios, áreas de lazer, buffets, salões de festas, restaurantes, bares, e cozinhas industriais.","{""capacidade_liquida_de_armazenamento"":""546 L"",""marca"":""Metalfrio"",""voltagem"":""127 V""}",546 L,Metalfrio,,127 V,,,,,546 Litros,Metalfrio,Branco,Não informado,Horizontal,2 tampas,Não informado,manual,,,,,,,
efacil||2219735,Freezer,Freezer Vertical Metalfrio VF55 Dupla Ação Branco,PRODUTO DESATIVADO<br>,"{""capacidade_liquida_de_armazenamento"":""539 L"",""marca"":""Metalfrio"",""tipo"":""Vertical"",""voltagem"":""127 V""}",539 L,Metalfrio,,127 V,Vertical,,,,Não informado,Metalfrio,Branco,Não informado,Vertical,Dupla Ação,Não informado,Não informado,Metalfrio,539L,Branco,110V,Vertical,1 Porta,Frost Free
gruposebem||7898735985401-4,Freezer,Expositor De Sorvete 1 Porta Branco EOS Ecogelo 150L,"<p>Características do Freezer Horizontal e Refrigerador 150L 1 Porta 110/220v Branco</p><p>Ecogelo:</p><p><br></p><p>Funciona como Freezer e Refrigerador: +8°C até -18°C.</p><p>Econômico: classificação A do Inmetro.</p><p>Congelamento rápido.</p><p>Possui rodas para transporte.</p><p>Possui dreno para facilitar a limpeza.</p><p>Extra silencioso.</p><p>Ampla capacidade de armazenamento</p><p>Design compacto e moderno</p><p>Controle de temperatura ajustável</p><p>Iluminação interna para melhor visibilidade</p><p>Fechadura de segurança para proteger o conteúdo.</p><p>Mantém a temperatura até 24 horas sem energia.</p><p><br></p><p><br></p><p>Descrição Refrigerador Conservador De Alimentos Ecogelo EOS 110 e 220V:</p><p><br></p><p><br></p><p>O Freezer Horizontal de uma porta é a solução perfeita para armazenar alimentos congelados ou resfriados com praticidade e eficiência.</p><p>Com sua ampla capacidade, você terá espaço suficiente para guardar uma grande quantidade de alimentos. Seu design compacto e moderno permite que seja colocado em qualquer ambiente da sua casa ou estabelecimento comercial.</p><p>Além disso, a iluminação interna garante uma melhor visibilidade, mesmo em ambientes com pouca luz.</p><p>Outra vantagem desse modelo é o baixo consumo de energia, o que o torna uma opção econômica e sustentável.</p><p>Para garantir a segurança dos alimentos armazenados, o freezer possui uma fechadura de segurança, evitando que crianças ou pessoas não autorizadas tenham acesso ao seu conteúdo.</p><p><br></p><p><br></p><p>Especificações técnicas Expositor De Sorvete 1 Porta Branco EOS Ecogelo 150L</p><p><br></p><p><br></p><p>Capacidade: 150L</p><p>Dimensões: 89 cm x 76 cm x 61 cm</p><p>Peso: 30Kg</p><p>Controle de temperatura ajustável: Sim</p><p>Iluminação interna: Sim</p><p>Fechadura de segurança: Sim</p><p><br></p><p><br></p><p>Garantia e Assistência Técnica do Freezer Geladeira Expositora 150L 1 Porta Horizontal Ecogelo EOS:</p><p>Além de contar com 12 meses de garantia, possui mais de 1500 pontos de assistência técnica</p>","{""capacidade_liquida_de_armazenamento"":""150 L"",""marca"":""EOS"",""voltagem"":""127 V""}",150 L,EOS,,127 V,,,,,150L,Ecogelo,Branco,110220v,Horizontal,1 Porta,1,Não informado,EOS,150L,Branco,110V,Horizontal,1 Porta,
magazineluiza||218041500,Freezer,Freezer Horizontal 2 Portas Cegas Esmaltec 439L,"Freezer Horizontal Esmaltec. Possui capacidade líquida de 439 litros, sistema de refrigeração Skin Condenser (sem micromotor) e porta cega. Com material em chapa de aço galvanizado a pintura a pó eletrostática que garante beleza e qualidade da pintura. E para garantir a qualidade e segurança é um produto aprovado pelo inmetro.","{""capacidade_liquida_de_armazenamento"":""439 L"",""marca"":""Esmaltec"",""quantidade_de_portas"":""2 Portas"",""voltagem"":""127 V""}",439 L,Esmaltec,,127 V,,,2 Portas,,439L,Esmaltec,Não informado,Não informado,Horizontal,Cegas,2,Não informado,Esmaltec,439L,Branco,110V,Horizontal,2 Portas,Cycle Defrost
compreconoscomagluiza||103015220B,Freezer,Freezer Vertical Metalfrio VF55FT Tripla Ação 531L 220V,"3 EQUIPAMENTOS EM 1 - FREEZER, CONSERVADOR E REFRIGERADOR<br><br>Procurando por uma solução completa para suas necessidades de refrigeração e armazenamento? Apresentamos o VF55 Tripla Ação da Metalfrio, um equipamento robusto e versátil projetado para oferecer máxima funcionalidade em ambientes comerciais. Com capacidade generosa de 531 litros e três funções em um único aparelho, o VF55 Tripla Ação é a escolha ideal para garantir a conservação adequada de alimentos, bebidas e gelos em seu estabelecimento.<br><br><br>FICHA TÉCNICA<br><br>Modelo: VF55FT<br>Tensão: 220V<br>Consumo médio: 107 kWh/mês<br>Capacidade bruta: 531 litros<br>Capacidade líquida: 512 litros<br>Quantidade de portas: 1<br>Quantidade de prateleiras: 3<br>EXTERNO: 1885 x 675 x 860 mm<br>INTERNO: 1377 x 555 x 670 mm<br>PESO BRUTO: 104,95Kg<br><br>Temperatura de operação: Freezer (-18o a -22oC) <br>Refrigerador (+2o a +8oC) <br>Conservador de Gelo (-10o a -16oC)<br><br><br>CARACTERÍSTICAS<br><br>- 3 equipamentos em 1: O VF55 Tripla Ação garante ainda mais versatilidade para o seu negócio. Com termostato frontal é possível de maneira prática selecionar uma de suas três funções: refrigerador de bebidas, conservador de gelos ou freezer para alimentos congelados.<br><br>- Para frente de loja ou retaguarda: O display do VF55 Tripla Ação permite que ele seja utilizado na frente da loja como expositor de produtos ou na retaguarda, para armazenamento de alimentos e estoque.<br><br>- Economia de energia: O VF55 Tripla Ação é o mais econômico da categoria! Seu sistema de refrigeração “cold wall” garante baixo consumo de energia para o seu estabelecimento. Bom para o planeta, ótimo para o seu bolso.<br><br>- Evaporador aletado: maior rapidez na recuperação da temperatura interna.<br><br>- Fluxo de ar contínuo: proporcionando resfriamento rápido e uniforme para todos os produtos.<br><br>- Porta com fechamento automático e vidro antiembaçante para melhor visualização dos produtos.<br><br>- Prateleiras reguláveis.<br><br>- Termostato frontal.<br><br>- Trava para abastecimento.<br><br><br>PERGUNTAS FREQUENTES<br><br>Como funciona o VF55 Tripla Ação da Metalfrio?<br>R: O VF55 Tripla Ação é um equipamento versátil que combina as funções de freezer, conservador e refrigerador em um único aparelho. Com um termostato frontal, é fácil selecionar a função desejada para atender às necessidades do seu negócio.<br><br>Onde posso utilizar o VF55 Tripla Ação?<br>R: Este equipamento é adequado tanto para a frente de loja, onde pode ser utilizado como expositor de produtos, quanto para a retaguarda, para armazenamento de alimentos e estoque, proporcionando flexibilidade de uso.<br><br>Quais são os benefícios do sistema de refrigeração ""cold wall"" do VF55 Tripla Ação?<br>R: O sistema ""cold wall"" garante baixo consumo de energia, tornando o VF55 Tripla Ação o mais econômico da categoria. Além disso, proporciona uma recuperação rápida da temperatura interna e um fluxo de ar contínuo para resfriamento uniforme dos produtos.<br><br>Quantas prateleiras e quantas portas o VF55 Tripla Ação possui?<br>R: O equipamento vem com três prateleiras reguláveis e uma porta. Isso oferece flexibilidade na organização dos produtos armazenados e facilidade de acesso aos mesmos.<br><br>Qual é a diferença entre a capacidade bruta e a capacidade líquida do VF55 Tripla Ação?<br>R: A capacidade bruta refere-se ao volume total de armazenamento do equipamento, enquanto a capacidade líquida leva em consideração o espaço disponível para armazenamento após descontar o espaço ocupado pelo sistema de refrigeração e outros componentes internos. No caso do VF55 Tripla Ação, a capacidade bruta é de 531 litros e a capacidade líquida é de 512 litros.","{""marca"":""Metalfrio"",""tipo"":""Vertical"",""voltagem"":""220 V""}",,Metalfrio,,220 V,Vertical,,,,512 litros,Metalfrio,Não informado,220V,Vertical,1,1,Não informado,Metalfrio,531L,Branco,220V,Vertical,1 Porta,
lojascolombooficial||804933,Freezer,Freezer Vertical Brastemp 228 Litros Frost Free 1 Porta - BVR28MK,"A Brastemp apresenta o Freezer Flex Frost Free de 228 litros, a opção certa para manter os alimentos na temperatura certa. Ele é flex, pois você pode transformá-lo em geladeira, sempre que precisar. Por ser Frost Free, não exige descongelamento, o que torna seu dia a dia muito mais prático. <br> Além disso, o freezer Brastemp conta com controle de temperatura externo e prateleira de vidro temperado, que proporciona maior facilidade na limpeza. <br> O modelo ainda possui porta com acabamento evox, a evolução do inox, que protege a peça contra ferrugem e corrosão.<br> <br> Característica:<br> Capacidade útil: 228,00 litros<br> Capacidade total (litros): 276,00 litros<br> Frost free: Sim<br> Painel: Eletrônico<br> Display: LED<br> Congelamento rápido: Sim<br> Controle de temperatura: Sim<br> Temperatura: 3 níveis<br> Gabinete: Em aço pintado<br> Porta: Evox<br> Alarme na porta: Não<br> Gavetão: Sim<br> Prateleiras: 5 prateleiras (1 prateleira de arame 1 prateleira metálica, 2 prateleiras de vidro, 1 prateleira extra)<br> Função Refrigerador: Sim<br> Pés: Estabilizadores<br> Potência: 150 Watts<br> Classificação Energética: A<br> Frequência: 60 Hz<br> Consumo de energia: 55 kW/h<br> Conteúdo da embalagem: Freezer e manual de instruções<br> <br> Dimensões:<br> Altura: 169,80 cm<br> Largura: 63,10 cm<br> Profundidade: 69,50 cm<br> Peso: 66,00 kg<br> <br> Garantia do Fornecedor: 12 meses","{""capacidade_liquida_de_armazenamento"":""228 L"",""cor"":""Inox"",""marca"":""Brastemp"",""quantidade_de_portas"":""1 Porta"",""tipo"":""Vertical"",""tipo_de_degelo"":""Frost Free"",""voltagem"":""127 V""}",228 L,Brastemp,Inox,127 V,Vertical,,1 Porta,Frost Free,228 Litros,Brastemp,Não informado,Não informado,Vertical,1 Porta,1,Frost Free,Brastemp,228L,Inox,110V,Vertical,1 Porta,Frost Free
mega-mamute||19577,Freezer,Freezer Vertical Consul 231 Litros 1 Porta CVU26FB com Compartimento Congelamento Rápido Branco 110V,"O Freezer Vertical Consul CVU26 possui capacidade para 231L e conta com várias gavetas e prateleiras para ajudar você a encontrar rapidamente o que procura. Além disso, possui controle de temperatura externo.<br><br>Modelo: CVU26FB<br>PN: CVU26FBANA<br>Cor: Branco<br>Marca: Consul<br><br>Capacidade total: 231 litros<br>Tipo de degelo: ManualTipo de produto: Vertical<br>Número de portas: 1<br><br>Controle de temperatura no painel frontal: Facilidade no ajuste de temperatura. Permite controlar a temperatura interna do seu freezer sem precisar abrir a porta.<br>Cestos deslizantes com trava de segurança: Praticidade e segurança. Você pode tirar e por os cestos, todos com trava de segurança para evitar aqueles acidentes que acontecem.<br>Gavetão multiuso de acrílico transparente: Melhor organização e visualização dos alimentos. Além de deixar tudo organizado, você consegue ver o que está guardado lá dentro sem nem abrir a gaveta.<br>Compartimento de congelamento rápido: Compartimento do freezer com menor temperatura.<br><br>Níveis de temperatura: 3<br>Pés ajustáveis e reversíveis: Sim<br><br>Consumo aproximado de energia: 37 kWh<br>Selo do Inmetro: Sim<br>Classificação energética: A+<br><br>Frequência: 60Hz<br>Corrente (Amperagem): 2 A<br>Voltagem: 110V<br><br>Conteúdo da embalagem:<br>01 x Freezer Vertical<br>01 x Manual de instruções<br><br>Garantia: 12 meses com o fabricante<br>Fabricante: Brastemp<br>Dimensões do produto (A x L x P): 153,9 x 61,6 x 69,1 cm<br>Peso: 53 Kg<br>","{""capacidade_liquida_de_armazenamento"":""231 L"",""cor"":""Branco"",""marca"":""Consul"",""quantidade_de_portas"":""1 Porta"",""tipo"":""Vertical"",""tipo_de_degelo"":""Degelo Manual"",""voltagem"":""127 V""}",231 L,Consul,Branco,127 V,Vertical,,1 Porta,Degelo Manual,231 Litros,Consul,Branco,110V,Vertical,1 Porta,1,Manual,Consul,231L,Branco,110V,Vertical,1 Porta,Manual
comprebel2||73411,Freezer,Freezer Vertical Philco 201 Litros Dupla Função Congelador ou Refrigerador  Prata PFV205I - 220V,"<p>Freezer Vertical Philco 201 Litros Dupla Função Congelador ou Refrigerador Prata PFV205I - 220V<br><br>O Freezer e Refrigerador Philco PFV205I Vertical Inox Premium possui a super capacidade de 201 litros que garantem um super aproveitamento do espaço. <br><br>Ele é ideal para você, pois é 2 em 1: freezer e refrigerador, você escolhe no controle de temperatura mecânico a função que melhor te atende. <br>Ele conta com dreno que proporciona maior praticidade no descongelamento, também possui rodinhas para deslocamento e cesto aramado, para ainda mais facilidade. <br>Sem contar seu incrível visual premium em Inox, garantindo maior resistência, durabilidade e modernidade.<br><br>Características<br><br>- Voltagem: 220V<br>- Cor: Prata<br>- Tipo: Horizontal<br>- Marca: Philco<br>- Sistema Dupla Função: Pode operar na função freezer ou refrigerador;<br>- Maior Capacidade e melhor aproveitamento de espaço;<br>- Controle de temperatura mecânico na divisória interna;<br>- Sistema de refrigeração por compressor;<br>- Classificação energética A;<br>- Gás refrigerante R290;<br>- Rodízios para deslocamento (2), facilitando a movimentação do produto;<br>- Degelo Manual;<br>- Volume Interno 201 litros;<br>- Divisão interna: 5 prateleiras e 1 gaveta;<br><br>Dimensões e Peso<br><br>Altura: 1,43 m<br>Largura: 55,00cm<br>Profundidade: 57,00cm<br>Peso: 46,50Kg<br><br>Garantia 12 Meses (Sendo 3 meses de garantia legal e mais 9 meses de garantia para defeito de fabricação).</p>","{""capacidade_liquida_de_armazenamento"":""201 L"",""cor"":""Inox"",""marca"":""Philco"",""tipo"":""Vertical"",""voltagem"":""220 V""}",201 L,Philco,Inox,220 V,Vertical,,,,201 Litros,Philco,Prata,220V,Vertical,Não informado,Não informado,Manual,Philco,201L,Prata,220V,Vertical,1 Porta,Manual
comprebel2||80179,Freezer,Expositor Vertical Philco 309 Litros Branco PRE319 - 127V,"<p>Expositor Vertical Philco 309 Litros Branco PRE319 - 127V</p><p>• Modelo Expositor com porta de vidro duplo<br>• Capacidade de 309 litros. <br>• Temperatura interna de operação modo refrigerador de 1°C a 10°C; <br>• Controle de temperatura ajustável no topo da parte interna<br>• Sistema de refrigeração por compressor;<br>• Gás refrigerante R600a;<br>• 4 prateleiras aramadas com alturas reguláveis; <br>• Iluminação interna LED;<br>• 4 pés niveladores ajustáveis;<br>• Refrigeração por ventilação forçada, evitando o suor na parte interna do refrigerador; Volume Interno 309 litros;<br>• Voltagem 127V</p><p>DIMENSÕES E PESO DO PRODUTO<br>Dimensões Embalagem(AxLxP - cm):212,5x66,5x65,5<br>Dimensões Produto(AxLxP - cm):200x59,5x58<br>Peso Bruto(Kg):73<br>Peso Líquido(Kg):60</p><p>GARANTIA<br> 01 Ano (Sendo 3 meses de garantia legal e mais 9 meses de garantia para defeito de fabricação).</p>",,,,,,,,,,309 Litros,Philco,Branco,127V,Expositor Vertical,porta de vidro duplo,Não informado,Não informado,,,,,,,
madeiramadeira-openapi||340758,Freezer,Freezer Horizontal Vidros Deslizantes 307L Profissional Gelopar 127V Branco,"Equipamento versátil, que pode ser utilizado em diversas atividades comerciais, o refrigerador horizontal GHDE-310 é indicado para conservação de sorvetes e produtos congelados ou refrigeração de bebidas e produtos resfriados, sua temperatura pode variar para congelados entre -16o a -20oc e para resfriados entre 1o a 7oc, a refrigeração é estática com serpentina de cobre, o controle de temperatura é através de termostato dupla ação, o degelo é manual, possui colarinho escada em pvc, a tampa é de vidro temperado e deslizantes, baixo emissivo com serigrafia, tem dreno frontal com tampa, o revestimento externo em aço pré-pintado branco e interno galvanizado, possui gabinete com rodízios, o vidros estão sujeitos a condensação da umidade do ar. Produto indicado para uso comercial.","{""capacidade_liquida_de_armazenamento"":""307 L"",""marca"":""Gelopar"",""voltagem"":""127 V""}",307 L,Gelopar,,127 V,,,,,307L,Gelopar,Branco,127V,Horizontal,Vidros Deslizantes,Não informado,Manual,,,,,,,
multiloja||2202,Freezer,Freezer Horizontal 2 Portas Electrolux 385 Litros H400,"Projetado para ter baixo consumo de energia é ideal para quem faz uso comercial deste equipamento, o Freezer Horizontal 385L 2 Portas H400 Dupla Função Electrolux, faz o congelamento uniforme os alimentos, preservando suas propriedades e nutrientes por muito mais tempo.<br> A portas duplas também ajuda na conservação dos alimentos e na organização deles dentro do freezer. Outras funcionalidades do produto estão no rodízio em fibra e no dreno de degelo frontal, que facilita o escoamento da água. Com caixa interna em aço zincado, a máquina é imune a corrosão e ainda vem com fechadura. Para completar, ela ainda incorpora toda a tecnologia Electrolux, um dos principais fabricantes de refrigeradores e freezers do mundo. <br> <br> <br> Características:<br> Dreno de degelo <br> Fechadura com chave auto expulsiva<br> Puxadores ergonômicos<br> Rodízios<br> <br> <br> Dimensões:<br> Altura: 91,5 cm<br> Largura: 130,5 cm<br> Profundidade: 76,3 cm<br> Peso: 80,5 kg<br> <br> <br> Garantia do fornecedor de 12 meses.","{""capacidade_liquida_de_armazenamento"":""385 L"",""cor"":""Branco"",""marca"":""Electrolux"",""quantidade_de_portas"":""2 Portas"",""voltagem"":""127 V""}",385 L,Electrolux,Branco,127 V,,,2 Portas,,385 Litros,Electrolux,Não informado,Não informado,Horizontal,Dupla Função,2 Portas,Dreno de degelo,Electrolux,385L,Branco,110V,Horizontal,2 Portas,Manual
magazineluiza||010100101,Freezer,Freezer Vertical 228 Litros Frost Free Brastemp,,"{""capacidade_liquida_de_armazenamento"":""228 L"",""marca"":""Brastemp"",""tipo"":""Vertical"",""tipo_de_degelo"":""Frost Free"",""voltagem"":""127 V""}",228 L,Brastemp,,127 V,Vertical,,,Frost Free,228 Litros,Brastemp,Não informado,Não informado,Vertical,Não informado,Não informado,Frost Free, ,,,,,,
importline||14176486924,Freezer,Freezer 222l electrolux 1 tampa  - h222,"A qualidade Electrolux e a eficiência e praticidade de 222 Litros no Freezer Horizontal com 1 Tampa. No tamanho ideal para armazenar com qualidade. 222 litros de capacidade. Alta capacidade para armazenamento de peças grandes sem abrir mão de mais espaço na sua cozinha. Classificação Energética A Baixo consumo de energia. Puxador externo ergonômico Melhor encaixe da mão para abertura do freezer. Cesto aramado Ajuda na organização dos alimentos mais delicados. Controle de temperatura frontal e chave de segurança Controlar de forma prática a temperatura do congelador, o que é alterado a todo momento, e chave para controlar quem vai poder abri-lo.CARACTERÍSTICAS GERAISModelo: H222Capacidade total: 222 litrosTipo de degelo: ManualTipo de freezer: HorizontalModos: Conservador e freezerPainel: ExternoQuantidade de portas: 1 portaControle de temperatura: SimDreno: SimPés com rodízios: SimTravamento da porta com chave: SimCestos internos: SimGarantia: 12 meses CARACTERÍSTICAS ELÉTRICASEficiência energética: APotência: 110V: 122,2 W / 220V: 119,3 WConsumo: 34 kWh/mêsFrequência: 60 HzDIMENSÕESAltura: Externa: 90,9 cm / Interna: 74,7 cmLargura: Externa: 80,6 cm / Interna: 66,6 cmProfundidade: Externa: 70,6 cm / Interna: 49,2 cmEMBALAGEMAltura: 95,5 cmLargura: 85 cmProfundidade: 75 cmPeso: 41 kgCor: BRANCO - Voltagem: 110 VOLTS","{""capacidade_liquida_de_armazenamento"":""222 L"",""cor"":""Branco"",""marca"":""Electrolux"",""quantidade_de_portas"":""1 Porta""}",222 L,Electrolux,Branco,,,,1 Porta,,222l,electrolux,BRANCO,110 VOLTS,Horizontal,1 tampa,1,Manual,Electrolux,222L,Branco,110V,Horizontal,1 Porta,Manual
magazineluiza||213322600,Freezer,Freezer Horizontal Freeart Seral 400L,"Com capacidade para 400 Litros, esse Freezer vai congelar e conservar seus alimentos por muito mais tempo. Seu degelo é manual, porta balanceada, dreno de gelo, temperatura de 7°C a -23°C. Já os pés com rodízio facilita e muito a locomoção do freezer.","{""marca"":""Freeart Seral"",""voltagem"":""127 V""}",,Freeart Seral,,127 V,,,,,400L,Freeart,Não informado,Não informado,Horizontal,balanceada,Não informado,manual,Freeart Seral,400L,Branco,110V,Horizontal,2 Portas,Manual
varimaqequipamentos||3859,Freezer,Freezer Horizontal Tampa Cega 589 L Frilux Rf104,"<p>CONSERVADOR HORIZONTAL TAMPA CEGA BRANCO FRILUX</p><p>RF - 104</p><p>CONVERSOR HORIZONTAL TAMPAS CEGAS, CANTOS INTERNOS E EXTERNOS ARREDONDADOS, RODÍZIOS DUPLA AÇÃO, GÁS ECOLÓGICO, DRENO FRONTAL, REVESTIMENTO INTERNO E EXTERNO EM CHAPA PRÉ PINTADA.</p><p>COR - BRANCO<br>CÓDIGO - RF-104<br>CAPACIDADE - 589 LITROS<br>FRENTE - 1500MM<br>LATERAL - 700MM<br>ALTURA - 1000MM<br>TEMPERATURA - +5 À -22<br>CONSUMO - 87 KWH/MÊS<br>Voltagem: 127 ou 220V<br>PESO - 80kg</p><p><br>.</p>","{""capacidade_liquida_de_armazenamento"":""589 L"",""marca"":""Frilux"",""voltagem"":""220 V""}",589 L,Frilux,,220 V,,,,,589 L,Frilux,BRANCO,127 ou 220V,Horizontal,Tampa Cega,Não informado,Não informado,Frilux,589L,Branco,220V,Horizontal,2 Portas,
frigelar2||kit2176,Freezer,Freezer Expositor Horizontal Metalfrio 404 Litros Branco NF55SB 110V,"<p>Nextgen Supra: Sistema de refrigeração de alta eficiência, economia de energia e tecnologia superior em todos os sentidos. A linha de Freezers NF Supra apresenta alta performance, robustez e economia de energia, ideal para estabelecimentos comerciais, no armazenamento de sorvetes e produtos congelados. Seu gabinete possui nova parede de isolação, com maior espessura, garantindo mais eficiência na troca de calor com menor consumo de energia. Para manter seus produtos na temperatura, textura e aparência ideal, conte com a Metalfrio, a número 1 em fabricação de refrigeradores e freezers comerciais do Brasil. Principais Características: • Novo sistema de refrigeração com melhor desempenho, redução no consumo de energia e maior vida útil do freezer. • Gás Ecológico R290: Amigável ao meio ambiente reduz em até 99% as emissões de gases causadores do efeito estufa • Novo Gabinete: nova altura do gabinete facilita o acesso e garante melhor visibilidade para sorvetes e congelados. • Nova Parede de Isolação: com maior espessura, mantém o interior do freezer mais gelado e a troca de calor mais eficiente. • Tanque Interno: Feito em aço pré-pintado, além de ser mais bonito, facilita a limpeza e evita manchas, riscos e protege contra corrosão. • Nova Moldura possui design moderno, produzida em plástico ABS de alta resistência e com proteção contra raios UV. • Puxadores: Com design moderno, são ergonômicos e resistentes. • Veneziana lateral traz design arrojado e logomarca exclusiva Next Gen. • Rodízios: Facilitam a movimentação do freezer, oferecendo praticidade na limpeza e mudança de layout. Ideal para: sorveterias, bares, mercados, padarias e lojas de conveniência.</p>","{""marca"":""Metalfrio"",""voltagem"":""127 V""}",,Metalfrio,,127 V,,,,,404 Litros,Metalfrio,Branco,110V,Expositor Horizontal,Não informado,Não informado,Não informado,Metalfrio,404L,Branco,110V,Horizontal,2 Portas,Manual
efacil||211206-104,Freezer,Freezer Vertical Electrolux 1 Porta 145 Litros FE18 Cycle Defrost Branco,PRODUTO DESATIVADO<br>,"{""capacidade_liquida_de_armazenamento"":""145 L"",""cor"":""Branco"",""marca"":""Electrolux"",""tipo"":""Vertical"",""voltagem"":""Bivolt""}",145 L,Electrolux,Branco,Bivolt,Vertical,,,,145 Litros,Electrolux,Branco,Não informado,Vertical,1 Porta,1,Cycle Defrost,Electrolux,145L,Branco,110V,Vertical,1 Porta,Cycle Defrost
lojascertel||303859456945,Freezer,Freezer Horizontal Midea 205 Litros Branco RCFB22 220V,"O Freezer Horizontal Midea 205 Litros Branco RCFB22 é perfeito para quem quer preservar alimentos resfriados, conservados ou congelados de forma rápida. Possui cesto aramado para melhor organização de seus alimentos. Graças a versatilidade de suas funções, pode operar tanto como Freezer entre as temperaturas -24°C e -12°C, quanto como conservador e refrigerador entre as temperaturas 0°C e 10°C.<br>3 funções para atender as necessidades do dia a dia: Freezer, refrigerador e conservador.<br>Temperaturas flexíveis: Congelar, conservar e refrigerar, agregando mais possibilidades de armazenamento. Com temperaturas de -24°C a +10°C.<br>Puxador ergonômico: Mais praticidade para pegar seus alimentos.<br>Termostato externo: Ajuste a temperatura de forma simples e rápida.<br>Cesto aramado: Para melhor organização de seus alimentos.<br>Rodízios: Para facilitar o transporte.<br>Gás refrigerante ecológico R600a: Livre de CFC.","{""capacidade_liquida_de_armazenamento"":""205 L"",""cor"":""Branco"",""marca"":""Midea"",""voltagem"":""220 V""}",205 L,Midea,Branco,220 V,,,,,205 Litros,Midea,Branco,220V,Horizontal,Não informado,Não informado,Não informado,Midea,205L,Branco,220V,Horizontal,1 Porta,
friopecas||1030624,Freezer,Freezer Horizontal Electrolux 199 Litros Branco HE200  220 Volts,"Freezer Horizontal Electrolux 199 Litros Branco HE200 – 220 Volts <br> <br> <p>O Freezer Horizontal Electrolux 199 Litros Branco HE200 é um modelo com eficiência energética, através da classificação ""A+"", e com Dual Function que permite regular a temperatura com dupla função para o modo freezer ou geladeira, garantindo a melhor preservação de seus alimentos. </p> <br> <br> <p>Com Grande Capacidade para até 199L, a iluminação de LED interna permite uma melhor visualização e a função Turbo Freezer garante potência máxima para congelar mais rapidamente. A Fechadura de Segurança facilita o travamento para uma armazenagem mais segura dos seus alimentos, enquanto o Gás Ecológico R600 não agride a camada de ozônio nem a natureza. </p> <br> <br> <p>Mais segurança para você e para o meio ambiente. Conte também com o Cesto Plástico que é ideal para organização, possibilitando o fácil acesso aos seus alimentos preferidos e a Alça Ergonômica oferece mais comodidade para abrir o freezer. Metatag Menor consumo de energia e maior controle de temperatura para preservar seus alimentos e bebidas preferidas. Consumo Energético A+ Menor consumo de energia elétrica e mais economia. </p> <br> <br> <p>Dual Function Dupla função que controla a temperatura para o modo freezer ou geladeira, garantindo a melhor preservação dos seus alimentos conforme necessidade. Grande Capacidade Armazena e organiza com facilidade todos os tipos de alimentos e bebidas. </p> <br> <br> <p> Imagens meramente ilustrativas. </p>",,,,,,,,,,199 Litros,Electrolux,Branco,220 Volts,Horizontal,Não informado,Não informado,Não informado,Electrolux,199L,Branco,220V,Horizontal,1 Porta,Cycle Defrost
varejaodasmaquinas2||VM0315-127v,Freezer,Freezer Horizontal Expositor Fricon 311L HCEB 311 V - 127V,"<p><span>O Freezer Horizontal Expositor Fricon 311L HCEB 311 V - 127V é ideal para conservação de produtos congelados <span>ou bebidas e refrigerados</span></span></p><p><span><strong>Descrição:</strong></span></p><p><span>Conservação de produtos congelados</span></p><p><span>Refrigeração estática</span></p><p><span>Gabinete com formas internas arredondadas</span></p><p><span>Chapas internas e externas em aço galvanizado pré-pintado com alta resistência a corrosão</span></p><p><span>Moldura principal em alumínio anodizado</span></p><p><span>Dreno frontal</span></p><p><span>Encaixe para display suporte de preço</span></p><p><span>Rodizio duplo giratório de alta resistência</span></p><p><span>Termostato ajustável para baixa temperatura</span></p><p><span>Tampa de vidro de baixa emissividade e temperado com sistema de vedação de alta eficiência</span></p><p><span>Moldura lateral em ABS, garantindo alta resistência</span></p><p><span>Isolamento de poliuretano ecologicamente correto de 80mm de espessura</span></p><p><span>Grade plástica em material de alto impacto com proteção U.V.</span></p><p><span>Sem micro ventilador do condensador, eliminado manutenção preventiva</span></p><p><span>Temperatura de operação de 35°C / 75% de umidade relativa do ar</span></p><p><span>Gás R-134a</span></p><p><span>Sistema de retirada de tampas de fácil remoção<br><br>Variação de temperatura (°C) -22 a -18</span></p> <p><span><strong>Medidas:</strong></span></p><p><span>Altura(cm): 89,9</span></p><p><span>Largura(cm): 67,9</span></p><p><span>Comprimento(cm): 104,5</span></p><p><span>Peso(kg): 52</span></p>","{""capacidade_liquida_de_armazenamento"":""311 L"",""marca"":""Fricon"",""voltagem"":""127 V""}",311 L,Fricon,,127 V,,,,,311L,Fricon,Não informado,127V,Horizontal,Não informado,Não informado,Não informado,Fricon,311L,Branco,110V,Horizontal,2 Portas,Manual
gruposebem||7898735985418-5,Freezer,Freezer Geladeira Expositora 150L 1 Porta Horizontal Ecogelo EOS,"<p>Características do Freezer Horizontal e Refrigerador 150L 1 Porta 110/220v Branco </p><p>Ecogelo:</p><p><br></p><p>Funciona como Freezer e Refrigerador: +8°C até -18°C.</p><p>Econômico: classificação A do Inmetro.</p><p>Congelamento rápido.</p><p>Possui rodas para transporte.</p><p>Possui dreno para facilitar a limpeza.</p><p>Extra silencioso.</p><p>Ampla capacidade de armazenamento</p><p>Design compacto e moderno</p><p>Controle de temperatura ajustável</p><p>Iluminação interna para melhor visibilidade</p><p>Fechadura de segurança para proteger o conteúdo.</p><p>Mantém a temperatura até 24 horas sem energia.</p><p><br></p><p><br></p><p>Descrição Refrigerador Conservador De Alimentos Ecogelo EOS 110 e 220V:</p><p><br></p><p><br></p><p>O Freezer Horizontal de uma porta é a solução perfeita para armazenar alimentos congelados ou resfriados com praticidade e eficiência. </p><p>Com sua ampla capacidade, você terá espaço suficiente para guardar uma grande quantidade de alimentos. Seu design compacto e moderno permite que seja colocado em qualquer ambiente da sua casa ou estabelecimento comercial.</p><p>Além disso, a iluminação interna garante uma melhor visibilidade, mesmo em ambientes com pouca luz.</p><p>Outra vantagem desse modelo é o baixo consumo de energia, o que o torna uma opção econômica e sustentável. </p><p>Para garantir a segurança dos alimentos armazenados, o freezer possui uma fechadura de segurança, evitando que crianças ou pessoas não autorizadas tenham acesso ao seu conteúdo.</p><p><br></p><p><br></p><p>Especificações técnicas Expositor De Sorvete 1 Porta Branco EOS Ecogelo 150L</p><p><br></p><p><br></p><p>Capacidade: 150L</p><p>Dimensões: 89 cm x 76 cm x 61 cm</p><p>Peso: 30Kg</p><p>Controle de temperatura ajustável: Sim</p><p>Iluminação interna: Sim</p><p>Fechadura de segurança: Sim</p><p><br></p><p><br></p><p>Garantia e Assistência Técnica do Freezer Geladeira Expositora 150L 1 Porta Horizontal Ecogelo EOS:</p><p>Além de contar com 12 meses de garantia, possui mais de 1500 pontos de assistência técnica</p>","{""capacidade_liquida_de_armazenamento"":""150 L"",""marca"":""EOS"",""portas"":""1 Porta"",""voltagem"":""220 V""}",150 L,EOS,,220 V,,1 Porta,,,150L,Ecogelo,Branco,110220v,Horizontal,1 Porta,1,Não informado,EOS,150L,Branco,220V,Horizontal,1 Porta,
magazineluiza||235518200,Freezer,Freezer Horizontal Electrolux 1 Porta 199L,"Praticidade e qualidade é o que precisamos no dia a dia, por isso você precisa conhecer o Freezer horizontal Cycle Defrost da Electrolux. Ele é perfeito para sua casa, pois ele conta com dupla função, onde você controla a temperatura para o modo freezer ou geladeira, garantindo a melhor preservação dos seus alimentos conforme necessidade. É um freezer com espaço interno para até 199 litros de capacidade líquida de armazenamento. O modelo HE200 tem 1 porta e baixo consumo de energia. Conta com degelo manual e turbo freezer, que garante potência máxima para congelar mais rapidamente.","{""cor"":""Branco"",""marca"":""Electrolux"",""quantidade_de_portas"":""1 Porta"",""voltagem"":""127 V""}",,Electrolux,Branco,127 V,,,1 Porta,,199L,Electrolux,Não informado,Não informado,Horizontal,1 Porta,1,Manual,Electrolux,199L,Branco,110V,Horizontal,1 Porta,Cycle Defrost
gazinshop||10803,Freezer,Freezer RCFB21 Horizontal 205 Litros 01 Tampa Midea,"Freezer RCFB21 Horizontal 205 Litros 01 Tampa Midea.<br> Está procurando um produto 4 em 1? Conheça o Freezer Midea 205L! Com funções de congelar, resfriar, conservar e freezer. Ele é completo seja qual for sua necessidade. Confira mais detalhes: Selecione a temperatura idea Conta com diversas opções de temperaturas, que permitem o ajuste para qualquer tipo de alimento. Pequenos detalhes que facilitam o seu di Além disso, conta com rodinhas, cesto aramado, puxador e chaves de segurança, que irão facilitam seu dia a dia. Compacto e econômico Pequeno, ele se ajusta em ambientes menores e mais, possui o Selo Procel A garantindo a economia no consumo de energia. Sobre a marca: qualidade Midea A Midea Carrier é o resultado da junção de duas gigantes mundiais do negócio: A Midea a maior fabricante mundial de eletrodomésticos e a Carrier fundada pelo inventor do ar condicionado, que formaram uma nova potência, se tornando assim o maior fabricante de equipamentos de climatização da América Latina. Seu diferencial é que a empresa conta com um centro de pesquisa e engenharia, que fica responsável pelo desenvolvimento de inovações tecnológicas com isso os produtos da empresa se tornam crescentemente revolucionários, eficientes, econômicos, e ambientalmente saudáveis. Detalhes sobre a compra<br> <br> Caraterísticas:<br> Marca Midea<br> Modelo RCFB2<br> Capacidade total 205 litros<br> Tipo de degelo Manual<br> Tipo de freezer Horizontal<br> Modos Congelador, refrigerador e conservador<br> Painel Mecânico<br> Quantidade de portas 1 porta<br> Controle de temperatura Sim<br> Temperatura Conservador, pode atingir até +10°C / Freezer, pode atingir até -24°C<br> Dreno Sim<br> Pés com rodízios Sim<br> Travamento da porta com chave Sim<br> Cestos internos Sim<br> Eficiência energética A<br> Potência 127V: 150 W | 220V: 130 W<br> Consumo 127V: 19,8 kWh/mês | 220V: 23,1 kWh/mês<br> Frequência 60 Hz<br> <br> Itens Inclusos<br> 01 freezer<br> Cesto aramado<br> Puxador<br> Chaves<br> Parafusos <br> Manual de instruções.<br> <br> Dimensões:<br> Altura: Tampa fechada: 85 cm Tampa aberta: 135 cm<br> Largura 81,2 cm<br> Profundidade 56,2 cm<br> Peso 30 kg<br> <br> Garantia do Fornecedor 12 Meses<br> <br> Atenção: Não nos responsabilizamos, no ato da entrega, por desmontagens, subir escadas/elevadores ou transporte por guincho para apartamentos. Eventuais despesas são de responsabilidade do cliente. Confira as dimensões deste produto e certifique-se de que passará normalmente por supostos elevadores, portas, escadas e/ou corredores de sua moradia. Recomendamos que os produtos sejam instalados por profissionais especializados e não nos responsabilizamos pelo mau uso ou instalação indevida, causando a perda da garantia. Todas as informações divulgadas são de responsabilidade do fabricante/fornecedor.<br> Valor unitário. Imagem meramente ilustrativa Prazo de troca e devolução: 7 dias a partir do recebimento do produto - Lei no 8.078 - Sempre confira no ato da entrega.","{""capacidade_liquida_de_armazenamento"":""205 L"",""cor"":""Branco"",""marca"":""Midea"",""tipo_de_degelo"":""Degelo Manual"",""voltagem"":""220 V""}",205 L,Midea,Branco,220 V,,,,Degelo Manual,205 Litros,Midea,Não informado,127V / 220V,Horizontal,1 porta,1,Manual,Midea,205L,Branco,220V,Horizontal,1 Porta,Manual
bidushopcomerco||gazn13841x1x2,Freezer,Freezer 199l Electrolux He 200 01 Tampa - He200,".Cor: BRANCO - Voltagem: 220 VOLTSClassificação energética A+: Menor consumo de energia elétrica e mais economia.Dupla Função: Dupla função que controla a temperatura para o modo freezer ou geladeira, garantindo a melhor preservação dos seus alimentos conforme necessidade.Grande Capacidade: Armazena e organiza com facilidade todos os tipos de alimentos e bebidas.Luz de LED interna: Luz LED interna para melhor visualização do interior do seu freezer.Turbo Freezing: Potência máxima para congelar mais rapidamente, preservando alimentos e bebidas.Fechadura de segurança: Permite o travamento do freezer para um armazenamento mais seguro.Gás R600: Não agride o meio ambiente nem a camada de ozônio.Cesto: Flexibilidade e melhor organização do espaço interno. Puxador ergonômico: Alça ergonômica que oferece mais facilidade para abrir o freezer.CaracterísticasTipoHorizontalFrequência (Hz) 60Consumo (Kw) 31,4Capacidade (L) 199Capacidade Bruta (L) 199Capacidade Líquida (L) 199Congelamento Rápido: SimIluminação InternaSimFechadura de Segurança SimDreno de Degelo SimTipo de Degelo ManualClassificação EnergéticaA+Gás EcológicoR600aRodíziosSimPuxadores SimTecnologia Cycle DefrostDupla Função SimControle de Temperatura SimDescongelamento Automático NãoPorta Reversível NãoCompartimentos 1 cestoAlarme de Porta Aberta NãoOrigem: ImportadoDimensões do produtoAltura (cm) 85Largura (cm) 81,2Profundidade (cm) 60,3Peso (kg) 30Dimensões da embalagemAltura (cm) 88,8Largura (cm) 85,9 Profundidade (cm) 57,8Peso (kg) 34Garantia12 meses","{""cor"":""Branco"",""marca"":""Electrolux"",""voltagem"":""220 V""}",,Electrolux,Branco,220 V,,,,,199,Electrolux,BRANCO,220 VOLTS,Horizontal,Não informado,Não informado,Manual,Electrolux,199L,Branco,220V,Horizontal,1 Porta,Cycle Defrost
gazinshop||1231,Freezer,Freezer Horizontal 140 Litros 1 Tampa Electrolux Classe A - H160A,"Novo design e mais ergonomia com o Freezer Horizontal 140 Litros com 1 Tampa Classe A da Electrolux. <br><br><br>Controle de temperatura frontal: mais fácil de acessar o controle de temperatura. Dupla função: freezer e refrigerador.<br>Turbo Congelamento: congela rápido, acionado pelo painel externo.<br>Os mais sustentáveis do mercado: eficiência energética A, com menor consumo de energia e utilização do gás refrigerante R600, o ecologicamente mais correto.<br>Cesto aramado: cesto empilhável que ajuda na organização.<br>Capacidade bruta de armazenamento (litros): 144.<br>Capacidade líquida de armazenamento (litros): 140.<br>Tensão: 127V ou 220V (Não é Bivolt)<br>Frequência: 60 Hz.<br>Classificação Energética: A.<br>Consumo: 27,9 KW/h.<br><br> <br><br>Dimensões do Produto:<br>Altura: 86.8 cm<br>Largura: 59.5 cm<br>Profundidade: 66.5 cm<br>Peso: 39 kg<br><br> <br><br>Garantia do Fornecedor de 12 Meses","{""marca"":""Electrolux"",""voltagem"":""127 V""}",,Electrolux,,127 V,,,,,140 Litros,Electrolux,Não informado,127V ou 220V,Horizontal,1 Tampa,1,Não informado,,,,,,,
magazineluiza||220656300,Freezer,Freezer Horizontal 2 Tampas de Vidro Ártico,"Freezer Horizontal Expositor Ártico. O modelo FH150C Inox da linha Colors, é ideal para exposição e conservação de produtos congelados e resfriados. Ele é fabricado com materiais de primeira, tem design superior e tecnologia alemã, acabamento arredondado inclinado. As 2 tampas são em vidro deslizante, semi temperada, com anti-embaçante e sistema de drenagem exclusivo para reduzir o acúmulo de gelo e evitar o travamento. Também apresenta rodinhas para facilitar a locomoção e garantir a mobilidade. Muito versátil, pois possui 7 opções de temperatura e altíssima capacidade líquida de armazenamento de 100L para guardar e conservar alimentos e bebidas.","{""voltagem"":""220 V""}",,,,220 V,,,,,100L,Ártico,Inox,Não informado,Horizontal,2 tampas,2,Não informado,Ártico,100L,Inox,220V,Horizontal,2 Portas,Manual
gazinshop||10401,Freezer,Freezer Metalfrio 546 Litros 2 Portas Horizontal Degelo Manual DA550,"Desempenho profissional, maior capacidade de armazenamento e robustez, em duas funçoes: freezer ou refrigerador, voce escolhe!<br> <br> Caracteristicas: <br> Alta capacidade<br> Dreno Frontal<br> Gabinete em aço pre pintado<br> Gaveta Removivel<br> Puxador ergonomico<br> Rodizios giratorios<br> Tampa Balanceada<br> <br> Capacidade: <br> Capacidade Bruta: 546 L<br> Capacidade Liquida: 546 L<br> <br> Faixa de Temperatura: <br> Freezer: -18°C / -22°C<br> Refrigerador: +2°C / +8°C<br> <br> Quantidade de Tampas:2<br> <br> Dimensoes: <br> Externo: <br> Altura: 94,4 cm<br> Largura: 166,5 cm<br> Profundidade: 69 cm<br> <br> Interno: <br> Altura: 71,5 cm<br> Largura: 155,5 cm<br> Profundidade: 51,5 cm<br> <br> Peso: 83 kg <br> <br> Garantia do fornecedor de 12 meses. <br> <br> ATENÇAO:<br> Nao nos responsabilizamos, no ato da entrega, por desmontagens, subir escadas/elevadores ou transporte por guincho para apartamentos. Eventuais despesas sao de responsabilidade do cliente. Confira as dimensoes deste produto e certifique-se de que passara normalmente por supostos elevadores, portas, escadas e/ou corredores de sua moradia.<br> Recomendamos que os produtos sejam instalados por profissionais especializados e nao nos responsabilizamos pelo mau uso ou instalaçao indevida, causando a perda da garantia.<br> Todas as informaçoes divulgadas sao de responsabilidade do fabricante/fornecedor.<br> Valor unitario.<br> Imagem meramente ilustrativa<br> Prazo de troca e devoluçao: 7 dias a partir do recebimento do produto - Lei no 8.078<br> - Sempre confira no ato da entrega.","{""capacidade_liquida_de_armazenamento"":""546 L"",""marca"":""Metalfrio"",""portas"":""2 Portas""}",546 L,Metalfrio,,,,2 Portas,,,546 L,Metalfrio,Não informado,Não informado,Horizontal,2 Portas,2,Manual,Metalfrio,546L,Branco,220V,Horizontal,2 Portas,Manual
solarmagazineoficial||721,Freezer,Freezer Horizontal Consul 220L - CHA22EB,"Na Solar dá pra levar Freezer Horizontal Consul 220L - CHA22EBO Freezer Horizontal CHA22 com 220 litros possui controle eletrônico, para você programar a temperatura facilmente e escolher entre os modos freezer ou refrigerador.É prático e econômico, pois possui classificação energética A.","{""capacidade_liquida_de_armazenamento"":""220 L"",""marca"":""Consul"",""quantidade_de_portas"":""1 Porta"",""tipo_de_degelo"":""Degelo Manual"",""voltagem"":""220 V""}",220 L,Consul,,220 V,,,1 Porta,Degelo Manual,220L,Consul,Não informado,Não informado,Horizontal,Não informado,Não informado,Não informado,Consul,220L,Branco,220V,Horizontal,1 Porta,Manual
lojascolombooficial||1581899,Freezer,Freezer Horizontal 143 Litros 1 Porta HE150 Electrolux,"O Freezer Horizontal Electrolux 143L HE150 é um modelo com eficiência energética, através da Classificação A, e com Dual Function que permite regular a temperatura com dupla função para o modo freezer ou geladeira, garantindo a melhor preservação de seus alimentos.<br> <br> Com Grande Capacidade para até 143L, a iluminação de LED interna permite uma melhor visualização e a função Turbo Freezer garante potência máxima para congelar mais rapidamente.<br> <br> A Fechadura de Segurança facilita o travamento para uma armazenagem mais segura dos seus alimentos, enquanto o Gás Ecológico R600 não agride a camada de ozônio nem a natureza. Mais segurança para você e para o meio ambiente.<br> <br> Conte também com o Cesto Aramado que é ideal para organização, possibilitando o fácil acesso aos seus alimentos preferidos e a Alça Ergonômica oferece mais comodidade para abrir o freezer.<br> <br> Características do Produto: <br> Marca: Electrolux<br> Referência de modelo: HE150<br> Tipo: 1 porta<br> Capacidade: 143 Litros<br> Função Refrigerador: Sim<br> Degelo: Manual<br> Display: Não<br> Controle de temperatura: Sim<br> Congelamento rápido: Sim<br> Dreno: Sim<br> Porta reversível: Não<br> Fechadura: Sim<br> Puxadores: 01 puxador ergonômico<br> Iluminação interna: LED<br> Cesto: Aramado<br> Pés: Niveladores<br> Classificação Energética: A<br> Consumo de energia: 28,2 kW/h<br> Frequência: 60 Hz<br> Turbo Freezer: Sim<br> Certificação Inmetro: 000816/2022<br> Alarme na porta: Não<br> Tipo de gás: Gás Ecológico R600<br> Sistema de refrigeração: Por compressor<br> Tecnologia Cycle Defrost. Dupla função que controla a temperatura para o modo freezer ou geladeira, garantindo a melhor preservação dos seus alimentos conforme necessidade.<br> <br> Dimensões do Produto: <br> Altura: 85 cm <br> Largura: 63,20 cm <br> Profundidade: 60,30 cm <br> Peso: 27 kg <br> <br> Garantia do Fabricante: 12 meses.","{""capacidade_liquida_de_armazenamento"":""143 L"",""cor"":""Branco"",""marca"":""Electrolux"",""quantidade_de_portas"":""1 Porta"",""voltagem"":""Bivolt""}",143 L,Electrolux,Branco,Bivolt,,,1 Porta,,143 Litros,Electrolux,Não informado,Não informado,Horizontal,1 porta,1,Manual,Electrolux,143L,Branco,220V,Horizontal,1 Porta,Manual
climario||23978,Freezer,Freezer Horziontal 414 Litros Consul CHB42EB Branco 220V,"Freezer Horizontal Consul 2 portas 414L CHB42EB <p>O Freezer Horizontal CHB42 com 414 litros possui controle eletrônico, para você programar a temperatura facilmente. Flexível, permite escolher entre os modos freezer ou refrigerador, de acordo com a sua necessidade. É prático de limpar com o dreno frontal e possui 4 rodinhas nos pés, que facilitam a movimentação do produto. Também é super econômico, pois tem classificação energética A, além do interior feito com liga metálica de alta resistência à corrosão..</p> Controle Eletrônico = Programe a temperatura desejada em apenas um toque e escolha entre os modos freezer ou refrigerador, de acordo com a sua necessidade. Prático = Prático de limpar com o dreno frontal; basta colocar uma vasilha embaixo do dreno para recolher o gelo derretido. Também possui 4 rodinhas nos pés, que facilitam a movimentação do produto. Econômico = Classificação A nos testes de consumo de energia do Inmetro. Resistente = Interior feito com liga metálica de alta resistência à corrosão. TIPO DE DEGELO - Manual PAINEL DE CONTROLE - Externo TIPO DE DISPLAY - LED TIPO DE CONTROLE DO PAINEL -Eletrônico CONTROLE DE TEMPERATURA - Sim NÚMERO DE NÍVEIS DE TEMPERATURA - 6 FUNÇÃO TRAVA PAINEL - Não AVISO DE PORTA ABERTA -Não DRENO DE DEGELO -Sim PRATELEIRAS COM REGULAGEM DE ALTURA -Não","{""capacidade_liquida_de_armazenamento"":""414 L"",""cor"":""Branco"",""marca"":""Consul"",""quantidade_de_portas"":""2 Portas"",""voltagem"":""220 V""}",414 L,Consul,Branco,220 V,,,2 Portas,,414 Litros,Consul,Branco,220V,Horizontal,2 portas,2,Manual,Consul,414L,Branco,220V,Horizontal,2 Portas,Manual
acimaqequipamentoscomerciais||46887,Freezer,Freezer Horizontal Ghbs-510 Tipo Inox 2 Tampas 510 Litros 127V - Gelopar,"FREEZER HORIZONTAL GHBS-510 TB 2T CEGA 510LT TIPO INOX 127V - GELOPAR <br><br>Conservação de produtos congelados<br>Temperatura: -16o a -20oC<br>Refrigeração: Estática com Serpentina de Cobre<br>Controle de Temperatura: Termostato<br>Skin condenser: Excelente dissipador de calor com baixíssimo nível de ruído e significativa redução no consumo de energia<br>Degelo: Manual<br>Tampas: Cegas, basculantes com puxadores<br>Dreno frontal com tampa<br>Revestimento externo em Aço revestido tipo inox<br>Revestimento interno em aço pré-pintado branco<br>Gabinete com rodízios<br><br>Opcional:<br> ? Grade divisória interna<br>? Fechadura com chave<br><br>Dimensões (FxAxP): 165,1cm x 93,6cm x 72cm <br>Capacidade líquida: 469L<br>Capacidade bruta: 532L<br>Peso bruto: 84,5Kg<br>Tensão: 127V<br>Frequência: 60Hz<br>Consumo kWh/dia(60Hz): 3,2<br>Classe: 4<br><br><br>**GARANTIA DOBRADA - EXCLUSIVIADADE ACIMAQ** <br><br>PRODUTO DESTINADO PARA USO COMERCIAL","{""capacidade_liquida_de_armazenamento"":""532 L"",""marca"":""Gelopar"",""voltagem"":""127 V""}",532 L,Gelopar,,127 V,,,,,510 Litros,Gelopar,Inox,127V,Horizontal,2 Tampas,2,Manual,Gelopar,510L,Inox,110V,Horizontal,2 Portas,Manual
engageeletro||9621,Freezer,Freezer Vertical Consul 121 Litros CVU18GB,"Ótima capacidade interna: pequeno por fora, ideal por dentro! Esse freezer CVU18G 121L, da Consul, traz toda conveniência, organização e espaço que você precisa. Há compartimentos ideias para vários tipos de alimentos, aliando a melhor utilização do espaço e conservação dos alimentos. Possui o compartimento para Gelo e Picolé: não contamina os cubos de gelo com o sabor de outros alimentos e tem uma temperatura ideal para conservar o picolé na consistência perfeita para consumo. E para garantir maior segurança, possui cestos deslizantes com trava de segurança.<br><br>Características Gerais<br><br>- Classificação energética A: mais economia mês a mês <br>- Melhor organização dos alimento: compartimentos ideais para vários tipos de alimentos<br>- Segurança: possui cestos deslizantes e travas para maior segurança<br>- Compartimento Gelo e Picolé: mantém a consistência ideal e não contamina o gelo com sabor de outros alimentos<br>- Livre de CFC: não agride a camada de Ozônio<br>- Botão liga/desliga<br>- Termostato localizado na parte traseira do produto<br>- Pode chegar até -18oC<br><br>Especificações Técnicas<br><br>Tipo de Degelo: Manual<br>Função refrigeração: Não<br>Dispenser de gelo: Não<br>Compartimentos: 1 compartimento extra frio; 4 cestos removíveis; 1 gaveta plástica removível <br>Luz interna: Não<br>Grade interna: Não<br>Cesto removíve: Sim<br>Porta reversível: Não<br>Travamento portas com chave: Não<br>Pés com rodízio: Não<br>Consumo (kWh): 37<br>Capacidade (litros): 121<br>N° de portas: 1<br>Tensão/Voltagem<br>- 110V<br>- 220V<br>Consumo de Energia: A (menos 25% de consumo)<br>Dreno: Não<br>Cor: Branco<br>Eficiência Energética: A<br><br>Observações<br><br>1. Não nos responsabilizamos pela instalação/montagem deste produto. Para eventuais peças adicionais, bem como possíveis limitações à utilização de todas as funcionalidades, consulte o fabricante. <br><br>2. Devido às normas da ABNT e às resoluções no 13 de 2006, no 2 de 2007 e no 8 de 2009 do CONMETRO, os fabricantes estão mudando as tomadas para o novo padrão. Para utilizar este produto, será preciso adaptador ou a troca da tomada antiga. Não nos responsabilizamos por esta alteração. <br><br>3. Para instalação, funcionalidades, manutenção e cuidados específicos consulte o manual do produto. <br><br>4. Escolha a opção de voltagem do produto: 110V ou 220V<br><br>5. - Item composto APENAS pelo Freezer Vertical Consul CVU18GB 1 Porta - 121L , os demais itens são meramente ilustrativos e não fazem parte do conteúdo da embalagem.<br>Entrega do Produto<br>Não nos responsabilizamos pelo transporte por escadas/elevadores, guincho ou içamento deste produto.<br><br>Dimensões<br><br>Altura: 1,30 m<br>Largura: 48,30 cm<br>Profundidade: 62,00 cm<br>Peso: 36,00 kg<br><br>Garantia de 12 meses","{""capacidade_liquida_de_armazenamento"":""121 L"",""cor"":""Branco"",""marca"":""Consul"",""quantidade_de_portas"":""1 Porta"",""tipo"":""Vertical"",""tipo_de_degelo"":""Degelo Manual"",""voltagem"":""220 V""}",121 L,Consul,Branco,220 V,Vertical,,1 Porta,Degelo Manual,121 Litros,Consul,Branco,"110V
- 220V",Vertical,1 Porta,1,Manual,Consul,121L,Branco,220V,Vertical,1 Porta,Manual
efacil||2220255,Freezer,"Freezer Horizontal Fricon 311 Litros HCEB311, Tampa de Vidro, Branco","<br>Características do Produto:<br>Modelo: HCEB311<br>Marca: Fricon<br>Cor: Branco<br>Altura: 82,9 cm<br>Largura: 104,5 cm<br>Comprimento: 67,9 cm<br>Peso: 54 Kg<br>Capacidade Total Líquida: 311L<br>Quantidade de Portas: 2 Portas<br>Tipo de Freezer: Horizontal<br>Frost Free: Não<br>Informações Adicionais:<br>Linha HCEB Profissional: Líder de mercado na categoria. Indicado para conservação de sorvetes, polpas de frutas, açaí e produtos congelados em geral.<br>Puxador parafusado: Maior segurança ao abrir e fechar a tampa do seu equipamento.<br>Parede de isolamento de 80 mm com moldura em alumínio e ABS: Design moderno, maior durabilidade e melhor retenção do frio<br>Gabinete interno branco: Proteção extra para os seus produtos e contra corrosão.<br>Eficiente sistema de vedação: Maior estanqueidade, garantindo a vedação mais eficiente do mercado<br>Sem Microventilador do condensador: Mais silencioso durante o uso e elimina manutenção preventiva<br>Qualidade: Componentes de alta qualidade que garantem excelente desempenho e grande durabilidade.<br>Eco- Friendly: Grande responsabilidade socioambiental por meio da utilização de gases ecológicos de alta eficiência termodinâmica.<br>Assistência Técnica: Ampla rede de assistência técnica, com cobertura em todo o território nacional.<br>Economia de Energia: Equipamentos com baixo consumo de energia e maior eficiência energética.<br>Especificações Técnicas:<br>Conservação de sorvetes e produtos congelados em geral<br>Refrigeração estática<br>Gabinete interno branco com formas arredondadas<br>Chapas internas e externas em aço galvanizado pré-pintado com alta resistência a corrosão<br>Moldura principal em alumínio anodizado e moldura lateral em ABS, garantindo alta resistência<br>Dreno frontal<br>Encaixe para display suporte de preço<br>Rodízio duplo giratório de alta resistência 360o<br>Degelo manual<br>Termostato ajustável para baixa temperatura<br>Tampa de vidro reto temperado e baixo emissivo com sistema de vedação de alta eficiência<br>Isolamento de poliuretano ecologicamente correto de 80mm de espessura<br>Grade plástica em material de alto impacto com proteção U.V.<br>Sem Microventilador do condensador: Mais silencioso durante o uso e elimina manutenção preventiva<br>Temperatura de operação de 35°C / 75% de umidade relativa do ar<br>Sistema de retirada de tampas de fácil remoção<br>Dimensões do Produto:<br>(AxLxC): 82,9 x 104,5 x 67,9 cm<br>Peso: 54 Kg<br>Garantia: 2 anos (Ofertado pelo fabricante)<br>Fornecedor: Fricon<br><br>","{""capacidade_liquida_de_armazenamento"":""311 L"",""marca"":""Fricon"",""portas"":""2 Portas"",""voltagem"":""Bivolt""}",311 L,Fricon,,Bivolt,,2 Portas,,,311L,Fricon,Branco,Não informado,Horizontal,2 Portas,2,Manual,Fricon,311L,Branco,110V,Horizontal,2 Portas,Manual
climario||23807,Freezer,Freezer Vertical Tripla Ação Porta com Visor 544 Litros Metalfrio VF55FT Branco 127V,"Freezer Vertical Tripla Ação Porta com Visor 544 Litros Metalfrio VF55FT Branco O VF55 Tripla Ação garante ainda mais versatilidade para o seu negócio. Com termostato frontal é possível de maneira prática uma de suas três funções: refrigerador de bebidas, conservador de gelos ou freezer para alimentos congelados. <strong> Para frente de loja ou retaguarda</strong> A porta com visor do VF55 Tripla Ação permitye que ele seja utilizado na frente de loja como expositor de produtos ou na área de retaguarda, para o armazenamento de alimentos e estoque. <strong>Economia de energia</strong> O VF55 Tripla Ação é o mais econômico da categoria! Seu sistema de refrigeração otimizado com os mais modernos e eficientes componentes garante baixo consumo de energia para seu estabelecimento. Bom para o planeta, ótimo para o seu bolso. <strong>Capacidade de armazenamento</strong> Capacidade Bruta: 544 litros Capacidade Líquida: 524 litros <strong>Dimensões Externas</strong> Largura: 67,5 cm Altura: 189 cm Profundidade: 86 cm Peso Líquido: 94,95 kg <strong>Dimensões Internas</strong> Largura: 55,5 cm Altura: 129 cm Profundidade: 67 cm <strong>Faixas de Temperatura</strong> Refrigerador: +2°C a +8°C Conservador: -10°C a -16°C Freezer: -18°C a -22°C <strong>Prateleiras</strong> 3 suspensas e reguláveis <strong>Largura Embalado</strong> 71 cm <strong>Altura Embalado</strong> 192 cm <strong>Profundidade Embalado</strong> 88,9 cm <strong>Peso Bruto</strong> 104,95 kg •Material Serpentina Material : Alumínio","{""marca"":""Metalfrio"",""tipo"":""Vertical"",""voltagem"":""127 V""}",,Metalfrio,,127 V,Vertical,,,,524 Litros,Metalfrio,Branco,127V,Vertical,Porta com Visor,1,Não informado,Metalfrio,524L,Branco,110V,Vertical,1 Porta,
magazineluiza||010112700,Freezer,Freezer Frost Free Eletrônico Inox 228 L Brastemp,,"{""capacidade_liquida_de_armazenamento"":""228 L"",""cor"":""Inox"",""marca"":""Brastemp"",""tipo_de_degelo"":""Frost Free"",""voltagem"":""127 V""}",228 L,Brastemp,Inox,127 V,,,,Frost Free,228 L,Brastemp,Inox,Não informado,Freezer,Não informado,Não informado,Frost Free, Brastemp,228L,Inox,,,,Frost Free
engageeletro||55020,Freezer,Freezer e Refrigerador Horizontal Metalfrio Dupla Ação 2 tampas 546 litros DA550,"Desempenho profissional, maior capacidade de armazenamento e robustez, em duas funções: freezer ou refrigerador, você escolhe!<br><br>E conta com a maior capacidade de armazenamento da categoria, tendo espaço suficiente para manter o estoque em dia, com toda tranquilidade.<br><br>Versatilidade: pode ser usado como freezer ou refrigerador.<br><br>Performance profissional: qualidade e durabilidade para todas as situações.<br><br>Robustez: peças e componentes de alta tecnologia e qualidade.<br><br>Características<br><br>- Freezer horizontal profissional: compressor de alta potencia, condensador helicoidal e otimização de sua dimensão permitem congelar alimentos de forma rápida e eficiente. <br> <br>- Rápida recuperação de temperatura interna: garante o frio no interior do gabinete e a conserva os alimentos congelados ? fator essencial para o bom funcionamento em aplicação comercial, que exige centenas de aberturas de tampa por dia e constante reposição de produtos. <br> <br>- Robustez: dobradiças reforçadas (projetadas para suportar aberturas frequentes de tampas), puxador de plástico ABS (mais rígido e resistente a impacto) e tanque interno de aço pré-pintado (melhor acabamento e maior resistência à corrosão).<br> <br>- Dupla Ação: através de uma chave seletora, em poucos segundos o DA420 se transforma em um refrigerador. São dois equipamentos em um! <br> <br>- Fechadura: mantém a carga protegida e a garantia de vedação completa do freezer.<br> <br>- Tampas balanceadas: leves para abrir, resistentes e seguras para vedar.<br> <br>- Gaxeta removível: facilita a limpeza do equipamento e a remoção das sujeiras mais difíceis.<br> <br>- Rodízios reforçados: melhor locomoção por muito mais tempo.<br> <br>- Separador interno removível facilita a organização dos produtos. <br> <br>- Dreno frontal: dispensa o deslocamento do equipamento para degelo.<br><br>Especificações Técnicas<br><br>Tipo de Degelo: Manual<br>Função refrigeração: Sim<br>Capacidade (litros): 546<br>Número de portas: 2<br>Tensão/Voltagem<br>- 110V<br>- 220V<br>Cor: Branco<br>Temperatura mínima/máxima: 2 a 8oC e -18 a -22oC<br><br>Observações<br>1. Não nos responsabilizamos pela instalação/montagem deste produto. Para eventuais peças adicionais, bem como possíveis limitações à utilização de todas as funcionalidades, consulte o fabricante. <br><br>2. Foto meramente ilustrativa. <br><br>3. Devido às normas da ABNT e às resoluções no 13 de 2006, no 2 de 2007 e no 8 de 2009 do CONMETRO , os fabricantes estão mudando as tomadas para o novo padrão. Para utilizar este produto, será preciso adaptador ou a troca da tomada antiga. Não nos responsabilizamos por esta alteração.<br><br>5. Para instalação, funcionalidades, manutenção e cuidados específicos consulte o manual do produto. <br>Entrega do Produto<br>Não nos responsabilizamos pelo transporte por escadas/elevadores, guincho ou içamento deste produto.<br><br>Dimensões<br><br>Altura: 94,40 cm<br>Largura: 1,67 m<br>Profundidade: 69,00 cm<br>Peso: 92,00 kg<br><br>Garantia de 12 Meses","{""capacidade_liquida_de_armazenamento"":""546 L"",""marca"":""Metalfrio"",""voltagem"":""220 V""}",546 L,Metalfrio,,220 V,,,,,546,Metalfrio,Branco,"110V
- 220V",Freezer,2 tampas,2,Manual,Metalfrio,546L,Branco,Bivolt,Horizontal,2 Portas,Manual
friopecas||126752,Freezer,Freezer Horizontal Metalfrio NF40S 400 Litros  127 Volts,"Freezer Horizontal Metalfrio NF40S 400 Litros – 127 Volts NF40 Metalfrio: Nova linha Nextgen Supra! Baixa temperatura para armazenamento de sorvetes e congelados. <br> A linha de Freezers NF Supra possui alta performance, robustez e durabilidade, ideal para estabelecimentos comerciais, no armazenamento de sorvetes e congelados. <br> Seus diferenciais tecnológicos auxiliam no baixo consumo de energia, reduzindo consideravelmente o valor da sua conta no final do mês. <br> Fabricado com motor eletromecânico, o freezer conserva a refrigeração certa para os seus produtos, mesmo em ambientes com temperaturas elevadas e alto fluxo de abertura de porta. <br> Ideal para: Sorveterias, cozinhas industriais, bares, mercados, padarias e lojas de conveniência. <br> Altura anatômica, ideal para visualização dos seus produtos por crianças e adultos. <br> Economia de energia: Troca de calor mais eficiente e maior vida útil do sistema de refrigeração proporcionam redução de consumo de energia de até 52%. <br> Nova moldura: Com design moderno e em plástico de alta resistência, a nova moldura fixa garante suavidade na abertura das tampas. <br> Gás Ecológico R290: Amigável ao meio ambiente reduz em até 99% as emissões de gases causadores do efeito estufa. <br> Gabinete inteligente: Dimensões internas projetadas para otimizar o uso de caixas de sorvetes (estoque embaixo dos cestos) e cesto padrão único com tamanho próprio para armazenagem de picolés. <br> Parede de Isolação: Com 75mm, mantém o interior do freezer mais gelado e troca de calor mais eficiente. <br>","{""marca"":""Metalfrio"",""voltagem"":""127 V""}",,Metalfrio,,127 V,,,,,400 Litros,Metalfrio,Não informado,127 Volts,Horizontal,Não informado,Não informado,Não informado,Metalfrio,400L,Branco,110V,Horizontal,2 Portas,Manual
lojasdular||113,Freezer,Freezer Horizontal Metalfrio 170 Litros DA170,"A Metalfrio traz o Freezer DA-170 para proporcionar toda facilidade no armazenamento de bebidas e alimentos. Super 2 em 1, possui 1 porta e trabalha como freezer ou refrigerador, chegando até -22°C de temperatura. Conta com grades, puxadores e compartimentos para melhor organização dos produtos armazenados. Resistente e prático, contém material de chapa pré pintada, termostato com dupla ação e rodízios reforçados, garantindo melhor funcionalidade e maior durabilidade do Freezer. <br><br><br>Características:<br>Marca: Metalfrio<br>Modelo: Freezer DA-170<br>Capacidade: 166 Litros<br>Tipo de freezer: Horizontal<br>Portas:01<br>Material: Chapa pré pintada<br>Tipo de degelo: Manual<br>Grades: 1<br>Puxadores: 1<br>Compartimentos: 1<br>Painel de controle<br>Pés: Rodízios reforçados<br>Rodízios para transporte<br>Dreno de gelo<br>Termostato: dupla ação<br>Fechadura de segurança<br>Controle de temperatura<br>Eficiência energética: A<br>Consumo aprox. de energia: 31,6 KWh/Mês <br>Temperatura: Modo Regrigerador: 2°C a 8°C / Modo Freezer: -18°C a -22°C<br><br><br>Dimensões:<br>Altura: 94.4 cm<br>Largura: 66.3 cm<br>Profundidade: 69 cm<br>Peso: 55 kg<br><br><br>Garantia do Fornecedor de 12 Meses","{""capacidade_liquida_de_armazenamento"":""170 L"",""marca"":""Metalfrio"",""portas"":""1 Porta"",""voltagem"":""127 V""}",170 L,Metalfrio,,127 V,,1 Porta,,,170 Litros,Metalfrio,Não informado,Não informado,Horizontal,1,1,Manual,Metalfrio,166L,Branco,110V,Horizontal,1 Porta,Manual
angeloni2||4868340,Freezer,Freezer Vertical Brastemp Flex Frost Free Inox 228L BVR28NK,"<br> Freezer Vertical Brastemp Flex Frost Free Inox 228L BVR28NK <br> <br> <br> <br> <br> Controle eletrônico de temperatura <br> <br> <br> Programe a temperatura que você quer em apenas um toque. Você também pode alternar entre os modos Refrigerador e Freezer. <br> <br> <br> <br> <br> Tecnologia Frost Free <br> <br> <br> <br> Graças ao sistema Frost Free você nunca vai precisar descongelar, porque ele faz isso sozinho. <br> <br> <br> <br> Porta Reversível <br> <br> <br> <br> O seu Freezer Flex Brastemp pode ter a abertura da porta invertida para se adequar melhor ao seu ambiente. Se você tem esta necessidade, chame o serviço autorizado. A primeira reversão, dentro do prazo de garantia, será executada gratuitamente. <br> <br> <br> <br> <br> Prateleiras de vidro temperado <br> <br> <br> <br> São fáceis de limpar, melhoram a visibilidade do interior da geladeira e são super resistentes. <br> <br> <br> <br> <br> Pés estabilizadores <br> <br> <br> <br> Pés estabilizadores fáceis de manusear. Faça o nivelamento adequado para ter o melhor desempenho do seu freezer Brastemp. <br> <br> <br> <br> <br> Monitoramento eletrônico <br> <br> <br> <br> Para a sua tranquilidade o Freezer Flex Brastemp possui um sistema que monitora o próprio funcionamento. <br> <br> <br> <br> <br> <br> <br> <p> <br> Produto em conformidade com regulamentação do Inmetro. Todas as informações técnicas divulgadas são de responsabilidade exclusiva do fabricante/fornecedor. A cor do produto pode variar de acordo com as configurações do seu monitor.</p> <br> <br>","{""capacidade_liquida_de_armazenamento"":""228 L"",""cor"":""Inox"",""marca"":""Brastemp"",""tipo"":""Vertical"",""tipo_de_degelo"":""Frost Free"",""voltagem"":""Bivolt""}",228 L,Brastemp,Inox,Bivolt,Vertical,,,Frost Free,228L,Brastemp,Inox,Não informado,Vertical,Não informado,Não informado,Frost Free,Brastemp,228L,Inox,110V,Vertical,1 Porta,Frost Free
carmelimports2||DA420B4352-CP1,Freezer,Freezer Horizontal 2 Porta DA420 Expositor Dupla Ação 419 Litros - Metalfrio 220 V,"<p>Freezer Refrigerador Horizontal 2 Tampas DA420 Branco 419 Litros - Metalfrio<br><br>Indicado para armazenamento de alimentos que necessitam de conservação em baixa temperatura. Alta capacidade de congelamento e robustez, em duas funções: freezer ou refrigerador! Desempenho essencial para restaurantes e cozinhas industriais.<br><br>Robustez e durabilidade:<br>Possui tampas com dobradiças reforçadas. O gabinete com interior em aço pré-pintado facilita a limpeza e é mais protegido contra corrosão.<br><br>Características<br>- Alta capacidade<br>- Dreno frontal<br>- Gabinete em aço pré pintado<br>- Gaxeta removível<br>- Melhor desempenho<br>- Puxador ergonômico<br>- Rodízios giratórios<br>- Tampa Balanceada<br>- Separador removível<br><br>Informações técnicas<br>Marca: Metalfrio<br>Modelo: Da420<br>Tensão: 110V ou 220V (não é Bivolt)<br>Peso: 69 Kg<br>Frequência: 60 Hz<br>Potência: 205W<br>Consumo: 95 Kwh/mês<br>Quantidade de tampas: 2<br>Capacidade líquida e bruta: 419L<br>Capacidade de potes de Sorvete 500ml: 300<br>Capacidade de potes de Sorvete 2l: 84<br><br>Faixa de operação<br>Freezer: -18C / -22C<br>Refrigerador: +2C / +8C<br><br>Tecnologia<br>Tipo de evaporador: Cold Wall<br>Tipo de Gás Refrigerante: R134<br>Tipo de Condensador: Forçada<br><br>Medidas externas do produto<br>Largura (frente): 1,333 m<br>Altura: 94,5 cm<br>Comprimento (lateral): 72,8 cm<br><br>Medidas internas do produto<br>Largura (frente): 1,223 m<br>Altura: 73,2 cm<br>Comprimento (lateral): 51,5 cm<br><br>*Importante: Equipamentos da linha DA são voltados para alimentos, a utilização para cervejas não é indicado.</p>","{""capacidade_liquida_de_armazenamento"":""419 L"",""marca"":""Metalfrio"",""portas"":""2 Portas"",""voltagem"":""220 V""}",419 L,Metalfrio,,220 V,,2 Portas,,,419 Litros,Metalfrio,Branco,220 V,Horizontal,2 Tampas,2,Não informado,Metalfrio,419L,Branco,220V,Horizontal,2 Portas,Manual
inpower4||5538,Freezer,Cervejeira Midea 96L Flex 3 em 1 Vidro Triplo Painel Touch 220V Preto - BCA10P2,"Se você é uma pessoa que gosta de reunir os amigos ou a família em casa para beber socialmente, seja em um jantar ou numa reunião mais descontraída, com certeza já deve ter pensado em ter uma geladeira reservada só para as bebidas. Com a cervejeira residencial vertical Midea Flex 96L você mantém suas bebidas sempre na temperatura ideal, sem risco de congelar. Aliás, é importante lembrar que, diferente da geladeira convencional, a cervejeira possui um sistema de refrigeração diferenciado e funcionalidades voltadas para bebidas, em especial a cerveja. Sendo um produto 3 em 1: adega, frigobar e cervejeira, você tem o eletro perfeito para todos os tipos de cervejas e bebidas. A Midea Flex conta com diversas opções de temperaturas, de de -5 a 18oC, iluminação interna especial, baixo nível de ruído, display digital com Painel Touch em Led branco e memória inteligente: Volta à temperatura na falta de energia. Fabricada em aço, e vidro triplo ela conta com maior isolamento entre a temperatura interna e externa, evitando transpiração e formação de gotículas de água na parte externa da porta e, para finalizar, ela possui sistema de de refrigeração Frost Free, assim você não precisa se preocupar, o degelo é automático.",,,,,,,,,,96L,Midea,Preto,220V,Cervejeira,Não informado,Não informado,Frost Free,Cervejeira,,,,,,
carrefouroficial||900006776,Freezer,Freezer Horizontal Degelo Manual 1 Porta 309 Litros CHA31EB Consul,"O Freezer Horizontal CHA31 da marca Consulcom 309 litros possui controle eletrônico, para você programar a temperatura facilmente e escolher entre os modos freezer ou refrigerador. É prático e econômico, pois possui classificação energética A. Possui controle eletronico para você programar a temperatura facilmente e escolher entre os modos freezer ou refrigerador.<br> <br> Características: <br> Modelo: CHA31EB<br> Eficiência Energética: Classe A<br> Material: Aço e plástico<br> Quantidade de Portas: 1 Porta<br> Capacidade em Litros: 309 L<br> Tipo de Pés: Rodízios<br> Cor do Eletrodoméstico: Branco<br> Tipo de Freezer: Horizontal<br> Degelo: Manual<br> Sistema de Refrigeração: compressor<br> Material da prateleira e gaveta: Aço<br> <br> Itens Inclusos:1 Freezer , Manual de Instruções<br> <br> Dimensões aproximadas do produto (AxLxP):94,3x94,6x77,3 cm<br> Peso aproximado do produto sem embalagem:4850 g<br> <br> Garantia do Fornecedor:12 Meses<br> <br> Observações: Imagem meramente ilustrativa;<br> Todas as informações divulgadas são de responsabilidade do fabricante/fornecedor;<br> As cores podem sofrer variações de acordo com o tipo, configuração e resolução do seu monitor;<br> Verifique a voltagem do produto antes de colocar no carrinho;<br> Verifique as dimensões do produto. Certifique-se de que ele passará por elevadores, portas, escadas e/ou corredores, evitando imprevistos com a entrega do produto.","{""cor"":""Branco"",""marca"":""Consul"",""quantidade_de_portas"":""1 Porta"",""tipo_de_degelo"":""Degelo Manual"",""voltagem"":""127 V""}",,Consul,Branco,127 V,,,1 Porta,Degelo Manual,309 Litros,Consul,Branco,Não informado,Horizontal,1 Porta,1,Manual,Consul,309L,Branco,110V,Horizontal,1 Porta,Manual
lojasmm||15864,Freezer,Freezer Vertical Electrolux Cycle Defrost 234L Uma Porta,"O Freezer Vertical Electrolux Cycle Defrost Uma Porta (FE27) é um refrigerador de Grande Capacidade, com espaço interno para até 234 litros, que preserva seus alimentos, bebidas e embalagens preferidas de modo econômico com o baixo consumo energético da Classificação A, menor da categoria.<br> <br> Espaçoso e econômico, possui ainda Gás Ecológico R600 que não prejudica a natureza, unindo funcionalidade e sustentabilidade. Perfeito para melhor organização interna, além de contar com Prateleiras de tampas basculantes que deslizam ao abrir para facilitar o acesso. E ainda com três grandes gavetas que ajudam a separar e visualizar alimentos e bebidas do seu freezer.<br> <br> Para maior praticidade de limpeza, o dreno facilita o descongelamento ao escoar a água de degelo, apoiando no recolhimento quando necessário. Os Pés de Nivelamento garantem maior comodidade durante o seu uso ao se adaptar em piso de diferentes níveis.<br> Características:<br> GRANDE CAPACIDADE 234L para armazenar alimentos, bebidas e embalagens.<br> <br> CLASSIFICAÇÃO ENERGÉTICA A Menor consumo de energia elétrica para maior economia.<br> <br> GÁS ECOLÓGICO (R600) Não agride o meio ambiente nem a camada de ozônio.<br> <br> PRATELEIRAS 4 prateleiras com tampa basculante que deslizam ao abrir para facilitar o acesso aos alimentos, bebidas e limpeza dos compartimentos.<br> <br> GAVETAS 3 grandes gavetas para melhor distribuição interna, além de maior facilidade na limpeza.<br> <br> DRENO DE GELO Mais facilidade no descongelamento do seu produto, a água de Degelo escoa pelo dreno facilitando seu recolhimento.<br> <br> PÉS NIVELADORES Para maior comodidade de uso, que se adaptam em diferentes níveis de piso.<br> <br> Material das Prateleiras: Alumínio + Tampa basculante Transparente em PS<br> <br> Sistema de Refrigeração: Compressor<br> <br> Tecnologia: Cycle Defrost<br> <br> Dimensões: <br> Altura: 173 cm<br> Largura: 55 cm<br> Profundidade: 62 cm<br> <br> Peso: 52 kg<br> <br> Garantia: 12 meses","{""cor"":""Branco"",""marca"":""Electrolux"",""tipo"":""Vertical"",""voltagem"":""Bivolt""}",,Electrolux,Branco,Bivolt,Vertical,,,,234L,Electrolux,Não informado,Não informado,Vertical,Uma Porta,1,Cycle Defrost,Electrolux,234L,Branco,110V,Vertical,1 Porta,Cycle Defrost
varimaqequipamentos||3925,Freezer,Freezer Horizontal Vidro 300 L Frilux Rf106 Inox 304,"<p>CONSERVADOR EXPOSITOR HORIZONTAL TAMPA DE VIDRO FRILUX</p><p>RF - 106</p><p>CONSERVADOR HORIZONTAL TAMPAS DE VIDRO, BAIXO EMISSIVO COM DEGRADE, CANTOS INTERNOS E EXTERNOS ERGONÔMICO COLARINHO EM ABS. DUPLA AÇÃO, GÁS ECOLÓGICO, DRENO FRONTAL, RODÍZIOS DUPLOS</p><p>INOX 304</p><p>CÓDIGO - RF-106<br>CAPACIDADE - 300 LITROS<br>FRENTE - 1000MM<br>LATERAL - 700MM<br>ALTURA - 950MM<br>TEMPERATURA - +5 À -20<br>CONSUMO - 65 KWH/MÊS<br>Voltagem: 127v ou 220V<br>PESO - 70kg.</p> ","{""capacidade_liquida_de_armazenamento"":""300 L"",""marca"":""Frilux"",""voltagem"":""220 V""}",300 L,Frilux,,220 V,,,,,300 L,Frilux,Inox,127v ou 220V,Horizontal,Vidro,Não informado,Não informado,Frilux,300L,Inox,220V,Horizontal,2 Portas,
techshop||FREMTA00005,Freezer,Freezer Horizontal 543 Litros MetalFrio Chest Dupla Ação Branco Bivolt - DA550IFT00,"<p><strong>Freezer Horizontal 543 Litros MetalFrio Chest Dupla Ação Branco Bivolt - DA550IFT00</strong></p><p><br></p><p>Seus problemas com falte de espaço acabaram! O novo Freezer DA550BIFT00 da Metalfrio vai acabar com este problema. Ele possui uma incrível capacidade de 543 litros e 2 portas para facilitar o acesso, com os modos freezer ou congelador você pode congelar os alimentos ou manter suas bebidas refrigerando.</p><p><br></p><p><strong>Capacidade</strong></p><p>Pensando na grande demanda de estabelecimentos, o DA550BIFT00 conta com 543 litros de capacidade, dando liberdade para armazenar 120 potes de sorvete de 2L ou 420 potes de 500ml, tudo isso com muita praticidade e organização, possuindo um separador removível.</p><p><br></p><p><strong>Desempenho profissional!</strong></p><p>Para suportar a rotina, ele possui um compressor de grande desempenho, alta capacidade de congelamento e rápida recuperação da temperatura. Suas dimensões são otimizadas para garantir o frio em toda área interna, congelando os alimentos de forma rápida e eficiente. Você pode utiliza-lo no modo freezer que trabalha em uma temperatura de -18 a -22°C ou no modo refrigerador com temperaturas entre 2 a 8°C.</p><p><br></p><p><strong>Qualidade e durabilidade</strong></p><p>O freezer dispõe de materiais de altíssima qualidade preparado para atender todas as suas demandas. Dobradiças reforçadas permitem que você possa abrir as tampas várias vezes ao dia sem se preocupar com danos às mesmas. Já seu interior é em aço pré-pintado facilitando na limpeza e protegendo contra a corrosão.</p><p><br></p><p><strong>Características</strong></p><p><strong>•</strong> <strong>DUPLA AÇÃO:</strong> Dois equipamentos em um. Freezer ou refrigerador, você escolher!</p><p><br></p><p><strong>•</strong> <strong>DESEMPENHO PROFISSIONAL:</strong> O DA550IFT00 possui alta capacidade de congelamento, para que grandes quantidades de alimentos sejam congelados de forma mais rápida e eficiente. Desempenho essencial para restaurantes e cozinhas industriais.</p><p><br></p><p><strong>•</strong> <strong>ROBUSTEZ E DURABILIDADE:</strong> O DA550IFT00 possui tampas com dobradiças reforçadas para atender a rotina agitada e alta exigência de cozinhas industriais. O gabinete com interior em aço pré-pintado facilita a limpeza e é mais protegido contra corrosão.</p><p><br></p><p><strong>•</strong> <strong>É INVERTER:</strong> Desempenho otimizado com a carga. Além disso é silencioso e possui alto nível de eficiência, reduzindo o consumo de energia do seu estabelecimento.</p><p><br></p><p><strong>Especificações Técnicas</strong></p><p>Marca: Metalfrio</p><p>Modelo: DA550IFT00</p><p>Capacidade Total: 543 Litros</p><p>Tipo de degelo: Manual</p><p>Tipo de freezer: Horizontal</p><p>Modos: Congelador e refrigerador</p><p>Painel: Externo</p><p>Quantidade de portas: 02 Portas</p><p>Controle de temperatura: Não</p><p>Temperatura: Freezer: -18 a -22°C | Refrigerador: 2 a 8°C</p><p>Material Interno: Aço</p><p>Dreno Frontal: Sim</p><p>Pés com rodízios: Sim</p><p>Travamento de porta com chave: Sim</p><p>Cestos internos: Não</p><p>Puxador ergonômico: Sim</p><p>Gaxeta removível: Sim</p><p><br></p><p><strong>Tecnologia e Alimentação</strong></p><p>Tipo de Gás Refrigerante: R1134</p><p>Voltagem: 110v/220v<strong>(Produto Bivolt)</strong></p><p>Frequência: 60Hz</p><p>Potência: 331W</p><p><br></p><p><strong>Exemplos de armazenamento</strong></p><p>Pote de Sorvete 2L: 120 Unidades</p><p>Pote de Sorvete 500ml: 420 Unidades</p><p><br></p><p><strong>Peso e Dimensões</strong></p><p>Externas A x L x P: 94,5 x 133,30 x 72,80 Cm</p><p>Internas A x L x P: 73,20 x 122,30 x 51,50 Cm</p><p>Peso líquido: 69kg</p><p><br></p><p><strong>Conteúdo da embalagem</strong></p><p><strong>-</strong> 01 Freezer Horizontal Metalfrio DA550IFT00</p><p><strong>-</strong> 01 Manueal de Instruções</p><p><br></p><p><strong>Garantia</strong></p><p>01 ano (03 meses de garantia legal mais 09 meses de garantia especial concedida pelo fabricante)</p>","{""marca"":""Metalfrio"",""portas"":""2 Portas"",""voltagem"":""Bivolt""}",,Metalfrio,,Bivolt,,2 Portas,,,543 Litros,Metalfrio,Branco,Bivolt,Horizontal,2 Portas,2,Manual,Metalfrio,543L,Branco,Bivolt,Horizontal,2 Portas,Manual
engage-info||3123,Freezer,Freezer Horizontal Midea 100L Branco CFA10B,"O Freezer Horizontal Midea 100L é perfeito para quem quer preservar alimentos resfriados, conservados ou congelados de forma rápida. Possui cesto para melhor organização de seus alimentos e graças a versatilidade de suas funções, pode operar tanto como Freezer entre as temperaturas -24°C e -18°C, quanto como conservador e refrigerador entre as temperaturas 10°C e -18°C. Possui selo procel com classificação A de economia no Inmetro e 10 anos de garantia no compressor.<br><br>Características<br><br>- 3 funções para atender as necessidades do dia a dia: freezer, refrigerador e conservador .<br>- Com temperaturas de -24°C a +10°C<br>- Supereconômico: Selo Procel e classificação Energética A+ para modelo 127V e A para modelo 220V<br><br>- Termostato externo: três estágios de temperatura<br>- Cesto de armazenagem: para melhor organização de seus alimentos<br>- Baixo nível de ruído<br>- Rodízios: para facilitar o transporte<br>- Gás refrigerante ecológico R600a: livre de CFC<br>- 10 anos de garantia no compressor<br><br>Especificações Técnicas<br><br>Código: CFA10B1 / CFA10B2<br>Modelo: Freezer Horizontal Midea 100L<br>Fabricante: Midea<br>Fornecedor: Springer Carrier LTDA<br>Eficiência energética: Selo Procel e classificação Energética A+ para modelo 127V e A para modelo 220V<br>Funções: Resfriar, Conservar e Freezer<br>Range de temperatura: 10 - 0 / -12 - -24°C<br>Capacidade (l): 100<br>Painel: Mecânico<br>Cor interna: Prata<br>Cor externa: Branco<br>Material interno: Alumínio<br>Material externo: Aço galvanizado<br>Número de portas: 1<br>Cesto de armazenagem: Sim<br>Puxador: Sim (fixo)<br>Dreno: Frontal<br>Rodízio: 2 rodízios somente na base do compressor<br>Suporte do cabo de alimentação: Sim<br>Luz Indicadora de Funcionamento: Sim<br>Fluido Refrigerante: R600a<br>Consumo aproximado de energia (kWh/mês): 22 / 22,6<br>Potência (W): 110W<br>Temperatura de Operação do Freezer: -18°C (mínimo) / -24°C (máximo)<br>Temperatura de Operação do Refrigerador: 0°C (mínimo) / 10°C (máximo)<br>Temperatura de Operação do Conservador: -12°C (mínimo) / -18°C (máximo)<br>Frequência: 60 Hz<br>Potência sonora dB (A): 42 / 40<br>Tipo de tomada: 10A<br>Itens inclusos na embalagem: Freezer Horinzontal e manual do usuário<br><br>Dimensões<br><br>Altura: 85 cm<br>Largura: 54,5 cm<br>Profundidade: 49,5 cm<br>Peso liquido: 21kg<br><br>Produto Embalado<br>Altura: 88,8 cm<br>Largura: 57,8 cm<br>Profundidade: 52 cm<br>Peso Bruto: 22kg<br>Empilhamento: 3<br><br>Garantia: 12 meses / 10 anos no compressor","{""cor"":""Branco"",""marca"":""Midea"",""voltagem"":""220 V""}",,Midea,Branco,220 V,,,,,100L,Midea,Branco,Não informado,Horizontal,1,1,Não informado,Midea,100L,Branco,,Horizontal,1 Porta,
varejaodasmaquinas2||VM01455-220V,Freezer,Freezer Horizontal Dupla Ação Gelopar Tampa De Vidro 220 Litros GHDE220 CZ 220v,"<p><span>O Freezer Horizontal Dupla Ação Gelopar Tampa De Vidro 220 Litros GHDE-220 CZ -220v, foi desenvolvido para conservação e exposição de sorvetes e produtos congelados, ou conservação e exposição de bebidas e produtos resfriados. Seu termostato Dupla Ação permite ajuste de temperatura em duas faixas:-Congelados: -16° a -20°C e - Resfriados: 0o a +7oC.Sua refrigeração estática com serpentina de cobre garantindo grande durabilidade ao produto, enquanto os outros freezers do mercado possuem serpentina de alumínio, os freezers da Gelopar possuem durabilidade muito superior. Com o tempo de uso, o alumínio tende a enferrujar e quebrar, o que torna o freezer irreparável e deve ser descartado.Com degelo manual, rodízios para maior facilidade de deslocamento do freezer, tampas em vidros temperados, deslizantes, baixo emissivo, acabamento no colarinho em PVC e revestimento interno e externo em aço pré-pintado na cor branca, o GHDE é perfeito para você que procura um produto durável, robusto e prático para o dia-a-dia.</span></p><p><span><strong>Descrição:</strong></span></p><p><span>Conservador/Refrigerador Plano</span></p><p><span>Conservação e Exposição de sorvetes e produtos congelados</span></p><p><span>Conservação e Exposição de bebidas e produtos resfriados</span></p><p><span>Refrigeração: Estática com Serpentina de Cobre</span></p><p><span>Temperatura: Congelados -16 a -20C</span></p><p><span>Temperatura: Resfriados 0 a +7C</span></p><p><span>Degelo: Manual</span></p><p><span>Controle de Temperatura: Termostato dupla ação</span></p><p><span>Revestimento Interno: Aço pré-pintado branco</span></p><p><span>Revestimento Externo: Aço pré-pintado branco</span></p><p><span>Tampas: Vidros temperados, deslizantes, baixo emissivo</span></p><p><span>Gabinete com rodízios</span></p><p><span>Dreno frontal com tampa</span></p><p><span>Colarinho ’E’ em PVC</span></p><p><span>Vidros sujeitos a condensação da umidade do ar</span></p><p><span>Consumo 2,99kW/dia</span></p><p><span>Classe (4)</span></p><p><span>Capacidade Liquida- 220 litros</span></p><p><span>Equipamento certificado conforme Portaria Inmetro no 371/2009</span></p><p><span>Produto destinado para uso comercial</span></p><p><span>* Imagens meramente ilustrativas. Imagens e informações sujeitas a alterações sem aviso prévio.</span></p><p><span>** Cores de acabamento e materiais sujeitos a variação de acordo com o lote de produção e/ou entre os materiais que compõem o produto (ex.: chapa, plástico, madeiras e etc.)</span></p> <p><span><strong>Medidas:</strong></span></p><p><span>Altura(cm) 92,1</span></p><p><span>Profundidade(cm) 65,1</span></p><p><span>Frente(cm) 82,1</span></p><p><span>Peso(Kg) 45</span></p> ","{""capacidade_liquida_de_armazenamento"":""220 L"",""marca"":""Gelopar""}",220 L,Gelopar,,,,,,,220 Litros,Gelopar,Branco,220v,Horizontal,Tampa De Vidro,Não informado,Manual,Gelopar,220L,Branco,220V,Horizontal,2 Portas,Manual
carrefouroficial||900004755,Freezer,Freezer Horizontal 246 Litros 1 Porta 80W PFG260B Philco,"Freezer Horizontal 246 Litros 1 Porta 80W PFG260B Philco <br> <br> Características:<br> Capacidade em Litros: 246 L<br> Material Geral: Plástico, Metal<br> Quantidade de Cestos: 1<br> Quantidade de Portas: 1<br> Tipo de Freezer: Horizontal<br> Modelo: PFH260B<br> Consumo Aproximado de Energia: 38/mês<br> Eficiência Energética: Classe A<br> Potência: 80W<br> Linha: Freezer Horizontal<br> Degelo: Manual<br> Sistema de Refrigeração: Compressor<br> Material: Plástico e Metal<br> Sistema Dupla Função: Pode operar na função freezer ou refrigerador<br> Controle de temperatura: No painel frontal<br> Sistema de refrigeração: Por compressor<br> Classificação energética: A<br> Gás refrigerante: R600a<br> Rodízios para deslocamento (2): Facilitando a movimentação do produto<br> Dreno frontal: Facilitando o degelo e limpeza do produto<br> Degelo: Manual<br> Chave de Segurança, permite trancar o freezer se necessário<br> <br> Itens Inclusos:<br> Chave de segurança<br> <br> Dimensões:<br> Altura: 85 cm<br> Largura: 95 cm<br> Profundidade: 66 cm<br> <br> Observações: Imagem meramente ilustrativa;<br> Verifique a voltagem do produto antes de colocar no carrinho;<br> Todas as informações divulgadas são de responsabilidade do fabricante/fornecedor;<br> As cores podem sofrer variações de acordo com o tipo, configuração e resolução do seu monitor;<br> Não nos responsabilizamos pela montagem/instalação dos produtos;<br> <br> Garantia do fornecedor: 12 meses","{""capacidade_liquida_de_armazenamento"":""246 L"",""cor"":""Branco"",""marca"":""Philco"",""quantidade_de_portas"":""1 Porta"",""voltagem"":""220 V""}",246 L,Philco,Branco,220 V,,,1 Porta,,246 Litros,Philco,Não informado,Não informado,Horizontal,1 Porta,1,Manual,Philco,246L,Branco,220V,Horizontal,1 Porta,Manual
bendicasa||15752,Freezer,Freezer Vertical Electrolux FE19 162L 1Porta Cycle Defrost,"O Freezer Vertical Electrolux Cycle Defrost Uma Porta (FE19) é um refrigerador de Grande Capacidade, com espaço interno para até 162L, que preserva seus alimentos, bebidas e embalagens preferidas de modo econômico com o baixo consumo energético da Classificação ""A"", menor da categoria. Espaçoso e econômico, possui ainda Gás Ecológico R600 que não prejudica a natureza, unindo funcionalidade e sustentabilidade. Perfeito para melhor organização interna, além de contar com Prateleiras de tampas basculantes que deslizam ao abrir para facilitar o acesso. E ainda com três grandes gavetas que ajudam a separar e visualizar alimentos e bebidas do seu freezer. Para maior praticidade de limpeza, o dreno facilita o descongelamento ao escoar a água de degelo, apoiando no recolhimento quando necessário. Os Pés de Nivelamento garantem maior comodidade durante o seu uso ao se adaptar em piso de diferentes níveis.","{""cor"":""Branco"",""marca"":""Electrolux"",""tipo"":""Vertical"",""tipo_de_degelo"":""Cycle Defrost\t"",""voltagem"":""127 V""}",,Electrolux,Branco,127 V,Vertical,,,Cycle Defrost,162L,Electrolux,Não informado,Não informado,Vertical,1Porta,1,Cycle Defrost,Electrolux,162L,Branco,110V,Vertical,1 Porta,Cycle Defrost
gazinshop||6393,Freezer,Freezer Horizontal 1 Porta Midea 295 Litros RCFA31,"Freezer Horizontal 1 Porta Midea 295 Litros RCFA31<br><br>Freezer Horizontal Midea 295L, traz quatro funções para resfriar, conservar e congelar, através do termostato externo com 9 opções de temperatura. <br>Além disso, a função Freezer + possibilita resfriar os alimentos de forma mais rápida. <br>Prático, possui abertura de porta superior com puxador ergonômico e rodízios que ajudam no transporte; seu dreno frontal para escoamento da água do degelo facilita na hora da limpeza. <br>Também acompanha um cesto aramado para organização dos alimentos e fechadura com chave. <br>Não agride a camada de Ozônio, pois é livre de CFC. <br>Temperatura de Operação Freezer: mínimo de -28°C e máximo de -12°C. <br>Temperatura de operação do conservador/refrigerador: mínimo de 0°C e máximo de 10°C.<br><br>Características:<br>Consumo proximado de energia (KWh/mês): 29,7<br>Potência (W): 140<br>Faixa de Temperatura oC: 10 a -28<br>Fluido Refrigerante: R134A<br>Número de Portas: 1<br>Capacidade: 295L<br>Eficiência Energética: A<br><br>Dimensões:<br>Altura: 85 cm <br>Largura: 112 cm <br>Profundidade: 68 cm <br>Peso: 42 Kg <br><br>Garantia do fornecedor de 12 meses.","{""capacidade_liquida_de_armazenamento"":""295 L"",""cor"":""Branco"",""marca"":""Midea"",""quantidade_de_portas"":""1 Porta"",""voltagem"":""127 V""}",295 L,Midea,Branco,127 V,,,1 Porta,,295 Litros,Midea,Não informado,Não informado,Horizontal,1 Porta,1,Não informado,Midea,295L,Branco,110V,Horizontal,1 Porta,Manual
magazineluiza||010206401,Freezer,Freezer Horizontal Consul 404L,"Freezer Horizontal Consul 02 Portas 404 litros. São duas portas e pelo menos duas grandes vantagens: você consegue manter tudo bem organizadinho, sem desperdiçar energia. Os benefícios de ter um freezer desse são quase matemáticos. Faça a conta: resistência + espaço + praticidade + conveniência = alimentos bem conservados, bebida geladinha. Ele é feito com chapas de aço pintado que aguentam dos esbarrões à passagem do tempo e para limpar, não tem que fazer sujeira, basta colocar uma vasilha debaixo do dreno pra segurar o gelo derretido. Seus 4 pés têm rodinhas que ajudam você a levar o freezer pra onde precisar, acabando de vez com aquele drama na hora de limpar a poeira que se acumula lá embaixo. Além de tudo isso, ele é super versátil e transforma-se no que você quiser: freezer ou geladeira. Com apenas um toque você seleciona a função desejada.","{""capacidade_liquida_de_armazenamento"":""404L"",""cor"":""Branco"",""marca"":""Consul"",""voltagem"":""127 V""}",404L,Consul,Branco,127 V,,,,,404L,Consul,Não informado,Não informado,Horizontal,02 Portas,2,Não informado,Consul,404L,Branco,110V,Horizontal,2 Portas,Manual
gazinshop||634,Freezer,Freezer Horizontal 293 Litros 1 Tampa Metalfrio - DA302B2352,"O Freezer Horizontal 293 Litros Metalfrio tem dupla ação: refrigerador e conservador de congelados.<br><br>Gaxeta removível<br>Puxador ergonômico<br>Rodízios reforçados<br>Tampa balanceada<br>Dreno frontal<br>Classificação Energética: A<br>Equipamento com dupla ação: refrigerador e conservador de congelados<br>Gabinete interno em alumínio<br>Tensão / Frequência: 115V e 127V / 60Hz<br>Tensão / Frequência: 220V / 50Hz e 60Hz<br>Faixa de Temperatura oC: 2 a 8oC e -18 a -22oC<br>Faixa de Temperatura oF: 35,6 a 46,4oF e -0,4 a -7,6oF<br>Potência: 105W<br>Classificação do Produto: Refrigerador/Congelador<br>Quantidade de Portas/Tampas: 1<br>Material Gabinete Externo: Aço Pré Pintado<br>Material Gabinete Interno: Aço Pré Pintado<br>Material da Moldura do Tanque: Plástico<br>Tipo de Abertura: Basculante<br>Tipo do Evaporador: Cold Wall (Tubo Chapa)<br>Tipo de Gás Refrigerante: R-134A<br>Tipo de Isolação: Poliuretano<br>Tipo de Pintura: Poliéster<br>Tipo de Puxador da Porta: Plástico<br>Tipo de Condensação: Estatica<br>Tipo de Controlador de Temperatura: Termostato Eletromecânico.<br><br> <br><br>Dimensões do Produto:<br>Altura: 94.4 cm<br>Largura: 99.8 cm<br>Profundidade: 69 cm<br>Peso: 57 kg<br><br> <br><br>Garantia do Fornecedor de 12 Meses","{""capacidade_liquida_de_armazenamento"":""293 L"",""marca"":""Metalfrio"",""voltagem"":""220 V""}",293 L,Metalfrio,,220 V,,,,,293 Litros,Metalfrio,Não informado,115V e 127V  60HzbrTensão  Frequência 220V  50Hz e 60Hz,Horizontal,Tampa,1,Não informado,Metalfrio,293L,Branco,220V,Horizontal,1 Porta,Manual
gazin||12968,Freezer,Freezer Philco 199L 1 Porta Horizontal Degelo Manual Dreno Frontal PFH205B,"Freezer Philco 199L 1 Porta Horizontal Degelo Manual Dreno Frontal PFH205B<br> <br> Gelar ou congelar bebidas e alimentos, vai ficar muito mais fácil e seguro com o Freezer PFH205B Philco. Ele é 2 em 1, funciona como congelador e refrigerador. Você pode ajustar a temperatura direto no painel frontal para que tudo se mantenha em perfeitas condições de consumo. São 199 litros de capacidade interna com possibilidade de travamento da porta horizontal com chave.<br> <br> Organização e praticidade<br> O PFH205B possui degelo manual e dreno frontal, que facilitam a manutenção e o escoamento de água adequados para um bom funcionamento e higienização domodelo. Além disso, aproveite os cestos aramados, pés nivelados e com rodízios. Seja na hora de acomodar os alimentos, mudar o freezer de lugar e até economizar energia, ele faz tudo isso e muito mais pra você! : <br> Sobre a marca: Qualidade Philco: Tem coisas que só a Philco faz para você. A Philco tem uma longa história, que se caracteriza pelo desenvolvimento e fabricação de produtos que conquistaram a: preferência dos clientes por sua qualidade, durabilidade e eficiência. Além de fornecer soluções que atendem a todas as suas necessidades diárias. As principais: características da Philco são inovação e criatividade, por isso nunca para de surpreender. Essa mentalidade inovadora levou a empresa a propor um portfólio de: produtos de aproximadamente mil aparelhos. Uma linha de produção completa para cozinha, casa, climatização, refrigeração, cuidados pessoais, TV, áudio, vídeo, informática e até ferramentas. Através de nossa loja online, você pode receber nossos produtos em qualquer lugar do Brasil.<br> <br> Características:<br> Marca: Philco<br> Modelo: PFH205B<br> Capacidade total: 199 litros<br> Tipo de degelo: Manual<br> Tipo de freezer: Horizontal<br> Modos: Refrigerador e congelador<br> Painel: Manual<br> Quantidade de portas: 1 porta<br> Controle de temperatura: Sim<br> Dreno: Sim<br> Pés com rodízios: Sim<br> Travamento da porta com chave: Sim<br> Cestos internos: Sim<br> Eficiência energética: A<br> Frequência: 60 Hz<br> Inmetro: Sim<br> <br> Conteúdo da embalagem: 01 freezer e manual de instruções.<br> <br> Dimensões:<br> Altura: 85 cm<br> Largura: 81 cm<br> Profundidade: 60,5 cm<br> Peso: 36 kg<br> <br> Garantia: 12 meses (3 meses de garantia legal e mais 9 meses de garantia especial concedida pelo fabricante).<br> <br> Detalhes sobre a compra:<br> Fique de olho: siga sempre as orientações do fabricante e utilize seu produto de acordo com o manual. A empresa não se responsabiliza pelo mau uso do produto, o que pode causar perda da garantia.#8239; <br> Não nos encarregamos, no ato da entrega, por montagens e desmontagens, subir escadas/elevadores ou transporte por guincho para apartamentos. Eventuais despesas são de responsabilidade do cliente. <br> O valor divulgado é unitário e a imagem é meramente ilustrativa. Precisou trocar ou devolver? O prazo é de 7 dias a partir do recebimento do produto - Lei no 8.078 - Sempre confira no ato da entrega.","{""cor"":""Branco"",""marca"":""Philco"",""quantidade_de_portas"":""1 Porta"",""tipo_de_degelo"":""Degelo Manual"",""voltagem"":""220 V""}",,Philco,Branco,220 V,,,1 Porta,Degelo Manual,199L,Philco,Não informado,Não informado,Horizontal,1 porta,1,Manual,Philco,199L,Branco,220V,Horizontal,1 Porta,Manual
lojas-berlanda||3260,Freezer,Freezer Vertical CVU30EB 246 Litros Consul,"O freezer vertical Consul 246 litros é ideal para quem tem uma família grande, um montão de amigos ou não vai ao mercado toda semana. Se você precisa de muito espaço de armazenamento e quer compartimentos suficientes para deixar tudo organizado, este é o freezer perfeito para você!<br> <br> - Controle de temperatura no painel frontal: Você tem acesso fácil ao controle de temperatura no painel frontal, e regula a temperatura de seu freezer sem abrir a porta. Desta forma você economiza energia e também preserva a qualidade e os nutrientes de seus alimentos por mais tempo. Muito bom, né?<br> -Design e alta capacidade: O freezer vertical 246 litros tem design moderno e vai deixar sua cozinha ainda mais bonita! Além disso, é perfeito para você armazenar grandes volumes sem se preocupar se vai faltar espaço.<br> -Gavetão Multiuso: No gavetão Multiuso cabe tudo o que você quiser. Ele deixa seu freezer muito mais organizado e com o tampo transparente você vê o que tem dentro sem precisar abrir a gaveta. Super prático para o seu dia a dia!<br> -Cestos deslizantes com trava de segurança: Os 4 cestos deslizantes são funcionais e também seguros, pois suas travas impedem que saiam dos trilhos, evitando acidentes.<br> -Função Congelamento Rápido: Esta função permite acelerar o congelamento se você precisar. É só colocar os alimentos no compartimento e acionar a tecla Congelamento Rápido no painel de controle. Caso queira interromper a função é só tocar na mesma tecla novamente.","{""capacidade_liquida_de_armazenamento"":""246 L"",""cor"":""Branco"",""marca"":""Consul"",""tipo"":""Vertical"",""tipo_de_degelo"":""Degelo Manual""}",246 L,Consul,Branco,,Vertical,,,Degelo Manual,246 Litros,Consul,Não informado,Não informado,Vertical,Não informado,Não informado,Não informado,Consul,246L,Branco,220V,Vertical,1 Porta,Manual
efacil||2219281,Freezer,Freezer e Refrigerador Horizontal Esmaltec 230 Litros ECH250,"Características do Produto:<br>Modelo: ECH250<br>Capacidade Líquida (L): 214 <br>Capacidade Bruta (L): 230 <br>Dimensões AxLxP (cm): 93,70 x 77,00 x 65,00<br>Peso Líquido (kg): 54<br>Peso Bruto (kg): 56<br>Frequência (Hz): 60<br><br>Garantia: 01 Ano (Ofertada Pelo Fornecedor)<br><br>SAC - Fornecedor<br>Esmaltec<br>0800 275 1414<br>","{""capacidade_liquida_de_armazenamento"":""214 L"",""cor"":""Branco"",""marca"":""Esmaltec"",""quantidade_de_portas"":""1 Porta"",""voltagem"":""Bivolt""}",214 L,Esmaltec,Branco,Bivolt,,,1 Porta,,214,Esmaltec,Não informado,Não informado,Horizontal,Não informado,Não informado,Não informado,Esmaltec,230L,Branco,220V,Horizontal,1 Porta,Frost Free
efacil||2220254,Freezer,"Freezer Horizontal Fricon 311 Litros HCEB311, Tampa de Vidro, Branco","<br>Características do Produto:<br>Modelo: HCEB311<br>Marca: Fricon<br>Cor: Branco<br>Altura: 82,9 cm<br>Largura: 104,5 cm<br>Comprimento: 67,9 cm<br>Peso: 54 Kg<br>Capacidade Total Líquida: 311L<br>Quantidade de Portas: 2 Portas<br>Tipo de Freezer: Horizontal<br>Frost Free: Não<br>Informações Adicionais:<br>Linha HCEB Profissional: Líder de mercado na categoria. Indicado para conservação de sorvetes, polpas de frutas, açaí e produtos congelados em geral.<br>Puxador parafusado: Maior segurança ao abrir e fechar a tampa do seu equipamento.<br>Parede de isolamento de 80 mm com moldura em alumínio e ABS: Design moderno, maior durabilidade e melhor retenção do frio<br>Gabinete interno branco: Proteção extra para os seus produtos e contra corrosão.<br>Eficiente sistema de vedação: Maior estanqueidade, garantindo a vedação mais eficiente do mercado<br>Sem Microventilador do condensador: Mais silencioso durante o uso e elimina manutenção preventiva<br>Qualidade: Componentes de alta qualidade que garantem excelente desempenho e grande durabilidade.<br>Eco- Friendly: Grande responsabilidade socioambiental por meio da utilização de gases ecológicos de alta eficiência termodinâmica.<br>Assistência Técnica: Ampla rede de assistência técnica, com cobertura em todo o território nacional.<br>Economia de Energia: Equipamentos com baixo consumo de energia e maior eficiência energética.<br>Especificações Técnicas:<br>Conservação de sorvetes e produtos congelados em geral<br>Refrigeração estática<br>Gabinete interno branco com formas arredondadas<br>Chapas internas e externas em aço galvanizado pré-pintado com alta resistência a corrosão<br>Moldura principal em alumínio anodizado e moldura lateral em ABS, garantindo alta resistência<br>Dreno frontal<br>Encaixe para display suporte de preço<br>Rodízio duplo giratório de alta resistência 360o<br>Degelo manual<br>Termostato ajustável para baixa temperatura<br>Tampa de vidro reto temperado e baixo emissivo com sistema de vedação de alta eficiência<br>Isolamento de poliuretano ecologicamente correto de 80mm de espessura<br>Grade plástica em material de alto impacto com proteção U.V.<br>Sem Microventilador do condensador: Mais silencioso durante o uso e elimina manutenção preventiva<br>Temperatura de operação de 35°C / 75% de umidade relativa do ar<br>Sistema de retirada de tampas de fácil remoção<br>Dimensões do Produto:<br>(AxLxC): 82,9 x 104,5 x 67,9 cm<br>Peso: 54 Kg<br>Garantia: 2 anos (Ofertado pelo fabricante)<br>Fornecedor: Fricon<br><br>","{""capacidade_liquida_de_armazenamento"":""311 L"",""marca"":""Fricon"",""portas"":""2 Portas"",""voltagem"":""Bivolt""}",311 L,Fricon,,Bivolt,,2 Portas,,,311 Litros,Fricon,Branco,Não informado,Horizontal,2 Portas,2,Manual,Fricon,311L,Branco,220V,Horizontal,2 Portas,Manual
magazineluiza||218042000,Freezer,Freezer Horizontal 2 Portas Esmaltec 252L,"Freezer Horizontal Esmaltec. Possui capacidade líquida de 252 litros, tem iluminação em LED (Inovação no mercado), molduras plásticas de alta resistência, tem menor formação de gelo nas paredes, tampas de vidro de fácil remoção para limpeza. Tem dreno de água especial, e para garantir a qualidade e segurança é um produto aprovado pelo inmetro.","{""cor"":""Branco"",""marca"":""Esmaltec"",""quantidade_de_portas"":""2 Portas""}",,Esmaltec,Branco,,,,2 Portas,,252L,Esmaltec,Não informado,Não informado,Horizontal,2 Portas,2,Não informado,Esmaltec,252L,Branco,220V,Horizontal,2 Portas,Manual
magazineluiza||220656400,Freezer,Freezer Horizontal 2 Tampas de Vidro Ártico,"Freezer Horizontal Expositor Ártico. O modelo FH150C Preto da linha Colors, é ideal para exposição e conservação de produtos congelados e resfriados. Ele é fabricado com materiais de primeira, tem design superior e tecnologia alemã, acabamento arredondado inclinado. As 2 tampas são em vidro deslizante, semi temperada, com anti-embaçante e sistema de drenagem exclusivo para reduzir o acúmulo de gelo e evitar o travamento. Também apresenta rodinhas para facilitar a locomoção e garantir a mobilidade. Muito versátil, pois possui 7 opções de temperatura e altíssima capacidade líquida de armazenamento de 100L para guardar e conservar alimentos e bebidas.","{""voltagem"":""127 V""}",,,,127 V,,,,,100L,Ártico,Preto,Não informado,Horizontal,2 Tampas de Vidro,2,Não informado,Ártico,100L,Preto,110V,Horizontal,2 Portas,Manual
engageeletro||9620,Freezer,Freezer Vertical Consul 121 Litros CVU18GB,"Ótima capacidade interna: pequeno por fora, ideal por dentro! Esse freezer CVU18G 121L, da Consul, traz toda conveniência, organização e espaço que você precisa. Há compartimentos ideias para vários tipos de alimentos, aliando a melhor utilização do espaço e conservação dos alimentos. Possui o compartimento para Gelo e Picolé: não contamina os cubos de gelo com o sabor de outros alimentos e tem uma temperatura ideal para conservar o picolé na consistência perfeita para consumo. E para garantir maior segurança, possui cestos deslizantes com trava de segurança.<br><br>Características Gerais<br><br>- Classificação energética A: mais economia mês a mês <br>- Melhor organização dos alimento: compartimentos ideais para vários tipos de alimentos<br>- Segurança: possui cestos deslizantes e travas para maior segurança<br>- Compartimento Gelo e Picolé: mantém a consistência ideal e não contamina o gelo com sabor de outros alimentos<br>- Livre de CFC: não agride a camada de Ozônio<br>- Botão liga/desliga<br>- Termostato localizado na parte traseira do produto<br>- Pode chegar até -18oC<br><br>Especificações Técnicas<br><br>Tipo de Degelo: Manual<br>Função refrigeração: Não<br>Dispenser de gelo: Não<br>Compartimentos: 1 compartimento extra frio; 4 cestos removíveis; 1 gaveta plástica removível <br>Luz interna: Não<br>Grade interna: Não<br>Cesto removíve: Sim<br>Porta reversível: Não<br>Travamento portas com chave: Não<br>Pés com rodízio: Não<br>Consumo (kWh): 37<br>Capacidade (litros): 121<br>N° de portas: 1<br>Tensão/Voltagem<br>- 110V<br>- 220V<br>Consumo de Energia: A (menos 25% de consumo)<br>Dreno: Não<br>Cor: Branco<br>Eficiência Energética: A<br><br>Observações<br><br>1. Não nos responsabilizamos pela instalação/montagem deste produto. Para eventuais peças adicionais, bem como possíveis limitações à utilização de todas as funcionalidades, consulte o fabricante. <br><br>2. Devido às normas da ABNT e às resoluções no 13 de 2006, no 2 de 2007 e no 8 de 2009 do CONMETRO, os fabricantes estão mudando as tomadas para o novo padrão. Para utilizar este produto, será preciso adaptador ou a troca da tomada antiga. Não nos responsabilizamos por esta alteração. <br><br>3. Para instalação, funcionalidades, manutenção e cuidados específicos consulte o manual do produto. <br><br>4. Escolha a opção de voltagem do produto: 110V ou 220V<br><br>5. - Item composto APENAS pelo Freezer Vertical Consul CVU18GB 1 Porta - 121L , os demais itens são meramente ilustrativos e não fazem parte do conteúdo da embalagem.<br>Entrega do Produto<br>Não nos responsabilizamos pelo transporte por escadas/elevadores, guincho ou içamento deste produto.<br><br>Dimensões<br><br>Altura: 1,30 m<br>Largura: 48,30 cm<br>Profundidade: 62,00 cm<br>Peso: 36,00 kg<br><br>Garantia de 12 meses","{""capacidade_liquida_de_armazenamento"":""121 L"",""cor"":""Branco"",""marca"":""Consul"",""quantidade_de_portas"":""1 Porta"",""tipo"":""Vertical"",""tipo_de_degelo"":""Degelo Manual"",""voltagem"":""127 V""}",121 L,Consul,Branco,127 V,Vertical,,1 Porta,Degelo Manual,121,Consul,Branco,"110V
- 220V",Vertical,1 Porta,1,Manual,Consul,121L,Branco,110V,Vertical,1 Porta,Manual
mundofriorefrigeracao||13427038617,Freezer,Freezer Horizontal Metalfrio Ultra - NF30SB - 220V - 284 litros - Tampa De Vidro Para Sorvetes E Congelados,"O Freezer Metalfrio, apresenta degelo manual, capacidade de 284 litros, porta de vidro em formato de tampa e pés em rodizio que facilitam a movimentação. O produto é indicado para estabelecimentos comerciais como sorveterias, bares, mercados, padarias e lojas de conveniência.<br>Características:<br>Novo sistema de refrigeração com melhor desempenho, redução no consumo de energia e maior vida útil do freezer<br>Gás Ecológico R290: Amigável ao meio ambiente reduz em até 99% as emissões de gases causadores do efeito estufa<br>Novo Gabinete: nova altura do gabinete facilita o acesso e garante melhor visibilidade para sorvetes e congelados<br>Nova Parede de Isolação: mantém o interior do freezer mais gelado e a troca de calor mais eficiente<br>Tanque Interno: Feito em aço pré-pintado, além de ser mais bonito, facilita a limpeza e evita manchas, riscos e protege contra corrosão<br>Nova Moldura possui design moderno, produzida em plástico abs de alta resistência e com proteção contra raios uv<br>Puxadores: Com design moderno, são ergonômicos e resistentes<br>Veneziana lateral traz design arrojado.<br>Tipo de Pés: Rodízio<br>Modelo: NF30SB<br>Diferenciais do Freezer: Skin condenser<br>Capacidade em Litros: 284.0<br>Tipo de Freezer: Horizontal<br>Potência: 135 w<br>Condição do Produto: Novo<br>Itens Inclusos: 1 Freezer<br>Marca: Metalfrio<br>Dimensões:<br>Altura: 84 cm<br>Largura: 111.5 cm<br>Profundidade: 68 cm<br>Peso: 71 kg<br>","{""marca"":""Metalfrio"",""voltagem"":""220 V""}",,Metalfrio,,220 V,,,,,284 litros,Metalfrio,Não informado,220V,Horizontal,Tampa De Vidro,1,Manual,Metalfrio,284L,Branco,220V,Horizontal,2 Porta,Manual
gazin||639,Freezer,Freezer Vertical 203 Litros Electrolux - FE26,"O Freezer Vertical 203 Litros Electrolux tem cestos removíveis que facilitam a limpeza e organização dos alimentos.<br><br><br>- Pés niveladores: permitem o perfeito nivelamento do produto.<br>- Puxador externo super resistente: design inovador que facilita a abertura da porta.<br>- Dreno de degelo: maior praticidade no descongelamento. A água do degelo escoa pelo dreno, facilitando seu recolhimento.<br>- Sistema Congelamento Rápido: permite o congelamento rápido dos alimentos.<br>- Chave auto-expulsiva: segurança, permite o travamento do freezer.<br>- Não contém CFC: não agride a camada de ozônio.<br>- Tecla liga/desliga: basta iniciar a tecla para iniciar o descongelamento, sem necessidade de desligar o produto da tomada.<br>- Compartimento com tampa basculante: ideal para o armazenamento de grandes recipientes.<br><br> <br><br>Especificações Técnicas:<br>Modelo : FE26<br>Classificação Energética: B<br>Capacidade Bruta: 253<br>Capacidade Líq: 203<br>Tensão (V) : 127/220<br>Frequencia (Hz): 60<br>Consumo (KWh/mês) 127 V: 43.7<br>Consumo (KWh/mês) 220 V: 43.7<br><br> <br><br>Dimensões do Produto:<br>Altura: 173.1 cm<br>Largura: 55 cm<br>Profundidade: 64.5 cm<br>Peso: 60 kg<br><br> <br><br>Garantia do Fornecedor de 12 Meses","{""capacidade_liquida_de_armazenamento"":""203 L"",""marca"":""Electrolux"",""tipo"":""Vertical"",""voltagem"":""127 V""}",203 L,Electrolux,,127 V,Vertical,,,,203,Electrolux,Não informado,127220,Vertical,Não informado,Não informado,Não informado,Electrolux,203L,Branco,110V,Vertical,1 Porta,Manual
friopecas||120738,Freezer,Freezer Horizontal Fricon 411 Litros HCED411  220 Volts,"Freezer Horizontal Fricon 411 Litros HCED411 – 220 Volts <p> CARACTERÍSTICAS DO PRODUTO</p> Conservação de produtos congelados ou bebidas e refrigerados <br> Refrigeração estática <br> Gabinete com formas internas arredondadas <br> Chapas internas e externas em aço galvanizado pré-pintado com alta resistência a corrosão <br> Isolamento de poliuretano ecologicamente correto <br> Grade plástica em material de alto impacto com proteção U.V. <br> Rodízio duplo giratório de alta resistência <br> Tampa de chapa com puxador ergonômico e dobradiças balanceadas <br> Dreno frontal <br> Condensação forçada, garantindo maior velocidade de refrigeração <br> Divisória interna <br> Termostato ajustável para dupla ação <br> Temperatura de operação de 35oC / 75% de umidade relativa do ar <br> Puxador frontal com fechadura <br> Defrost (degelo natural) <br>","{""capacidade_liquida_de_armazenamento"":""411 L"",""marca"":""Fricon"",""voltagem"":""220 V""}",411 L,Fricon,,220 V,,,,,411 Litros,Fricon,Não informado,220 Volts,Horizontal,Não informado,Não informado,natural,Fricon,411L,Branco,220V,Horizontal,2 Porta,Manual
frigelar2||kit10006,Freezer,Freezer Vertical Philco 147 Litros Defrost Branco PFV165B 220V,"<p>O Freezer Vertical Philco 147 Litros Defrost Branco PFV165B oferece uma organização impecável, permitindo uma maior otimização do espaço e facilitando o acesso aos seus itens congelados.</p><p>4 Gavetas na Interna<br>Este design oferece uma organização otimizada, permitindo armazenar uma variedade de itens de forma conveniente e acessível. As gavetas adicionais maximizam o espaço interno, facilitando a separação e a localização dos alimentos.</p><p>Rodinhas para Deslocamento<br>Equipado com rodinhas que proporcionam uma mobilidade fácil e conveniente. Isso permite mover o produto com facilidade, facilitando a limpeza ou reorganização da cozinha, garantindo uma experiência prática e sem complicações.</p><p>Classificação Energética A+++<br>Com uma classificação energética A+++, este produto é altamente eficiente em termos de consumo de energia. Isso resulta em economia significativa de energia ao longo do tempo, reduzindo os custos de eletricidade e promovendo práticas sustentáveis.</p><p>147 Litros<br>Apesar de seu tamanho compacto, este modelo oferece uma capacidade interna espaçosa de 147 litros. Isso permite armazenar uma quantidade considerável de alimentos e bebidas, atendendo às necessidades do usuário de forma eficiente e conveniente.</p><p>Livre de CFC<br>Este produto é ecologicamente correto, sendo livre de CFC (clorofluorocarbono) e outras substâncias nocivas à camada de ozônio. Ao optar por este refrigerador, os consumidores contribuem para a preservação do meio ambiente e para a redução do impacto ambiental negativo.</p>","{""cor"":""Branco"",""marca"":""Philco"",""tipo"":""Vertical"",""tipo_de_degelo"":""Degelo Manual"",""voltagem"":""220 V""}",,Philco,Branco,220 V,Vertical,,,Degelo Manual,147 Litros,Philco,Branco,220V,Vertical,Não informado,Não informado,Defrost,Philco,147L,Branco,220V,Vertical,1 Porta,Manual
sellco||GZN11995x1x2,Freezer,Freezer Consul 220L 1 Porta Horizontal Degelo Manual CHA22FB - Branco - 220 Volts,"FREEZER CONSUL 220L 1 PORTA HORIZONTAL DEGELO MANUAL CHA22FB<br><br>Está cansado de sofrer com falta de espaço de armazenagem na sua geladeira? Chegou o momento de acabar com isso!<br><br>O Freezer Horizontal CHA22FB da Consul possui uma capacidade de 220 litros para você armazenar o que quiser. Além disso, ele tem um painel de regulagem de temperatura moderno, que poder ser alternado entre dois modos, freezer e refrigerador. Confira mais detalhes:<br><br>Prático e moderno<br><br>Seu painel de controle digital conta com a opção de escolha de temperatura e troca de modos em apenas um botão, tornando tudo mais simples e rápido. Para mudar do modo freezer para o refrigerador basta pressionar o botão por dois segundos, assim que a luz indicadora se acender o modo refrigerador já está ativado, para fazer a troca para o modo freezer repita o processo. São três temperaturas diferentes em cada modo, totalizando seis níveis, podendo ser ajustada no painel de controle. Possui rodízios, que te ajudam à leva-lo para onde desejar.<br><br>Segurança<br><br>A Consul também pensa em sua segurança! Para evitar que crianças menores fiquem presas dentro do freezer no momento de brincadeiras ou até mesmo prevenir contra furtos, ele dispõe de uma tranca com chave, evitando que acidentes desta natureza aconteçam.<br><br>Espaço e economia<br><br>Para suprir todas as suas necessidade ele possui uma capacidade total de 220 litros, além de conter uma grade separadora de alimentos. O CHA22FB está dentro dos padrões do INMETRO e tem uma classificação de consumo de energia A+, o que vai fazer uma grande diferença na fatura.<br><br>Sobre a marca: Qualidade Consul<br><br>Há mais de 60 anos, a trajetória da Consul se confunde com a história do setor de eletrodomésticos no Brasil. Reconhecida por trazer inovações e “sacadas criativas” ao segmento de linha branca ao longo dos anos, a empresa desenvolve soluções inteligentes que integram tecnologia e design atrativo em um único produto. Além disso, os atributos de credibilidade, facilidade de uso, parceria e criatividade são característicos de uma marca que está presente em mais e 50% dos lares brasileiros. A Consul é uma das marcas da Whirlpool Latin America, empresa líder no setor de eletrodomésticos, maior fabricante mundial de eletrodomésticos.<br><br>Detalhes sobre a compra:<br><br>Fique de olho: siga sempre as orientações do fabricante e utilize seu produto de acordo com o manual. A empresa não se responsabiliza pelo mau uso do produto, o que pode causar perda da garantia. <br><br>Não nos encarregamos, no ato da entrega, por montagens e desmontagens, subir escadas/elevadores ou transporte por guincho para apartamentos. Eventuais despesas são de responsabilidade do cliente.<br><br>O valor divulgado é unitário e a imagem é meramente ilustrativa. Precisou trocar ou devolver? O prazo é de 7 dias a partir do recebimento do produto - Lei no 8.078 – Sempre confira no ato da entrega.<br><br>Especificações técnicas:<br><br><br> Marca: Consul<br> Modelo: CHA22FB<br> Capacidade total: 220 litros<br> Tipo de degelo: Manual<br> Tipo de freezer: Horizontal<br> Modos: Freezer e refrigerador<br> Painel: Eletrônico<br> Quantidade de portas: 1 porta<br> Controle de temperatura: Sim<br> Temperatura: 6 níveis de temperatura, 3 para o freezer e 3 para o refrigerador<br> Dreno: Sim<br> Pés com rodízios: Sim<br> Travamento de porta com chave: Sim<br> Cestos internos: Não<br> Altura: 94 cm<br> Largura: 72,9 cm<br> Profundidade: 78 cm<br> Peso: 47 kg<br> Potência: 110V: 107W | 220V: 96W<br> Eficiência energética: A+<br> Consumo: 33.6 kWh<br> Frequência: 60 Hz<br> Inmetro: Sim<br> Código de barras: 110V: 7891129550643 | 220V: 7891129550650<br> Garantia: 01 ano (03 meses de garantia legal mais 09 meses de garantia especial concedida pelo fabricante)<br> Conteúdo da embalagem: 01 freezer Horizontal e manual de instruções<br>","{""capacidade_liquida_de_armazenamento"":""220 L"",""cor"":""Branco"",""marca"":""Consul"",""quantidade_de_portas"":""1 Porta"",""tipo_de_degelo"":""Degelo Manual"",""voltagem"":""220 V""}",220 L,Consul,Branco,220 V,,,1 Porta,Degelo Manual,220L,Consul,Branco,220 Volts,Horizontal,1 Porta,1,Manual,Consul,220L,Branco,220V,Horizontal,1 Porta,Manual
climario||32337,Freezer,Freezer Horizontal Dupla Ação 411 Litros Fricon HCED411C Porta única Branco 127V,"Freezer Horizontal Dupla Ação 411 Litros Fricon HCED411C Porta única Branco 127V • Conservação de produtos congelados, produtos refrigerados e bebidas • Refrigeração estática • Tampa de chapa com puxador frontal e fechadura • Chapas internas e externas em aço galvanizado pré-pintado com alta resistência à corrosão • Gabinete interno branco com formas arredondadas • Isolamento de poliuretano ecologicamente correto • Divisória interna com pintura plastificada • Dobradiças balanceadas • Rodízio duplo giratório de alta resistência 360° • Degelo manual • Grade plástica em material de alta resistência a impacto com proteção UV • Voltagens: 127V e 220V • Temperatura de operação de 35°C / 75% de umidade relativa do ar. • Capacidade (Litro): 411 • Porta: Chapa - Tampa única • Variação de Temperatura: -22° à -18°/ 0° à +8° • Consumo de energia (kWh/24h): 2,4 • Tipo de gás: R-134a • Conservação de produtos congelados ou bebidas e refrigerados • Refrigeração estática • Tampa de chapa com puxador ergonômico, fechadura e dobradiças balanceadas Chapas internas e externas em aço galvanizado pré-pintado com alta resistência a corrosão • Gabinete com formas internas arredondadas • Puxador frontal com fechadura • Divisória interna • Rodízio duplo giratório de alta resistência • Degelo manual • Grade plástica em material de alto impacto com proteção U.V. • Dreno frontal • Isolamento de poliuretano ecologicamente correto • Termostato ajustável para dupla ação • Temperatura de operação de 35oC/ 75% de umidade relativa do ar",,,,,,,,,,411 Litros,Fricon,Branco,127V,Horizontal,Porta única,1,Manual,Metalfrio,411L,Branco,110V,Horizontal,1 Porta,Manual
lojasminatel||1467013,Freezer,Freezer Vertical Electrolux FE27 234 Litros Branco - 220V,"<p><span><br>Informações do produto:<br><br>O Freezer Vertical Electrolux Cycle Defrost Uma Porta (FE27) é um refrigerador de Grande Capacidade, com espaço interno para até 234l, que preserva seus alimentos, bebidas e embalagens preferidas de modo econômico com o baixo consumo energético da Classificação ""A"", menor da categoria.<br><br>Espaçoso e econômico, possui ainda Gás Ecológico R600 que não prejudica a natureza, unindo funcionalidade e sustentabilidade. Perfeito para melhor organização interna, além de contar com Prateleiras de tampas basculantes que deslizam ao abrir para facilitar o acesso. E ainda com três grandes gavetas que ajudam a separar e visualizar alimentos e bebidas do seu freezer.<br><br>Para maior praticidade de limpeza, o dreno facilita o descongelamento ao escoar a água de degelo, apoiando no recolhimento quando necessário. Os Pés de Nivelamento garantem maior comodidade durante o seu uso ao se adaptar em piso de diferentes níveis. Grande Capacidade: Grande capacidade para armazenar e organizar alimentos, bebidas e embalagens com mais facilidade.<br><br>Classificação energética “A”: Menor consumo de energia elétrica e maior economia.<br>Gás Ecológico R600: Não agride o meio ambiente nem a camada de ozônio.<br>Prateleiras:Prateleiras com tampa basculante que deslizam ao abrir para facilitar o acesso aos alimentos, bebidas e limpeza dos compartimentos.<br>Gavetas: Três gavetas grandes para melhor organização de alimentos e bebidas, além de maior facilidade para limpeza.<br>Dreno de Degelo: Para maior praticidade no descongelamento do seu produto, a água do Degelo escoa pelo dreno facilitando seu recolhimento.<br>Pés de Nivelamento: Pés niveladores para maior comodidade de uso, que se adaptam em diferentes níveis de piso.<br><br><br>Código de barras - 7896584060393<br>Fabricante - Electrolux<br>Marca - Electrolux<br>Consumo (KW/h) - 41.2<br>Termostato - Não<br>Voltagem - 220V (não é bivolt)<br>Selo Procel - Sim<br>Controle de Temperatura - Sim<br>Potência (W) - 41.2<br>Tipos de Geladeira - 1 Porta<br>Eficiência Energética - A<br>Recursos / Compartimentos - Prateleiras reguláveis<br>Rodízios - Sim<br>Dimensões Aproximadas do Produto c/ Pés Niveladores - cm (AxLxP) - 173,1x55x64,5cm<br>Peso Aproximado do Produto (Kg) - 52.4kg<br>Capacidade Total de Armazenamento (em litros) - 234<br>Capacidade do Refrigerador (em litros) - 234<br>Capacidade do freezer (em litros) - 234<br>Tipo de Degelo - Manual<br>Números de Portas - 1<br>Congelamento Rápido - Não<br>Dreno de Degelo - Sim<br>Características da Porta / Tampo - 1 porta<br>Conteúdo da Embalagem - Freezer Vertical Electrolux<br>Garantia do Fornecedor - 12 Meses<br>Material/Composição - Metal Plastico<br>Referência do Modelo - FE27<br>Modelo - FE27<br>SAC - 3004-8778 Capitais e demais regiões Metropolitanas e 0800-728-8778 demais regiões.<br>Certificado - Certificado por Órgãos Autorizados - OCP's (Organismos de Certificação de Produtos)<br>Cor - Branco<br><br>Observações importantes<br>- Produto para uso residencial em ambiente interno, não devendo ficar exposto diretamente ao sol, calor e umidades excessivas.<br>- Pode haver alguma diferença de tonalidade entre a imagem e o produto real, por conta do tratamento de imagens e a calibração de cores do seu monitor.<br>- As imagens são meramente ilustrativas, não acompanham obje</span></p>","{""cor"":""Branco"",""marca"":""Electrolux"",""tipo"":""Vertical"",""voltagem"":""220 V""}",,Electrolux,Branco,220 V,Vertical,,,,234 Litros,Electrolux,Branco,220V,Vertical,1 Porta,1,Manual,Electrolux,234L,Branco,220V,Vertical,1 Porta,Manual
multiloja||2184,Freezer,Freezer Vertical 1 Porta Consul Facilite 231 Litros Degelo Manual,"O freezer Consul Facilite 260 possui o design alinhado com o Refrigerador Consul Facilite, trazendo mais harmonia para a sua cozinha. Esse é um desenho premiadíssimo e segue as tendencias do que a de mais moderno para ambientes.<br> Ele tem a capacidade de 231 litros e possui compartimento de congelamento rápido com acionamento no painel frontal, que proporciona melhor preservação das propriedades naturais dos alimentos. Essa tecnologia da Consul é ótima pois garante a qualidade do está sendo congelado. E também, Controle de temperatura externo, que facilita o ajuste da temperatura de congelamento e evita abertura de porta, economizando ainda mais energia e ainda conta com 4 cestos removíveis com trava de segurança. Isso da muito versatilidade no uso e conforto no manejo do dia a dia. Mais moderno: Com linhas arredondadas e novo grafismo, esse é o jeito Consul de pensar, pois oferece solução, muita qualidade em seus produtos mas sem abrir mão de um desenho especial, afinal esses produtos compõe seus ambientes, e nada melhor que eles sejam muito bonitos.<br> <br> <br> Dimensões:<br> Altura: 153,9cm<br> Largura: 61,6cm<br> Profundidade: 69,1cm<br> Peso: 53kg<br> <br> <br> Garantia do fornecedor de 12 meses.","{""capacidade_liquida_de_armazenamento"":""231 L"",""cor"":""Branco"",""marca"":""Consul"",""quantidade_de_portas"":""1 Porta"",""tipo"":""Vertical"",""voltagem"":""220 V""}",231 L,Consul,Branco,220 V,Vertical,,1 Porta,,231 Litros,Consul,Não informado,Não informado,Vertical,1 Porta,1,Manual,Consul,231L,Branco,220V,Vertical,1 Porta,Manual
marciusmagazine||0044020063,Freezer,Freezer Horizontal Ártico Colors 150L - Inox / Moldura Preta - 220V - FH150C,"<p><span><strong>Freezer Horizontal Ártico Colors 150L - Inox / Moldura Preta - 220V - FH150C</strong></span></p><p> <br></p><p>O Freezer Horizontal Ártico é especial para exposição e conservação de produtos congelados e resfriados.<br><br>Produto fabricado com materiais de primeira linha e diferenciados que garantem maior resistência e durabilidadeo. Baixo nível de ruído e baixo consumo de energia, com excelente performance nas funções 3 em 1: refrigera, conserva e congela. <br><br>As tampas são de vidro curvo de correr, com baixo emissivo e com sistema de drenagem exclusivo. Perfeito e com alta capacidade para a refrigeração de bebidas e alimentos de sua preferência.<br><br>Exclusivo, sofisticado e cheio de estilo, é o freezer ideal para o dia a dia.</p><p> <br> </p><p><strong>Marca: </strong> Ártico</p><p><strong>Referência: </strong> FH150C</p><p><strong>Cor: </strong> Gabinete: inox | Moldura: preta</p><p><strong>Linha: </strong> Linha Colors</p><p><strong>Tipo de freezer: </strong> Horizontal</p><p><strong>Funções: </strong> Freezer ou refrigerador</p><p><strong>Material: </strong> Interno: aço galvanizado | Externo: aço galvanizado pintado com alta resistência a corrosão</p><p><strong>Observação: </strong> O freezer é produzido em aço galvanizado, assim, a referência de inox é apenas para a cor da pintura externa</p><p><strong>Litros: </strong> -Líquido: 134 L | -Bruto: 150 L</p><p><strong>Voltagem: </strong> 220 V</p><p><strong>Potência nominal: </strong> 104 W</p><p><strong>Baixo consumo de energia: </strong> Sim</p><p><strong>Congelamento rápido: </strong> Sim</p><p><strong>Temperaturas: </strong> Faixa de temperatura refrigerador: +1° a +5°C | Faixa de temperatura conservador: 0° a -15°C | Faixa de temperatura congelador: -16° a -20°C</p><p><strong>Tipo de degelo: </strong> Manual</p><p><strong>Controle de temperatura: </strong> Termostato no painel frontal</p><p><strong>Tampas de correr: </strong> 2 de vidro curvo</p><p><strong>CFC: </strong> Não contém</p><p><strong>Isolamento térmico: </strong> Poliuretano alta densidade</p><p><strong>Gás refrigerante: </strong> 134a</p><p><strong>Rodízios: </strong> 04 para transporte</p><p><strong>Termostato: </strong> Sim</p><p><strong>Baixo nível de ruído: </strong> Sim</p><p><strong>Serpertina: </strong> Fixa por solda ponto</p><p><strong>Peso aproximado do produto: </strong> 39,00 kg</p><p><strong>Peso aproximado do produto embalado: </strong> 41,00 kg</p><p><strong>Dimensões aproximadas do produto: </strong> -Altura: 91 cm | -Largura: 61 cm | -Profundidade: 72 cm</p><p><strong>Dimensões aproximadas do produto embalado: </strong> -Altura: 94 cm | -Largura: 62 cm | -Profundidade: 75 cm</p><p><strong>Garantia do fornecedor: </strong> 01 ano</p><p><strong>Aviso: </strong> Imagens meramente ilustrativas</p>","{""marca"":""Midea"",""voltagem"":""220 V""}",,Midea,,220 V,,,,,134 L,Ártico,Gabinete inox  Moldura preta,220 V,Horizontal,2 de vidro curvo,2,Manual,Ártico,150L,"[Inox,Preto]",220V,Horizontal,2 Portas,Manual
magazineluiza||010105101,Freezer,Freezer Vertical 246 litros,,"{""capacidade_liquida_de_armazenamento"":""246 L"",""marca"":""Consul"",""tipo"":""Vertical""}",246 L,Consul,,,Vertical,,,,246 litros,Não informado,Não informado,Não informado,Vertical,Não informado,Não informado,Não informado,Consul,246L,Branco,220V,Vertical,1 Porta,Manual
mega-mamute||90013700,Freezer,Freezer Horizontal Profissional Gelopar 532 Litros 02 Portas GHBS-510 110V Titânio,"A Linha GHBS da Gelopar oferece freezers horizontais confiáveis e eficientes para armazenar alimentos congelados. Têm um controle de temperatura do termostato, e opera em uma faixa de temperatura de -16°C a -20°C com a segurança da tampa basculante inclinável, para preservar a qualidade dos alimentos e bebidas. Além disso, a Linha GHBS apresenta um revestimento em aço, serpentina em cobre e tem baixo ruído e baixo consumo de energia, tornando-a ainda mais atraente para estabelecimentos que procuram equipamentos de alta qualidade, duráveis e econômicos. Além disso, a Linha GHBS da Gelopar vem com rodízios que facilitam a mobilidade e a limpeza. Com a combinação dessas características, a Linha GHBS é ideal para restaurantes, padarias, supermercados e outros estabelecimentos que buscam um freezer horizontal confiável e eficiente.<br><br>Modelo: GHBS-510<br>PN: 80421.10.1<br>Cor: Titânio<br>Marca: Gelopar<br><br>Capacidade líquida: 532 litros<br>Conservação e Exposição de produtos congelados<br>Refrigeração: Estática com Serpentina de Cobre<br>Temperatura: -16 a -20C<br><br>Tecnologia: Cycle Defrost<br>Degelo: Manual<br>Controle de Temperatura: Termostato<br>Revestimento Interno: Aço pré-pintado branco<br>Revestimento Externo: Aço pré-pintado branco<br><br>Tampas: Cegas, basculantes com puxadores<br>Gabinete com rodízios<br>Skin condenser: Excelente dissipador de calor com baixíssimo nível de ruído e significativa redução no consumo de energia<br><br>Dreno frontal com tampa<br>Equipamento certificado conforme Portaria Inmetro no 371/2009<br>Produto destinado para uso comercial<br><br>Voltagem: 110V<br>Consumo: 2,97kW/dia<br>Classe: 4<br><br>Registro do Inmetro: no 371/2009<br><br>Dimensões do produto (A x L x P): 94 x 165,1 x 72 cm<br>Peso: 82 Kg<br><br>Conteúdo da embalagem:<br>01 x Freezer<br>01 x Manual de Instruções<br><br>Garantia: 12 meses com o fabricante<br>Fabricante: Gelopar<br>","{""capacidade_liquida_de_armazenamento"":""532 L"",""marca"":""Gelopar"",""voltagem"":""127 V""}",532 L,Gelopar,,127 V,,,,,532 litros,Gelopar,Titânio,110V,Horizontal,2 Portas,2,Manual,Gelopar,532L,Titânio,110V,Horizontal,2 Portas,Cycle Defrost
acimaqequipamentoscomerciais||20250,Freezer,Freezer Horizontal Ghde-310h 2 Tampas De Vidro 310 Litros 220V - Gelopar,"FREEZER HORIZONTAL GHDE-310H <br><br>Conservação de sorvetes e produtos congelados ou Refrigeração de bebidas e produtos resfriados<br>Temperatura: Congelados -16o a -20oC / Resfriados +1o a +7oC<br>Refrigeração: Estática com Serpentina de Cobre<br>Controle de Temperatura: Termostato dupla ação<br>Degelo: Manual<br>Colarinho escada em PVC<br>Tampas: Vidros temperados, deslizantes, baixo emissivo com serigrafia<br>Revestimento interno e externo em aço pré-pintado branco<br>Dreno frontal com tampa<br>Gabinete com rodízios<br>Vidros sujeitos a condensação da umidade do ar<br><br>Frequência(Hz): 50 ou 60<br>Consumo kWh/dia(60Hz): 3,37<br>Classe: 4<br><br><br>**GARANTIA DOBRADA - EXCLUSIVIDADE ACIMAQ** <br><br>PRODUTO DESTINADO PARA USO COMERCIAL","{""capacidade_liquida_de_armazenamento"":""310 L"",""marca"":""Gelopar"",""voltagem"":""220 V""}",310 L,Gelopar,,220 V,,,,,310 Litros,Gelopar,Não informado,220V,Horizontal,2 Tampas De Vidro,2,Manual,Gelopar,310L,Branco,220V,Horizontal,2 Portas,Manual
gazinshop||643,Freezer,Freezer Horizontal 477 Litros 2 Tampas Electrolux - H500,"O desenho Freezer Horizontal 477 Litros Electrolux vai deixar seu ambiente muito mais moderno.<br><br>- Dreno de degelo frontal: Maior praticidade no descongelamento. A água do degelo escoa pelo dreno, facilitando seu recolhimento.<br>- Dupla função: freezer e conservador.<br>- Tampa balanceada.<br>- Fechadura com chave autoexpulsiva: Segurança, permite o travamento do freezer.<br>- Não contém CFC: não agride a camada de ozônio.<br>- Caixa interna em aço zincado.<br>- Rodízios: facilitam a movimentação do produto.<br>- Puxadores ergonômicos.<br><br> <br><br>Especificações Técnicas:<br>Modelo : H500C<br>Capacidade Bruta: 513<br>Capacidade Líq: 477<br>Tensão (V) : 127/220<br>Frequencia (Hz): 60<br>Consumo (KWh/mês) 127 V: 100<br>Consumo (KWh/mês) 220 V: 100<br><br> <br><br>Dimensões do Produto:<br>Altura: 91.5 cm<br>largura: 155.5 cm<br>Profundidade: 76.3 cm<br>Peso: 67.5 kg<br><br> <br><br>Garantia do Fornecedor de 12 Meses","{""capacidade_liquida_de_armazenamento"":""477 L"",""cor"":""Branco"",""marca"":""Electrolux"",""quantidade_de_portas"":""2 Portas"",""voltagem"":""220 V""}",477 L,Electrolux,Branco,220 V,,,2 Portas,,477 Litros,Electrolux,Não informado,127220,Horizontal,2 Tampas,Não informado,Manual,Electrolux,477L,Branco,220V,Horizontal,2 Portas,Manual
conradomaquinas||c4e83b3a31e011ecab904201ac185033,Freezer,Congelador Horizontal Modelo DA 302  dupla ação 1 tampa cega 127 V branco Metalfrio,"A conservação correta de alimentos deve ser um dos maiores cuidados no preparo de refeições. Não dá para abrir mão de segurança e qualidade na hora de preservar alimentos.Pensando nisso, a Metalfrio, líder em refrigeração comercial na América Latina, desenvolveu sua linha Profissional de Freezer Horizontal. Freezer de alta litragem, projetados para atender cozinhas e estabelecimentos que necessitam de alta capacidade de congelamento e rápida recuperação de temperatura.Além disso, a rotina agitada pode exigir centenas de aberturas de tampas ao longo do dia, por isso eles foram projetados para ter ótima recuperação de temperatura, garantindo o frio no interior do gabinete e a conservação dos alimentos congelados.É capacidade de congelamento superior pra você oferecer sempre o melhor para seus clientes! E a sua satisfação em poder contar com desempenho profissional tão necessário para o seu dia a dia.Ideal para: cozinhas industriais, restaurantes, bares e buffets.Características Principais:• Com compressor de alta potencia, condensador helicoidal e dimensões otimizadas congela alimentos de forma rápida e eficiente.• Rápida recuperação de temperatura garante o frio no interior do gabinete e a conservação dos alimentos congelados. Essencial para o bom funcionamento em aplicação comercial, que exige centenas de aberturas de tampa por dia.• Maior capacidade do mercado: espaço para manter o estoque em dia, com toda tranquilidade. Com separador interno removível que facilita a organização dos produtos.• Robustez: dobradiças reforçadas, projetadas para suportar aberturas frequentes de tampas. Puxador em plástico ABS de alta resistência e tanque interno de aço pré-pintado (melhor acabamento e resistente à corrosão).• Dupla Ação: através de uma chave seletora, em poucos segundos o freezer DA 302 se transforma em um refrigerador. São dois equipamentos em um!• Fechadura: mantém a carga protegida e a garantia de vedação completa do freezer.• Tampa balanceada: leve para abrir, resistente e segura para vedar.• Gaxeta removível: facilita a limpeza do equipamento e a remoção das sujeiras mais difíceis.• Rodízios reforçados: melhor locomoção por muito mais tempo.• Dreno frontal: dispensa o deslocamento do equipamento para degelo.","{""marca"":""Metalfrio"",""voltagem"":""127 V""}",,Metalfrio,,127 V,,,,,Não informado,Metalfrio,branco,127 V,Horizontal,1 tampa cega,1,Não informado,Metalfrio,293L,Branco,110V,Horizontal,1 Porta,Manual
continentalcenter||B100150012704010401,Freezer,Freezer Philco Horizontal 289 Litros 1 Porta Branca Degelo Manual 127v PH327,"Freezer Philco Horizontal 289 Litros 1 Porta Branca Degelo Manual 127v PH327<p>Não ter espaço no freezer é frustrante, independente do quanto se organiza, ele continua lá cheio e bagunçado. Mas acredite, com o <strong>Freezer Philco Horizontal 289 Litros PH327</strong> ter grande capacidade e melhor aproveitamento do espaço interno será real, seu design interno permite que você aproveite todo o interior! Com a capacidade de 289 litros você pode guardar seus alimentos e suas bebidas sem precisar repensar o espaço. O freezer também pode operar como refrigerador, ele é dupla função, ajuste e controle a temperatura ideal no painel frontal. Seu degelo é manual, o aparelho conta com dreno lateral, maior praticidade ao no descongelamento. A chave de segurança permite que você tranque o Freezer caso seja necessário, conta com quatro rodas para deslocamento que facilitam na movimentação do produto. O Freezer Philco é ecologicamente correto, livre de CFC!</p>Características:<ul><li>Maior Capacidade e melhor aproveitamento de espaço;</li><li>Controle de temperatura ajustável no painel frontal;</li><li>Sistema Dupla Função: Pode operar na função freezer ou refrigerador, conforme ajuste do termostato;</li><li>Temperatura interna de operação modo refrigerador de +5°C a -1°C;</li><li>Temperatura interna de operação modo freezer de -5°C a -23°C;</li><li>Sistema de refrigeração por compressor;</li><li>Gás refrigerante R600a;</li><li>4 rodas para deslocamento, facilitando a movimentação do produto;</li><li>Dreno lateral, facilitando o degelo e limpeza do produto;</li><li>Degelo Manual;</li><li>Chave de Segurança, permite trancar o freezer se necessário;</li><li>Volume interno 289 litros;</li><li>Disponível em 127V;</li></ul>Especificações:<ul><li>Tensão: 127v.</li><li>Corrente: 1,2 A.</li><li>Garantia: 12 meses.</li><li>Aparelho fechado (AxLxP): 83cm x 110,4cm x 67,8cm.</li><li>Aparelho aberto (AxLxP): 150,8cm x 110,4cm x 67,8cm.</li><li>Peso: 58,7kg</li><li>Cor: Branco.</li><li>Portas: 1.</li><li>Capacidade: 289 Litros.</li><li>Degelo: Manual.</li><li>Gás: R600a.</li><li>Sistema: Dupla função.</li></ul> ","{""capacidade_liquida_de_armazenamento"":""289 L"",""marca"":""Philco"",""quantidade_de_portas"":""1 Porta"",""tipo_de_degelo"":""Degelo Manual""}",289 L,Philco,,,,,1 Porta,Degelo Manual,289 Litros,Philco,Branca,127v,Horizontal,1 Porta,1,Manual,Philco,289L,Branco,110V,Horizontal,1 Porta,Manual
carmelimports2||NF55SBB001-CP6,Freezer,Freezer Horizontal Branco Expositor NF55 Com Tampa De Vidro 505 Litros Metalfrio,"<p>Freezer Metalfrio Nextgen Supra NF55 505 Litros<br><br>Ideal para mercados, sorveterias, padarias, lojas de conveniência, cozinhas industriais, etc. <br><br>Características Principais<br><br>- Altura anatômica, ideal para visualização dos seus produtos por crianças e adultos.<br>- Economia de energia: Troca de calor mais eficiente e maior vida útil do sistema de refrigeração proporcionam redução de consumo de energia de até 52%.<br>- Nova moldura: Com design moderno e em plástico de alta resistência, a nova moldura fixa garante suavidade na abertura das tampas.<br>- Puxadores ergonômicos e feitos em material de alta resistência.<br>- Gabinete em plástico com alta durabilidade: Além de muita resistência a impacto, possui proteção contra raios UV, que mantém a aparência do freezer novo por muito<br>mais tempo.<br>- Gás Ecológico R290: Amigável ao meio ambiente reduz em até 99% as emissões de gases causadores do efeito estufa.<br>- Gabinete inteligente: Dimensões internas projetadas para otimizar o uso de caixas de sorvetes (estoque embaixo dos cestos) e cesto padrão único com tamanho próprio<br>para -armazenagem de picolés.<br>- Parede de Isolação: Com 75mm, mantém o interior do freezer mais gelado e troca de calor mais eficiente.<br>- Tanque Interno: Feito em aço pré pintado, permite melhor eficiência no congelamento dos produtos armazenados, além de evitar manchas, riscos e corrosões.<br>- Rodízios: Facilitam a movimentação do freezer, oferecendo praticidade na limpeza e mudança de layout no ponto de venda.<br>- Serpentina de alumínio tratado de alto desempenho.<br><br>Informações Técnicas<br><br>Capacidade Bruta: 505 litros<br>Capacidade Líquida: 405 litros<br>Peso Líquido: 96 kg<br>Faixa de Temperatura: -18C / -22C<br>Consumo 114 kW/mês<br>Frequência: 60 Hz<br>Tensão: 110V ou 220V (não é bivolt)<br><br>Medidas internas<br>Largura (frente) do Gabinete Interno: 1,55 m<br>Altura do Gabinete Interno: 64 cm<br>Profundidade (lateral) do Gabinete Interno: 51,5 cm<br><br>Medidas externas<br>Largura (frente) Externa: 1,72 m<br>Altura Externa: 84 cm<br>Profundidade (lateral) Externa: 68,1 cm<br><br>Características Construtivas Básicas e Acessórios<br><br>Degelo Automático: Não<br>Dreno: Sim<br>Fechamento Automático da Porta/Tampa: Não<br>Trava de Abastecimento: Não<br>Rodízio: Sim<br><br>Informações Técnicas Adicionais<br><br>Potência: 250W<br>Classificação do Produto: Freezer<br>Quantidade de Portas/Tampas: 2<br>Tipo de Gás Refrigerante: R290<br>Tipo de Controlador de Temperatura: Termostato<br>Armazena: 80 unidades de pote de sorvete 2 litros<br>Armazena: 270 unidades de pote de sorvete 500 ml<br><br>Informações de Transporte<br><br>Peso Bruto: 104 kg<br>Capacidade de Container 20pés: 18 unidades<br>Capacidade de Container 40pés: 40 unidades<br>Largura (frente) Embalado: 1,78 m<br>Altura Embalado: 93 cm<br>Profundidade (lateral) Embalado: 77,5 cm<br>Empilhamento Máximo: 6 unidades<br><br>Garantia de 1 ano contra defeitos de fabricação.<br><br>*Não acompanha cestos</p>","{""marca"":""Metalfrio"",""voltagem"":""127 V""}",,Metalfrio,,127 V,,,,,405 litros,Metalfrio,Branco,110V ou 220V,Horizontal,Tampas,2,Não,Metalfrio,505L,Branco,110V,Horizontal,2 Portas,Manual
valdarmoveis||2516,Freezer,Freezer Horizontal 418L PFH440B 056751004 Philco,"Freezer Horizontal Philco PFH440B é 2 em 1, freezer e refrigerador. Perfeito para quem busca um local extra para guardar os congelados. Ele tem um super espaço interno, ideal para armazenar o que você precisar. Refrigerantes, cervejas, carnes, doces, entre outros. Ele pode ser utilizado como congelador ou refrigerador, se adapta a sua necessidade. Mais econômico, classificação _x0093_A_x0094_ pela procel e livre de CFC, Ecofrendly, não agride a Camada de Ozônio. Consulte quem mais pensa em praticidade e versatilidade pra você! Philco!<br> <br> Características do Produto<br> Volume Interno 418 litros<br> Tipo: Horizontal<br> Sistema Dupla Função: Pode operar na função freezer e refrigerador;<br> Maior Capacidade e melhor aproveitamento de espaço;<br> Controle de temperatura ajustável no painel frontal;<br> Sistema de refrigeração por compressor;<br> Classificação energética A;<br> Gás refrigerante R290a;<br> Rodízios para deslocamento (4), facilitando a movimentação do produto;<br> Dreno frontal, facilitando o degelo e limpeza do produto;<br> Degelo Manual;<br> Chave de Segurança, permite trancar o freezer se necessário;<br> Descrição Complementar<br> Sistema com compressor: Sistema de refrigeração que opera com compressor hermético, proporcionando maior capacidade de refrigeração.<br> <br> Dimensões do Produto<br> Altura: 85,5 cm<br> Largura: 1,42 cm<br> Profundidade: 79 cm<br> Peso: 58,5 kg<br> <br> Garantia do Fabricante<br> 12 Meses","{""capacidade_liquida_de_armazenamento"":""418 L"",""cor"":""Branco"",""marca"":""Philco"",""quantidade_de_portas"":""1 Porta"",""tipo_de_degelo"":""Degelo Manual"",""voltagem"":""127 V""}",418 L,Philco,Branco,127 V,,,1 Porta,Degelo Manual,418L,Philco,Não informado,Não informado,Horizontal,Não informado,Não informado,Manual,Philco,418L,Branco,110V,Horizontal,1 Porta,Manual
leveros3||2022870,Freezer,Freezer Horizontal Branco Midea 205L 127V,"Freezer Horizontal Branco Midea 205 Litros <p>O Freezer Horizontal Midea 205L é perfeito para quem quer preservar alimentos resfriados, conservados ou congelados de forma rápida. Possui cesto aramado para melhor organização de seus alimentos.</p> <p>Graças a versatilidade de suas funções, pode operar tanto como Freezer entre as temperaturas -24°C e -12°C, quanto como conservador e refrigerador entre as temperaturas 0°C e 10°C. Possui selo procel com classificação A de economia no Inmetro e 10 anos de garantia no compressor.</p> Conheça mais vantagens: Super Econômico: Selo PROCEL com classificação A de economia no INMETRO Puxador ergonômico: mais praticidade para pegar seus alimentos Termostato externo: ajuste a temperatura de forma simples e rápida Cesto aramado: para melhor organização de seus alimentos Fechadura com chave: mais segurança para você Rodízios: para facilitar o transporte Gás refrigerante ecológico R600a: livre de CFC Temperaturas flexíveis para congelar, conservar e refrigerar, agregando mais possibilidades de armazenamento. Com temperaturas de -24°C a +10°C Baixo nível de ruído 3 funções para atender as necessidades do dia a dia: freezer, refrigerador e conservador <p>Instalação não inclusa! </p>","{""capacidade_liquida_de_armazenamento"":""205 L"",""cor"":""Branco"",""marca"":""Midea"",""voltagem"":""127 V""}",205 L,Midea,Branco,127 V,,,,,205L,Midea,Branco,127V,Horizontal,Não informado,Não informado,Não informado,Midea,205L,Branco,110V,Horizontal,1 Porta,Manual
carrefouroficial||900001122,Freezer,Freezer Horizontal Degelo Manual 1 Porta 143 Litros PFH160B Philco,"<p>Freezer Horizontal Degelo Manual Philco 1 Porta 143 Litros PFH160B</p><p><br></p><p>Sistema Dupla Função: Pode operar na função freezer e refrigerador; Maior Capacidade e melhor aproveitamento de espaço Controle de temperatura ajustável no painel frontal Sistema de refrigeração por compressor Gás refrigerante 4 Rodas para deslocamento, facilitando a movimentação do produto Dreno frontal, facilitando o degelo e limpeza do produto Degelo Manual Volume Interno 143 litros Chave de Segurança, permite trancar o freezer se necessário;</p><p><br></p><p>Características:</p><p>Capacidade em Litros: 143</p><p>Quantidade de Cestos: 1</p><p>Tipo de Pés: Rodízio</p><p>Modelo:PFH160B</p><p>Diferenciais do Freezer: Dupla ação - Refrigera e Congela</p><p>Eficiência Energética: Classe A</p><p>Potência: 265 W</p><p>Todas as informações divulgadas são de responsabilidade do fabricante/fornecedor</p><p>As cores podem sofrer variações de acordo com o tipo, configuração e resolução do seu monitor</p><p>Verifique a voltagem do produto antes de colocar no carrinho</p><p>Degelo: Manual</p><p>Sistema de Refrigeração: Compressor</p><p>Material: Metal e Plástico</p><p><br></p><p>Itens Inclusos:</p><p>1 Freezer</p><p>1 Manual</p><p><br></p><p>Dimensões:</p><p>Altura: 85</p><p>Largura: 63,5</p><p>Profundidade: 60,5</p><p>Peso: 28 kg</p><p><br></p><p>Garantia do Fornecedor: 12 meses</p>","{""capacidade_liquida_de_armazenamento"":""143 L"",""cor"":""Branco"",""marca"":""Philco"",""quantidade_de_portas"":""1 Porta"",""tipo_de_degelo"":""Degelo Manual"",""voltagem"":""220 V""}",143 L,Philco,Branco,220 V,,,1 Porta,Degelo Manual,143 Litros,Philco,Não informado,Não informado,Horizontal,1 Porta,1,Manual,Philco,143L,Branco,220V,Horizontal,1 Porta,Manual
britania||23566,Freezer,Freezer Horizontal 99L Philco PFH105B 2 em 1,"Freezer Horizontal 99L Philco PFH105B, um modelo com baixo consumo de energia, através da classificação A. Proporcionando praticidade e agilidade no seu dia a dia, o freezer Philco PFH105B possui dupla função, congelador e refrigerador. Além disso, não é prejudicial ao meio ambiente, já que é livre de CFC e possui gás R600a. Compacto, com uma capacidade de 99 litros, tenha maior espaço para armazenar e conservar seus alimentos e bebidas. Desenvolvido com rodízios, locomover o produto não será um problema, e o puxador com trava de segurança garante total segurança ao abrir e fechar o freezer. Tenha um produto 2 em 1 em casa, com a qualidade e a eficiência que você merece! Freezer Horizontal 99L Philco PFH105B, tem coisas que só a Philco faz pra você! • Sistema Dupla Função: pode operar na função freezer e refrigerador • Controle de temperatura ajustável no painel frontal • Sistema de refrigeração por compressor • Gás refrigerante R600a • 2 Rodas para deslocamento, facilitando a movimentação do produto • Dreno frontal, facilitando o degelo e limpeza do produto • Degelo Manual • Volume Interno 99 litros.","{""capacidade_liquida_de_armazenamento"":""99 L"",""cor"":""Branco"",""marca"":""Philco"",""tipo_de_degelo"":""Degelo Manual"",""voltagem"":""127 V""}",99 L,Philco,Branco,127 V,,,,Degelo Manual,99L,Philco,Não informado,Não informado,Horizontal,Não informado,Não informado,Manual,Philco,99L,Branco,110V,Horizontal,1 Porta,Manual
gazinshop||645,Freezer,Freezer Horizontal 385 Litros 2 Tampas Electrolux - H400,"Resistência, capacidade e economia: tudo isso neste Freezer Horizontal 385 Litros da Electrolux.<br><br>- Dreno de degelo frontal: Maior praticidade no descongelamento. A água do degelo escoa pelo dreno, facilitando seu recolhimento.<br>- Dupla função: freezer e conservador.<br>- Tampa balanceada.<br>- Fechadura com chave autoexpulsiva: Segurança, permite o travamento do freezer.<br>- Não contém CFC: não agride a camada de ozônio.<br>- Caixa interna em aço zincado.<br>- Rodízios: facilitam a movimentação do produto.<br>- Puxadores ergonômicos.<br><br> <br><br>Especificações Técnicas:<br>Modelo : H400C<br>Capacidade Bruta: 414<br>Capacidade Líq: 385<br>Tensão (V): 127/220<br>Frequencia (Hz): 60<br>Consumo (KWh/mês) 127 V : 86.2<br>Consumo (KWh/mês) 220 V : 86.2<br><br> <br><br>Dimensões do Produto:<br>Altura: 91.5 cm<br>largura: 130.5 cm<br>Profundidade: 76.3 cm<br>Peso: 80.5 kg<br><br> <br><br>Garantia do Fornecedor de 12 Meses","{""capacidade_liquida_de_armazenamento"":""385 L"",""cor"":""Branco"",""marca"":""Electrolux"",""quantidade_de_portas"":""2 Portas"",""voltagem"":""127 V""}",385 L,Electrolux,Branco,127 V,,,2 Portas,,385 Litros,Electrolux,Não informado,127220,Horizontal,2 Tampas,2,Manual,Electrolux,385L,Branco,110V,Horizontal,2 Portas,Manual
marciusmagazine||0044020051,Freezer,Freezer Horizontal Ártico 60L- Branco / Moldura Branca - 220V - FH80B,"<p><span><strong>Freezer Horizontal Ártico 60L- Branco / Moldura Branca - 220V - FH80B</strong></span></p><p> <br></p><p>O Freezer Horizontal Ártico é especial para exposição e conservação de produtos congelados e resfriados.<br><br>Produto fabricado com materiais de primeira linha e diferenciados que garantem maior resistência e durabilidadeo. Baixo nível de ruído e baixo consumo de energia, com excelente performance nas funções 3 em 1: refrigera, conserva e congela. <br><br>Sua tampa tem abertura superior, com baixo emissivo e com sistema de drenagem exclusivo. Perfeito e com alta capacidade para a refrigeração de bebidas e alimentos de sua preferência.<br><br>Exclusivo, sofisticado e cheio de estilo, é o freezer ideal para o dia a dia.</p><p> <br> </p><p><strong>Marca: </strong> Ártico</p><p><strong>Modelo: </strong> 90232602</p><p><strong>Referência: </strong> FH80B</p><p><strong>Cor: </strong> Gabinete branco | Moldura: branca</p><p><strong>Linha: </strong> Linha Branca</p><p><strong>Código de Barras EAN: </strong> 7890902326024</p><p><strong>Tipo de freezer: </strong> Horizontal</p><p><strong>Funções: </strong> Freezer ou refrigerador</p><p><strong>Material: </strong> Interno: aço galvanizado | Externo: aço galvanizado pintado com alta resistência a corrosão</p><p><strong>Litros: </strong> -Líquido: 57 L | -Bruto: 60 L</p><p><strong>Voltagem: </strong> 220 V</p><p><strong>Potência nominal: </strong> 98 W</p><p><strong>Baixo consumo de energia: </strong> Sim</p><p><strong>Congelamento rápido: </strong> Sim</p><p><strong>Temperaturas: </strong> Faixa de temperatura refrigerador: +1° a +5°C | Faixa de temperatura conservador: 0° a -15°C | Faixa de temperatura congelador: -16° a -20°C</p><p><strong>Tipo de degelo: </strong> Manual</p><p><strong>Controle de temperatura: </strong> Termostato no painel frontal</p><p><strong>Tampa com abertura superior: </strong> 1 de poliestireno moldada</p><p><strong>CFC: </strong> Não contém</p><p><strong>Isolamento térmico: </strong> Poliuretano alta densidade</p><p><strong>Gás refrigerante: </strong> 134a</p><p><strong>Rodízios: </strong> Não</p><p><strong>Termostato: </strong> Sim</p><p><strong>Baixo nível de ruído: </strong> Sim</p><p><strong>Serpertina: </strong> Fixa por solda ponto</p><p><strong>Peso aproximado do produto: </strong> 26,58 kg</p><p><strong>Peso aproximado do produto embalado: </strong> 29,20 kg</p><p><strong>Dimensões aproximadas do produto: </strong> -Altura: 69 cm | -Largura: 60 cm | -Profundidade: 54 cm</p><p><strong>Dimensões aproximadas do produto embalado: </strong> -Altura: 71 cm | -Largura: 60,5 cm | -Profundidade: 57 cm</p><p><strong>Garantia do fornecedor: </strong> 01 ano</p><p><strong>Aviso: </strong> Imagens meramente ilustrativas</p>","{""marca"":""Midea"",""voltagem"":""220 V""}",,Midea,,220 V,,,,,57 L,Ártico,Branco,220 V,Horizontal,Não informado,Não informado,Manual,Ártico,57L,Branco,220V,Horizontal,1 Porta,Manual
engageeletro||18962,Freezer,Freezer e Refrigerador Horizontal (Dupla Ação) 1 tampa 166 litros DA170 Metalfrio 127V Branco,"Um ótimo freezer para refrigerar alimentos e bebidas<br> Você precisa refrigerar alimentos e bebidas em largas quantidades? Então nada melhor do que trazer para o seu estabelecimento comercial, para o salão de festas do seu condomínio ou mesmo para a sua casa um eficiente freezer de qualidade.<br> Desenvolvido pela Metalfrio, o DA170 oferece 166 litros de capacidade interna para lidar com uma vasta quantidade de produtos. Compacto, ele esconde nas medidas tudo o que é capaz de receber.<br> Este freezer conta com 553 milímetros de largura interna, 715 milímetros de altura interna e 515 milímetros de profundidade interna que, junto ao termostato eletromecânico, proporcionarão excelente capacidade e conservação do for armazenado.<br> Ele possui um gabinete externo em aço zincado, pré-pintado com esmalte poliéster que, além de super bonito, oferece um aspecto mais receptivo para o espaço, assim como prolonga a vida útil do equipamento.<br> <br> Um aparelho equipado com tampa basculante<br> A tampa basculante que integra o DA170 da Metalfrio mantém preservada a temperatura do freezer, sem colocar em risco a integridade dos alimentos e bebidas. Além disso, ele não libera CFC na atmosfera.<br> <br> Rodízios auxiliam na organização<br> Organizar o ambiente com a chegada deste freezer horizontal fica super fácil. Aproveite os rodízios que integram o produto e aproveite para mudá-lo de lugar sempre que preciso. Outra vantagem é usufruir das medidas compactas que se adequam perfeitamente aos espaços.<br> <br> Um freezer ideal para áreas de convívio ou comércio<br> Áreas de convívio em condomínios, ideais para preparar um delicioso churrasco com os amigos e familiares, ou mesmo estabelecimentos comerciais, não podem abrir mão deste excelente freezer e sua alta capacidade de refrigeração. Com eles, a cerveja, água e refrigerante estarão sempre gelados, assim como os alimentos estarão preservados.<br> <br> Com a Linha Chest Freezer Metalfrio você tem dois equipamentos em um só: por meio de uma chave seletora, você altera de freezer para refrigerador e vice-versa de maneira prática e rápida. Perfeito para quem busca versatilidade, robustez e desempenho.<br> Versatilidade: pode ser usado como freezer ou refrigerador.<br> Performance profissional: qualidade e durabilidade para todas as situações.<br> Robustez: peças e componentes de alta tecnologia e qualidade.<br> Ideal para: restaurantes, bares, buffets e cozinhas industriais.<br> <br> Características<br> Tipo de Degelo Manual<br> Modelo Horizontal<br> Função refrigeração Sim<br> <br> Características Gerais<br> Equipamento dupla ação: refrigerador e freezer.<br> Selo Procel A: muito mais economia de energia. Bom para o meio ambiente, excelente para o seu bolso!<br> Tampa balanceada: leve para abrir, resistente e segura para vedar.<br> Gaxeta removível: facilita a limpeza do equipamento e a remoção das sujeiras mais difíceis.<br> Puxador ergonômico: design ergonômico facilita a abertura e o fechamento da tampa, permitindo o encaixe perfeito da mão.<br> Rodízios reforçados: melhor locomoção por muito mais tempo.<br> Dreno frontal: dispensa o deslocamento do equipamento para degelo.<br> Gabinete interno em aço pré-pintado: com pintura em esmalte epóxi, são mais resistentes à corrosão, propicia mais resistência e beleza ao equipamento.<br> Refrigeração estática: menos ruído e baixo consumo de energia.<br>","{""capacidade_liquida_de_armazenamento"":""166 L"",""marca"":""Metalfrio"",""voltagem"":""127 V""}",166 L,Metalfrio,,127 V,,,,,166 litros,Metalfrio,Branco,127V,Horizontal,1 tampa,1,Manual,Metalfrio,166L,Branco,110V,Horizontal,1 Porta,Manual
magazineluiza||235207400,Freezer,Freezer Horizontal Consul 1 Porta 220L CHA22FBANA,"Praticidade e qualidade é o que precisamos no dia a dia, o Freezer horizontal CHA22FBANA da Consul preserva seus alimentos, bebidas e embalagens preferidas de modo econômico. É um freezer com espaço interno para até 220 litros de capacidade líquida de armazenamento. O modelo CHA22FB tem 1 porta e baixo consumo de energia. Seu sistema de controle eletrônico, para você programar a temperatura facilmente e escolher entre os modos freezer ou refrigerador. Conta com degelo manual e dreno frontal que facilita na hora da limpeza.","{""capacidade_liquida_de_armazenamento"":""220 L"",""cor"":""Branco"",""marca"":""Consul"",""quantidade_de_portas"":""1 Porta"",""tipo_de_degelo"":""Degelo Manual"",""voltagem"":""127 V""}",220 L,Consul,Branco,127 V,,,1 Porta,Degelo Manual,220L,Consul,Não informado,220V,Horizontal,1 Porta,1,Manual,Consul,220L,Branco,110V,Horizontal,1 Porta,Manual
comprebel2||65202,Freezer,Freezer Horizontal Electrolux Branco Cycle Defrost HE200 - 220V,"<p>Freezer Horizontal Electrolux 199 Litros Cycle Defrost Branco HE200 - 220V</p><p>O Freezer Horizontal Electrolux 199L HE200 é um modelo com eficiência energética, através da Classificação A, e com Dual Function que permite regular a temperatura com dupla função para o modo freezer ou geladeira, garantindo a melhor preservação de seus alimentos.<br>Com Grande Capacidade para até 199L, a iluminação de LED interna permite uma melhor visualização e a função Turbo Freezer garante potência máxima para congelar mais rapidamente.<br>A Fechadura de Segurança facilita o travamento para uma armazenagem mais segura dos seus alimentos, enquanto o Gás Ecológico R600 não agride a camada de ozônio nem a natureza. Mais segurança para você e para o meio ambiente.<br>Conte também com o Cesto Aramado que é ideal para organização, possibilitando o fácil acesso aos seus alimentos preferidos e a Alça Ergonômica oferece mais comodidade para abrir o freezer.</p><p>CARACTERÍSTICAS<br>Consumo Energético A: Menor consumo de energia elétrica e mais economia.<br>Dual Function: Dupla função que controla a temperatura para o modo freezer ou geladeira, garantindo a melhor preservação dos seus alimentos conforme necessidade.<br>Grande Capacidade: armazena e organiza com facilidade todos os tipos de alimentos e bebidas.<br>Luz de LED Interna: luz LED interna para melhor visualização do interior do seu freezer.<br>Turbo Freezer: potência máxima para congelar mais rapidamente, preservando alimentos e bebidas.<br>Fechadura de Segurança: permite o travamento do freezer para um armazenamento mais seguro.<br>Gás Ecológico R600: não agride o meio ambiente nem a camada de ozônio.<br>Cesto Plástico: flexibilidade e melhor organização do espaço interno.<br>Alça Ergonômica: maior facilidade para abrir o seu freezer.</p><p>FICHA TÉCNICA<br>Cor: Branco<br>Tensão: 220v<br>Marca: Electrolux<br>Congelamento Rápido: Sim<br>Controle De Temperatura: Sim<br>Descongelamento Automático: Não<br>Dupla Função (Funciona Como Refrigerador E Freezer): Sim<br>Rodízios: Sim<br>Instalação Gratuita: Não<br>Modelo: He200<br>Classificação Energética: A+<br>Frequência: 60 Hz<br>Capacidade: 199 L<br>Consumo: 31,4 kw<br>Capacidade Bruta: 199 L<br>Capacidade Líquida: 199 L<br>Iluminação Interna: Sim<br>Fechadura De Segurança: Sim<br>Dreno De Degelo: Sim<br>Tipo De Degelo: Manual<br>Gás Ecológico: R600a<br>Porta Reversível: Não<br>Alarme De Porta Aberta: Não<br>Compartimentos: 1 Cesto<br>Ean: 7909569415030</p><p>DIMENSÕES E PESO<br>Altura Do Produto: 85 Cm<br>Largura Do Produto: 81,2 Cm<br>Profundidade Do Produto: 60,3 Cm<br>Peso: 30 Kg</p><p>Altura Do Produto Embalado: 88,8 Cm<br>Largura Do Produto Embalado: 85,9 Cm<br>Profundidade Do Produto Embalado: 57,8 Cm<br>Peso: 34 Kg</p><p>GARANTIA<br>01 Ano (Sendo 3 meses de garantia legal e mais 9 meses de garantia para defeito de fabricação).</p>","{""capacidade_liquida_de_armazenamento"":""199 L"",""cor"":""Branco"",""marca"":""Electrolux"",""tipo_de_degelo"":""Cycle Defrost\t"",""voltagem"":""220 V""}",199 L,Electrolux,Branco,220 V,,,,Cycle Defrost,199 L,Electrolux,Branco,220V,Horizontal,Não informado,Não informado,Manual,Electrolux,199L,Branco,220V,Horizontal,1 Porta,Cycle Defrost
acimaqequipamentoscomerciais||15155,Freezer,Freezer Horizontal Dupla Acao Da420b 2T 419L 127V - Metalfrio,FREEZER HORIZONTAL DUPLA ACAO DA420B 2T 419L 127V - METALFRIO <br><br>- Base da unidade de refrigeração removível<br>- Dreno frontal<br>- Equipamento com dupla ação: refrigerador e conservador de congelados<br>- Rodízios reforçados<br>- Gabinete interno pré-pintado<br>- Gaxeta removível<br>- Puxador ergonômico com fechadura de segurança<br>- Tampas balanceadas<br><br>INFORMAÇÕES TÉCNICAS<br>- Capac. Bruta: 419litros<br>- Capac. Líquida: 419litros<br>- Largura: 1331mm<br>- Profundidade: 690mm<br>- Altura: 944mm<br>- Peso Líquido: 69kg<br>- Peso Bruto: 85kg<br>- Voltagem: 110V<br>- Faixa Temp.: 2 a 8oC e -18 a -22oC<br><br>Garantia: 01 ano<br>,"{""capacidade_liquida_de_armazenamento"":""419 L"",""marca"":""Metalfrio"",""voltagem"":""127 V""}",419 L,Metalfrio,,127 V,,,,,419L,Metalfrio,Não informado,127V,Horizontal,Dupla Acao,2T,Não informado,Metalfrio,419L,Branco,110V,Horizontal,2 Portas,
britania||7640,Freezer,Freezer Britânia Horizontal BFH202B 200 Litros,"O Freezer Britânia Horizontal BFH202B possui a super capacidade de 200 Litros que garantem um super aproveitamento do espaço. Ele é ideal para você, pois é 2 em 1: freezer e refrigerador. Ele conta com dreno que proporciona maior praticidade no descongelamento, também possui rodinhas para deslocamento e cesto aramado, para ainda mais facilidade! • Classificação Energética A; • Sistema dupla função: Pode operar na função freezer ou refrigerador; • Maior Capacidade e melhor aproveitamento de espaço; • Controle de temperatura ajustável no painel frontal; • Gás refrigerante R600a; • Rodízios para deslocamento, facilitando a movimentação do produto; • Degelo manual; • Dreno frontal, facilitando o degelo e limpeza do produto; • Volume interno 200 litros; • Disponível em 127V e 220V","{""capacidade_liquida_de_armazenamento"":""200 L"",""marca"":""Britânia"",""voltagem"":""127 V""}",200 L,Britânia,,127 V,,,,,200 Litros,Britânia,Não informado,127V e 220V,Horizontal,Não informado,Não informado,Manual,Britânia,200L,Branco,110V,Horizontal,1 Porta,Manual
magazineluiza||010109101,Freezer,Freezer Vertical Consul 1 Porta 231L CVU26EB,"O Freezer Vertical Consul CVU26 possui capacidade para 231L e conta com várias gavetas e prateleiras para ajudar você a encontrar rapidamente o que procura. Ele também possui 4 cestos deslizantes e removíveis, além de organizar melhor seus congelados, possui trava de segurança. O congelamento é rápido, preserva as propriedades naturais dos alimentos e ainda possui acionamento no painel frontal. Possui também um gavetão multiuso em acrílico transparente, que permite organizar e visualizar melhor os alimentos e controle de temperatura. Além disso, conta com novo design, mais moderno com linhas arredondadas e novo grafismo. Mais beleza e praticidade em sua cozinha!","{""capacidade_liquida_de_armazenamento"":""231 L"",""cor"":""Branco"",""marca"":""Consul"",""quantidade_de_portas"":""1 Porta"",""tipo"":""Vertical"",""voltagem"":""220 V""}",231 L,Consul,Branco,220 V,Vertical,,1 Porta,,231L,Consul,Não informado,Não informado,Vertical,1 Porta,1,Não informado,Consul,231L,Branco,220V,Vertical,1 Porta,Manual
tabaratotolevando||10946,Freezer,Freezer Horizontal Electrolux 1 Porta 314 Litros H330,"Tenha mais praticidade na cozinha com a Electrolux.<br> O freezer horizontal 314L da Electrolux é a opção ideal para armazenar os alimentos e bebidas de sua casa ou estabelecimento.<br> O Freezer possui classificação energética ?A?, consumindo uma quantidade menor de energia sem perder a eficiência, e função Turbo Freezer, que permite um resfriamento mais rápido, indicado para ocasiões como festas ou quando há a necessidade de congelar os alimentos de forma acelerada.<br> A Dupla Função permite que o Freezer Electrolux seja utilizado para congelar e refrigerar. O painel frontal intuitivo facilita na hora de acionar todas as funções e a fechadura de segurança permite travar o freezer, evitando que sua abertura seja acidental. Sua pintura externa é mais resistente, durável e confere boa aparência.<br> <br> Características:<br> Classificação Energética ?A?: menor consumo de energia elétrica para maior economia.<br> Turbo Freezer: resfriamento mais rápido, indicado para ocasiões como festas ou quando há a necessidade de congelar os alimentos de forma acelerada.<br> Dupla Função e painel frontal intuitivo: controle de temperatura para função freezer ou refrigerador com maior facilidade no acionamento de cada uma delas.<br> Fechadura de segurança: permite o travamento do freezer para um armazenamento seguro.<br> Pintura resistente: mais durável, confere melhor aparência.<br> Rodas 360° e puxador ergonômico: mais facilidade para abrir e movimentar o Freezer.<br> Dreno frontal: praticidade na hora de descongelar. A água do degelo escoa pelo dreno sem precisar movimentar o Freezer.<br> <br> Especificações técnicas:<br> Capacidade total (litros) 314<br> Degelo Manual<br> Temperatura 7o a -18o<br> Classificação energética A<br> Consumo (kWh) 46,3<br> <br> Dimensões:<br> Altura: 92 cm<br> Largura: 107 cm<br> Profundidade: 76 cm <br> Peso: 49,50 kg<br> <br> Garantia do fornecedor de 12 meses.","{""capacidade_liquida_de_armazenamento"":""314 L"",""cor"":""Branco"",""marca"":""Electrolux"",""quantidade_de_portas"":""1 Porta"",""tipo_de_degelo"":""Degelo Manual"",""voltagem"":""127 V""}",314 L,Electrolux,Branco,127 V,,,1 Porta,Degelo Manual,314 Litros,Electrolux,Não informado,Não informado,Horizontal,1 Porta,1,Manual,Electrolux,314L,Branco,110V,Horizontal,1 Porta,Manual
atauequipamentos||21,Freezer,Freezer Horizontal Dupla Ação DA302 Metalfrio,"Praticidade e qualidade é o que precisamos no dia a dia, o Freezer industrial horizontal da Metalfrio preserva seus alimentos, bebidas e embalagens preferidas de modo econômico. O modelo DA302 tem espaço interno para até 293 litros de capacidade líquida de armazenamento, 1 tampa e baixo consumo de energia. Ele é um freezer com dupla função, pois ele funciona tanto como freezer ou refrigerador, mais praticidade e alto desempenho para o seu dia a dia. Proporciona alta capacidade de congelamento, para que grandes quantidades de alimentos sejam congelados de forma mais rápida e eficiente. Ideal para sítios, áreas de lazer, buffets, salões de festas, restaurantes, bares, e cozinhas industriais.","{""capacidade_liquida_de_armazenamento"":""293 L"",""marca"":""Metalfrio"",""voltagem"":""127 V""}",293 L,Metalfrio,,127 V,,,,,293 litros,Metalfrio,Não informado,Não informado,Horizontal,1 tampa,1,Não informado,Metalfrio,293L,Branco,110V,Horizontal,1 Porta,Manual
varimaqequipamentos||7827-13887,Freezer,Freezer Horizontal Tampa de Vidro FHR 530 V Refrimate,"Freezer Horizontal FHR 530 V (tampa de vidro temperado baixa emissividade )Temperatura resfriados: 2o a 8oCTemperatura congelados: -18oCRefrigeração: EstáticoControle de Temperatura: Termostato mecânico dupla açãoCom rodízioTampa sólida Tamanho: 530 litrosCódigo : FHR 530 V Tampa de vidro temperado Dimensões do Produto Frente mm : 1657Profundidade mm : 650Altura mm : 900Volume ( Litros ) : 530Consumo ( Kwh ) : 0,33Frequência ( Hz ) : 50 ou 60Tensão ( V ) : 127 ou 220 VPeso ( Kg ) : 150",{},,,,,,,,,530 litros,Refrimate,Não informado,127 ou 220 V,Horizontal,Tampa de Vidro,1,Manual,Refrimate,530L,Branco,220V,Horizontal,2 Portas,
climario||21523,Freezer,Freezer Horizontal Porta de Vidro 292 Litros Metalfrio NF30S Branco 220V,"NF30 Metalfrio: Nova linha Nextgen Supra! Baixa temperatura para armazenamento de sorvetes e congelados. Capacidade Bruta: 292 litros Capacidade Líquida: 231 litros Dimensões Internas Largura: 95,0 Cm Altura: 64,0 Cm Profundidade: 51,5 Cm Dimensões Externas Largura:111,5 Cm Altura: 84,0 Cm Profundidade: 68,1 Cm Peso Líquido: 71 kg Dimensões Embalado Largura Embalado:117,5 Cm Altura Embalado: 93,0 Cm Profundidade Embalado: 77,5 Cm Peso Bruto: 76 kg Faixa de Temperatura: -18°C (mínimo) Quantidade de tampas: 2 <br>A linha de Freezers NF Supra possui alta performance, robustez e durabilidade, ideal para estabelecimentos comerciais, no armazenamento de sorvetes e congelados. Seus diferenciais tecnológicos auxiliam no baixo consumo de energia, reduzindo consideravelmente o valor da sua conta no final do mês. Fabricado com motor eletromecânico, o freezer conserva a refrigeração certa para os seus produtos, mesmo em ambientes com temperaturas elevadas e alto fluxo de abertura de porta. Para manter seus produtos na temperatura, textura e aparência ideal, conte com a Metalfrio, a número 1 em fabricação de refrigeradores e freezers comerciais do Brasil. Ideal para: Sorveterias, cozinhas industriais, bares, mercados, padarias e lojas de conveniência. <br> Características Principais: • Altura anatômica, ideal para visualização dos seus produtos por crianças e adultos. • Economia de energia: Troca de calor mais eficiente e maior vida útil do sistema de refrigeração proporcionam redução de consumo de energia de até 52%. • Nova moldura: Com design moderno e em plástico de alta resistência, a nova moldura fixa garante suavidade na abertura das tampas. • Puxadores ergonômicos e feitos em material de alta resistência. • Gabinete em plástico com alta durabilidade: Além de muita resistência a impacto, possui proteção contra raios UV, que mantém a aparência do freezer novo por muito mais tempo. • Gás Ecológico R290: Amigável ao meio ambiente reduz em até 99% as emissões de gases causadores do efeito estufa • Gabinete inteligente: Dimensões internas projetadas para otimizar o uso de caixas de sorvetes (estoque embaixo dos cestos) e cesto padrão único com tamanho próprio para armazenagem de picolés. (CESTO VENDIDO SEPARADAMENTE) • Parede de Isolação: Com 75mm, mantém o interior do freezer mais gelado e troca de calor mais eficiente. • Tanque Interno: Feito em aço pré pintado, permite melhor eficiência no congelamento dos produtos armazenados, além de evitar manchas, riscos e corrosões. • Rodízios: Facilitam a movimentação do freezer, oferecendo praticidade na limpeza e mudança de layout no ponto de venda. • Utilizado pelas maiores empresas de sorvetes e congelados do país. <p>Um nome que inspira confiança em milhares de donos de estabelecimentos comerciais que planejaram com cuidado cada detalhe de seu negócio e, por isso, fazem questão de ter os melhores equipamentos e a certeza da escolha certa.,/p&gt; • Multinacional de origem brasileira com mais de 60 anos de tradição. • Constantemente atualizada com as tendências de mercado e as necessidades atuais dos nosso clientes. • A marca preferida das maiores empresas de bebidas e alimentos do mundo. •Material Serpentina Material : Alumínio .</p>","{""marca"":""Metalfrio"",""voltagem"":""220 V""}",,Metalfrio,,220 V,,,,,231 litros,Metalfrio,Branco,220V,Horizontal,Porta de Vidro,Não informado,Não informado,Metalfrio,231L,Branco,220V,Horizontal,2 Portas,
multiloja||24191,Freezer,Freezer Horizontal Philco PFH440B 418L,"Freezer Horizontal Philco 418 Litros Pfh440b 127v Freezer Horizontal Philco PFH440B é 2 em 1, freezer e refrigerador. Perfeito para quem busca um local extra para guardar os congelados. Ele tem um super espaço interno, ideal para armazenar o que você precisar. Refrigerante, cervejas, carnes, doces, entre outros. Ele pode ser utilizado como congelador ou refrigerador, se adapta a sua necessidade. Mais econômico, classificação A pela procel e livre de CFC, Ecofrendly, não agride a Camada de Ozônio.<br> <br> <br> Características:<br> Capacidade de 418 Litros<br> 2 em 1: Congelador e Refrigerador<br> Rodízios para deslocamento<br> Puxador com trava de segurança<br> Sistema Dupla Função: Pode operar na função freezer e refrigerador<br> Maior Capacidade e melhor aproveitamento de espaço<br> Controle de temperatura ajustável no painel frontal<br> Sistema de refrigeração por compressor<br> Classificação energética A<br> Gás refrigerante R290a<br> Rodízios para deslocamento (4), facilitando a movimentação do produto<br> Dreno frontal, facilitando o degelo e limpeza do produto<br> Degelo Manual<br> <br> <br> Dimensões:<br> Altura: 85,5 cm<br> Largura: 141,5 cm<br> Profundidade: 75 cm<br> Peso: 58,5 kg<br> <br> <br> Garantia do fornecedor de 12 meses.","{""cor"":""Branco"",""marca"":""Philco""}",,Philco,Branco,,,,,,418L,Philco,Não informado,127v,Horizontal,Não informado,Não informado,Manual,Philco,418L,Branco,110V,Horizontal,1 Porta,Manual
multiloja||24726,Freezer,Freezer Horizontal Electrolux 2 Portas H440 400L,"O Freezer Horizontal 400L da Electrolux é a opção ideal para armazenar os alimentos e bebidas de sua casa ou estabelecimento. <br> O Freezer possui classificação energética _x0093_A_x0094_, consumindo uma quantidade menor de energia sem perder a eficiência, e função Turbo Freezer, que permite um resfriamento mais rápido, indicado para ocasiões como festas ou quando há a necessidade de congelar os alimentos de forma acelerada. Além disso, possui cesto aramado, que contribui para organização do espaço interno.<br> A Dupla Função permite que o Freezer Horizontal Electrolux seja utilizado para congelar e refrigerar. O painel frontal intuitivo facilita na hora de acionar todas as funções e a fechadura de segurança permite travar as 2 portas do freezer, evitando que sua abertura seja acidental. Sua pintura externa é mais resistente, durável e confere boa aparência.<br> Este freezer conta também com rodas 360°, puxador ergonômico e dreno frontal, que permite o escoamento da água do degelo sem a necessidade de movimentar o freezer, trazendo maior praticidade no manuseio.<br> <br> <br> Características<br> Classificação Energética _x0093_A_x0094_: menor consumo de energia elétrica para maior economia.<br> Cesto aramado: flexibilidade e melhor organização do espaço interno.<br> Turbo Freezer: resfriamento mais rápido, indicado para ocasiões como festas ou quando há a necessidade de congelar os alimentos de forma acelerada.<br> Dupla Função e painel frontal intuitivo: controle de temperatura para função freezer ou refrigerador com maior facilidade no acionamento de cada uma delas.<br> Fechadura de segurança: permite o travamento do freezer para um armazenamento seguro.<br> Pintura resistente: mais durável, confere melhor aparência.<br> Rodas 360° e puxador ergonômico: mais facilidade para abrir e movimentar o Freezer.<br> Dreno frontal: praticidade na hora de descongelar. A água do degelo escoa pelo dreno sem precisar movimentar o Freezer.<br> Metatag: O Freezer Horizontal Freezer 400L 2 portas da Electrolux (H440) é prático e simples, oferecendo maior economia de energia elétrica e espaço interno organizado.<br> Tecnologia: Cycle Defrost<br> Temperatura: 7°C a -18°C<br> <br> <br> Dimensões<br> Altura 92 cm<br> Largura 132,3 cm<br> Profundidade 76 cm<br> Peso 60 kg<br> <br> <br> Garantia do fornecedor de 12 meses.","{""capacidade_liquida_de_armazenamento"":""400 L"",""cor"":""Branco"",""marca"":""Electrolux"",""quantidade_de_portas"":""2 Portas"",""tipo_de_degelo"":""Degelo Manual"",""voltagem"":""220 V""}",400 L,Electrolux,Branco,220 V,,,2 Portas,Degelo Manual,400L,Electrolux,Não informado,Não informado,Horizontal,2 Portas,2,Cycle Defrost,Electrolux,400L,Branco,220V,Horizontal,2 Portas,Manual
luxgolden1||39628,Freezer,Freezer 205L Midea Horizontal 1 Porta RCFB21 Branco - 127V,"<p>Freezer 205L Midea Horizontal 1 Porta RCFB21 Branco - 127V</p> <p>O Freezer Horizontal Midea 205L 3 funções é perfeito para quem quer preservar alimentos resfriados, conservados ou congelados de forma rápida. Possui cesto aramado para melhor organização de seus alimentos. Conta com puxador ergonômico, dando mais praticidade para pegar seus alimentos.<br> <br>Características:<br>EAN: 7908198002512<br>Marca: Midea<br>Modelo: RCFB21<br>Cor: Branco<br>Voltagem: 127V<br>Frequência: 60Hz<br>Capacidade: 205 Litros<br>Fuido Refrigerante: R600a<br>Eficiência Energética: A<br> Dimensões da Embalagem:<br>Altura: 87cm<br>Largura: 86cm<br>Profundidade: 58cm<br>Peso: 34,000Kg<br>Garantia: 12 Meses</p>","{""capacidade_liquida_de_armazenamento"":""205 L"",""cor"":""Branco"",""marca"":""Midea"",""quantidade_de_portas"":""1 Porta"",""voltagem"":""127 V""}",205 L,Midea,Branco,127 V,,,1 Porta,,205L,Midea,Branco,127V,Horizontal,1 Porta,1,Não informado,Midea,205L,Branco,110V,Horizontal,1 Porta,Manual
magazineluiza||216446100,Freezer,Freezer Horizontal Freeart Seral 210L,"O freezer horizontal 210 litros da Freeart Seral é indicado para resfriados e congelados. O acabamento interno é com cantos arredondados que facilitam a limpeza, tem divisória aramada para organizar melhor seu interior. O tampo é com puxador lateral em abs, tem gaxeta removível, rodízio de alta resistência, é um ótimo produto para branding.","{""marca"":""Freeart Seral""}",,Freeart Seral,,,,,,,210L,Freeart Seral,Não informado,Não informado,Horizontal,Não informado,Não informado,Não informado,Freeart Seral,210L,Vermelho,220V,Horizontal,1 Porta,Manual
magazineluiza||235395000,Freezer,Freezer Vertical Eletrolux 1 Porta 234L FE27,"Buscando praticidade e qualidade no seu dia a dia? Apresentamos o Freezer Vertical Cycle Defrost FE27 da Electrolux, o aliado perfeito para preservar seus alimentos, bebidas e embalagens favoritas de forma econômica e eficiente. Desfrute de uma capacidade notável! Com um amplo espaço interno de até 234L, este refrigerador vertical de uma porta é projetado para atender todas as suas necessidades de armazenamento. E o melhor? Possui uma classificação energética ""A"", garantindo baixo consumo elétrico. Compromisso com a sustentabilidade: O Freezer Vertical Cycle Defrost FE27 é equipado com Gás Ecológico R600, uma escolha amigável ao meio ambiente. Ao escolher este produto, você une funcionalidade e sustentabilidade, contribuindo para um futuro mais verde. Organização sem esforço: Mantenha tudo em ordem! Com prateleiras de tampas basculantes que deslizam suavemente ao abrir, você terá acesso facilitado aos seus itens. Além disso, três espaçosas gavetas oferecem a praticidade de separar e visualizar seus alimentos e bebidas congelados.Descongelamento simplificado: Pensando na sua comodidade, o dreno integrado facilita o descongelamento, permitindo que a água de degelo escoe de forma manual. Isso simplifica a manutenção e contribui para a higiene do seu aparelho.Adaptação perfeita: Seus Pés de Nivelamento garantem estabilidade e adaptabilidade a diferentes pisos, tornando o uso do Freezer Vertical Cycle Defrost FE27 ainda mais conveniente.Experimente a excelência da tecnologia Electrolux! Combinando inovação, funcionalidade e durabilidade, este freezer vertical eleva a qualidade do seu dia a dia.Não perca a oportunidade de elevar sua rotina com o Freezer Vertical Cycle Defrost FE27 da Electrolux. Garanta praticidade, economia e um estilo de vida sustentável em um único produto. Seja o protagonista da sua organização com o melhor da Electrolux!","{""cor"":""Branco"",""marca"":""Electrolux"",""quantidade_de_portas"":""1 Porta"",""tipo"":""Vertical"",""voltagem"":""127 V""}",,Electrolux,Branco,127 V,Vertical,,1 Porta,,234L,Electrolux,Não informado,Não informado,Vertical,1 Porta,1,Cycle Defrost,Electrolux,234L,Branco,110V,Vertical,1 Porta,Manual
magazineluiza||010201401,Freezer,Freezer Horizontal Electrolux 477L,"Freezer Horizontal com função freezer e refrigerador. Possui puxadores ergonômicos, tampa balanceada, rodízios para transporte, dreno para descongelamento, fechadura que permite o travamento do freezer e é ecologicamente correto, não contém CFC que agride a camada de ozônio. Armazenar seus alimentos e bebidas ficou muito mais prático!","{""capacidade_liquida_de_armazenamento"":""477 L"",""cor"":""Branco"",""marca"":""Electrolux"",""voltagem"":""127 V""}",477 L,Electrolux,Branco,127 V,,,,,477L,Electrolux,Não informado,Não informado,Horizontal,Não informado,Não informado,Não informado,Electrolux,477L,Branco,110V,Horizontal,2 Portas,
atauequipamentos||4186,Freezer,Freezer Horizontal Dupla Ação DA420 Metalfrio,"Freezer Horizontal Dupla Ação 2 Tampas 419 Litros DA420 Metalfrio. Ideal para sítios, áreas de lazer, buffets, salões de festas, restaurantes, bares, cozinhas industriais e similares. Sistema de Degelo: Degelo manual. Controle de Temperatura: Termostato eletro-mecânico. Faixas de Temperatura: Freezer -18°C/-22°C. Faixas de Temperatura: Refrigerador 2°C/8°C. Prateleiras: 1 divisória fixa. Dreno frontal: Dispensa o deslocamento do equipamento para degelo. Gaxeta removível: Facilita a limpeza do equipamento e a remoção das sujeiras mais difíceis. Gabinete em Aço Pré Pintado. Puxador Ergonômico. Refrigeração Estática. Rodízios giratórios: Facilitam movimentação. Tampa balanceada: Leve para abrir, resistente e segura para vedar. POTÊNCIA: 293W. FAIXA DE TEMPERATURA: Freezer -18°C/-22°C e Refrigerador +2°C/+8°C. QUANTIDADE DE TAMPAS: 2. ARMAZENAMENTO: 300 Potes de Sorvete 500ml e 84 Potes de Sorvete 2l. CAPACIDADE: 419 Litros. PESO: 85Kg. DIMENSÕES EXTERNAS(CxAxL): 133,3x94,5x72,8cm. Com os Selos de Qualidade ISO 9001 e de Gestão Ambiental ISO 14001. Freezer Horizontal Dupla Ação 2 Tampas 419 Litros DA420 Metalfrio é na Atau.","{""capacidade_liquida_de_armazenamento"":""419 L"",""marca"":""Metalfrio"",""voltagem"":""220 V""}",419 L,Metalfrio,,220 V,,,,,419 Litros,Metalfrio,Não informado,Não informado,Horizontal,2 Tampas,2,Manual,Metalfrio,419L,Branco,220V,Horizontal,2 Portas,Manual
frigelar2||KIT1312,Freezer,Freezer Horizontal Dupla Ação Philco 200 Litros H200L 220v,"<p>O Freezer Horizontal Philco 200L: </p> <p>• Classificação Energética A, para ambas tensões (127V e 220V); </p><p>• Sistema Dupla Função: Pode operar na função freezer e refrigerador; </p><p>• Maior Capacidade e melhor aproveitamento de espaço; </p><p>• Controle de temperatura ajustável no painel frontal; </p><p>• Sistema de refrigeração por compressor; </p><p>• Gás refrigerante R600a; </p><p>• 4 Rodas para deslocamento, facilitando a movimentação do produto; </p><p>• Dreno Frontal, facilitando o degelo e limpeza do produto; </p><p>• Degelo Manual; </p><p>• Volume Interno 200 litros; </p><p>• Chave de Segurança, permite trancar o freezer se necessário; </p><p>• Disponível em 127V e 220V. </p> <p>Sistema com compressor: Sistema de refrigeração que opera com compressor hermético, proporcionando maior capacidade de refrigeração.</p>","{""capacidade_liquida_de_armazenamento"":""200 L"",""marca"":""Philco"",""voltagem"":""220 V""}",200 L,Philco,,220 V,,,,,200 Litros,Philco,Não informado,220v,Horizontal,Dupla Ação,Não informado,Manual,Philco,200L,Branco,220V,Horizontal,1 Porta,Manual
ebomdecomprar||2185,Freezer,Freezer Vertical 1 Porta Consul Facilite 231 Litros Degelo Manual,"O freezer Consul Facilite 260 possui o design alinhado com o Refrigerador Consul Facilite, trazendo mais harmonia para a sua cozinha. Esse é um desenho premiadíssimo e segue as tendencias do que a de mais moderno para ambientes.<br> Ele tem a capacidade de 231 litros e possui compartimento de congelamento rápido com acionamento no painel frontal, que proporciona melhor preservação das propriedades naturais dos alimentos. Essa tecnologia da Consul é ótima pois garante a qualidade do está sendo congelado. E também, Controle de temperatura externo, que facilita o ajuste da temperatura de congelamento e evita abertura de porta, economizando ainda mais energia e ainda conta com 4 cestos removíveis com trava de segurança. Isso da muito versatilidade no uso e conforto no manejo do dia a dia. Mais moderno: Com linhas arredondadas e novo grafismo, esse é o jeito Consul de pensar, pois oferece solução, muita qualidade em seus produtos mas sem abrir mão de um desenho especial, afinal esses produtos compõe seus ambientes, e nada melhor que eles sejam muito bonitos.<br> <br> <br> Dimensões:<br> Altura: 153,9 cm<br> Largura: 61,6 cm<br> Profundidade: 69,1 cm<br> Peso: 53 kg<br> <br> <br> Garantia do fornecedor de 12 meses.","{""capacidade_liquida_de_armazenamento"":""231 L"",""cor"":""Branco"",""marca"":""Consul"",""quantidade_de_portas"":""1 Porta"",""tipo"":""Vertical"",""voltagem"":""127 V""}",231 L,Consul,Branco,127 V,Vertical,,1 Porta,,231 Litros,Consul,Não informado,Não informado,Vertical,1 Porta,1,Manual,Consul,231L,Branco,110V,Vertical,1 Porta,Manual
cookeletroraro||2007067,Freezer,Freezer Horizontal Consul 414 Litros Branco 110V CHB42EBANA,"<strong>Freezer Horizontal Consul 414 Litros Branco 110V CHB42EBANA </strong> O Freezer Horizontal CHB42 com 414 litros possui controle eletrônico, para você programar a temperatura facilmente. Flexível, permite escolher entre os modos freezer ou refrigerador, de acordo com a sua necessidade. É prático de limpar com o dreno frontal e possui 4 rodinhas nos pés, que facilitam a movimentação do produto. Também é super econômico, pois tem classificação energética A, além do interior feito com liga metálica de alta resistência à corrosão. <strong>Controle Eletrônico</strong> Programe a temperatura desejada em apenas um toque e escolha entre os modos freezer ou refrigerador, de acordo com a sua necessidade. <strong>Prático</strong> Prático de limpar com o dreno frontal; basta colocar uma vasilha embaixo do dreno para recolher o gelo derretido. Também possui 4 rodinhas nos pés, que facilitam a movimentação do produto. <strong>Econômico</strong> Classificação A nos testes de consumo de energia do Inmetro. <strong>Resistente</strong> Interior feito com liga metálica de alta resistência à corrosão.","{""capacidade_liquida_de_armazenamento"":""414 L"",""cor"":""Branco"",""marca"":""Consul"",""voltagem"":""127 V""}",414 L,Consul,Branco,127 V,,,,,414 Litros,Consul,Branco,110V,Horizontal,Não informado,Não informado,Não informado,Consul,414L,Branco,110V,Horizontal,2 Portas,Manual
continentalcenter||B100020022014010301,Freezer,Freezer Electrolux Vertical Branco 145L 220V FE18,"Freezer Electrolux Vertical Branco 145L 220V FE18O Freezer Vertical Cycle Defrost FE18 é um produto completo para sua comodidade. Com Dreno de Degelo, cestos removíveis, pés niveladores e compartimento com tampa Basculante esse é ideal para o armazenamento dos seus alimentos.CaracterísticasDreno de degelo frontalO dreno de degelo frontal permite maior praticidade no descongelamento, pois a água do degelo escoa pelo dreno, facilitando o seu recolhimento.Compartimento com tampa basculanteEsse compartimento é ideal para o armazenamento de grandes recipientes.Puxador externo super resistenteDesign inovador que facilita a abertura da porta. Maior durabilidade e resistência para o seu produto.Cestos removíveisFacilita a limpeza e organização dos alimentosEspecificações Técnicas- Marca: Electrolux- Modelo: FE18- Tensão: 220V - Capacidade Total: 145L- Tipo de Degelo: Manual- Consumo: 41,8 kWh/mês- Potência: Não informado pelo Fabricante- Classificação Energética: B- Selo Procel: Não- Cor: Branco - Dimensões (AxLxP): 130,7 x 55 x 64,5 cm- Garantia: 12 meses","{""marca"":""Electrolux"",""tipo"":""Vertical"",""voltagem"":""220 V""}",,Electrolux,,220 V,Vertical,,,,145L,Electrolux,Branco,220V,Vertical,Não informado,Não informado,Manual,Electrolux,145L,Branco,220V,Vertical,1 Porta,Manual
efacil||2220339,Freezer,"Freezer Horizontal Metalfrio 400 Litros NF40S, com Luz de LED, Branco","Características do produto:<br>Modelo: NF40S<br>Marca: Metalfrio <br>Capacidade Líquida: 318 Litros<br>Capacidade Bruta: 400 Litros<br>Cor: Branco<br>Altura: 84,0 cm<br>Profundidade: 68,1 cm<br>Largura: 141,5 cm<br>Quantidade de portas: 2<br>Tipo de Freeezer: Horizontal<br>Frost Free: não<br>Alimentação: disponível em 110V ou 220V<br><br>Especificações Gerais do Produto:<br>Faixa de Temperatura: -18°C (mínimo)<br>Classificação do Produto: Freezer<br>Quantidade de tampas: 2""<br>Ideal: Sorveterias, cozinhas industriais, bares, mercados, padarias e lojas de conveniência<br>Nova moldura: Com design moderno e em plástico de alta resistência, a nova moldura fixa garante suavidade na abertura das tampas<br>Puxadores ergonômicos e feitos em material de alta resistência<br>Gabinete em plástico com alta durabilidade: Além de muita resistência a impacto, possui proteção contra raios UV, que mantém a aparência do freezer novo por muito mais tempo<br>Gás Ecológico R290: Amigável ao meio ambiente reduz em até 99% as emissões de gases causadores do efeito estufa<br>Gabinete inteligente: Dimensões internas projetadas para otimizar o uso de caixas de sorvetes (estoque embaixo dos cestos) e cesto padrão único com tamanho próprio para armazenagem de picolés<br>Parede de Isolação: Com 75mm, mantém o interior do freezer mais gelado e troca de calor mais eficiente<br>anque Interno: Feito em aço pré pintado, permite melhor eficiência no congelamento dos produtos armazenados, além de evitar manchas, riscos e corrosões<br>Rodízios: Facilitam a movimentação do freezer, oferecendo praticidade na limpeza e mudança de layout no ponto de venda<br><br>Tecnologia:<br>Frequência: 60HZ <br>Potência: 255W <br><br>Dimensões:<br>Dimensçoes do Produto (AxLxP): 84,0 x 141,5 x 68,1 cm <br>Dimensões do Produto com Embalagem (AxLxP): 93,0 x 147,5 x 77,5 cm <br><br>Pesos:<br>Peso do Produto: 77 kg <br>Peso do Produto com Embalagem: 85 kg <br><br>Garantia: 1 Ano (ofertada pelo fornecedor)<br><br>Confira as dimensões do produto e certifique -se de que estão adequadas aos elevadores, portas e corredores do local de entrega, pois não fazemos a montagem<br>e desmontagem do produto ou de portas e janelas para entrega de produtos, bem como içamento por fora de prédio ou transporte por escada quando oferecer risco<br>para o produto e entregadores.<br>As Cestas no interior do Freezer são Imagens Ilustrativas, elas não acompanham o produto. Caso tenha interesse em adquirir separadamente as cestas, entrar em contato no SAC da Metalfrio 0800 702 0052<br>Fornecedor: Metalfrio<br>","{""marca"":""Metalfrio"",""portas"":""2 Portas"",""voltagem"":""Bivolt""}",,Metalfrio,,Bivolt,,2 Portas,,,318 Litros,Metalfrio,Branco,110V ou 220V,Horizontal,2,2,Não informado,Metalfrio,318L,Branco,220V,Horizontal,2 Portas,
lojas-berlanda||1888,Freezer,Freezer Horizontal Metalfrio 293 Litros DA302,"Freezer Horizontal Metalfrio 293 Litros DA302.<br> <br> Caracteristicas: <br> Capacidade: 293L<br> Consumo: 46kWh/mes<br> Gabinete Externo: Aço Pre Pintado<br> Gabinete Interno: Aço Pre Pintado<br> Material da moldura do tanque: Plastico<br> Tipo de Isolaçao: Poliuretano<br> Tipo de Pintura: Poliester<br> Puxador de porta: Plastico<br> Capacidade: 293 litros<br> Numero de portas: 01 porta<br> Potencia: 90W<br> Grades removiveis: Nao<br> Congelamento rapido: Nao<br> Dreno de degelo: Sim<br> Porta reversivel: Nao<br> Funçao refrigerador: Sim<br> Painel eletronico: Nao<br> Gavetas: Nao<br> Controle de temperatura: Sim<br> Rodizios: Sim<br> <br> Dimensoes aproximadas do produto: <br> Altura: 94,4 cm<br> Largura: 99,8 cm <br> Profundidade: 69 cm<br> Peso: 57 kg <br> <br> Garantia do fornecedor de 12 meses.","{""capacidade_liquida_de_armazenamento"":""293 L"",""marca"":""Metalfrio""}",293 L,Metalfrio,,,,,,,293 Litros,Metalfrio,Não informado,Não informado,Horizontal,01 porta,1,Não informado,Metalfrio,293L,Branco,220V,Horizontal,1 Porta,
magazineluiza||010211401,Freezer,Freezer Horizontal 1 Porta 210L,"O Freezer Electrolux possui: Puxador ergonômico: novo design, mais ergonomia. Controle de temperatura frontal: mais fácil de acessar o controle de temperatura. Dupla função: freezer e refrigerador. Turbo Congelamento: congela rápido, acionado pelo painel externo. Cesto aramado: cesto empilhável que ajuda na organização, além disso este freezer é o mais sustentável do mercado, possui eficiência energética A, com menor consumo de energia e utilização do gás refrigerante R600, o ecologicamente mais correto.","{""cor"":""Branco"",""marca"":""Electrolux"",""quantidade_de_portas"":""1 Porta"",""voltagem"":""127 V""}",,Electrolux,Branco,127 V,,,1 Porta,,210L,Electrolux,Não informado,Não informado,Horizontal,1 Porta,1,Não informado,Electrolux,210L,Branco,110V,Horizontal,1 Porta,Manual
gazinshop||13025,Freezer,Freezer Electrolux 197L 1 Porta Vertical Degelo Manual FE23,"Freezer Electrolux 197L 1 Porta Vertical Degelo Manual FE23<br> <br> Coloque alimentos e bebidas em um Freezer econômico, espaçoso e moderno como o modelo FE23 com porta vertical Electrolux! São 215 litros de capacidade bruta e 197 litros de capacidade líquida, degelo manual, dreno para escoamento da água e eficiência energética classe A.<br> <br> Acesso fácil<br> O espaço interno possui prateleiras e gavetas que facilitam a organização e o acesso a bebidas e alimentos! O controle de temperatura pode ser acionado na parte de trás do freezer. Além disso, o gás refrigerante R600 utilizado durante seu funcionamento é inofensivo ao meio ambiente.<br> <br> Sobre a marca: qualidade Electrolux!<br> Electrolux, uma empresa centenária que passou todo esse tempo com um único objetivo: Facilitar a vida das pessoas através de produtos com design diferenciado, inovadores e tecnológicos. Mundialmente conhecida, a empresa conquistou clientes proporcionando experiências únicas focadas no bem estar e qualidade de vida. De lá pra cá a Electrolux cresceu, se fortaleceu e se solidificou no mercado de eletrodomésticos, sendo pioneira no desenvolvimento e lançamento de produtos para todos os ambientes da casa... e para fora dela também. Com sede por inovar ela segue lançando tendências, como o app Electrolux + (Home Plus) para Android e iOS que conecta todos os produtos da linha smart control com um simples toque no seu smartphone. A proposta da Electrolux para o futuro é clara, contribuir para a melhoria da vida de forma sustentável em todo o mundo.<br> <br> Características:<br> Marca: Electrolux<br> Modelo: FE23<br> Capacidade total: Bruta: 215 litros | Líquida: 197 litros<br> Tipo de degelo: Manual<br> Tipo de freezer: Vertical<br> Modos: Freezer e refrigerador<br> Painel: Externo<br> Quantidade de portas: 1 porta<br> Controle de temperatura: Sim<br> Dreno: Sim<br> Pés com rodízios: Não<br> Travamento da porta com chave: Não<br> Eficiência energética: A<br> Consumo: 39,9 kW<br> Frequência: 60 Hz<br> Inmetro: Sim<br> <br> Conteúdo da embalagem: 01 freezer e manual de instruções.<br> <br> Dimensões:<br> Altura: 151,9 cm<br> Largura: 55 cm<br> Profundidade: 64,5 cm<br> Peso: 45 kg<br> <br> Garantia: 12 meses (3 meses de garantia legal e mais 9 meses de garantia especial concedida pelo fabricante).<br> <br> Detalhes sobre a compra:<br> Fique de olho: siga sempre as orientações do fabricante e utilize seu produto de acordo com o manual. A empresa não se responsabiliza pelo mau uso do produto, o que pode causar perda da garantia.#8239; <br> Não nos encarregamos, no ato da entrega, por montagens e desmontagens, subir escadas/elevadores ou transporte por guincho para apartamentos. Eventuais despesas são de responsabilidade do cliente. <br> O valor divulgado é unitário e a imagem é meramente ilustrativa. Precisou trocar ou devolver? O prazo é de 7 dias a partir do recebimento do produto - Lei no 8.078 - Sempre confira no ato da entrega.","{""capacidade_liquida_de_armazenamento"":""197L"",""cor"":""Branco"",""marca"":""Electrolux"",""quantidade_de_portas"":""1 Porta"",""tipo"":""Vertical"",""tipo_de_degelo"":""Degelo Manual"",""voltagem"":""Bivolt""}",197L,Electrolux,Branco,Bivolt,Vertical,,1 Porta,Degelo Manual,197L,Electrolux,Não informado,Não informado,Vertical,1 porta,1,Manual,Electrolux,197L,Branco,220V,Vertical,1 Porta,Manual
acimaqequipamentoscomerciais||42403,Freezer,Freezer Horizontal Ghbs-310 1 Tampa Cega 310 Litros 220V - Gelopar,"Dimensões (FxAxP): 105,1cm x 93,6cm x 72cm <br>Capacidade bruta: 306L<br>Peso bruto: 59,5Kg<br>Tensão: 220V<br>Frequência(Hz): 50 ou 60<br>Consumo kWh/dia(60Hz): 1,2<br>Classe: 4<br><br>Conservação de produtos congelados<br>Temperatura: -16o a -20oC<br>Refrigeração: Estática com Serpentina de Cobre<br>Controle de Temperatura: Termostato<br>Skin condenser: Excelente dissipador de calor com baixíssimo nível de ruído e significativa redução no consumo de energia<br>Degelo: Manual<br>1 Tampas: Cegas, basculantes com puxadores<br>Dreno frontal com tampa<br>Revestimento interno e externo em Aço pré-pintado branco<br>Gabinete com rodízios<br><br>Opcional: <br>? Grade divisória interna<br>? Fechadura com chave<br><br><br>**GARANTIA DOBRADA - EXCLUSIVIDADE ACIMAQ** <br> <br>PRODUTO DESTINADO PARA USO COMERCIAL","{""marca"":""Gelopar"",""voltagem"":""220 V""}",,Gelopar,,220 V,,,,,310 Litros,Gelopar,Não informado,220V,Horizontal,1 Tampa Cega,1,Manual,Gelopar,306L,Branco,220V,Horizontal,1 Porta,
luxgolden1||40894,Freezer,Freezer Horizontal Philco 99 Litros PFH105B - 127V,"<p>Freezer Horizontal Philco 99 Litros PFH105B - 127V</p> <p>O Freezer Horizontal Philco 2 em 1 PFH105B 99L é perfeito para quem busca um local extra para guardar alimentos e bebidas. Ele é compacto, espaçoso por dentro, perfeito para pequenos ambientes. 2 em 1 ele pode ser utilizado como congelador ou refrigerador, se adapta a sua necessidade.<br> <br>Características:<br>EAN: 7891356088827<br>Marca: Philco<br>Modelo: PFH105B<br>Cor: Branco<br>Voltagem: 127V<br>Capacidade: 99 Litros<br>Classificação Energética: A<br>Gás Refrigerante: R600A<br>2 em 1: Congelador ou Refrigerador<br>Sistema de refrigeração por compressor<br>2 Rodas para deslocamento, facilitando a movimentação do produto<br>Degelo Manual<br> Dimensões da Embalagem:<br>Altura: 89cm<br>Largura: 58cm<br>Profundidade: 52cm<br>Peso: 24,500Kg<br>Garantia: 12 Meses</p>","{""cor"":""Branco"",""marca"":""Philco"",""voltagem"":""127 V""}",,Philco,Branco,127 V,,,,,99 Litros,Philco,Branco,127V,Horizontal,Não informado,Não informado,Manual,Philco,99L,Branco,110V,Horizontal,1 Porta,Manual
balaroti||141249,Freezer,Freezer Horizontal Consul 534L 2 Doors Branco 127V,"O Freezer Horizontal CHB53 com 534 litros possui controle eletrônico, para você programar a temperatura facilmente e escolher entre os modos freezer ou refrigerador. É prático e econômico, pois possui classificação energética A.","{""capacidade_liquida_de_armazenamento"":""534 L"",""cor"":""Branco"",""marca"":""Consul"",""voltagem"":""127 V""}",534 L,Consul,Branco,127 V,,,,,534L,Consul,Branco,127V,Horizontal,2 Doors,2,Não informado,Consul,534L,Branco,110V,Horizontal,2 Portas,
lojas-berlanda||355,Freezer,Freezer Horizontal Consul 534L com 2 Tampas Classe A CHB53EB,"<p>Freezer Consul 534 litros com 2 Tampas Classe A </p><p><br></p><p><br></p><p> O Freezer Horizontal CHB53 com 534 litros possui controle eletrA ́nico, para vocAa programar a temperatura facilmente. FlexA­vel, permite escolher entre os modos freezer ou refrigerador. Possui duas portas, para falcilitar a organizaA§A£o dos alimentos, e dreno frontal, que permite recolher o gelo derretido com uma vasilha.</p><p> Conta com 4 rodinhas nos pA©s e A© super econA ́mico, pois tem classificaA§A£o energA©tica A, alA©m do interior feito com liga metA¡lica de alta resistAancia A corrosA£o.</p><p><br></p><p><br></p><p> CaracterA­sticas:</p><p> Controle EletrA ́nico: Programe a temperatura desejada em apenas um toque e escolha entre os modos freezer ou refrigerador, de acordo com a sua necessidade.</p><p> PrA¡tico: Com duas portas fica mais fA¡cil organizar e encontrar os alimentos e as bebidas. TambA©m A© prA¡tico de limpar com o dreno frontal; basta colocar uma vasilha embaixo do dreno para recolher o gelo derretido. Possui 4 rodinhas nos pA©s, que facilitam a movimentaA§A£o do produto.</p><p> EconA ́mico: ClassificaA§A£o A nos testes de consumo de energia do Inmetro.</p><p><br></p><p><br></p><p> EspecificaA§Aμes tA©cnicas:</p><p> Tipo de produto: horizontal</p><p> Tipo de degelo: manual</p><p> MA©todo de preparo: 1</p><p> Capacidade lA­quida: 534 Litros</p><p> NAomero de portas: 2</p><p> Painel de controle: externo</p><p> Controle de temperatura: sim</p><p> Plugue e tomada: 10a</p><p> ClassificaA§A£o energA©tica 127v: A</p><p> ClassificaA§A£o energA©tica 220v: A</p><p> CertificaA§A£o do inmetro: PBE</p><p> NA­vel de ruA­do dba: 42</p><p> Prateleiras, cestos e gavetas: pintura branca</p><p> Porta: pintura branca</p><p> Gabinete (externo): pintura branca</p><p> Puxadores: na</p><p> Tipo do puxador: externo</p><p> LocalizaA§A£o do cabo de alimentaA§A£o (visA£o frontal): inferior direito</p><p> Painel de controle: externo</p><p> Tipo de controle do painel: eletrA ́nico</p><p> Tipo de display: led</p><p> Controle de temperatura: sim</p><p> NAomero de nA­veis de temperatura: 6</p><p> FunA§A£o trava painel: nA£o</p><p> Aviso de porta aberta: nA£o</p><p> Aviso troca filtro: nA£o</p><p> Aviso de falhas no sistema: nA£o</p><p> Chave de seguranA§a: nA£o</p><p> FunA§A£o turbo freezer: carnes,bebidas,geral,sobremesas</p><p> Ice maker: nA£o</p><p> Compartimento de congelamento rA¡pido: sim</p><p> Compartimento para gelo: nA£o</p><p> Dreno de degelo: sim</p><p> Prateleiras com regulagem de altura: nA£o</p><p> Prateleiras, cestos e gavetas removA­veis: grade</p><p> PA©s ajustA¡veis: nA£o</p><p> Porta reversA­vel: nA£o</p><p> PA©s: sim</p><p> PA©s com rodA­zios: sim</p><p> PotAancia 127 v (w): 160</p><p> PotAancia 220 v (w): 150</p><p> Consumo aproximado de energia 127 v (kwh): 70.41</p><p> Consumo aproximado de energia 220 v (kwh): 70.41</p><p> Consumo de energia em modo standby 127 v (kwh): 0.35</p><p> Consumo de energia em modo standby 220 v (kwh): 0.45</p><p> Corrente amperagem 127v a: 3.2</p><p> FrequAancia 127v hz: 60</p><p> Corrente amperagem 220v a: 1.6</p><p> FrequAancia 220v hz: 60</p><p><br></p><p><br></p><p> DimensAμes:</p><p> Largura: 147.3cm</p><p> Altura: 96cm</p><p> Profundidade: 78cm</p><p> Peso: 68kg</p><p><br></p><p><br></p><p> Garantia do fornecedor de 12 meses.</p>","{""capacidade_liquida_de_armazenamento"":""534 L"",""cor"":""Branco"",""marca"":""Consul"",""voltagem"":""220 V""}",534 L,Consul,Branco,220 V,,,,,534 Litros,Consul,Não informado,127v,horizontal,2 Tampas,2,manual,Consul,534L,Branco,220V,Horizontal,2 Portas,Manual
lojasguaibim1||907422,Freezer,Freezer Horizontal 2 Portas Fricon 411L HCEB411V Branco,"O Freezer 411L HCEB411V da Fricon é ideal para conservação de produtos congelados ou bebidas e refrigerados. Gabinete com formas internas arredondadas. Chapas internas e externas em aço galvanizado pré-pintado com alta resistência a corrosão. Isolamento de poliuretano ecologicamente correto. Grade plástica em material de alto impacto com proteção U.V. Rodízio duplo giratório de alta resistência.<br><br><br>CARACTERÍSTICAS<br><br>- Conservação de produtos congelados;<br>- Refrigeração estática;<br>- Gabinete com formas internas arredondadas;<br>- Chapas internas e externas em aço galvanizado pré-pintado com alta resistência a corrosão;<br>- Moldura principal em alumínio anodizado;<br>- Dreno frontal;<br>- Encaixe para display suporte de preço;<br>- Rodízio duplo giratório de alta resistência;<br>- Degelo manual - Termostato ajustável para baixa temperatura;<br>- Tampa de vidro de baixa emissividade e temperado com sistema de vedação de alta eficiência;<br>- Moldura lateral em ABS, garantindo alta resistência;<br>- Isolamento de poliuretano ecologicamente correto de 80mm de espessura;<br>- Grade plástica em material de alto impacto com proteção U.V.;<br>- Sem micro ventilador do condensador, eliminado manutenção preventiva;<br>- Temperatura de operação de 35°C / 75% de umidade relativa do ar;<br>- Sistema de retirada de tampas de fácil remoção.<br><br><br>ESPECIFICAÇÕES TÉCNICAS<br><br>Capacidade Total: 411 Litros<br>Variação de Temperatura : -22 à -18 °C<br>Tipo de Gás R-290<br>Portas/Tampas: 2<br>Consumo de energia (kW/dia) : 2,8*<br><br>Dimensões do Produto:<br>Largura: 130,5 cm<br>Altura: 94 cm<br>Profundidade: 71 cm<br>Peso Líquido: 62 kg","{""marca"":""Fricon"",""portas"":""2 Portas"",""voltagem"":""220 V""}",,Fricon,,220 V,,2 Portas,,,411L,Fricon,Branco,Não informado,Horizontal,Tampas,2,Manual,Fricon,411L,Branco,220V,Horizontal,2 Portas,Manual
carrefouroficial||9853529,Freezer,Freezer Horizontal Degelo 1 Porta 149 Litros 220V H162 Electrolux,Freezer Horizontal Degelo 1 Porta 149 Litros 220V H162 Electrolux<br> <br> Características: <br> Cor: Branco<br> Modelo: H162<br> Material: Aço<br> Material Geral: Aço<br> Tipo de Freezer: Horizontal<br> Quantidade de Portas do Eletrodoméstico: 1<br> Degelo: Automático<br> Marca: Electrolux<br> Capacidade em Litros: 149.0<br> Condição do Produto: Novo<br> Voltagem: 220V<br> <br> Itens Inclusos: <br> 1 Freezer<br> 1 Manual de Instruções<br> <br> Altura: 90.9 cm<br> Largura: 60.6 cm<br> Profundidade: 71.8 cm<br> Peso: 37.000 Kg<br> <br> Garantia do Fornecedor: 12 Meses,"{""capacidade_liquida_de_armazenamento"":""149 L"",""cor"":""Branco"",""marca"":""Electrolux"",""quantidade_de_portas"":""1 Porta"",""voltagem"":""220 V""}",149 L,Electrolux,Branco,220 V,,,1 Porta,,149 Litros,Electrolux,Branco,220V,Horizontal,1 Porta,1,Automático,Electrolux,149L,Branco,220V,Horizontal,1 Porta,Cycle Defrost
mundofriorefrigeracao||13739835647,Freezer,Freezer Horizontal Metalfrio Next Gen Supra - NF40SB - 127V - 388 litros - Tampa De Vidro Para Sorvetes E Congelados,"<p>NF40SB Freezer Expositor Horizontal Porta de Vidro 388 litros: Alto desempenho, baixo consumo de energia e design moderno, conserva seu produto na temperatura ideal para consumo.</p><p><br></p><p>• Desempenho Profissional: Novo sistema de refrigeração garante mais eficiência energética e alta capacidade de conservação para manter sorvetes e alimentos congelados na temperatura ideal de consumo.</p><p><br></p><p>• Design e Beleza: A linha Nextgen Supra possui conjunto de tampas com design elegante e molduras em plástico ABS com linhas harmônicas e modernas. Os puxadores são ergonômicos para facilitar o encaixe das mãos e a abertura das tampas.</p><p><br></p><p>• Excelente Exposição para Sorvetes e Congelados: A nova altura do gabinete proporciona perfeita visualização e acesso aos produtos. O interior em aço pré-pintado branco, além de ser uma proteção extra contra corrosão, destaca as cores dos produtos no interior de seu NF40 Supra.</p><p><br></p><p>Ideal para: Sorveterias, cozinhas industriais, bares, mercados, padarias e lojas de conveniência.</p><p><br></p><p>======================================</p><p><br></p><p>Características Principais</p><p><br></p><p>• Desempenho Profissional: Novo sistema de refrigeração garante mais eficiência energética e alta capacidade de conservação para manter sorvetes e alimentos congelados na temperatura ideal de consumo.</p><p><br></p><p>• Gabinete em aço pré pintado: Permite melhor eficiência no congelamento dos produtos armazenados, além de evitar manchas, riscos e corrosões.</p><p><br></p><p>• Gabinete inteligente: Dimensões internas projetadas para otimizar o uso de caixas de sorvetes (estoque embaixo dos cestos) e cesto padrão único com tamanho próprio para armazenagem de picolés.</p><p><br></p><p>• Gás Ecológico R290: Amigável ao meio ambiente reduz em até 99% as emissões de gases causadores do efeito estufa</p><p><br></p><p>• Menor consumo de energia: Troca de calor mais eficiente e maior vida útil do sistema de refrigeração proporcionam redução de consumo de energia de até 52% (Em comparação com a linha anterior Metalfrio HF).</p><p><br></p><p>• Nova parede de Isolação: Com 75mm, mantém o interior do freezer mais gelado e troca de calor mais eficiente.</p><p><br></p><p>• Puxadores ergonômicos e feitos em material de alta resistência.</p><p><br></p><p>• Rodízios reforçados: Facilitam a movimentação do freezer, oferecendo praticidade na limpeza e mudança de layout no ponto de venda.</p><p><br></p><p>======================================</p><p><br></p><p>Ficha Técnica:</p><p>Capacidade Bruta: 399 litros</p><p>Capacidade Líquida: 318 litros</p><p><br></p><p>Dimensões Externas:</p><p>Largura:1400 mm</p><p>Altura:850 mm</p><p>Profundidade: 665 mm</p><p><br></p><p>Dimensões Internas:</p><p>Largura:1250 mm</p><p>Altura:690 mm</p><p>Profundidade: 515 mm</p><p>Peso Líquido: 77kg</p><p><br></p><p>Faixa de Temperatura: -18°C (mínimo)</p><p>Classificação do Produto: Freezer</p><p><br></p><p>Largura Embalado:1475 mm</p><p>Altura Embalado: 930 mm</p><p>Profundidade Embalado: 775 mm</p><p>Peso Bruto: 85 kg</p><p>Voltagem: 127V/220V</p><p><br></p><p>Quantidade de tampas: 2</p><p><br></p><p>======================================</p><p><br></p><p>Serviço de Pós-Venda</p><p>A Metalfrio oferece a maior estrutura de Serviços de Assistência Técnica do Brasil, com cobertura em todo o território nacional. Sempre que precisar, ligue para: 0800-702-0052.</p><p><br></p><p>GARANTIA DISTRIBUIDORES METALFRIO: Por sermos distribuidores Metalfrio equipamentos comprados conosco tem 24 meses de garantia contra defeitos de fabricação.</p>","{""capacidade_liquida_de_armazenamento"":""388 L"",""marca"":""Metalfrio""}",388 L,Metalfrio,,,,,,,318 litros,Metalfrio,Não informado,127V,Horizontal,Porta de Vidro,2,Não informado,Metalfrio,318L,Branco,110V,Horizontal,2 Portas,Manual
whirlpool||326031138,Freezer,Freezer Vertical Brastemp Flex Frost Free 228 Litros - BVR28NB,"Praticidade e qualidade é o que precisamos no dia a dia, o Freezer Vertical BVR28NBANA da Brastemp preserva seus alimentos, bebidas e embalagens preferidas de modo econômico. O modelo BVR28NB tem espaço interno para até 228 litros de capacidade líquida de armazenamento, uma porta e baixo consumo de energia. Com o apertar de um botão você pode fazê-lo funcionar como uma refrigerador. E ainda possui pés estabilizadores, controle de temperatura externo, função flex, o freezer pode ser usado como geladeira, prateleiras de vidro temperado super resistentes e sistema Frost Free, você nunca vai precisar descongelar, proporcionando mais praticidade para o dia a dia.","{""capacidade_liquida_de_armazenamento"":""228 L"",""cor"":""Branco"",""marca"":""Brastemp"",""tipo"":""Vertical"",""tipo_de_degelo"":""Frost Free"",""voltagem"":""127 V""}",228 L,Brastemp,Branco,127 V,Vertical,,,Frost Free,228 Litros,Brastemp,Não informado,Não informado,Vertical,uma porta,1,Frost Free,Brastemp,228L,Branco,110V,Vertical,2 Portas,Frost Free
lojasim2||2060,Freezer,Freezer Horizontal Metalfrio 419 Litros 2 Portas DA420B,"Freezer Da420b 419 Litros 2 Portas Metalfrio<br> <br> Características:<br> Capacidade Bruta: 419 litros<br> Capacidade Líquida: 419 litros<br> Faixa de Temperatura: Freezer 18 a 22C<br> Refrigerador 2 a 8C<br> Quantidade de tampas: 2<br> Rodízios reforçados;<br> Dreno frontal<br> Fechadura<br> Puxador de plástico ABS<br> Tanque interno de aço pré pintado.<br> <br> Dimensões:<br> Altura: 101,1 cm<br> Largura: 140,1 cm<br> Profundidade: 73 cm<br> Peso: 81 Kg<br> <br> Garantia do Fornecedor 12 Meses.","{""capacidade_liquida_de_armazenamento"":""419 L"",""marca"":""Metalfrio"",""portas"":""2 Portas""}",419 L,Metalfrio,,,,2 Portas,,,419 Litros,Metalfrio,Não informado,Não informado,Horizontal,2 Portas,2,Não informado,Metalfrio,419L,Branco,,Horizontal,2 Portas,
acmuller||11958,Freezer,Freezer Horizontal 284 Litros 220V NF30SB - Metalfrio,"DESCRIÇÃO DO PRODUTO:<br><br>- Novo sistema de refrigeração com melhor desempenho, redução no consumo de energia e maior vida útil do freezer;<br>- Gás ecológico R290: amigável ao meio ambiente, reduz em até 99% as emissões de gases causadores do efeito estufa;<br>- Gabinete: altura do gabinete facilita o acesso e garante melhor visibilidade para sorvetes e congelados;<br>- Isolamento: maior espessura, mantém o interior do freezer mais gelado e a troca de calor mais eficiente;<br>- Tanque interno: feito em aço pré-pintado, além de ser mais bonito, facilita a limpeza e evita manchas, riscos e protege contra corrosão;<br>- Moldura possui design moderno, produzida em plástico ABS de alta resistência e com proteção contra raios UV;<br>- Puxadores: design moderno, ergonômicos e resistentes;<br>- Veneziana lateral traz design arrojado e logomarca exclusiva Next Gen.<br><br>ESPECIFICAÇÕES:<br><br>- Faixa de temperatura: -18°C / -22°C;<br>- Voltagem: 220V<br>- Capacidade bruta: 284 Litros;<br>- Capacidade líquida: 231 Litros;<br>- Quantidade de portas: 2;<br>- Tipo de Freezer: horizontal;<br>- Tipo de Pés: rodízio;<br>- Degelo: manual;<br>- Sistema de refrigeração: Skin Condenser;<br>- Modelo: NF30SB;<br>- Potência: 135 W;<br>- Altura (mm): 840;<br>- Largura (mm): 1115;<br>- Comprimento (mm): 681.","{""marca"":""Metalfrio"",""voltagem"":""220 V""}",,Metalfrio,,220 V,,,,,,,,,,,,,Metalfrio,231L,Branco,220V,Horizontal,2 Portas,Manual
moveislinhares||112471,Freezer,Freezer Vertical Brastemp 228 Litros Flex BVR28NB Frost Free Branco,"Freezer Vertical Brastemp 228 Litros Flex BVR28NB Frost Free Branco<br><br>É o que você precisa para armazenar seus alimentos!<br><br>O Freezer Vertical BVR28NB Flex Frost Free, além de não precisar descongelar nunca, pode se transformar em uma geladeira sempre que precisar, isso porque conta com a tecnologia Flex.<br><br>Gostou? Garanta já a sua!<br><br>*Características informadas pelo fabricante da marca*<br><br>Informações Técnicas:<br>- Marca: Brastemp<br>- Modelo: BVR28NB<br>- Tamanho: 228 Litros<br>- Consumo de energia: 46,2KW/H<br>- Voltagem: 127V ou 220V (NÃO É BIVOLT)<br>- Classificação energética: A++ (menos 10% consumo de energia)<br><br>Cor:<br>- Branco<br><br>Características:<br>- Frost Free<br>- Freezer flex<br>- Porta reversível<br>- Controle externo<br>- Puxador ergonômico<br>- Possui pés niveladores<br>- Prateleira de vidro temperado<br><br>Dimensões:<br>- Altura: 169,8cm<br>- Largura: 63,1cm<br>- Profundidade: 69,5cm<br>- Peso aproximado: 66kg<br><br>Garantia do Fornecedor: 12 meses (Se conter vidro ou espelho danificado/quebrado, o prazo para solicitar a troca é de até 7 dias corridos após a data da entrega)","{""capacidade_liquida_de_armazenamento"":""228 L"",""cor"":""Branco"",""marca"":""Brastemp"",""tipo"":""Vertical"",""tipo_de_degelo"":""Frost Free"",""voltagem"":""220 V""}",228 L,Brastemp,Branco,220 V,Vertical,,,Frost Free,228 Litros,Brastemp,Branco,127V ou 220V,Vertical,Não informado,Não informado,Frost Free,Brastemp,228L,Branco,220V,Vertical,2 Portas,Frost Free
maniavirtual||9028729-01,Freezer,Freezer Vertical Gelopar GLDR-570PR Conveniência Esmeralda 570L - 220V,"Freezer Vertical Gelopar GLDR-570PR Conveniência Esmeralda 570L - 220V<br><br><br><br>Refrigeração e exposição de bebidas, frios e laticínios, temperatura regulável: +1o a +7oC, através de termostato, refrigeração ar forçado com placa fria, degelo automático, iluminação 1 barra de LED no painel externo e 1 interna, porta de vidro duplo temperado baixo emissivo; fechamento automático, prateleiras aramadas 3 níveis reguláveis e inclináveis, acabamento externo aço pré-pintado preto, pés reguláveis Vidros sujeitos a condensação da umidade do ar<br><br><br><br>Informações técnicas<br><br><br><br>Altura: 1.97<br><br>Capacidade: 572 litros<br><br>Consumo: 6,06 Kwh/dia<br><br>Frente: 67cm<br><br>Marca: Gelopar<br><br>Modelo: GLDR570<br><br>Peso: 119Kg<br><br>Portas: 1 Porta<br><br>Prateleiras: 3<br><br>Profundidade: 82cm<br><br>Temperatura: +1° a +7°C<br><br><br><br>Garantia: 12 meses","{""marca"":""Gelopar"",""tipo"":""Vertical""}",,Gelopar,,,Vertical,,,,570L,Gelopar,Esmeralda,220V,Vertical,1 Porta,1,Automático,Gelopar,570L,Preto,220V,Vertical,1 Porta,
acmuller||1876,Freezer,Freezer Horizontal Dupla Ação 546 Litros Tampa Cega 220V DA550 - Metalfrio,"Gente, o freezer é muito importante pra congelar e conservar alimentos. Com ele dá pra manter conservados carnes, sorvetes e até a refeição da semana toda, que depois de pronta é só ir do freezer ao microondas. Prático, né? Mas o freezer também é importante se você tem um comércio ou um restaurante. Com a Linha Chest Freezer DA550 da Metalfrio, você tem dois equipamentos em um só: por meio de uma chave seletora, você altera de freezer para refrigerador e vice-versa de maneira prática e rápida. Perfeito para quem busca versatilidade, robustez e desempenho. O modelo horizontal é perfeito pra quem tem um negócio: mercado, restaurante e até um posto de gasolina onde vende gelo. Ele tem 2 portas e capacidade líquida de 546 litros, sendo assim cabe bastante coisa e vai deixar tudo bem organizado.","{""capacidade_liquida_de_armazenamento"":""546 L"",""marca"":""Metalfrio"",""portas"":""2 Portas"",""voltagem"":""220 V""}",546 L,Metalfrio,,220 V,,2 Portas,,,546 Litros,Metalfrio,Não informado,220V,Horizontal,2 portas,2,Não informado,Metalfrio,546L,Branco,220V,Horizontal,2,
continentalcenter||B100050011015010402,Freezer,Freezer Horizontal 2 Portas 534L Consul 220V CHB53EB,"Freezer Horizontal 2 Portas 534L Consul 220V CHB53EB<br> Com o Freezer Horizontal da Consul você sempre vai ter espaço para guardar seus alimentos. Com 534 litros de capacidade e controle eletrônico, pra você programar faculmente a temperatura desejada. O aparelho permite também escolher entre os modos freezer ou refrigerador. Seu interior é feito com liga metálica de alta resistência à corrosão, ele conta ainda com 2 portas para facilitar na organização dos alimentos, dreno frontal para ajudar a recolher o gelo derretido com uma vasilha e 4 rodinhas nos pés.<br><br> Mais Praticidade:<br><br> Suas duas portas vão deixar muito mais fácil encontrar e organizar seus alimentos e bebidas. O Dreno frontal também vai facilitar na hora de limpar o interior; basta colocar uma vasilha embaixo do dreno para recolher o gelo derretido. E para movimentar o freezer, ele conta com 4 rodinhas nos pés.<br><br> Econômico:<br><br> Classificação A nos testes de consumo de energia do Inmetro.<br><br> Controle Eletrônico:<br><br> O Freezer CHB53EB foi desenvolvido para se adequar as suas necessidades. Com o Controle Eletrônico é possível escolher entre os modos freezer ou refrigerador, além de programar a temperatura desejada.<br><br> Resistente:<br><br> Seu interior foi produzido com liga metálica de alta resistência à corrosão, aumentando o tempo de vida do freezer.<br><br> <br> Especificações Técnicas:<br><br> - Marca: Consul<br><br> - Modelo: 220V CHB53EBBNA <br>- Tensão: 220V <br>- Capacidade Total: 534 Litros <br>- Classificação Energética: A <br>- Consumo : 220V: 70.41 kWh <br>- Consumo em Standby: 220V: 0.45kWh <br>- Potência: 220V: 150W <br>- Selo Procel: Sim <br>- Cor: Branco <br>- Número de Portas: 2 Portas <br>- Tipo de Degelo: Degelo Manual <br>- Dimensões (L x A x P): 147,3 x 96 x 78 cm <br>- Peso: 68 kg <br>- Garantia: 12 meses<br>","{""capacidade_liquida_de_armazenamento"":""534 L"",""cor"":""Branco"",""marca"":""Consul"",""quantidade_de_portas"":""2 Portas"",""tipo_de_degelo"":""Degelo Manual"",""voltagem"":""220 V""}",534 L,Consul,Branco,220 V,,,2 Portas,Degelo Manual,534L,Consul,Branco,220V,Horizontal,2 Portas,2,Degelo Manual,Consul,534L,Branco,220V,Horizontal,2,Manual
gazinshop||13023,Freezer,Freezer Consul 414L 2 Portas Horizontal 6 Níveis de Temperatura CHB42FB,"Praticidade e qualidade é o que precisamos no dia a dia, o Freezer horizontal CHB42FBBNA da Consul preserva seus alimentos, bebidas e embalagens preferidas de modo econômico. É um freezer com espaço interno para até 414 litros de capacidade líquida de armazenamento. O modelo CHB42FB tem 2 portas e baixo consumo de energia. Seu sistema de controle eletrônico é ideal para você programar a temperatura facilmente e escolher entre os modos freezer ou refrigerador. Conta com degelo manual e dreno frontal que facilita na hora da limpeza.","{""portas"":""2 Portas""}",,,,,,2 Portas,,,414L,Consul,Não informado,Não informado,Horizontal,2 Portas,2,Manual,Consul,414L,Branco,220V,Horizontal,2,Manual
lojasmm||15964,Freezer,Freezer Horizontal Philco 1 Porta 143L PFH160B,"Você pode ate achar que freezer e um tipo de eletrodoméstico útil apenas para quem tem comercio. ter um freezer em casa pode proporcionar uma serie de benefícios para quem tem família grande ou, que precisa de espaço para armazenar alimentos congelados. No freezer horizontal, você pode guardar grandes volumes que, muitas vezes, não cabem no congelador. E sabendo de como ele pode facilitar a sua vida a Philco apresenta o freezer PFH160B. Ele e horizontal, pode ser utilizado como freezer ou refrigerador e tem degelo manual. Conta com uma porta e tem capacidade de 143 litros.<br> Compacto, tem um super espaço interno, perfeito para pequenos ambientes. 2 em 1 ele pode ser utilizado como congelador ou refrigerador, se adapta a sua necessidade. <br> MODELO: PFH160B<br> <br> Sistema Dupla Função: Pode operar na função freezer e refrigerador<br> <br> Controle de temperatura ajustável no painel frontal<br> <br> Sistema de refrigeração por compressor<br> <br> Gás refrigerante R600a<br> <br> 4 Rodas para deslocamento, facilitando a movimentação do produto<br> <br> Dreno frontal, facilitando o degelo e limpeza do produto<br> <br> A água escoa pelo dreno facilitando<br> <br> Degelo Manual<br> <br> Volume Interno 143 litros<br> <br> Chave de Segurança, permite trancar o freezer se necessário<br> <br> Puxador com trava de segurança<br> <br> Classificação energética A Maior economia de energia<br> <br> Cesto aramado Facilita a organização dos alimentos<br> <br> Dimensões do produto:<br> Altura: 85 cm<br> Largura: 63,7 cm<br> Profundidade:57,2 cm<br> Peso: 28 kg<br> <br> Garantia: 12 meses","{""capacidade_liquida_de_armazenamento"":""143 L"",""cor"":""Branco"",""marca"":""Philco"",""tipo_de_degelo"":""Degelo Manual"",""voltagem"":""127 V""}",143 L,Philco,Branco,127 V,,,,Degelo Manual,143L,Philco,Não informado,Não informado,Horizontal,1 Porta,1,Manual,Philco,143L,Branco,110V,Horizontal,1,Manual
magazineluiza||010100700,Freezer,Freezer Vertical 280 Litros Frost Free Brastemp,,"{""marca"":""Brastemp"",""tipo"":""Vertical"",""tipo_de_degelo"":""Frost Free"",""voltagem"":""127 V""}",,Brastemp,,127 V,Vertical,,,Frost Free,280 Litros,Brastemp,Não informado,Não informado,Vertical,Não informado,Não informado,Frost Free,,,,,,,
lojaeletrobomjesus||189-231,Freezer,Freezer Horizontal Electrolux H330 314L Turbo Freezer 1 Porta com Chave e Rodízios Branco,"Armazene os seus produtos com facilidade e tenha mais tempo livre para administrar os seus negócios. O Freezer Horizontal H330 é ideal para armazenar os alimentos e bebidas da sua casa ou do seu estabelecimento porque possui 314L de capacidade de armazenamento, é prático de usar e oferece maior economia de energia elétrica. Com classificação energética ""A"", consome uma quantidade menor de energia sem perder a eficiência. A função Turbo Freezer permite um resfriamento mais rápido dos produtos, ideal para festas ou ocasiões onde há a necessidade de congelar os alimentos de forma acelerada. Conta com a Dupla Função para congelar ou apenas refrigerar o conteúdo do freezer. O painel frontal é intuitivo e facilita o acionamento de todas as funções. A fechadura de segurança permite travar as 2 portas do freezer, a fim de proporcionar um armazenamento seguro. Os rodízios que giram em 360° facilitam a movimentação do freezer e garantem mais mobilidade. A pintura externa é mais resistente, durável e confere boa aparência. O freezer horizontal contém um dreno frontal que permite que a água do degelo escoe pelo dreno sem precisar movimentar o Freezer. O puxador ergonômico oferece ainda mais facilidade e praticidade para o seu dia a dia na hora de armazenar os seus alimentos.","{""cor"":""Branco"",""marca"":""Electrolux"",""quantidade_de_portas"":""1 Porta"",""tipo_de_degelo"":""Degelo Manual"",""voltagem"":""220 V""}",,Electrolux,Branco,220 V,,,1 Porta,Degelo Manual,314L,Electrolux,Branco,Não informado,Horizontal,1 Porta com Chave e Rodízios,1,Não informado,Electrolux,314L,Branco,220V,Horizontal,1,
casaeciaoutlet1||15881006804,Freezer,Freezer Electrolux Vertical FE27- 110V,"<p>O Freezer Vertical Electrolux Cycle Defrost Uma Porta (FE27) é um refrigerador de Grande Capacidade, com espaço interno para até 234l, que preserva seus alimentos, bebidas e embalagens preferidas de modo econômico com o baixo consumo energético da Classificação 'A', menor da categoria.</p><p> Espaçoso e econômico, possui ainda Gás Ecológico R600 que não prejudica a natureza, unindo funcionalidade e sustentabilidade. Perfeito para melhor organização interna, além de contar com Prateleiras de tampas basculantes que deslizam ao abrir para facilitar o acesso. E ainda com três grandes gavetas que ajudam a separar e visualizar alimentos e bebidas do seu freezer.</p><p> Para maior praticidade de limpeza, o dreno facilita o descongelamento ao escoar a água de degelo, apoiando no recolhimento quando necessário. Os Pés de Nivelamento garantem maior comodidade durante o seu uso ao se adaptar em piso de diferentes níveis.</p><p> Especificações Técnicas:</p><p> Tipo de Degelo:ManualCor: BrancoPuxadores: ExternoPorta Reversível: NãoPrateleiras: 4Fechadura de Segurança: NãoCongelamento Rápido: NãoCompartimentos: 7Painel de Controle: NãoRodízios: NãoControle de Temperatura: SimFrequência: 60 HzClassificação Energética: ACapacidade Bruta (L): 253Capacidade Líquida (L): 234Iluminação Interna: NãoFechadura de Segurança: NãoDreno de Degelo: Sim</p><p> Dimensões Aproximadas:</p><p> Altura: 175cmLargura: 60cmComprimento: 70cmPeso: 53Kg</p><p> Conteúdo de Embalagem:</p><p> 01Freezer Electrolux Vertical FE27- 110V01 Manual</p><p> Garantia:</p><p> 90 Dias (3 Meses)</p>","{""marca"":""Electrolux"",""tipo"":""Vertical"",""voltagem"":""127 V""}",,Electrolux,,127 V,Vertical,,,,234L,Electrolux,Branco,110V,Vertical,Uma Porta,1,Manual,Electrolux,234L,Branco,110V,Vertical,1,Cycle Defrost
centermaq||8379,Freezer,Freezer Horizontal 311L Tampa de Vidro HCEB 311 - Fricon 220V,"<p>Freezer Horizontal 311L Tampa de Vidro HCEB311-V Fricon</p><p>Conservação de produtos congelados</p><p>Refrigeração estática</p><p>Gabinete com formas internas arredondadas</p><p>Chapas internas e externas em aço galvanizado pré-pintado com alta resistência a corrosão</p><p>Moldura principal em alumínio anodizado</p><p>Dreno frontal</p><p>Encaixe para display suporte de preço</p><p>Rodizio duplo giratório de alta resistência</p><p>Degelo manual</p><p>Termostato ajustável para baixa temperatura</p><p>Tampa de vidro de baixa emissividade e temperado com sistema de vedação de alta eficiência</p><p>Moldura lateral em ABS, garantindo alta resistência</p><p>Isolamento de poliuretano ecologicamente correto de 80mm de espessura</p><p>Grade plástica em material de alto impacto com proteção U.V.</p><p>Sem micro ventilador do condensador, eliminado manutenção preventiva</p><p>Temperatura de operação de 35C / 75% de umidade relativa do ar</p><p>Sistema de retirada de tampas de fácil remoção</p><p>Especificações</p><p>Largura (mm) 1045mm/41in</p><p>Altura (mm) 829mm/33in</p><p>Profundidade (mm) 679mm/27in</p><p>Peso liquido (kg/lbs) 54kg/119lb</p><p>Capacidade bruta(litro/galão) 311l/82gal</p><p>Variação de temperatura (C) -22 a -18</p><p>Variação de temperatura (F) -7,6 a -0,4</p><p>Consumo de energia (kW/dia) 2,7*</p><p>Tipo de gás R-134A</p><p>Truck 7,8/10 m 57/75</p><p>Container Brasil 20/40HC 30/60</p><p>Container Export 20/40HC 30/92</p><p>CHEFSTOCK, TUDO PARA O SEU COMÉRCIO!</p>","{""marca"":""Fricon"",""voltagem"":""220 V""}",,Fricon,,220 V,,,,,311L,Fricon,Não informado,220V,Horizontal,Tampa de Vidro,1,Manual,Fricon,311L,Branco,220V,Horizontal,1,Manual
magazineluiza||010201601,Freezer,Freezer Horizontal Electrolux 305L,"Freezer Horizontal com capacidade de armazenamento de 305 litros e capacidade total de 317 litros. Possui dupla ação, pode ser utilizado como freezer ou como conservador. Conservar e armazenar ficou muito mais fácil!","{""capacidade_liquida_de_armazenamento"":""305 L"",""cor"":""Branco"",""marca"":""Electrolux"",""voltagem"":""127 V""}",305 L,Electrolux,Branco,127 V,,,,,305L,Electrolux,Não informado,Não informado,Horizontal,Não informado,Não informado,Não informado,,,,,,,
mega-mamute||62283,Freezer,Freezer Horizontal Electrolux H300 Cycle Defrost 305 Litros Branco 110V,"Disponha da mais recente tecnologia em resfriamento com o Freezer Horizontal Electrolux H300 305 Litros Cycle Defrost. Dotado de design simples e eficiente, possui gabinete interno e externo em aço, dreno de degelo frontal e tampa balanceada que facilita o carregamento ou descarregamento de itens. Ideal para ambiente doméstico ou comercial, conta com capacidade de até 305 litros, e pode ser utilizada em dupla função: congelamento e resfriamento. Além disso, dispõe de baixa formação de gelo, garantindo o melhor funcionamento do produto. Para tornar ainda mais ágil o processo, basta utilizar a tecla Extrafrio, para ativação do modo congelamento. Após o uso, tenha limpeza fácil e descomplicada por meio do Skin Condenser, que irá proporcionar maior espaço livre.<br><br>Modelo:Cycle Defrost H300<br>PN:H300<br>Cor:Branco<br>Capacidade:bruta: 317 Litros <br>Capacidade de armazenamento: 305 Litros<br>Portas:1 porta<br><br>Outras Características do Produto:Tecnologia Defrost <br>Tipo: Freezer Horizontal <br>Dreno de degelo frontal: <br>permite realizar o degelo com maior facilidade <br>Dupla função - conservador e freezer: <br>Poder ser usado para congelamento e resfriamento. <br>Skin Condenser: <br>Condensador embutido que facilita a limpeza e proporciona maior espaço livre. <br>Tecla Extrafrio: <br>Congela os produtos muito mais rápido. <br>Baixa formação de gelo: <br>Garante melhor funcionamento do produto. <br>Tampa balanceada: <br>A tampa pára no ângulo certo, oferecendo mais liberdade para carregar e descarregar <br>Rodízios em fibra de alta resistência: <br>Mais resistentes, permitem melhor movimentação do produto. <br>Fechadura com chave autoexpulsiva: <br>Garante a segurança da carga estocada no freezer. <br>Certificado IEC: <br><br>Garante contra possíveis acidentes elétricos.<br>Voltagem:110V<br>Consumo:52,9 (kWh/mês) Classificação Energética C<br>Conteúdo da Embalagem:01 x Freezer Horizontal <br>01 x Manual de Instruções<br>Fabricante:Electrolux<br>Telefone de Atendimento:0800-728-8778 / (11) 2388-8213<br>Garantia:12 Meses<br>Garantia com a Fabricante:Sim<br>Dimensões (L x A x P):105,5 x 91,5 x 76,3 cm<br>Peso:67,5 kg<br><br>","{""capacidade_liquida_de_armazenamento"":""305 L"",""cor"":""Branco"",""marca"":""Electrolux"",""quantidade_de_portas"":""1 Porta"",""voltagem"":""127 V""}",305 L,Electrolux,Branco,127 V,,,1 Porta,,305 Litros,Electrolux,Branco,110V,Freezer Horizontal,1 porta,1,Cycle Defrost,Electrolux,305L,Branco,110V,Horizontal,1,Cycle Defrost
efacil||2219282,Freezer,Freezer e Refrigerador Horizontal Esmaltec 325 Litros ECH350,"Características do Produto:<br>Modelo: ECH350<br>Capacidade Líquida (L): 303<br>Capacidade Bruta (L): 325<br>Dimensões AxLxP (cm): 93,70 x 100,30 x 65,00<br>Peso Líquido (kg): 63<br>Peso Bruto (kg): 65,34<br>Frequência (Hz): 60<br><br>Garantia: 01 Ano (Ofertada Pelo Fornecedor)<br><br>SAC - Fornecedor<br>Esmaltec<br>0800 275 1414<br>","{""capacidade_liquida_de_armazenamento"":""325 L"",""cor"":""Branco"",""marca"":""Esmaltec"",""quantidade_de_portas"":""2 Portas"",""voltagem"":""Bivolt""}",325 L,Esmaltec,Branco,Bivolt,,,2 Portas,,303,Esmaltec,Não informado,Não informado,Horizontal,Não informado,Não informado,Não informado,Esmaltec,303L,Branco,Bivolt,Horizontal,2,
friopecas||130958,Freezer,Freezer Horizontal Metalfrio 144 Litros para Sorvetes e Congelados Nextgen Supra Branco NF20S  220 Volts,"Freezer Horizontal Metalfrio 144 Litros para Sorvetes e Congelados Nextgen Supra Branco NF20S – 220 Volts <p> Nova linha Nextgen Supra! Baixa temperatura para armazenamento de sorvetes e congelados. </p> <p> A linha de Freezers NF Supra possui alta performance, robustez e durabilidade, ideal para estabelecimentos comerciais, no armazenamento de sorvetes e congelados. Seus diferenciais tecnológicos auxiliam no baixo consumo de energia, reduzindo consideravelmente o valor da sua conta no final do mês. Fabricado com motor eletromecânico, o freezer conserva a refrigeração certa para os seus produtos, mesmo em ambientes com temperaturas elevadas e alto fluxo de abertura de porta. Para manter seus produtos na temperatura, textura e aparência ideal, conte com a Metalfrio, a número 1 em fabricação de refrigeradores e freezers comerciais do Brasil.</p> <p> Ideal para: </p> <p> Sorveterias, cozinhas industriais, bares, mercados, padarias e lojas de conveniência. </p> <p> Altura anatômica, ideal para visualização dos seus produtos por crianças e adultos. </p> <p> Economia de energia: </p> <p> Troca de calor mais eficiente e maior vida útil do sistema de refrigeração proporcionam redução de consumo de energia de até 52%. </p> <p> Nova moldura: </p> <p> Com design moderno e em plástico de alta resistência, a nova moldura fixa garante suavidade na abertura das tampas. </p> <p> Puxadores ergonômicos e feitos em material de alta resistência. </p> <p> Gabinete em plástico com alta durabilidade: </p> <p> Além de muita resistência a impacto, possui proteção contra raios UV, que mantém a aparência do freezer novo por muito mais tempo. </p> <p> Gás Ecológico R290: </p> <p> Amigável ao meio ambiente reduz em até 99% as emissões de gases causadores do efeito estufa. </p> <p> Gabinete inteligente: </p> <p> Dimensões internas projetadas para otimizar o uso de caixas de sorvetes (estoque embaixo dos cestos) e cesto padrão único com tamanho próprio para armazenagem de picolés. </p> <p> Parede de Isolação: </p> <p> Com 75mm, mantém o interior do freezer mais gelado e troca de calor mais eficiente. </p> <p> Tanque Interno: </p> <p> Feito em aço pré pintado, permite melhor eficiência no congelamento dos produtos armazenados, além de evitar manchas, riscos e corrosões. </p> <p> Rodízios: </p> <p> Facilitam a movimentação do freezer, oferecendo praticidade na limpeza e mudança de layout no ponto de venda. </p> <p> Utilizado pelas maiores empresas de sorvetes e congelado do país. </p> <p> Capacidade Líquida de 144 litros. </p> <p> Capacidade Bruta de 185 litros. </p>","{""marca"":""Metalfrio"",""voltagem"":""220 V""}",,Metalfrio,,220 V,,,,,144 Litros,Metalfrio,Branco,220 Volts,Horizontal,Não informado,Não informado,Não informado,Metalfrio,144L,Branco,220V,Horizontal,2,
luxgolden1||39871,Freezer,Freezer Consul Horizontal 220L 1 Tampa CHA22EBANA - 127V,"<p>Freezer Consul Horizontal 220L 1 Tampa CHA22EBANA - 127V</p> <p>O Freezer Horizontal CHA22EBANA com 220 litros possui controle eletrônico, para você programar a temperatura facilmente. Flexível, permite escolher entre os modos freezer ou refrigerador, de acordo com a sua necessidade.<br> <br>Características:<br>EAN: 7891129253780<br>Marca: Consul<br>Modelo: CHA22EBANA<br>Cor: Branco<br>Voltagem: 127V<br>Potência: 135W<br>Classificação Energética: A<br>Capacidade: 220 Litros<br>Temperatura Minima: -18C<br> Pés com Rodinha<br>Função Freezer e Refrigerador<br>Dreno Frontal para Degelo<br> Dimensões da Embalagem:<br>Altura: 98cm<br>Largura: 77cm<br>Profundidade: 81cm<br>Peso: 50,000Kg<br>Garantia: 12 Meses</p>","{""capacidade_liquida_de_armazenamento"":""220 L"",""cor"":""Branco"",""marca"":""Consul"",""voltagem"":""127 V""}",220 L,Consul,Branco,127 V,,,,,220L,Consul,Branco,127V,Horizontal,1 Tampa,1,Não informado,Consul,220L,Branco,110V,Horizontal,1,
maniavirtual||9018303-01,Freezer,Freezer Horizontal Midea 295l 110v,"Mantenha seus alimentos sempre conservados no Freezer Horizontal Midea 295L. Ele traz quatro funções para resfriar, conservar e congelar, através do termostato externo com 9 opções de temperatura. Além disso, a função Freezer + possibilita resfriar os alimentos de forma mais rápida. Prático, possui abertura de porta superior com puxador ergonômico e rodízios que ajudam no transporte; seu dreno frontal para escoamento da água do degelo facilita na hora da limpeza. Também acompanha um cesto aramado para organização dos alimentos e fechadura com chave. Não agride a camada de Ozônio, pois é livre de CFC. Temperatura de Operação Freezer: mínimo de -28°C e máximo de -12°C. Temperatura de operação do conservador/refrigerador: mínimo de 0°C e máximo de 10°C. ""<br>Classificação A de economia no inmetro.<br><br>Código: RCFA31<br>Cor: Branco<br>Eficiência Energética: A<br>Capacidade: 295L<br>Tensão: 127V<br>Número de portas: 1 <br>Fluído Refrigerante: R134A<br>Faixa de Temperatura oC:10 a -28<br>Potência(W): 140<br>Consumo aproximado de energia(KWh/mês): 29,7<br>Dimensões(AxLxP)cm: 85x112x68<br><br><br><br><br><br><br>","{""capacidade_liquida_de_armazenamento"":""295 L"",""cor"":""Branco"",""marca"":""Midea"",""voltagem"":""127 V""}",295 L,Midea,Branco,127 V,,,,,295L,Midea,Branco,127V,Horizontal,1,1,Não informado,Midea,295L,Branco,110V,Horizontal,1,
frigelar2||KIT1310,Freezer,Freezer Horizontal Philco Dupla Ação 295L PFZ330B 220V 220V,"<p>O Freezer Horizontal Philco 295L, é a melhor opção para manter alimentos conservados ou congelados de forma rápida. <br>Compacto, prático e de fácil adaptação a variados ambientes. <br> <br>Características: <br> Maior Capacidade e melhor aproveitamento de espaço; <br> Controle de temperatura ajustável no painel frontal; <br> Sistema Dupla Função: Pode operar na função freezer ou refrigerador, conforme ajuste do termostato; <br> Temperatura interna de operação modo refrigerador de + 5C a - 1C; <br> Temperatura interna de operação modo freezer de -5C a -23C; <br> Sistema de refrigeração por compressor; <br> Classificação energética A; <br> Gás refrigerante R600a; <br> 4 rodas para deslocamento, facilitando a movimentação do produto; <br> Dreno frontal, facilitando o degelo e limpeza do produto; <br> Degelo Manual; <br> Chave de Segurança, permite trancar o freezer se necessário; <br> Volume interno 295 litros; <br> Disponível em 127V e 220V.</p>","{""capacidade_liquida_de_armazenamento"":""295 L"",""marca"":""Philco"",""tipo_de_degelo"":""Degelo Manual"",""voltagem"":""220 V""}",295 L,Philco,,220 V,,,,Degelo Manual,295L,Philco,Não informado,220V,Horizontal,Dupla Ação,Não informado,Manual,Philco,295L,Branco,220V,Horizontal,1,Manual
homepoint||SG5808,Freezer,Freezer Philco Horizontal PFH260B Branco 246 Litros,"PRINCIPAIS CARACTERÍSTICAS:<br>Freezer Philco Horizontal PFH260B é 2 em 1, congelador e refrigerador. Perfeito para quem busca um local extra para guardar os congelados. Ele tem um super espaço interno, ideal para armazenar o que você precisar. Refrigerante, cervejas, carnes, doces, entre outros. Ele pode ser utilizado como congelador ou refrigerador, se adapta a sua necessidade. Mais econômico, classificação “A” pela procel e livre de CFC, Ecofrendly, não agride a Camada de Ozônio. Consulte quem mais pensa em praticidade e versatilidade pra você! Philco!<br><br>ESPECIFICAÇÕES DO PRODUTO:<br>• Voltagem: 220v<br>• Sistema Dupla Função: Pode operar na função freezer ou refrigerador;<br>• Maior Capacidade e melhor aproveitamento de espaço;<br>• Controle de temperatura no painel frontal;<br>• Sistema de refrigeração por compressor;<br>• Classificação energética A;<br>• Gás refrigerante R600a;<br>• Rodízios para deslocamento (2), facilitando a movimentação do produto;<br>• Dreno frontal, facilitando o degelo e limpeza do produto;<br>• Degelo Manual;<br>• Volume Interno 246 litros;<br>• Chave de Segurança, permite trancar o freezer se necessário;<br>• Garantia de 12 meses contra defeito de fabricação<br><br>IMAGENS MERAMENTE ILUSTRATIVAS","{""capacidade_liquida_de_armazenamento"":""246 L"",""cor"":""Branco"",""marca"":""Philco"",""tipo_de_degelo"":""Degelo Manual"",""voltagem"":""220 V""}",246 L,Philco,Branco,220 V,,,,Degelo Manual,246 Litros,Philco,Branco,220v,Horizontal,Não informado,Não informado,Manual,Philco,246L,Branco,220V,Horizontal,1,Manual
dkmaquinasequipamentos||7224,Freezer,Freezer Horizontal Fricon HCED 216 C branco 216 Litros 220V,"<p><strong>FREEZER HORIZONTAL | FRICON | HCED 216C | 1 PORTA CEGA | 220V </strong></p><p><br></p><p>&gt; Conservação de produtos congelados, produtos refrigerados e bebidas</p><p>&gt; Refrigeração estática</p><p>&gt; Tampa de chapa com puxador frontal e fechadura</p><p>&gt; Chapas internas e externas em aço galvanizado pré-pintado com alta resistência à corrosão</p><p>&gt; Gabinete interno branco com formas arredondadas</p><p>&gt; Isolamento de poliuretano ecologicamente correto</p><p>&gt; Divisória interna com pintura plastificada</p><p>&gt; Dobradiças balanceadas</p><p>&gt; Rodízio duplo giratório de alta resistência 360°</p><p>&gt; Degelo manual</p><p>&gt; Termostato ajustável para dupla ação</p><p>&gt; Dreno frontal</p><p>&gt; Grade plástica em material de alta resistência a impacto com proteção UV</p><p>&gt; Temperatura de operação de 35°C / 75% de umidade relativa do ar</p><p><br></p><p><strong> INFORMAÇÕES DO PRODUTO:</strong></p><p>Peso: 43kg</p><p>Capacidade: 216 Litros</p><p>Variação de temperatura (oC) -22 a -18/0 a +8</p><p>Consumo de energia: 2,4 kWh/dia</p><p>Tipo de gás: R-134A</p><p>Tampas: 1</p><p>Voltagem: 220v</p><p><br></p><p>Dimensões do Produto:</p><p>Altura: 94 cm</p><p>Largura: 75 cm</p><p>Profundidade: 70,5 cm</p>","{""capacidade_liquida_de_armazenamento"":""216 L"",""marca"":""Fricon"",""voltagem"":""220 V""}",216 L,Fricon,,220 V,,,,,216 Litros,Fricon,branco,220V,Horizontal,1 Porta Cega,1,manual,Fricon,216L,Branco,220V,Horizontal,1,Manual
friopecas||146478,Freezer,Freezer Horizontal Consul 220 Litros Branco CHA22FB  220 Volts,"<br> <br> Freezer Horizontal Consul 220L Branco CHA22FB – 220 Volts <p>O Freezer Horizontal CHA22 com 220 litros possui controle eletrônico, para você programar a temperatura facilmente e escolher entre os modos freezer ou refrigerador. É prático e econômico, pois possui classificação energética A.</p> <p>O Freezer Horizontal CHA22 com 220 litros possui controle eletrônico, para você programar a temperatura facilmente. Flexível, permite escolher entre os modos freezer ou refrigerador, de acordo com a sua necessidade. É prático de limpar com o dreno frontal e possui 4 rodinhas nos pés, que facilitam a movimentação do produto. Também é super econômico, pois tem classificação energética A, além do interior feito com liga metálica de alta resistência à corrosão.</p> <p> Controle Eletrônico </p> <p>Programe a temperatura desejada em apenas um toque e escolha entre os modos freezer ou refrigerador, de acordo com a sua necessidade.</p> <p> Prático </p> <p>Prático de limpar com o dreno frontal; basta colocar uma vasilha embaixo do dreno para recolher o gelo derretido. Também possui 4 rodinhas nos pés, que facilitam a movimentação do produto.</p> <p> Econômico </p> <p>Classificação A nos testes de consumo de energia do Inmetro.</p> <p> Resistente </p> <p>Interior feito com liga metálica de alta resistência à corrosão.</p> <p>Imagem Meramente Ilustrativa.</p>","{""capacidade_liquida_de_armazenamento"":""220 L"",""cor"":""Branco"",""marca"":""Consul"",""voltagem"":""220 V""}",220 L,Consul,Branco,220 V,,,,,220 Litros,Consul,Branco,220 Volts,Horizontal,Não informado,Não informado,Não informado,Consul,220L,Branco,220V,Horizontal,1,
maniavirtual||9004664-01,Freezer,Freezer Horizontal Metalfrio 293 Litros DA302 - 110V Branco,"Freezer Horizontal Metalfrio 293 Litros 110V Branco - DA302<br><br><br><br>Informações técnicas<br><br>Marca-Metalfrio<br><br>Referência-DA302B 1.<br><br>Modelo-DA302<br><br>Linha-Chest Freezer<br><br>Tipo de freezer<br><br>Horizontal<br><br>Tipo de degelo<br><br>Não<br><br>Capacidade líquida de armazenamento<br><br>293 litros.<br><br>Função<br><br>Freezer<br><br>Refrigerador<br><br>Temperatura<br><br>- Freezer -18 a -22°C<br><br>- Refrigerador +2 a +8°C-Portas<br><br>Reversível-não<br><br>Balanceada-não<br><br>Recursos Extras<br><br>Condensador embutido-não<br><br>Dreno de gelo-sim frontal.<br><br>Compartimento com tampa basculantenão<br><br>Desodorizador-não<br><br>Elimina bactérias-não<br><br>Alarme-não<br><br>Rodíziossim para transporte.<br><br>Eficiência energética<br><br>classe A Selo Procel “A”: muito mais economia de energia. Bom para o meio ambiente, excelente para o seu bolso!<br><br>Voltagem-110 Volts<br><br>Material<br><br>gabinete interno pré-pintado branco: proteção adicional de esmalte poliéster branco proporciona maior resistência e confere beleza ao produto.<br><br>Cor-Branco<br><br>Informações da Marca:<br><br>Metalfrio: todo mundo conhece, todo mundo confia.A Metalfrio é uma das marcas de refrigeração comercial mais tradicionais do Brasil, com presença em 9, de cada 10 estabelecimentos comerciais do país. Um nome que inspira confiança em milhares de donos de estabelecimentos comerciais que planejaram com cuidado cada detalhe de seu negócio e, por isso, fazem questão de ter os melhores equipamentos e a certeza da escolha certa.Serviço de Pós-VendaA Metalfrio oferece a maior estrutura de Serviços de Assistência Técnica do Brasil, com cobertura em todo o território nacional. Sempre que precisar,<br><br>Peso aproximado<br><br> Peso do produto-57 kg.<br><br> Peso do produto com embalagem-69 kg.<br><br><br><br>Dimensões do produto<br><br> Largura-99,8 cm.<br><br> Altura-94,4 cm.<br><br> Profundidade-69 cm<br><br><br><br>Dimensões do produto com embalagem<br><br> Largura-106,8 cm.<br><br> Altura-101,1 cm.<br><br> Profundidade-73 cm<br><br><br><br><br><br>Garantia de 12 meses pelo fornecedor.","{""capacidade_liquida_de_armazenamento"":""293 L"",""marca"":""Metalfrio"",""voltagem"":""127 V""}",293 L,Metalfrio,,127 V,,,,,293 litros,Metalfrio,Branco,110 Volts,Horizontal,Não informado,Não informado,Não,Metalfrio,293L,Branco,110V,Horizontal,1,
magazineluiza||010106001,Freezer,Freezer Electrolux 203 Litros,,"{""capacidade_liquida_de_armazenamento"":""203 L"",""marca"":""Electrolux""}",203 L,Electrolux,,,,,,,203 Litros,Electrolux,Não informado,Não informado,Freezer,Não informado,Não informado,Não informado,,,,,,,
friopecas||139564,Freezer,Freezer Horizontal Midea 100 Litros Digital FlexBeer Preto CBA10P2  220 Volts,"Freezer Horizontal Midea 100 Litros Digital FlexBeer Preto CBA10P2 – 220 Volts <p> O Freezer Horizontal Midea 100 Litros Digital FlexBeer Preto CBA10P2 veio para trazer muito mais versatilidade no seu dia a dia. Compacto por fora e espaçoso por dentro, conta com termostato eletrônico externo, proporcionando variação grau por grau de temperatura para uma seleção mais precisa. Pode ser usado como Refrigerador, Freezer e Conservador, podendo operar entre -30°C e 10°C. Super econômico, o Freezer Horizontal Digital FlexBeer 100L Midea conta com a Função Super-Freeze, que entrega uma redução de temperatura em menos tempo além de possuir um guia rápido para ajudar você a armazenar suas cervejas na temperatura correta. Silencioso, possui 2 pés reguladores para ajuste do nivelamento do aparelho e Gás Refrigerante Ecológico R600a, livre de CFC. </p> <p> Termostato Digital Externo: </p> <p> Proporciona variação grau por grau de temperatura. Perfeito para ser usado como cervejeira. </p> <p> Compacto por fora e espaçoso por dentro: </p> <p> Perfeito para residências. </p> <p> Função Super-Freeze: </p> <p> Coloca o compressor na potência máxima por no máximo 24 horas para uma redução de temperatura em menor tempo. </p> <p> Super Econômico: </p> <p> Selo Procel e Classificação Energética A. </p> <p> Cesto de armazenagem: </p> <p> Para melhor organização de seus alimentos. </p> <p> Possui 2 pés reguladores: </p> <p> Para ajuste do nivelamento do aparelho. </p> <p> Gás refrigerante ecológico R600a: </p> <p> Livre de CFC. </p> <p> Baixo nível de ruído. </p> <p> Imagens meramente ilustrativas</p>","{""capacidade_liquida_de_armazenamento"":""100 L"",""cor"":""Preto"",""marca"":""Midea"",""voltagem"":""220 V""}",100 L,Midea,Preto,220 V,,,,,100 Litros,Midea,Preto,220 Volts,Horizontal,Não informado,Não informado,Não informado,Midea,100L,Preto,220V,Horizontal,1,
electrolux||310119044,Freezer,Freezer Vertical Electrolux Cycle Defrost 162L Uma Porta (FE19),"O Freezer Vertical Electrolux Cycle Defrost Uma Porta (FE19) é um freezerde Grande Capacidade, com espaço interno para até 162L, que preserva seus alimentos, bebidas e embalagens preferidas de modo econômico com o baixo consumo energético da Classificação ""A"", menor da categoria. Espaçoso e econômico, possui ainda Gás Ecológico R600 que não prejudica a natureza, unindo funcionalidade e sustentabilidade. Perfeito para melhor organização interna, além de contar com Prateleiras de tampas basculantes que deslizam ao abrir para facilitar o acesso. E ainda com três grandes gavetas que ajudam a separar e visualizar alimentos e bebidas do seu freezer. Para maior praticidade de limpeza, o dreno facilita o descongelamento ao escoar a água de degelo, apoiando no recolhimento quando necessário. Os Pés de Nivelamento garantem maior comodidade durante o seu uso ao se adaptar em piso de diferentes níveis.","{""marca"":""Electrolux"",""tipo"":""Vertical"",""voltagem"":""Bivolt""}",,Electrolux,,Bivolt,Vertical,,,,162L,Electrolux,Não informado,Não informado,Vertical,Uma Porta,1,Cycle Defrost,Electrolux,162L,Branco,Bivolt,Vertical,1,Manual
magazineluiza||010114401,Freezer,Freezer Vertical Frost Free Brastemp 228L,"Freezer Vertical Frost Free Flex: o único freezer que vira geladeira. Sua capacidade de armazenamento é de 228 litros. Possui compartimentos ideais para organizar seus alimentos e aproveitar o espaço do seu freezer (ou geladeira!) como porta garrafas, porta latas, gavetas transparentes e congelamento rápido.","{""capacidade_liquida_de_armazenamento"":""228 L"",""marca"":""Brastemp"",""tipo"":""Vertical"",""tipo_de_degelo"":""Frost Free"",""voltagem"":""220 V""}",228 L,Brastemp,,220 V,Vertical,,,Frost Free,228L,Brastemp,Não informado,Não informado,Vertical,Não informado,Não informado,Frost Free,,,,,,,
lojasguaibim1||982238,Freezer,Freezer Vertical Philco 147L 1 Porta PFV165B Branco,"O Freezer Vertical Philco PFV165B, uma solução eficiente e prática para a conservação de alimentos em seu lar ou estabelecimento comercial. Com uma capacidade interna de 147 litros, este freezer de uma porta, em um elegante tom de branco, oferece um amplo espaço para armazenamento.<br><br>Destacando-se por sua otimização inteligente de espaço, o PFV165B possui quatro gavetas internas, permitindo uma organização eficaz dos alimentos e facilitando o acesso aos itens armazenados.<br><br>Equipado com rodinhas para deslocamento, este freezer proporciona mobilidade e conveniência, possibilitando seu posicionamento ideal em qualquer ambiente.<br><br>Além de sua praticidade, o Freezer Vertical Philco é uma escolha sustentável, sendo livre de CFC e classificado com a mais alta eficiência energética, com classificação A+++, garantindo uma significativa economia de energia ao longo do tempo.<br><br>Seu design compacto não compromete a capacidade interna, oferecendo espaço suficiente para atender às suas necessidades de armazenamento. Construído com um gabinete metálico e partes em plástico de alta qualidade, este freezer combina durabilidade e estilo.<br><br>Ideal para cozinhas residenciais, espaços comerciais e áreas de lazer, o Freezer Vertical Philco PFV165B é a escolha perfeita para quem busca praticidade, eficiência energética e elegância na conservação de alimentos.<br><br>Características Técnicas<br>Maior Capacidade e melhor aproveitamento de espaço;<br>Controle de temperatura manual;<br>Sistema de refrigeração por compressor;<br>Classificação energética A+++;<br>Gás refrigerante R600a;<br>Rodízios para deslocamento (2), facilitando a movimentação do produto;<br>Degelo manual;<br>Volume interno 147 litros;<br><br>Atenção:<br><br>1. Verifique a voltagem correta para o seu equipamento. Grande parte dos eletrodomésticos no Brasil está disponível em duas voltagens: 110V ou 220V. Certifique-se qual a voltagem de sua residência e selecione o produto conforme essa especificação.<br><br>2. Devido às normas da ABNT e às resoluções no 13 de 2006, no 2 de 2007 e no 8 de 2009 do CONMETRO, os fabricantes estão mudando as tomadas para o novo padrão. Para utilizar este produto, será preciso adaptador ou a troca da tomada antiga. Não nos responsabilizamos por esta alteração.","{""cor"":""Branco"",""marca"":""Philco"",""quantidade_de_portas"":""1 Porta"",""tipo"":""Vertical"",""voltagem"":""220 V""}",,Philco,Branco,220 V,Vertical,,1 Porta,,147L,Philco,Branco,Não informado,Vertical,1 Porta,1,Manual,Philco,147L,Branco,220V,Vertical,1,Manual
lojascolombooficial||1572905,Freezer,Freezer Horizontal Midea 205 Litros 1 Porta - RCFB2,"Que tal conhecer o Freezer Horizontal Midea 205 Litros, 1 Porta, - RCFB2? O produto conta com três funções: resfriar (com temperatura mínima de -24 Graus C e máxima de -12 Graus C), conservar (com temperatura entre -12 Graus C e -18 Graus C) e congelar (com temperatura entre 0 e 10 Graus C) e ainda termostato externo permite escolher entre os três modos. <br> <br> Além disso, é fabricado em alumínio e aço galvanizado, contém fechadura com chave, dois rodízios na base do compressor e o melhor de tudo, é ecologicamente correto, pois não utiliza CFC. Aproveite e confira também as nossas linhas de Eletrodomésticos e Cervejeira<br> <br> Referência de modelo: RCFB2<br> Tipo: Horizontal<br> Capacidade: 205 litros<br> Painel: Mecânico<br> Potência: (110V): 150W / (220V): 130W<br> Funções: Resfriar, Conservar e Freezer<br> Controle de temperatura: - 24 Graus C a 10 Graus C<br> Gás refrigerante: R600A<br> Dreno: Frontal<br> Fechadura: Sim<br> Puxadores: Ergonômico<br> Cesto: Aramado<br> Pés: 2 rodízios<br> Classificação Energética: A<br> Frequência: 60 Hz<br> Material: Interno: Alumínio / Externo: Aço galvanizado<br> Plugue e tomada: 10 A<br> Certificação Inmetro: 3109/2016<br> Nível de ruído: Baixo nível<br> Termostato: Sim<br> Luz indicadora de funcionamento: Sim<br> <br> Conteúdo da embalagem: Freezer Horizontal, cesto aramado, puxador, chaves, parafusos e manual do usuário<br> <br> Dimensões:<br> Peso: 30.00 kg<br> Largura: 81.20 cm<br> Altura: 85.00 cm<br> Profundidade: 56.20 cm<br> <br> Atenção: A Lojas Colombo não se responsabiliza pela instalação do produto. A instalação deve ser feita pela assistência técnica autorizada<br> <br> Garantia do Fabricante: 12 Meses o Produto e 120 Meses o compressor","{""capacidade_liquida_de_armazenamento"":""205 L"",""cor"":""Branco"",""marca"":""Midea"",""quantidade_de_portas"":""1 Porta"",""voltagem"":""127 V""}",205 L,Midea,Branco,127 V,,,1 Porta,,205 Litros,Midea,Não informado,110V / 220V,Horizontal,1 Porta,1,Não informado,Midea,205L,Branco,110V,Horizontal,1,
acimaqequipamentoscomerciais||52920,Freezer,Freezer Horizontal Ghd 300h Branco 300 Litros 2 Tampa Vidro Sem Cesto 127v Gelopar,"<p>Eficiente e versátil, este conservador horizontal é projetado para a conservação e exposição de sorvetes e produtos congelados. Com sistema de refrigeração estática utilizando serpentina, mantém a temperatura interna entre -16o a -20oC, controlada pelo termostato prático. Seu revestimento interno em aço pré-pintado branco garante durabilidade, enquanto as tampas deslizantes de vidro temperado com baixo emissivo oferecem visibilidade e eficiência energética. Equipado com colarinho em ABS, cabeceiras injetadas, rodízios para mobilidade, dreno frontal com tampa e certificação conforme Portaria Inmetro, este conservador atende às exigências de armazenamento com confiabilidade e conformidade. </p><p><br></p><p>Características Técnicas:</p><p>Garantia dobrada "" EXCLUSIVIDADE ACIMAQ "" 24 meses de garantia nos produtos Gelopar para maior tranquilidade. </p><p>Capacidade Líquida 295 litros </p><p>Conservador horizontal </p><p>Conservação e Exposição de sorvetes e produtos congelados </p><p>Refrigeração: Estática com serpentina </p><p>Temperatura: -16o a -20oC </p><p>Degelo: Manual </p><p>Controle de Temperatura: Termostato </p><p>Revestimento Interno: Aço pré-pintado branco </p><p>Revestimento Externo: Aço pré-pintado branco </p><p>Tampas: Vidros temperados, deslizantes, baixo emissivo </p><p>Colarinho em ABS com cabeceiras injetadas </p><p>Gabinete com rodízios </p><p>Dreno frontal com tampa </p><p>Grade aramados (cesto opcional)</p><p>Equipamento certificado conforme Portaria Inmetro </p><p>Produto na cor branco com colarinho cinza</p><p><br></p><p>Medidas:</p><p>Altura: 85 cm</p><p>Largura: 108 cm</p><p>Comprimento: 68 cm</p><p>Peso: 51 kg</p>","{""marca"":""Gelopar"",""voltagem"":""127 V""}",,Gelopar,,127 V,,,,,300 Litros,Gelopar,Branco,127v,Horizontal,2 Tampa Vidro,2,Manual,Gelopar,300L,Cinza,110V,Horizontal,2,Manual
opescadordeofertas||9129244791,Freezer,Freezer Horizontal Dupla Ação DA420 419 Lts Metalfrio 220v,"DA420 Dupla Ação: Desempenho profissional, maior capacidade de armazenamento e robustez.<br> A conservação correta de alimentos deve ser um dos maiores cuidados no preparo de refeições.<br> Não dá para abrir mão de segurança e qualidade na hora de preservar alimentos.<br> Pensando nisso, a Metalfrio, líder em refrigeração comercial na América Latina, desenvolveu o modelo DA550.<br> <br> Alimentos congelados de forma rápida e eficiente.<br> É um freezer de alta litragem, projetado para atender cozinhas e estabelecimentos que necessitam de alta capacidade de congelamento.<br> Além disso, a rotina agitada pode exigir muitas aberturas de tampas ao longo do dia, por isso ele foi projetado para ter ótima recuperação de temperatura, garantindo o frio no interior do gabinete e a conservação dos alimentos congelados.<br> É capacidade de congelamento superior pra você oferecer sempre o melhor para seus clientes!<br> <br> Vantagens em dobro para seu negócio! Pode ser usado como freezer ou refrigerador.<br> Com o DA420 você tem dois equipamentos em um só: por meio de uma chave seletora, você altera de freezer para refrigerador e vice-versa de maneira prática e rápida.<br> Perfeito para quem busca versatilidade, robustez e desempenho.<br> <br> Ideal para: Cozinhas industriais, restaurantes, bares, buffets, lojas de conveniência sítios, áreas de lazer e salão de festas.<br> <br> CARACTERÍSTICAS:<br> - Freezer horizontal profissional: Compressor de alta potencia, condensador helicoidal e otimização de sua dimensão permitem congelar alimentos de forma rápida e eficiente.<br> - Rápida recuperação de temperatura interna: Garante o frio no interior do gabinete e a conserva os alimentos congelados.<br> - Selo Procel “A”: muito mais economia de energia.<br> - Maior capacidade de armazenamento da categoria: Espaço suficiente para manter o estoque em dia, com toda tranquilidade.<br> - Separador interno removível facilita a organização dos produtos.<br> - Gabinete interno em aço pré-pintado: Com pintura em esmalte epóxi, auxilia na limpeza interna, evitando manchas, riscos e corrosões.<br> - Robustez: dobradiças reforçadas (projetadas para suportar aberturas frequentes de tampas), puxador de plástico ABS (mais rígido e resistente a impacto).<br> - Dupla Ação: através de uma chave seletora, em poucos segundos o DA420 se transforma em um refrigerador.<br> - Puxador ergonômico com fechadura: Mais segurança para armazenar e controlar seu estoque.<br> - Tampas balanceadas: Leves para abrir, resistentes e seguras para vedar.<br> - Gaxeta removível: Facilita a limpeza do equipamento e a remoção das sujeiras mais difíceis.<br> - Rodízios reforçados: Facilitam movimentação para mudança de layout ou limpeza.<br> - Dreno frontal: Dispensa o deslocamento do equipamento para degelo.<br> - Refrigeração estática: Baixo ruído e menor consumo de energia.<br> <br> DADOS TÉCNICOS:<br> - Voltagem: 220V<br> - Potência W: 205<br> - Consumo kWh/mês: 84<br> - Capacidade Bruta: 419 Litros<br> - Quantidade de tampas: 2<br> - Faixa de Temperatura Refrigerador: +2 a +8°C<br> - Faixa de Temperatura Freezer: -18 a -22°C<br> - Medidas internas (AxLxP): 715x1222x515 mm<br> - Medidas Externas (AxLxP): 944x1331x690 mm<br> - Peso: 69 Kg<br> - Garantia: 12 meses<br> <br> Aqui na Loja O Pescador de Ofertas, você pode concluir a sua compra facilmente, com toda a segurança e a sua entrega é garantida.<br> Aqui você está em 1o Lugar!","{""marca"":""Metalfrio"",""voltagem"":""220 V""}",,Metalfrio,,220 V,,,,,419 Lts,Metalfrio,Não informado,220v,Horizontal,Tampas,2,Não informado,Metalfrio,419L,Branco,220V,Horizontal,2,
lojasminatel||1380442,Freezer,Freezer Horizontal 513 Litros H550 Electrolux 110V,"<p><span>Freezer Horizontal 513 Litros H550 Electrolux<br>Freezer Horizontal 513 Litros H550 Electrolux<br><br>O Freezer Horizontal H550 possui 513L de capacidade, é prático de usar, oferece maior economia de energia elétrica e espaço interno organizado. Com ele, você armazena e acessa seus produtos de maneira fácil e tem mais tempo para administrar seus negócios. Este Freezer Electrolux possui classificação energética A, para menor consumo de energia elétrica e maior economia, e função Turbo Freezer, que permite um resfriamento mais rápido, indicado para ocasiões como festas ou quando há a necessidade de congelar os alimentos de forma acelerada. O cesto aramado flexibiliza e mantém organizado o espaço interno. Conta também com a Dupla Função para congelar ou apenas refrigerar o interior do freezer e painel frontal intuitivo, facilitando o acionamento de todas as funções. A fechadura de segurança permite o travamento das 2 portas do freezer, a fim de proporcionar um armazenamento seguro. As rodas 360° facilitam a movimentação do freezer, trazendo maior mobilidade. Sua pintura externa é mais resistente, durável e confere boa aparência. O Freezer horizontal contém um dreno frontal, que auxilia no degelo e, juntamente com o puxador ergonômico, oferece facilidade e praticidade para seu dia a dia na hora de armazenar seus alimentos e higienizar seu freezer.<br>Classificação Energética A: Menor consumo de energia elétrica para maior economia. Cesto aramado: Flexibilidade e melhor organização do espaço interno. Turbo Freezer: Resfriamento mais rápido, indicado para ocasiões como festas ou quando há a necessidade de congelar os alimentos de forma acelerada. Dupla Função e painel frontal intuitivo: Controle de temperatura para função freezer ou refrigerador com maior facilidade no acionamento de cada uma delas. Fechadura de segurança: Permite o travamento do freezer para um armazenamento seguro. Pintura resistente: Mais durável, confere melhor aparência. Rodas 360° e puxador ergonômico: Mais facilidade para abrir e movimentar o Freezer. Dreno frontal: Praticidade na hora de descongelar. A água do degelo escoa pelo dreno sem precisar movimentar o Freezer.<br><br>Características:<br>Marca: Electrolux<br>Modelo:<br>Capacidade: 513 Litros<br>Degelo: Manual<br><br>Dimensões do Produto:<br>Altura: 92 cm<br>Largura: 157,3<br>Profundidade: 76 cm<br>Peso: 65,5 Kg<br><br>Garantia do Fornecedor: 12 meses.</span></p>","{""capacidade_liquida_de_armazenamento"":""513 L"",""marca"":""Electrolux""}",513 L,Electrolux,,,,,,,513 Litros,Electrolux,Não informado,110V,Horizontal,2 portas,2,Manual,Electrolux,513L,Branco,110V,Horizontal,2,Manual
ebomdecomprar||16283,Freezer,Freezer Horizontal Electrolux H162 1 Porta 149L,"O Freezer Horizontal Electrolux H162 1 Porta 149 L é ideal para manter seus alimentos bem conservados e organizados! Possui ampla capacidade de armazenamento, chave inclusa, painel de controle frontal e cesto aramado que acomoda perfeitamente seus alimentos. Ele tem ainda dupla função: você pode utilizá-lo de acordo com a sua necessidade, seja como freezer ou conservador. Além disso, ainda conta com tampa balanceada e dreno que escoa a água do degelo para facilitar sua vida na hora da limpeza. O puxador foi projetado ergonomicamente para um manuseio mais seguro. Tenha à disposição um freezer Electrolux para manter e conservar seus alimentos e bebidas por muito mais tempo!<br> <br> <br> Especificações técnicas:<br> Freezer horizontal<br> Capacidade: 149 L<br> 1 Porta<br> Dreno de degelo<br> Dupla função: conservador e freezer<br> Eficiência energética: A<br> Painel de controle<br> Rodízios<br> Cesto aramado<br> Tecnologia Cycle Defrost<br> <br> <br> Dimensões:<br> Altura: 90,9 cm<br> Largura: 60,6 cm<br> Profundidade: 71,8 cm<br> Peso: 36 kg<br> <br> <br> Garantia do fornecedor: 12 meses.","{""capacidade_liquida_de_armazenamento"":""149 L"",""cor"":""Branco"",""marca"":""Electrolux"",""quantidade_de_portas"":""1 Porta"",""voltagem"":""127 V""}",149 L,Electrolux,Branco,127 V,,,1 Porta,,149L,Electrolux,Não informado,Não informado,Horizontal,1 Porta,1,Cycle Defrost,Electrolux,149L,Branco,110V,Horizontal,1,
importline||GZN11740x1x2,Freezer,Freezer 145l Midea Horizontal 01 Tampa - Mdrc207sla012,FREEZER 145L MIDEA HORIZONTAL 01 TAMPACARACTERÍSTICASCapacidade Líquida de Armazenamento (L): 145Fluido Refrigerante: R600-APainel: MecânicoCor Interna: PrataMaterial Interno: AlumínioMaterial Externo: Aço GalvanizadoNúmero de Portas: 1Cesto de Armazenagem: Sim (1)Espátula de Gelo: Sim (1)Puxador: SimDreno: FrontalRodízios: 2 Rodízios Somente na Base do CompressorLed Indicador de Funcionamento: SimSuporte do Cabo de Alimentação: SimTemperatura de Operação do Freezer (°C): -24 a -18Temperatura de Operação do Refrigerador (°C): 0 a 10Temperatura de Operação do Conservador (°C): -18 a -12ESPECIFICAÇÕES TÉCNICASEficiência Energética&gt; A++Potência Nominal (W) 120 Cor: BRANCO - Voltagem: 220 VOLTS...,"{""cor"":""Branco"",""marca"":""Midea"",""voltagem"":""220 V""}",,Midea,Branco,220 V,,,,,145L,Midea,BRANCO,220 VOLTS,Horizontal,1 Tampa,1,Manual,Midea,145L,Branco,220V,Horizontal,1,
magazineluiza||010203001,Freezer,Freezer Horizontal 293 litros,,"{""capacidade_liquida_de_armazenamento"":""293 L"",""marca"":""Metalfrio""}",293 L,Metalfrio,,,,,,,293 litros,Não informado,Não informado,Não informado,Horizontal,Não informado,Não informado,Não informado,,,,,,,
magazineluiza||235518100,Freezer,Freezer Horizontal Electrolux 1 Porta 143L,"Praticidade e qualidade é o que precisamos no dia a dia, por isso você precisa conhecer o Freezer horizontal Cycle Defrost da Electrolux. Ele é perfeito para sua casa, pois ele conta com dupla função, onde você controla a temperatura para o modo freezer ou geladeira, garantindo a melhor preservação dos seus alimentos conforme necessidade. É um freezer com espaço interno para até 143 litros de capacidade líquida de armazenamento. O modelo HE150 tem 1 porta e baixo consumo de energia. Conta com degelo manual e turbo freezer, que garante potência máxima para congelar mais rapidamente.","{""cor"":""Branco"",""marca"":""Electrolux"",""quantidade_de_portas"":""1 Porta"",""tipo_de_degelo"":""Cycle Defrost\t"",""voltagem"":""220 V""}",,Electrolux,Branco,220 V,,,1 Porta,Cycle Defrost,143L,Electrolux,Não informado,Não informado,Horizontal,1 Porta,1,Manual,Electrolux,143L,Branco,220V,Horizontal,1,Manual
ciaoutlet||100007990,Freezer,Freezer Consul Vertical 66L CVT10 110V,"Compacto e potente O Freezer Consul Compacto com 66 litros de capacidade é ideal para você que quer um espaço extra para seus alimentos congelados, mas não tem muito espaço na cozinha. Com capacidade de congelamento de até 4,5kg em 24h, ele conta com 4 cestinhos removíveis e dreno fácil. Especificações Técnicas Tipo: Vertical Capacidade Bruta: 98 Litros Capacidade de Armazenagem: 66 Litros Peso Máximo sobre Cesto Superior e Intermediário: 16 Kg Peso máximo sobre Cesto Inferior: 8 Kg Cestos Removíveis Compacto Dreno Modelo: CVT10BB Cor: Branco Voltagem: 110V Potência: 73.0 W Dimensões Aproximadas: Dimensões do Produto (AxLxP): 859x482x533 mm Largura com a Porta Aberta a 90°: 970 mm Peso do Produto: 30 Kg Conteúdo de Embalagem: 01 Freezer Vertical Consul de 66 Litros Branco - CVT10 01 Manual.Garantia:90 Dias (3 Meses)","{""cor"":""Branco"",""marca"":""Consul"",""tipo"":""Vertical""}",,Consul,Branco,,Vertical,,,,66L,Consul,Branco,110V,Vertical,Não informado,Não informado,Não informado,Consul,66L,Branco,110V,Vertical,1,
madeiramadeira-openapi||301878,Freezer,Freezer Frost Free 228L Eletrônico Brastemp 220V Inox,"O Freezer Vertical Brastemp Flex Frost Free 228 litros, além de não precisar descongelar nunca, pode se transformar em uma geladeira sempre que precisar, isso porque conta com a tecnologia flex. Possui também o controle de temperatura externo, que possibilita total controle da temperatura sem precisar abrir o freezer, e o acabamento evox, com 3 anos de garantia contra ferrugem e corrosão na porta do seu freezer.","{""capacidade_liquida_de_armazenamento"":""228 L"",""cor"":""Inox"",""marca"":""Brastemp"",""tipo_de_degelo"":""Frost Free"",""voltagem"":""220 V""}",228 L,Brastemp,Inox,220 V,,,,Frost Free,228L,Brastemp,Inox,220V,Vertical,Não informado,Não informado,Frost Free,Brastemp,228L,Inox,220V,Vertical,1,Frost Free
multiloja||16221,Freezer,Freezer Horizontal Electrolux H222 1 Porta 222L,"O Freezer Horizontal Electrolux H222 1 Porta 222 L é ideal para manter seus alimentos bem conservados e organizados! Com ampla capacidade de armazenamento, conta com chave auto inclusa, baixo consumo, painel de controle frontal e cesto aramado que acomoda perfeitamente seus alimentos. Conta ainda com dupla função: já que você pode utilizá-lo como freezer ou conservador. Além disso, possui tampa balanceada e dreno que escoa a água do degelo para facilitar a limpeza. O puxador do freezer horizontal foi projetado ergonomicamente para um manuseio mais seguro. Tenha à disposição um freezer Electrolux para manter e conservar seus alimentos e bebidas por muito mais tempo!<br> <br> <br> Especificações técnicas:<br> Freezer horizontal<br> 1 Porta<br> Capacidade: 222 L<br> Dreno de degelo<br> Dupla função: conservador e freezer<br> Eficiência energética: A<br> Painel de controle<br> Rodízios<br> Cesto aramado<br> Tecnologia Cycle Defrost<br> <br> <br> Dimensões: <br> Altura: 90,9 cm<br> Largura: 80,6 cm<br> Profundidade: 71,8 cm<br> Peso: 42 kg<br> <br> <br> Garantia do fornecedor: 12 meses.","{""capacidade_liquida_de_armazenamento"":""222 L"",""cor"":""Branco"",""marca"":""Electrolux"",""quantidade_de_portas"":""1 Porta"",""voltagem"":""127 V""}",222 L,Electrolux,Branco,127 V,,,1 Porta,,222L,Electrolux,Não informado,Não informado,Horizontal,1 Porta,1,Cycle Defrost,Electrolux,222L,Branco,110V,Horizontal,1,
magazineluiza||010108101,Freezer,Freezer Vertical Electrolux 173L,"Freezer Vertical com capacidade de armazenamento de 173 litros e capacidade total de 215 litros. Possui cestos removíveis que facilitam a limpeza e organização dos alimentos, compartimento com tampa basculante, ideal para o armazenamento de grandes recipientes. O puxador possui design inovador que facilita a abertura da porta e os pés permitem o perfeito nivelamento do produto. Ecologicamente correto, não contém CFC, não agride camada de ozônio. Conservar os alimentos frescos ficou muito mais fácil!","{""capacidade_liquida_de_armazenamento"":""173 L"",""marca"":""Electrolux"",""tipo"":""Vertical""}",173 L,Electrolux,,,Vertical,,,,173L,Electrolux,Não informado,Não informado,Vertical,Não informado,Não informado,Não informado,,,,,,,
techshop||FREMTA00003,Freezer,Freezer Horizontal 546 Litros MetalFrio Chest Dupla Ação Branco - DA550,"<p><strong>Freezer Horizontal 546 Litros MetalFrio Chest Dupla Ação Branco - DA550</strong></p><p><br></p><p>Seus problemas com falte de espaço acabaram! O novo Freezer DA550B da Metalfrio vai acabar com este problema. Ele possui uma incrível capacidade de 546 litros e 2 portas para facilitar o acesso, com os modos freezer ou congelador você pode congelar os alimentos ou manter suas bebidas refrigerando. Confira mais detalhes:</p><p><br></p><p><strong>Capacidade</strong></p><p>Pensando na grande demanda de estabelecimentos, o DA550B conta com 546 litros de capacidade, dando liberdade para armazenar 120 potes de sorvete de 2L ou 420 potes de 500ml, tudo isso com muita praticidade e organização, possuindo um separador removível.</p><p><br></p><p><strong>Desempenho profissional!</strong></p><p>Para suportar a rotina, ele possui um compressor de grande desempenho, alta capacidade de congelamento e rápida recuperação da temperatura. Suas dimensões são otimizadas para garantir o frio em toda área interna, congelando os alimentos de forma rápida e eficiente. Você pode utiliza-lo no modo freezer que trabalha em uma temperatura de -18 a -22°C ou no modo refrigerador com temperaturas entre 2 a 8°C.</p><p><br></p><p><strong>Qualidade e durabilidade</strong></p><p>O freezer dispõe de materiais de altíssima qualidade preparado para atender todas as suas demandas. Dobradiças reforçadas permitem que você possa abrir as tampas várias vezes ao dia sem se preocupar com danos às mesmas. Já seu interior é em aço pré-pintado facilitando na limpeza e protegendo contra a corrosão.</p><p><br></p><p><strong>Características</strong></p><p><strong>•</strong> DUPLA AÇÃO: Dois equipamentos em um. Freezer ou refrigerador, você escolher!</p><p><br></p><p><strong>•</strong> DESEMPENHO PROFISSIONAL: O DA550 possui alta capacidade de congelamento, para que grandes quantidades de alimentos sejam congelados de forma mais rápida e eficiente. Desempenho essencial para restaurantes e cozinhas industriais.</p><p><br></p><p><strong>•</strong> ROBUSTEZ E DURABILIDADE: O DA550 possui tampas com dobradiças reforçadas para atender a rotina agitada e alta exigência de cozinhas industriais. O gabinete com interior em aço pré-pintado facilita a limpeza e é mais protegido contra corrosão.</p><p><br></p><p><strong>Especificações Técnicas</strong></p><p>Marca: Metalfrio</p><p>Modelo: DA550B</p><p>Capacidade Total: 546 Litros</p><p>Tipo de degelo: Manual</p><p>Tipo de freezer: Horizontal</p><p>Modos: Congelador e refrigerador</p><p>Painel: Externo</p><p>Quantidade de portas: 02 Portas</p><p>Controle de temperatura: Não</p><p>Temperatura: Freezer: -18 a -22°C | Refrigerador: 2 a 8°C</p><p>Material Interno: Aço</p><p>Dreno Frontal: Sim</p><p>Pés com rodízios: Sim</p><p>Travamento de porta com chave: Sim</p><p>Cestos internos: Não</p><p>Puxador ergonômico: Sim</p><p>Gaxeta removível: Sim</p><p><br></p><p><strong>Tecnologia e Alimentação</strong></p><p>Tipo de Gás Refrigerante: R1134</p><p>Voltagem: <strong>110v ou 220v(Não é Bivolt)</strong></p><p>Frequência: 60Hz</p><p>Potência: 331W</p><p><br></p><p><strong>Exemplos de armazenamento</strong></p><p>Pote de Sorvete 2L: 120 Unidades</p><p>Pote de Sorvete 500ml: 420 Unidades</p><p><br></p><p><strong>Peso e Dimensões</strong></p><p>Externas A x L x P: 94,5x166,8x72,8Cm</p><p>Internas A x L x P: 73,2x155,8x51,5Cm</p><p>Peso líquido: 88,85kg</p><p><br></p><p><strong>Conteúdo da embalagem</strong></p><p>01 Freezer Horizontal Metalfrio DA550</p><p>01 Manual de Instruções</p><p><br></p><p><strong>Garantia</strong></p><p>01 ano (03 meses de garantia legal mais 09 meses de garantia especial concedida pelo fabricante)</p>","{""marca"":""Metalfrio"",""portas"":""2 Portas"",""voltagem"":""Bivolt""}",,Metalfrio,,Bivolt,,2 Portas,,,546 Litros,Metalfrio,Branco,110v ou 220v,Horizontal,02 Portas,2,Manual,Metalfrio,546L,Branco,,Horizontal,2,Manual
utilidadesdomesticasudltda||4,Freezer,Freezer Vertical uma Porta Cycle Defrost 203l Electrolux Fe26,"Freezer Vertical uma Porta Cycle Defrost 203l Electrolux Fe26<br> <br> Com o Sistema Congelamento Rápido, o Freezer Vertical FE26 permite o congelamento muito mais ágil dos alimentos. O botão Liga/Desliga permite que o freezer seja facilmente desligado sem a necessidade de tirá-lo da tomada e o Dreno de Degelo para maior praticidade no descongelamento. Produto Completo para sua Comodidade. Com cestos removíveis, pés niveladores e compartimento com tampa Basculante esse produto é o ideal pois facilita a limpeza e organização dos alimentos e é ideal para o armazenamento dos seus alimentos. Tecnologia no Congelamento dos seus Alimentos: Com o Sistema Congelamento Rápido que permite o congelamento mais rápido dos alimentos. Maior Facilidade para o seu Dia-a-dia. Botão Liga/Desliga que permite que facilmente o freezer seja desligado sem a necessidade de tirá-lo da tomada e Dreno de Degelo para maior praticidade no descongelamento. A água do Degelo escoa pelo Dreno, facilitando seu recolhimento.<br> <br> Características:<br> Capacidade (L): 203<br> Tipo: Vertical<br> Tipo de degelo: Degelo Manual<br> Dreno de degelo: Sim<br> Porta: 1<br> Compartimento: 7<br> Cesto removível: Sim<br> Congelamento rápido: Sim<br> Luz interna: Não<br> Painel eletrônico: Não<br> Dispenser de gelo: Não<br> Consumo (kWh): 43,7<br> Rodízio: Não<br> Temperatura Mínima: -18° C<br> Temperatura Máxima: -1,5° C<br> Consumo (kWh): 43,7<br> Itens Inclusos: 1 freezer vertical Electrolux FE26, 1 manual do produto.<br> <br> Dimensões do Produto:<br> Peso (kg): 55.5<br> Altura: 173,1cm<br> Largura: 55 cm<br> Profundidade: 64,5 cm<br> <br> Garantia do Fornecedor: 12 meses.<br> <br> Informações importantes: Imagens meramente ilustrativas. Objetos que ambientam as fotos não acompanham o produto. As tonalidades das cores dos produtos podem sofrer alterações de acordo com a calibração do seu monitor. Este produto não inclui montagem e instalação. Não nos responsabilizamos, no ato da entrega, por desmontagens, subir escadas, elevadores ou transporte por guincho para apartamentos. Eventuais despesas são de responsabilidade do cliente.<br> <br> A Rede de lojas UD possui sede em Lagoa da Prata - MG, atuando na região Centro-oeste de Minas. Nosso objetivo é levar qualidade para nossos clientes, com o compromisso de atender as demandas e tendências do mercado com um mix de produtos no segmento de Utilidades Domésticas. Atualmente a Rede também é representante oficial Yamaha, oferecendo Motos e peças originais da marca.","{""capacidade_liquida_de_armazenamento"":""203 L"",""cor"":""Branco"",""marca"":""Electrolux"",""tipo"":""Vertical"",""voltagem"":""127 V""}",203 L,Electrolux,Branco,127 V,Vertical,,,,203l,Electrolux,Não informado,Não informado,Vertical,uma Porta,1,Degelo Manual,Electrolux,203L,Branco,110V,Vertical,1,Manual
carrefouroficial||900008503,Freezer,Freezer Horizontal HE150 143 Litros Electrolux,"Praticidade e qualidade é o que precisamos no dia a dia, por isso você precisa conhecer o Freezer horizontal Cycle Defrost da Electrolux. Ele é perfeito para sua casa, pois ele conta com dupla função, onde você controla a temperatura para o modo freezer ou geladeira, garantindo a melhor preservação dos seus alimentos conforme necessidade. É um freezer com espaço interno para até 143 litros de capacidade líquida de armazenamento. O modelo HE150 tem 1 porta e baixo consumo de energia. Conta com degelo manual e turbo freezer, que garante potência máxima para congelar mais rapidamente.","{""capacidade_liquida_de_armazenamento"":""143 L"",""cor"":""Branco"",""marca"":""Electrolux"",""quantidade_de_portas"":""1 Porta"",""tipo_de_degelo"":""Cycle Defrost\t"",""voltagem"":""220 V""}",143 L,Electrolux,Branco,220 V,,,1 Porta,Cycle Defrost,143 Litros,Electrolux,Não informado,Não informado,Horizontal,1 porta,1,Manual,Electrolux,143L,Branco,220V,Horizontal,1,Manual
lojasim2||2061,Freezer,Freezer Horizontal Metalfrio 546 Litros 2 Portas DA550B,"O Freezer Metalfrio 546 Litros DA550 Branco e um freezer de alta litragem, projetado para atender cozinhas e estabelecimentos que necessitam de alta capacidade de congelamento. Alem disso, a rotina agitada pode exigir muitas aberturas de tampas ao longo do dia, por isso ele foi projetado para ter otima recuperaçao de temperatura, garantindo o frio no interior do gabinete e a conservaçao dos alimentos congelados. Com o DA550 voce tem dois equipamentos em um so: por meio de uma chave seletora, voce altera de freezer para refrigerador e vice-versa de maneira pratica e rapida. Perfeito para quem busca versatilidade, robustez e desempenho. Ideal para: Cozinhas industriais, restaurantes, bares, buffets, lojas de conveniencia sitios, areas de lazer e salao de festas.<br> <br> Caracteristicas:<br> Capacidade Bruta: 419 litros<br> Capacidade Liquida: 419 litros<br> Faixa de Temperatura: Freezer -18 a -22C <br> Refrigerador +2 a +8C<br> Quantidade de tampas: 2<br> Rodizios reforçados<br> Dreno frontal<br> Fechadura;<br> Puxador de plastico ABS<br> Tanque interno de aço pre-pintado.<br> <br> Dimensoes:<br> Altura: 94,4 cm<br> Largura: 166,5 cm<br> Profundidade: 69 cm<br> Peso: 83 Kg<br> <br> Garantia do Fornecedor 12 Meses.<br> <br> Atençao: <br> A coloraçao das imagens do produto pode ter diferentes tonalidades dependendo do seu monitor.<br> Ao receber o produto verifique as seguintes informaçoes:<br> Confira a quantidade de caixas e volumes;<br> Consulte se o nome do comprador consta em todas as etiquetas;<br> Verifique se as caixas nao apresentam sinais de avarias ou violaçao;<br> Sempre confira seu produto no ato da entrega.<br> NAO nos responsabilizamos pela montagem do produto.<br> Caso resida em apartamento, verificar se todos os volumes possuem tamanhos adequados ao elevador,<br> Caso contrario e necessario solicitar ajuda para entrega de seu produto ate seu apartamento","{""capacidade_liquida_de_armazenamento"":""419 L"",""marca"":""Metalfrio"",""portas"":""2 Portas"",""voltagem"":""127 V""}",419 L,Metalfrio,,127 V,,2 Portas,,,546 Litros,Metalfrio,Branco,Não informado,Horizontal,2 Portas,2,Não informado,Metalfrio,419,Branco,110V,Horizontal,2,
centermaq||7728,Freezer,Freezer Vertical Tripla Ação Preto 284L Porta de Vidro VCET284V Fricon,"Conservador Vertical Tripla Ação Preto 284L Porta de Vidro VCET284V Fricon<br><br> <br><br><br>Conservação de produtos congelados, resfriados ou gelo<br>Refrigeração está","{""capacidade_liquida_de_armazenamento"":""284 L"",""marca"":""Fricon"",""tipo"":""Vertical"",""voltagem"":""127 V""}",284 L,Fricon,,127 V,Vertical,,,,284L,Fricon,Preto,Não informado,Vertical,Porta de Vidro,1,Não informado,Fricon, 284L, Preto ,110V,Vertical,1,
ebomdecomprar||6987,Freezer,Freezer Horizontal Consul 1 Porta CHA31EB 309L,"Buscando um freezer para melhor comportar seus alimentos e bebidas? Conheça o Freezer Horizontal CHA1EB, da Consul! Possui capacidade de 309 litros, controle eletrônico, 4 rodinhas nos pés e fechadura de segurança. <br> <br> <br> Características: <br> Tipo: Horizontal <br> Capacidade: 309L <br> Portas: 1 Porta <br> Pés reguláveis: NÃO <br> Dreno de degelo: Frontal <br> Congelamento rápido: SIM <br> Caixa interna: Gabinete interno e externo com chapa de aço pintado <br> Fechadura de segurança: SIM <br> Rodízios: SIM <br> Consumo de energia: 42,1 kW/h <br> Potência:124 W <br> <br> <br> Dimensões: <br> Altura: 97,3 cm <br> Largura: 98 cm <br> Profundidade: 81 cm <br> Peso: 56 kg <br> <br> <br> Garantia do fornecedor: 12 meses","{""capacidade_liquida_de_armazenamento"":""309 L"",""cor"":""Branco"",""marca"":""Consul"",""voltagem"":""220 V""}",309 L,Consul,Branco,220 V,,,,,309L,Consul,Não informado,Não informado,Horizontal,1 Porta,1,Não informado,Consul,309L,Branco,220V,Horizontal,1,
lojaszema||430,Freezer,Freezer Horizontal Fricon Dupla Ação HCED 503L,"Freezer Horizontal Fricon Dupla Ação HCED 503L.<br> <br> Características: <br> Capacidade: 503L<br> Conservação de produtos congelados ou bebidas e refrigerados.<br> Refrigeração estática.<br> Gabinete com formas internas arredondadas.<br> Chapas internas e externas em aço galvanizado pré-pintado com alta resistência a corrosão.<br> Isolamento de poliuretano ecologicamente correto.<br> Grade plástica em material de alto impacto com proteção U.V.<br> Rodízio duplo giratório de alta resistência.<br> Tampa de chapa com puxador ergonômico e dobradiças balanceadas.<br> Dreno frontal.<br> Divisória interna.<br> Termostato ajustável para dupla ação.<br> Temperatura de operação de 35o C / 75 de umidade relativa do ar.<br> Puxador frontal com fechadura.<br> Variação de temperatura: -22 à -18 / 0 à +8 o C<br> Consumo de energia: 3,5 KW/dia (Consumo de energia aferido conforme ISO 23953)<br> Consumo de energia: 127V - 3,69kWh / 220V - 3,12kWh<br> OBS: O produto não é bivolt<br> <br> Dimensões: <br> Altura: 94 cm <br> Largura: 150,5 cm <br> Profundidade: 70,5 cm <br> Peso: 80 kg <br> <br> Garantia do fornecedor de 24 meses.","{""marca"":""Fricon"",""voltagem"":""127 V""}",,Fricon,,127 V,,,,,503L,Fricon,Não informado,Não informado,Horizontal,Não informado,Não informado,Não informado,Fricon,503L,Branco,110V,Horizontal,1,
carrefouroficial||9848622,Freezer,Freezer Horizontal Degelo Manual 2 Portas 546 Litros Chest Freezer DA550 Metalfrio 220V,"Características:<br> Marca: Metalfrio<br> Linha: Chest Freezer<br> Modelo: DA550<br> Potência: 331.0<br> Recomendações: O aparelho deve ser instalado em um local arejado e que facilite a ventilação da unidade de refrigeração. Não recomendamos a instalação em locais de umidade relativa e elevada, como por exemplo<br> Ambiente: Cozinha<br> Ambiente: Varanda<br> Ambiente: Área de Serviço<br> Capacidade em Litros: 546.0<br> Quantidade de Portas do Eletrodoméstico: 2<br> Tipo de Freezer: Horizontal<br> Tipo de Pés: Rodízio<br> Degelo: Manual<br> Diferenciais do Freezer: Puxador ergonômico<br> Material: Chapa de Aço<br> Material Geral: Metal<br> Ambiente: Churrasqueira<br> <br> Itens Inclusos: 1 Freezer, 1 Manual de instruções, 1 Certificado de garantia<br> <br> Dimensões:<br> Altura: 94.4 cm <br> Largura: 166.5 cm <br> Profundidade: 69 cm <br> Peso: 83 Kg <br> <br> Garantia do Fornecedor: 12 meses.","{""capacidade_liquida_de_armazenamento"":""546 L"",""marca"":""Metalfrio"",""portas"":""2 Portas"",""voltagem"":""220 V""}",546 L,Metalfrio,,220 V,,2 Portas,,,546 Litros,Metalfrio,Não informado,220V,Horizontal,2 Portas,2,Manual,Metalfrio ,546L,Branco, 220V,Horizontal,2,Manual
loja-ultrafeu||2950,Freezer,Freezer/Refrigerador Vertical Dupla Ação Tipo Inox 575 litros GTPC-575Ti Gelopar,"O Freezer/Refrigerador Vertical Gelopar GTPC-575TI é indicado para conservação de produtos congelados, mas também pode ser utilizado como geladeira/resfriador. Ele possui ampla estrutura desenvolvida com materiais resistentes e com porta em chapa de aço galvanizado. Seu exterior tem acabamento em aço revestido Tipo Inox, dando toque moderno e requintado ao equipamento. É perfeito para ambientes/cozinhas com pouco espaço. O GTPC-575 possui termostato dupla ação que permite que o produto seja utilizado como Freezer/Conservador (Temperatura -10° a -15°C) ou Resfriador (Temperatura +1° a +7°C). O Freezer/Refrigerador GTPC-575TI da Gelopar possui serpentina de cobre, ao contrário dos concorrentes que utilizam alumínio. O cobre aumenta a durabilidade e poder de resfriamento do produto. O produto acompanha 4 prateleiras para serem ajustadas de acordo com sua necessidades. A Gelopar oferece 12 meses de garantia e tranquilidade para seus clientes.","{""marca"":""Gelopar"",""tipo"":""Vertical"",""voltagem"":""220 V""}",,Gelopar,,220 V,Vertical,,,,575 litros,Gelopar,Tipo Inox,Não informado,FreezerRefrigerador Vertical,Dupla Ação,Não informado,Não informado,Gelopar,575L,Inox,220V,Vertical,1,Manual
tabaratotolevando||15265,Freezer,Freezer Horizontal Philco 199L 1 Porta PFH205B,"Você pode ate achar que freezer e um tipo de eletrodoméstico útil apenas para quem tem comercio. ter um freezer em casa pode proporcionar uma serie de benefícios para quem tem família grande ou, que precisa de espaço para armazenar alimentos congelados. No freezer horizontal, você pode guardar grandes volumes que, muitas vezes, não cabem no congelador. E sabendo de como ele pode facilitar a sua vida a Philco apresenta o freezer PFH205B. Ele e horizontal, pode ser utilizado como freezer ou refrigerador e tem degelo manual. Conta com uma porta e tem capacidade de 199 litros.<br> Compacto, tem um super espaço interno, perfeito para pequenos ambientes. 2 em 1 ele pode ser utilizado como congelador ou refrigerador, se adapta a sua necessidade<br> MODELO: PFH205B<br> <br> Puxador com trava de segurança Facilidade no manuseio e maior segurança<br> <br> Dreno Maior praticidade no descongelamento<br> <br> A água escoa pelo dreno facilitando seu recolhimento<br> <br> Dupla função pode ser usado como congelador ou refrigerador<br> <br> Rodinhas para deslocamento facilita a movimentação do produto<br> <br> Classificação energética A maior economia de energia<br> <br> Volume Interno 199 litros maior capacidade e melhor aproveitamento do espaço<br> <br> Chave de segurança Permite travar o freezer quando necessário<br> <br> Cesto aramado Facilita a organização dos alimentos<br> <br> Controle de temperatura ajustável no painel frontal<br> <br> Sistema de refrigeração por compressor<br> <br> Gás refrigerante R600a<br> <br> Dreno frontal, facilitando o degelo e limpeza do produto<br> <br> Degelo Manual<br> <br> Dimensões do produto:<br> Altura: 85 cm<br> Largura: 81,8 cm<br> Profundidade: 57,2 cm<br> Peso: 36 kg<br> <br> Garantia: 12 meses","{""capacidade_liquida_de_armazenamento"":""199 L"",""cor"":""Branco"",""marca"":""Philco"",""quantidade_de_portas"":""1 Porta"",""tipo_de_degelo"":""Degelo Manual"",""voltagem"":""Bivolt""}",199 L,Philco,Branco,Bivolt,,,1 Porta,Degelo Manual,199L,Philco,Não informado,Não informado,Horizontal,1 Porta,1,Manual,Philco,199L ,Branco,110V,Horizontal,1,Manual
engage-info||55020,Freezer,Freezer e Refrigerador Horizontal Metalfrio Dupla Ação 2 tampas 546 litros DA550,"Desempenho profissional, maior capacidade de armazenamento e robustez, em duas funções: freezer ou refrigerador, você escolhe!<br><br>E conta com a maior capacidade de armazenamento da categoria, tendo espaço suficiente para manter o estoque em dia, com toda tranquilidade.<br><br>Versatilidade: pode ser usado como freezer ou refrigerador.<br><br>Performance profissional: qualidade e durabilidade para todas as situações.<br><br>Robustez: peças e componentes de alta tecnologia e qualidade.<br><br>Características<br><br>- Freezer horizontal profissional: compressor de alta potencia, condensador helicoidal e otimização de sua dimensão permitem congelar alimentos de forma rápida e eficiente. <br> <br>- Rápida recuperação de temperatura interna: garante o frio no interior do gabinete e a conserva os alimentos congelados ? fator essencial para o bom funcionamento em aplicação comercial, que exige centenas de aberturas de tampa por dia e constante reposição de produtos. <br> <br>- Robustez: dobradiças reforçadas (projetadas para suportar aberturas frequentes de tampas), puxador de plástico ABS (mais rígido e resistente a impacto) e tanque interno de aço pré-pintado (melhor acabamento e maior resistência à corrosão).<br> <br>- Dupla Ação: através de uma chave seletora, em poucos segundos o DA420 se transforma em um refrigerador. São dois equipamentos em um! <br> <br>- Fechadura: mantém a carga protegida e a garantia de vedação completa do freezer.<br> <br>- Tampas balanceadas: leves para abrir, resistentes e seguras para vedar.<br> <br>- Gaxeta removível: facilita a limpeza do equipamento e a remoção das sujeiras mais difíceis.<br> <br>- Rodízios reforçados: melhor locomoção por muito mais tempo.<br> <br>- Separador interno removível facilita a organização dos produtos. <br> <br>- Dreno frontal: dispensa o deslocamento do equipamento para degelo.<br><br>Especificações Técnicas<br><br>Tipo de Degelo: Manual<br>Função refrigeração: Sim<br>Capacidade (litros): 546<br>Número de portas: 2<br>Tensão/Voltagem<br>- 110V<br>- 220V<br>Cor: Branco<br>Temperatura mínima/máxima: 2 a 8oC e -18 a -22oC<br><br>Observações<br>1. Não nos responsabilizamos pela instalação/montagem deste produto. Para eventuais peças adicionais, bem como possíveis limitações à utilização de todas as funcionalidades, consulte o fabricante. <br><br>2. Foto meramente ilustrativa. <br><br>3. Devido às normas da ABNT e às resoluções no 13 de 2006, no 2 de 2007 e no 8 de 2009 do CONMETRO , os fabricantes estão mudando as tomadas para o novo padrão. Para utilizar este produto, será preciso adaptador ou a troca da tomada antiga. Não nos responsabilizamos por esta alteração.<br><br>5. Para instalação, funcionalidades, manutenção e cuidados específicos consulte o manual do produto. <br>Entrega do Produto<br>Não nos responsabilizamos pelo transporte por escadas/elevadores, guincho ou içamento deste produto.<br><br>Dimensões<br><br>Altura: 94,40 cm<br>Largura: 1,67 m<br>Profundidade: 69,00 cm<br>Peso: 92,00 kg<br><br>Garantia de 12 Meses","{""capacidade_liquida_de_armazenamento"":""546 L"",""marca"":""Metalfrio"",""voltagem"":""220 V""}",546 L,Metalfrio,,220 V,,,,,546,Metalfrio,Branco,"110V
- 220V",Freezer,2 tampas,2,Manual,Metalfrio ,546L,Branco,"[110V,220V]",Horizontal,2,Manual
magazineluiza||010113300,Freezer,Freezer Clean 280 Inox 276 litros Brastemp,,"{""cor"":""Inox"",""marca"":""Brastemp""}",,Brastemp,Inox,,,,,,276 litros,Brastemp,Inox,Não informado,Freezer,Não informado,Não informado,Não informado,Brastemp,276L,Inox,110V,,,
dufrio||100260109,Freezer,Freezer Horizontal 1 Porta Philco 200 Litros H200L  110V,"Freezer Horizontal 1 Porta Philco 200 Litros H200L<p>Para quem está em busca de um local para guardar alimentos e bebidas esse Freezer é a opção certa.</p><p>Pois possui <strong>Dupla Função</strong> opera tanto como Congelador ou Refrigerador, te possibilita não apenas congelar seus alimentos mas também deixa-los resfriados.</p><p>Compacto e espaçoso por dentro, se adequa perfeitamente ao seu ambiente. </p><p>Além disso é econômico com classificação energética A e Gás Refrigerante que não agride o meio ambiente. </p><p>Conta ainda com rodas que facilitam seu deslocamento tudo pensado em facilitar o seu dia a dia! </p>","{""capacidade_liquida_de_armazenamento"":""200 L"",""cor"":""Branco"",""marca"":""Philco"",""quantidade_de_portas"":""1 Porta"",""voltagem"":""127 V""}",200 L,Philco,Branco,127 V,,,1 Porta,,200 Litros,Philco,Não informado,110V,Horizontal,1 Porta,1,Não informado,Philco,200L,Branco, 110V,Horizontal,1,Manual
centermaq||7740,Freezer,Freezer Vertical Tripla Ação Preto 565L Porta de Vidro VCET565V Fricon,Conservador Vertical Tripla Ação Preto 565L Porta de Vidro VCET565V Fricon<br> <br><br>Conservação de produtos congelados ou resfriados<br>Puxador embutido<br>Barra de to<br>,"{""capacidade_liquida_de_armazenamento"":""565 L"",""marca"":""Fricon"",""tipo"":""Vertical"",""voltagem"":""127 V""}",565 L,Fricon,,127 V,Vertical,,,,565L,Fricon,Preto,Não informado,Vertical,Porta de Vidro,Não informado,Não informado,Fricon,565L,Preto,110V,Vertical,1,
fidcomex||PHPFH260B2,Freezer,Freezer Horizontal Philco Pfh260b 246 Litros Branco 220v,"Você pode até achar que freezer é um tipo de eletrodoméstico útil apenas para quem tem comércio, mas não é bem assim. Ter um freezer em casa pode proporcionar uma série de benefícios para quem tem família grande ou, por qualquer motivo, precisa de bastante espaço para armazenar alimentos congelados. No freezer você pode guardar grandes volumes que, muitas vezes, não cabem no congelador. E sabendo de como pode facilitar a sua vida a Philco apresenta o Freezer PFH260B 56752008 220V. Ele é horizontal, com degelo manual e sua temperatura pode chegar em até -18°C. Conta com uma porta, tem capacidade líquida de 246 litros e possui a função de congelador e refrigerador.","{""capacidade_liquida_de_armazenamento"":""246 L"",""cor"":""Branco"",""marca"":""Philco"",""quantidade_de_portas"":""1 Porta"",""voltagem"":""220 V""}",246 L,Philco,Branco,220 V,,,1 Porta,,246 Litros,Philco,Branco,220v,Horizontal,Uma porta,1,Manual,Philco,246L,Branco,220V,Horizontal,1,Manual
lojascertel||2000549,Freezer,Freezer Vertical Consul CVU20GB Branco,"Este Freezer vertical Consul é ideal para quem deseja espaço e praticidade. Na porta do produto tem informações de uso, para você usar o seu freezer da melhor maneira! AVISO: Imagens meramente ilustrativas, objetos decorativos não acompanham o produto.","{""cor"":""Branco"",""marca"":""Consul"",""tipo"":""Vertical"",""voltagem"":""220 V""}",,Consul,Branco,220 V,Vertical,,,,Não informado,Consul,Branco,Não informado,Vertical,Não informado,Não informado,Não informado,Consul,142L,Branco,220V,Vertical,1,
efacil||2220336,Freezer,"Freezer Horizontal Metalfrio 284 Litros NF30SLB, com Luz de LED, Branco",PRODUTO DESATIVADO<br>,"{""marca"":""Metalfrio"",""voltagem"":""Bivolt""}",,Metalfrio,,Bivolt,,,,,284 Litros,Metalfrio,Branco,Não informado,Horizontal,Não informado,Não informado,Não informado,Metalfrio ,284L,Branco,110V,Horizontal,2,Frost Free
oliststore||MGLBV24CF1DMXUTV,Freezer,Freezer Horizontal Digital Flexbeer 100L Midea 220V Preto,"Freezer Horizontal Digital FlexBeer 100L Midea 220V Preto CBA10P2 O Freezer Horizontal Digital FlexBeer 100L da Midea veio para trazer muito mais versatilidade no seu dia a dia. Compacto por fora e muito espaçoso por dentro, conta com termostato eletrônico externo, proporcionando variação grau por grau de temperatura para uma seleção mais precisa. Pode ser como Refrigerador, Freezer e Conservador, podendo operar entre -30C e 10C. Super econômico, conta com a Função Super-Freeze, silencioso, possui 2 pés reguladores para ajuste do nivelamento do aparelho e Gás Refrigerante Ecológico R600a, livre de CFC. Atributos do Produto: Referência: CBA10P2 Código: CBA10P2 Código de Barras: 7908198003137 Garantia: 12 meses Marca: Midea Modelo: CBA10P2 Voltagem: 220V Cor: Preto Detalhes e Especificações Técnicas: Termostato digital externo Pode ser como Freezer, Refrigerador e Conservador Cesto de armazenagem Função Super Freezer Classificação Procel A+ Gás Refrigerante Ecológico R600A livre de CFC Dimensões do Produto Altura: 85,0 cm Largura: 54,5 cm Comprimento: 49,5 cm Peso: 26,5 kg Conteúdo da Embalagem Freezer Horizontal Digital FlexBeer 100L Midea 220V Preto CBA10P2 Importante Produtos de decoração não inclusos. Imagens meramente ilustrativas; As cores dos objetos podem sofrer alterações devido a luminosidade, configurações do monitor e até mesmo a percepção do usuário; Os dados divulgados são de responsabilidade do fabricante/fornecedor.","{""capacidade_liquida_de_armazenamento"":""100 L"",""cor"":""Preto"",""marca"":""Midea"",""voltagem"":""220 V""}",100 L,Midea,Preto,220 V,,,,,100L,Midea,Preto,220V,Horizontal,Não informado,Não informado,Não informado,Midea,100L,Preto,220V ,Horizontal,1,
lojastaqi||222675110,Freezer,"Freezer Vertical Brastemp BVR28N, 1 Porta, 228 Litros, Branco","Praticidade e qualidade é o que precisamos no dia a dia, o Freezer Vertical BVR28NKANA da Brastemp preserva seus alimentos, bebidas e embalagens preferidas de modo econômico. O modelo BVR28NK tem espaço interno para até 228 litros de capacidade líquida de armazenamento, uma porta e baixo consumo de energia. Com o apertar de um botão você pode fazê-lo funcionar como uma refrigerador. E ainda possui pés estabilizadores, controle de temperatura externo, função flex, o freezer pode ser usado como geladeira, prateleiras de vidro temperado super resistentes e sistema Frost Free, você nunca vai precisar descongelar, proporcionando mais praticidade para o dia a dia.","{""capacidade_liquida_de_armazenamento"":""228 L"",""marca"":""Brastemp"",""quantidade_de_portas"":""1 Porta"",""tipo"":""Vertical"",""tipo_de_degelo"":""Frost Free"",""voltagem"":""127 V""}",228 L,Brastemp,,127 V,Vertical,,1 Porta,Frost Free,228 Litros,Brastemp,Branco,Não informado,Vertical,1 Porta,1,Frost Free,Brastemp,228L,Branco,110V,Vertical,1,Frost Free
casaeciaoutlet1||100008202,Freezer,Freezer Vertical Consul Slim de 142 Litros Branco - CVU20GB- 110V,"Destaques Mais Espaço para Congelados O Freezer Vertical Consul de 142 litros é perfeito para quem busca um espaço extra para guardar os congelados. Compacto, tem um super espaço interno e cabe perfeitamente na sua cozinha. Ele também conta com compartimentos especiais para conservar os seus alimentos por mais tempo. Gelo e Picolé Derretidos? Se depender do Freezer Consul você nunca mais vai ter este problema, pois ele conta com um compartimento especial de congelamento rápido com o tamanho perfeito para gelos, picolés e embalagens pequenas Prateleira do Prato Pronto O freezer vertical conta com uma gaveta especial para você guardar suas refeições congeladas ao alcance das mãos. Prático, né? Gavetão de Frutos do Mar Com este freezer você não vai ter aquele problema de abrir a porta e sentir como se estivesse em uma peixaria ou então de pegar um frango e ele estar com gosto de peixe. Ele conta com um Gavetão de Frutos do Mar que fica isolado e evita que os cheiros se espalhem. Bem pensado, né? Tudo no Cestinho O freezer de 142 litros conta com 5 cestinhos para você armazenar o que quiser. E o melhor, são todos removíveis, o que facilita a hora da limpeza e contam com travas de segurança para evitar acidentes. Características Tipo: Vertical Capacidade: 142 litros Portas: 01 Especificações Técnicas Modelo: CVU20GB Cor: Branco Voltagem: 110V EAN: 7891129196223 (110V) Garantia: 12 meses Dimensões e Peso Dimensões do produto (AxLxP): 1488x483x620mm Peso do produto: 43,0 KgItens Inclusos 01 Freezer Vertical Consul de 142 Litros Branco - CVU20GB","{""marca"":""Consul"",""tipo"":""Vertical"",""voltagem"":""127 V""}",,Consul,,127 V,Vertical,,,,142 Litros,Consul,Branco,110V,Vertical,1,1,Não informado,Consul,142L,Branco, 110V,Vertical,1,
liberatti||50512,Freezer,Freezer Horizontal Esmaltec 305 Litros 2 Portas - EFH350,"Freezer Horizontal Esmaltec 355 Litros 2 Portas - EFH350<br><br><br>O freezer da Esmaltec é ideal para você deixar seus alimentos congelados e bem conservados.<br>Seu gabinete interno é em aço galvanizado para maior durabilidade.<br>O freezer EFH350 traz um excelente espaço interno com uma capacidade 355L. <br>Possui duas portas, para facilitar a organização dos alimentos e dreno frontal, que permite recolher o gelo derretido com uma vasilha para maior praticidade. Aproveite!<br><br><br>Benefícios:<br>Dupla ação: conservador e congelador<br>Gabinete interno em aço galvanizado com cantos arredondados<br>Gabinete externo pintado a pó<br>Dreno frontal com tampa<br>Rodízios rotativos<br>Tampas balanceadas<br><br><br>Especificações técnicas:<br>Gás R134A<br>Temperatura: -22°C a 3,5°C<br>Volume total: 355 Litros<br><br><br>Dimensões:<br>Altura: 93,7 cm<br>Largura: 100,3 cm<br>Profundidade: 65 cm<br>Peso: 60 kg<br><br><br>Garantia do fornecedor de 12 meses.","{""capacidade_liquida_de_armazenamento"":""305 L"",""marca"":""Esmaltec"",""quantidade_de_portas"":""2 Portas"",""voltagem"":""127 V""}",305 L,Esmaltec,,127 V,,,2 Portas,,355 Litros,Esmaltec,Não informado,Não informado,Horizontal,2 Portas,2,Não informado, Esmaltec ,305L,Branco,110V,Horizontal,2,
salvadorcomercial2||G01210,Freezer,Freezer Refrigerador Congelador Horizontal Dupla Ação 419L DA420 Metalfrio,"<p>MUITO IMPORTANTE:<br>-- CONFERIR PRODUTOS NO ATO DO RECEBIMENTO. NÃO ACEITAR PRODUTOS COM EMBALAGEM VIOLADA (AMASSADO, RASGADO, ABERTO, QUEBRADO, ETC), A RECUSA DEVE SER FEITA NO ATO.</p><p>Freezer Refrigerador Congelador Horizontal Dupla Ação 419L DA420 Metalfrio</p><p>Eleve a eficiência do seu armazenamento com o Freezer Refrigerador Congelador Horizontal Dupla Ação 419L DA420 da Metalfrio. Projetado para atender às necessidades comerciais e domésticas, este freezer espaçoso oferece dupla ação, permitindo tanto congelamento quanto conservação de alimentos de maneira eficaz. Com uma generosa capacidade de 419 litros, o DA420 proporciona amplo espaço para acomodar uma variedade de produtos. A tecnologia de dupla ação oferece versatilidade, adaptando-se às diferentes demandas de armazenamento. Conte com a confiabilidade da marca Metalfrio para garantir a preservação ideal dos seus alimentos, combinada com design moderno e recursos inovadores para atender às exigências dos ambientes comerciais e residenciais.</p><p>Informações Técnicas:<br>- Dupla Ação: através de uma chave seletora, em poucos segundos o freezer DA550 se transforma em um refrigerador. São dois equipamentos em um!<br>- Com compressor de alta potencia, condensador helicoidal .<br>- Maior capacidade do mercado: Com separador interno removível que facilita a organização dos produtos.<br>- Robustez: dobradiças reforçadas, projetadas para suportar aberturas frequentes de tampas.<br>- Puxador em plástico ABS de alta resistência e tanque interno de aço pré-pintado (melhor acabamento e resistente à corrosão).<br>- Voltagem: 110V ou 220V<br>- Frequência: 50Hz / 60Hz<br>- Faixa Temp.: -18°C/ a -22 / +2°C a +8°C<br>- Consumo médio: 84 Kwh/mês<br>- Capacidade Líquida: 419 litros</p><p>Dimensões:<br>- Peso Líquido: 69 kg<br>- Peso Bruto - 81kg<br>- Medidas gabinete interna: 71,5cm A x 122cm L x 51,5cm P<br>- Medidas gabinete externo: 94,4cm A x 133cm L x 69cm P<br>- Medida gabinete embalado: 99 cm A x 1,40cm L x 71cm P</p><p>Capacidade de Armazenamento:<br>- Lata 350ml – 776 un.<br>- Pet 600ml – 306un.<br>- Pet 2000ml – 108un.<br>- Garrafa 600ml – 306 un.</p><p>Perguntas frequentes:<br>- Produto Novo?<br>Sim, produto novo.</p><p><br>Freezer, Refrigerador, Congelador Horizontal, Dupla Ação, 419 Litros, DA420, Metalfrio, Equipamento Comercial, Armazenamento Eficiente, Tecnologia Dupla Ação, Congelamento e Conservação, Freezer Horizontal 419L, Metalfrio DA420, Design Moderno, Versatilidade de Armazenamento, Eficiência Energética, Controle de Temperatura, Organização de Alimentos, Equipamento de Refrigeração, Praticidade e Eficiência.</p>","{""capacidade_liquida_de_armazenamento"":""419L"",""marca"":""Metalfrio"",""voltagem"":""127 V""}",419L,Metalfrio,,127 V,,,,,419 litros,Metalfrio,Não informado,110V ou 220V,Horizontal,Não informado,Não informado,Não informado, Metalfrio,419L,Branco,110V,Horizontal,2,
varejaodasmaquinas2||VM02062-220V,Freezer,Freezer Horizontal 185 Litros tampa de vidro Metalfrio Supra Branco NF20SB 220V,"<span>O Freezer Horizontal 185 Litros tampa de vidro Metalfrio Supra Branco NF20SB 220V proporciona alto desempenho, baixo consumo de energia e design moderno, conserva seu produto na temperatura ideal para consumo, possui conjunto de tampas com design elegante e molduras em plástico ABS com linhas harmônicas e modernas. Os puxadores são ergonômicos para facilitar o encaixe das mãos e a abertura das tampas, com o novo sistema de refrigeração garante mais eficiência energética e alta capacidade de conservação para manter sorvetes e alimentos congelados na temperatura ideal de consumo. altura do gabinete proporciona perfeita visualização e acesso aos produtos. O Freezer Horizontal 185 Litros tampa de vidro Metalfrio Supra Branco NF20SB 220V possui interior em aço pré-pintado branco, além de ser uma proteção extra contra corrosão, destaca as cores dos produtos no interior de seu NF20 Supra.</span> <span><strong>Descrição:<br><br></strong></span><span>Modelo: NF20SB<br><br></span><span><span>Energia Voltagem: 220V<br><br></span></span><p><span>Consumo médio aproximado: 2,27kWh/24h</span></p><span>Capacidade Bruta: 185 L<br><br></span><span>Capacidade Líquida: 144 L<br><br></span><span>Faixa de Temperatura Freezer: -18°C / -22°C<br><br></span><span>Quantidade de Tampas: 2<br><br></span><span>Armazenamento:<br><br></span><span>Potes de Sorvete 500ml: 90<br><br></span><span>Potes de Sorvete 2l: 24<br><br></span><span>Tecnologia e Alimentação:<br><br></span><span>Tipo de Gás: R290.<br><br></span><span>Frequência: 60Hz<br><br></span><span>Potência: 150W<br><br></span><span><strong>Atenção: Cestos internos não acompanham o produto.</strong></span> <span><strong>Medidas:<br><br></strong></span><span>Medidas Externas:<br><br></span><span>Altura(cm) 85<br><br></span><span>Largura(cm) 80<br><br></span><span>Profundidade(cm) 66,5<br><br></span><span>Peso Bruto(Kg) 63,1<br><br></span><span>Medidas Internas:<br><br></span><span>Altura(cm) 69<br><br></span><span>Largura(cm) 65<br><br></span><span>Profundidade(cm) 51,5<br><br></span><span>Peso Liquido(Kg) 53,10</span>","{""marca"":""Metalfrio"",""voltagem"":""220 V""}",,Metalfrio,,220 V,,,,,144 L,Metalfrio,Branco,220V,Horizontal,Tampa de vidro,2,Não informado, Metalfrio,185L,Branco,220V,Horizontal,2,
marciusmagazine||0044020044,Freezer,Freezer Horizontal Consul 534 Litros e 2 Portas - 127 V - Branco,"<p>Freezer Horizontal Consul 534 Litros e 2 Portas - 127 V - Branco</p> <br><p>O Freezer Horizontal CHB53EB Consul tem 534 litros e possui controle eletrônico para você programar a temperatura facilmente. <br><br>Tem duas portas para facilitar a organização dos alimentos, e dreno frontal, que permite recolher o gelo derretido com uma vasilha.<br><br>Conta também com 4 rodinhas nos pés que facilitam a movimentação.<br><br>O freezer ideal para seu dia a dia.</p> <br> <p>Marca: Consul</p><p>Modelo: CHB53EB</p><p>Referência: 11823293</p><p>Cor: Branco</p><p>Tipo de freezer: Horizontal</p><p>Código de Barras EAN: 7891129254145</p><p>Voltagem: 127 V</p><p>Potência: 160 W</p><p>Consumo aproximado de energia: 70,41 kw/h mês</p><p>Capacidade: 534 litros</p><p>Resistente: Interior feito com liga metálica de alta resistência à corrosão</p><p>Portas: Quantidade: 2 | Abertura superior</p><p>Funções: -Refrigerador | -Congelador</p><p>Degelo: Manual</p><p>Controle de temperatura: Externo</p><p>Dreno de gelo: Frontal</p><p>Rodízios: Sim</p><p>Luz indicadora: Não</p><p>Não contém CFC: Não agride a camada de ozônio</p><p>Controle eletrônico: Programe a temperatura desejada em apenas um toque e escolha entre os modos freezer ou refrigerador, de acordo com a sua necessidade</p><p>Peso aproximado do produto: 68 kg</p><p>Dimensões aproximadas do produto: -Altura: 96 | -Largura: 147,3 cm | -Profundidade: 78 cm</p><p>Peso aproximado do produto embalado: 73 kg</p><p>Dimensões aproximadas do produto embalado: -Altura: 98 | -Largura: 152 cm | -Profundidade: 80 cm</p><p>Garantia do fornecedor: 1 ano</p><p>Aviso: Imagens meramente ilustrativas</p>","{""cor"":""Branco"",""marca"":""Consul"",""quantidade_de_portas"":""2 Portas"",""voltagem"":""127 V""}",,Consul,Branco,127 V,,,2 Portas,,534 Litros,Consul,Branco,127 V,Horizontal,2 Portas,2,Manual,Consul,534L, Branco,110V,Horizontal,2,Manual
multiloja||10239,Freezer,Freezer Horizontal Philco H200L 200 Litros 1 Porta,"O Freezer H200L Dreno Frontal Philco preserva com qualidade o alimento congelado, garantindo maior durabilidade!<br> Possui controle de temperatura ajustável no painel frontal, conta com 4 rodízios para deslocamento, facilitando a movimentação do produto. Ainda conta com dreno frontal, trazendo maior praticidade no descongelamento, dispõe ainda de chave de segurança, possibilitando travar o freezer quando necessário. Tudo isso com capacidade para 200 litros, proporcionando melhor aproveitamento do espaço interno.<br> <br> Características:<br> <br> Tem capacidade para 200 litros, proporcionando melhor aproveitamento do espaço interno;<br> Controle de temperatura ajustável: sim<br> Rodízios: 4<br> Dreno frontal: sim<br> Ecologicamente correto<br> Chave de segurança: sim<br> <br> Dimensões:<br> Altura: 87 cm<br> Largura: 93 cm<br> Profundidade: 57 cm<br> Peso: 37,87 kg<br> <br> Garantia do fornecedor de 12 meses.","{""cor"":""Branco"",""marca"":""Philco"",""quantidade_de_portas"":""1 Porta"",""voltagem"":""127 V""}",,Philco,Branco,127 V,,,1 Porta,,200 Litros,Philco,Não informado,Não informado,Horizontal,1 Porta,1,Dreno Frontal,Philco,200L,Branco,110V,Horizontal,1,Manual
varejaodasmaquinas2||VM020186-127V,Freezer,Freezer Vertical Tripla Ação 560L Imbera Porta De Vidro Branco EVZ21 127v,"<p><span><span>O </span><span>Freezer Vertical Tripla Ação 560L Imbera Porta De Vidro Branco EVZ21 127v</span>, possui termostato eletrônico tripla ação e fornece máxima economia de energia, minimizando as necessidades de cuidados e controle.</span></p><p><span><strong>Descrição:</strong></span></p><p><span>Termostato Eletrônico Tripla Ação.</span></p><p><span>Ele fornece máxima economia de energia, minimizando as necessidades de cuidados e controle.</span></p><p><span>Possui ajuste de temperatura para qualquer ocasião de produtos, desde congelador ou resfriados.</span></p><p><span>CONDENSADOR DE BAIXA MANUTENÇÃO</span></p><p><span>Ele evita que o pó bloqueie o fluxo de ar, gerando economia de energia e aumento da vida útil do compressor.</span></p><p><span>ESPUMA ISOLANTE DE CICLOPENTANO</span></p><p><span>É ecológico já que não contém CFC e HFC, é um isolante altamente eficiente.</span></p><p><span>Porta de Vidro Com Aquecimento</span></p><p><span>Porta de vidro duplo temperatura com aquecimento baixo emissivo, fechamento automático e magnetizado.</span></p><p><span>GRADE FRONTAL PLÁSTICA</span></p><p><span>Mais durável, resistente e livre de oxidação. Pode ser reciclável ao final da sua vida útil.</span></p><p><span>Unidade Condensadora Embraco</span></p><p><span>Sistema possui sistema compacto de unidade, sendo facilmente removível para frente, afim de facilitar a manutenção.</span></p><p><span>Construção do Gabinete em uma única lamina, dando maior estrutura e acabamento.</span></p><p><span>Laminas internas pré pintadas, garantindo maior vida útil do seu equipamento.</span></p><p><span>SISTEMA DE RODÍZIO</span></p><p><span>Equipamento equipado com rodízios, proporcionando maior facilidade na movimentação.</span></p><p><span>PRATELEIRAS AJUSTÁVEIS</span></p><p><span>Equipamento com prateleiras ajustáveis com pintura eletrostática, garantindo maior durabilidade</span></p><p><span>No. Portas: 1</span></p><p><span>No. Prateleiras: 3</span></p><p><span>Volume Bruto (L) 560</span></p><p><span>Consumo de Energia (kwh/24h): 7.76</span></p><p><span>Faixa de Temperatura (°C) -16°C a +0°C</span></p><p><span><strong>Medidas Externas:</strong></span></p><p><span>Altura(cm) 198,5</span></p><p><span>Largura(cm) 67,5</span></p><p><span>Profundidade(cm) 81,4</span></p><p><span>Peso(kg) 100</span></p> <p><span><strong>Medidas Internas:</strong></span></p><p><span>Altura(cm) 148</span></p><p><span>Largura(cm) 55,5</span></p><p><span>Profundidade(cm) 67,3</span></p><p><span>Peso(kg) 95,5</span></p>","{""capacidade_liquida_de_armazenamento"":""560L"",""tipo"":""Vertical"",""voltagem"":""127 V""}",560L,,,127 V,Vertical,,,,560L,Imbera,Branco,127v,Vertical,Porta De Vidro,1,Não informado, Imbera ,560L,Branco,110V,Vertical,1,
lojastaqi||125765,Freezer,"Freezer / Geladeira Horizontal Consul CHA31, 307 Litros, Branco","<p>Freezer / Geladeira Horizontal Consul 307 Litros, Branco - CHA31</p> <p>Você já pensou em comprar um produto 2 em 1, quando você quer um Freezer ele é, mas quando você precisar de uma geladeira a mais ele serve também. Com o Freezer Horizontal Consul é possível!</p> <p>Ideal para quem quer um freezer que ofereça durabilidade e versatilidade. Um Congelador muito mais econômico, com selo de Classificação A em consumo de energia.</p> <p>Características</p> <p>Marca: Consul</p> <p>Modelo: CHA31</p> <p>Tipo: Horizontal</p> <p>Cor: Branca </p> <p>Capacidades:</p> <p>Capacidade Total Bruta: 307 Litros</p> <p>Capacidade Total Líquida: 305 litros</p> <p>Especificações:</p> <p>Tipo de degelo - Cycle Defrost; </p> <p>Controle de Temperatura - Termostato no painel frontal; </p> <p>Dreno frontal - Facilita a vida na hora da limpeza; </p> <p>Congelamento rápido - Rapidez no congelamento e melhor conservação dos alimentos; </p> <p>Gabinete interno e externo com chapa de aço pintado - Melhor acabamento, resiste mais à corrosão e aos impactos; </p> <p>4 pés com rodízio - Facilita a movimentação do freezer/geladeira e também a limpeza do local.</p> <p>Alimentação</p> <p>Voltagem: 110 Volts ou 220 Volts</p> <p>Consumo aproximado de energia: 41,6 KWh/mês (Classe A)</p> <p>Dimensões</p> <p>Tamanho (AxLxP): 96 x 94,5 x 78 cm</p> <p>Peso: 59 Kg</p> <p>Garantia: 12 meses</p> <br>","{""capacidade_liquida_de_armazenamento"":""307 L"",""cor"":""Branco"",""marca"":""Consul"",""voltagem"":""220 V""}",307 L,Consul,Branco,220 V,,,,,305 litros,Consul,Branco,110 Volts ou 220 Volts,Horizontal,Não informado,Não informado,Cycle Defrost,Consul,307L,Branco,220V,Horizontal,1,Cycle Defrost
centermaq||4684,Freezer,Freezer Horizontal Tampa Cega Hde 503 Litros - Fricon (ES),"<p>Freezer Horizontal 503L Tampa Cega HCED503C Fricon</p> <p>Conservação de produtos congelados ou bebidas e refrigerados</p> <p>Refrigeração estática</p> <p>Gabinete com formas internas arredondadas</p> <p>Chapas internas e externas em aço galvanizado pré-pintado com alta resistência a corrosão</p> <p>Isolamento de poliuretano ecologicamente correto</p> <p>Grade plástica em material de alto impacto com proteção U.V.</p> <p>Rodízio duplo giratório de alta resistência</p> <p>Tampa de chapa com puxador ergonômico e dobradiças balanceadas</p> <p>Dreno frontal</p> <p>Condensação forçada, garantindo maior velocidade de refrigeração</p> <p>Divisória interna com pintura plastificada</p> <p>Termostato ajustável para dupla ação</p> <p>Temperatura de operação de 35C / 75% de umidade relativa do ar</p> <p>Puxador frontal com chave na tampa</p> <p>Degelo manual</p> <p>Especificações</p> <p>Capacidade bruta(litro/galão): 503l/133gal</p> <p>Variação de temperatura (C): -22 a -18/0 a +8</p> <p>Variação de temperatura (F): -7,6 a 0,4/32 a 46</p> <p>Consumo de energia (kWh/24h): 3,5*</p> <p>Tipo de gás: R-134A</p> <p>Tampas: 2</p> <p>Truck: 7,8/10 m 39/54</p> <p>Container Brasil 20/40HC: 20/44</p> <p>Container Export 20/40HC: 22/63</p> <p>Dimensões: 94 (cm) x 150,5 (cm) x 70,5 (cm) (AxLxC)</p> <p>Peso Líq: 80Kg</p> <p>CHEFSTOCK, TUDO PARA O SEU COMÉRCIO!</p>","{""capacidade_liquida_de_armazenamento"":""503 L"",""marca"":""Fricon"",""voltagem"":""220 V""}",503 L,Fricon,,220 V,,,,,503 Litros,Fricon,Não informado,Não informado,Horizontal,Tampa Cega,Não informado,Manual,Fricon , 503L,Branco,220V,Horizontal,2,
jmatacadistaequipamentos||5319-3755,Freezer,Freezer Horizontal Fricon 503L Dupla-Ação Tampa de Vidro Branco HCED503-2V999 220V,"Freezer Horizontal Fricon 503L Dupla-Ação Tampa de Vidro Branco HCED503-2V999 220V <p>O Freezer Horizontal HCED-503 2V da Fricon, é ideal para conservação de produtos congelados ou bebidas e refrigerados. Sua refrigeração estática conserva produtos congelados e o gabinete possui formas internas arredondadas, as chapas internas e externas são de aço galvanizado pré-pintado com alta resistência a corrosão.<br> Possui também isolamento de poliuretano ecologicamente correto, dreno frontal, encaixe para display de preço, termostato ajustável para baixa temperatura e tampa de vidro de baixa emissividade e temperado com sistema de vedação de alta eficiência.</p> <p>Características</p> <p>Conservação de produtos congelados<br> Refrigeração estática<br> Gabinete com formas internas arredondadas<br> Chapas internas e externas em aço galvanizado pré-pintado com alta resistência a corrosão<br> Moldura principal em alumínio anodizado<br> Dreno frontal<br> Encaixe para display suporte de preço<br> Rodizio duplo giratório de alta resistência<br> Termostato ajustável para baixa temperatura<br> Tampa de vidro de baixa emissividade e temperado com sistema de vedação de alta eficiência<br> Moldura lateral em ABS, garantindo alta resistência<br> Isolamento de poliuretano ecologicamente correto de 80mm de espessura<br> Grade plástica em material de alto impacto com proteção U.V.<br> Sem micro ventilador do condensador, eliminado manutenção preventiva<br> Temperatura de operação de 35C / 75% de umidade relativa do ar<br> Sistema de retirada de tampas de fácil remoção</p> <p>Especificação Técnica</p> <p>Marca: Fricon<br> Referência: HCED503-2V999<br> Cor: Branco<br> Material: Aço galvanizado e pré-pintado com alta resistência a corrosão<br> Capacidade: 503 litros<br> Variação de temperatura -22C a -18C<br> Portas: 2<br> Consumo de energia: 2,9 kW/dia<br> Refrigeração estática: Sim<br> Rodas para movimentação do aparelho: Sim<br> Dreno: Sim<br> Dimensões do produto (LxAxP): 154 x 89 x 68 cm</p> <p>ATENÇÃO: Imagem meramente ilustrativa, podendo conter alguma diferença em sua tonalidade. Os objetos que ambientam as fotos não acompanham o produto.</p>","{""capacidade_liquida_de_armazenamento"":""503 L"",""marca"":""Fricon"",""voltagem"":""220 V""}",503 L,Fricon,,220 V,,,,,503L,Fricon,Branco,220V,Horizontal,2,2,Manual,Fricon , 503L,Branco,220V,Horizontal,2,
pontoequipamentos||nc-p2786-220v,Freezer,Freezer Vertical 560 Litros Porta Cega (Dupla Ação) (EVZ21 Full Black) - Imbera - 220V,"<p>Especificações Técnicas</p><p>Consumo de Energia<br>3.56 (KWH/24 – 220V)</p><p>Dimensões Internas (mm)<br>1480 (A), 555 (L), 673 (P)</p><p>Faixa de Temperatura<br>-22 a 8</p><p>Dimensões Externas (mm)<br>1985 (A), 686 (L), 814 (P)</p><p>Prateleiras<br>1+3</p><p>Peso<br>95,5 (PESO LIQ.)<br>100 (C/ EMB.)</p><p>Amperagem<br>3.8 (110v)<br>1.6 (220v)</p><p>Volume<br>560 (BRUTO)<br>560 (LÍQUIDO)</p><p>Iluminação<br>Sem iluminação</p><p>Capacidades<br>não há (350ML)<br>não há (600ML)<br>não há (LONG NECK)</p>","{""tipo"":""Vertical"",""voltagem"":""220 V""}",,,,220 V,Vertical,,,,560 Litros,Imbera,Full Black,220V,Vertical,Porta Cega Dupla Ação,2,Não informado, Imbera ,560L,Preto,220V,Vertical,1,
moveislinhares||110986,Freezer,Freezer Horizontal Midea 150L com 1 Porta RCFA Branco,"Freezer Horizontal Midea 150L com 1 Porta RCFA Branco<br><br>O Freezer Horizontal Midea 150L, é perfeito para quem quer preservar alimentos resfriados, conservados ou congelados de forma rápida, com tamanho compacto proporciona praticidade ao se adaptar a ambientes menores.<br><br>Graças a versatilidade de suas funções, pode opear tanto como Freezer entre as temperaturas -24C e -12C, quanto como Refrigerador que entre as temperaturas 0C e 10. Além disso, é o Freezer mais econômico do mercado.<br><br>Informações Técnicas:<br>- Marca: Midea<br>- Modelo: RCFA11/RCFA12<br>- Tamanho: 150 Litros<br>- Classificação energética: A <br>- Voltagem: 127V ou 220V (NÃO É BIVOLT)<br><br>Cor:<br>- Branco<br><br>Características:<br>- 01 Porta<br>- Temperatura de operação do conservador -12C<br>- Temperatura de operação do freezer -18C e -24C<br><br>Dimensões:<br>- Altura: 85cm<br>- Largura: 62,8cm<br>- Profundidade: 56,2cm<br><br>Garantia do Fornecedor: 12 meses.","{""capacidade_liquida_de_armazenamento"":""150 L"",""cor"":""Branco"",""marca"":""Midea"",""voltagem"":""220 V""}",150 L,Midea,Branco,220 V,,,,,150L,Midea,Branco,127V ou 220V,Horizontal,1 Porta,1,Não informado,Midea ,150L , Branco,220V,Horizontal,1,
magazineluiza||010122401,Freezer,Freezer Vertical 238 Litros Continental,,"{""tipo"":""Vertical""}",,,,,Vertical,,,,238 Litros,Continental,Não informado,Não informado,Vertical,Não informado,Não informado,Não informado,Continental,238L,,110V,Vertical,,
lojasmm||13542,Freezer,Freezer Brastemp Vertical Flex Frost Free 228L BVR28NBBNA,"O Freezer Vertical Brastemp Flex Frost Free, além de não precisar descongelar nunca, pode se transformar em uma geladeira sempre que precisar, isso porque conta com a tecnologia Flex. Possui também o Controle de temperatura externo, que possibilita total controle da temperatura sem precisar abrir o freezer.<br> <br> Modelo: BVR28NBBNA<br> Consumo Aproximado de Energia (kWh): 46.2<br> Eficiência Energética: A++<br> Tipo: Vertical<br> Capacidade (L): 228<br> Freezer Flex: Transforme seu freezer em geladeira sempre que precisar.<br> Controle externo: Tenha total controle da temperatura do seu freezer no toque de um botão<br> Tecnologia Frost Free: Não precisa descongelar nunca<br> Prateleira de vidro temperado: Mais facilidade de limpeza e melhor visibilidade do interior da geladeira.<br> <br> Dimensões<br> Altura: 169,8 cm<br> Largura: 63,1 cm<br> Profundidade: 69,5 cm<br> <br> Peso: 66 kg<br> <br> Garantia: 12 meses","{""capacidade_liquida_de_armazenamento"":""228 L"",""cor"":""Branco"",""marca"":""Brastemp"",""tipo"":""Vertical"",""voltagem"":""127 V""}",228 L,Brastemp,Branco,127 V,Vertical,,,,228L,Brastemp,Não informado,Não informado,Vertical,Não informado,Não informado,Frost Free,Brastemp,228L,Branco,110V,Vertical,1,Frost Free
fastshop2||BRBVR28NB2,Freezer,Freezer Vertical Brastemp Flex de 228 Litros Frost Free Branco - BVR28NBbr /,"O Freezer Vertical Brastemp Flex Frost Free, além de não precisar descongelar nunca, pode se transformar em uma geladeira sempre que precisar, isso porque conta com a tecnologia Flex. Possui também o Controle de temperatura externo, que possibilita total controle da temperatura sem precisar abrir o freezer.CaracterísticasTipo: Freezer VerticalFrost FreeCapacidade: 228 litrosPainel de ControleFunção RefrigeraçãoControle automático de temperaturaPortas ReversíveisGavetas RemovíveisPés com Rodízios e TravamentoCompartimentos: 5PrateleiraDreno de DegeloPrateleira de vidro temperadoTecnologia Frost FreeEspecificações TécnicasModelo: BVR28NBANACor: BrancoConsumo: 46,2 kwh/mêsSelo Procel (Eficiência Energética): A++Voltagem: 110V/220V (Não é bivolt)EAN: 7891129550605 (110V) / 7891129550704 (220V) Garantia: 12 mesesDimensões e PesoDimensões sem Embalagem (AxLxP): 1698x631x695 mmDimensões com Embalagem (AxLxP): 1715x633x725 mmPeso sem Embalagem: 66 kgPeso com Embalagem: 68 kgItens Inclusos01 FreezerManual de instruçõesGuia RápidoServiço de Instalação e Orientação de UsoPara sua comodidade e segurança, a Fast Shop dispõe do serviço de Instalação e Orientação de Uso*. Agendamos o serviço para você, executamos a instalação com equipes próprias especializadas e autorizadas pelo fabricante, ensinamos como utilizar os produtos da melhor forma e temos uma área de qualidade para acompanhar e garantir que tudo dê certo. É rápido e fácil.Você pode contratar o serviço com o nosso canal Blá pelo WhatsApp no número (11) 3232-2949 ou em uma de nossas lojas. Consulte os valores e regiões atendidas.","{""capacidade_liquida_de_armazenamento"":""228 L"",""cor"":""Branco"",""marca"":""Brastemp"",""quantidade_de_portas"":""1 Porta"",""tipo"":""Vertical"",""tipo_de_degelo"":""Frost Free"",""voltagem"":""220V""}",228 L,Brastemp,Branco,220V,Vertical,,1 Porta,Frost Free,228 Litros,Brastemp,Branco,110V/220V,Freezer Vertical,Reversíveis,Não informado,Frost Free,Brastemp,228L, Branco,220V,Vertical,1,Frost Free
carrefouroficial||900005520,Freezer,Freezer Refrigerador Horizontal DA170 166 Litros Metalfrio,"DA170 Dupla Ação: Freezer ou refrigerador - versatilidade, praticidade, desempenho e muita durabilidade em duas funções: freezer ou refrigerador, você escolhe! O DA170 possui desempenho profissional em seu congelamento, ideal para as rotinas agitadas de restaurantes e cozinhas industriais. Compacto no tamanho, gigante na eficiência.<br> Alta capacidade de congelamento com sistema de refrigeração com aval da Metalfrio, líder em refrigeração comercial na América Latina.<br> Ideal para Sítios, áreas de lazer, buffets, salões de festas, restaurantes, bares, e cozinhas industriais.<br> <br> Características:<br> Marca: Metalfrio<br> Modelo: DA170B<br> Capacidade em Litros: 166 Litros<br> Quantidade de Cestos: Não contem<br> Quantidade de Gavetas: Não contem<br> Quantidade de Portas: 1 Porta<br> Quantidade de Prateleiras: 0<br> Tipo de Pés: Rodízios<br> Tipo de Freezer: Horizontal<br> Sistema de Refrigeração: Cold Wall<br> Material: Ferro, Vidro, cobre, plástico, aço, Gás Ecológico<br> <br> Conteúdo da embalagem:<br> 1 freezer Horizontal<br> Manual de instruções<br> <br> Dimensões: 94,4 x 66,3 x 69 cm<br> Peso: 52 kg<br> <br> Garantia do Fornecedor: * meses","{""capacidade_liquida_de_armazenamento"":""166 L"",""marca"":""Metalfrio"",""voltagem"":""127 V""}",166 L,Metalfrio,,127 V,,,,,166 Litros,Metalfrio,Não informado,Não informado,Horizontal,1 Porta,1,Não informado, Metalfrio,166L,Branco,110V,Horizontal,1,
continentalcenter||B102090023504020101,Freezer,Freezer Imbera Vertical 1 Porta 560 Litros Preto 127V EVZ21 1024795,"Freezer Imbera Vertical 1 Porta 560 Litros Preto 127V EVZ21 1024795<p>Com capacidade de 560L é ideal para estabelecimentos comerciais que procuram trazer alta eficiência aliada a um design moderno para si. Com temperatura de trabalho entre 0C a -22C e termostato de tripla ação esse modelo traz máxima economia de energia, minimizando as necessidades de cuidados e controle.</p><p>Seu ajuste de temperatura é adaptável e perfeito para qualquer tipo de produtos, desde congelados a resfriados. Pensando em reduzi a transferência de calor e torná-lo mais eficiente, ele conta com porta solida. Ainda conta com a possibilidade de utilizar rodízios, trazendo mais mobilidade e facilidade de movimentação.</p><p>Ele também conta com prateleiras ajustáveis com pintura eletrostática, garantindo maior durabilidade e vida útil ao equipamento. Seu gabinete é construído em uma única lâmina, trazendo maior estrutura e acabamento. Essa lâminas internas são pré pintadas e trazem ainda maior durabilidade. Sua Unidade Condensadora Embraco conta com sistema compacto de unidade, sendo facilmente removível para frente, facilitando a manutenção.</p><p>Especificações Técnicas:</p><p>Marca: Imbera<br>- Modelo: EVZ21<br>- Referência: 1024795<br>- Voltagem: 127V <br>- Tipo: Freezer Vertical<br>- Cor: Preto<br>- Capacidade: 560 Litros<br>- Consumo de Energia: 3,56Kwh/24<br>- Faixa de Temperatura: -16 a -10C<br>- Prateleiras: 1+3<br>- Dimensões do Produto (LxAxP): 68,6 x 198,5 x 81,4 cm<br>- Dimensões Internas (LxAxP): 55,5 x 148 x 67,3 cm<br>- Dimensões da Embalagem (LxAxP): 70 x 199 x 84 cm<br>- Peso Líquido: 95,5kg<br>- Peso Bruto: 100kg<br>- Garantia: 12 meses</p>","{""portas"":""1 Porta"",""tipo"":""Vertical"",""voltagem"":""127 V""}",,,,127 V,Vertical,1 Porta,,,560 Litros,Imbera,Preto,127V,Freezer Vertical,1 Porta,1,Não informado, Imbera ,560L,Preto,110V,Vertical,1,
alcamar2||GLP-80730.06.2,Freezer,Freezer Horizontal Expositor Gelopar Dupla Ação 220 Litros 220V GHDE-220H,"Freezer Horizontal Expositor Gelopar Dupla Ação 220 Litros 220V GHDE-220H <br> O Freezer Horizontal é a solução perfeita para a conservação e exposição de sorvetes e produtos congelados, além de bebidas e produtos resfriados.<br> <br> Com refrigeração estática, equipada com serpentina de cobre, este Freezer um resfriamento eficiente e confiável. Sua faixa de temperatura abrangente permite que você mantenha seus produtos congelados entre -16C e -20C, enquanto os produtos resfriados podem ser mantidos perfeitamente na faixa de 0C a +7C.<br> <br> Possui degelo manual e controle de temperatura através de termostato de dupla ação, você tem total controle sobre o desempenho e a operação<br> <br> As tampas do expositor são feitas de vidros curvos temperados, deslizantes e baixo emissivo, proporcionando uma visibilidade clara dos produtos expostos e uma eficiente proteção térmica.<br> <br> Possui um dreno frontal com tampa, permitindo uma drenagem eficiente sem complicações.<br> <br> Adquira o seu hoje mesmo e experimente a excelência em refrigeração!<br> Informações Técnicas <br> Modelo: GHDE-220H<br> <br> Voltagem: 220V <br> <br> Consumo: 2,99kW/dia<br> <br> Capacidade Bruta: 220 litros<br> <br> Refrigeração: Estática com Serpentina de Cobre<br> <br> Temperatura: Congelados -16 a -20C<br> <br> Temperatura: Resfriados 0 a +7C<br> <br> Degelo: Manual<br> <br> Controle de Temperatura: Termostato dupla ação<br> <br> Revestimento Interno: Aço pré-pintado branco<br> <br> Revestimento Externo: Aço pré-pintado branco<br> <br> Tampas: Vidros temperados, deslizantes, baixo emissivo<br> <br> Gabinete com rodízios<br> <br> Dreno frontal com tampa<br> <br> Colarinho 'E' em PVC<br> <br> Peso: 45 kg<br> Medidas <br> Altura: 92 cm <br> <br> Largura: 82 cm <br> <br> Comprimento: 65 cm <br>","{""marca"":""Gelopar"",""voltagem"":""220 V""}",,Gelopar,,220 V,,,,,Não informado,Gelopar,Não informado,220V,Horizontal,Não informado,Não informado,Manual,Gelopar,220L,Branco,220V,Horizontal,2,
magazineluiza||214476400,Freezer,Freezer Horizontal Fricon,"Freezer horizontal industrial HCEB216 Fricon. Sua refrigeração estática conserva produtos congelados. O gabinete possui formas internas arredondadas, as chapas internas e externas são de aço galvanizado pré-pintado com alta resistência a corrosão. Possui isolamento de poliuretano ecologicamente correto, dreno frontal, e controlador de temperatura na lateral.","{""capacidade_liquida_de_armazenamento"":""216 L"",""marca"":""Fricon""}",216 L,Fricon,,,,,,,Não informado,Fricon,Não informado,Não informado,Horizontal,Não informado,Não informado,Não informado,Fricon ,216L,Branco,220V,Horizontal,1,
evandroshop2||04477-603,Freezer,Freezer Vertical Frost Free Gelopar 445 Litros Uso Comercial 220V,"<p>Você que procura o conservador vertical ideal para ambientes comerciais, apresentamos o Conservador Vertical GCVC-45 PR GElopar, a solução completa para armazenar e expor seus produtos com máxima eficiência e satisfação. Com design moderno, capacidade versátil e tecnologia avançada de refrigeração, esse conservador irá suprir todas as suas demandas comerciais, garantindo a preservação perfeita dos seus itens.<br><br><strong>""ESTE PRODUTO SERVE COMO CONGELADOR, APENAS COM TEMPERATURAS NEGATIVAS""</strong><br><br>Todos os nossos produtos possuem garantia e emissão de N F por nós da EVANDROSHOP EQUIPAMENTOS GASTRONÔMICOS.<br><br><strong>IDEAL PARA:</strong><br>Conservação e Exposição de produtos congelados.<br><br><strong>RECOMENDADO PARA:</strong><br>Estabelecimentos comerciais, tais como supermercados, mercearias, padarias, lanchonetes, restaurantes, bares, cafeterias, lojas de conveniência, entre outros.<br><br><strong>COMPOSIÇÃO:</strong><br>O gabinete é feito de aço pré-pintado, oferecendo resistência e proteção contra corrosão. Interno: BRANCO. Externo: PRETO.<br>As portas são fabricadas em vidro temperado, permitindo a visualização dos produtos e proporcionando maior atratividade visual.<br><br><strong>FUNCIONALIDADES:</strong><br>Prateleiras ajustáveis e removíveis, com porta etiquetas para cada grade.<br>Carga de até 45 kg por cada grade, bem distribuídos.<br>Iluminação em LED.<br>Ar forçado com placa fria.<br>Temperatura: -12C a -20C (P1 / P2 / P3 / P4).<br>Fechamento automático.<br>Degelo Automático pelo Controlador Digital. (frost free)<br>Controlador eletrônico com indicador de temperatura.<br><br><strong>CARACTERÍSTICAS TÉCNICAS:</strong><br>Voltagem: 220v<br>Consumo de Energia: 14,54 kW/dia<br>Potência: 665 W<br>Frequência: 60 hz<br>Volume: 445 Litros<br>Peso: 98 kg<br>Marca: Gelopar<br>Modelo: GCVC-45 PR<br>Garantia: 6 meses<br><br><strong>DIMENSÕES (A=Altura/L=Largura/C=Comprimento):</strong><br>Externo: 194x65x63 Cm<br>Interno: 134x57x45 Cm<br>Grades: 43x54 Cm (4 grades)<br>Espaço Para Regular Grades: 106 Cm<br>Porta preços: 2,5x50,5 Cm<br><br><strong>DUVIDAS FREQUENTES:</strong><br>P: O refrigerador possui iluminação interna?<br>R: Sim, com interruptor.<br><br>P: Como realizar a limpeza e manutenção adequada do refrigerador?<br>R: Este possui um degelo automática, e a água é conduzida a um recipiente.<br><br><strong>INFORMAÇÕES IMPORTANTES:</strong><br>Equipamento certificado conforme Portaria Inmetro no 371/2009.<br><br>Vidros sujeitos a condensação da umidade do ar.<br><br>O local deverá ser arejado e livre da ação dos raios solares.<br><br><br></p>","{""marca"":""Gelopar"",""tipo"":""Vertical"",""voltagem"":""220 V""}",,Gelopar,,220 V,Vertical,,,,445 Litros,Gelopar,Não informado,220V,Vertical,Não informado,Não informado,Frost Free,Gelopar,445L,Preto,220V,Vertical,1,Frost Free
casaeciaoutlet1||100008696,Freezer,Freezer Vertical Brastemp Flex de 228 Litros Frost Free Branco - BVR28MB - 220v,"O Freezer Vertical Brastemp Flex Frost Free, além de não precisar descongelar nunca, pode se transformar em uma geladeira sempre que precisar, isso porque conta com a tecnologia Flex. Possui também o Controle de temperatura externo, que possibilita total controle da temperatura sem precisar abrir o freezer. Especificações Técnicas: Tipo: Freezer Vertical Frost Free Capacidade: 228 litros Painel de Controle Prateleiras Modelo: BVR28MB Cor: Branco Consumo: 55 kwh/mês Voltagem: 220V EAN: 7891129252424 (220V) Dimensões Aproximadas: Dimensões sem Embalagem (AxLxP): 1698x631x695 mm Dimensões com Embalagem (AxLxP): 1715x633x725 mm Peso sem Embalagem: 66 kg Peso com Embalagem: 68 kg Conteúdo de Embalagem: 01 Freezer 01 Manual de instruções Garantia: 90 Dias ( 3 meses)","{""capacidade_liquida_de_armazenamento"":""228 L"",""cor"":""Branco"",""marca"":""Brastemp"",""tipo"":""Vertical"",""tipo_de_degelo"":""Frost Free"",""voltagem"":""220 V""}",228 L,Brastemp,Branco,220 V,Vertical,,,Frost Free,228 Litros,Brastemp,Branco,220V,Freezer Vertical,Não informado,Não informado,Frost Free,Brastemp,228L, Branco,220V,Vertical,1,Frost Free
atauequipamentos||3365,Freezer,Freezer de Sorvete Horizontal NF20 Metalfrio,"Freezer Horizontal para Sorvetes e Congelados 185 Litros NF20 Metalfrio. Ideal para sorveterias, cozinhas industriais, bares, mercados, padarias, lojas de conveniência e similares. Alto desempenho, baixo consumo de energia e design moderno, conserva seu produto na temperatura ideal para consumo. Faixas de Temperatura: Freezer -18°C/-22°C. Puxador Ergonômico. Gabinete em Aço Pré Pintado, com interior em aço pré pintado branco. Gabinete Inteligente. Gás Ecológico. Dreno para degelo localizado na parte de trás do freezer. Rodízios giratórios: Facilitam movimentação. Nova parede de Isolação: Com 75mm, mantém o interior do freezer mais gelado e troca de calor mais eficiente. POTÊNCIA: 150W. FAIXA DE TEMPERATURA: Freezer -18°C/-22°C. QUANTIDADE DE TAMPAS: 2. ARMAZENAMENTO: 90 Potes de Sorvete 500ml e 24 Potes de Sorvete 2l. CAPACIDADE: 185 Litros. PESO: 63,1Kg. DIMENSÕES EXTERNAS(CxAxL): 80x84x66,5cm. Com os Selos de Qualidade ISO 9001 e de Gestão Ambiental ISO 14001. Freezer Horizontal para Sorvetes e Congelados 185 Litros NF20 Metalfrio é na Atau.","{""marca"":""Metalfrio"",""portas"":""2 Portas"",""voltagem"":""220 V""}",,Metalfrio,,220 V,,2 Portas,,,185 Litros,Metalfrio,Não informado,Não informado,Horizontal,Não informado,Não informado,Não informado,Metalfrio,185L,Branco,220V,Horizontal,2,Manual
centermaq||7726,Freezer,Freezer Vertical Tripla Ação Branco 284L Porta de Vidro VCET284V Fricon,"Conservador Vertical Tripla Ação Branco 284L Porta de Vidro VCET284V Fricon<br><br> <br><br><br>Conservação de produtos congelados, resfriados ou gelo<br>Refrigeração est&amp;aacut","{""capacidade_liquida_de_armazenamento"":""284 L"",""marca"":""Fricon"",""tipo"":""Vertical"",""voltagem"":""220 V""}",284 L,Fricon,,220 V,Vertical,,,,284L,Fricon,Branco,Não informado,Vertical,Porta de Vidro,Não informado,Não informado, Fricon,284L , Branco,220V,Vertical,1,Manual
acmuller||13511,Freezer,Freezer Horizontal 468 Litros AFN400 127V - Esmaltec,"DESCRIÇÃO DO PRODUTO:<br><br>- Conservação de produtos congelados;<br>- Dreno frontal com tampa: Dispensa o deslocamento do equipamento para degelo;<br>- Rodízios duplos: Facilitam a movimentação do expositor;<br>- Gabinete interno em aço galvanizado com cantos arredondados;<br>- Tampa de vidro reta, deslizante, antiembaçante e com baixa emissividade;<br>- Moldura Possui proteção contra os raios UV, o que mantém a aparência de expositor novo por muito mais tempo; <br>- Formas curvas e cantos arredondados: Facilita a limpeza e confere ao equipamento traços mais suaves e modernos;<br>- Puxadores ergonômicos: Facilitam a sua abertura e são mais resistentes;<br>- Condensador com ventilação forçada e evaporador Cold Wall;<br>- Faixa de Operação (oC): -22oC a -18oC.<br><br>ESPECIFICAÇÕES:<br><br>- Modelo: AFN400;<br>- Medidas do produto (AxLxC): 933x1366x668 mm;<br>- Peso líquido: 65,66 kg;<br>- Capacidade bruta: 468 L;<br>- Variação de temperatura: -22°C a -18°C;<br>- Tensão: 127V.","{""marca"":""Esmaltec"",""voltagem"":""127 V""}",,Esmaltec,,127 V,,,,,468 Litros,Esmaltec,Não informado,127V,Horizontal,Não informado,Não informado,Não informado,Esmaltec,468L,Branco,110V,Horizontal,1,Manual
acimaqequipamentoscomerciais||43808,Freezer,Freezer Vertical Dupla Acao Vccg600s Porta Cega 600 Litros 220V - Refrimate,"Freezer Vertical Dupla Acao Vccg600s Porta Cega 600 Litros 220V - Refrimate<br><br>temperatura Resfriados: 0 A 7oc<br>temperatura Congelados: -12 A -15oc<br>refrigeração: Estático<br>controle De Temperatura: Termostato Mecânico Dupla Ação<br>portas Com Fechamento Automático<br>gabinete Interno Em Aço Galvanizado, Opcional Pré-pintado Branco<br>capac. Bruta 600Litros<br>largura 718Mm Profundidade 740Mm Altura 2080Mm<br><br>atenção! Imagem Meramente Ilustrativa.**","{""tipo"":""Vertical"",""voltagem"":""220 V""}",,,,220 V,Vertical,,,,600 Litros,Refrimate,Não informado,220V,Vertical,Porta Cega,Não informado,Estático, Refrimate,600L,Branco,220V,Vertical,1,
engageeletro||1023793,Freezer,Freezer Vertical 560L Imbera Porta Cega Preto EVZ21 220v,"Plataforma adotada pelo varejo brasileiro como equipamento ideal para conservação de produtos congelados ou resfriados. Atende a maioria dos pontos de vendas e possui o menor custo beneficio da categoria.<br><br><br>- CONTROLADOR<br><br>Termostato Eletrônico Tripla Ação. Ele fornece máxima economia de energia, minimizando as necessidades de cuidados e controle. Possui ajuste de temperatura para qualquer ocasião de produtos, desde congelador ou resfriados.<br><br>- CONDENSADOR DE BAIXA MANUTENÇÃO<br><br>Ele evita que o pó bloqueie o fluxo de ar, gerando economia de energia e aumento da vida últil do compressor.<br><br>- PORTA CEGA<br><br>Desenhada para reduzir a transferência de calor, sendo o equipamento mais eficiente.<br><br>- ESPUMA ISOLANTE DE CICLOPENTANO<br><br>É ecológico já que não contém CFC e HFC, é um isolante altamente eficiente.<br><br>- GRADE FRONTAL PLÁSTICA<br><br>Mais durável, resistente e livre de oxidação Pode ser reciclável ao final da sua vida útil.<br><br>- COMPRESSOR NACIONAL EMBRACO<br><br>Unidade Condensadora Embraco, Sistema possui sistema compacto de unidade, sendo facilmente removível para frente, afim de facilitar a manutenção.<br><br>- DESIGN ARROJADO<br><br>Construção do Gabinete em uma única lamina, dando maior estrutura e acabamento. Laminas internas pré pintadas, garantindo maior vida útil do seu equipamento.<br><br>- SISTEMA DE RODÍZIO<br><br>Equipamento equipado com rodízios, proporcionando maior facilidade na movimentação.<br><br>- PRATELEIRAS AJUSTÁVEIS<br><br>Equipamento com prateleiras ajustáveis com pintura eletrostática, garantindo maior durabilidade.<br><br><br>ESPECIFICAÇÕES TÉCNICAS<br><br>Marca: Imbera<br>Modelo: EVZ21 PORTA CEGA<br>Cor: Preto<br>Voltagem: 220v<br>Fonte de alimentação: 60 Hz<br>Amperagem: 3,8<br>Faixa de Temperatura (°C): -22°C a 8°C<br>Consumo de Energia (kwh/24h): 3.56<br>Frequência (Hz): 60<br>CAPACIDADE: 560 Litros<br><br><br>Dimensões exterior (mm)<br><br>Altura: 1990<br>Largura: 700<br>Profundidade: 845<br>Peso: 105kg<br><br>Dimensões interior (mm)<br><br>Altura: 1480<br>Largura: 555<br>Profundidade: 673<br><br><br>Garantia 12 Meses","{""tipo"":""Vertical"",""voltagem"":""220 V""}",,,,220 V,Vertical,,,,560 Litros,Imbera,Preto,220v,Vertical,Porta Cega,1,Não informado, Imbera ,560L,Preto,220V,Vertical,1,
shoploko2||40203,Freezer,Freezer Horizontal Britânia 99 Litros BFH109B - 127V,"<p>Freezer Horizontal Britânia 99 Litros BFH109B - 127V</p> <p>O armazenamento ideal para o dia a dia e eventos com a família e amigos! O Freezer e Refrigerador Horizontal Britânia BFH109B garante o melhor armazenamentos de seus alimentos e bebidas.<br> <br>Características:<br>EAN: 7891356093289<br>Marca: Britânia<br>Modelo: BFH109B<br>Cor: Branco<br>Voltagem: 127V<br>Capacidade: 99 Litros<br>Gás Refrigerante: R600a<br>Controle de temperatura ajustável no painel frontal<br>2 Rodas para deslocamento, facilitando a movimentação do produto<br>Dreno frontal, facilitando o degelo e limpeza do produto<br> Dimensões da Embalagem:<br>Altura: 89cm<br>Largura: 58cm<br>Profundidade: 55cm<br>Peso: 28,000Kg<br>Garantia: 12 Meses</p>","{""capacidade_liquida_de_armazenamento"":""99 L"",""marca"":""Britânia"",""voltagem"":""127 V""}",99 L,Britânia,,127 V,,,,,99 Litros,Britânia,Branco,127V,Horizontal,Não informado,Não informado,Não informado, Britânia,99L,Branco,110V,Horizontal,1,
lojasedmil||74113,Freezer,Freezer e Refrigerador Metalfrio DA302 Horizontal Com 293 Litros e 1 Porta Branco,"Prático, com alto desempenho e durabilidade, o freezer horizontal DA302 da Metalfrio conta com duas funções, para que você possa escolher entre os modos freezer ou refrigerador de forma simples e rápida. Com 293 litros, esse freezer possui desempenho profissional em seu congelamento, tornando a opção ideal para as rotinas agitadas de restaurantes e cozinhas industriais. Esse freezer horizontal 1 porta oferece uma excelente eficiência com um menor consumo de energia. Para maior praticidade no seu dia a dia, esse freezer metalfrio possui puxador ergonômico, refrigeração estática, tampa balanceada que facilita a sua abertura, gaxeta removível e dreno frontal, permitindo um descongelamento simples e rápido. Seu gabinete é composto por aço pré pintado, material que garante mais resistência e durabilidade para o produto.","{""voltagem"":""127 V""}",,,,127 V,,,,,293 Litros,Metalfrio,Branco,Não informado,Horizontal,1 Porta,1,Manual,Metalfrio,293L, Branco,110V,Horizontal,1,Manual
cookeletroraro||2007852,Freezer,Freezer Horizontal Consul 309 Litros Branco 110V CHA31FBANA,"<strong>Freezer Horizontal Consul 309 Litros Branco 110V CHA31FBANA </strong> O Freezer Horizontal CHA31 com 309 litros possui controle eletrônico, para você programar a temperatura facilmente e escolher entre os modos freezer ou refrigerador. É prático e econômico, pois possui classificação energética A. <strong>Controle Eletrônico</strong> Programe a temperatura desejada em apenas um toque e escolha entre os modos freezer ou refrigerador, de acordo com a sua necessidade. <strong>Prático</strong> Prático de limpar com o dreno frontal; basta colocar uma vasilha embaixo do dreno para recolher o gelo derretido. Também possui 4 rodinhas nos pés, que facilitam a movimentação do produto. <strong>Econômico</strong> Classificação A nos testes de consumo de energia do Inmetro. <strong>Resistente</strong> Interior feito com liga metálica de alta resistência à corrosão.","{""cor"":""Branco"",""marca"":""Consul"",""voltagem"":""127 V""}",,Consul,Branco,127 V,,,,,309 Litros,Consul,Branco,110V,Horizontal,Não informado,Não informado,Não informado, Consul ,309L, Branco,110V,Horizontal,1,Manual
lojasminatel||FAUSTO314721,Freezer,Freezer Vertical 1 Porta 121L 110v - Consul,"<p><span>Informações do Produto<br><br>Freezer Vertical 1 Porta 121L 110v - Consul<br><br>Quantas vezes não foi preciso improvisar na cozinha algum prato simples porque não tínhamos tempo para preparo e muito menos opções congeladas? Um freezer eliminaria esse problema em questão de minutos, mas não basta ser qualquer um. Precisa ser um freezer vertical com tamanho reduzido e amplo espaço interno, com congeladores acoplados. Esse aparelho existe e é da Consul, claro! O Slim 180 congela com muito mais eficácia do que os congeladores das geladeiras, sem ocupar um enorme espaço na sua cozinha e com capacidade interna de armazenamento muito maior do que os convencionais.<br><br>O Slim 180 tem uma capacidade de armazenamento enorme, com 121 litros separados em compartimentos. Maior do que os aparelhos duplex, por fora ele é compacto e por dentro tem uma imensidão de espaço!<br><br>O Selo Procel de qualidade entregou ao freezer Slim 180 da Consul nota A no quesito de baixo consumo de energia elétrica. E por não possuir gás CFC a Camada de Ozônio não será prejudicada. Dessa maneira, seu bolso, o meio ambiente e a sua saúde serão preservados.<br><br>Dividido em quatro cestos deslizantes, com travas, compartimento extra frio e gaveta plástica, os alimentos resguardados no interior desse freezer estarão, além de melhores preservados, muito mais bem organizados.<br><br>Um freezer do tamanho ideal, que vai atender todas as suas necessidades!<br><br>Conta com compartimentos ideias para vários tipos de alimentos, aliando a melhor utilização do espaço e conservação dos alimentos e possui cestos deslizantes com trava de segurança.<br><br>Também vem com um compartimento especial, o Gelo e Picolé, com ele você conseguirá manter o sabor original do produto, pois evita que entre em contato com outros alimentos, e o picolé sai na consistência perfeita para consumo.<br><br>Esse freezer da Consul traz toda conveniência, organização e espaço que você precisa!<br><br>Imagens Meramente Ilustrativas! Objetos que decoram a foto não acompanham o Produto!</span></p>","{""capacidade_liquida_de_armazenamento"":""121 L"",""marca"":""Consul"",""quantidade_de_portas"":""1 Porta"",""tipo"":""Vertical"",""voltagem"":""127 V""}",121 L,Consul,,127 V,Vertical,,1 Porta,,121L,Consul,Não informado,110v,Vertical,1 Porta,1,Não informado, Consul ,121L,Branco,110V,Vertical,1,
magazineluiza||235207700,Freezer,Freezer Vertical Consul 1Porta 231L CVU26FBANA,"Praticidade e qualidade é o que precisamos no dia a dia, o Freezer Vertical CVU26FBBNA da Consul preserva seus alimentos, bebidas e embalagens preferidas de modo econômico. É um freezer com espaço interno para até 231 litros de capacidade líquida de armazenamento. O modelo CVU26FB possui degelo manual, uma porta convencional e baixo consumo de energia. Ele é perfeito para uma melhor organização interna, pois ele conta com uma gaveta multiuso e cestos aramados que vão proporcionar mais facilidade na hora da organização. Além disso, seu controle de temperatura fica na parte externa.","{""capacidade_liquida_de_armazenamento"":""231 L"",""cor"":""Branco"",""marca"":""Consul"",""tipo"":""Vertical""}",231 L,Consul,Branco,,Vertical,,,,231L,Consul,Não informado,Não informado,Vertical,1Porta,1,manual, Consul ,231L,Branco,220V,Vertical,1,Manual
importline||16036004814,Freezer,Freezer 199l Philco Horizontal Pfh205b 01 Tampa - 56751005,".Cor: BRANCO - Voltagem: 110 VOLTSFreezer Horizontal Philco 199L PFH205B é 2 em 1, freezer e refrigerador. Perfeito para quem busca um local extra para guardar os congelados. Compacto, tem um super espaço interno, ideal para pequenos ambientes e cesto aramado. Ele pode ser utilizado como congelador ou refrigerador, se adapta a sua necessidade. Mais econômico, classificação ?A? pela procel e livre de CFC, Ecofrendly, não agride a Camada de Ozônio. Praticidade e versatilidade pra você! EspecificaçõesSistema Dupla Função: Pode operar na função freezer e refrigerador;Maior Capacidade e melhor aproveitamento de espaço;Controle de temperatura ajustável no painel frontal;Travamento com chave;Sistema de refrigeração por compressor;Classificação energética A; Gás refrigerante R600a;Rodízios para deslocamento, facilitando a movimentação do produto;Origem: ImportadoDimensões do produtoAltura: 85 cmLargura: 81 cmProfundidade: 60,5 cmPeso: 36 kg","{""cor"":""Branco"",""marca"":""Philco"",""voltagem"":""127 V""}",,Philco,Branco,127 V,,,,,199L,Philco,BRANCO,110 VOLTS,Horizontal,1 Tampa,1,Não informado,Philco,199L, Branco,110V,Horizontal,1,
atauequipamentos||3769,Freezer,Freezer Horizontal GHBS310BR Gelopar,"Freezer Conservador horizontal 1 Tampa 306 Litros GHBS310BR Gelopar. Conservação e Exposição de produtos congelados. Refrigeração: Estática com Serpentina de Cobre. Temperatura: -16 a -20C. Degelo: Manual. Controle de Temperatura: Termostato. Revestimento Interno: Aço pré-pintado branco. Revestimento Externo: Aço pré-pintado branco. Tampas: Cegas, basculantes com puxadores. Gabinete com rodízios. Skin condenser: Excelente dissipador de calor com baixíssimo nível de ruído e significativa redução no consumo de energia. Dreno frontal com tampa. TEMPERATURA: -16°C a -20°C. CAPACIDADE: 306 L. CONSUMO: 1,2 kWh/dia. PESO: 58Kg. DIMENSÕES EXTERNAS (CxAxL): 105,1x93,6x72cm. Equipamento certificado conforme Portaria Inmetro no 371/2009. Freezer Conservador horizontal 1 Tampa 306 Litros GHBS310BR Gelopar é na Atau.","{""capacidade_liquida_de_armazenamento"":""306 L"",""marca"":""Gelopar"",""portas"":""1 Porta"",""voltagem"":""127 V""}",306 L,Gelopar,,127 V,,1 Porta,,,306 Litros,Gelopar,Não informado,Não informado,Horizontal,1 Tampa,1,Manual,Gelopar,306L,Branco,110V,Horizontal,1,Manual
lojascertel||302203452115,Freezer,Freezer Vertical Consul CVU26 Branco,"<p>O Freezer Vertical Consul CVU26 possui capacidade para 231L e cabe perfeitamente na sua cozinha, com lugar certo e compartimento de sobra para tudo o que você quiser conservar por mais tempo. Sua grande capacidade de armazenamento, vai lhe ajudar na hora de conservas os alimentos de toda sua família.</p><p>Sua estrutura dispõem de gavetões multiuso que são feitos de material transparente em acrílico, com isso você terá uma maior visualização dos alimentos, ainda contém um controle de temperatura externo, assim poderá economizar energia sem precisar abrir a porta. Sua porta pode ser reversível, se adaptando as suas necessidade de espaço.</p><p>Esse modelo da Consul conta com gavetas deslizantes com travas de segurança, isso ajuda na remoção dos alimentos e no congelamento mais rápido dos mesmos. Aproveite, compre já o seu!</p>","{""capacidade_liquida_de_armazenamento"":""231 L"",""cor"":""Branco"",""marca"":""Consul"",""tipo"":""Vertical"",""voltagem"":""220 V""}",231 L,Consul,Branco,220 V,Vertical,,,,231L,Consul,Branco,Não informado,Vertical,Não informado,Não informado,Não informado,Consul,231L,Branco,220V,Vertical,1 Porta,Manual
homepoint||SA7514,Freezer,Freezer Vertical Brastemp Frost Free 197 Litros Branco,"PRINCIPAIS CARACTERÍSTICAS:<br>O freezer Brastemp Clean é descomplicado, bonito e do tamanho ideal. Frost Free, facilidade de não precisar descongelar nunca. Painel eletrônico externo, fica mais fácil você ajustar e controlar a temperatura. Compartimento de congelamento rápido, congela mais rapidamente, preservando melhor as características naturais dos alimentos. Exclusivo sistema easy-to-open, mais facilidade para abrir e reabrir a porta, sem alterar sua vedação ou desempenho. Gavetas removíveis em acrílico transparente, mais resistentes, mais bonitas e com trava de segurança. Economia de energia, a classificação energética A garante o baixo consumo de energia. Tudo o que um freezer precisa ter com um toque indispensável: estilo. <br><br>ESPECIFICAÇÕES DO PRODUTO:<br>• Capacidade: 197 Litros<br>• Número de portas: 1<br>• Consumo: 53 Kw/h<br>• Potência: 115W<br>• Cor: Branco<br>• Grades removíveis: Sim<br>• Congelamento rápido: Sim<br>• Dreno de degelo: Não<br>• Porta reversível: Não<br>• Função refrigerador: Não<br>• Painel eletrônico: Sim<br>• Gavetas: Sim<br>• Controle de temperatura: Sim<br>• Rodízios: Sim<br>• Peso aprox.: 58 Kg <br>• Dimensões [LxAxP]: 63,1 x 153,7 x 69,5 cm<br><br>• Garantia de Fábrica: 12 Meses<br><br>IMAGENS MERAMENTE ILUSTRATIVAS<br>","{""capacidade_liquida_de_armazenamento"":""197 L"",""cor"":""Branco"",""marca"":""Brastemp"",""tipo"":""Vertical"",""tipo_de_degelo"":""Frost Free""}",197 L,Brastemp,Branco,,Vertical,,,Frost Free,197 Litros,Brastemp,Branco,Não informado,Vertical,Não informado,1,Frost Free,Brastemp,197L,Branco,,Vertical,2 Portas,Frost Free
lojasguaibim1||169035,Freezer,Freezer Vertical Electrolux 1 Porta FE22 Dreno Degelo 173L,"<p>Conservar os alimentos ficou muito mais fácil com o<strong> Freezer Vertical Electrolux FE22</strong>. Conta com capacidade líquida de 173 litros para você armazenar adequadamente alimentos e bebidas. Tem compartimento com tampa basculante ideal para o armazenamento de grandes recipientes e seus cestos são removíveis facilitando na hora da limpeza e organização dos produtos. Para descongelar é muito fácil, basta apertar o botão liga/desliga e, através do dreno, a água escoa facilmente, tornando a higienização do freezer mais completa. </p><p><br></p><p>E mais! Não contém CFC, ou seja, não agride a camada de Ozônio e seu tamanho compacto se encaixa com comodidade ao projeto da sua cozinha. Tecnologia no congelamento dos seus alimentos O Sistema Congelamento Rápido resfria e congela rapidamente o que você desejar. Ideal para quando você chega a sua casa com uma porção de bebidas quentes, enquanto aguarda seus convidados. </p><p><br></p><p>Dreno de degelo frontal O dreno de degelo frontal permite maior praticidade no descongelamento, pois a água do degelo escoa pelo dreno, facilitando o seu recolhimento. Não contém CFC Os produtos da Electrolux são desenvolvidos para se adequarem a um mundo ecologicamente mais equilibrado. Puxador externo super resistente Design inovador que facilita a abertura da porta. Maior durabilidade e resistência para o seu produto. Tecla liga/desliga Basta tocar suavemente a tecla para iniciar o descongelamento, sem necessidade o seu freezer da tomada. </p><p><br></p><p><strong>CARACTERÍSTICAS</strong></p><p>Modelo: FE22</p><p>Capacidade (lts): 173 Litros </p><p>Número de portas: 1 porta </p><p>Consumo (Kw/h): 43,3kWh/mês </p><p>Dreno de degelo</p><p>Gavetas </p><p>Frequência (Hz) 60 </p><p>Capacidade Total Líquida (L) 173</p><p>Capacidade Total Bruta (L) 215 </p><p>Gavetas 4 Tipo Vertical </p><p>*Classificação Energética: B </p><p><br></p><p><strong>Atenção:</strong> </p><p><br></p><p>1. Verifique a voltagem correta para o seu equipamento. Grande parte dos eletrodomésticos no Brasil estão disponíveis em duas voltagens: 110V ou 220V. Certifique-se qual a voltagem de sua residência e selecione o produto conforme essa especificação.</p><p><br></p><p>2. Devido às normas da ABNT e às resoluções no 13 de 2006, no 2 de 2007 e no 8 de 2009 do CONMETRO, os fabricantes estão mudando as tomadas para o novo padrão. Para utilizar este produto, será preciso adaptador ou a troca da tomada antiga. Não nos responsabilizamos por esta alteração.</p>","{""capacidade_liquida_de_armazenamento"":""173 L"",""marca"":""Electrolux"",""quantidade_de_portas"":""1 Porta"",""tipo"":""Vertical"",""voltagem"":""220 V""}",173 L,Electrolux,,220 V,Vertical,,1 Porta,,173L,Electrolux,Não informado,Não informado,Vertical,1 porta,1,Dreno,Electrolux,173L,Branco,220V,Vertical,1 Porta,Cycle Defrost
magazineluiza||010189500,Freezer,Freezer Horizontal Electrolux 1 Porta 314L,"Você pode até achar que freezer é um tipo de eletrodoméstico útil apenas para quem tem comércio, mas não é bem assim. Ter um freezer em casa pode proporcionar uma série de benefícios para quem tem família grande ou, por qualquer motivo, precisa de bastante espaço para armazenar alimentos congelados. No freezer horizontal, você pode guardar grandes volumes que, muitas vezes, não cabem no congelador. E sabendo de como ele pode facilitar a sua vida a Electrolux, conta com o modelo H330. Ele é horizontal e possui degelo manual. Conta com uma porta e tem capacidade líquida total de 314 litros.","{""capacidade_liquida_de_armazenamento"":""314 L"",""cor"":""Branco"",""marca"":""Electrolux"",""quantidade_de_portas"":""1 Porta"",""tipo_de_degelo"":""Degelo Manual"",""voltagem"":""220 V""}",314 L,Electrolux,Branco,220 V,,,1 Porta,Degelo Manual,314L,Electrolux,Não informado,Não informado,Horizontal,1 Porta,1,manual,Electrolux,314L,Branco,,Horizontal,1 Porta,Cycle Defrost
evandroshop2||02944,Freezer,Freezer Horizontal 410 Litros Produtos Congelados Gelopar,"<p>O freezer GHBS-410 da GELOPAR é a solução ideal para você conservar alimentos congelados. <br><br>Possui revestimento externo e interno em aço galvanizado pré pintado branco. <br><br>Conta com 2 portas cegas basculantes com puxadores e fechadura com chave.<br><br>O sistema de refrigeração é estática com serpentina, dispondo de controlador de temperatura digital que pode atingir -16oC a -20oC e degelo manual.<br><br>Os pés desse freezer são tipo rodízio, que facilitam a alocação e fixação.<br><br>Adquira um equipamento de alta performance, garantindo a conservação e qualidade dos seus produtos, além de obter uma alta economia de energia. <br><br><br><strong>CARACTERÍSTICAS TÉCNICAS:</strong> <br>Estrutura: revestimento externo e interno em aço pré pintado branco<br>Tensão: 220 V <br>Potência: 135 W <br>Corrente: 1,10 A <br>Frequência: 60 Hz <br>Consumo: 2,8 Wh/dia<br>Consumo: 84 kW/mês <br>Capacidade: 410 Litros <br>Temperatura: -16oC a -20oC (termostato) <br>Gás Refrigerante: R-134 a<br>Gás Isolamento: Ciclopentano<br>Isolamento térmico: Espuma poliuretano<br>Dreno: Frontal <br>Quantidade de portas: 02 (cegas 56x52 cm)<br>Altura Interna (lado esquerdo): 73 cm<br>Altura interna (lado direito): 47 cm<br>Altura com as portas abertas: 158 cm <br>Dimensões Externas (AxLxP): 94x132x66 cm <br>Peso: 66 Kg <br>Marca: GELOPAR<br>Modelo: GHBS-410<br>Garantia: 12 meses <br><br><br><br><strong>INFORMAÇÕES IMPORTANTES:</strong> <br><br>Não sobrecarregue o equipamento, respeitando o limite máximo de carga, evitando assim prejuízos à refrigeração.<br><br>Para melhor desempenho do freezer, faça sempre o degelo (manual) que a camada de gelo atingir cerca de 1 cm de espessura ou mais.<br><br><br></p>","{""capacidade_liquida_de_armazenamento"":""410 L"",""marca"":""Gelopar"",""voltagem"":""220 V""}",410 L,Gelopar,,220 V,,,,,410 Litros,GELOPAR,branco,220 V,Horizontal,cegas basculantes,2,manual,Gelopar,410L,Branco,220V,Horizontal,2 Portas,Manual
lojasmm||11641,Freezer,Freezer Brastemp Frost Free Vertical 228 Litros Bvr28,"Você adquire um freezer e, quando precisa, tem duas geladeiras em casa. Basta acionar um botão e pronto! Para não deixar que apenas esta novidade tome todas as atenções, vale ressaltar as diferentes gavetas transparentes e as prateleiras em vidro. Elas certamente farão muito sucesso, em ambas funções. Possui também porta-garrafas e porta-latas, que aproveitam melhor o espaço. A abertura e reabertura da porta ficam mais fácil com o sistema Easy-to-open, que não compromete a performance e vedação.<br> <br> Características:<br> Modelo: BVR28<br> Capacidade: 228 Litros<br> Consumo (kWh): 55,5<br> Tipo de Degelo: Frost Free<br> Função refrigeração: Sim<br> Dispenser de gelo: Não<br> Compartimentos: 5 prateleiras e 3 gavetas<br> Luz interna: Não<br> Porta reversível: Sim<br> Travamento portas com chave: Não<br> Pés com rodízio: Sim<br> Tipo: Vertical<br> <br> Dimensões do produto:<br> Altura: 170 cm<br> Largura: 63 cm<br> Profundidade: 70 cm<br> Peso: 66 kg<br> <br> Garantia do fornecedor: 12 meses","{""capacidade_liquida_de_armazenamento"":""228 L"",""cor"":""Branco"",""marca"":""Brastemp"",""tipo"":""Vertical"",""tipo_de_degelo"":""Frost Free""}",228 L,Brastemp,Branco,,Vertical,,,Frost Free,228 Litros,Brastemp,Não informado,Não informado,Vertical,Não informado,Não informado,Frost Free,Brastemp,228L,Branco,220V,Vertical,1 Porta,Frost Free
magazineluiza||216447900,Freezer,Freezer Horizontal 410L 2 Portas Freeart Seral,"O freezer horizontal 410 litros da Freeart Seral é indicado para resfriados e congelados. O acabamento interno é com cantos arredondados que facilitam a limpeza, tem divisória aramada para organizar melhor seu interior. O tampo é com puxador lateral, rodízio de alta resistência, é um ótimo produto para branding.","{""capacidade_liquida_de_armazenamento"":""410 L"",""marca"":""Freeart Seral"",""portas"":""2 Portas"",""voltagem"":""220 V""}",410 L,Freeart Seral,,220 V,,2 Portas,,,410L,Freeart Seral,Não informado,Não informado,Horizontal,2 Portas,2,Não informado,Freeart Seral,410L,Preto,220V,Horizontal,2 Portas,Manual
lojasbenoit||107914,Freezer,Freezer Horizontal Midea MDRC207SLA012 145L,"<br>Capacidade (L):145<br>Tipo:Horizontal<br>Dupla ação (freezer e refrigerador):Sim<br>Tipo de degelo:Degelo Manual<br>Dreno de degelo:Sim<br>Porta:1<br>Cesto removível:Sim<br>Luz interna:Não<br>Painel eletrônico:Não<br>Dispenser de gelo:Não<br>Rodízio:Sim<br>Voltagem:110V ou 220V (não é bivolt)<br>Cor:Branco<br>Temperatura:Gradual<br>Temperatura Mínima:-24 C<br>Temperatura Máxima:modo freezer: -24C / modo conservar: -18C / modo refrigerador: 10C<br>Potência elétrica (W):130<br>Consumo (kWh):21<br>Peso (kg):25.4<br>Referência:MDRC207SLA012<br>Dimensões (AxLxP):85x62,8x56,2cm Altura com a tampa aberta 135cm<br>Registro INMETRO:003109/2016<br>Itens Inclusos:1 Freezer Horizontal Midea MDRC207SLA012 145L 1 Espátula de gelo Manual do produto<br>Tomada (A):10A<br>Informações importantes:Imagens meramente ilustrativas.Objetos que ambientam as fotos não acompanham o produto.As tonalidades das cores dos produtos podem sofrer alterações de acordo com a calibração do seu monitor.Este produto não inclui montagem e instalação.Não nos responsabilizamos,no ato da entrega,por desmontagens,subir escadas,elevadores ou transporte por guincho para apartamentos.Eventuais despesas são de responsabilidade do cliente.<br>Garantia Fabricante:12 meses","{""cor"":""Branco"",""marca"":""Midea"",""voltagem"":""220 V""}",,Midea,Branco,220 V,,,,,145L,Midea,Branco,110V ou 220V não é bivolt,Horizontal,1,1,Degelo Manual,Midea,145L,Branco,220V,Horizontal,1 Porta,Manual
centrato||70,Freezer,Freezer vertical 569 litros dupla ação vced 569 porta cega 127v - fricon,"O Freezer Refrigerador Vertical VCED-569 FRICON é indicado para conservação de produtos congelados. É perfeito para ambientes de cozinhas com pouco espaço. VCED-569 é muito versátil, visto que pode ser utilizado tanto em seu comércio, como também se ajusta perfeitamente em sua residência ou áreas de lazer. A praticidade é outro ponto forte deste equipamento, pois é um produto dupla ação, ou seja, pode funcionar como Freezer/Conservador (Temperatura -18 à -10 °C) ou Refrigerador (Temperatura 2 à +8 °C), basta ajustar o termostato da maneira de como deseja utilizá-lo.<br><br>CARACTERÍSTICAS:<br>Possui ampla estrutura desenvolvida com materiais resistentes.<br>Porta em chapa de aço galvanizado.<br>Possui porta cega com fechamento automático.<br>Pés e prateleiras reguláveis, assim você poderá acomodar seus produtos da maneira que preferir. Este produto possui degelo manual. <br>Gás Refrigerante R-134a.<br>Evaporador """"Cold Wall"""".<br>Chapas de aço internas e externas, galvanizadas, pré-pintadas.<br>Isolamento de poliuretano expandido a pentano.<br>Base compressora removível para frente.<br>Condensador helicoidal.<br>Sistema de deslizadores unidirecionais e niveladores.<br>Prateleiras removíveis.<br><br>ESPECIFICAÇÕES:<br>Marca: FRICON<br>Modelo: VCED 569C<br>Voltagem: 127V<br>Capacidade total: 569 litros<br>Tipo de porta: 1 Porta Cega<br>Consumo: 3,8kW/24h<br>Variação de Temperatura: -16 à -10 °C (Freezer/Conservador) 0 à +8 °C (Resfriador)<br>Truck de 7,5m: 24 unidades. /Truck de 10,0m: 33 unidades.<br>Medidas do produto AxLxP: 198x67x82 cm<br>Peso líquido: 91 kg<br>Garantia: 12 meses<br>","{""marca"":""Fricon""}",,Fricon,,,,,,,569 litros,FRICON,Não informado,127V,Vertical,Porta Cega,1,Manual,Fricon,569L,Branco,110V,Vertical,1 Porta,Manual
moveislinhares||60691,Freezer,Freezer Vertical Consul CVU20 142 Litros - Branco,"Freezer Vertical Consul CVU20 142 Litros - Branco<br><br>O Freezer traz toda conveniência, organização e espaço que você precisa. Há compartimentos ideias para vários tipos de alimentos aliando a melhor utilização do espaço e conservação dos alimentos. Possui o Compartimento para Gelo e Picolé: não contamina os cubos de gelo com o sabor de outros alimentos e tem uma temperatura ideal para conservar o picolé na consistência perfeita para consumo. E para garantir maior segurança, possui cestos deslizantes com trava de segurança.<br><br>Informações do produto:<br>- Marca: Consul<br>- Modelo: CVU20<br>- Tipo: Vertical<br>- Voltagem: 127V ou 220V (não é bivolt)<br>- Cor: Branco<br>- Capacidade Total Líquida: 142 litros<br>- Número de portas: 1 Porta<br><br>- Consumo de energia: Classe A<br>- Consumo de energia mensal - 110V: 36,5 kWh/mês<br>- Consumo de energia mensal - 220V: 36,5 kWh/mês<br><br>- Grades removíveis: Sim<br>- Congelamento rápido: Não<br>- Dreno de degelo: Não<br>- Porta reversível: Não<br>- Função refrigerador: Não<br>- Painel eletrônico: Não<br>- Gavetas: Sim<br>- Controle de temperatura: Sim<br>- Rodízios: Não<br><br>- Garantia do Fornecedor: 12 meses<br><br>Dimensões do produto:<br>- Altura: 148,8cm<br>- Largura: 48,9cm<br>- Profundidade: 62cm<br><br>- Peso aproximado do produto: 43 Kg","{""capacidade_liquida_de_armazenamento"":""142 L"",""cor"":""Branco"",""marca"":""Consul"",""tipo"":""Vertical"",""voltagem"":""220 V""}",142 L,Consul,Branco,220 V,Vertical,,,,142 Litros,Consul,Branco,127V ou 220V,Vertical,1 Porta,1,Não informado,Consul,142L,Branco,220V,Vertical,1 Porta,Manual
utilidadesdomesticasudltda||1143,Freezer,Freezer FE-19 162 Litros BR Electrolux,"<p>O Freezer Vertical Electrolux Cycle Defrost Uma Porta FE19 é um refrigerador de Grande Capacidade, com espaço interno para até 162L, que preserva seus alimentos, bebidas e embalagens preferidas de modo econômico com o baixo consumo energético da Classificação A, menor da categoria.</p><p><br></p><p> Espaçoso e econômico, possui ainda Gás Ecológico R600 que não prejudica a natureza, unindo funcionalidade e sustentabilidade. Perfeito para melhor organização interna, além de contar com Prateleiras de tampas basculantes que deslizam ao abrir para facilitar o acesso. E ainda com três grandes gavetas que ajudam a separar e visualizar alimentos e bebidas do seu freezer.</p><p><br></p><p> Para maior praticidade de limpeza, o dreno facilita o descongelamento ao escoar a água de degelo, apoiando no recolhimento quando necessário. Os Pés de Nivelamento garantem maior comodidade durante o seu uso ao se adaptar em piso de diferentes níveis.</p><p><br></p><p> Dimensões:</p><p> Altura: 131 cm</p><p> Largura: 55 cm</p><p> Profundidade: 65 cm</p><p> Peso: 41 cm</p><p><br></p><p> Garantia do Fornecedor: 12 meses</p>","{""cor"":""Branco"",""marca"":""Electrolux""}",,Electrolux,Branco,,,,,,162 Litros,Electrolux,Não informado,Não informado,Vertical,Uma Porta,1,Cycle Defrost,Electrolux,162L,Branco,110V,Vertical,1 Porta,Manual
carmelimports2||DA420B2352,Freezer,Freezer Congelador Horizontal Metalfrio Refrigerador Com 2 Tampas 419 Litros DA420 Branco,"<p>Freezer Refrigerador Horizontal 2 Tampas DA420 Branco 419 Litros - Metalfrio<br><br>Indicado para armazenamento de alimentos que necessitam de conservação em baixa temperatura. Alta capacidade de congelamento e robustez, em duas funções: freezer ou refrigerador! Desempenho essencial para restaurantes e cozinhas industriais.<br><br>Robustez e durabilidade:<br>Possui tampas com dobradiças reforçadas. O gabinete com interior em aço pré-pintado facilita a limpeza e é mais protegido contra corrosão.<br><br>Características<br>- Alta capacidade<br>- Dreno frontal<br>- Gabinete em aço pré pintado<br>- Gaxeta removível<br>- Melhor desempenho<br>- Puxador ergonômico<br>- Rodízios giratórios<br>- Tampa Balanceada<br>- Separador removível<br><br>Informações técnicas<br>Marca: Metalfrio<br>Modelo: Da420<br>Tensão: 110V ou 220V (não é Bivolt)<br>Peso: 69 Kg<br>Frequência: 60 Hz<br>Potência: 205W<br>Consumo: 95 Kwh/mês<br>Quantidade de tampas: 2<br>Capacidade líquida e bruta: 419L<br>Capacidade de potes de Sorvete 500ml: 300<br>Capacidade de potes de Sorvete 2l: 84<br><br>Faixa de operação<br>Freezer: -18C / -22C<br>Refrigerador: +2C / +8C<br><br>Tecnologia<br>Tipo de evaporador: Cold Wall<br>Tipo de Gás Refrigerante: R134<br>Tipo de Condensador: Forçada<br><br>Medidas externas do produto<br>Largura (frente): 1,333 m<br>Altura: 94,5 cm<br>Comprimento (lateral): 72,8 cm<br><br>Medidas internas do produto<br>Largura (frente): 1,223 m<br>Altura: 73,2 cm<br>Comprimento (lateral): 51,5 cm<br><br>*Importante: Equipamentos da linha DA são voltados para alimentos, a utilização para cervejas não é indicado.</p>","{""capacidade_liquida_de_armazenamento"":""419 L"",""marca"":""Metalfrio"",""voltagem"":""127 V""}",419 L,Metalfrio,,127 V,,,,,419 Litros,Metalfrio,Branco,110V ou 220V,Horizontal,2 Tampas,2,Não informado,Metalfrio,419L,Branco,110V,Horizontal,2 Portas,Manual
frigelar2||kit8852,Freezer,Freezer Vertical Electrolux Cycle Defrost 162 Litros Branco FE19 110V,"<p>Freezer Vertical Electrolux Cycle Defrost 162 Litros Branco FE19 110V.</p><p>Apresentamos o Freezer Vertical Electrolux Cycle Defrost 162 Litros FE19, a escolha perfeita para quem busca praticidade e eficiência no armazenamento de alimentos. Com recursos avançados e um design moderno, este freezer oferece uma grande capacidade de 162 litros, espaço suficiente para conservar seus produtos de forma organizada. Além disso, o FE19 conta com gás ecológico (R600) e classificação energética A, proporcionando um desempenho eficiente e sustentável.</p><p>O Freezer Vertical Electrolux Cycle Defrost 162 Litros FE19 é equipado com gás ecológico (R600), que contribui para a preservação do meio ambiente sem comprometer o desempenho. Com uma classificação energética A, esse freezer é extremamente eficiente em termos de consumo de energia, resultando em economia para o seu bolso. Além disso, sua grande capacidade de 162 litros permite que você armazene uma quantidade significativa de alimentos, mantendo-os organizados e sempre ao seu alcance.</p><p>Não perca mais tempo com freezers desatualizados e falta de espaço. Adquira agora mesmo o Freezer Vertical Electrolux Cycle Defrost 162 Litros FE19 e desfrute de todas as vantagens que ele oferece. Com o gás ecológico (R600), você estará contribuindo para um futuro mais sustentável. A classificação energética A garante um consumo de energia eficiente, resultando em economia para o seu bolso. E com sua grande capacidade de 162 litros, você terá espaço suficiente para armazenar todos os seus alimentos. Não deixe de investir na qualidade e na eficiência do FE19 e tenha a tranquilidade de saber que seus alimentos estarão sempre conservados de forma prática e sustentável.</p>","{""capacidade_liquida_de_armazenamento"":""162 L"",""cor"":""Branco"",""marca"":""Electrolux"",""tipo"":""Vertical"",""tipo_de_degelo"":""Cycle Defrost\t"",""voltagem"":""127 V""}",162 L,Electrolux,Branco,127 V,Vertical,,,Cycle Defrost,162 Litros,Electrolux,Branco,110V,Vertical,Não informado,Não informado,Cycle Defrost,Electrolux,162L,Branco,110V,Vertical,1 Porta,Cycle Defrost
leonfer||2299,Freezer,Freezer CHB42EBANA 2 Portas 414 Litros Horizontal Consul,"O Freezer Horizontal CHB42 com 414 litros possui controle eletrônico, para você programar a temperatura facilmente. Flexível, permite escolher entre os modos freezer ou refrigerador, de acordo com a sua necessidade. É prático de limpar com o dreno frontal e possui 4 rodinhas nos pés, que facilitam a movimentação do produto. Também é super econômico, pois tem classificação energética A, além do interior feito com liga metálica de alta resistência à corrosão.<br> <br> Dimensões do Produto: <br> Altura: 94 cm <br> Largura: 119,5 cm <br> Profundidade: 78 cm <br> Peso: 61 Kg <br> <br> Garantia do Fornecedor: 12 meses","{""capacidade_liquida_de_armazenamento"":""414 L"",""cor"":""Branco"",""marca"":""Consul"",""quantidade_de_portas"":""2 Portas"",""voltagem"":""220 V""}",414 L,Consul,Branco,220 V,,,2 Portas,,414 Litros,Consul,Não informado,Não informado,Horizontal,2 Portas,2,Não informado,Consul,414L,Branco,220V,Horizontal,2 Portas,Manual
mundofriorefrigeracao||15844620242,Freezer,Freezer Horizontal Metalfrio Next Gen Supra - NF40SB - 127V - 388 litros - Tampa De Vidro Para Sorvetes E Congelados,"NF40 Freezer Expositor Horizontal 388 litros: Alto desempenho, baixo consumo de energia e design moderno, conserva seu produto na temperatura ideal para consumo.<br> <br>• Desempenho Profissional: Novo sistema de refrigeração garante mais eficiência energética e alta capacidade de conservação para manter sorvetes e alimentos congelados na temperatura ideal de consumo.<br> <br>• Design e Beleza: A linha Nextgen Supra possui conjunto de tampas com design elegante e molduras em plástico ABS com linhas harmônicas e modernas. Os puxadores são ergonômicos para facilitar o encaixe das mãos e a abertura das tampas.<br> <br>• Excelente Exposição para Sorvetes e Congelados: A nova altura do gabinete proporciona perfeita visualização e acesso aos produtos. O interior em aço pré-pintado branco, além de ser uma proteção extra contra corrosão, destaca as cores dos produtos no interior de seu NF40 Supra.<br> <br>Ideal para: Sorveterias, cozinhas industriais, bares, mercados, padarias e lojas de conveniência. <br> <br>======================================<br> <br>Características Principais<br> <br>• Desempenho Profissional: Novo sistema de refrigeração garante mais eficiência energética e alta capacidade de conservação para manter sorvetes e alimentos congelados na temperatura ideal de consumo.<br> <br>• Gabinete em aço pré pintado: Permite melhor eficiência no congelamento dos produtos armazenados, além de evitar manchas, riscos e corrosões.<br> <br>• Gabinete inteligente: Dimensões internas projetadas para otimizar o uso de caixas de sorvetes (estoque embaixo dos cestos) e cesto padrão único com tamanho próprio para armazenagem de picolés.<br> <br>• Gás Ecológico R290: Amigável ao meio ambiente reduz em até 99% as emissões de gases causadores do efeito estufa<br> <br>• Menor consumo de energia: Troca de calor mais eficiente e maior vida útil do sistema de refrigeração proporcionam redução de consumo de energia de até 52% (Em comparação com a linha anterior Metalfrio HF).<br> <br>• Nova parede de Isolação: Com 75mm, mantém o interior do freezer mais gelado e troca de calor mais eficiente. <br> <br>• Puxadores ergonômicos e feitos em material de alta resistência.<br> <br>• Rodízios reforçados: Facilitam a movimentação do freezer, oferecendo praticidade na limpeza e mudança de layout no ponto de venda.<br> <br>======================================<br> <br>Ficha Técnica:<br>Capacidade Bruta: 399 litros <br>Capacidade Líquida: 318 litros <br> <br>Dimensões Externas:<br>Largura:1400 mm<br>Altura:850 mm <br>Profundidade: 665 mm<br> <br>Dimensões Internas:<br>Largura:1250 mm<br>Altura:690 mm <br>Profundidade: 515 mm<br>Peso Líquido: 77kg<br> <br>Faixa de Temperatura: -18°C (mínimo)<br>Classificação do Produto: Freezer<br> <br>Largura Embalado:1475 mm <br>Altura Embalado: 930 mm<br>Profundidade Embalado: 775 mm <br>Peso Bruto: 85 kg<br>Voltagem: 127V<br> <br>Quantidade de tampas: 2<br> <br>======================================<br> <br>Serviço de Pós-Venda<br>A Metalfrio oferece a maior estrutura de Serviços de Assistência Técnica do Brasil, com cobertura em todo o território nacional. Sempre que precisar, ligue para: 0800-702-0052.<br> <br>GARANTIA DISTRIBUIDORES METALFRIO: Por sermos distribuidores Metalfrio equipamentos comprados conosco tem 24 meses de garantia contra defeitos de fabricação.","{""marca"":""Metalfrio"",""voltagem"":""127 V""}",,Metalfrio,,127 V,,,,,318 litros,Metalfrio,Não informado,127V,Horizontal,Tampa De Vidro,2,Não informado,Metalfrio,388L,Branco,Bivolt,Horizontal,2 Portas,Manual
atauequipamentos||4375,Freezer,Freezer Vertical com Porta Cega Tripla Ação GPC57TE Gelopar,"Freezer Conservador Vertical Tripla Ação GPC57TE Gelopar. Conservação e Exposição de gelo e produtos congelados. Conservação e Exposição de produtos resfriados. Ideal para supermercados, lanchonetes, restaurantes, bares e similares. Refrigeração: Estática com serpentina. Temperatura: Congelados (diversos) -18 a -22C. Congelados (gelo / massas) -10 a -15C. Resfriados 0 a +7C. Degelo: Manual. Controle de Temperatura: Termostato tripla ação. Revestimento Interno: Aço pré-pintado branco ou preto. Revestimento Externo: Aço pré-pintado branco ou preto. Porta: Cega. Prateleiras aramadas. 4 níveis reguláveis e inclináveis. Pés niveladores. Na temperatura de resfriados ocorre a formação de gotículas de água no interior do produto. Gás ecológico R290. PLANO DE CARGA: 54 pacotes de 3kg de gelo ou 42 pacotes de 5kg de gelo. CAPACIDADE: 577 litros. FREQUÊNCIA: 60Hz. DIMENSÕES INTERNAS(CxAxL): 56,5x154x66,8cm. PESO: 86,5kg. CONSUMO: 5,9kW/dia. DIMENSÕES EXTERNAS (CxAxL): 67,5x199,4x81,4cm. Equipamento certificado conforme Portaria Inmetro no 371/2009. Freezer Conservador Vertical Tripla Ação GPC57TE Gelopar é na Atau.","{""capacidade_liquida_de_armazenamento"":""577 L"",""marca"":""Gelopar"",""portas"":""1 Porta"",""tipo"":""Vertical"",""voltagem"":""127 V""}",577 L,Gelopar,,127 V,Vertical,1 Porta,,,577 litros,Gelopar,Não informado,Não informado,Vertical,Cega,1,Manual,Gelopar,577L,Branco,110V,Vertical,1 Porta,Manual
leonfer||224,Freezer,Freezer Horizontal Electrolux 385 Litros 2 Tampas H400 - Branco,"Resistência, capacidade e economia: tudo isso neste Freezer Horizontal 385 Litros da Electrolux.<br>Dreno de degelo frontal: Maior praticidade no descongelamento. A água do degelo escoa pelo dreno, facilitando seu recolhimento.<br>Dupla função: freezer e conservador.<br>Tampa balanceada.<br>Fechadura com chave autoexpulsiva: Segurança, permite o travamento do freezer.<br>Não contém CFC: não agride a camada de ozônio.<br>Caixa interna em aço zincado.<br>Rodízios: facilitam a movimentação do produto.<br>Puxadores ergonômicos.<br> <br><br>Especificações Técnicas:<br>Modelo : H400C<br>Capacidade Bruta: 414<br>Capacidade Líq: 385<br>Tensão (V): 127220<br>Frequencia (Hz): 60<br>Consumo (KWhmês) 127 V : 86.2<br>Consumo (KWhmês) 220 V : 86.2<br><br><br>Dimensões:<br>Altura: 91.5 cm<br>largura: 130.5 cm<br>Profundidade: 76.3 cm<br>Peso: 80.5 kg<br><br><br>Garantia do Fornecedor de 12 Meses","{""capacidade_liquida_de_armazenamento"":""385 L"",""marca"":""Electrolux"",""voltagem"":""220 V""}",385 L,Electrolux,,220 V,,,,,385 Litros,Electrolux,Branco,127220,Horizontal,2 Tampas,2,Manual,Electrolux,285L,Branco,220V,Horizontal,2 Portas,Manual
electrolux||310119901,Freezer,Freezer Vertical Electrolux 262L Experience com Inverter Twins cor Inox (FTI4S),"O Freezer Electrolux Experience 355L FTI4S com Inox look é a combinação perfeita para sua cozinha, e juntamente com a Geladeira Electrolux Experience 355L RTI4S1 é possível unir o conjunto2 com o Conector3, ficando lado a lado, como side by side. Mais espaço para todas as suas escolhas, com economia de energia e alimentos preservados por mais tempo. Possui a Tecnologia Inverter, que mantém a temperatura mais estável enquanto preserva seus alimentos e bebidas com economia de até 48%4 de energia e ainda conta com a certificação de eficiência energética A+++ que garante menor consumo. Com Smart Capacity, quando combinados, a Geladeira e o Freezer de grande capacidade da linha Electrolux Experience somam 617L para armazenar e organizar de maneira inteligente tudo o que precisar. Aproveite as Portas reversíveis2 e escolha o lado da sua Geladeira ou Freezer de acordo com sua necessidade, abertura da direita para a esquerda ou da esquerda para a direita. O Slide &amp; Adapt é um compartimento especial na porta do freezer que pode ser aberto em um ângulo ideal de até 30o para simplificar o acesso e armazenamento de embalagens grandes, como por exemplo, caixas de pizza congelada. Sustentável, o freezer possui Gás ecológico R600a, que não agride o meio ambiente e nem a camada de ozônio. Desfrute de gelo sempre à mão com o Ice Twister, basta girar a bandeja para que o gelo caia no compartimento inferior e tenha suas bebidas favoritas ainda mais refrescantes, sempre que quiser. Além disso, complete sua cozinha com a Moldura Trim Kit para Freezer e Geladeira5, o acessório ideal para um design sofisticado e perfeitamente integrado ao ambiente. 1Produto vendido separadamente. 2Consulte manual para instalação. 3Conector disponibilizado com o Freezer Electrolux Experience 262L FTI4S. 4Em relação ao mínimo para a classificação A. 5.Acessório vendido separadamente, consulte manual para instalação.","{""capacidade_liquida_de_armazenamento"":""262 L"",""cor"":""Inox"",""marca"":""Electrolux"",""tipo_de_degelo"":""Frost Free"",""voltagem"":""127 V""}",262 L,Electrolux,Inox,127 V,,,,Frost Free,262L,Electrolux,Inox,Não informado,Vertical,Não informado,Não informado,Não informado,Electrolux,262L,Inox,110V,Vertical,1 Porta,Frost Free
dufrio||100213962,Freezer,Freezer Horizontal Dupla Ação Fricon 411L HCED411  220V,"Freezer Horizontal Fricon Dupla Ação 411 Litros Ideal para conservação de produtos congelados ou bebidas e refrigerados Possui refrigeração estática, gabinete com formas internas arredondadas, chapas internas e externas em aço galvanizado pré-pintado com alta resistência a corrosão, isolamento de poliuretano ecologicamente correto, grade plástica em material de alto impacto com proteção UV, rodízio duplo giratório de alta resistência, tampa de chapa com puxador ergonômico e dobradiças balanceadas, dreno frontal, divisória interna, termostato ajustável para dupla ação, temperatura de operação de 35C / 75% de umidade relativa do ar e puxador frontal com fechadura. Mobilidade Rodízio duplo giratório de alta resistência Ecologico Isolamento de poliuretano ecologicamente correto Segurança Puxador frontal com fechadura Dupla ação Termostato ajustável para dupla ação, Congelamento ou Resfriamento","{""capacidade_liquida_de_armazenamento"":""411 L"",""marca"":""Fricon"",""voltagem"":""220 V""}",411 L,Fricon,,220 V,,,,,411L,Fricon,Não informado,220V,Horizontal,Dupla Ação,Não informado,Não informado,Fricon,411L,Branco,220V,Horizontal,2 Portas,Manual
angeloni2||1478215,Freezer,Freezer Electrolux Cycle Defrost 203L FE26,"Freezer Electrolux Cycle Defrost 203L FE26 <p>Com o Sistema Congelamento Rápido, o Freezer Vertical FE26 permite o congelamento muito mais ágil dos alimentos. O botão Liga/Desliga permite que o freezer seja facilmente desligado sem a necessidade de tirá-lo da tomada e o Dreno de Degelo para maior praticidade no descongelamento. </p>","{""capacidade_liquida_de_armazenamento"":""203 L"",""marca"":""Electrolux""}",203 L,Electrolux,,,,,,,203L,Electrolux,Não informado,Não informado,Vertical,Não informado,Não informado,Cycle Defrost,Electrolux,203L,Branco,220V,Vertical,1 Porta,Cycle Defrost
lojasguaibim1||169813,Freezer,Freezer Horizontal 414L 2 Portas CHB42 Branco Consul,"<p>O <strong>Freezer Horizontal CHB42 com 414 litros</strong> possui controle eletrônico, para você programar a temperatura facilmente. Flexível, permite escolher entre os modos freezer ou refrigerador, de acordo com a sua necessidade. É prático de limpar com o dreno frontal e possui 4 rodinhas nos pés, que facilitam a movimentação do produto. Também é super econômico, pois tem classificação energética A, além do interior feito com liga metálica de alta resistência à corrosão. </p><p><br></p><p><strong>CARACTERÍSTICAS </strong></p><p>Consumo aproximado de energia: 57,18 kWh</p><p>Congelamento rápido: Sim </p><p>Dreno frontal: Sim </p><p>Gabinete interno e externo com chapa de aço pintado: Sim </p><p>Armazenamento líquido: 414 L </p><p>Função: Freezer ou refrigerador </p><p>Portas: 2 </p><p>Rodízios para transporte: Sim </p><p>Termostato: Sim </p><p>Tipo de degelo: Manual </p><p>Freezer Horizontal: Sim </p><p>Controle de Temperatura: Sim </p><p>Painel de controle: Sim </p><p>Classificação Energética: A </p><p>4 pés com rodízio: Sim </p><p>Cor: Branco </p><p><br></p><p><strong>Dimensões do Produto</strong> </p><p>Profundidade 78,0 cm </p><p>Largura: 119,5 cm </p><p>Altura: 94,0 cm </p><p>Peso líquido: 70,0 kg </p><p><br></p><p><strong>Conteúdo da embalagem:</strong> 1 Freezer Horizontal 2 Portas Consul; 1 Manual de Instrução</p><p><br></p><p><strong>Atenção:</strong></p> <p>1. Verifique a voltagem correta para o seu equipamento. Grande parte dos eletrodomésticos no Brasil está disponível em duas voltagens: 110V ou 220V. Certifique-se qual a voltagem de sua residência e selecione o produto conforme essa especificação.</p> <p>2. Devido às normas da ABNT e às resoluções no 13 de 2006, no 2 de 2007 e no 8 de 2009 do CONMETRO, os fabricantes estão mudando as tomadas para o novo padrão. Para utilizar este produto, será preciso adaptador ou a troca da tomada antiga. Não nos responsabilizamos por esta alteração.</p><p><br></p>","{""capacidade_liquida_de_armazenamento"":""414 L"",""cor"":""Branco"",""marca"":""Consul"",""quantidade_de_portas"":""2 Portas"",""voltagem"":""220 V""}",414 L,Consul,Branco,220 V,,,2 Portas,,414L,Consul,Branco,Não informado,Horizontal,2 Portas,2,Manual,Consul,414L,Branco,220V,Horizontal,2 Portas,Manual
lojasmm||8363,Freezer,Freezer Cha22eb 220 Litros Consul,"Freezer Cha22eb 220 Litros Consul<br> <br>Características<br>O Freezer Horizontal Cha22 Com 220 Litros Possui Controle Eletrônico, para Você Programar a Temperatura Facilmente. É flexível, Permite Escolher Entre os Modos Freezer ou Refrigerador, de Acordo Com a Sua Necessidade. É Prático de Limpar Com o Dreno Frontal e Possui 4 Rodinhas nos Pés, Que Facilitam a Movimentação do Produto. Também é Super Econômico, Pois Tem Classificação Energética a, Além do Interior Feito Com Liga Metálica de Alta Resistência à Corrosão.<br><br>Características:<br>Modelo Cha22eb <br>Pés Com Rodízio: 4 <br>Portas:1 <br>Rodízios para Transporte: Sim <br>Tipo de Degelo: Manual <br>Controle de Temperatura: Sim <br>Painel de Controle: Sim <br>Dreno Frontal: Sim <br>Fechadura de Segurança: Sim <br>Função: Freezer ou Refrigerador <br>Tipo de Freezer: Horizontal <br>Armazenamento Líquido: 220 l <br>Capacidade: 220 l <br>Eficiência Energética: Classe a <br>Congelamento Rápido. <br>Função Refrigerador. <br><br>Dimensões do Produto: <br>Altura:94 <br>Largura:72,9 <br>Profundidade:81 Cm <br>Peso:47 Kg <br><br>Garantia de 12 Meses Pelo Fabricante.","{""capacidade_liquida_de_armazenamento"":""220 L"",""cor"":""Branco"",""marca"":""Consul"",""tipo_de_degelo"":""Degelo Manual"",""voltagem"":""127 V""}",220 L,Consul,Branco,127 V,,,,Degelo Manual,220 l,Consul,Não informado,Não informado,Horizontal,1,1,Manual,Consul,220L,Branco,110V,Horizontal,1 Portas,Manual
marciusmagazine||0044020087,Freezer,Freezer Horizontal Metalfrio 2P 419L - Branco - 220V - DA420,"<p>Freezer Horizontal Metalfrio 2P 419L - Branco - 220V - DA420</p> <br><p>O Freezer Horizontal Metalfrio tem a maior capacidade liquida da categoria, 419L. Possui ação dupla: refrigerador e freezer.<br>E capacidade de congelamento superior pra você oferecer sempre o melhor para seus clientes! E a sua satisfação em poder contar com desempenho profissional tão necessário para o seu dia a dia.<br></p> <br> <p>Marca: Metalfrio</p><p>Modelo: DA420</p><p>Referência: DA420</p><p>Cor: Branco</p><p>Código de Barras EAN: 7891379011796</p><p>Capacidade Bruta: 419L</p><p>Capacidade Líquida: 419L</p><p>Tensão / Frequência: 220V / 50Hz e 60Hz</p><p>Faixa de Temperatura °C: &lt;-18°C +2°C/+8°C</p><p>Congelamento Rápido: Não</p><p>Degelo Automático: Não</p><p>Dreno: Sim</p><p>Cestos Removíveis: Não</p><p>Separador Horizontal: Sim</p><p>Iluminação Interna: Não</p><p>Fechamento Automático da Porta/Tampa: Sim</p><p>Trava de Abastecimento: Sim</p><p>Fechadura: Sim</p><p>Rodízio: Sim</p><p>Painel de Controle: Não</p><p>Tecla de Seleção Turbo: Não</p><p>Termostato Ajustável: Sim</p><p>Potência: 205W</p><p>Classificação do Produto: Refrigerador / Congelador</p><p>Quantidade de Portas/Tampas: 2</p><p>Material Gabinete Externo: Aço Pré Pintado</p><p>Material Gabinete Interno: Aço Pré Pintado</p><p>Material da Moldura do Tanque: Plástico</p><p>Tipo de Abertura: Basculante</p><p>Tipo do Evaporador: Cold Wall (Tubo Chapa)</p><p>Tipo de Gás Refrigerante: R134a</p><p>Tipo de Isolação: Poliuretano</p><p>Tipo de Pintura: Poliéster</p><p>Tipo de Puxador da Porta: Plástico</p><p>Tipo de Condensação: Forçada</p><p>Tipo de Controlador de Temperatura: Termostato</p><p>Conteúdo da embalagem: 1 freezer horizontal | 1 manual do usuário</p><p>Peso aproximado do produto: 69Kg</p><p>Dimensões do produto: Dimensões externas | Altura: 94,4cm | Largura: 133,1cm | Profundidade: 69cm | Dimensões internas | Altura: 71,5cm | Largura: 122,2cm | Profundidade: 51,5cm</p><p>Garantia do fornecedor: 365 dias</p><p>Aviso: Imagens meramente ilustrativas</p><p>Observação: A tonalidade do produto pode variar entre a imagem de exibição e o item físico</p>","{""capacidade_liquida_de_armazenamento"":""419 L"",""marca"":""Metalfrio"",""voltagem"":""220 V""}",419 L,Metalfrio,,220 V,,,,,419L,Metalfrio,Branco,220V,Horizontal,2P,2,Não,Metalfrio,419L,Branco,220V,Horizontal,2 Portas,Manual
magazineluiza||010211501,Freezer,Freezer Horizontal 1 Porta 210L,"O Freezer Electrolux possui: Puxador ergonômico: novo design, mais ergonomia. Controle de temperatura frontal: mais fácil de acessar o controle de temperatura. Dupla função: freezer e refrigerador. Turbo Congelamento: congela rápido, acionado pelo painel externo. Cesto aramado: cesto empilhável que ajuda na organização, além disso este freezer é o mais sustentável do mercado, possui eficiência energética A, com menor consumo de energia e utilização do gás refrigerante R600, o ecologicamente mais correto.","{""cor"":""Branco"",""marca"":""Electrolux"",""quantidade_de_portas"":""1 Porta"",""voltagem"":""220 V""}",,Electrolux,Branco,220 V,,,1 Porta,,210L,Electrolux,Não informado,Não informado,Horizontal,1 Porta,1,Não informado,Electrolux,210L,,,,1 Porta,
britania||7667,Freezer,Freezer/Refrigerador Vertical Philco PFV205B 2 em 1 201L Dupla Função,"O Freezer Vertical Philco PFV205B vai tornar sua cozinha ainda mais completa! O freezer conta com 201 Litros, maior capacidade e melhor aproveitamento de espaço. Ele tem vários compartimentos, para armazenamento de refeições prontas e carnes, prateleiras de vidro que facilitam a limpeza e armazenamento e gavetão para frutos do mar, evitando que os outros alimentos peguem cheiro. Dupla função, sim é 2 em 1! Ele é Freezer e Refrigerador em um único produto, para você utilizá-lo como quiser. E conta com porta é reversível, permite abertura para esquerda ou direita. Com rodízios para deslocamento, podendo movê-lo e sem arrastar e estragar o piso. Sua classificação energética A+, mais que econômico,e o gás livre de CFC garantem a preservação também da natureza. Lindo, prático e adaptável é o Freezer e refrigerador Philco! Sistema Dupla Função: Pode operar na função freezer ou refrigerador; Maior Capacidade e melhor aproveitamento de espaço; Controle de temperatura mecânico na divisória interna; Sistema de refrigeração por compressor; Classificação energética A+; Gás refrigerante R290; Rodízios para deslocamento (2), facilitando a movimentação do produto; Degelo Manual; Volume Interno 201 litros; Divisão interna: 5 prateleiras e 1 gaveta; Disponível em 127V e 220V;","{""tipo"":""Vertical"",""voltagem"":""Bivolt""}",,,,Bivolt,Vertical,,,,201L,Philco,Não informado,127V e 220V,Freezer,1,1,Manual,Philco,201L,Branco,110V,Vertical,1 Porta,Manual
mideacarrier||MDRC207SLA011,Freezer,Freezer Horizontal 3 em 1 Branco 145L Midea,"O Freezer Horizontal Midea 145L, é perfeito para quem quer preservar alimentos resfriados, conservados ou congelados de forma rápida, com tamanho compacto proporciona praticidade ao se adaptar a ambientes menores. Graças a versatilidade de suas funções, pode operar tanto como Freezer entre as temperaturas -24°C e -12°C, quanto como Refrigerador entre as temperaturas 0°C e 10°. 10 ANOS DE GARANTIA NO COMPRESSOR; 3 Funções: Resfriar, Conservar e Freezer; Termostato externo que permite escolher entre os 3 modos, resfriar, conservar ou congelar; Temperatura de Freezer mínimo -24°C e máximo -12°C; Temperatura de refrigerador mínimo 0°C e máximo 10°C; Rodízios que facilitam o transporte; Puxador embutido na lateral da porta; Puxador e abertura de porta superior; Ecologicamente correto: não utiliza CFC; Cesto aramado; Espátula de gelo. ATENÇÃO: ESTA LOJA NÃO FATURA PARA CNPJ.",,,,,,,,,,145L,Midea,Branco,Não informado,Horizontal,Não informado,Não informado,Não informado,Midea,145L,Branco,110V,Horizontal,1 Porta,
lojascolombooficial||1567709,Freezer,Freezer Vertical Cvu26Fb Consul 1 Porta Reversível e 1 Gaveta 231 Litros,"<p>O Freezer Vertical Consul, para deixar seu ambiente ainda mais completo, confira nossa categoria Eletrodomésticos</p><p><br></p><p> Caracterizaras:</p><p> Marca: Consul</p><p> Modelo: Cvu26Fb</p><p> Tipo: Vertical</p><p> Portas: 1 reversível</p><p> Gaveta: 1</p><p> Capacidade:231 Litros</p><p> Degelo: Manual</p><p> Material das gavetas:Plástico</p><p> Congelamento rápido: Sim</p><p> Controle de temperatura: Externo</p><p> Temperatura: 3 níveis</p><p> Porta reversível: Sim</p><p> Puxadores: Integrado</p><p> Alarme na porta: Não</p><p> Iluminação interna: Não</p><p> Cesto: 4</p><p> Cesto: Aramados, deslizantes e com trava de segurança</p><p> Gavetão: De acrílico transparente</p><p> Compartimento para gelo:Não</p><p> Pés: Ajustáveis</p><p> Classificação Energética: A+</p><p> Frequência: 60 Hz</p><p> Consumo de energia: 37 kW/h</p><p> Corrente 110V: 2,0A </p><p> Corrente 220V: 1,1A</p><p> Função trava painel: Não</p><p> Alimentação: Cabo localizado no lado inferior direito</p><p> Controle de temperatura externo no painel frontal com 3 níveis</p><p> Função turbo geral </p><p> Compartimento de congelamento rápido</p><p> Compartimento com menor temperatura</p><p><br></p><p> Dimensões:</p><p> Altura: 153,90 cm</p><p> Largura:61,60 cm</p><p> Profundidade: 69,10 cm</p><p> Peso: 53,00 kg</p><p><br></p><p> Garantia do Fornecedor: 12 Meses</p>","{""capacidade_liquida_de_armazenamento"":""231 L"",""cor"":""Branco"",""marca"":""Consul"",""quantidade_de_portas"":""1 Porta"",""tipo"":""Vertical"",""tipo_de_degelo"":""Degelo Manual"",""voltagem"":""220 V""}",231 L,Consul,Branco,220 V,Vertical,,1 Porta,Degelo Manual,231 Litros,Consul,Não informado,Não informado,Vertical,1 reversível,1,Manual,Consul,231L,Branco,220V,Vertical,1 Porta,Manual
carrefouroficial||900004694,Freezer,Freezer Vertical 1 Porta 228 Litros Flex Frost Free BVR28M Brastemp,"O Freezer Vertical Brastemp Flex Frost Free, além de não precisar descongelar nunca, pode se transformar em uma geladeira sempre que precisar, isso porque conta com a tecnologia Flex. Possui também o Controle de temperatura externo, que possibilita total controle da temperatura sem precisar abrir o freezer.<br> <br> Características: <br> Capacidade em Litros: 228 litros<br> Quantidade de Gavetas: 4<br> Quantidade de Prateleiras: 5<br> Tipo de Pés: Niveladores<br> Tipo de Prateleira: Removível<br> Eficiência Energética: Classe A<br> Potência: 150<br> Degelo: Frost Free<br> Sistema de Refrigeração: Compressor<br> <br> Dimensões do produto:<br> Altura: 169 cm<br> Largura: 63 cm<br> Profundidade: 69,5 cm<br> Peso: 66 kg<br> <br> Observações: Imagem meramente ilustrativa<br> Verifique a voltagem do produto antes de colocar no carrinho<br> Todas as informações divulgadas são de responsabilidade do fabricante/fornecedor<br> As cores podem sofrer variações de acordo com o tipo, configuração e resolução do seu monitor<br> <br> Garantia do Fornecedor: 12 meses","{""capacidade_liquida_de_armazenamento"":""228 L"",""cor"":""Branco"",""marca"":""Brastemp"",""tipo"":""Vertical"",""tipo_de_degelo"":""Frost Free"",""voltagem"":""127 V""}",228 L,Brastemp,Branco,127 V,Vertical,,,Frost Free,228 Litros,Brastemp,Não informado,Não informado,Vertical,1 Porta,1,Frost Free,Brastemp,228L,Branco,110V,Vertical,1 Porta,Frost Free
madeiramadeira-openapi||311655,Freezer,Freezer Consul Vertical CVU26E 231L 220V,"Na cozinha, todo mundo precisa de um ajudante. Até a sua geladeira! Sem perder tempo: são várias gavetas e prateleiras pra ajudar você a encontrar rapidinho o que procura. Sua geladeira acaba de encontrar o parceiro ideal para deixar sua cozinha mais completa e sua vida muito mais fácil. Porque na cozinha, toda ajudinha é bem-vinda. Controle de temperatura externo: Não precisa abrir a porta pra ajustar a temperatura. Assim você economiza energia e seu dinheiro fica tão conservado quanto seus alimentos. Consumo aproximado de energia: 41,2 KWh/mês Classificação energética: A Congelamento rápido: Sim Função: Freezer Não contém CFC: Sim Tipo de degelo: Manual Tipo de freezer: Vertical Controle de Temperatura: Manual externo Dreno de gelo: Não Painel de controle: Sim - frontal externo Armazenamento líquido: 231 l Armazenamento Bruto: 260 l Porta reversível: Sim Cestos deslizantes e removíveis: 4 Compartimento de congelamento rápido: Sim Pés: Sim Portas: 1 Rodízios para transporte: Sim","{""capacidade_liquida_de_armazenamento"":""231 L"",""marca"":""Consul"",""tipo"":""Vertical"",""tipo_de_degelo"":""Degelo Manual"",""voltagem"":""220 V""}",231 L,Consul,,220 V,Vertical,,,Degelo Manual,231L,Consul,Não informado,220V,Vertical,1,1,Manual,Consul,231L,Branco,220V,Vertical,1 Porta,Manual
carrefouroficial||900001120,Freezer,Freezer Horizontal Midea 1 Porta 202 Litros RCFA21,"O Freezer Horizontal Midea 202L, é perfeito para quem preservar alimentos resfriados, conservados ou congelados de forma rápida, com tamanho compacto proporciona praticidade ao se adaptar a ambientes menores. Graças a versatilidade de suas funções, pode opear tanto como Freezer entre as temperaturas -28°C e -12°C, quanto como Refrigerador que entre as temperaturas 0°C e 10°.<br> <br> Características:<br> Capacidade em Litros: 202<br> Modelo: RCFA21<br> Eficiência Energética: Classe A<br> Potência: 115 W<br> Material: Inox e Plástico<br> <br> Itens Inclusos:<br> 1 Freezer<br> <br> Dimensões:<br> Altura: 85 cm<br> Largura: 94.5 cm<br> Profundidade: 52.3 cm<br> Peso 30 kg<br> <br> Garantia do Fornecedor: 12 meses","{""capacidade_liquida_de_armazenamento"":""202 L"",""cor"":""Branco"",""marca"":""Midea"",""voltagem"":""127 V""}",202 L,Midea,Branco,127 V,,,,,202 Litros,Midea,Não informado,Não informado,Horizontal,1 Porta,1,Não informado,Midea,202L,Branco,110V,Horizontal,1 Porta,
shopprimecomercioeprodutosdigita||63160b9921c25623d3b9e00a,Freezer,H550 freezer hor bco 110v,"<p>O Freezer Horizontal 513L da Electrolux é a opção ideal para armazenar os alimentos e bebidas de sua casa ou estabelecimento.</p><p>O Freezer possui classificação energética “A”, consumindo uma quantidade menor de energia sem perder a eficiência, e função Turbo Freezer, que permite um resfriamento mais rápido, indicado para ocasiões como festas ou quando há a necessidade de congelar os alimentos de forma acelerada. Além disso, possui cesto aramado, que contribui para organização do espaço interno.</p><p>A Dupla Função permite que o Freezer Horizontal Electrolux 2 portas seja utilizado para congelar e refrigerar. O Painel frontal intuitivo facilita na hora de acionar todas as funções e a fechadura de segurança permite travar o freezer, evitando que sua abertura seja acidental. Sua pintura externa é mais resistente, durável e confere boa aparência.</p><p>Este freezer conta também com rodas 360°, puxador ergonômico e dreno frontal, que permite o escoamento da água do degelo sem a necessidade de movimentar o freezer, trazendo maior praticidade no manuseio.</p><p>BPs:</p><p>• Classificação Energética “A”: menor consumo de energia elétrica para maior economia.</p><p>• Cesto aramado: flexibilidade e melhor organização do espaço interno.</p><p>• Turbo Freezer: resfriamento mais rápido, indicado para ocasiões como festas ou quando há a necessidade de congelar os alimentos de forma acelerada.</p><p>• Dupla Função e painel frontal intuitivo: controle de temperatura para função freezer ou refrigerador com maior facilidade no acionamento de cada uma delas.</p><p>• Fechadura de segurança: permite o travamento do freezer para um armazenamento seguro.</p><p>• Pintura resistente: mais durável, confere melhor aparência.</p><p>• Rodas 360° e puxador ergonômico: mais facilidade para abrir e movimentar o Freezer.</p><p>• Dreno frontal: praticidade na hora de descongelar. A água do degelo escoa pelo dreno sem precisar movimentar o Freezer.</p><p><br></p><p>Ficha Técnica</p><p>Modelo: H550</p><p>EAN: 7909569246184</p><p>Tensão: 127V</p><p>Classificação Energética: A</p><p>Turbo Freezer: Sim</p><p>Iluminação Interna: Não</p><p>Fechadura de Segurança: Sim</p><p>Dreno de Degelo: Frontal</p><p>Tipo de Degelo: Manual</p><p>Gás Ecológico: Sim</p><p>Porta Reversível: Não</p><p>Painel de Controle: Sim</p><p>Alarme de Porta Aberta: Não</p><p>Temperaturas: 7°C a -18°C</p><p>Acabamento: Metal</p><p>Cesto aramado: Sim</p><p>Consumo (Kw): 72,5 kwH/mês</p><p><br></p><p>Dimensões</p><p><br></p><p>Com embalagem</p><p>Altura do produto embalado: 96 cm</p><p>Largura do produto embalado: 160 cm</p><p>Profundidade do produto embalado: 78,5 cm</p><p>Peso do produto embalado: 67,5 kg</p><p><br></p><p>Sem embalagem</p><p>Altura do produto: 90 cm</p><p>Largura do produto: 157,3 cm</p><p>Profundidade do produto: 76 cm</p><p>Peso do produto: 65,5 kg</p><p><br></p><p>Capacidade</p><p>Capacidade Bruta (L): 521</p><p>Capacidade Líquida (L): 513</p><p>Conteúdo da Embalagem: Freezer, Manual de instruções e Chave para as tampas.</p><p><br></p><p>Garantia do Produto: 1 ano</p>","{""capacidade_liquida_de_armazenamento"":""513 L"",""cor"":""Branco"",""marca"":""Electrolux"",""quantidade_de_portas"":""2 Portas"",""tipo_de_degelo"":""Degelo Manual"",""voltagem"":""127 V""}",513 L,Electrolux,Branco,127 V,,,2 Portas,Degelo Manual,513L,Electrolux,Não informado,127V,Horizontal,2 portas,2,Manual,Electrolux,513L,Branco,110V,Horizontal,2 Portas,Manual
marciusmagazine||0044020075,Freezer,Cervejeira Horizontal Ártico 150L- Freezer Pit Stop - 220V - CA150T-C,"<p><span><strong>Cervejeira Horizontal Ártico 150L- Freezer Pit Stop - 220V - CA150T-C</strong></span></p><p> <br></p><p>O Freezer Horizontal Ártico é especial para exposição e conservação de produtos congelados e resfriados.<br><br>Produto fabricado com materiais de primeira linha e diferenciados que garantem maior resistência e durabilidadeo. Baixo nível de ruído e baixo consumo de energia, com excelente performance nas funções 3 em 1: refrigera, conserva e congela. <br><br>As tampas são de vidro curvo de correr, com baixo emissivo e com sistema de drenagem exclusivo. Perfeito e com alta capacidade para a refrigeração de bebidas e alimentos de sua preferência.<br><br>Exclusivo, sofisticado e cheio de estilo, é o freezer ideal para o dia a dia.</p><p> <br> </p><p><strong>Marca: </strong> Ártico</p><p><strong>Modelo: </strong> 90222801</p><p><strong>Referência: </strong> CA150T-C</p><p><strong>Cor: </strong> Preto / Estampado</p><p><strong>Linha: </strong> Pit Stop</p><p><strong>Código de Barras EAN: </strong> 7890902228014</p><p><strong>Tipo de freezer: </strong> Horizontal</p><p><strong>Funções: </strong> Freezer ou refrigerador</p><p><strong>Material: </strong> Interno: aço galvanizado | Externo: aço galvanizado pintado com alta resistência a corrosão</p><p><strong>Litros: </strong> -Líquido: 115 L | -Bruto: 150 L</p><p><strong>Voltagem: </strong> 220V</p><p><strong>Potência nominal: </strong> 104 W</p><p><strong>Baixo consumo de energia: </strong> Sim</p><p><strong>Congelamento rápido: </strong> Sim</p><p><strong>Temperaturas: </strong> Faixa de temperatura refrigerador: +1° a +5°C | Faixa de temperatura conservador: 0° a -15°C | Faixa de temperatura congelador: -16° a -20°C</p><p><strong>Tipo de degelo: </strong> Manual</p><p><strong>Controle de temperatura: </strong> Termostato no painel frontal</p><p><strong>Tampas de correr: </strong> 2 de vidro curvo</p><p><strong>CFC: </strong> Não contém</p><p><strong>Isolamento térmico: </strong> Poliuretano alta densidade</p><p><strong>Gás refrigerante: </strong> 134a</p><p><strong>Rodízios: </strong> 04 para transporte</p><p><strong>Termostato: </strong> Sim</p><p><strong>Baixo nível de ruído: </strong> Sim</p><p><strong>Serpertina: </strong> Fixa por solda ponto</p><p><strong>Peso aproximado do produto: </strong> 39,00 kg</p><p><strong>Peso aproximado do produto embalado: </strong> 41,00 kg</p><p><strong>Dimensões aproximadas do produto: </strong> -Altura: 91 cm | -Largura: 61 cm | -Profundidade: 72 cm</p><p><strong>Dimensões aproximadas do produto embalado: </strong> -Altura: 94 cm | -Largura: 62 cm | -Profundidade: 75 cm</p><p><strong>Garantia do fornecedor: </strong> 01 ano</p><p><strong>Aviso: </strong> Imagens meramente ilustrativas</p>","{""capacidade_liquida_de_armazenamento"":""150 L"",""marca"":""Midea"",""voltagem"":""220 V""}",150 L,Midea,,220 V,,,,,115 L,Ártico,Preto Estampado,220V,Horizontal,2 de vidro curvo,2,Manual,,,,,,,
casaeciaoutlet1||100007998,Freezer,Freezer Vertical Consul Cvu20 142 Litros Branco - 220V,"<p>O Freezer traz toda conveniência, organização e espaço que você precisa. Há compartimentos ideias para vários tipos de alimentos aliando a melhor utilização do espaço e conservação dos alimentos. Possui o Compartimento para Gelo e Picolé: não contamina os cubos de gelo com o sabor de outros alimentos e tem uma temperatura ideal para conservar o picolé na consistência perfeita para consumo. E para garantir maior segurança, possui cestos deslizantes com trava de segurança.</p><p> Especificações Técnicas:Marca: Consul</p><p> Modelo: CVU20</p><p> Tipo: Vertical</p><p> Voltagem: 220V</p><p> Cor: Branco</p><p> Capacidade Total Líquida: 142 litros</p><p> Número de portas: 1 Porta</p><p> Consumo de energia: Classe A</p><p> Consumo de energia mensal - 220V: 36,5 kWh/mês</p><p> Grades removíveis: Sim</p><p> Congelamento rápido: Não</p><p> Dreno de degelo: Não</p><p> Porta reversível: Não</p><p> Função refrigerador: Não</p><p> Painel eletrônico: Não</p><p> Gavetas: Sim</p><p> Controle de temperatura: Sim</p><p> Rodízios: Não</p><p> Dimensões do produto:Altura: 148,8cm</p><p> Largura: 48,9cm</p><p> Profundidade: 62cm</p><p> Peso aproximado do produto: 43 Kg</p><p> Conteúdo de Embalagem:01 Freezer Vertical Consul Cvu20 142 Litros Branco - 220V</p><p> 01 Manual</p><p> Garantia:90 Dias (3 Meses)</p>","{""capacidade_liquida_de_armazenamento"":""142 L"",""cor"":""Branco"",""marca"":""Consul"",""tipo"":""Vertical"",""voltagem"":""220 V""}",142 L,Consul,Branco,220 V,Vertical,,,,142 Litros,Consul,Branco,220V,Vertical,1 Porta,1,Não informado,Consul,142L,Branco,220V,Vertical,1 Porta,Manual
lojasguaibim1||951692,Freezer,Freezer Horizontal Philco 295L 1 Porta Branco PFZ330B,"O Freezer Philco Horizontal PFZ330B é 2 em 1: congelador ou refrigerador! Com 9 níveis de temperatura e capacidade para 290 litros, maior capacidade e melhor aproveitamento do espaço. Com cesto aramado, que facilita a organização dos alimentos. Possui dreno, maior praticidade no descongelamento, pois a água escoa pelo dreno facilitando seu recolhimento. Livre de CFC, ecologicamente correto possui classificação energética A, ou seja, mais econômico. E para sua maior comodidade, possui rodinhas para deslocamento, facilitando a movimentação do produto.<br><br>Maior Capacidade e melhor aproveitamento de espaço;<br>Controle de temperatura ajustável no painel frontal;<br>Sistema Dupla Função: Pode operar na função freezer ou refrigerador, conforme ajuste do termostato;<br>Temperatura interna de operação modo refrigerador de + 5°C a - 1°C;<br>Temperatura interna de operação modo freezer de -5°C a -23°C;<br>Sistema de refrigeração por compressor;<br>Classificação energética A;<br>Gás refrigerante R600a;<br>4 rodas para deslocamento, facilitando a movimentação do produto;<br>Dreno frontal, facilitando o degelo e limpeza do produto;<br>Degelo Manual;<br>Chave de Segurança, permite trancar o freezer se necessário;<br>Volume interno 295 litros;<br><br>Atenção:<br><br>1. Verifique a voltagem correta para o seu equipamento. Grande parte dos eletrodomésticos no Brasil está disponível em duas voltagens: 110V ou 220V. Certifique-se qual a voltagem de sua residência e selecione o produto conforme essa especificação.<br><br>2. Devido às normas da ABNT e às resoluções no 13 de 2006, no 2 de 2007 e no 8 de 2009 do CONMETRO, os fabricantes estão mudando as tomadas para o novo padrão. Para utilizar este produto, será preciso adaptador ou a troca da tomada antiga. Não nos responsabilizamos por esta alteração.","{""capacidade_liquida_de_armazenamento"":""295 L"",""cor"":""Branco"",""marca"":""Philco"",""quantidade_de_portas"":""1 Porta"",""tipo_de_degelo"":""Degelo Manual"",""voltagem"":""127 V""}",295 L,Philco,Branco,127 V,,,1 Porta,Degelo Manual,295L,Philco,Branco,Não informado,Horizontal,1 Porta,1,Manual,Philco,295L,Branco,110V,Horizontal,1 Porta,Manual
climario||28429,Freezer,Freezer Horizontal Porta de Vidro 503 Litros Fricon HCEB503-1V000 Branco 127V,"Freezer Horizontal Porta de Vidro 503 Litros Fricon HCEB503-1V000 Branco 127V • Conservação de sorvetes e produtos congelados em geral • Refrigeração estática • Gabinete com formas internas arredondadas • Chapas internas e externas em aço galvanizado pré-pintado com alta resistência a corrosão • Moldura principal em alumínio anodizado • Dreno frontal • Encaixe para display suporte de preço • Rodizio duplo giratório de alta resistência • Degelo manual • Termostato ajustável para baixa temperatura • Tampa de vidro de baixa emissividade e temperado com sistema de vedação de alta eficiência • Moldura lateral em ABS, garantindo alta resistência • Isolamento de poliuretano ecologicamente correto de 80mm de espessura • Grade plástica em material de alto impacto com proteção U.V. • Sem microventilador do condensador (exceto Bivolt) • Sistema de fácil remoção das tampas de vidro • Voltagens: 127V, 220V e Bivolt • Temperatura de operação de 35°C / 75% de umidade relativa do ar Variação de temperatura (oC) : -22 a -18 Variação de temperatura (oF) : -7,6 a -0,4 Consumo de energia (kW/dia) : 2,9* Tipo de gás : R-134A","{""capacidade_liquida_de_armazenamento"":""503 L"",""marca"":""Fricon"",""voltagem"":""127 V""}",503 L,Fricon,,127 V,,,,,503 Litros,Fricon,Branco,127V,Horizontal,Porta de Vidro,Não informado,Manual,Fricon,503L,Branco,110V,Horizontal,2 Portas,Manual
centermaq||7317,Freezer,Freezer Horizontal Tampa de Vidro 216L HCEB216-V Fricon,"<p>Freezer Horizontal Tampa de Vidro 216L HCEB216-V Fricon</p> <p>O Freezer HCEB216 Fricon auxilia na conservação de produtos congelados e conta com 216 litros de capacidade. Sua estrutura é robusta, com moldura lateral em ABS com sistema de vedação de alta eficiência e gabinete com formas internas arredondas para facilitar a limpeza e o degelo.<br> <br> Seu termostato é ajustável para baixa temperatura entre -18C e -22C e conta com refrigeração estática. O HCEB216 ainda possui tampa em vidro temperado e baixo emissivo para evitar o acumulo de partículas de água e facilitar a visualização dos produtos em seu interior sem precisar abri-lo.</p> <p>Conservação de produtos congelados<br> Refrigeração estática<br> Gabinete com formas internas arredondadas<br> Chapas internas e externas em aço galvanizado pré-pintado com alta resistência a corrosão<br> Moldura principal em alumínio anodizado<br> Dreno frontal<br> Encaixe para display suporte de preço<br> Rodizio duplo giratório de alta resistência<br> Degelo manual<br> Termostato ajustável para baixa temperatura<br> Tampa de vidro de baixa emissividade e temperado com sistema de vedação de alta eficiência<br> Moldura lateral em ABS, garantindo alta resistência<br> Isolamento de poliuretano ecologicamente correto de 80mm de espessura<br> Grade plástica em material de alto impacto com proteção U.V.<br> Sem micro ventilador do condensador, eliminado manutenção preventiva<br> Temperatura de operação de 35C / 75% de umidade relativa do ar<br> Sistema de retirada de tampas de fácil remoção</p> <p>Dimensões:</p> <p>82,9 x 79,3 x 67,9 cm (AxLxC)</p> <p>Peso Líq: 45Kg</p> <p>CHEFSTOCK, TUDO PARA O SEU COMÉRCIO!</p>","{""marca"":""Fricon"",""voltagem"":""220 V""}",,Fricon,,220 V,,,,,216L,Fricon,Não informado,Não informado,Horizontal,Tampa de Vidro,Não informado,Manual,Fricon,216L,Branco,220V,Horizontal,2 Portas,Manual
climario||24164,Freezer,Freezer Vertical 203 Litros Electrolux FE26 Branco 220V,"FREEZER VERTICAL 1 PORTA CYCLE DEFROST 203 LITROS FE26 <strong>Cestos removíveis:</strong> facilita a limpeza e organização dos alimentos. <strong>Chave auto-expulsiva:</strong> segurança, permite o travamento do freezer. <strong>Compartimento com tampa basculante:</strong> ideal para o armazenamento de grandes recipientes. <strong>Dreno de degelo: </strong>maior praticidade no descongelamento. A água do degelo escoa pelo dreno, facilitando seu recolhimento. <strong>Não contém CFC: </strong>não agride a camada de ozônio. <strong>Pés niveladores: </strong>permitem o perfeito nivelamento do produto. <strong>Puxador externo super resistente:</strong> design inovador que facilita a abertura da porta. <strong>Sistema Congelamento Rápido: </strong>permite o congelamento rápido dos alimentos. <strong>Tecla liga/desliga:</strong> basta iniciar a tecla para iniciar o descongelamento, sem necessidade de desligar o produto da tomada. Controle de Temperatura Sim Cor Branco Descongelamento Automático Não Dupla Função Freezer Gavetas 6 Prateleiras Removíveis Sim Rodizios Sim Tecnologia Defrost","{""capacidade_liquida_de_armazenamento"":""203 L"",""cor"":""Branco"",""marca"":""Electrolux"",""quantidade_de_portas"":""1 Porta"",""tipo"":""Vertical"",""voltagem"":""220 V""}",203 L,Electrolux,Branco,220 V,Vertical,,1 Porta,,203 Litros,Electrolux,Branco,220V,Vertical,1 Porta,1,Cycle Defrost,Electrolux,203L,Branco,220V,Vertical,1 Porta,Manual
lojaszema||1117,Freezer,Freezer Horizontal Metalfrio 293 Litros DA302,"Freezer Horizontal Metalfrio 293 Litros DA302.<br> <br> Características: <br> Capacidade: 293L<br> Consumo: 46kWh/mês<br> Gabinete Externo: Aço Pré Pintado<br> Gabinete Interno: Aço Pré Pintado<br> Material da moldura do tanque: Plástico<br> Tipo de Isolação: Poliuretano<br> Tipo de Pintura: Poliéster<br> Puxador de porta: Plástico<br> Capacidade: 293 litros<br> Número de portas: 01 porta<br> Potência: 90W<br> Grades removíveis: Não<br> Congelamento rápido: Não<br> Dreno de degelo: Sim<br> Porta reversível: Não<br> Função refrigerador: Sim<br> Painel eletrônico: Não<br> Gavetas: Não<br> Controle de temperatura: Sim<br> Rodízios: Sim<br> <br> Dimensões aproximadas do produto: <br> Altura: 94,4 cm<br> Largura: 99,8 cm <br> Profundidade: 69 cm<br> Peso: 57 kg <br> <br> Garantia do fornecedor de 12 meses.","{""capacidade_liquida_de_armazenamento"":""293 L"",""marca"":""Metalfrio"",""voltagem"":""127 V""}",293 L,Metalfrio,,127 V,,,,,293 Litros,Metalfrio,Não informado,Não informado,Horizontal,1 porta,1,Não informado,Metalfrio,293L,Branco,110V,Horizontal,1 Porta,Manual
madeiramadeira-openapi||343127,Freezer,Freezer Vertical Profissional Gelopar 220V,"Equipamento versátil que pode ser utilizado em diversas atividades comerciais, o conservador / refrigerador vertical com porta cega GTPC-575 é dupla ação, ideal para a conservação de gelo e produtos congelados ou refrigeração de produtos, sua temperatura pode variar para congelados entre -10° a -15°c e para resfriados entre 1° a 7°c, a refrigeração é estática com serpentina, controlada através de termostato dupla ação, possui degelo manual, tem 4 níveis de prateleiras aramadas reguláveis e inclináveis, porta cega com fechamento automático e pés reguláveis. Na temperatura de resfriados ocorre a formação de gotículas de água no interior do produto. Capacidade para 42 pacotes de gelo 5kg. Dimensões internas 565x668x1540mm. Equipamento indicado para uso comercial.","{""marca"":""Gelopar"",""tipo"":""Vertical"",""voltagem"":""220 V""}",,Gelopar,,220 V,Vertical,,,,Não informado,Gelopar,Não informado,220V,Vertical,Porta Cega,1,Manual,Gelopar,573L,Branco,220V,Vertical,1 Porta,Manual
dufrio||100253922,Freezer,Freezer Horizontal 2 Portas 385L Midea  RCFB31  110V,"Freezer Horizontal 2 Portas 385L Midea RCFB31 <p>Com este freezer você tem a possibilidade, além de poder congelar seus alimentos, pode manté-lo resfriado, de forma rápida.</p><p>Seu tamanho compacto que proporciona praticidade ao se adaptar em qualquer ambiente de sua casa. </p><p>Duas portas que facilitam o acesso ao conteúdo do freezer, preservando parte da temperatura interna, comodidade ao abrir e fechar a porta.</p><p>Com a versatilidade de suas funções, pode operar tanto como Freezer entre as temperaturas -28°C e -12°C,</p><p>quanto Refrigerador entre as temperaturas 0°C e 10°. Além disso, é o mais econômico.</p> ","{""capacidade_liquida_de_armazenamento"":""385 L"",""cor"":""Branco"",""marca"":""Midea"",""quantidade_de_portas"":""2 Portas""}",385 L,Midea,Branco,,,,2 Portas,,385L,Midea,Não informado,110V,Horizontal,2 Portas,2,Não informado,Midea,385L,Branco,110V,Horizontal,2 Portas,
continentalcenter||B100600020804010508,Freezer,Freezer Vertical Brastemp 1 Porta Frost Free 228L Branco 127V BVR28MB,"Freezer Vertical Brastemp 1 Porta Frost Free 228L Branco 127V BVR28MB <p><br></p><p>O Freezer Vertical Flex da Brastemp oferece a você diversas possibilidades para armazenar os seus alimentos de forma prática e organizada. Com tecnologia Frost Free, impede a formação de camadas de gelo nas paredes internas e não precisa descongelar o Freezer, facilitando muito mais o seu dia a dia.</p><p><br></p><p>O design do Freezer BVR28MB é moderno e sofisticado , com diferenciais incríveis que fazem dele ser a opção ideal para você , possui prateleiras de vidro temperado que facilitam a limpeza e melhoram a visibilidade do interior da geladeira. </p><p><br></p><p>O controle externo oferece total controle da temperatura do freezer no toque de um botão. O Freezer pode se transformar em uma geladeira sempre que precisar, isso porque conta com a tecnologia Flex .</p><p><br></p><p>Não espere mais para adquirir um item que oferece diversas possibilidades , conte com o Freezer Vertical Brastemp Flex e dê um upgrade na sua cozinha.</p><p><br></p><p><br></p><p> Especificações Técnicas: </p><p>Marca: Brastemp</p><p>Modelo: BVR28MB</p><p>Voltagem: 127V</p><p>Capacidade: 228L</p><p>Classificação Energética: A</p><p>Cor principal: Branco</p><p>Potência: 150W</p><p>Consumo aproximado de energia 55 kWh</p><p>Frequência: 60 Hz</p><p>Selo INMETRO: Sim</p><p>Nível de Ruído: 1 dBA</p><p>Tipo de puxador: Externo</p><p>Painel de Controle: Externo</p><p>Tecnologia: Frost Free</p><p>Tipo de Display: LED</p><p>Tipo de Controle do Painel: Eletrônico</p><p>Controle de temperatura: Sim</p><p>Número de Níveis de Temperatura: 3 </p><p>Dimensões do produto (LxAxP): 63,1 x 169,8 x 69,5 cm</p><p>Peso do produto: 66 kg</p><p>Dimensões da embalagem (LxAxP): 63.3 x 171.5 x 72.5 cm</p><p>Peso da embalagem: 68 kg</p><p>Garantia: 12 meses</p>","{""capacidade_liquida_de_armazenamento"":""228 L"",""cor"":""Branco"",""marca"":""Brastemp"",""tipo"":""Vertical"",""voltagem"":""127 V""}",228 L,Brastemp,Branco,127 V,Vertical,,,,228L,Brastemp,Branco,127V,Vertical,1 Porta,1,Frost Free,Brastemp,228L,Branco,110V,Vertical,1 Porta,Frost Free
comprebel2||75175,Freezer,Freezer Vertical Consul 1 Porta 246 Litros Branco CVU30FBANA - 127V,"<p>Freezer Vertical Consul 1 Porta 246 Litros Branco CVU30FBANA - 127V</p><p>O Freezer Vertical Consul CVU30 possui capacidade para 246L e é ideal para quem tem uma família grande, um montão de amigos e não vai ao mercado toda semana, precisando de muito espaço para conservar tudo. Além disso, esse freezer possui compartimentos suficientes para deixar tudo organizado.</p><p>ESPECIFICAÇÕES TÉCNICAS<br>Capacidade: 246L<br>Marca: Consul<br>Cor: Branco<br>Modelo: CVU30FBANA<br>Voltagem: 127V<br>Classificação Energética: A+<br>Degelo: Manual</p><p>DIMENSÕES E PESO<br>Altura: 170,0cm<br>Largura: 61.6 cm<br>Profundidade: 69.1 cm<br>Peso: 58 kg</p><p>GARANTIA<br>01 Ano (Sendo 3 meses de garantia legal e mais 9 meses de garantia para defeito de fabricação).</p>","{""capacidade_liquida_de_armazenamento"":""246 L"",""cor"":""Branco"",""marca"":""Consul"",""quantidade_de_portas"":""1 Porta"",""tipo"":""Vertical"",""voltagem"":""127 V""}",246 L,Consul,Branco,127 V,Vertical,,1 Porta,,246 Litros,Consul,Branco,127V,Vertical,1 Porta,1,Manual,Consul,246L,Branco,110V,Vertical,1 Porta,Manual
loja-ultrafeu||3586,Freezer,Freezer/Expositor Vertical Gelopar GLDF-450 Iluminação LED Vidro Duplo Temperado Preto 450 L,"Desenvolvido especialmente para o uso em estabelecimentos comerciais como restaurantes, lanchonetes e bares, o Freezer/Expositor Vertical GLDF-450 é ideal para manter sorvetes e produtos congelados à temperaturas de -16o a -20 oC, adequadas para o consumo. Esse controle de temperatura é feito por Controlador eletrônico digital, e a refrigeração através de ar forçado com serpentina de cobre aletada. Com 3 níveis de prateleiras reguláveis e reclináveis + estrado aramado, pés reguláveis, iluminação em LED e vidro temperado duplo com baixo emissivo com sistema de aquecimento para evitar o embaçamento. A Gelopar oferece 1 ano de tranquilidade a todos os clientes com a maior rede de assistências do Brasil. Temperatura: -18° a -22°C Refrigeração: Ar forçado com evaporador aletado Degelo: Automático (Frost Free) Controlador eletrônico com indicador de temperatura Iluminação: 1 barra de LED no painel externo; 1 interna superior Porta de vidro duplo temperado baixo emissvio, com aquecimento e fechamento automático Prateleiras aramadas: 3 níveis reguláveis e inclináveis + estrado Pés niveladores Vidros sujeitos a condensação da umidade do ar","{""marca"":""Gelopar"",""tipo"":""Vertical"",""voltagem"":""220V""}",,Gelopar,,220V,Vertical,,,,450 L,Gelopar,Preto,Não informado,Expositor Vertical,Porta de vidro duplo temperado baixo emissvio com aquecimento e fechamento automático,Não informado,Automático Frost Free,Gelopar,450L,Preto,220V,Vertical,1 Porta,Frost Free
magazineluiza||010112800,Freezer,Freezer Frost Free Eletrônico Inox 228 L Brastemp,,"{""capacidade_liquida_de_armazenamento"":""228 L"",""cor"":""Inox"",""marca"":""Brastemp"",""tipo_de_degelo"":""Frost Free"",""voltagem"":""220 V""}",228 L,Brastemp,Inox,220 V,,,,Frost Free,228 L,Brastemp,Inox,Não informado,Freezer,Não informado,Não informado,Frost Free,Brastemp,228L,Inox,,,,Frost Free
lojasguaibim1||507110,Freezer,Freezer Horizontal ECH-350 2 Portas 325L Branco Esmaltec,"Os freezers Esmaltec são conhecidos por sua eficiência e durabilidade. Possuem o maior espaço interno da categoria, são fáceis de limpar, além de serem ecologicamente corretos. Aqui, fresco e espaçoso são elogios! Para deixar sua vida muito mais prática o ECH-350 conta com tripla função: congelador, conservador e extra frio. O dreno frontal vai facilitar na hora da limpeza, assim como os rodízios reforçados que auxiliam a movimentação. Conta com gabinete interno em aço galvanizado e gabinete externo com pintura eletrostática a pó, garantindo maior durabilidade ao seu produto. E mais: duas tampas balanceadas, puxadores anatômicos, dobradiça silenciosa e grade interna.<br><br><br>Atenção: 1. Verifique a voltagem correta para o seu equipamento. Grande parte dos eletrodomésticos no Brasil estão disponíveis em duas voltagens: 110V ou 220V. Certifique-se qual a voltagem de sua residência e selecione o produto conforme essa especificação.","{""capacidade_liquida_de_armazenamento"":""325 L"",""cor"":""Branco"",""marca"":""Esmaltec"",""quantidade_de_portas"":""2 Portas"",""voltagem"":""127 V""}",325 L,Esmaltec,Branco,127 V,,,2 Portas,,325L,Esmaltec,Branco,Não informado,Horizontal,2 Portas,2,Não informado,Esmaltec,325L,Branco,110V,Horizontal,2 Portas,Manual
friopecas||139874,Freezer,Freezer Horizontal Electrolux 400 Litros 2 Portas Branco H440  220 Volts,"Você pode até achar que freezer é um tipo de eletrodoméstico útil apenas para quem tem comércio, mas não é bem assim. Ter um freezer em casa pode proporcionar uma série de benefícios para quem tem família grande ou, por qualquer motivo, precisa de bastante espaço para armazenar alimentos congelados. No freezer horizontal, você pode guardar grandes volumes que, muitas vezes, não cabem no congelador. E sabendo de como ele pode facilitar a sua vida a Electrolux, conta com o modelo H440. Ele é horizontal e possui degelo manual. Conta com duas portas e tem capacidade líquida total de 400 litros.","{""capacidade_liquida_de_armazenamento"":""400 L"",""cor"":""Branco"",""marca"":""Electrolux"",""quantidade_de_portas"":""2 Portas"",""voltagem"":""220 V""}",400 L,Electrolux,Branco,220 V,,,2 Portas,,400 Litros,Electrolux,Branco,220 Volts,Horizontal,2 Portas,2,Manual,Electrolux,400L,Branco,220V,Horizontal,2 Portas,Manual
atauequipamentos||4395,Freezer,Freezer Plano Dupla Ação Vidro Reto Deslizante com LED GHD300L Gelopar,"Conservador Refrigerador Plano Dupla Ação Vidro Reto Deslizante GHD300LCZ Gelopar. Conservação e Exposição de sorvetes e produtos congelados. Conservação e Exposição de bebidas e produtos resfriados. Ideal para supermercados, lanchonetes, restaurantes, bares e similares. Refrigeração: Estática com Serpentina. Temperatura: Congelados -16 a -20C. Temperatura: Resfriados 0 a +7C. Degelo: Manual. Unidade condensadora com ar forçado, com micro motor que promove maior desempenho. Controle de Temperatura: Termostato dupla ação. Revestimento Interno: Aço pré-pintado branco. Revestimento Externo: Aço pré-pintado branco. 2 tampas: Vidros temperados, deslizantes, baixo emissivo. Dreno frontal com tampa. Colarinho em ABS com cabeceiras injetadas. Gabinete com rodízios. Vidros sujeitos a condensação da umidade do ar. Iluminação em LED. Gás ecológico R290. CAPACIDADE: 295 litros. FREQUÊNCIA: 60Hz. PESO: 51kg. DIMENSÕES EXTERNAS(CxAxL): 108,5x85,5x68,7cm. Equipamento certificado conforme Portaria Inmetro no 371/2009. Conservador Refrigerador Plano Dupla Ação Vidro Reto Deslizante GHD300LCZ Gelopar é na Atau.",{},,,,,,,,,295 litros,Gelopar,Não informado,Não informado,Freezer,Dupla Ação,Não informado,Manual,Gelopar,295L,Branco,110V,Horizontal,2 Portas,Manual
magazineluiza||227736200,Freezer,Freezer Horizontal Philco 1 Porta 418L,"Você pode até achar que freezer é um tipo de eletrodoméstico útil apenas para quem tem comércio, mas não é bem assim. Ter um freezer em casa pode proporcionar uma série de benefícios para quem tem família grande ou, que precisa de espaço para armazenar alimentos congelados. No freezer horizontal, você pode guardar grandes volumes que, muitas vezes, não cabem no congelador. E sabendo de como ele pode facilitar a sua vida a Philco apresenta o freezer PFH440B. Ele é horizontal, pode ser utilizado como freezer ou refrigerador e tem degelo manual. Conta com uma porta e tem capacidade de 418 litros.","{""cor"":""Branco"",""marca"":""Philco"",""quantidade_de_portas"":""1 Porta"",""voltagem"":""220 V""}",,Philco,Branco,220 V,,,1 Porta,,418L,Philco,Não informado,Não informado,Horizontal,1 Porta,1,Manual,Philco,418L,Branco,220V,Horizontal,1 Porta,Manual
gazin||12381,Freezer,Freezer Electrolux 199L 1 Porta Horizontal Degelo Manual HE200,"Coloque as bebidas para gelar, deixe as sobremesas muito mais gostosas, e os alimentos devidamente refrigerados com o Freezer Electrolux HE200. São 199 litros de capacidade aptos a manter os alimentos em condições de preparo e consumo. O modelo traz degelo manual e conta com o auxílio da tecnologia cycle defrost, capaz de reduzir drasticamente o acúmulo de gelo, além de funcionar como refrigerador e freezer. É só escolher de acordo com o tipo de alimento, necessidade do momento, e tudo mais... Se preferir, use a função turbo freezer e deixe tudo estupidamente gelado em poucos instantes. Faça isso, com muita economia devido a classificação A+ de energia.<br> <br> Praticidade e segurança<br> Aproveite também a iluminação de LED, possibilidade de travamento com chave, e cesto interno para garantir a organização, segurança e observação privilegiada da parte interna. Além disso, a abertura da porta na horizontal dá show de facilidade!<br> <br> Sobre a marca: Electrolux, transformando a vida para melhor!<br> Electrolux, uma empresa centenária que passou todo esse tempo com um único objetivo: Facilitar a vida das pessoas através de produtos com design diferenciado, inovadores e tecnológicos. Mundialmente conhecida, a empresa conquistou clientes proporcionando experiências únicas focadas no bem estar e qualidade de vida. De lá pra cá a Electrolux cresceu, se fortaleceu e se solidificou no mercado de eletrodomésticos, sendo pioneira no desenvolvimento e lançamento de produtos para todos os ambientes da casa... e para fora dela também. Com sede por inovar ela segue lançando tendências, como o app Electrolux + (Home Plus) para Android e iOS que conecta todos os produtos da linha smart control com um simples toque no seu smartphone. A proposta da Electrolux para o futuro é clara, contribuir para a melhoria da vida de forma sustentável em todo o mundo. <br> <br> Caracteristicas:<br> Marca: Electrolux<br> Modelo: HE200<br> Capacidade total: 199 litros<br> Tipo de degelo: Manual<br> Tipo de freezer: Horizontal<br> Modos: Freezer e refrigerador<br> Painel: Externo<br> Quantidade de portas: 1 porta<br> Controle de temperatura: Sim<br> Dreno: Sim<br> Pés com rodízios: Sim<br> Travamento da porta com chave: Sim<br> Cestos internos: Sim<br> Eficiência energética: A+<br> Consumo: 31,4 kW/h<br> Frequência: 60 Hz<br> Inmetro: Sim<br> <br> Conteúdo da embalagem<br> 01 freezer e manual de instruções<br> <br> Dimensões:<br> Altura: 85 cm<br> Largura: 81,2 cm<br> Profundidade: 60,3 cm<br> Peso: 30 kg<br> <br> Garantia<br> 01 ano (3 meses de garantia legal e mais 9 meses de garantia especial concedida pelo fabricante).<br> <br> Detalhes sobre a compra:<br> Fique de olho: siga sempre as orientações do fabricante e utilize seu produto de acordo com o manual. A empresa não se responsabiliza pelo mau uso do produto, o que pode causar perda da garantia.#8239; <br> Não nos encarregamos, no ato da entrega, por montagens e desmontagens, subir escadas/elevadores ou transporte por guincho para apartamentos. Eventuais despesas são de responsabilidade do cliente. <br> O valor divulgado é unitário e a imagem é meramente ilustrativa. Precisou trocar ou devolver? O prazo é de 7 dias a partir do recebimento do produto - Lei n 8.078 _x0096_ Sempre confira no ato da entrega.","{""capacidade_liquida_de_armazenamento"":""199 L"",""cor"":""Branco"",""marca"":""Electrolux"",""quantidade_de_portas"":""1 Porta"",""tipo_de_degelo"":""Degelo Manual"",""voltagem"":""220 V""}",199 L,Electrolux,Branco,220 V,,,1 Porta,Degelo Manual,199L,Electrolux,Não informado,Não informado,Horizontal,1 porta,1,Manual,Electrolux,199L,Branco,220V,Horizontal,1 Porta,Manual
lojasminatel||FAUSTO12015,Freezer,Freezer vertical fe 26 cycle defrost 203 litros branco electrolux,"<p>Com o Sistema Congelamento Rápido, o Freezer Vertical FE26 permite o congelamento muito mais ágil dos alimentos. </p><p>O botão Liga/Desliga permite que o freezer seja facilmente desligado sem a necessidade de tirá-lo da tomada e o Dreno de Degelo para maior praticidade no descongelamento.</p><p>Produto Completo para sua Comodidade<br>Com cestos removíveis, pés niveladores e compartimento com tampa Basculante esse produto é o ideal pois facilita a limpeza e organização dos alimentos e é ideal para o armazenamento dos seus alimentos</p><p>Tecnologia no Congelamento dos seus Alimentos<br>Com o Sistema Congelamento Rápido que permite o congelamento mais rápido dos alimentos</p><p>Maior Facilidade para o seu Dia-a-dia<br>Botão Liga/Desliga que permite que facilmente o freezer seja desligado sem a necessidade de tirá-lo da tomada e Dreno de Degelo para maior praticidade no descongelamento. A água do Degelo escoa pelo Dreno, facilitando seu recolhimento</p>","{""capacidade_liquida_de_armazenamento"":""203 L"",""cor"":""Branco"",""marca"":""Electrolux"",""tipo"":""Vertical"",""voltagem"":""220 V""}",203 L,Electrolux,Branco,220 V,Vertical,,,,203 litros,electrolux,branco,Não informado,vertical,Não informado,Não informado,cycle defrost,Electrolux,203L,Branco,220V,Vertical,1 Porta,Cycle Defrost
eletrofacil||CHA22EBANA,Freezer,Freezer Horizontal Consul 220L Branco 110V CHA22EBANA,"<p><strong>Freezer Horizontal Consul 220L Branco 110V CHA22EBANA</strong></p><p>O Freezer Horizontal CHA22 com 220 litros possui controle eletrônico, para você programar a temperatura facilmente e escolher entre os modos freezer ou refrigerador. É prático e econômico, pois possui classificação energética A.</p><p><strong>Controle Eletrônico</strong><br>Programe a temperatura desejada em apenas um toque e escolha entre os modos freezer ou refrigerador, de acordo com a sua necessidade.</p><p><strong>Prático</strong><br>Prático de limpar com o dreno frontal; basta colocar uma vasilha embaixo do dreno para recolher o gelo derretido. Também possui 4 rodinhas nos pés, que facilitam a movimentação do produto.</p><p><strong>Econômico</strong><br>Classificação A nos testes de consumo de energia do Inmetro.</p><p><strong>Resistente</strong><br>Interior feito com liga metálica de alta resistência à corrosão.</p> <p><strong>Características</strong></p><p>Tipo - Horizontal<br>Marca - Consul<br>Capacidade (L) - 220<br>Portas ou Tampas - 1<br>Potência (W) - 107W<br>Congelamento rápido - Sim<br>Dreno de degelo - Sim<br>Porta reversível - Não<br>Função refrigerador - Sim<br>Controle de temperatura - Sim</p><p><strong>Especificações</strong></p><p>Eficiência - A<br>Tensão - 110V<br>Cor - Branco<br>Tipo - Freezer<br>Consumo - 35,22W<br>Modelos Compatíveis</p><p>326020458; 326020253; 326020952; 326021375; 326022195; 2003811; 326022186; 326022523; 1906; 326021411; 326021422; 326021417; 326020687; 326022526; 2004508; 326021343; 326020395; 326024152; 326020399, 326020458; 326020253; 326020952; 326021375; 326022195; 2003811; 326022186; 326022523; 1906; 326021411; 326021422; 326021417; 326020687; 326022526; 2004508; 326021343; 326020395; 326024152; 326020399</p><p>Garantia - 12 meses</p>","{""capacidade_liquida_de_armazenamento"":""220 L"",""cor"":""Branco"",""marca"":""Consul"",""voltagem"":""127 V""}",220 L,Consul,Branco,127 V,,,,,220L,Consul,Branco,110V,Horizontal,1,1,Não informado,Consul,220L,Branco,110V,Horizontal,1 Porta,Manual
frigelar2||KIT2178,Freezer,Freezer Expositor Horizontal Metalfrio 318 Litros Branco,"<p>Nextgen Supra: Sistema de refrigeração de alta eficiência, economia de energia e tecnologia superior em todos os sentidos. A linha de Freezers NF Supra apresenta alta performance, robustez e economia de energia, ideal para estabelecimentos comerciais, no armazenamento de sorvetes e produtos congelados. Seu gabinete possui nova parede de isolação, com maior espessura, garantindo mais eficiência na troca de calor com menor consumo de energia. Para manter seus produtos na temperatura, textura e aparência ideal, conte com a Metalfrio, a número 1 em fabricação de refrigeradores e freezers comerciais do Brasil. Nextgen Supra: Sistema de refrigeração de alta eficiência, economia de energia e tecnologia superior em todos os sentidos. A linha de Freezers NF Supra apresenta alta performance, robustez e economia de energia, ideal para estabelecimentos comerciais, no armazenamento de sorvetes e produtos congelados. Seu gabinete possui nova parede de isolação, com maior espessura, garantindo mais eficiência na troca de calor com menor consumo de energia. Para manter seus produtos na temperatura, textura e aparência ideal, conte com a Metalfrio, a número 1 em fabricação de refrigeradores e freezers comerciais do Brasil.</p><p>Principais Características:<br>• Novo sistema de refrigeração com melhor desempenho, redução no consumo de energia e maior vida útil do freezer.<br>• Gás Ecológico R290: Amigável ao meio ambiente reduz em até 99% as emissões de gases causadores do efeito estufa<br>• Novo Gabinete: nova altura do gabinete facilita o acesso e garante melhor visibilidade para sorvetes e congelados.<br>• Nova Parede de Isolação: com maior espessura, mantém o interior do freezer mais gelado e a troca de calor mais eficiente.<br>• Tanque Interno: Feito em aço pré-pintado, além de ser mais bonito, facilita a limpeza e evita manchas, riscos e protege contra corrosão.<br>• Nova Moldura possui design moderno, produzida em plástico ABS de alta resistência e com proteção contra raios UV.<br>• Puxadores: Com design moderno, são ergonômicos e resistentes.<br>• Veneziana lateral traz design arrojado e logomarca exclusiva Next Gen.<br>• Rodízios: Facilitam a movimentação do freezer, oferecendo praticidade na limpeza e mudança de layout</p>","{""marca"":""Metalfrio"",""voltagem"":""127 V""}",,Metalfrio,,127 V,,,,,318 Litros,Metalfrio,Branco,Não informado,Expositor Horizontal,Não informado,Não informado,Não informado,Metalfrio,318L,Branco,110V,Horizontal,2 Portas,Manual
varejaodasmaquinas2||VM01031,Freezer,Freezer horizontal  gelopar 532 litros  2 tampas GHBS 510 BR  127V,"<br><strong>Descrição do Produto</strong> <span>Conservação e exposição de produtos congelados</span><br><span>Temperatura: -16o a -20oC</span><br><span>Refrigeração: Estática com Serpentina de Cobre</span><br><span>Controle de Temperatura: Termostato</span><br><span>Skin condenser: Excelente dissipador de calor com baixíssimo nível de </span><span>ruído e significativa redução no consumo de energia</span><br><span>Degelo: Manual</span><br><span>Tampas: Cegas, basculantes com puxadores</span><br><span>Dreno frontal com tampa</span><br><span>Revestimento interno e externo em Aço pré-pintado branco</span><br><span>Gabinete com rodízios</span><br><span>Opcional: Grade divisória interna</span><br><span>Fechadura com chave</span><span>* Imagens meramente ilustrativas. Imagens e informações sujeitas a alterações sem aviso prévio.</span><br><br><span>** Cores de acabamento e materiais sujeitos a variação de acordo com o lote de produção e/ou entre os materiais que compõem o produto (ex.: chapa, plástico,madeiras e etc.).</span>","{""capacidade_liquida_de_armazenamento"":""532 L"",""marca"":""Gelopar""}",532 L,Gelopar,,,,,,,532 litros,gelopar,Não informado,127V,horizontal,2 tampas,2,Manual,Gelopar,532L,Branco,110V,Horizontal,2 Portas,Manual
magazineluiza||216448300,Freezer,Freezer Horizontal 410L 2 Portas Freeart Seral,"O freezer horizontal 410 litros da Freeart Seral é indicado para resfriados e congelados. O acabamento interno é com cantos arredondados que facilitam a limpeza, tem divisória aramada para organizar melhor seu interior. O tampo é com puxador lateral, rodízio de alta resistência, é um ótimo produto para branding e tampo reto em vidro.","{""capacidade_liquida_de_armazenamento"":""410 L"",""marca"":""Freeart Seral"",""portas"":""2 Portas"",""voltagem"":""220 V""}",410 L,Freeart Seral,,220 V,,2 Portas,,,410L,Freeart Seral,Não informado,Não informado,Horizontal,2 Portas,2,Não informado,Freeart Seral,410L,Branco,220V,Horizontal,2 Portas,Manual
importline||14966332204,Freezer,Freezer 205l midea horizontal 01 tampa - rcfb21,"O Freezer Horizontal Midea 205L é perfeito para quem quer preservar alimentos resfriados, conservados ou congelados de forma rápida. Possui cesto aramado para melhor organização de seus alimentos. Graças a versatilidade de suas funções, pode operar tanto como Freezer entre as temperaturas -24°C e -12°C, quanto como conservador e refrigerador entre as temperaturas 0°C e 10°C. Possui selo procel com classificação A de economia no Inmetro e 10 anos de garantia no compressor.<br> 3 funções para atender as necessidades do dia a dia: freezer, refrigerador e conservador.<br> Temperaturas flexíveis para congelar, conservar e refrigerar, agregando mais possibilidades de armazenamento. Com temperaturas de -24°C a +10°C<br> Super Econômico: Selo PROCEL com classificação A de economia no INMETRO.<br> Puxador ergonômico: mais praticidade para pegar seus alimentos<br> Termostato externo: ajuste a temperatura de forma simples e rápida<br> Cesto aramado: para melhor organização de seus alimentos<br> Baixo nível de ruído<br> Fechadura com chave: mais segurança para você.<br> Rodízios: para facilitar o transporte<br> Gás refrigerante ecológico R600a: livre de CFC<br> CARACTERÍSTICAS: Eficiência energética: Selo Procel (Classificação Energética A pelo INMETRO)Funções: Resfriar, Conservar e FreezerRange de temperatura : 10~0 , -12~-24°CCapacidade (l): 205LPainel: MecânicoCor interna: PrataCor externa : BrancoMaterial interno : AlumínioMaterial externo : Aço galvanizadoNúmero de portas: 1Cesto de armazenagem: SimPuxador ergonômico: SimDreno: FrontalRodízio: 2 rodízios somente na base do compressorSuporte do cabo de alimentação: SimLuz Indicadora de Funcionamento: SimFluido Refrigerante: R600aConsumo aproximado de energia (kWh/mês): 127V - 19,8 / 220V - 23,1Potência: 127V - 150W / 220V - 130WTemperatura de Operação do Freezer: -24°C (mínimo) / -12°C (máximo)Temperatura de Operação do Conservador/Refrigerador: 0 °C (mínimo) / 10°C (máximo)Frequência: 60 HzTipo de tomada: 10A<br> Itens inclusos na embalagem: Freezer Horinzontal, cesto aramado, puxador, chaves e parafusos e manual do usuário<br> Dimensões:Produto:Altura: 85,0 cmAltura com tampa aberta e puxador: 135,0 cmLargura: 81,2 cmProfundidade: 56,2 cmPeso liquido: 30kg<br> Produto Embalado: Altura: 87,0 cmLargura: 85,3 cmProfundidade: 57,8 cmPeso Bruto: 33kg<br> Garantia: 12 meses.Cor: BRANCO - Voltagem: 110 VOLTS.","{""marca"":""Midea"",""voltagem"":""127 V""}",,Midea,,127 V,,,,,205L,Midea,Branco,110 VOLTS,Horizontal,1 tampa,1,Manual,Midea,205L,Branco,110V,Horizontal,1 Porta,
maniavirtual||9018301-01,Freezer,Freezer Horizontal Midea 415l 110v,"Mantenha seus alimentos sempre conservados no Freezer Horizontal Midea 415L. Ele traz quatro funções para resfriar, conservar e congelar, através do termostato externo com 9 opções de temperatura. Além disso, a função Freezer + possibilita resfriar os alimentos de forma mais rápida. Prático, possui abertura de porta superior com puxador ergonômico e rodízios que ajudam no transporte; seu dreno frontal para escoamento da água do degelo facilita na hora da limpeza. Também acompanha um cesto aramado para organização dos alimentos e fechadura com chave. Não agride a camada de Ozônio, pois é livre de CFC. Temperatura de Operação Freezer: mínimo de -28°C e máximo de -12°C. Temperatura de operação do conservador/refrigerador: mínimo de 0°C e máximo de 10°C.<br>Classificação A de economia no inmetro.<br><br>Código: RCFA41<br>Cor: Branco<br>Eficiência Energética: A<br>Capacidade: 415L<br>Tensão: 127V<br>Número de Portas: 1<br>Fluído Refrigerante: R134A<br>Faixa de Temperatura oC: 10 a -28<br>Potência(W):240<br>Consumo aproximado de energia(KWh/mês) 45,6<br>Dimensões(AxLxP) cm: 84x143x69<br><br>","{""capacidade_liquida_de_armazenamento"":""415 L"",""cor"":""Branco"",""marca"":""Midea"",""voltagem"":""127 V""}",415 L,Midea,Branco,127 V,,,,,415L,Midea,Branco,127V,Horizontal,1,1,Não informado,Midea,415L,Branco,110V,Horizontal,1 Porta,
multiloja||16174,Freezer,Freezer Horizontal Electrolux H162 1 Porta 149L,"O Freezer Horizontal Electrolux H162 1 Porta 149 L é ideal para manter seus alimentos bem conservados e organizados! Possui ampla capacidade de armazenamento, chave inclusa, painel de controle frontal e cesto aramado que acomoda perfeitamente seus alimentos. Ele tem ainda dupla função: você pode utilizá-lo de acordo com a sua necessidade, seja como freezer ou conservador. Além disso, ainda conta com tampa balanceada e dreno que escoa a água do degelo para facilitar sua vida na hora da limpeza. O puxador foi projetado ergonomicamente para um manuseio mais seguro. Tenha à disposição um freezer Electrolux para manter e conservar seus alimentos e bebidas por muito mais tempo!<br> <br> <br> Especificações técnicas:<br> Freezer horizontal<br> Capacidade: 149 L<br> 1 Porta<br> Dreno de degelo<br> Dupla função: conservador e freezer<br> Eficiência energética: A<br> Painel de controle<br> Rodízios<br> Cesto aramado<br> Tecnologia Cycle Defrost<br> <br> <br> Dimensões:<br> Altura: 90,9 cm<br> Largura: 60,6 cm<br> Profundidade: 71,8 cm<br> Peso: 36 kg<br> <br> <br> Garantia do fornecedor: 12 meses.","{""capacidade_liquida_de_armazenamento"":""149 L"",""cor"":""Branco"",""marca"":""Electrolux"",""quantidade_de_portas"":""1 Porta"",""voltagem"":""127 V""}",149 L,Electrolux,Branco,127 V,,,1 Porta,,149L,Electrolux,Não informado,Não informado,Horizontal,1 Porta,1,Cycle Defrost,Electrolux,149L,Branco,110V,Horizontal,1 Porta,Cycle Defrost
gazinshop||12668,Freezer,Freezer Brastemp 228L 1 Porta Vertical Flex Frost Free BVR28NK,"Elegância e praticidade em sua cozinha com o Freezer Vertical BVR28NK da Brastemp. Ele possui 1 porta e controle de temperatura externo, além de possui muito espaço interno para armazenar diversos alimentos. Confira mais detalhes: <br> <br> Versatilidade<br> Transforme seu freezer em geladeira sempre que precisar, pois ele conta com a tecnologia Flex, e não precisa descongelar por ser Frost Free. Suas prateleiras são de vidro temperado, desta forma elas são fáceis de limpar e melhor de visualizar seu interior.<br> <br> Moderno<br> O BVR28NK possui um acabamento Evox com garantia de 3 anos contra ferrugem e corrosão na porta do seu freezer. Com seu controle de temperatura basta um toque de um botão e tenha o total controle sem precisar ficar abrindo a porta o tempo todo e tenha seus alimentos e bebidas na temperatura desejada.<br> <br> Características:<br> Marca: Brastemp<br> Modelo: BVR28NK<br> Capacidade total: 228 litros<br> Tipo de degelo: Frost Free<br> Tipo de freezer: Vertical<br> Modos: Refrigera<br> Painel: Externo<br> Quantidade de portas: 1 porta<br> Controle de temperatura: Sim<br> Material interno: Evox<br> Dreno: Sim<br> Eficiência energética: A++<br> Consumo: 46,2 kWh<br> Código de barras: 110V: 7891129550711 | 220V: 7891129550728<br> <br> Conteúdo da embalagem: 01 freezer e manual de instruções<br> <br> Dimensões:<br> Altura: 169,8 cm<br> Largura: 63,1 cm<br> Profundidade: 69,5 cm<br> Peso: 66 kg<br> <br> Garantia: 01 ano (3 meses de garantia legal e mais 9 meses de garantia especial concedida pelo fabricante).<br> <br> Sobre a marca: Brastemp, soluções inteligentes!<br> A Brastemp faz parte do grupo Whirlpool Latin América e busca sempre despertar, estimular, provocar, intensificar, aproximar e impactar as pessoas transformando as suas vidas ao longo desses 60 anos. Mais do que produtos, oferecem soluções inteligentes com visão e propósito. Não acreditam em soluções genéricas para questões específicas. Atendem cada necessidade e desejo caso a caso, de forma particular. Conhecem profundamente as diferenças de todo o processo realizado pelos produtos tratando cada um deles de forma específica.","{""capacidade_liquida_de_armazenamento"":""228 L"",""cor"":""Inox"",""marca"":""Brastemp"",""quantidade_de_portas"":""1 Porta"",""tipo"":""Vertical"",""tipo_de_degelo"":""Frost Free"",""voltagem"":""Bivolt""}",228 L,Brastemp,Inox,Bivolt,Vertical,,1 Porta,Frost Free,228L,Brastemp,Não informado,110V ou 220V,Vertical,1 porta,1,Frost Free,Brastemp,228L,Inox,110V,Vertical,1 Porta,Frost Free
acmuller||12008,Freezer,Freezer Horizontal Dupla Ação 419 Litros Tampa Cega 220V DA420 - Metalfrio,"O Freezer Horizontal dupla ação DA420 da Metalfrio, pode ser utilizado como freezer e refrigerador com capacidade líquida 419 litros. Possui design arredondado, 2 portas, gabinete externo e interno em aço zincado e pré-pintado com esmalte poliéster, porta balanceada, leve e fácil de abrir, rodízios para facilitar a locomoção e fechadura de segurança. Conta ainda com dreno frontal que dispensa o deslocamento para o degelo e termostato para a regulagem da temperatura. É ecologicamente correto, não contém CFC, não agride a camada de ozônio. Ficou muito mais fácil e prático conservar e armazenar suas bebidas e alimentos!","{""capacidade_liquida_de_armazenamento"":""419 L"",""marca"":""Metalfrio"",""portas"":""2 Portas"",""voltagem"":""220 V""}",419 L,Metalfrio,,220 V,,2 Portas,,,419 Litros,Metalfrio,Não informado,220V,Horizontal,Dupla Ação,2 portas,Dreno Frontal,Metalfrio,419L,Branco,220V,Horizontal,2 Portas,Manual
acimaqequipamentoscomerciais||48005,Freezer,Freezer Vertical Dupla Ação Gpa57 Branco 578l Porta Vidro 220v Gelopar,"<p>Projetado para a conservação e exposição eficientes de gelo e produtos congelados ou resfriados, este equipamento oferece flexibilidade de uso. Com sistema de refrigeração estática e serpentina, mantém temperaturas ideais, variando de -10°C a -15°C para produtos congelados e de 0°C a +7°C para produtos resfriados. Seu controle de temperatura é assegurado por um termostato dupla ação, enquanto o degelo é manual. Equipado com portas de vidro temperado duplo baixo emissivo, com aquecimento e fechamento automático, proporciona visibilidade e eficiência energética. As quatro prateleiras aramadas, reguláveis e inclináveis, oferecem flexibilidade no arranjo dos produtos. Com dimensões internas de 565x668x1540mm (FxPxA), pés niveladores e iluminação interna por barra de LED, este equipamento atende a padrões de certificação conforme a Portaria do Inmetro.</p><p><br></p><p>Conservação e exposição de gelo e produtos congelados ou Conservação e exposição de produtos resfriados</p><p>Refrigeração: Estática com serpentina</p><p>Temperatura: Congelados -10° a -15°C / Resfriados 0o a +7oC</p><p>Degelo: Manual</p><p>Controle de Temperatura: Termostato dupla ação</p><p>Iluminação: 1 barra de LED interna superior</p><p>Portas: Vidro temperado duplo baixo emissivo, com aquecimento</p><p>Fechamento automático</p><p>Prateleiras aramadas: 4 níveis reguláveis e inclináveis</p><p>Pés niveladores</p><p>Vidros sujeitos a condensação da umidade do ar</p><p>Obs: Na temperatura de resfriados ocorre a formação de gotículas de água no interior do produto</p><p>Dimensões internas : 565x668x1540mm (FxPxA)</p><p>Equipamento certificado conforme Portaria Inmetro</p>","{""marca"":""Gelopar"",""tipo"":""Vertical"",""voltagem"":""220 V""}",,Gelopar,,220 V,Vertical,,,,578l,Gelopar,Branco,220v,Vertical,Porta Vidro,1,Manual,Gelopar,577L,Branco,220V,Vertical,1 Porta,Manual
multiloja||30757,Freezer,Freezer Horizontal Midea RCFB2 205L,"O Freezer Horizontal Midea 205L é perfeito para quem quer preservar alimentos resfriados, conservados ou congelados de forma rápida. Possui cesto aramado para melhor organização de seus alimentos. Graças a versatilidade de suas funções, pode operar tanto como Freezer entre as temperaturas -24°C e -12°C, quanto como conservador e refrigerador entre as temperaturas 0°C e 10°C. Possui selo procel com classificação A de economia no Inmetro e 10 anos de garantia no compressor.<br> <br> <br> Características:<br> Funções: Resfriar, Conservar e Freezer<br> Capacidade (l): 205L<br> Potência (W): 150W (127V) e 130W (220V)<br> Frequência: 60 Hz<br> Painel: Mecânico<br> 1 porta<br> Puxador ergonômico<br> Fechadura com chave<br> Cesto de armazenagem<br> Dreno: Frontal<br> Suporte do cabo de alimentação<br> Luz Indicadora de Funcionamento<br> 2 rodízios somente na base do compressor<br> Material interno: Alumínio<br> Material externo: Aço galvanizado<br> Gás refrigerante ecológico R600a: livre de CFC<br> Temperatura de Operação do Freezer: -24°C (mínimo) / -12°C (máximo)<br> Temperatura de Operação do Conservador/Refrigerador: 0 °C (mínimo) / 10°C (máximo)<br> Número de Registro: 003109/2016<br> <br> <br> Dimensões:<br> Altura: 85 cm<br> Largura: 81,2 cm<br> Profundidade: 56,2 cm<br> Peso: 30,00 kg<br> <br> <br> Garantia do fornecedor de 12 meses","{""capacidade_liquida_de_armazenamento"":""205 L"",""cor"":""Branco"",""marca"":""Midea"",""quantidade_de_portas"":""1 Porta"",""voltagem"":""127 V""}",205 L,Midea,Branco,127 V,,,1 Porta,,205L,Midea,Não informado,127V e 220V,Horizontal,1 porta,1,Manual,Midea,205L,Branco,110V,Horizontal,1 Porta,
electrolux||2000047,Freezer,Freezer Vertical Electrolux Cycle Defrost 203L  Uma Porta (FE26),"Com o Sistema Congelamento Rápido, o Freezer Vertical FE26 permite o congelamento muito mais ágil dos alimentos. O botão Liga/Desliga permite que o freezer seja facilmente desligado sem a necessidade de tirá-lo da tomada e o Dreno de Degelo para maior praticidade no descongelamento.","{""capacidade_liquida_de_armazenamento"":""203 L"",""cor"":""Branco"",""marca"":""Electrolux"",""voltagem"":""Bivolt""}",203 L,Electrolux,Branco,Bivolt,,,,,203L,Electrolux,Não informado,Não informado,Vertical,Uma Porta,1,Cycle Defrost,Electrolux,203L,Branco,110V,Vertical,1 Porta,Cycle Defrost
britania||8462,Freezer,Freezer e Refrigerador Philco PFH515B 492L Horizontal Branco,"Freezer e Refrigerador Horizontal Philco PFH515B é 2 em 1 com capacidade para 492 litros. Ideal para refrigerar e congelar você tem 2 equipamentos em um só, por meio de uma chave seletora, você altera de freezer para refrigerador e vice-versa de maneira prática e rápida. Perfeito para versatilidade, robustez e desempenho. E para garantir ainda mais a qualidade do produto ele possui Classificação Energética “A” muito mais economia de energia e Livre de CFC. Bom para o meio ambiente, excelente para o seu bolso. O cesto aramado é removível facilitando a organização e limpeza, que também é facilitada pelo Dreno para escoamento da água. Se precisar deslocar ele tem 4 rodinhas e pode ser movimentado sem muito esforço. Completo, funcional e prático. Características Sistema Dupla Função: Pode operar na função freezer ou refrigerador; Maior Capacidade e melhor aproveitamento de espaço; Controle de temperatura eletrônico no painel frontal; Sistema de refrigeração por compressor; Classificação energética A; Gás refrigerante R290; Rodízios para deslocamento (4), facilitando a movimentação do produto; Dreno frontal, facilitando o degelo e limpeza do produto; Degelo Manual; Volume Interno 492 litros; Duas portas; Chave de Segurança, permite trancar o freezer se necessário; Disponível em 127V e 220V;","{""capacidade_liquida_de_armazenamento"":""492 L"",""cor"":""Branco"",""marca"":""Philco"",""voltagem"":""Bivolt""}",492 L,Philco,Branco,Bivolt,,,,,492L,Philco,Branco,127V e 220V,Horizontal,Duas portas,2,Manual,Philco,492L,Branco,220V,Horizontal,2 Portas,Manual
lojastopmoveis1||24,Freezer,Freezer Horizontal 295 Litros 9 Temperaturas RCFA32 Midea,"<p>Mantenha seus alimentos sempre conservados no Freezer Horizontal Midea 295L. Ele traz quatro funções para resfriar, conservar e congelar, através do termostato externo com 9 opções de temperatura. Além disso, a função Freezer possibilita resfriar os alimentos de forma mais rápida. Prático, possui abertura de porta superior com puxador ergonômico e rodízios que ajudam no transporte; seu dreno frontal para escoamento da água do degelo facilita na hora da limpeza. </p><p><br></p><p> Também acompanha um cesto aramado para organização dos alimentos e fechadura com chave. Não agride a camada de Ozônio, pois é livre de CFC. Temperatura de Operação Freezer: mínimo de -28°C e máximo de -12°C. Temperatura de operação do conservador/refrigerador: mínimo de 0°C e máximo de 10°C. </p><p><br></p><p> Dimensões:</p><p> Altura: 85 cm </p><p> Largura: 112 cm </p><p> Profundidade: 68 cm </p><p> Peso: 46 Kg</p><p><br></p><p> Garantia do fornecedor: 12 meses</p>","{""capacidade_liquida_de_armazenamento"":""295 L"",""cor"":""Branco"",""marca"":""Midea"",""tipo_de_degelo"":""Degelo Manual""}",295 L,Midea,Branco,,,,,Degelo Manual,295 Litros,Midea,Não informado,Não informado,Horizontal,Não informado,Não informado,Não informado,Midea,295L,Branco,220V,Horizontal,1 Porta,
carrefouroficial||900008522,Freezer,Freezer Horizontal Degelo Manual 1 Porta 413 Litros GHDE-410H CZ Gelopar,"Freezer Horizontal Degelo Manual Gelopar 1 Porta 413L GHDE-410H CZ <br> <br> Conservador de sorvetes e produtos congelados ou refrigeração de bebidas e produtos resfriados<br> <br> Características:<br> Consumo Aproximado de Energia: 3,96Kwh/dia<br> Modelo: GHDE-410H CZ 220V<br> Material: aço pre pintado, vidros curvos temperados e deslizantes<br> Quantidade de Portas: 1 Porta<br> Potência: 207<br> Capacidade em Litros: 413 L<br> Tipo de Pés:Rodízios<br> Tipo de Freezer: Horizontal<br> Degelo: manual<br> Sistema de Refrigeração: Estatica com serpentina de cobre<br> Temperatura de congelados -16 graus a -20 graus C e resfrieados de +1 graus a +7 graus C<br> Refrigeração estátic com serpentina de cobre<br> Controle de temperatura<br> Termostato de dupla ação<br> Degelo manual<br> Colarinho em PVC<br> Tampas de vidro temperados, deslizante, baixo emissivo<br> Revestimento interno e externo em aço pré-pintado branco<br> Dreno frontal com tampa. Gabinete com rodízios<br> Vidro sujeito a condensação da umidade do ar<br> <br> Conteúdos da Embalagem: 01 Conservador/Refrigerador Horizontal e manual<br> <br> Dimensões:<br> Altura:91,9 cm<br> Largura: 133,2 cm<br> Profundidade: 65,2 cm<br> <br> Garantia do Fornecedor: 12 Meses<br> <br> Observações:Imagem meramente ilustrativa;<br> Todas as informações divulgadas são de responsabilidade do fabricante/fornecedor;<br> As cores podem sofrer variações de acordo com o tipo, configuração e resolução do seu monitor;<br> Verifique a voltagem do produto antes de colocar no carrinho;<br> Verifique as dimensões do produto. Certifique-se de que ele passará por elevadores, portas, escadas e/ou corredores, evitando imprevistos com a entrega do produto.","{""capacidade_liquida_de_armazenamento"":""413 L"",""marca"":""Gelopar"",""portas"":""1 Porta"",""voltagem"":""220 V""}",413 L,Gelopar,,220 V,,1 Porta,,,413 Litros,Gelopar,Não informado,220V,Horizontal,1 Porta,1,Manual,Gelopar,413L,Branco,220V,Horizontal,1 Porta,Manual
multiloja||33257,Freezer,Freezer Vertical Electrolux 1 Porta Cycle Defrost FE27 234L,"O Freezer Vertical Electrolux Cycle Defrost Uma Porta é um refrigerador de Grande Capacidade, que preserva seus alimentos, bebidas e embalagens preferidas de modo econômico com o baixo consumo energético da Classificação A, menor da categoria. Espaçoso e econômico, possui ainda Gás Ecológico R600 que não prejudica a natureza, unindo funcionalidade e sustentabilidade. Com prateleiras de tampas basculantes que deslizam ao abrir para facilitar o acesso. E ainda com três grandes gavetas que ajudam a separar e visualizar alimentos e bebidas do seu freezer.<br> <br> <br> Características: <br> Capacidade Total Líquida 234L<br> Controle de Temperatura<br> Dreno de Degelo<br> Frequência 60 Hz<br> Material - composição Aço Pintado<br> Material das Prateleiras - Alumínio + Tampa basculante Transparente em PS<br> Pés Niveladores<br> Porta Reversível<br> Puxadores - Externo<br> 4 Prateleiras <br> 3 Gavetas<br> Sistema de Refrigeração - Compressor<br> Tecnologia - Cycle Defrost<br> Tipo de Instalação - Freestanding<br> Tipo do Compressor - Comum<br> Inmetro - 005399/2016<br> <br> <br> Dimensões:<br> Altura: 173,1 cm<br> Largura: 55 cm<br> Profundidade: 64,5 cm<br> Peso: 52,40 kg<br> <br> <br> Garantia do fornecedor de 12 meses","{""cor"":""Branco"",""marca"":""Electrolux"",""tipo"":""Vertical"",""tipo_de_degelo"":""Degelo Manual"",""voltagem"":""220 V""}",,Electrolux,Branco,220 V,Vertical,,,Degelo Manual,234L,Electrolux,Não informado,Não informado,Vertical,1 Porta,1,Cycle Defrost,Electrolux,234L,Branco,220V,Vertical,1 Porta,Cycle Defrost
varejaodasmaquinas2||VM0668,Freezer,Freezer horizontal dupla ação gelopar tampa de vidro 307 Litros  127V -GHDE-310H CZ,"O Freezer horizontal dupla ação gelopar tampa de vidro 307 Litros 127V -GHDE-310H CZ é indicado para conservação de sorvetes e produtos congelados ou Refrigeração de bebidas e produtos resfriados<strong>Descrição:</strong><br>Conservação e exposição de sorvetes e produtos congelados ou<br>Conservação e exposição de bebidas e produtos resfriados<br>Temperatura: Congelados -16o a -20oC/Resfriados 0o a +7oC<br>Refrigeração: Estática com Serpentina de Cobre<br>Controle de Temperatura: Termostato dupla ação<br>Degelo: Manual<br>Colarinho ’E’ em PVC<br>Tampas: Vidros temperados, deslizantes, baixo emissivo<br>Revestimento interno e externo em Aço pré-pintado branco<br>Dreno frontal com tampa<br>Gabinete com rodízios<br>Vidros sujeitos a condensação da umidade do ar* Imagens meramente ilustrativas. Imagens e informações sujeitas a alterações sem aviso prévio.<br><br>** Cores de acabamento e materiais sujeitos a variação de acordo com o lote de produção e/ou entre os materiais que compõem o produto (ex.: chapa, plástico,madeiras e etc.).<strong>Medidas:</strong>Altura(cm): 91,0Profundidade(cm): 65,2Frente(cm): 105,2Peso(kg): 59","{""capacidade_liquida_de_armazenamento"":""307 L"",""marca"":""Gelopar""}",307 L,Gelopar,,,,,,,307 Litros,Gelopar,Não informado,127V,Horizontal,Dupla ação,Não informado,Manual,Gelopar,307L,Branco,110V,Horizontal,2 Portas,Manual
lojasbenoit||99819,Freezer,Freezer e Refrigerador Horizontal Midea 150L com Rodízio,"<p>Freezer e Refrigerador Horizontal Midea 150 Litros com Rodízio</p><p>Transforme sua cozinha com o Freezer e Refrigerador Horizontal Midea de 150 litros, projetado para oferecer praticidade e eficiência. Este eletrodoméstico versátil combina a funcionalidade de um freezer e refrigerador em um único aparelho compacto. Equipado com rodízios convenientes, o Midea 150L proporciona mobilidade excepcional, permitindo que você ajuste facilmente o layout da sua cozinha conforme necessário.</p><p>Com a capacidade ideal de 150 litros, este Freezer e Refrigerador Horizontal da Midea oferece amplo espaço de armazenamento para atender às suas necessidades diárias. Os rodízios adicionam uma camada extra de conveniência, permitindo que você mova o aparelho com facilidade para limpeza ou reorganização. Além disso, o design moderno e compacto se encaixa perfeitamente em qualquer ambiente, proporcionando estilo e funcionalidade em um único pacote. Otimize o espaço da sua cozinha com o Freezer e Refrigerador Horizontal Midea de 150L, e experimente a praticidade e a flexibilidade que ele oferece.</p><p><br>Capacidade (L): 150<br>Tipo: Horizontal<br>Dupla ação (freezer e refrigerador): Sim<br>Tipo de degelo: Degelo Manual<br>Dreno de degelo: Sim<br>Classificação de consumo (Selo Procel): A<br>Porta: 1<br>Compartimento: 1<br>Cesto removível: Sim<br>Rodízio: Sim<br>Voltagem: 110V ou 220V (não é bivolt)<br>Cor: Branco<br>Temperatura: Gradual<br>Temperatura Mínima:<br>modo freezer: -18C <br> modo conservar: - 12C <br>modo refrigerador: 0C <br>Temperatura Máxima: <br>modo freezer: 24C <br> modo conservar: -18C <br> modo refrigerador: 10C<br>Potência elétrica (W):<br> 110V: 120W <br>220V: 130W<br>Classificação de consumo (Selo Procel): A<br>Consumo (kWh):<br> 110V: 25,7 kWh/mês <br>220V: 20,9 kWh/mês<br>Peso (kg): 27<br>Referência: RCFA11/12<br>Dimensões (AxLxP): 85 x 62,8 x 56,2cm<br>Itens Inclusos:<br>1 freezer horizontal Midea 150 Litros <br>1 manual do produto<br>Informações importantes: Imagens meramente ilustrativas. Objetos que ambientam as fotos não acompanham o produto. As tonalidades das cores dos produtos podem sofrer alterações de acordo com a calibração do seu monitor. Este produto não inclui montagem e instalação. Não nos responsabilizamos, no ato da entrega, por desmontagens, subir escadas, elevadores ou transporte por guincho para apartamentos. Eventuais despesas são de responsabilidade do cliente.<br>Registro INMETRO:Segurança Desempenho, 3109/2016<br>Garantia Fabricante: 12 meses</p>","{""capacidade_liquida_de_armazenamento"":""150 L"",""cor"":""Branco"",""marca"":""Midea"",""voltagem"":""220 V""}",150 L,Midea,Branco,220 V,,,,,150L,Midea,Branco,110V ou 220V,Horizontal,1,1,Degelo Manual,Midea,150L,Branco,220V,Horizontal,1 Porta,Manual
lojasmm||4526,Freezer,Freezer Horizontal Consul 534 Litros CHB53EBBNA,"O Freezer Horizontal CHB53 com 534 litros possui controle eletrônico, para você programar a temperatura facilmente e escolher entre os modos freezer ou refrigerador. É prático e econômico, pois possui classificação energética A.<br> <br> <br> Características:<br> Controle Eletrônico: Programe a temperatura desejada em apenas um toque e escolha entre os modos freezer ou refrigerador, de acordo com a sua necessidade.<br> Prático: Com duas portas fica mais fácil organizar e encontrar os alimentos e as bebidas. Também é prático de limpar com o dreno frontal; basta colocar uma vasilha embaixo do dreno para recolher o gelo derretido. Possui 4 rodinhas nos pés, que facilitam a movimentação do produto.<br> Resistente: Interior feito com liga metálica de alta resistência à corrosão.<br> <br> <br> Dimensões:<br> Altura: 96 cm<br> Largura: 147,3 cm<br> Profundidade: 78 cm<br> Peso: 68 kg<br> <br> <br> Garantia do fornecedor de 12 meses.","{""capacidade_liquida_de_armazenamento"":""534 L"",""cor"":""Branco"",""marca"":""Consul"",""voltagem"":""127 V""}",534 L,Consul,Branco,127 V,,,,,534 Litros,Consul,Não informado,Não informado,Horizontal,Duas portas,2,Não informado,Consul,534L,Branco,110V,Horizontal,2 Portas,Manual
frigelar2||KIT1200,Freezer,Freezer Vertical Consul 231 Litros CVU26EBANA 110V,"<p>Design e alta capacidade. O Freezer Vertical Consul com 231 litros de capacidade é o que você precisa para armazenar seus alimentos e deixar a sua cozinha ainda mais bonita. Com design moderno, ele tem controle de temperatura externo, gavetas transparentes, além de compartimento de congelamento rápido.</p>","{""capacidade_liquida_de_armazenamento"":""231 L"",""marca"":""Consul"",""tipo"":""Vertical"",""voltagem"":""127 V""}",231 L,Consul,,127 V,Vertical,,,,231 Litros,Consul,Não informado,110V,Vertical,Não informado,Não informado,Não informado,Consul,231L,Branco,110V,Vertical,1 Porta,
gazinshop||12255,Freezer,Freezer Consul 231L 1 Porta Vertical Degelo Manual Gaveta Multiuso CVU26FB,"Espaço de sobra para manter os alimentos devidamente refrigerados, você encontra no Freezer vertical CVU26FB. São 231 litros de pura tecnologia com direito a possibilidade de congelamento rápido e controle de temperatura via painel, sem a necessidade de abrir a porta. Aproveite e economize ainda mais energia na companhia do selo A+ de consumo.<br> <br> Cestos removíveis e gaveta multiuso<br> O modelo dá show na distribuição de espaço, já que traz 4 cestos removíveis os quais facilitam a organização dos alimentos, e a limpeza dos compartimentos. Você pode retirar e colocar sem medo, já que os cestos possuem trava de segurança além de serem transparentes. Assim, é possível ver tudo que está armazenado no interior de cada um. Frutas e verduras também terão lugar garantido na gaveta multiuso. Não perca a oportunidade de trazer mais charme e funcionalidade a sua cozinha!<br> <br> Características: <br> Marca: Consul<br> Modelo: CVU26FB<br> Capacidade total: 231 litros<br> Tipo de degelo: Manual<br> Tipo de freezer: Vertical<br> Modos: Congelador e refrigerador<br> Painel: Externo<br> Quantidade de portas: 1 porta<br> Controle de temperatura: Sim<br> Travamento da porta com chave: Não<br> Cestos internos: Sim<br> Eficiência energética: A+<br> Consumo: 37 kW/h<br> Frequência: 60 Hz<br> Inmetro: Sim<br> <br> Conteúdo da embalagem:<br> 01 freezer e manual de instruções.<br> <br> Dimensões: <br> Altura: 153,9 cm<br> Largura: 61,6 cm<br> Profundidade: 69,1 cm<br> Peso: 53 kg<br> <br> Garantia do fornecedor: 12 meses (3 meses de garantia legal e mais 9 meses de garantia especial concedida pelo fabricante).<br> <br> Detalhes sobre a compra: <br> Fique de olho: siga sempre as orientações do fabricante e utilize seu produto de acordo com o manual. A empresa não se responsabiliza pelo mau uso do produto, o que pode causar perda da garantia.#8239; <br> Não nos encarregamos, no ato da entrega, desmontagens, subir escadas/elevadores ou transporte por guincho para apartamentos. Eventuais despesas são de responsabilidade do cliente. <br> O valor divulgado é unitário e a imagem é meramente ilustrativa. Precisou trocar ou devolver? O prazo é de 7 dias a partir do recebimento do produto Lei no 8.078 Sempre confira no ato da entrega","{""capacidade_liquida_de_armazenamento"":""231 L"",""cor"":""Branco"",""marca"":""Consul"",""quantidade_de_portas"":""1 Porta"",""tipo"":""Vertical"",""tipo_de_degelo"":""Degelo Manual"",""voltagem"":""220 V""}",231 L,Consul,Branco,220 V,Vertical,,1 Porta,Degelo Manual,231L,Consul,Não informado,Não informado,Vertical,1 porta,1,Manual,Consul,231L,Branco,220V,Vertical,1 Porta,Manual
lojasbenoit||103133,Freezer,Freezer Electrolux Vertical 197L FE23,"<br>Capacidade (L):197<br>Tipo:Vertical<br>Dupla ação (freezer e refrigerador):Não<br>Tipo de degelo:Degelo Manual<br>Dreno de degelo:Sim<br>Classificação de consumo (Selo Procel):A<br>Porta:1<br>Compartimento:6<br>Cesto removível:Sim<br>Luz interna:Não<br>Voltagem:110V ou 220V (não é bivolt)<br>Cor:Branco<br>Classificação de consumo (Selo Procel):A<br>Consumo (kWh):39,9<br>Peso (kg):45<br>Referência:FE23<br>Dimensões (AxLxP):151,9 x 55 x 64,5 cm<br>Registro INMETRO:informações relativas a certificação constam nas imagens acima<br>Itens Inclusos:- 1 Freezer Electrolux Vertical 197 Litros FE23 - 1 Manual do Produto<br>Informações importantes:Imagens meramente ilustrativas.Objetos que ambientam as fotos não acompanham o produto.As tonalidades das cores dos produtos podem sofrer alterações de acordo com a calibração do seu monitor.Este produto não inclui montagem e instalação.Não nos responsabilizamos,no ato da entrega,por desmontagens,subir escadas,elevadores ou transporte por guincho para apartamentos.Eventuais despesas são de responsabilidade do cliente.<br>Registro INMETRO:informações relativas a certificação constam nas imagens acima<br>Garantia Fabricante:12 meses","{""capacidade_liquida_de_armazenamento"":""197 L"",""cor"":""Branco"",""marca"":""Electrolux"",""tipo"":""Vertical"",""voltagem"":""220 V""}",197 L,Electrolux,Branco,220 V,Vertical,,,,197L,Electrolux,Branco,110V ou 220V,Vertical,1,Não informado,Degelo Manual,Electrolux,197L,Branco,220V,Vertical,1 Porta,Manual
frigelar2||KIT1757,Freezer,Controle Eletrônico Freezer Brastemp 326066833 110V 110V,"<p>O Controle Eletrônico Brastemp e Consul atua como o cérebro da geladeira, controlando suas principais funções, como ajustes de temperatura e ciclos de degelo. Funções como degelo, avisos sonoros, funcionamento do ventilador e funcionamento do compressor geralmente são controladas por esta placa principal.</p> <br> <br><p>Para substituí-la, atente-se aos conectores e plugues. Caso algum deles seja diferente, verifique se, para o seu modelo, não é necessário também substituir o chicote (fiação). Lembre sempre de verificar se a tensão do módulo original Brastemp é a mesma de seu freezer ou refrigerador.</p> <br> <br><p>A Placa Módulo Original Freezer Brastemp é especialmente desenvolvida para manter as especificações e funcionamento de seu eletrodoméstico. Este controle possui contatos eletrônicos testados em condições severas de uso.</p> <br>Compativel com os modelos: <br> <br><p>BVR28FB, BVR28GB, BVR28GR, BVR28HB, BVR28HR</p>","{""marca"":""Brastemp"",""voltagem"":""127 V""}",,Brastemp,,127 V,,,,,Não informado,Brastemp,Não informado,110V,Freezer,Não informado,Não informado,Não informado,,,,,,,
engage-info||46127,Freezer,Freezer Horizontal Electrolux Cycle Defrost 513l com Função Turbo Freezer Duas Portas H550,"O Freezer Horizontal H550 possui 513L de capacidade, é prático de usar, oferece maior economia de energia elétrica e espaço interno organizado. Com ele, você armazena e acessa seus produtos de maneira fácil e tem mais tempo para administrar seus negócios.<br><br>Este Freezer Electrolux possui classificação energética ?A?, para menor consumo de energia elétrica e maior economia, e função Turbo Freezer, que permite um resfriamento mais rápido, indicado para ocasiões como festas ou quando há a necessidade de congelar os alimentos de forma acelerada.<br><br>O cesto aramado flexibiliza e mantém organizado o espaço interno. Conta também com a Dupla Função para congelar ou apenas refrigerar o interior do freezer e painel frontal intuitivo, facilitando o acionamento de todas as funções.<br><br>A fechadura de segurança permite o travamento das 2 portas do freezer, a fim de proporcionar um armazenamento seguro. As rodas 360° facilitam a movimentação do freezer, trazendo maior mobilidade. Sua pintura externa é mais resistente, durável e confere boa aparência.<br><br>O Freezer horizontal contém um dreno frontal, que auxilia no degelo e, juntamente com o puxador ergonômico, oferece facilidade e praticidade para seu dia a dia na hora de armazenar seus alimentos e higienizar seu freezer.<br><br>Características<br><br>- Classificação Energética A<br>Menor consumo de energia elétrica para maior economia.<br><br>- Cesto aramado<br>Flexibilidade e melhor organização do espaço interno.<br><br>- Turbo Freezer<br>Resfriamento mais rápido, indicado para ocasiões como festas ou quando há a necessidade de congelar os alimentos de forma acelerada.<br><br>- Dupla Função e painel frontal intuitivo<br>Controle de temperatura para função freezer ou refrigerador com maior facilidade no acionamento de cada uma delas.<br><br>- Fechadura de segurança<br>Permite o travamento do freezer para um armazenamento seguro.<br><br>- Pintura resistente<br>Mais durável, confere melhor aparência.<br><br>- Rodas 360° e puxador ergonômico<br>Mais facilidade para abrir e movimentar o Freezer.<br><br>- Dreno frontal<br>Praticidade na hora de descongelar. A água do degelo escoa pelo dreno sem precisar movimentar o Freezer.<br><br>Especificfações Técnicas<br><br>Marca: Electrolux<br>Modelo: H550<br>Congelamento rápido: Não<br>Controle de temperatura: Sim<br>Descongelamento automático: Não<br>Dupla função (funciona como refrigerador e freezer): Sim<br>Gavetas: Não<br>Prateleiras removíveis: Não<br>Rodízios: Sim<br>Número de portas: 2<br>Classificação energética: A<br>Frequência: 60HZ<br>Tensão<br>- 127V<br>- 220V<br>Capacidade (L): 513<br>Turbo freezer: Sim<br>Acabamento: Metal<br>Consumo (Kw): 46,3 kwH/mês<br>Capacidade bruta (L): 521<br>Capacidade líquida (L): 513<br>Iluminação interna: Não<br>Fechadura de segurança: Sim<br>Dreno de degelo: Frontal<br>Tipo de degelo: Manual<br>Gás ecológico: Sim<br>Porta reversível: Não<br>Painel de controle: Sim<br>Alarme de porta aberta: Não<br>Temperaturas: 7°C a -18°C<br>Cesto aramado: Não<br>Conteúdo da embalagem<br>Freezer, Manual de instruções e Chave para as tampas.<br><br>Dimensões<br><br>Largura do produto: 157,3 cm<br>Altura do produto: 90 cm<br>Profundidade do produto: 76 cm<br>Peso do produto: 65,5 kg<br><br>Largura do produto embalado: 160 cm<br>Altura do produto embalado: 96 cm<br>Profundidade do produto embalado: 78,5 cm<br>Peso do produto embalado: 67,5 kg<br><br>Garantia de 12 Meses","{""capacidade_liquida_de_armazenamento"":""513 L"",""cor"":""Branco"",""marca"":""Electrolux"",""quantidade_de_portas"":""2 Portas"",""tipo_de_degelo"":""Cycle Defrost\t""}",513 L,Electrolux,Branco,,,,2 Portas,Cycle Defrost,513L,Electrolux,Não informado,"127V
- 220V",Horizontal,Duas Portas,2,Manual,Electrolux,513L,Branco,110V,Horizontal,2 Portas,Cycle Defrost
galmaqui||80419042,Freezer,Freezer Horizontal Gelopar GHBS-310 - 310 Litros Tampa Cega Branco 220v,"Freezer Horizontal Gelopar GHBS-310 - 306 Litros Tampa Cega Branco 220v<br> <br>- Conservação e Exposição de produtos congelados;<br>- Refrigeração: Estática Com Serpentina De Alumínio;<br>- Temperatura: -16 a -20C;<br>- Degelo: Manual;<br>- Controle de Temperatura: Termostato;<br>- Revestimento Interno: Aço pré-pintado branco;<br>- Revestimento Externo: Aço pré-pintado branco;<br>- Tampas: Cegas, basculantes com puxadores;<br>- Gabinete com rodízios;<br>- Skin condenser: Excelente dissipador de calor com baixíssimo nível de ruído e significativa redução no consumo de energia;<br>- Dreno frontal com tampa;<br>- Equipamento certificado conforme Portaria Inmetro no 371/2009;<br> <br>- Produto destinado para uso comercial.<br> <br>Características:<br> - Marca: Gelopar;<br>- Frente(mm): 1051;<br>- Profundidade(mm): 720;<br>- Altura(mm): 936;<br>- Peso líquido(kg): 58;<br>- Capacidade líquida (litros): 306;<br>- Tensão(V): 220;<br>- Consumo kWh/dia(60Hz): 1,2;<br>- Classe: 4.<br> <br>Garantia de 1 ano para defeitos de fábrica.","{""marca"":""Gelopar"",""voltagem"":""220 V""}",,Gelopar,,220 V,,,,,310 Litros,Gelopar,Branco,220v,Horizontal,Tampa Cega,Não informado,Manual,Gelopar,310L,Branco,220V,Horizontal,1 Porta,Manual
engage-info||2352,Freezer,Freezer Horizontal Metalfrio DA550 546L Branco 127V,"<p>Freezer e Refrigerador Horizontal Metalfrio DA550 Dupla Ação</p><p>Se você tem um comércio e costuma estocar uma quantidade grande de alimentos, ou se sua família é grande e você tem o hábito de armazenar bastante comida congelada, bebidas e carnes, o Freezer e Refrigerador Horizontal Metalfrio DA550 Dupla Ação é a escolha certa.<br>Ele tem um amplo espaço interno com capacidade para 546 litros, pode ser usado como freezer e refrigerador e conta com uma estrutura bem produzida, feita com material de altíssima qualidade.<br>Desse modo, você não precisa se preocupar com os produtos que devem ficar congelados até o uso. Eles ficam completamente protegidos e conservados dentro do DA550.</p><p>Um freezer amplo e versátil</p><p>Em estabelecimentos comerciais é comum abrir, com frequência, as portas do freezer para pegar os produtos que serão servidos. Por isso, o DA550 foi projetado para ter rápida recuperação de temperatura interna. Assim, o frio no interior do gabinete é garantido e os alimentos se mantêm conservados.<br>Outra vantagem desse modelo é sua versatilidade. Ele se transforma em refrigerador por meio de uma chave seletora. Ou seja, em segundos, você pode fazer outro tipo de utilização desse produto.<br>Para completar, o eletrodoméstico vem com 2 tampas leves, resistentes e seguras para vedar, não deixando passar ar mais quente para dentro do tanque.<br>Possui fechadura, mantendo os produtos protegidos e garantindo a vedação do freezer.</p><p>Uma excelente estrutura</p><p>É muito importante que os alimentos estejam bem dispostos dentro do freezer. Por isso, o freezer/refrigerador da Metalfrio vem com um separador interno que ajuda a organizar melhor os produtos. O tanque interno é de aço pré-pintado que evita corrosão.<br>A estrutura desse eletrodoméstico é excelente, facilitando seu uso e sua higienização. Por exemplo, a gaxeta é removível, facilitando a remoção de sujeira do equipamento, e os rodízios reforçados contribuem para uma melhor locomoção, caso seja necessário trocar o DA550 de lugar ou limpar a área onde ele fica alocado.<br>Puxador de plástico ABS.</p><p>Características Gerais</p><p>• Freezer horizontal profissional: compressor de alta potencia, condensador helicoidal e otimização de sua dimensão permitem congelar alimentos de forma rápida e eficiente.<br>• Rápida recuperação de temperatura interna: garante o frio no interior do gabinete e a conserva os alimentos congelados – fator essencial para o bom funcionamento em aplicação comercial, que exige centenas de aberturas de tampa por dia e constante reposição de produtos.<br>• Robustez: dobradiças reforçadas (projetadas para suportar aberturas frequentes de tampas), puxador de plástico ABS (mais rígido e resistente a impacto) e tanque interno de aço pré-pintado (melhor acabamento e maior resistência à corrosão).<br>• Dupla Ação: através de uma chave seletora, em poucos segundos o DA420 se transforma em um refrigerador. São dois equipamentos em um!<br>• Fechadura: mantém a carga protegida e a garantia de vedação completa do freezer.<br>• Tampas balanceadas: leves para abrir, resistentes e seguras para vedar.<br>• Gaxeta removível: facilita a limpeza do equipamento e a remoção das sujeiras mais difíceis.<br>• Rodízios reforçados: melhor locomoção por muito mais tempo.<br>• Separador interno removível facilita a organização dos produtos.<br>• Dreno frontal: dispensa o deslocamento do equipamento para degelo.</p>",{},,,,,,,,,546L,Metalfrio,Branco,127V,Horizontal,Dupla Ação,2,Manual,Metalfrio,546L,Branco,110V,Horizontal,2 Portas,
marciusmagazine||004.402.0098,Freezer,Freezer Horizontal 1 Porta/309 Litros Consul  Branco  127V  CHA31FB,"<p>Freezer Horizontal 1 Porta/309 Litros Consul Branco 127V CHA31FB</p> <br><p>O Freezer Horizontal CHA31FB dispõe de 309 litros possibilitando armazenar seus alimentos e bebidas de forma organizada e prática.<br><br>Conta com controle de temperatura externo para você programar a temperatura facilmente e escolher entre os modos freezer ou refrigerador.<br><br>Além de toda a praticidade, o Freezer Consul CHA31FB possui classificação energética A+.<br></p> <br> <p>Marca: Consul</p><p>Modelo: CHA31FB</p><p>Referência: CHA31FB</p><p>Cor: Branco</p><p>Código de Barras EAN: 7891129550667</p><p>Potência (W): 124</p><p>Eficiência Energética: A+</p><p>Controle eletrônico: Programe a temperatura desejada em apenas um toque e escolha entre os modos freezer ou refrigerador, de acordo com a sua necessidade.</p><p>Prático: Prático de limpar com o dreno frontal; basta colocar uma vasilha embaixo do dreno para recolher o gelo derretido. Também possui quatro rodinhas nos pés, que facilitam a movimentação do produto.</p><p>Resistente: Interior feito com liga metálica de alta resistência à corrosão.</p><p>Conteúdo da embalagem: 1 Freezer Horizontal 1 Porta/309 Litros Consul Branco 127V CHA31F; | Manual de instruções.</p><p>Dimensões aproximadas do produto : Altura: 97,3cm | Largura: 98cm | Profundidade: 81cm</p><p>Peso aproximado do produto: 56kg</p><p>Garantia do fornecedor : 90 dias. | (podendo ser estendida pelo fabricante, de acordo com o manual de instruções)</p><p>Aviso: Imagens meramente ilustrativas.</p><p>Observação: A tonalidade do produto pode variar entre a imagem de exibição e o item físico.</p><p>Atenção: Não nos responsabilizamos pela montagem ou instalação do produto.</p><p>Importante: Imprescindível a conferência no ato da entrega. Em caso de anormalidade, recuse.</p>","{""capacidade_liquida_de_armazenamento"":""309 L"",""cor"":""Branco"",""marca"":""Consul"",""quantidade_de_portas"":""1 Porta"",""voltagem"":""127 V""}",309 L,Consul,Branco,127 V,,,1 Porta,,309 Litros,Consul,Branco,127V,Horizontal,1 Porta,1,Não informado,Consul,309L,Branco,110V,Horizontal,1 Porta,Manual
engage-info||93234,Freezer,Freezer Vertical Electrolux FE27 234 Litros Branco 127v,"O Freezer Vertical Electrolux Cycle Defrost Uma Porta (FE27) é um refrigerador de Grande Capacidade, com espaço interno para até 234l, que preserva seus alimentos, bebidas e embalagens preferidas de modo econômico com o baixo consumo energético da Classificação A, menor da categoria.<br><br>Espaçoso e econômico, possui ainda Gás Ecológico R600 que não prejudica a natureza, unindo funcionalidade e sustentabilidade. Perfeito para melhor organização interna, além de contar com Prateleiras de tampas basculantes que deslizam ao abrir para facilitar o acesso. E ainda com três grandes gavetas que ajudam a separar e visualizar alimentos e bebidas do seu freezer.<br><br>Para maior praticidade de limpeza, o dreno facilita o descongelamento ao escoar a água de degelo, apoiando no recolhimento quando necessário. Os Pés de Nivelamento garantem maior comodidade durante o seu uso ao se adaptar em piso de diferentes níveis.<br><br>Especificações Técnicas<br><br>Modelo: FE27<br>Tensão: 127V<br>Capacidade (L): 234<br>Classificação Energética: A<br>Frequência: 60 Hz<br>Consumo (Kw): 41,2<br>Capacidade Bruta (L): 253<br>Capacidade Líquida (L): 234<br>Iluminação Interna: Não<br>Fechadura de Segurança: Não<br>Dreno de Degelo: Sim<br>Tipo de Degelo: Manual<br>Gás Ecológico: R600<br>Porta Reversível: Não<br>Painel de Controle: Não<br>Compartimentos: 7<br>Prateleiras: 4<br><br>Dimensões e Pesos<br><br>Altura do produto: 173,1 cm<br>Largura do produto: 55 cm<br>Profundidade do produto: 64,5 cm<br>Peso do produto: 52,4 kg<br><br>Altura do produto embalado: 175,7 cm<br>Largura do produto embalado: 58,7 cm<br>Profundidade do produto embalado: 70 cm<br>Peso do produto embalado: 53,8 kg<br><br>Garantia do Produto de 1 ano","{""cor"":""Branco"",""marca"":""Electrolux"",""tipo"":""Vertical"",""voltagem"":""127 V""}",,Electrolux,Branco,127 V,Vertical,,,,234 Litros,Electrolux,Branco,127v,Vertical,Uma Porta,1,Manual,Electrolux,234L,Branco,110V,Vertical,1 Porta,Manual
marciusmagazine||0044020096,Freezer,Freezer Horizontal Metalfrio Dupla Ação 1 Porta 293L - Branco - 220V - DA302,"<p>Freezer Horizontal Metalfrio Dupla Ação 1 Porta 293L - Branco - 220V - DA302</p> <br><p>Com a linha Chest Freezer Metalfrio você tem dois equipamentos em um só. <br>Os produtos da linha oferecem a função para você escolher entre freezer ou refrigerador de forma prática e rápida. <br>Possui Selo Procel ""A"", e conta com o sistema de refrigeração com aval da Metalfrio, líder em refrigeração comercial na América Latina.<br>Perfeito para quem busca praticidade, desempenho e muita durabilidade.<br><br></p> <br> <p>Marca: Metalfrio</p><p>Modelo: DA302/220V</p><p>Referência: DA302</p><p>Cor: Branco</p><p>Linha: Chest Freezer Dupla Ação</p><p>Código de Barras EAN: 7891379044206</p><p>Voltagem: 220V</p><p>Capacidade: 293 L</p><p>Função refrigeração: Sim</p><p>Quantidade de tampas: 1</p><p>Faixa de temperatura: Freezer: -18°C / -22°C | Refrigerador: +2°C / +8°C</p><p>Características: Equipamento dupla ação: refrigerador e freezer | Gabinete em aço pré pintado | Gaxeta removível | Puxador ergonômico | Rodízios giratórios | Dreno Frontal | Refrigeração estática</p><p>Dimensão interna do produto: Altura: 71,5 cm | Largura: 88,8 cm | Profundidade: 51,5 cm</p><p>Conteúdo da embalagem: 1 Freezer Horizontal Metalfrio | Manual de instruções</p><p>Peso aproximado do produto: 57 kg</p><p>Dimensões aproximadas do produto: Altura: 94,4 cm | Largura: 99,8 cm | Profundidade: 69,0</p><p>Garantia do fornecedor: 365 dias</p><p>Aviso: Imagens meramente ilustrativas</p><p>Observação: A tonalidade do produto pode variar entre a imagem de exibição e o item físico</p><p>Atenção: Não nos responsabilizamos pela montagem de instalação do produto</p><p>Importante: Imprescindível a conferência no ato da entrega. Em caso de anormalidade, recuse</p>","{""capacidade_liquida_de_armazenamento"":""293 L"",""marca"":""Metalfrio"",""portas"":""1 Porta"",""voltagem"":""220 V""}",293 L,Metalfrio,,220 V,,1 Porta,,,293L,Metalfrio,Branco,220V,Horizontal,1 Porta,1,Não informado,Metalfrio,293L,Branco,220V,Horizontal,1 Porta,
homepoint||SD6791,Freezer,Freezer Horizontal Midea 295 Litros,"PRINCIPAIS CARACTERÍSTICAS:<br>O Freezer Horizontal da Midea tem capacidade para 295 litros, é supersilencioso, conta com termostato externo, com 9 possibilidades de temperatura, possui a Função Freezer +, fazendo com que as temperaturas menores sejam alcançadas rapidamente e ainda possui baixo consumo de energia. <br><br>ESPECIFICAÇÕES DO PRODUTO:<br>• Peso: 42 Kg<br>• Capacidade: 295 Litros <br>• Dimensões [LxAxP]: 112 x 85 x 68 cm<br>• Faixa de Temperatura: -28°C ( mínimo ) -10°C ( máximo )<br><br>• Garantia de Fábrica: 12 Meses<br><br>• Voltagem: 220V<br><br>IMAGENS MERAMENTE ILUSTRATIVAS.","{""capacidade_liquida_de_armazenamento"":""295 L"",""marca"":""Midea"",""voltagem"":""220 V""}",295 L,Midea,,220 V,,,,,295 Litros,Midea,Não informado,220V,Horizontal,Não informado,Não informado,Não informado,Midea,95L,Branco,220V,Horizontal,1 Porta,
frigelar2||kit5626,Freezer,Freezer Expositor Horizontal EOS 176 Litros Dupla Ação Eeh200 110V,"<p>O <strong>Freezer e Conservador Horizontal EOS EcoGelo Eeh200Xx</strong> é ideal para produtos congelados e refrigerados, com temperatura interna que varia de 10°C a -18°C, fornecendo uma grande versatilidade para seu negócio. Sua tampa de vidro LOW-E permite a exposição de seus produtos sem embaçar, facilitando a visualização e impulsionando as vendas. O expositor EOS entrega uma opção compacta para armazenagem de seus produtos. Suas portas com tranca fornecem mais segurança, permitindo o bloqueio das portas com uso de chave. Construído de forma robusta, suas paredes garantem maior durabilidade e menor consumo de energia, reduzindo a troca de calor com o ambiente. Seus 4 rodízios facilitam o deslocamento e a instalação em diversos locais, assim como também mudanças de lugar do produto em sua loja. Seu tanque interno em aço pré-pintado facilita a limpeza e protege contra a corrosão.</p><p><br></p><p><br></p><p>Ideal para sorveterias, bares, mercados, padarias e lojas de conveniência.</p><p><br></p><p><br></p><p><strong>Principais Características:</strong></p><p>ECO-FRIENDLY: Conta com gás ecológico que não agride o meio ambiente e ainda reduz a sua conta de energia;</p><p>Dupla Ação: Freezer e Refrigerador de 10°C até -18°C;</p><p>Tampa em vidro LOW-E que não embaça;</p><p>Tampa dupla com puxadores ergonômicos;</p><p>4 rodízios;</p><p>Tampa com trava, para maior proteção.</p><p><br></p><p><br></p><p><strong>Informações Adicionais</strong></p><p>Ampla capacidade de armazenamento</p><p>Baixo consumo de energia</p><p>Baixo nível de ruído</p><p>Controle de temperatura</p><p>Gabinete interno em alumínio</p><p>4 rodinhas nos pés, que facilitam a movimentação do produto.</p>","{""voltagem"":""127 V""}",,,,127 V,,,,,176 Litros,EOS,Não informado,110V,Expositor Horizontal,Dupla Ação,Não informado,Não informado,EOS,176L,Branco,110V,Horizontal,2 Portas,
gazin||10799,Freezer,Freezer RCFB21 Horizontal 205 Litros 01 Tampa Midea,"Freezer RCFB21 Horizontal 205 Litros 01 Tampa Midea.<br> Esta procurando um produto 4 em 1? Conheça o Freezer Midea 205L! Com funçoes de congelar, resfriar, conservar e freezer. Ele e completo seja qual for sua necessidade. Confira mais detalhes: Selecione a temperatura idea Conta com diversas opçoes de temperaturas, que permitem o ajuste para qualquer tipo de alimento. Pequenos detalhes que facilitam o seu di Alem disso, conta com rodinhas, cesto aramado, puxador e chaves de segurança, que irao facilitam seu dia a dia. Compacto e economico Pequeno, ele se ajusta em ambientes menores e mais, possui o Selo Procel A garantindo a economia no consumo de energia. Sobre a marca: qualidade Midea A Midea Carrier e o resultado da junçao de duas gigantes mundiais do negocio: A Midea a maior fabricante mundial de eletrodomesticos e a Carrier fundada pelo inventor do ar condicionado, que formaram uma nova potencia, se tornando assim o maior fabricante de equipamentos de climatizaçao da America Latina. Seu diferencial e que a empresa conta com um centro de pesquisa e engenharia, que fica responsavel pelo desenvolvimento de inovaçoes tecnologicas com isso os produtos da empresa se tornam crescentemente revolucionarios, eficientes, economicos, e ambientalmente saudaveis. Detalhes sobre a compra<br> <br> Carateristicas:<br> Marca Midea<br> Modelo RCFB2<br> Capacidade total 205 litros<br> Tipo de degelo Manual<br> Tipo de freezer Horizontal<br> Modos Congelador, refrigerador e conservador<br> Painel Mecanico<br> Quantidade de portas 1 porta<br> Controle de temperatura Sim<br> Temperatura Conservador, pode atingir ate +10°C / Freezer, pode atingir ate -24°C<br> Dreno Sim<br> Pes com rodizios Sim<br> Travamento da porta com chave Sim<br> Cestos internos Sim<br> Eficiencia energetica A<br> Potencia 127V: 150 W | 220V: 130 W<br> Consumo 127V: 19,8 kWh/mes | 220V: 23,1 kWh/mes<br> Frequencia 60 Hz<br> <br> Itens Inclusos<br> 01 freezer<br> Cesto aramado<br> Puxador<br> Chaves<br> Parafusos <br> Manual de instruçoes.<br> <br> Dimensoes:<br> Altura: Tampa fechada: 85 cm Tampa aberta: 135 cm<br> Largura 81,2 cm<br> Profundidade 56,2 cm<br> Peso 30 kg<br> <br> Garantia do Fornecedor 12 Meses<br> <br> Atençao: Nao nos responsabilizamos, no ato da entrega, por desmontagens, subir escadas/elevadores ou transporte por guincho para apartamentos. Eventuais despesas sao de responsabilidade do cliente. Confira as dimensoes deste produto e certifique-se de que passara normalmente por supostos elevadores, portas, escadas e/ou corredores de sua moradia. Recomendamos que os produtos sejam instalados por profissionais especializados e nao nos responsabilizamos pelo mau uso ou instalaçao indevida, causando a perda da garantia. Todas as informaçoes divulgadas sao de responsabilidade do fabricante/fornecedor.<br> Valor unitario. Imagem meramente ilustrativa Prazo de troca e devoluçao: 7 dias a partir do recebimento do produto - Lei no 8.078 - Sempre confira no ato da entrega.","{""capacidade_liquida_de_armazenamento"":""205 L"",""cor"":""Branco"",""marca"":""Midea"",""quantidade_de_portas"":""1 Porta"",""tipo_de_degelo"":""Degelo Manual""}",205 L,Midea,Branco,,,,1 Porta,Degelo Manual,205 Litros,Midea,Não informado,127V / 220V,Horizontal,1 porta,1,Manual,Midea,205L,Branco,110V,Horizontal,1 Porta,Manual
energyshop||93,Freezer,Freezer 100L CC 12V / 24V - Junges,"<ul><li><span><span><span>Mini-Freezer 100L CC 12/24V</span></span></span></li></ul> <strong><span><span>Aplicações</span></span></strong> <ul><li><span><span><span>Ideal para aplicações em conjunto com sistemas fotovoltaicos Off-grid, em regiões ou instalações sem acesso à rede elétrica, barcos de pesca, motor-home e outras instalações que utilizam baterias 12 ou 24 Vcc. </span></span></span></li></ul><p><span><span><span>Os Mini Freezers são equipados com termostato de dupla-ação e funcionam como refrigerador ou congelador. A regulagem é manual ou com termostato digital (consultar valor).</span></span></span></p> <span><span><span><strong>Especificações técnicas</strong></span></span></span> <p><span><span><span>Os equipamentos tem fabricação nacional, realizada na empresa catarinense Junges.</span></span></span></p><ul><li><span><span><span>Entrada de Energia: 12/24 V</span></span></span></li><li><span><span><span>Consumo: 6A/h / 3A/h</span></span></span></li><li><span><span><span>Temperatura Máxima de Resfriamento: -20°</span></span></span></li><li><span><span><span>Altura: 70cm</span></span></span></li><li><span><span><span>Largura: 75cm</span></span></span></li><li><span><span><span>Profundidade: 45cm</span></span></span></li><li><span><span><span>Peso: 32Kg</span></span></span></li><li><span><span><span>Cor: Branca</span></span></span></li></ul> <span><span><span><strong>Garantia</strong></span></span></span> <p><span><span><span>O compressor (motor), 1 (um) ano de garantia.</span></span></span></p><p><span><span><span>O termostato, termômetro, e a carga de gás, 3 (três) meses de garantia.</span></span></span></p><p><span><span><span>A garantia não cobre danos causados por raio, queda de energia elétrica, ou quebra no transporte.</span></span></span></p>","{""capacidade_liquida_de_armazenamento"":""100 L"",""marca"":""Junges""}",100 L,Junges,,,,,,,100L,Junges,Brancas,1224V,Mini-Freezer,Não informado,Não informado,Não informado,Junges,100L,Branco,12/24V,Horizontal,2 Portas,
lojascolombooficial||1210097,Freezer,Freezer Horizontal Metalfrio 2 Portas de Vidro 405 Litros NF55S,"<p>A linha de Freezers NF possui alta performance, robustez e durabilidade, ideal para estabelecimentos comerciais, no armazenamento de sorvetes e congelados. Ele auxilia no baixo consumo de energia, reduzindo consideravelmente o valor da sua conta no final do mês. Fabricado com motor eletromecânico, o freezer conserva a refrigeração certa para os seus produtos, mesmo em ambientes com temperaturas elevadas e alto fluxo de abertura de porta. Conta ainda com altura anatômica, design moderno e em plástico de alta resistência, puxadores ergonômicos, gabinete em plástico com alta durabilidade e rodízios que facilitam a movimentação do freezer.</p><p><br></p><p>Características</p><p>Modelo:NF55S</p><p>Capacidade:405 Litros</p><p>Tampa:Vidro temperado</p><p>Potência:260 W</p><p>Turbo congelamento:Não</p><p>Temperatura do freezer:Pode atingir até -18oC</p><p>Dreno:Sim</p><p>Gabinete:Em aço pintado</p><p>Porta:Visor de vidro na porta</p><p>Puxadores:Ergonômico</p><p>Pés:Rodízios</p><p>Classificação Energética:A</p><p>Consumo de energia:114 kWh/mês</p><p>Frequência:60 Hz</p><p><br></p><p>Dimensões</p><p>Altura:84,00 cm</p><p>Largura:171,50 cm</p><p>Profundidade:68,10 cm</p><p>Peso:96,00 kg</p><p><br></p><p>Garantia do fornecedor de 12 meses</p>","{""marca"":""Metalfrio"",""portas"":""2 Portas"",""voltagem"":""127 V""}",,Metalfrio,,127 V,,2 Portas,,,405 Litros,Metalfrio,Não informado,Não informado,Horizontal,2 Portas de Vidro,2,Não informado,Metalfrio,405L,Branco,110V,Horizontal,2 Portas,
cookeletroraro||2003936,Freezer,Freezer Metalfrio Horizontal 546 Litros Branco 110V DA550B2352,"<strong>Freezer Metalfrio Horizontal 546 Litros Branco 110V DA550B2352 </strong><br><br>Dupla Ação: através de uma chave seletora, em poucos segundos o freezer DA550 se transforma em um refrigerador. São dois equipamentos em um! Com compressor de alta potência, condensador helicoidal e dimensões otimizadas congela alimentos de forma rápida e eficiente. Maior capacidade do mercado: espaço para manter o estoque em dia, com toda tranquilidade. Com separador interno removível que facilita a organização dos produtos. Robustez: dobradiças reforçadas, projetadas para suportar aberturas frequentes de tampas. Puxador em plástico ABS de alta resistência e tanque interno de aço pré-pintado (melhor acabamento e resistente à corrosão). Rápida recuperação de temperatura garante o frio no interior do gabinete e a conservação dos alimentos congelados. Essencial para o bom funcionamento em aplicação comercial, que exige centenas de aberturas de tampa por dia.","{""marca"":""Metalfrio"",""voltagem"":""127 V""}",,Metalfrio,,127 V,,,,,546 Litros,Metalfrio,Branco,110V,Horizontal,Não informado,Não informado,Não informado,Metalfrio,546L,Branco,110V,Horizontal,2 Portas,
leonfer||633,Freezer,Freezer Horizontal Esmaltec 468 Litros EFH500 - Branco,"Os freezers Esmaltec são conhecidos por sua eficiência e durabilidade. Possuem o maior espaço interno da categoria, são fáceis de limpar, além de serem ecologicamente corretos. Equipamento configuração comercial, preparado para grande demanda de serviços, tripla ação. Tripla ação: Extra-frio (-22oC), Congelador (-18oC), Conservador (0oC à +3,5oC). Gabinete interno em aço galvanizado com cantos arredondados: maior resistência à oxidação e não acumula sujeira nos cantos. Gabinete externo fosfatizado e pintado a pó: alta resistência à corrosão. Dreno frontal com tampa. Rodízios rotativos.<br><br><br>Características:<br>Modelo: EFH500<br>Capacidade Líquida (L): 439<br>Capacidade Bruta (L): 505<br>Frequência (Hz): 60<br><br><br>Dimensões:<br>Altura: 93.7 cm<br>Largura: 135.4 cm<br>Profundidade: 65 cm<br>Peso: 72.8 kg<br><br><br>Garantia do Fornecedor de 12 Meses","{""cor"":""Branco"",""marca"":""Esmaltec"",""voltagem"":""127 V""}",,Esmaltec,Branco,127 V,,,,,439,Esmaltec,Branco,Não informado,Horizontal,Não informado,Não informado,Não informado,Esmaltec,468L,Branco,110V,Horizontal,2 Portas,
efacil||2220279,Freezer,"Freezer Vertical Fricon 284L VCED284V, Dupla Ação, Porta de Vidro, Branco",PRODUTO DESATIVADO<br>,"{""capacidade_liquida_de_armazenamento"":""284 L"",""marca"":""Fricon"",""tipo"":""Vertical"",""voltagem"":""Bivolt""}",284 L,Fricon,,Bivolt,Vertical,,,,284L,Fricon,Branco,Não informado,Vertical,Porta de Vidro,Dupla Ação,Não informado,Fricon,284L,Branco,110V,Vertical,1 Porta,
magazineluiza||216447600,Freezer,Freezer Horizontal 410L 2 Portas Freeart Seral,"O freezer horizontal 410 litros da Freeart Seral é indicado para resfriados e congelados. O acabamento interno é com cantos arredondados que facilitam a limpeza, tem divisória aramada para organizar melhor seu interior. O tampo é com puxador lateral, rodízio de alta resistência, é um ótimo produto para branding.","{""capacidade_liquida_de_armazenamento"":""410 L"",""marca"":""Freeart Seral"",""portas"":""2 Portas"",""voltagem"":""127 V""}",410 L,Freeart Seral,,127 V,,2 Portas,,,410L,Freeart Seral,Não informado,Não informado,Horizontal,2 Portas,2,Não informado,Freeart Seral,410L,Branco,110V,Horizontal,2 Portas,Manual
engageeletro||52666,Freezer,Freezer Horizontal Midea 295 Litros 60hz RCFA31/RCFA32,"Mantenha seus alimentos sempre conservados no Freezer Horizontal Midea 295L. <br>Ele traz quatro funções para resfriar, conservar e congelar, através do termostato externo com 9 opções de temperatura. Além disso, a função Freezer + possibilita resfriar os alimentos de forma mais rápida. <br>Prático, possui abertura de porta superior com puxador ergonômico e rodízios que ajudam no transporte; seu dreno frontal para escoamento da água do degelo facilita na hora da limpeza. Também acompanha um cesto aramado para organização dos alimentos e fechadura com chave. Não agride a camada de Ozônio, pois é livre de CFC.<br>Temperatura de Operação Freezer: mínimo de -28°C e máximo de -12°C.<br>Temperatura de operação do conservador/refrigerador: mínimo de 0°C e máximo de 10°C. <br><br>Características<br><br>- Selo PROCEL: classificação A de economia no INMETRO. Até 50% a mais de economia comparado a modelos similares.<br><br>- 4 Funções: resfriar, Conservar e Freezer + .<br><br>- Termostato externo com 9 opções de temperatura: mais opções para você coservar e resfriar todo tipo de alimento<br><br>- Função Freezer+: mantém o compressor ligado, atingindo temperaturas baixas em muito menos tempo.<br><br>- Rodízios que facilitam o transporte<br><br>- Puxador Ergonômico e abertura abertura de porta superior<br><br>- Ecologicamente correto: não utiliza CFC.<br><br>- Cesto aramado e fechadura com chave.<br><br>- Baixo Nível de Ruido<br><br>Especificações Técnicas<br><br>Eficiência energética: Selo Procel (Classificação Energética: A pelo INMETRO)<br>Capacidade (l): 295<br>Range de temperatura: 10/0 , -12/-28°C<br>Painel: Mecânico<br>Funções: Resfriar, Conservar, Freezer e Freezer+<br>Cor interna: Alumínio (Prata)<br>Cor externa: Branco<br>Material interno: Alumínio<br>Material externo: Aço galvanizado<br>Número de portas: 1<br>Cesto de armazenagem: Sim<br>Puxador ergonômico: Sim<br>Dreno: Lateral<br>Rodízio: Sim (dois dianteiros e dois pés traseiros fixos)<br>Suporte do cabo de alimentação: Não<br>Luz Indicadora de Funcionamento: Sim<br>Fluido Refrigerante: R600a<br>Consumo aproximado de energia (kWh/mês): 29,727,6<br>Potência (W): 140<br>Temperatura de Operação do Freezer: -28°C (mínimo) / -12°C (máximo)<br>Temperatura de Operação do Conservador/Refrigerador: 0 °C (mínimo) / 10°C (máximo)<br>Frequência: 60 Hz<br>Tipo de tomada: 10A<br>Itens inclusos na embalagem: 1 Congelador Horizontal, 1 cesto aramado , puxador, chaves e parafusos e 1 manual<br><br>Dimensões e Pesos<br><br>Altura (cm): 85<br>Largura (cm): 112<br>Profundidade (cm): 68<br>Peso líquido (kg): 42<br><br>Produto Embalado<br>Altura (cm): 88,5<br>Largura (cm): 115,5<br>Profundidade (cm): 70<br>Peso bruto (kg): 46<br><br>Garantia de 12 meses/ 10 anos no compressor","{""capacidade_liquida_de_armazenamento"":""295 L"",""cor"":""Branco"",""marca"":""Midea"",""voltagem"":""220 V""}",295 L,Midea,Branco,220 V,,,,,295 Litros,Midea,Branco,60hz,Horizontal,Sim,1,Manual,Midea,295L,Branco,220V,Horizontal,1 Porta,
importline||GZN11740x1x1,Freezer,Freezer 145l Midea Horizontal 01 Tampa - Mdrc207sla011,FREEZER 145L MIDEA HORIZONTAL 01 TAMPACARACTERÍSTICASCapacidade Líquida de Armazenamento (L): 145Fluido Refrigerante: R600-APainel: MecânicoCor Interna: PrataMaterial Interno: AlumínioMaterial Externo: Aço GalvanizadoNúmero de Portas: 1Cesto de Armazenagem: Sim (1)Espátula de Gelo: Sim (1)Puxador: SimDreno: FrontalRodízios: 2 Rodízios Somente na Base do CompressorLed Indicador de Funcionamento: SimSuporte do Cabo de Alimentação: SimTemperatura de Operação do Freezer (°C): -24 a -18Temperatura de Operação do Refrigerador (°C): 0 a 10Temperatura de Operação do Conservador (°C): -18 a -12ESPECIFICAÇÕES TÉCNICASEficiência Energética&gt; A++Potência Nominal (W) 120 Cor: BRANCO - Voltagem: 110 VOLTS...,"{""cor"":""Branco"",""marca"":""Midea"",""voltagem"":""127 V""}",,Midea,Branco,127 V,,,,,145L,Midea,BRANCO,110 VOLTS,Horizontal,1 Tampa,1,Não informado,Midea,145L,Branco,110V,Horizontal,1 Porta,
carmelimports2||NF40SBB001-CP3,Freezer,Freezer Horizontal 399 Litros Expositor NF40S Refrigerador Metalfrio Branco 110 V,"<p>NF40S Expositor Horizontal - 399 Litros<br><br>Alto desempenho, baixo consumo de energia e design moderno, conserva seu produto na temperatura ideal para consumo.<br><br>Desempenho Profissional:<br><br>Novo sistema de refrigeração garante mais eficiência energética e alta capacidade de conservação para manter sorvetes e alimentos congelados na temperatura ideal de consumo.<br><br>Design e Beleza:<br><br>A linha Nextgen Supra possui conjunto de tampas com design elegante e molduras em plástico ABS com linhas harmônicas e modernas. Os puxadores são ergonômicos para facilitar o encaixe das mãos e a abertura das tampas.<br><br>Excelente Exposição Para Sorvetes e Congelados:<br><br>A nova altura do gabinete proporciona perfeita visualização e acesso aos produtos. O interior em aço pré-pintado branco, além de ser uma proteção extra contra corrosão, destaca as cores dos produtos no interior de seu NF40 Supra.<br><br>Características<br><br>Desempenho profissional<br>Gabinete em aço pré pintado<br>Gabinete inteligente<br>Gás ecológico<br>Menor consumo de energia<br>Nova parede de isolação<br>Puxador ergonômico<br>Rodizio reforçado<br><br>Informações técnicas<br><br>Marca: Metalfrio<br>Modelo: Nf40s<br>Tensão: 110v ou 220v (não é bivolt)<br>Capacidade bruta: 399 litros<br>Capacidade líquida: 318 litros<br>Consumo mensal: 80 kwh/mês<br>Faixa de temperatura: -18C / -22C<br>Quantidade de tampas: 2<br>Peso líquido: 77 Kg<br>Peso bruto: 85 Kg<br><br>Medidas externas:<br>Largura (frente): 141,5 cm<br>Altura: 84 cm<br>Comprimento (lateral): 68,1 cm<br><br>Medidas internas:<br>Largura (frente): 125 cm<br>Altura: 64 cm<br>Comprimento (lateral): 51,5 cm<br><br>*Não acompanha cesto</p>","{""marca"":""Metalfrio"",""voltagem"":""127 V""}",,Metalfrio,,127 V,,,,,318 litros,Metalfrio,Branco,110 V,Horizontal,Não informado,2,Não informado,Metalfrio,318L,Branco,110V,Horizontal,2 Portas,
lojasminatel||11716,Freezer,Freezer Vertical Consul 246 L - Branco 110V,"<p><span>Cor: Branco<br><br>Dimensões<br><br>Profundidade: 69,1 cm<br>Largura: 61,6 cm<br>Altura: 170 cm<br>Altura com Embalagem: 172.5 cm<br>Largura com Embalagem: 63.7 cm<br>Profundidade com Embalagem: 71 cm<br>Consumo aproximado de energia: 46,0 KWh/mês<br>Classificação energética: C<br>Peso: líquido<br>Peso: 58 kg<br>Peso com Embalagem: 60 kg<br><br>Características<br><br>Congelamento rápido: Sim<br>Compartimento de congelamento rápido: Sim<br>Função: Freezer<br>Não contém CFCSim<br>Tipo de degelo: Manual<br>Tipo de freezer: Vertical<br>Dreno de gelo: Sim<br>Painel de controle: Sim - frontal externo<br>Voltagem - 110V<br><br>Itens<br><br>Porta reversível: Sim<br>Cestos deslizantes e removíveis: 5<br>Pés: Sim<br>Portas: 1<br>Prateleiras: 1<br>Rodízios para transporte: Sim<br>Gavetão: 1<br><br>Capacidade<br><br>Armazenamento líquido: 246 l<br>Bruta: 296 l</span></p>","{""capacidade_liquida_de_armazenamento"":""246 L"",""cor"":""Branco"",""marca"":""Consul"",""tipo"":""Vertical"",""voltagem"":""127 V""}",246 L,Consul,Branco,127 V,Vertical,,,,246 L,Consul,Branco,110V,Vertical,1,1,Manual,Consul,246L,Branco,110V,Vertical,1 Porta,Manual
dufrio||100222986,Freezer,Freezer Vertical Uma Porta Brastemp 197L BVG24HB  110V,"<strong>Mais espaço para congelados</strong><br>O Freezer Vertical Brastemp é ideal para quem necessita de um espaço extra para a conservação dos alimentos. Com capacidade para 197 litros, conta com sistemas Frost Free e Easy-to-open, além de compartimento para congelamento rápido, gavetas removíveis e Painel Eletrônico Externo.<br><br><strong>Congelamento rápido</strong><br>Com o compartimento para congelamento rápido do Freezer Brastemp é possível gelar bebidas e congelar alimentos de forma mais rápida e eficaz. Nesta função, a fase de cristalização do gelo, que ocorre entre 0°C e –5°C, é mais veloz e minimiza a perda de água dos alimentos.<br><br><strong>Gavetas removíveis</strong><br>O freezer conta com seis gavetas removíveis em acrílico transparente, que garantem mais facilidade na visualização e organização dos alimentos.<br><br><strong>Painel Eletrônico Externo</strong><br>Por meio do Painel Eletrônico Externo, é possível controlar a temperatura e as funções do seu freezer sem precisar abrir a porta. Muito mais facilidade para o seu dia a dia.","{""capacidade_liquida_de_armazenamento"":""197 L"",""cor"":""Branco"",""marca"":""Brastemp"",""tipo"":""Vertical"",""tipo_de_degelo"":""Frost Free""}",197 L,Brastemp,Branco,,Vertical,,,Frost Free,197L,Brastemp,Não informado,110V,Vertical,Uma Porta,1,Frost Free,Brastemp,197L,Branco,110V,Vertical,1 Porta,Frost Free
frigelar2||kit9544,Freezer,Freezer Vertical Brastemp 228 Litros Flex Frost Free Branco BVR28NBBNA 220V,"<p>O Freezer Vertical Brastemp 228 Litros Flex Frost Free BVR28NB é flexível permite que você o transforme em uma geladeira sempre que necessário, proporcionando uma solução adaptável para suas necessidades de armazenamento.</p><p>Freezer Flex<br>Transforme seu freezer em geladeira sempre que precisar.</p><p>Controle Externo<br>Tenha total controle da temperatura do seu freezer no toque de um botão.</p><p>Tecnologia Frost Free<br>Não precisa descongelar nunca.</p><p>Prateleira de Vidro Temperado<br>Mais facilidade de limpeza e melhor visibilidade do interior da geladeira.</p>","{""capacidade_liquida_de_armazenamento"":""228 L"",""cor"":""Branco"",""marca"":""Brastemp"",""tipo"":""Vertical"",""tipo_de_degelo"":""Frost Free"",""voltagem"":""220 V""}",228 L,Brastemp,Branco,220 V,Vertical,,,Frost Free,228 Litros,Brastemp,Branco,220V,Vertical,Não informado,Não informado,Frost Free,Brastemp,228L,Branco,220V,Vertical,1 Porta,Frost Free
dufrio||100222968,Freezer,Freezer Vertical Uma Porta Consul 142L 110V  CVU20GB,"<span>Freezer Vertical Uma Porta Consul 142L</span> <span>O Freezer Vertical Consul de 142 litros é perfeito para quem busca um espaço extra para guardar os congelados. Compacto, tem um super espaço interno e cabe perfeitamente na sua cozinha. Ele também conta com compartimentos especiais para conservar os seus alimentos por mais tempo.</span> <span>Gelo e picolé derretidos?</span> <span>Se depender do Freezer Consul você nunca mais vai ter este problema, pois ele conta com um compartimento especial de congelamento rápido com o tamanho perfeito para gelos, picolés e embalagens pequenas.</span> <span>Prateleira do prato pronto</span> <span>O freezer vertical conta com uma gaveta especial para você guardar suas refeições congeladas ao alcance das mãos. Prático, né?</span> <span>Gavetão de frutos do mar</span> <span>Com este freezer você não vai ter aquele problema de abrir a porta e sentir como se estivesse em uma peixaria ou então de pegar um frango e ele estar com gosto de peixe. Ele conta com um Gavetão de Frutos do Mar que fica isolado e evita que os cheiros se espalhem. Bem pensado, né?</span> <span>Tudo no cestinho</span> <span>O freezer de 142 litros conta com 5 cestinhos para você armazenar o que quiser. E o melhor, são todos removíveis, o que facilita a hora da limpeza e contam com travas de segurança para evitar acidentes.</span><span> <em>check</em> Gaveta inferior removível. </span><span> <em>check</em> Cestos removíveis. </span><span> <em>check</em> Termostato (localizado na parte traseira do produto). </span><span> <em>check</em> Pés estabilizadores. </span>","{""capacidade_liquida_de_armazenamento"":""142 L"",""marca"":""Consul"",""tipo"":""Vertical""}",142 L,Consul,,,Vertical,,,,142L,Consul,Não informado,110V,Vertical,Uma Porta,1,Não informado,Consul,142L,Branco,110V,Vertical,1 Porta,Manual
whirlpool||648,Freezer,Freezer Horizontal Consul 213 Litros 1 Tampa,"Mais espaço para seus alimentosO Freezer Horizontal Consul de 213 litros de uma tampa é ideal para quem precisa de um espaço extra para armazenar os alimentos. Com dupla função, é resistente e conta com acabamento em chapas de aço pintado, rodinhas para locomoção e dreno frontal que facilita a limpeza.Freezer ou refrigerador?Os dois! Com apenas um toque no painel você pode mudar a função de freezer para refrigerador e vice-versa. Super versátil.Espaço para tudo!Com 213 litros de capacidade, no Freezer Consul cabe o que você quiser e mais um pouco. Para agilizar a sua vida na cozinha, ele conta com a função Congelamento Rápido que congelar até 11kg de alimentos em 24 horas.Dreno frontalCom o dreno frontal a limpeza fica muito mais fácil. Quando você precisar degelar o freezer horizontal, basta colocar uma vasilha debaixo do dreno, que todo o gelo derretido escoará por um único local.MobilidadeAcha difícil ter que arrastar o freezer de lá para cá na hora da limpeza ou para mudá-lo de lugar? Com os pés com rodinhas do Freezer Consul você não vai ter este problema!","{""capacidade_liquida_de_armazenamento"":""213 L"",""cor"":""Branco"",""marca"":""Consul"",""voltagem"":""220 V""}",213 L,Consul,Branco,220 V,,,,,213 Litros,Consul,Não informado,Não informado,Horizontal,1 Tampa,1,Manual,Consul,213L,Branco,220V,Horizontal,1 Porta,Manual
kiteletro||1922,Freezer,Freezer Vertical 231 Litros Facilite Consul CVU26EBANA Classe A,"Ideal para armazenar seus alimentos, o Freezer Vertical CVU26EB da Consul possui capacidade de 231 litros e um design que não ocupa espaço na cozinha. <br> Sua porta reversível oferece ainda mais possibilidades de otimização. <br> Por meio do congelamento rápido, você consegue conservar aquele alimento que não pode ficar em temperatura ambiente por muito tempo. <br> O controle de temperatura externo facilita o manuseio, pois não é necessário abrir a porta para o ajuste. <br> Além disso, o freezer tem 1 gavetão multiuso em PS Cristal, 4 cestos removíveis com trava de segurança e classificação energética A, que indica economia de energia.<br> <br> Características:<br> Tipo: 1 porta<br> Capacidade útil: 231,00 litros<br> Congelamento rápido: Sim<br> Controle de temperatura: Sim<br> Portas reversíveis: Sim<br> Cesto: Removíveis com trava de segurança<br> Gavetão: Multiuso em PS Cristal<br> Classificação Energética: A<br> Consumo de energia: 41,8 kWh/mês<br> <br> Dimensões:<br> Altura: 153,9 cm<br> Largura: 61,6 cm<br> Profundidade: 69,1 cm<br> Peso: 53 kg<br> <br> Garantia do Fornecedor de 12 Meses.","{""capacidade_liquida_de_armazenamento"":""231 L"",""cor"":""Branco"",""marca"":""Consul"",""quantidade_de_portas"":""1 Porta"",""tipo"":""Vertical"",""voltagem"":""220 V""}",231 L,Consul,Branco,220 V,Vertical,,1 Porta,,231 Litros,Consul,Não informado,Não informado,Vertical,1 porta,1,Não informado,Consul,231L,Branco,220V,Vertical,1 Porta,Manual
efacil||2219279,Freezer,Freezer e Refrigerador Horizontal Esmaltec 230 Litros ECH250,"Características do Produto:<br>Modelo: ECH250<br>Capacidade Líquida (L): 214 <br>Capacidade Bruta (L): 230 <br>Dimensões AxLxP (cm): 93,70 x 77,00 x 65,00<br>Peso Líquido (kg): 54<br>Peso Bruto (kg): 56<br>Frequência (Hz): 60<br><br>Garantia: 01 Ano (Ofertada Pelo Fornecedor)<br><br>SAC - Fornecedor<br>Esmaltec<br>0800 275 1414<br>","{""capacidade_liquida_de_armazenamento"":""214 L"",""cor"":""Branco"",""marca"":""Esmaltec"",""quantidade_de_portas"":""1 Porta"",""voltagem"":""Bivolt""}",214 L,Esmaltec,Branco,Bivolt,,,1 Porta,,214,Esmaltec,Não informado,Não informado,Horizontal,Não informado,Não informado,Não informado,Esmaltec,230L,Branco,110V,Horizontal,1 Porta,Frost Free
lojaoriodopeixe||3047,Freezer,Freezer Horizontal Esmaltec ECH250 CIB 230 Litros,"Características:<br> <br> Marca: Esmaltec<br> Modelo: ECH250 CIB<br> Capacidade Total: 230 Litros<br> Gabinete Interno: Branco<br> Gabinete Externo: Pintado a Pó<br> Tipo de Gás: R134a<br> Variação de Temperatura: -22°C a 3,5°C<br> Tampa Balanceada<br> Rodízios Rotativos<br> Dreno Frontal com Tampa<br> <br> Dimensões do Produto:<br> Altura: 93 cm<br> Largura: 77,5 cm<br> Profundidade: 69,5 cm<br> <br> Garantia do Fornecedor: 12 meses.","{""capacidade_liquida_de_armazenamento"":""230 L"",""cor"":""Branco"",""marca"":""Esmaltec"",""voltagem"":""220 V""}",230 L,Esmaltec,Branco,220 V,,,,,230 Litros,Esmaltec,Não informado,Não informado,Horizontal,Não informado,Não informado,Não informado,Esmaltec,230L,Branco,220V,Horizontal,1 Porta,Manual
polodasmaquinass||0100009TQR,Freezer,Freezer horiz 185lt t.vidro nf20sb metalfrio,"NF20 Expositor Horizontal: Alto desempenho, baixo consumo de energia e design moderno, conserva seu produto na temperatura ideal para consumo._x0095_ Desempenho Profissional: Novo sistema de refrigeração garante mais eficiência energética e alta capacidade de conservação para manter sorvetes e alimentos congelados na temperatura ideal de consumo._x0095_ Design e Beleza: A linha Nextgen Supra possui conjunto de tampas com design elegante e molduras em plástico ABS com linhas harmônicas e modernas. Os puxadores são ergonômicos para facilitar o encaixe das mãos e a abertura das tampas._x0095_ Excelente Exposição para Sorvetes e Congelados: A nova altura do gabinete proporciona perfeita visualização e acesso aos produtos. O interior em aço pré-pintado branco, além de ser uma proteção extra contra corrosão, destaca as cores dos produtos no interior de seu NF20 Supra.Ideal para: Sorveterias, cozinhas industriais, bares, mercados, padarias e lojas de conveniência. ======================================Características Principais_x0095_ Desempenho Profissional: Novo sistema de refrigeração garante mais eficiência energética e alta capacidade de conservação para manter sorvetes e alimentos congelados na temperatura ideal de consumo._x0095_ Gabinete em aço pré pintado: Permite melhor eficiência no congelamento dos produtos armazenados, além de evitar manchas, riscos e corrosões._x0095_ Gabinete inteligente: Dimensões internas projetadas para otimizar o uso de caixas de sorvetes (estoque embaixo dos cestos) e cesto padrão único com tamanho próprio para armazenagem de picolés._x0095_ Gás Ecológico R290: Amigável ao meio ambiente._x0095_ Menor consumo de energia: Troca de calor mais eficiente e maior vida útil do sistema de refrigeração proporcionam redução de consumo de energia de até 52% (Em comparação com a linha anterior Metalfrio HF)._x0095_ Nova parede de Isolação: Com 75mm, mantém o interior do freezer mais gelado e troca de calor mais eficiente. _x0095_ Puxadores ergonômicos e feitos em material de alta resistência._x0095_ Rodízios reforçados: Facilitam a movimentação do freezer, oferecendo praticidade na limpeza e mudança de layout no ponto de venda.======================================EspecificaçõesCapacidade Bruta: 185 litros / Capacidade Líquida: 144 litros Faixa de Temperatura: Freezer: -18°C / -22°C Classificação do Produto: Freezer Controle de temperatura: Termostato eletromecânicoTipo de degelo: ManualQuantidade de tampas: 2Capacidade de ArmazenamentoPotes de Sorvete 500ml: 90Potes de Sorvete 2l: 24Dimensões ExternasLargura: 80 cmAltura: 85 cm Profundidade: 66 cmDimensões InternasLargura: 65 cmAltura: 69 cm Profundidade: 51 cmAtenção: Cestos internos não acompanham o produto.","{""voltagem"":""220 V""}",,,,220 V,,,,,144 litros,Metalfrio,Não informado,Não informado,Horizontal,Não informado,2,Manual,Metalfrio,185L,Branco,220V,Horizontal,1 Porta,Manual
engageeletro||83718,Freezer,Freezer Horizontal Hisense 142 litros FC185NW 1 Porta Branco,"O Freezer Hisense Horizontal 142L, é perfeito para quem quer preservar seus alimentos e bebidas resfriados, conservados ou congelados na temperatura certa!<br><br>Além disso, seu tamanho compacto proporciona uma grande praticidade, capazse adaptar a qualquer tipo de ambiente.<br><br>O Freezer também conta com um cesto removivel, Compressor On/Off e possui capacidade de armazenamento de 142 Litros.<br><br>Especificações Técnicas<br><br>Marca: Hisense<br>Modelo: FC185NW3A/FC185NW2A<br>Cor: Branco<br>Capacidade: 142 LTS<br>Potência: 75 W<br>Frequência: 60<br>Tipo de Tomada: 1,9 M + PLUG BR<br>Gás Refrigerante: R-600A<br>Puxador: Sim externo<br>Portas: 1<br>Material: Metal<br>Voltagem<br>- 127 V<br>- 220 V<br>Consumo: 26,76 KWH<br>Classificação Energética: A+<br><br>Dimensões do Produto: 850 x 621 x 560 MM<br>Garantia do Fabricante de 1 Ano","{""capacidade_liquida_de_armazenamento"":""142 L"",""portas"":""1 Porta"",""voltagem"":""Bivolt""}",142 L,,,Bivolt,,1 Porta,,,142 Litros,Hisense,Branco,"127 V
- 220 V",Horizontal,1 Porta,1,Não informado,Hisense,142L,Branco,110V,Horizontal,1 Porta,
varimaqequipamentos||779,Freezer,Conservador Vertical Cego Branco Frilux Rf009 420l,"CONSERVADOR VERTICAL PORTA CEGA BRANCA OU PRETA FRILUXRF - 009Armazenagem e Conservação de Gelo, Produtos Previamente Congelados ou Refrigerados em GeralTripla Ação Tubulação em cobreAquecimento no quadro das PortasPrateleiras reguláveis e inclináveisRefrigeração EstáticaPés ReguláveisDisponível = 420 LitrosDisponivel em 127 ou 220 VCÓDIGO - RF-009CAPACIDADE - 420 LITROSFRENTE - 660 MMLATERAL - 660 MMALTURA - 1850 MMTEMPERATURA - +7 À -22CONSUMO - 127 KWH/MÊSVOLTAGEM: 127V OU 220VPESO - 75KG.DIMENSÃO DO PRODUTO:Altura: 185cmLargura: 66cmProfundidade: 66cmPeso: 75 KgCores : Branca ou PretaInterno BrancoFoto meramente ilustrativa","{""capacidade_liquida_de_armazenamento"":""420L"",""marca"":""Frilux""}",420L,Frilux,,,,,,,420 Litros,Frilux,Branca ou Preta,127V ou 220V,Conservador,Porta Cega,1,Manual,Frilux,420L,Branco,220V,Vertical,1 Porta,
lojaszema||4908,Freezer,Freezer Horizontal 143 Litros Dual Function HE150 Electrolux,"Freezer Horizontal Electrolux 143L Dual Function HE150<br> <br> O Freezer Horizontal Electrolux 143L HE150 é um modelo com eficiência energética, através da Classificação A, e com Dual Function que permite regular a temperatura com dupla função para o modo freezer ou geladeira, garantindo a melhor preservação de seus alimentos.<br> <br> Com Grande Capacidade para até 143L, a iluminação de LED interna permite uma melhor visualização e a função Turbo Freezer garante potência máxima para congelar mais rapidamente.<br> <br> A Fechadura de Segurança facilita o travamento para uma armazenagem mais segura dos seus alimentos, enquanto o Gás Ecológico R600 não agride a camada de ozônio nem a natureza. Mais segurança para você e para o meio ambiente.<br> <br> Conte também com o Cesto Aramado que é ideal para organização, possibilitando o fácil acesso aos seus alimentos preferidos e a Alça Ergonômica oferece mais comodidade para abrir o freezer.<br> <br> Metatag: Menor consumo de energia e maior controle de temperatura para preservar seus alimentos e bebidas preferidas.<br> <br> Características:<br> Tipo: Horizontal<br> Frequência (Hz): 60<br> Consumo (Kw): 28,2<br> Capacidade (L): 143<br> Número de Portas: 1<br> Capacidade Bruta (L): 143<br> Capacidade Líquida (L): 143<br> Congelamento Rápido: Sim<br> Iluminação Interna: Sim<br> Fechadura de Segurança: Sim<br> Dreno de Degelo: Sim<br> Tipo de Degelo: Manual<br> Classificação Energética: A<br> Gás Ecológico: R600a<br> Rodízios: Sim<br> Puxadores: Sim<br> Tecnologia: Cycle Defrost<br> Dupla Função: Sim<br> Controle de Temperatura: Sim<br> Descongelamento Automático: Não<br> Porta Reversível: Não<br> Compartimentos: 1 cesto<br> Alarme de Porta Aberta: Não<br> <br> Consumo Energético A menor consumo de energia elétrica e mais economia.<br> Dual Function dupla função que controla a temperatura para o modo freezer ou geladeira, garantindo a melhor preservação dos seus alimentos conforme necessidade.<br> Grande Capacidade armazena e organiza com facilidade todos os tipos de alimentos e bebidas.<br> Luz de LED Interna luz LED interna para melhor visualização do interior do seu freezer.<br> Luz de LED Interna luz LED interna para melhor visualização do interior do seu freezer.<br> Fechadura de Segurança permite o travamento do freezer para um armazenamento mais seguro.<br> Fechadura de Segurança permite o travamento do freezer para um armazenamento mais seguro.<br> Cesto Aramado Flexibilidade e melhor organização do espaço interno.<br> Alça Ergonômica maior facilidade para abrir o seu freezer.<br> <br> Dimensões:<br> Altura: 85 cm<br> Largura: 63.2 cm<br> Profundidade: 60.3 cm<br> Peso: 27 kg<br> <br> Garantia: 12 meses","{""capacidade_liquida_de_armazenamento"":""143 L"",""cor"":""Branco"",""marca"":""Electrolux"",""tipo_de_degelo"":""Cycle Defrost\t"",""voltagem"":""127 V""}",143 L,Electrolux,Branco,127 V,,,,Cycle Defrost,143 Litros,Electrolux,Não informado,Não informado,Horizontal,1,1,Manual,Electrolux,143L,Branco,110V,Horizontal,1 Porta,Cycle Defrost
frigelar2||KIT2424,Freezer,Freezer Horizontal Philco 99 Litros Dupla Ação PFH105B 220V 220V,"<p>O Freezer Horizontal Philco 2 em 1 PFH105B 99L é perfeito para quem busca um local extra para guardar alimentos e bebidas. Ele é compacto, espaçoso por dentro, perfeito para pequenos ambientes. 2 em 1 ele pode ser utilizado como congelador ou refrigerador, se adapta a sua necessidade. Mais econômico, classificação “A” pela procel e livre de CFC, Ecofrendly, não agride a Camada de Ozônio. <br> <br>Sistema Dupla Função: Pode operar na função freezer e refrigerador; <br>Controle de temperatura ajustável no painel frontal; <br>Sistema de refrigeração por compressor; <br>Gás refrigerante R600a; <br>2 Rodas para deslocamento, facilitando a movimentação do produto; <br>Dreno frontal, facilitando o degelo e limpeza do produto; <br>Degelo Manual; <br>Volume Interno 99 litros;</p>","{""capacidade_liquida_de_armazenamento"":""99 L"",""marca"":""Philco"",""tipo_de_degelo"":""Degelo Manual"",""voltagem"":""220 V""}",99 L,Philco,,220 V,,,,Degelo Manual,99 Litros,Philco,Não informado,220V,Horizontal,Dupla Ação,Não informado,Manual,Philco,99L,Branco,220V,Horizontal,1 Porta,Manual
moveislinhares||63739,Freezer,Freezer Vertical Frost Free Brastemp BVR28MB 228 Litros Branco,"Freezer Vertical Frost Free Brastemp BVR28MB 228 Litros - Branco<br><br>- Informações e especificações do produto<br>- Marca: Brastemp<br>- Modelo: BVR28MB<br>- Cor: Branca<br>- Voltagem: 110V ou 220V (Não é Bivolt)<br>- Capacidade: 228 Litros<br>- Consumo: 55 kwh/mês<br><br>- Tipo: Freezer Vertical<br>- Degelo: Frost Free<br>- FLEX: Pode se tornar uma geladeira em um único clique<br>- Controle eletrônico: Externo de temperatura<br><br>- 5 prateleiras<br>- Prateleiras em vidro temperado<br>- 9 compartimentos<br>- Congelamento rápido<br>- Display<br>- Porta reversível <br><br>- Garantia: 12 meses<br><br>Dimensões Produto:<br>- Altura: 169,8cm<br>- Largura:63,1cm<br>- Profundidade: 69,5cm<br>- Peso: 66 kg<br><br>ATENÇÃO CLIENTE!!<br><br>Super diquinhas para você cliente feliz!!<br><br>1. Foto do anúncio meramente ilustrativa.<br>2. CONFIRA A VOLTAGEM DESEJADA ANTES DE COMPRAR PRODUTOS ELETRONICOS - 127V ou 220V<br>3. Objetos de decoração não acompanham o produto e não estão inclusos no pedido.<br>4. Para instalação, funcionalidades, manutenção e cuidados específicos consulte o manual do produto ou contrate um profissional.<br>5. Devido às normas da ABNT e às resoluções n 13 de 2006, n 2 de 2007 e n 8 de 2009 do CONMETRO os fabricantes estão mudando as tomadas para o novo padrão. Para utilizar este produto, será preciso adaptador ou a troca da tomada antiga. Não nos responsabilizamos por esta alteração.<br>6. ENTREGA por conta da Móveis Linhares somente para compras realizadas no site da Moveis Linhares com destino as cidades aonde temos lojas físicas. Mais informações consulte nossa política de entrega.<br>7. CONFIRA o estado do produto no ato da entrega junto com o entregador, prevenindo-se de problemas futuros. #ficaadica.<br>8. A entrega não considera subida de lances de escada ou içamento de produtos que não cabem em elevadores. CONFIRA as dimensões antes de comprar.","{""capacidade_liquida_de_armazenamento"":""228 L"",""cor"":""Branco"",""marca"":""Brastemp"",""tipo"":""Vertical"",""tipo_de_degelo"":""Frost Free"",""voltagem"":""220 V""}",228 L,Brastemp,Branco,220 V,Vertical,,,Frost Free,228 Litros,Brastemp,Branco,110V ou 220V,Freezer Vertical,Não informado,Não informado,Frost Free,Brastemp,228L,Branco,220V,Vertical,1 Porta,Frost Free
frigelar2||kit9754,Freezer,Freezer Horizontal Midea 205 Litros Branco RCFB2 220V,"<p>Confira as Vantagens Deste Freezer:</p><p>3 Funções para Atender Necessidades Diárias - Freezer, Refrigerador e Conservador: Este eletrodoméstico multifuncional foi projetado com três funções distintas para atender às demandas variadas do dia a dia: freezer, refrigerador e conservador. Essa versatilidade oferece flexibilidade para armazenar diferentes tipos de alimentos, adaptando-se às suas necessidades específicas.</p><p>Temperaturas Flexíveis para Congelar, Conservar e Refrigerar: O aparelho proporciona temperaturas flexíveis, variando de -24°C a +10°C, o que permite congelar, conservar e refrigerar alimentos de maneira eficiente. Essa amplitude de temperaturas amplia as possibilidades de armazenamento, garantindo a preservação ideal dos alimentos.</p><p>Super Econômico, Selo PROCEL com Classificação A no INMETRO: Destacando-se por sua eficiência energética, o eletrodoméstico ostenta o Selo PROCEL com classificação A de economia no INMETRO. Essa certificação atesta o compromisso do aparelho em proporcionar um desempenho eficiente, reduzindo o consumo de energia e gerando economia para o usuário.</p><p>Fechadura com Chave, Mais Segurança para Você: A fechadura com chave adiciona uma camada extra de segurança ao aparelho. Isso é particularmente útil para famílias com crianças ou em situações em que é necessário controlar o acesso ao conteúdo do eletrodoméstico.</p><p>Gás Refrigerante Ecológico R600a, Livre de CFC: Comprometido com a sustentabilidade ambiental, o aparelho utiliza o gás refrigerante ecológico R600a, que é livre de CFC.</p>","{""capacidade_liquida_de_armazenamento"":""205 L"",""cor"":""Branco"",""marca"":""Midea"",""voltagem"":""220 V""}",205 L,Midea,Branco,220 V,,,,,205 Litros,Midea,Branco,220V,Horizontal,Não informado,Não informado,Não informado,Midea,205L,Branco,220V,Horizontal,1 Porta,Manual
lojasminatel||FAUSTO1382809,Freezer,Freezer Horizontal 314L Branco 220v  H330 - Electrolux,"<p><span>Informações do Produto<br><br>Freezer Horizontal 314L Branco 220v H330 - Electrolux <br><br>O Freezer Horizontal H330 possui 314L de capacidade, é prático de usar e oferece maior economia de energia elétrica. Com ele, você armazena e acessa seus produtos de maneira fácil e tem mais tempo para administrar seus negócios.<br>Este freezer Electrolux possui classificação energética “A”, para menor consumo de energia elétrica e maior economia, e função Turbo Freezer, que permite um resfriamento mais rápido, indicado para ocasiões como festas ou quando há a necessidade de congelar os alimentos de forma acelerada.<br>Conta com a Dupla Função para congelar ou apenas refrigerar o conteúdo do freezer e painel frontal intuitivo, facilitando o acionamento de todas as funções.<br>A fechadura de segurança permite o travamento do freezer, a fim de proporcionar um armazenamento seguro, e rodas 360°, que facilitam a movimentação do freezer, trazendo mais mobilidade. Sua pintura externa é mais resistente, durável e confere boa aparência.<br>O freezer horizontal contém um dreno frontal, que auxilia no degelo e, juntamente com o puxador ergonômico, oferece facilidade e praticidade para seu dia a dia na hora de armazenar seus alimentos e higienizar seu freezer.<br><br>Classificação Energética “A”<br>Menor consumo de energia elétrica para maior economia.<br>Turbo Freezer”<br>Resfriamento mais rápido, indicado para ocasiões como festas ou quando há a necessidade de congelar os alimentos de forma acelerada.<br>Dupla Função e painel frontal intuitivo<br>Controle de temperatura para função freezer ou refrigerador com maior facilidade no acionamento de cada uma delas.<br>Fechadura de segurança<br>Permite o travamento do freezer para um armazenamento seguro.<br>Pintura resistente<br>Mais durável, confere melhor aparência.<br>Rodas 360° e puxador ergonômico<br>Mais facilidade para abrir e movimentar o Freezer.<br>Dreno frontal<br>Praticidade na hora de descongelar. A água do degelo escoa pelo dreno sem precisar movimentar o Freezer.<br><br>Imagens Meramente Ilustrativas!</span></p>","{""capacidade_liquida_de_armazenamento"":""314 L"",""cor"":""Branco"",""marca"":""Electrolux"",""voltagem"":""220 V""}",314 L,Electrolux,Branco,220 V,,,,,314L,Electrolux,Branco,220v,Horizontal,Não informado,Não informado,Não informado,Electrolux,314L,Branco,220V,Horizontal,1 Porta,Manual
angeloni2||4909685,Freezer,Freezer Horizontal Midea 150L Branco RCFA12,<br> Freezer Horizontal Midea 150L Branco RCFA12<br> <br> <br> <br> Produto em conformidade com regulamentação do Inmetro. Todas as informações técnicas divulgadas são de responsabilidade exclusiva do fabricante/fornecedor. A cor do produto pode variar de acordo com as configurações do seu monitor. <br><br>,"{""capacidade_liquida_de_armazenamento"":""150 L"",""cor"":""Branco"",""marca"":""Midea"",""tipo_de_degelo"":""Degelo Manual"",""voltagem"":""Bivolt""}",150 L,Midea,Branco,Bivolt,,,,Degelo Manual,150L,Midea,Branco,Não informado,Horizontal,Não informado,Não informado,Não informado,Midea,150L,Branco,110V,Horizontal,1 Porta,Manual
arede||06201FBA206,Freezer,Freezer Horizontal Electrolux 199L 1 Porta HE200 Branco 220V,"<p>O Freezer Horizontal Electrolux 199L HE200 é um modelo com eficiência energética e potência máxima para gelar ainda mais rápido. Com função Dual Function que permite regular a temperatura com dupla função para o modo freezer ou geladeira, garantindo a melhor preservação de seus alimentos. Grande Capacidade para até 199L, a iluminação de LED interna permite uma melhor visualização e a função Turbo Freezer garante potência máxima para congelar mais rapidamente. A Fechadura de Segurança facilita o travamento para uma armazenagem mais segura dos seus alimentos, enquanto o Gás Ecológico R600 não agride a camada de ozônio nem a natureza. Mais segurança para você e para o meio ambiente. Conte também com o Cesto Plástico ideal para organização, possibilitando o fácil acesso aos seus alimentos preferidos e a Alça Ergonômica oferece mais comodidade para abrir o freezer. Menor consumo de energia e maior controle de temperatura para preservar seus alimentos e bebidas preferidas. Aproveite a qualidade que só a Electrolux te oferece!</p> <p>Especificações:</p> <p>Comprimento: 81,2 cm</p> <p>Largura: 60,3 cm</p> <p>Altura: 85 cm</p> <p>Tensão / Voltagem: 220V</p> <p>Consumo Energético A+: Menor consumo de energia elétrica e mais economia</p> <p>Dual Function: Dupla função que controla a temperatura para o modo freezer ou geladeira</p> <p>Grande Capacidade: Armazena e organiza com facilidade todos os tipos de alimentos e bebidas</p> <p>Luz de LED Interna: Luz LED interna para melhor visualização do interior</p> <p>Turbo Freezer: Potência máxima para congelar mais rapidamente, preservando alimentos e bebidas</p> <p>Fechadura de Segurança: Permite o travamento do freezer para um armazenamento mais seguro</p> <p>Gás Ecológico R600: Não agride o meio ambiente nem a camada de ozônio</p> <p>Cesto Plástico: Flexibilidade e melhor organização do espaço interno</p> <p>Alça Ergonômica: Maior facilidade para abrir o seu freezer</p> <p>Cor: Branco</p> <p>As configurações do seu monitor ou dispositivo móvel podem afetar a tonalidade da cor do produto. Conferir na descrição.</p>","{""cor"":""Branco"",""marca"":""Electrolux"",""quantidade_de_portas"":""1 Porta"",""voltagem"":""220 V""}",,Electrolux,Branco,220 V,,,1 Porta,,199L,Electrolux,Branco,220V,Horizontal,1 Porta,1,Não informado,Electrolux,199L,Branco,220V,Horizontal,1 Porta,
jmatacadistaequipamentos||2907-2513,Freezer,Freezer Vertical 565 Litros Tripla Ação Imbera - EVZ21,"Freezer Vertical 565 Litros Tripla Ação Imbera - EVZ21 Freezer Vertical 565 Litros Tripla Ação Imbera - EVZ21. Aqui você encontra! O EVZ-12 da Imbera é o produto perfeito para que você que deseja um freezer econômico, durável e que garanta flexibilidade de uso para o seu negócio. Com Termostato Eletrônico Tripla Ação, fornece máxima economia de energia, minimizando demandas de regulagem e podendo ser utilizado para diversos tipos de produtos, congelados ou resfriados. A porta cega garante ainda maior economia energética devido a baixa transferência de calor, além de mais praticidade na limpeza diária, juntamente com a grade frontal plástica que não enferruja/descasca com o passar dos anos e ainda pode ser reciclada após seu descarte. Com grande capacidade interna, o EVZ-21 suporta até 564 litros que podem ser facilmente acomodados em suas prateleiras ajustáveis - garantindo total aproveitamento do espaço interno. O gabinete do EVZ-21 é contruído em lamina única, o que melhora sua estrutura e acabamento. Seu interior pré-pintado garante vida útil ainda maior ao seu equipamento. Características - Controlador<br> - Condensador De Baixa Manutenção<br> - Porta Cega<br> - Espuma Isolante De Ciclopentano<br> - Grade Frontal Plástica<br> - Compressor Nacional Embraco<br> - Design Arrojado<br> - Sistema De Rodízio<br> - Prateleiras Ajustáveis Especificação Técnica - Marca: Imbera<br> - Modelo: EVZ21 PORTA CEGA<br> - Cor: Branca<br> - Fonte de alimentação: 60 Hz<br> - Amperagem: 3,8<br> - Voltagem: 220v<br> - Corte: - 22<br> - Arranque: 8<br> - Capacidiade: 560 Litros<br> - Dimensões exterior <br> - (AxLxP) 198 x 68 x 81 cm<br> - Dimensões interior (mm)<br> - (AxLxP) 148 x 55 x 67 cm ATENÇÃO: Imagem meramente ilustrativa, podendo conter alguma diferença em sua tonalidade. Os objetos que ambientam as fotos não acompanham o produto.","{""capacidade_liquida_de_armazenamento"":""565 L"",""tipo"":""Vertical""}",565 L,,,,Vertical,,,,565 Litros,Imbera,Branca,220v,Vertical,Porta Cega,1,Não informado,Imbera,565L,Branco,220V,Vertical,1 Porta,
gazin||12380,Freezer,Freezer Electrolux 199L 1 Porta Horizontal Degelo Manual HE200,"Coloque as bebidas para gelar, deixe as sobremesas muito mais gostosas, e os alimentos devidamente refrigerados com o Freezer Electrolux HE200. São 199 litros de capacidade aptos a manter os alimentos em condições de preparo e consumo. O modelo traz degelo manual e conta com o auxílio da tecnologia cycle defrost, capaz de reduzir drasticamente o acúmulo de gelo, além de funcionar como refrigerador e freezer. É só escolher de acordo com o tipo de alimento, necessidade do momento, e tudo mais... Se preferir, use a função turbo freezer e deixe tudo estupidamente gelado em poucos instantes. Faça isso, com muita economia devido a classificação A+ de energia.<br> <br> Praticidade e segurança<br> Aproveite também a iluminação de LED, possibilidade de travamento com chave, e cesto interno para garantir a organização, segurança e observação privilegiada da parte interna. Além disso, a abertura da porta na horizontal dá show de facilidade!<br> <br> Sobre a marca: Electrolux, transformando a vida para melhor!<br> Electrolux, uma empresa centenária que passou todo esse tempo com um único objetivo: Facilitar a vida das pessoas através de produtos com design diferenciado, inovadores e tecnológicos. Mundialmente conhecida, a empresa conquistou clientes proporcionando experiências únicas focadas no bem estar e qualidade de vida. De lá pra cá a Electrolux cresceu, se fortaleceu e se solidificou no mercado de eletrodomésticos, sendo pioneira no desenvolvimento e lançamento de produtos para todos os ambientes da casa... e para fora dela também. Com sede por inovar ela segue lançando tendências, como o app Electrolux + (Home Plus) para Android e iOS que conecta todos os produtos da linha smart control com um simples toque no seu smartphone. A proposta da Electrolux para o futuro é clara, contribuir para a melhoria da vida de forma sustentável em todo o mundo. <br> <br> Caracteristicas:<br> Marca: Electrolux<br> Modelo: HE200<br> Capacidade total: 199 litros<br> Tipo de degelo: Manual<br> Tipo de freezer: Horizontal<br> Modos: Freezer e refrigerador<br> Painel: Externo<br> Quantidade de portas: 1 porta<br> Controle de temperatura: Sim<br> Dreno: Sim<br> Pés com rodízios: Sim<br> Travamento da porta com chave: Sim<br> Cestos internos: Sim<br> Eficiência energética: A+<br> Consumo: 31,4 kW/h<br> Frequência: 60 Hz<br> Inmetro: Sim<br> <br> Conteúdo da embalagem<br> 01 freezer e manual de instruções<br> <br> Dimensões:<br> Altura: 85 cm<br> Largura: 81,2 cm<br> Profundidade: 60,3 cm<br> Peso: 30 kg<br> <br> Garantia<br> 01 ano (3 meses de garantia legal e mais 9 meses de garantia especial concedida pelo fabricante).<br> <br> Detalhes sobre a compra:<br> Fique de olho: siga sempre as orientações do fabricante e utilize seu produto de acordo com o manual. A empresa não se responsabiliza pelo mau uso do produto, o que pode causar perda da garantia.#8239; <br> Não nos encarregamos, no ato da entrega, por montagens e desmontagens, subir escadas/elevadores ou transporte por guincho para apartamentos. Eventuais despesas são de responsabilidade do cliente. <br> O valor divulgado é unitário e a imagem é meramente ilustrativa. Precisou trocar ou devolver? O prazo é de 7 dias a partir do recebimento do produto - Lei n 8.078 _x0096_ Sempre confira no ato da entrega.","{""capacidade_liquida_de_armazenamento"":""199 L"",""cor"":""Branco"",""marca"":""Electrolux"",""quantidade_de_portas"":""1 Porta"",""tipo_de_degelo"":""Degelo Manual"",""voltagem"":""127 V""}",199 L,Electrolux,Branco,127 V,,,1 Porta,Degelo Manual,199L,Electrolux,Não informado,Não informado,Horizontal,1 porta,1,Manual,Electrolux,199L,Branco,110V,Horizontal,1 Porta,Manual
lojasguaibim1||735056,Freezer,Freezer Horiz. AF200 2 Portas 220W 176L Branco - ESMALTEC,CARACTERÍSTICAS<br>Capacidade Líquida (L)176 <br>Capacidade Bruta (L)<br>227<br>Frequência (Hz)<br>60<br>Temperatura (mínima e máxima) <br>-18oC a -22oC<br>Sistema de refrigeração <br>Convencional<br>Quantidade de portas <br>2<br>Outras Informações- Dreno frontal com tampa<br>- Gás R134A<br>- Condensador com ventilação forçada<br>- Vapor Cold Wall<br>- Tampa de Vidro reta deslizante<br><br><br>Atenção: 1. Verifique a voltagem correta para o seu equipamento. Grande parte dos eletrodomésticos no Brasil estão disponíveis em duas voltagens: 110V ou 220V. Certifique-se qual a voltagem de sua residência e selecione o produto conforme essa especificação.<br><br>,"{""cor"":""Branco"",""marca"":""Esmaltec"",""quantidade_de_portas"":""2 Portas"",""voltagem"":""127 V""}",,Esmaltec,Branco,127 V,,,2 Portas,,176L,ESMALTEC,Branco,220W,Horiz,2 Portas,2,Convencional,Esmaltec,176L,Branco,110V,Horizontal,2 Porta,Manual
acimaqequipamentoscomerciais||13636,Freezer,Freezer Vertical Gtpc-575 Porta Cega 578 Litros 127V - Gelopar,"Freezer Vertical Dupla Ação Gelopar - Ideal para conservação de gelo e produtos congelados ou refrigeração de produtos resfriados*. <br>Possui temperatura de operação para Congelados de -10° a -15°C e Resfriados +1° a +7°C, controle de temperatura por termostato dupla ação, <br><br>Capacidade para 42 Pacotes de gelo 5Kg<br>Refrigeração: Estática com serpentina, com degelo manual<br>Controle de Temperatura: Termostato dupla ação<br>Prateleiras aramadas: 4 níveis reguláveis e inclináveis; GTPC-575A sem prateleiras<br>Porta cega; Fechamento automático<br>Obs: Na temperatura de resfriados ocorre a formação de gotículas de água no interior do produto<br>Vidros sujeitos a condensação da umidade do ar<br><br>Dimensões <br>Frente(mm) 675<br>Profundidade(mm) 814<br>Altura(mm) 1994<br>Dimensões Internas 565x668x1540mm (FxPxA)<br>Capacidade bruta(litros) 577<br>Peso bruto(kg) 104<br>Tensão(V) 110<br>Frequência(Hz) 50 ou 60<br>Consumo kWh/dia(60Hz) 5,49<br>Classe 4<br>plano de carga: 54 pacotes de gelo de 3kg / 43 pacotes de gelo de 5kg <br> <br>PRODUTO DESTINADO PARA USO COMERCIAL","{""marca"":""Gelopar"",""tipo"":""Vertical"",""voltagem"":""127 V""}",,Gelopar,,127 V,Vertical,,,,578 Litros,Gelopar,Não informado,127V,Vertical,Porta Cega,1,Manual,GELOPAR,578L,Branco,110V,Vertical,1 Porta,Manual
lojasguaibim1||169967,Freezer,"Freezer Horizontal CHA31C 1 Porta 41,6kWh 309L Branco CONSUL","O Freezer Horizontal 1 Porta CHA31 Dreno Frontal, 309L - CONSUL, é um eletrodoméstico de alta qualidade que oferece excelente capacidade de armazenamento e versatilidade. Com seu design espaçoso e eficiente, é perfeito para famílias que precisam de um espaço extra para congelar ou refrigerar alimentos.<br><br>Com um modelo CHA31C, este freezer possui um consumo aproximado de energia de 41,6 KWh/mês, o que o torna uma opção econômica e sustentável. Os pés com rodízios facilitam a movimentação do freezer, permitindo que você o posicione com facilidade em qualquer local da sua casa.<br><br>O Congelamento rápido é uma função muito útil deste freezer, que permite congelar alimentos de forma rápida e eficiente, preservando sua qualidade e sabor. O dreno frontal também é uma característica conveniente, facilitando o escoamento do gelo derretido.<br><br>Com dupla função e acionamento frontal, o Freezer Horizontal CHA31 pode ser utilizado tanto como freezer quanto como refrigerador, proporcionando flexibilidade para atender às suas necessidades específicas. Seu gabinete interno e externo é feito com chapa de aço pintado, conferindo durabilidade e resistência ao aparelho.<br><br>Com um armazenamento líquido de 309 litros e capacidade bruta de 311 litros, este freezer oferece amplo espaço para acomodar seus alimentos congelados ou refrigerados. Ele vem com 1 cesto deslizante e removível para melhor organização dos produtos.<br><br>Além disso, o Freezer Horizontal CHA31 possui uma fechadura de segurança, garantindo que seus alimentos fiquem protegidos contra acesso não autorizado. Ele também é equipado com rodízios para transporte, tornando mais fácil movimentá-lo quando necessário.<br><br>Com controle de temperatura através de termostato no painel frontal, você pode ajustar a temperatura de acordo com suas preferências e necessidades. O tipo de degelo é manual, o que significa que você precisará descongelar o freezer periodicamente.<br><br>O painel de controle integrado permite que você monitore e ajuste as configurações do freezer com facilidade. Além disso, o Freezer Horizontal CHA31 possui classificação energética A, o que significa que é eficiente em termos de consumo de energia.<br><br>Este freezer é uma opção prática e confiável para armazenar seus alimentos congelados ou refrigerados. Sua combinação de recursos avançados, capacidade generosa e design durável o tornam uma escolha ideal para qualquer lar.<br><br>Atenção:<br><br>1. Verifique a voltagem correta para o seu equipamento. Grande parte dos eletrodomésticos no Brasil está disponível em duas voltagens: 110V ou 220V. Certifique-se qual a voltagem de sua residência e selecione o produto conforme essa especificação.<br><br>2. Devido às normas da ABNT e às resoluções no 13 de 2006, no 2 de 2007 e no 8 de 2009 do CONMETRO, os fabricantes estão mudando as tomadas para o novo padrão.","{""capacidade_liquida_de_armazenamento"":""309 L"",""cor"":""Branco"",""marca"":""Consul"",""quantidade_de_portas"":""1 Porta"",""voltagem"":""127 V""}",309 L,Consul,Branco,127 V,,,1 Porta,,309L,CONSUL,Branco,Não informado,Horizontal,1 Porta,1,Manual,CONSUL,309L,Branco,110V,Horizontal,1 Porta,Manual
lojasbenoit||103134,Freezer,Freezer Electrolux Vertical 197L FE23,"<br>Capacidade (L):197<br>Tipo:Vertical<br>Dupla ação (freezer e refrigerador):Não<br>Tipo de degelo:Degelo Manual<br>Dreno de degelo:Sim<br>Classificação de consumo (Selo Procel):A<br>Porta:1<br>Compartimento:6<br>Cesto removível:Sim<br>Luz interna:Não<br>Voltagem:110V ou 220V (não é bivolt)<br>Cor:Branco<br>Classificação de consumo (Selo Procel):A<br>Consumo (kWh):39,9<br>Peso (kg):45<br>Referência:FE23<br>Dimensões (AxLxP):151,9 x 55 x 64,5 cm<br>Registro INMETRO:informações relativas a certificação constam nas imagens acima<br>Itens Inclusos:- 1 Freezer Electrolux Vertical 197 Litros FE23 - 1 Manual do Produto<br>Informações importantes:Imagens meramente ilustrativas.Objetos que ambientam as fotos não acompanham o produto.As tonalidades das cores dos produtos podem sofrer alterações de acordo com a calibração do seu monitor.Este produto não inclui montagem e instalação.Não nos responsabilizamos,no ato da entrega,por desmontagens,subir escadas,elevadores ou transporte por guincho para apartamentos.Eventuais despesas são de responsabilidade do cliente.<br>Registro INMETRO:informações relativas a certificação constam nas imagens acima<br>Garantia Fabricante:12 meses","{""capacidade_liquida_de_armazenamento"":""197L"",""cor"":""Branco"",""marca"":""Electrolux"",""tipo"":""Vertical"",""voltagem"":""127 V""}",197L,Electrolux,Branco,127 V,Vertical,,,,197L,Electrolux,Branco,110V ou 220V,Vertical,1,Não informado,Degelo Manual,Electrolux,197L,Branco,110V,Vertical,1 Porta,Manual
friopecas||126753,Freezer,Freezer Horizontal Metalfrio NF40S 400 Litros  220 Volts,"Freezer Horizontal Metalfrio NF40S 400 Litros – 220 Volts NF40 Metalfrio: Nova linha Nextgen Supra! Baixa temperatura para armazenamento de sorvetes e congelados. <br> A linha de Freezers NF Supra possui alta performance, robustez e durabilidade, ideal para estabelecimentos comerciais, no armazenamento de sorvetes e congelados. <br> Seus diferenciais tecnológicos auxiliam no baixo consumo de energia, reduzindo consideravelmente o valor da sua conta no final do mês. <br> Fabricado com motor eletromecânico, o freezer conserva a refrigeração certa para os seus produtos, mesmo em ambientes com temperaturas elevadas e alto fluxo de abertura de porta. <br> Ideal para: Sorveterias, cozinhas industriais, bares, mercados, padarias e lojas de conveniência. <br> Altura anatômica, ideal para visualização dos seus produtos por crianças e adultos. <br> Economia de energia: Troca de calor mais eficiente e maior vida útil do sistema de refrigeração proporcionam redução de consumo de energia de até 52%. <br> Nova moldura: Com design moderno e em plástico de alta resistência, a nova moldura fixa garante suavidade na abertura das tampas. <br> Gás Ecológico R290: Amigável ao meio ambiente reduz em até 99% as emissões de gases causadores do efeito estufa. <br> Gabinete inteligente: Dimensões internas projetadas para otimizar o uso de caixas de sorvetes (estoque embaixo dos cestos) e cesto padrão único com tamanho próprio para armazenagem de picolés. <br> Parede de Isolação: Com 75mm, mantém o interior do freezer mais gelado e troca de calor mais eficiente. <br>","{""capacidade_liquida_de_armazenamento"":""400 L"",""marca"":""Metalfrio"",""voltagem"":""220 V""}",400 L,Metalfrio,,220 V,,,,,400 Litros,Metalfrio,Não informado,220 Volts,Horizontal,Não informado,Não informado,Não informado,Metalfrio,400L,Branco,220V,Horizontal,2 Portas,
friopecas||140673,Freezer,Freezer Horizontal Electrolux 400 Litros Branco  H440  220 Volts,"Freezer Horizontal Electrolux 400 Litros Branco H440 – 220 Volts <p> O Freezer Horizontal Electrolux 400 Litros Branco H440 – 220 Volts possui classificação energética “A”, consumindo uma quantidade menor de energia sem perder a eficiência, função turbo freezer, que permite um resfriamento mais rápido, indicado para ocasiões como festas ou quando há a necessidade de congelar os alimentos de forma acelerada. Além disso, possui cesto aramado, que contribui para organização do espaço interno.</p> <p> A Dupla Função permite que o Freezer Horizontal Electrolux seja utilizado para congelar e refrigerar. O painel frontal intuitivo facilita na hora de acionar todas as funções e a fechadura de segurança permite travar as 2 portas do freezer, evitando que sua abertura seja acidental. Sua pintura externa é mais resistente, durável e confere boa aparência.</p> <p> Este freezer conta também com rodas 360°, puxador ergonômico e dreno frontal, que permite o escoamento da água do degelo sem a necessidade de movimentar o freezer, trazendo maior praticidade no manuseio.</p> <p> Imagem Meramente Ilustrativa. </p>","{""capacidade_liquida_de_armazenamento"":""400 L"",""cor"":""Branco"",""marca"":""Electrolux"",""quantidade_de_portas"":""2 Portas"",""voltagem"":""220 V""}",400 L,Electrolux,Branco,220 V,,,2 Portas,,400 Litros,Electrolux,Branco,220 Volts,Horizontal,2 portas,2,Manual,Electrolux,400L,Branco,220V,Horizontal,2 Portas,Manual
homepoint||PA5054,Freezer,Freezer Horizontal Philco PFH205B Branco 199 Litros,"PRINCIPAIS CARACTERÍSTICAS:<br>Freezer Horizontal Philco 199L PFH205B é 2 em 1, freezer e refrigerador. Perfeito para quem busca um local extra para guardar os congelados. Compacto, tem um super espaço interno, ideal para pequenos ambientes e cesto aramado. Ele pode ser utilizado como congelador ou refrigerador, se adapta a sua necessidade. Mais econômico, classificação “A” pela procel e livre de CFC, Ecofrendly, não agride a Camada de Ozônio. Praticidade e versatilidade pra você! <br><br>ESPECIFICAÇÕES DO PRODUTO:<br>• Sistema Dupla Função: Pode operar na função freezer e refrigerador;<br>• Maior Capacidade e melhor aproveitamento de espaço;<br>• Controle de temperatura ajustável no painel frontal;<br>• Sistema de refrigeração por compressor;<br>• Classificação energética A;<br>• Gás refrigerante R600a;<br>• Rodízios para deslocamento, facilitando a movimentação do produto;<br>• Dreno frontal, facilitando o degelo e limpeza do produto;<br>• Degelo Manual;<br>• Volume Interno 199 litros;<br>• Chave de Segurança, permite trancar o freezer se necessário;<br>• Garantia de 12 meses contra defeito de fabricação<br><br>IMAGENS MERAMENTE ILUSTRATIVAS","{""capacidade_liquida_de_armazenamento"":""199 L"",""cor"":""Branco"",""marca"":""Philco""}",199 L,Philco,Branco,,,,,,199 Litros,Philco,Branco,Não informado,Horizontal,Não informado,Não informado,Manual,Philco,199L,Branco,,Horizontal,1 Porta,Manual
gazinshop||13024,Freezer,Freezer Electrolux 197L 1 Porta Vertical Degelo Manual FE23,"Freezer Electrolux 197L 1 Porta Vertical Degelo Manual FE23<br> <br> Coloque alimentos e bebidas em um Freezer econômico, espaçoso e moderno como o modelo FE23 com porta vertical Electrolux! São 215 litros de capacidade bruta e 197 litros de capacidade líquida, degelo manual, dreno para escoamento da água e eficiência energética classe A.<br> <br> Acesso fácil<br> O espaço interno possui prateleiras e gavetas que facilitam a organização e o acesso a bebidas e alimentos! O controle de temperatura pode ser acionado na parte de trás do freezer. Além disso, o gás refrigerante R600 utilizado durante seu funcionamento é inofensivo ao meio ambiente.<br> <br> Sobre a marca: qualidade Electrolux!<br> Electrolux, uma empresa centenária que passou todo esse tempo com um único objetivo: Facilitar a vida das pessoas através de produtos com design diferenciado, inovadores e tecnológicos. Mundialmente conhecida, a empresa conquistou clientes proporcionando experiências únicas focadas no bem estar e qualidade de vida. De lá pra cá a Electrolux cresceu, se fortaleceu e se solidificou no mercado de eletrodomésticos, sendo pioneira no desenvolvimento e lançamento de produtos para todos os ambientes da casa... e para fora dela também. Com sede por inovar ela segue lançando tendências, como o app Electrolux + (Home Plus) para Android e iOS que conecta todos os produtos da linha smart control com um simples toque no seu smartphone. A proposta da Electrolux para o futuro é clara, contribuir para a melhoria da vida de forma sustentável em todo o mundo.<br> <br> Características:<br> Marca: Electrolux<br> Modelo: FE23<br> Capacidade total: Bruta: 215 litros | Líquida: 197 litros<br> Tipo de degelo: Manual<br> Tipo de freezer: Vertical<br> Modos: Freezer e refrigerador<br> Painel: Externo<br> Quantidade de portas: 1 porta<br> Controle de temperatura: Sim<br> Dreno: Sim<br> Pés com rodízios: Não<br> Travamento da porta com chave: Não<br> Eficiência energética: A<br> Consumo: 39,9 kW<br> Frequência: 60 Hz<br> Inmetro: Sim<br> <br> Conteúdo da embalagem: 01 freezer e manual de instruções.<br> <br> Dimensões:<br> Altura: 151,9 cm<br> Largura: 55 cm<br> Profundidade: 64,5 cm<br> Peso: 45 kg<br> <br> Garantia: 12 meses (3 meses de garantia legal e mais 9 meses de garantia especial concedida pelo fabricante).<br> <br> Detalhes sobre a compra:<br> Fique de olho: siga sempre as orientações do fabricante e utilize seu produto de acordo com o manual. A empresa não se responsabiliza pelo mau uso do produto, o que pode causar perda da garantia.#8239; <br> Não nos encarregamos, no ato da entrega, por montagens e desmontagens, subir escadas/elevadores ou transporte por guincho para apartamentos. Eventuais despesas são de responsabilidade do cliente. <br> O valor divulgado é unitário e a imagem é meramente ilustrativa. Precisou trocar ou devolver? O prazo é de 7 dias a partir do recebimento do produto - Lei no 8.078 - Sempre confira no ato da entrega.","{""capacidade_liquida_de_armazenamento"":""197L"",""cor"":""Branco"",""marca"":""Electrolux"",""quantidade_de_portas"":""1 Porta"",""tipo"":""Vertical"",""tipo_de_degelo"":""Degelo Manual"",""voltagem"":""127 V""}",197L,Electrolux,Branco,127 V,Vertical,,1 Porta,Degelo Manual,197L,Electrolux,Não informado,Não informado,Vertical,1 porta,1,Manual,Electrolux,197L,Branco,110V,Vertical,1 Porta,Manual
fidcomex||PHPFH260B1,Freezer,Freezer Horizontal Philco Pfh260b 246 Litros Branco 127v,"<p>Freezer Philco Horizontal PFH260B é 2 em 1, congelador e refrigerador. Perfeito para quem busca um local extra para guardar os congelados.</p><p><br></p><p>Ele tem um super espaço interno, ideal para armazenar o que você precisar. Refrigerante, cervejas, carnes, doces, entre outros.</p><p><br></p><p>Ele pode ser utilizado como congelador ou refrigerador, se adapta a sua necessidade. Mais econômico, classificação ?A? pela procel e livre de CFC, Ecofrendly, não agride a Camada de Ozônio.</p><p><br></p><p>Consulte quem mais pensa em praticidade e versatilidade para você! Philco!</p><p><br></p><p><br></p><p>Características</p><p><br></p><p><br></p><p>Marca: Philco</p><p><br></p><p>Modelo: PFH260B</p><p><br></p><p>Ref.: 056751008</p><p><br></p><p>Cor: Branco</p><p><br></p><p>Voltagem: 127V</p><p><br></p><p>Potência: 100W </p><p><br></p><p>Consumo: 38 kWh</p><p><br></p><p>Tomada: 10A</p><p><br></p><p>Capacidade: 246 litros</p><p><br></p><p>Sistema Dupla Função: Pode operar na função freezer ou refrigerador</p><p><br></p><p>Maior Capacidade e melhor aproveitamento de espaço</p><p><br></p><p>Controle de temperatura no painel frontal</p><p><br></p><p>Sistema de refrigeração por compressor</p><p><br></p><p>Classificação energética A</p><p><br></p><p>Gás refrigerante R600a</p><p><br></p><p>Rodízios para deslocamento (2), facilitando a movimentação do produto</p><p><br></p><p>Dreno frontal, facilitando o degelo e limpeza do produto</p><p><br></p><p>Degelo Manual</p><p><br></p><p>Chave de Segurança, permite trancar o freezer se necessário</p><p><br></p><p><br></p><p>Dimensões Aproximadas do Produto (LxAxP): 95,5 cm x 85 cm x 66 cm</p><p><br></p><p>Dimensões Aproximadas do Produto Aberto (LxAxP): 95,5 cm x 142 cm x 64,5</p><p><br></p><p>Peso Líquido: 32,6 kg</p><p><br></p><p><br></p><p>Importante: Imprescindível à conferência no ato da entrega. Em caso de anormalidade, recuse o recebimento.</p><p><br></p><p>As imagens correspondem aos produtos apresentados, porém, são ilustrativas e podem sofrer variações de acordo com a resolução de seu monitor, iluminação ou ainda, percepção visual. </p><p><br></p><p>Os objetos decorativos das imagens não acompanham os produtos.</p><p><br></p><p><br></p><p>Garantia de 12 meses contra defeitos de fabricação de acordo com as normas do fabricante.</p>","{""capacidade_liquida_de_armazenamento"":""246 L"",""cor"":""Branco"",""marca"":""Philco"",""tipo_de_degelo"":""Degelo Manual"",""voltagem"":""127 V""}",246 L,Philco,Branco,127 V,,,,Degelo Manual,246 Litros,Philco,Branco,127V,Horizontal,Não informado,Não informado,Manual,Philco,246L,Branco,110V,Horizontal,1 Porta,Manual
engageeletro||1023408,Freezer,Freezer Vertical 560L Imbera Porta de Vidro Branca EVZ21,"<p>Plataforma adotada pelo varejo brasileiro como equipamento ideal para conservação de produtos congelados ou resfriados. Atende a maioria dos pontos de vendas e possui o menor custo beneficio da categoria.</p><p><br></p><p><br></p><p>CONTROLADOR</p><p><br></p><p> Termostato Eletrônico Tripla Ação. Ele fornece máxima economia de energia, minimizando as necessidades de cuidados e controle. Possui ajuste de temperatura para qualquer ocasião de produtos, desde congelador ou resfriados.</p><p><br></p><p>CONDENSADOR DE BAIXA MANUTENÇÃO</p><p><br></p><p> Ele evita que o pó bloqueie o fluxo de ar, gerando economia de energia e aumento da vida últil do compressor.</p><p><br></p><p>PORTA DE VIDRO</p><p><br></p><p> Ideal para a exposição de produtos em comércios e lojas de conveniência, mas sem perder o poder de refrigeração.</p><p><br></p><p>ESPUMA ISOLANTE DE CICLOPENTANO</p><p><br></p><p> É ecológico já que não contém CFC e HFC, é um isolante altamente eficiente.</p><p><br></p><p>GRADE FRONTAL PLÁSTICA</p><p><br></p><p> Mais durável, resistente e livre de oxidação Pode ser reciclável ao final da sua vida útil.</p><p><br></p><p>COMPRESSOR NACIONAL EMBRACO</p><p><br></p><p> Unidade Condensadora Embraco, Sistema possui sistema compacto de unidade, sendo facilmente removível para frente, afim de facilitar a manutenção.</p><p><br></p><p>DESIGN ARROJADO</p><p><br></p><p> Construção do Gabinete em uma única lamina, dando maior estrutura e acabamento. Laminas internas pré pintadas, garantindo maior vida útil do seu equipamento.</p><p><br></p><p>SISTEMA DE RODÍZIO</p><p><br></p><p> Equipamento equipado com rodízios, proporcionando maior facilidade na movimentação.</p><p><br></p><p>PRATELEIRAS AJUSTÁVEIS</p><p><br></p><p> Equipamento com prateleiras ajustáveis com pintura eletrostática, garantindo maior durabilidade.</p><p><br></p><p><br></p><p> ESPECIFICAÇÕES TÉCNICAS</p><p><br></p><p> Marca: Imbera</p><p> Modelo: EVZ21 PORTA DE VIDRO</p><p> Cor: Branca</p><p> Voltagem: 127v ou 220v</p><p> Fonte de alimentação: 60 Hz</p><p> Amperagem: 3.8 (110v)/1.6 (220v)</p><p> Faixa de Temperatura (°C): -22°C a 8°C</p><p> Consumo de Energia (kwh/24h): 3.56</p><p> Frequência (Hz): 60</p><p> CAPACIDADE: 560 Litros</p><p><br></p><p><br></p><p> Dimensões exterior (mm)</p><p><br></p><p> Altura: 1990</p><p> Largura: 700</p><p> Profundidade: 845</p><p> Peso: 105kg</p><p><br></p><p> Dimensões interior (mm)</p><p><br></p><p> Altura: 1480</p><p> Largura: 555</p><p> Profundidade: 673</p><p><br></p><p><br></p><p> Garantia de 12 Meses</p>","{""capacidade_liquida_de_armazenamento"":""560 L"",""marca"":""Imbera"",""tipo"":""Vertical"",""voltagem"":""127 V""}",560 L,Imbera,,127 V,Vertical,,,,560 Litros,Imbera,Branca,127v ou 220v,Vertical,Porta de Vidro,1,Não informado,Imbera,560L,Branco,110V,Vertical,1 Porta,
magazineluiza||231242300,Freezer,Freezer Industrial Vertical 1 Porta,"Contar com eletrodomésticos versáteis que auxiliem no armazenamento de alimentos e bebidas seja em casa ou em algum estabelecimento comercial faz toda a diferença no dia a dia não é mesmo? Por isso vale a pena conferir o Freezer Industrial Vertical VF55FT da Metalfrio. Trata-se de um freezer perfeito para quem quer preservar alimentos resfriados, conservados ou congelados de forma rápida. Possui uma porta cega com visor antienbaçante e capacidade líquida de armazenamento de 524 litros, certamente levará muita praticidade ao seu dia a dia! É produzido em tudo de aço com pintura em esmalte epóxi na cor branco.","{""marca"":""Metalfrio"",""portas"":""1 Porta"",""tipo"":""Vertical"",""voltagem"":""220 V""}",,Metalfrio,,220 V,Vertical,1 Porta,,,524 litros,Metalfrio,branco,Não informado,Vertical,cega,1,Não informado,Metalfrio,524L,Branco,220V,Vertical,1 Porta,
friopecas||120734,Freezer,Freezer Horizontal Fricon 216 Litros Branco HCED216L  220 Volts,"Freezer Horizontal Fricon 216 Litros Branco HCED216L – 220 Volts <p> CARACTERÍSTICAS DO PRODUTO</p> Conservação de produtos congelados ou bebidas e refrigerados <br> Refrigeração estática <br> Gabinete com formas internas arredondadas <br> Chapas internas e externas em aço galvanizado pré-pintado com alta resistência a corrosão <br> Isolamento de poliuretano ecologicamente correto <br> Grade plástica em material de alto impacto com proteção U.V. <br> Rodízio duplo giratório de alta resistência <br> Tampa de chapa com puxador ergonômico e dobradiças balanceadas <br> Dreno frontal <br> Condensação forçada, garantindo maior velocidade de refrigeração <br> Divisória interna <br> Termostato ajustável para dupla ação <br> Temperatura de operação de 35oC / 75% de umidade relativa do ar <br> Puxador frontal com fechadura <br> Defrost (degelo natural) <br>","{""capacidade_liquida_de_armazenamento"":""216 L"",""marca"":""Fricon"",""voltagem"":""220 V""}",216 L,Fricon,,220 V,,,,,216 Litros,Fricon,Branco,220 Volts,Horizontal,Não informado,Não informado,Degelo Natural,Fricon,216L,Branco,220V,Horizontal,1 Porta,Manual
lojasbenoit||102103,Freezer,Freezer Horizontal Midea 205L 1 Porta 3 Funções,"<br>Capacidade (L):205<br>Tipo:Horizontal<br>Dupla ação (freezer e refrigerador):Sim<br>Tipo de degelo:Degelo Manual<br>Dreno de degelo:Sim<br>Classificação de consumo (Selo Procel):A<br>Porta:1<br>Compartimento:1<br>Painel eletrônico:Não<br>Rodízio:Sim<br>Voltagem:110V ou 220V (não é bivolt)<br>Cor:Branco<br>Temperatura Mínima:-24 C<br>Temperatura Máxima:10 C<br>Potência elétrica (W):- 127V: 150W - 220V: 130W<br>Classificação de consumo (Selo Procel):A<br>Consumo (kWh):- 127V: 19,8 kWh - 220V: 23,1 kWh<br>Peso (kg):30<br>Referência:RCFB22<br>Dimensões (AxLxP):85 x 81,2 x 56,2 cm<br>Registro INMETRO:003109/2016<br>Itens Inclusos:- 1 Freezer Horizontal Midea - Manual do produto<br>Informações importantes:Imagens meramente ilustrativas.Objetos que ambientam as fotos não acompanham o produto.As tonalidades das cores dos produtos podem sofrer alterações de acordo com a calibração do seu monitor.Este produto não inclui montagem e instalação.Não nos responsabilizamos,no ato da entrega,por desmontagens,subir escadas,elevadores ou transporte por guincho para apartamentos.Eventuais despesas são de responsabilidade do cliente.<br>Registro INMETRO:003109/2016<br>Garantia Fabricante:12 meses","{""capacidade_liquida_de_armazenamento"":""205 L"",""cor"":""Branco"",""marca"":""Midea"",""quantidade_de_portas"":""1 Porta"",""tipo_de_degelo"":""Degelo Manual"",""voltagem"":""220 V""}",205 L,Midea,Branco,220 V,,,1 Porta,Degelo Manual,205L,Midea,Branco,110V ou 220V não é bivolt,Horizontal,1 Porta,1,Degelo Manual,Midea,205L,Branco,220V,Horizontal,1 Porta,Manual
frigelar2||KIT860,Freezer,Freezer e Refrigerador Horizontal Metalfrio (Dupla Ação) 166 Litros DA170 110V 110V,"<p>Linha Dupla Ação: vantagens em dobro para seu negócio! Com a Linha Chest Freezer Metalfrio você tem dois equipamentos em um só: por meio de uma chave seletora, você altera de freezer para refrigerador e vice-versa de maneira prática e rápida. Perfeito para quem busca versatilidade, robustez e desempenho.</p>","{""marca"":""Metalfrio"",""voltagem"":""127 V""}",,Metalfrio,,127 V,,,,,166 Litros,Metalfrio,Não informado,110V,Freezer e Refrigerador Horizontal,Não informado,Não informado,Não informado,Metalfrio,166L,Branco,110V,Horizontal,1 Porta,
magazineluiza||220656600,Freezer,Freezer Horizontal 2 Tampas de Vidro Artico 300L,"Freezer Horizontal Expositor Artico. O modelo FH300C Inox da linha Colors, é ideal para exposição e conservação de produtos congelados e resfriados. Ele é fabricado com materiais de primeira, tem design superior e tecnologia alemã, acabamento arredondado inclinado. As 2 tampas são em vidro deslizante, semi temperada, com anti-embaçante e sistema de drenagem exclusivo para reduzir o acúmulo de gelo e evitar o travamento. Também apresenta rodinhas para facilitar a locomoção e garantir a mobilidade. Muito versátil, pois possui 7 opções de temperatura e altíssima capacidade líquida de armazenamento de 300L para guardar e conservar alimentos e bebidas.","{""voltagem"":""127 V""}",,,,127 V,,,,,300L,Artico,Inox,Não informado,Horizontal,2 Tampas de Vidro,2,Não informado,Ártico,300L,Inox,110V,Horizontal,2 Portas,Manual
acimaqequipamentoscomerciais||48004,Freezer,Freezer Vertical Tripla Ação Gpc-57 Branco Porta Cega 577 Litros 220V - Gelopar,"Conservação e exposição de gelo e produtos congelados ou<br>Conservação e exposição de produtos resfriados<br>Temperatura: Congelados (diversos) -18° a -22°C<br>Congelados (gelo / massas) -10° a -15°C<br>Resfriados 0o a +7oC<br>Refrigeração: Estática com serpentina, com Degelo: Manual<br>Controle de Temperatura: Termostato tripla ação<br>Prateleiras aramadas: 4 níveis reguláveis e inclináveis<br>Porta: Cega<br>Pés niveladores<br>Obs: Na temperatura de resfriados ocorre a formação de gotículas de água no<br>interior do produto<br>Dimensões internas GPC-57: 565x668x1540mm (FxPxA<br>Gas r290<br><br>Frente (mm) 675<br>Profundidade (mm) 814<br>Altura (mm) 2068<br>Capacidade Bruta (l) 577<br>Peso líquido (kg) 96<br>Tensão (V) 127 220<br>Frequência (Hz) 60 50 ou 60<br>Consumo kWh/dia 5,93<br>Classe 4<br>pacote gelo 3kg 54<br>Pacote gelo 5kg 42<br><br>GARANTIA DOBRADA - EXCLUSIVIDADE ACIMAQ<br> <br> <br>PRODUTO DESTINADO PARA USO COMERCIAL","{""capacidade_liquida_de_armazenamento"":""577 L"",""marca"":""Gelopar"",""tipo"":""Vertical"",""voltagem"":""220 V""}",577 L,Gelopar,,220 V,Vertical,,,,577 Litros,Gelopar,Branco,220V,Vertical,Porta Cega,Não informado,Manual,Gelopar,577L,Branco,220V,Vertical,1 Porta,Manual
lojasmm||263,Freezer,Freezer Vertical Consul 121Litros - CVU18,"Nesse pequeno grande freezer, cabe tudo o que você precisa. E ele cabe perfeitamente na sua cozinha.<br><br><br>Com um desses em casa, nada se perde, nada se cria: tudo se conserva. Com lugar certo e compartimentos de sobra pra tudo que você quiser conservar por mais tempo. Quem não precisa de um desse?<br><br>Especificações Técnicas:<br>1 Gavetão<br>1 Prateleira<br>Função: Freezer<br>1 Portas<br>Capacidade bruta 166 L<br>Tipo de degelo Cycle Defrost<br>3 Cestos deslizantes e removíveis<br>Classificação energética: A<br>Armazenamento líquido 121 L<br>Não contém CFC<br>Rodízios para transporte<br>Consumo aproximado de energia 34,0 KWh mês<br>1 Compartimento Extra Frio<br>Tipo de freezer: Vertical<br>Informações de uso na porta <br> <br>Dimensões do produto:<br>Altura: 129.8 cm<br>Largura: 48.3 cm<br>Profundidade: 62 cm<br>Peso: 36 Kg<br> <br>Garantia do Fornecedor de 12 Meses","{""capacidade_liquida_de_armazenamento"":""121 L"",""cor"":""Branco"",""marca"":""Consul"",""tipo"":""Vertical""}",121 L,Consul,Branco,,Vertical,,,,121 L,Consul,Não informado,Não informado,Vertical,1 Portas,1,Cycle Defrost,,,,,,,
dufrio||100253920,Freezer,Freezer Horizontal 1 Porta 150L Midea  RCFA11 - 110V,"Freezer Horizontal 1 Porta 150L Midea RCFA<p>Com este freezer você tem a possibilidade, além de poder congelar seus alimentos, pode manté-lo resfriado, de forma rápida.</p><p>Seu tamanho compacto que proporciona praticidade ao se adaptar em qualquer cantinho de sua casa. </p><p>Com a versatilidade de suas funções, pode operar tanto como Freezer entre as temperaturas -24°C e -12°C,</p><p>quanto como Refrigerador entre as temperaturas 0°C e 10°. Além disso, é o mais econômico.</p>","{""capacidade_liquida_de_armazenamento"":""150 L"",""cor"":""Branco"",""marca"":""Midea"",""quantidade_de_portas"":""1 Porta""}",150 L,Midea,Branco,,,,1 Porta,,150L,Midea,Não informado,110V,Horizontal,1 Porta,1,Não informado,Midea,150L,Branco,110V,Horizontal,1 Porta,
britania||23567,Freezer,Freezer Horizontal 99L Philco PFH105B 2 em 1,"Freezer Horizontal 99L Philco PFH105B, um modelo com baixo consumo de energia, através da classificação A. Proporcionando praticidade e agilidade no seu dia a dia, o freezer Philco PFH105B possui dupla função, congelador e refrigerador. Além disso, não é prejudicial ao meio ambiente, já que é livre de CFC e possui gás R600a. Compacto, com uma capacidade de 99 litros, tenha maior espaço para armazenar e conservar seus alimentos e bebidas. Desenvolvido com rodízios, locomover o produto não será um problema, e o puxador com trava de segurança garante total segurança ao abrir e fechar o freezer. Tenha um produto 2 em 1 em casa, com a qualidade e a eficiência que você merece! Freezer Horizontal 99L Philco PFH105B, tem coisas que só a Philco faz pra você! • Sistema Dupla Função: pode operar na função freezer e refrigerador • Controle de temperatura ajustável no painel frontal • Sistema de refrigeração por compressor • Gás refrigerante R600a • 2 Rodas para deslocamento, facilitando a movimentação do produto • Dreno frontal, facilitando o degelo e limpeza do produto • Degelo Manual • Volume Interno 99 litros.","{""capacidade_liquida_de_armazenamento"":""99 L"",""cor"":""Branco"",""marca"":""Philco"",""tipo_de_degelo"":""Degelo Manual"",""voltagem"":""220 V""}",99 L,Philco,Branco,220 V,,,,Degelo Manual,99L,Philco,Não informado,Não informado,Horizontal,Não informado,Não informado,Manual,Philco,99L,Branco,220V,Horizontal,1 Porta,Manual
lojasmm||6172,Freezer,Freezer Vertical Consul 246 Litros Classificação Energética C CVU30,"O Freezer Consul Vertical, contém 5 cestos deslizantes e removíveis, além de organizar melhor seus congelados, possui trava de segurança. <br>O congelamento é rápido, preserva as propriedades naturais dos alimentos e ainda possui acionamento no painel frontal. <br>Possui também gavetão multiuso em acrílico transparente, que permite organizar e visualizar melhor os alimentos e controle de temperatura. <br>Além disso, conta com novo design, mais moderno com linhas arredondadas e novo grafismo. <br>Mais beleza e praticidade em sua cozinha.<br><br><br>Características:<br>Modelo: CVU30 <br>Consumo aproximado de energia: 46,0 KWh/mês <br>Compartimento de congelamento rápido: Sim <br>Congelamento rápido: Sim <br>Porta reversível: Sim <br>Armazenamento líquido: 246 litros<br>Capacidade bruta: 296 litros<br>Cestos deslizantes e removíveis: 5 <br>Classificação energética: C <br>Função: Freezer <br>Prateleiras: 1 <br>Rodízios para transporte: Sim <br>Tipo de degelo: Manual <br>Tipo de freezer: Vertical <br>Dreno de gelo: Sim <br>Painel de controle: Sim - frontal externo <br>Gavetão: 1 <br><br><br>Dimensões:<br>Altura: 170 cm <br>Largura: 61,6 cm <br>Profundidade: 69,1 cm <br>Peso: 58 kg<br><br><br>Garantia do fornecedor de 12 meses.","{""capacidade_liquida_de_armazenamento"":""246 L"",""cor"":""Branco"",""marca"":""Consul"",""tipo"":""Vertical"",""tipo_de_degelo"":""Degelo Manual""}",246 L,Consul,Branco,,Vertical,,,Degelo Manual,246 litros,Consul,Não informado,Não informado,Vertical,Não informado,Não informado,Manual,Consul,246L,Branco,220V,Vertical,1 Porta,Manual
magazineluiza||015153200,Freezer,Freezer Consul Horizontal 526 Litros,,"{""marca"":""Consul""}",,Consul,,,,,,,526 Litros,Consul,Não informado,Não informado,Horizontal,Não informado,Não informado,Não informado,,,,,,,
engageeletroful||46126,Freezer,Freezer Horizontal Electrolux Cycle Defrost 513l com Função Turbo Freezer Duas Portas H550,"O Freezer Horizontal H550 possui 513L de capacidade, é prático de usar, oferece maior economia de energia elétrica e espaço interno organizado. Com ele, você armazena e acessa seus produtos de maneira fácil e tem mais tempo para administrar seus negócios.<br><br>Este Freezer Electrolux possui classificação energética ?A?, para menor consumo de energia elétrica e maior economia, e função Turbo Freezer, que permite um resfriamento mais rápido, indicado para ocasiões como festas ou quando há a necessidade de congelar os alimentos de forma acelerada.<br><br>O cesto aramado flexibiliza e mantém organizado o espaço interno. Conta também com a Dupla Função para congelar ou apenas refrigerar o interior do freezer e painel frontal intuitivo, facilitando o acionamento de todas as funções.<br><br>A fechadura de segurança permite o travamento das 2 portas do freezer, a fim de proporcionar um armazenamento seguro. As rodas 360° facilitam a movimentação do freezer, trazendo maior mobilidade. Sua pintura externa é mais resistente, durável e confere boa aparência.<br><br>O Freezer horizontal contém um dreno frontal, que auxilia no degelo e, juntamente com o puxador ergonômico, oferece facilidade e praticidade para seu dia a dia na hora de armazenar seus alimentos e higienizar seu freezer.<br><br>Características<br><br>- Classificação Energética A<br>Menor consumo de energia elétrica para maior economia.<br><br>- Cesto aramado<br>Flexibilidade e melhor organização do espaço interno.<br><br>- Turbo Freezer<br>Resfriamento mais rápido, indicado para ocasiões como festas ou quando há a necessidade de congelar os alimentos de forma acelerada.<br><br>- Dupla Função e painel frontal intuitivo<br>Controle de temperatura para função freezer ou refrigerador com maior facilidade no acionamento de cada uma delas.<br><br>- Fechadura de segurança<br>Permite o travamento do freezer para um armazenamento seguro.<br><br>- Pintura resistente<br>Mais durável, confere melhor aparência.<br><br>- Rodas 360° e puxador ergonômico<br>Mais facilidade para abrir e movimentar o Freezer.<br><br>- Dreno frontal<br>Praticidade na hora de descongelar. A água do degelo escoa pelo dreno sem precisar movimentar o Freezer.<br><br>Especificfações Técnicas<br><br>Marca: Electrolux<br>Modelo: H550<br>Congelamento rápido: Não<br>Controle de temperatura: Sim<br>Descongelamento automático: Não<br>Dupla função (funciona como refrigerador e freezer): Sim<br>Gavetas: Não<br>Prateleiras removíveis: Não<br>Rodízios: Sim<br>Número de portas: 2<br>Classificação energética: A<br>Frequência: 60HZ<br>Tensão<br>- 127V<br>- 220V<br>Capacidade (L): 513<br>Turbo freezer: Sim<br>Acabamento: Metal<br>Consumo (Kw): 46,3 kwH/mês<br>Capacidade bruta (L): 521<br>Capacidade líquida (L): 513<br>Iluminação interna: Não<br>Fechadura de segurança: Sim<br>Dreno de degelo: Frontal<br>Tipo de degelo: Manual<br>Gás ecológico: Sim<br>Porta reversível: Não<br>Painel de controle: Sim<br>Alarme de porta aberta: Não<br>Temperaturas: 7°C a -18°C<br>Cesto aramado: Não<br>Conteúdo da embalagem<br>Freezer, Manual de instruções e Chave para as tampas.<br><br>Dimensões<br><br>Largura do produto: 157,3 cm<br>Altura do produto: 90 cm<br>Profundidade do produto: 76 cm<br>Peso do produto: 65,5 kg<br><br>Largura do produto embalado: 160 cm<br>Altura do produto embalado: 96 cm<br>Profundidade do produto embalado: 78,5 cm<br>Peso do produto embalado: 67,5 kg<br><br>Garantia de 12 Meses","{""capacidade_liquida_de_armazenamento"":""513 L"",""cor"":""Branco"",""marca"":""Electrolux"",""quantidade_de_portas"":""2 Portas"",""tipo_de_degelo"":""Cycle Defrost\t"",""voltagem"":""127 V""}",513 L,Electrolux,Branco,127 V,,,2 Portas,Cycle Defrost,513L,Electrolux,Não informado,"127V
- 220V",Horizontal,Duas Portas,2,Manual,Electrolux,513L,Branco,110V,Horizontal,2 Portas,Cycle Defrost
climario||24454,Freezer,Freezer Horizontal Dupla Ação Porta Cega 293 Litros Metalfrio DA302 Branco 127V,"<strong>Selo procel A </strong>: melhor nível de eficiência energética ,segundo inmetro. <strong>Refrigeração estática </strong>:baixo ruído e menor consumo de energia. <strong>Dreno frontal</strong>: dispensa o deslocamento do equipamento para o Degelo <strong>Gabinete interno em aço pré pintado</strong>: Auxilia na limpeza interna, evitando manchar, riscos e corrosões. <strong>Puxador Ergonômico</strong>: Design ergonômico, facilita a abertura e o fechamento da tampa, permitindo o encaixe perfeito da mão. <strong>Tampa balanceada</strong>: Leve para abrir, resistente e segura para vedar <strong>Rodízios giratórios 360°</strong>: Praticidade na movimentação dos freezers para mudanças de layout e limpeza. <strong>Gaxeta removível</strong>: Facilita a limpeza do equipamento e a remoção das sujeiras mais difíceis. • Capacidade Bruta293 L • Capacidade Líquida293 L • Freezer-18°C / -22°C • Refrigerador+2°C / +8°C • Gás : R-134a • Capacidade Bruta : 293 L • Capacidade Líquida :293L • Faixa de temperatura : -18°C • Peso Bruto :69Kg • Peso Líquido:57 Kg","{""capacidade_liquida_de_armazenamento"":""293 L"",""marca"":""Metalfrio"",""voltagem"":""127 V""}",293 L,Metalfrio,,127 V,,,,,293 Litros,Metalfrio,Branco,127V,Horizontal,Porta Cega,1,Manual,Metalfrio,293L,Branco,110V,Horizontal,1 Porta,Manual
