title,description,Unnamed: 2,Atributos <empresa terceira>,Unnamed: 4,Unnamed: 5,Unnamed: 6,Unnamed: 7,Unnamed: 8,Unnamed: 9,Unnamed: 10,Unnamed: 11,Unnamed: 12,Unnamed: 13,Unnamed: 14,Unnamed: 15,Unnamed: 16,Unnamed: 17,Unnamed: 18,AtributosAI-PAVE-BR,Unnamed: 20,Unnamed: 21,Unnamed: 22,Unnamed: 23,Unnamed: 24,Unnamed: 25,Unnamed: 26,Unnamed: 27,Unnamed: 28,Unnamed: 29,Unnamed: 30,Unnamed: 31,Unnamed: 32,Unnamed: 33,Unnamed: 34,Atributos Multimídia,Unnamed: 36,Unnamed: 37,Unnamed: 38,Unnamed: 39,Unnamed: 40,Unnamed: 41,Unnamed: 42,Unnamed: 43
,,extracted_attributes,cor_ol,marca_ol,quantidade_de_gavetas_ol,quantidade_de_portas_ol,tamanho_ol,tipo_ol,material_da_estrutura_ol,estilo_ol,adicional_ol,material_ol,quantidade_de_prateleiras_ol,comprimento_ol,portas_ol,tipo_de_porta_ol,recursos_ol,tema_ol,cor_llm,marca_llm,quantidade_de_gavetas_llm,quantidade_de_portas_llm,tamanho_llm,tipo_llm,material_da_estrutura_llm,estilo_llm,adicional_llm,material_llm,quantidade_de_prateleiras_llm,comprimento_llm,portas_llm,tipo_de_porta_llm,recursos_llm,tema_llm,cor,marca,quantidade_de_gavetas,quantidade_de_portas,tamanho,tipo,material_da_estrutura,estilo,tipo_de_porta
Guarda-roupa Solteiro 10 Portas 3 Gavetas Araplac,"Quer um guarda-roupa com um preço acessível, mas sem deixar a modernidade de lado? O guarda-roupa de solteiro 22103, é o móvel ideal para o seu quarto! Um móvel moderno, produzido em MDP, revestimento em verniz UV com acabamento em brilho na cor Freijo e Carbono, garantindo um design elegante, com materiais resistente e uma ótima durabilidade. Ele vem com 10 portas convencionais, 3 gavetas externas bem amplas para acomodar muito bem as suas roupas. Além das 3 prateleiras internas, que traz um espaço maior para organizar e deixar mais prático algumas roupas e acessórios que mais usa no dia a dia. Deixe seu ambiente ainda mais aconchegante com os lindos móveis Araplac!","{""cor"":""Freijó,Carbono"",""marca"":""Araplac"",""tamanho"":""Solteiro""}","Freijó,Carbono",Araplac,,,Solteiro,,,,,,,,,,,,Freijo e Carbono,Araplac,3,10,Solteiro,Guarda-roupa,MDP,Moderno,Não informado,MDP,3,Não informado,Convencionais,Convencionais,Não informado,Não informado,Carbono e Freijo,Araplac,3 Gavetas,10 Portas,Solteiro,,MDP,Moderno ,Convencional
Guarda-Roupas Milly Sem Espelho 4pts/2gav c/ 6 pes Moveis Novo Horizonte,"Para tudo! Olha só que móvel belo para organizar os pertences de maneira rápida e prática! O Guarda Roupa 4 Portas 2 Gavetas Milly, com divisões internas para acomodar roupas e acessórios. É a peça que faltava para o seu cantinho mais aconchegante, né?<br><br>Ficha técnica do Produto<br>Altura: 205 cm<br>Largura: 120,4 cm<br>Profundidade: 46,5 cm<br>Peso do Produto(kg): 95Kg<br>Tipo: Guarda roupa casal<br>Material: Produto em MDP, Cabideiros em alumínio, Dobradiças metálicas, puxadores amadeirados e corrediça telescópica.<br>Possui portas: Sim, 6 Portas.<br>Tipo de porta: Articulada.<br>Possui espelho ou vidro: Não possui.<br>Possui Gavetas: Sim, 4 Gavetas.<br>Tipo de Gaveta: Corrediça Telescópica.<br>Possui Prateleiras: Sim, 5 Prateleiras.<br>Possui Pés: Sim, 6 pés.<br>Produto precisa de montagem: Sim.<br>Instruções/Cuidados: Limpar utilizando apenas um pano seco ou levemente umedecido","{""marca"":""Móveis Novo Horizonte"",""tamanho"":""Casal""}",,Móveis Novo Horizonte,,,Casal,,,,,,,,,,,,Não informado,Moveis Novo Horizonte,2,4,Não informado,Guarda roupa casal,MDP,Não informado,Não informado,MDP,5,1204,Sim 6 Portas,Articulada,"Cabideiros em alumínio, Dobradiças metálicas, puxadores amadeirados e corrediça telescópica",Não informado,Canela Fendi,Novo Horizonte,2 Gavetas,4 Portas,Casal,,MDP,,Articulada
Guarda Roupa Solteiro 6 Portas 2 Gavetas Verona 6.2 Ébano com Espelho - Santos Andirá,"<strong>Guarda Roupa Solteiro 6 Portas 2 Gavetas Verona 6.2 com Espelho - Santos Andirá</strong><br>O Guarda-Roupa Solteiro Verona 6.2 foi produzido com material de alta qualidade, garantindo resistência e durabilidade. Ele conta com amplo espaço para manter seus pertences sempre organizados, tornando seu dia a sai mais prático e funcional. Possui acabamento em pintura UV, tudo dentro das normas de qualidade estabelecidos pelo ISO 9001, e com respeito ao meio ambiente, de forma sustentável.<br> <br><strong>ESPECIFICAÇÕES:</strong><br><strong>• </strong>Estrutura em MDP<br><strong>• </strong>Pintura UV<br><strong>• </strong>6 Portas<br><strong>•</strong> Dobradiças metálicas<br><strong>• </strong>2 Gavetas<br><strong>• </strong>Corrediças metálicas<br><strong>• </strong>2 Cabideiros em alumínio <br><strong>• </strong>Puxadores em ABS<br><strong>• </strong>3 Prateleiras<br><strong>• </strong>Espelho<br><strong>• </strong>Amplo espaço interno<br><br><strong>Dimensões:</strong><br>Tamanho do Produto (L x A x P): 106 x 200 x 46,3 cm<br><br><strong>Garantia:</strong> 3 meses<br><strong>Montagem: </strong>O Produto vai desmontado com manual e todos acessórios. Recomendamos que a montagem seja feita por um profissional<br><strong>Recomendação de Limpeza:</strong> Utilize pano levemente úmido<br><br><strong>Observações:</strong><br>- A <strong>LOJA</strong> se responsabilizará pela entrega dos produtos até aonde as rodovias alcançam, entregas fluviais ou aéreas devem ser cotadas a parte.<br>- As imagens são ilustrativas, não acompanham objetos de decoração.<br>- Pode haver alguma diferença de tonalidade entre a imagem e o produto, por conta do tratamento de imagens e a calibração de cores da sua tela.<br>- A montagem será de responsabilidade do comprador. Entregamos até a porta de entrada da residência ou até a portaria do condomínio. Não nos responsabilizamos, no ato da entrega, por subir escadas/elevadores ou transporte por guincho em apartamentos. Eventuais despesas são de responsabilidade do comprador.<br>- Confira as dimensões do produto no momento da compra e certifique-se de que passará normalmente por supostos elevadores, portas, escadas e/ou corredores de sua residência.<br>Para mais informações, acesse nossa Central de Atendimento.","{""cor"":""Ébano"",""marca"":""Santos Andirá"",""tamanho"":""Solteiro""}",Ébano,Santos Andirá,,,Solteiro,,,,,,,,,,,,Ébano,Santos Andirá,2,6,Solteiro,Guarda-Roupa,MDP,Não informado,com Espelho,MDP,3,106,6 Portas,Não informado,"2 Gavetas, 3 Prateleiras, Espelho, Amplo espaço interno",Não informado,Ébano,Santos Andirá,2 Gavetas,6 Portas,Solteiro,,MDP,,Convencional
Roupeiro Closed Paris Com 2 Nichos e 02 Gavetas Branco Artefamol,"O Roupeiro Closed Paris da Artefamol possui um novo conceito, prático e moderno, utiliza menor espaço no ambiente, possui ganchos porta objetos, além de um espaço incrível pra armazenamento.<br><br>Modelo: Paris<br>PN: 8569<br>Cor: Branco<br><br>Produto em aço carbono, com tratamento de fosfatização.<br>Garantindo maior resistência a oxidação e 100 por cento da fixação da pintura.<br>Pintura eletrostática a pó.<br>Possui 02 Gavetas, 02 Nichos e 01 Prateleira inferior.<br><br>Observações Relevantes:<br>O produto vai desmontado, recomendamos a contratação de um profissional qualificado para a realização da montagem.<br>- Todos os produtos vão embalados com total segurança.<br>- As cores dos produtos podem sofrer alterações dependendo do seu monitor.<br>- As imagens são meramente ilustrativas, não acompanham objetos de decoração e eletros.<br><br>- Confira as dimensões do produto no momento da compra e certifique-se de que passará normalmente por escadas, elevadores, portas e corredores.<br>- Não nos responsabilizamos no ato da entrega por montagens, desmontagens, instalações de produtos, nem utilização de guinchos ou equipamentos similares para acesso a pisos superiores em apartamentos.<br>- Observando as orientações acima, evita-se futuros desagrados ou imprevistos com a entrega do produto. Havendo despesas adicionais, serão de responsabilidade do cliente.<br><br>Link Manual de Montagem:<br>https://arquivo.megamamute.com.br/produtos/anexo/59/14559/14559_original.pdf<br><br>Conteúdo da Embalagem:<br>01 x Roupeiro Closed Paris<br>01 x Manual de Montagem<br>01 x Acessórios<br><br>Garantia: 3 meses com a fabricante<br>Fabricante: Artefamol<br>Dimensões (A x L x P): 187 x 91 x 48 cm (Produto Montado)<br>Peso: 30,82 Kg<br>","{""cor"":""Branco"",""marca"":""Artefamol""}",Branco,Artefamol,,,,,,,,,,,,,,,Branco,Artefamol,2,Não informado,187 x 91 x 48 cm,Closed,aço carbono,Não informado,com 2 Nichos,aço carbono,1,91,Não informado,Não informado,ganchos porta objetos,Não informado,Branco,Artefamol,2 Gavetas,,Solteiro,Aberto,Aço,Moderno ,
Guarda-Roupa Casal Sevilha 2 Portas 6 Gavetas Espelhado Flex Peroba/Off White - Mademarques,"DETALHAMENTO:<br><br><br><strong>Estrutura</strong>:<br>-------------------------------------------<br>Possui Rodízios? Não<br>Possui Borda de PVC nas Bordas? Não<br>Possui Sapatas? Não<br>Medidas do Espelho ( A x L x P ): 54,2 x 105,3 x 0,30 cm<br>Material da Estrutura: MDF<br>Escala de Brilho: Semi-Brilho<br>Espessura do Espelho (mm): 3<br><br><strong>Instalação</strong>:<br>-------------------------------------------<br>Como os Móveis Chegarão na Minha Casa: Desmontado em caixas, acompanhado de todas as peças, ferragens e manuais para montagem.<br>Necessita de Montagem: Sim<br>Grau de Dificuldade da Montagem: Médio<br>Sistema de Montagem: PARAFUSO, MINIFIX E CAVILHA<br><br><strong>Estrutura Interna</strong>:<br>-------------------------------------------<br>Peso Suportado nas Gavetas (kg): 3<br>Peso Suportado nas Prateleiras (kg): 5<br>Material das Dobradiças: Não Possui<br>Quantidade de Puxadores: 2<br>Material das Corrediças: Aço<br>Material do Puxador: Alumínio<br>Quantidade de Prateleiras: 8<br><br><strong>Outras Informações</strong>:<br>-------------------------------------------<br>Observação: Objetos decorativos que aparecem nas imagens, não acompanham o produto.<br>Revestimento/Acabamento: Pintura UV<br>Recomendação de Manutenção: Usar pano levemente umedecido, seguido de pano seco.<br>Garantia (dias): 90<br>Indicação de Uso: Quarto<br><br><strong>Roupeiros</strong>:<br>-------------------------------------------<br>Material do Trilho Inferior: Alumínio<br>Modelo: Casal<br>Tipo de Porta: Portas de Correr<br>Quantidade de Gavetas: 6 Gavetas<br>Possui Espelho: Sim<br>Quantidade de Calceiros: Não Possui<br>Quantidade de Portas: 2 Portas<br>Quantidade de Cabideiros: 4 Cabideiros<br>Material do Cabideiro: Alumínio<br>Material do Calceiro: Não Possui<br>Peso Suportado no Cabideiro (Kg): 3<br><br><strong>Geral</strong>:<br>-------------------------------------------<br>Cor: Marrom<br>SKU: 61650<br><br><strong>Tamanho/Peso</strong>:<br>-------------------------------------------<br>Altura: 237cm<br>Largura: 228cm<br>Profundidade: 55,8cm<br>Peso: 215,7kg<br><br>O(a) Guarda-Roupa Casal Sevilha 2 Portas 6 Gavetas Espelhado Flex Peroba/Off White - Mademarques é produzido em MDF na escala de brilho Semi-Brilho, e possui um grau de dificuldade de montagem: Médio.<br>Seu revestimento/acabamento é: Pintura UV.<br><br>Infelizmente a Panorama Móveis não oferece serviço de montagem, deixamos essa informação bem clara em todas as nossas páginas de produto.Onde especificamos que os móveis chegarão desmontados, e que a montagem fica por conta do cliente.<br><br>Como não oferecemos esse serviço não embutimos o mesmo no preço dos produtos, ou seja, maior economia para você!Todos os nossos móveis também acompanham o manual de montagem, e caso você queira, pode realizar a montagem você mesmo, sempre especificamos os graus de montagem dos produtos.<br><br>Nos casos de grau baixo e médio, com pouco ou nenhum conhecimento, você mesmo pode efetuar a montagem, e fazer essa economia.Apenas nos graus de montagem alto, recomendamos a contratação de um montador com experiência, visto que são montagens mais complicadas. A montagem é feita com PARAFUSO, MINIFIX E CAVILHA. <br><br>Este móvel é indicado para que seja utilizado no(a) Quarto, dando um toque especial no cômodo de sua casa.<br> Para que você mantenha seu produto sempre em ótimo estado, recomendamos que use apenas um pano seco ou levemente umedecido, sem o uso de quaisquer produtos abrasivos.<br><br>A Panorama Móveis garante aos clientes, 90 dias de garantia nos produtos, porém, recomendamos que entre em contato com o fornecedor/marca do produto, pois o mesmo(a), pode garantir um prazo maior de garantia.<br>","{""cor"":""Peroba, Off White"",""quantidade_de_portas"":""2 Portas"",""tamanho"":""Casal""}","Peroba, Off White",,,2 Portas,Casal,,,,,,,,,,,,Marrom,Mademarques,6 Gavetas,2 Portas,Casal,Guarda-Roupa,MDF,Não informado,Espelhado,MDF,8,Não informado,Portas de Correr,Portas de Correr,Não informado,Não informado,Off White e Peroba,Mademarques,6 Gavetas,2 Portas,Casal,,MDF,,Correr
Guarda Roupa Casal Cadenza 2 porta Correr 6 Gavetas c/Espelho100%MDF - Exclusiva Móveis,"Recomendações de uso, manutenção e limpeza:Limpar com flanela ou pano macio seco, não utilizar produtos abrasivos, desengordurantes, álcool ou solvente. Não expor o produto diretamente a luz solar e à umidadeGarantia:3 mesesOBS:Foto meramente ilustrativa, objetos, utensílios e decoração não fazem parte do produto.Dimensões do produto:Largura 257 cm; Profundidade 62cm; Altura 239,5cm.Itens Inclusos:1 guarda roupa-Trilhos em alumínio-Reforço da base MDF 35MM-Puxador perfil em aço-Portas deslizantes em aço-Pés em madeira-Cabideiros em alumínio-7 gavetas internas sendo 1 com fechadura-2 espelhos","{""cor"":""Castanho, Off White"",""quantidade_de_gavetas"":""6 Gavetas"",""tamanho"":""Casal""}","Castanho, Off White",,6 Gavetas,,Casal,,,,,,,,,,,,Não informado,Exclusiva Móveis,6,2,Casal,Guarda Roupa,MDF,Não informado,cEspelho,"MDF, aço, madeira",Não informado,257 cm,Correr,deslizantes,"Trilhos em alumínio, Reforço da base MDF 35MM, Puxador perfil em aço, Portas deslizantes em aço, Pés em madeira, Cabideiros em alumínio, 7 gavetas internas sendo 1 com fechadura, 2 espelhos",Não informado,Castanho e Off White,Fênix,6 Gavetas,2 Portas,Casal,,MDF,,Correr
Guarda Roupa 2 Portas Porto Com Espelho Tcil Móveis,"<p>Guarda Roupa 2 Portas Porto Com Espelho Tcil Móveis</p><p><span>Com 2 portas de correr e 4 gavetas internas, o Guarda-Roupa Porto foi projetado com um design clássico e elegante que vai agregar valor a qualquer dormitório. Além da estética, oferece um espaço de armazenamento amplo e bem dividido para o seu consumidor. Sua estrutura em MDP com Pintura UV garantem um padrão elevado de qualidade. Aproveite!<br><br><br>PRODUTO FLEX: COM PORTAS REVERSÍVEIS!<br><br><br>Especificações do produto montado</span><br><span>Altura: 234</span><span> cm</span><br><span>Largura: 239</span><span> cm</span><br><span>Profundidade: 55 cm</span><br><span>Peso: 188kg</span></p><br><br><p><span>Características:<br><br>Produto em MDP<br><br>Corrediças telescópicas<br><br>Cabideiros em alumínio<br><br>Roldanas com Rolamento<br><br>Perfil H em PVC nas costas<br><br>Trilhos inferior e superior em alúminio <br><br>Gavetas internas com puxadores em PVC<br><br>Garantia: 90 dias<br><br>Necessita de Montagem? Sim<br><br>Complexidade de Montagem: Alta<br><br>Recomendações de Uso, Manutenção e Limpeza: Limpar com flanela limpa e seca. Não usar produtos abrasivos.</span></p><br><br><p><span>Observações:<br><br>Não oferecemos serviço de montagem, mas todos os produtos possuem manual com o passo a passo.Recomendamos contratar um profissional de sua preferência. Pode existir alguma diferença de tonalidade entre a foto e o produto, devido ao tratamento de imagens e à calibração de cores do monitor.</span></p><br><br><p><br><br> </p>","{""cor"":""Ipê,Rustic"",""marca"":""Tcil Móveis"",""quantidade_de_gavetas"":""4 Gavetas""}","Ipê,Rustic",Tcil Móveis,4 Gavetas,,,,,,,,,,,,,,Não informado,Tcil Móveis,4,2,Não informado,Guarda-Roupa,MDP,Clássico,Com Espelho,MDP,Não informado,239,2,Correr,"Gavetas internas, Cabideiros em alumínio, Corrediças telescópicas, Roldanas com Rolamento, Perfil H em PVC nas costas, Trilhos inferior e superior em alúminio, Gavetas internas com puxadores em PVC",Não informado,Ipê Rústico e Off White,Tcil Móveis,4 Gavetas,2 Portas,,,MDP,,Correr
Guarda Roupa Casal Belmon 06 Portas e 06 Gavetas,"<p>Guarda Roupas Casal Belmon</p> <p>06 portas e 06 Gavetas</p> <p>Gavetas com corrediças telescópicas</p> <p>Maleiro Interno</p> <p>Prateleiras com divisórias em colmeia</p> <p>Cabideiros em alumínio</p> <p>Dobradiças de 35 mm com amortecimento</p> <p>Puxadores em alumínio na cor bronze</p> <p>Se o que você procura é um guarda-roupa casal com muito espaço para organizar as roupas e tudo mais que um roupeiro comporta, o Belmon é ideal para atender essas necessidades. São 06 gavetas usinadas com detalhes em vidro, que trazem charme e sofisticação ao roupeiro. Além disso, as gavetas com corrediças telescópicas garantem a abertura suave e total e o melhor aproveitamento do espaço. As divisórias no formato colmeia facilitam a arrumação das peças e objetos diversos. As dobradiças de 35 mm com amortecimento asseguram o fechamento suave das portas. O visual sofisticado e elegante do guarda-roupa Belmon fica por conta da moldura lateral e superior de 25 mm envelopadas. A qualidade e a beleza também estão presentes nos cabideiros em alumínio e nos puxadores em alumínio com acabamento na cor bronze. A compra do kit de 02 espelhos é opcional, caso você queira deixar o dia a dia mais prático e funcional. O roupeiro Belmon está disponível nas cores Duna/Cristal e Nature/Off White.</p> <p>Medidas Do Movel Montado:</p> <p>Alt:2,40cm X Larg:2,67cm x Prof:0,55cm</p> <p>Atenção: Por favor, confira as dimensões do produto e certifique-se de que estão adequadas aos elevadores, portas e corredores do local de entrega, pois não fazemos a montagem, desmontagem do produto e/ou portas e janelas, transporte pela escada ou içamento pelo lado de fora do prédio.</p> <p>Montagem e possíveis trocas de peças responsailidade do comprador;</p> <p>Fabricante Henn;</p> <p>Imagens meramente ilustrativas podem ocorrer variações nas tonalidades das cores dos produtos,objetos de decoração não fazem parte dos produtos e apenas as peças descriminadas fazem parte dos produtos;</p> <p>Possíveis alterações nas características dos produtos são de responsabilidade do fabricante e poderão ocorrer sem aviso prévio;</p> <p>Garantia 3 meses contra defeito de fabricacao;</p> ","{""cor"":""Duna, Cristal"",""marca"":""Henn"",""tamanho"":""Casal""}","Duna, Cristal",Henn,,,Casal,,,,,,,,,,,,DunaCristal e NatureOff White,Belmon,6,6,Casal,Guarda-Roupa,Não informado,Não informado,"Gavetas com corrediças telescópicas, Maleiro Interno, Prateleiras com divisórias em colmeia, Cabideiros em alumínio, Dobradiças de 35 mm com amortecimento, Puxadores em alumínio na cor bronze",Não informado,Não informado,267cm,6,Não informado,"Gavetas com corrediças telescópicas, Maleiro Interno, Prateleiras com divisórias em colmeia, Cabideiros em alumínio, Dobradiças de 35 mm com amortecimento, Puxadores em alumínio na cor bronze",Não informado,Cristal e Duna,Henn,6 Gavetas,6 Portas,Casal,,MDP,Moderno ,Convencional
Guarda Roupa Casal Olivia,"Guarda Roupa 100% MDF. Pintura fosca com verniz de alta resistência, acessórios em alumínio e acabamento de excelente qualidade. São 6 portas de bater, 4 gavetas, perfeito para dormitórios de casal ou solteiro. Cor Olmo Italiano/Azul.","{""tamanho"":""Casal""}",,,,,Casal,,,,,,,,,,,,Olmo ItalianoAzul,Olivia,4,6,Casal,Guarda Roupa,MDF,Não informado,acessórios em alumínio,MDF,Não informado,Não informado,de bater,Não informado,Pintura fosca com verniz de alta resistência,Não informado,Azul e Olmo Italiano,Mambel,4 Gavetas,6 Portas,Casal,,MDF,,Convencional
Guarda-Roupa Casal com Espelho Caribe 2 PT 2 GV Off White 229 cm,"Que tal o Guarda-Roupa Caribe?Uma peça básica e completa que vai compor o seu dormitório de forma primorosa: o Guarda-Roupa Caribe tem espaço interno ideal para que você consiga distribuir todos os seus pertences mais importantes de forma organizada, seja nas gavetas, cabideiros ou nichos. Enquanto isso, por fora, ele traz um visual clean perfeito para quem busca por um móvel que vai casar com as outras mobílias do cômodo sem roubar o protagonismo. Ah, de quebra as portas são de correr para te ajudar a aproveitar muito mais a área útil do seu ambiente e o espelho não te deixa perder nenhum detalhe dos looks do dia a dia ;)","{""cor"":""Off White"",""quantidade_de_gavetas"":""2 Gavetas"",""quantidade_de_portas"":""2 Portas"",""tamanho"":""Casal""}",Off White,,2 Gavetas,2 Portas,Casal,,,,,,,,,,,,Off White,Não informado,2 GV,2 PT,229 cm,Casal,Não informado,Não informado,Espelho,Não informado,Não informado,Não informado,de correr,Não informado,Não informado,Caribe,Off White,Dalla Costa,2 Gavetas,2 Portas,Casal,,MDF,,Correr
Roupeiro Armário Guarda Roupa 4 Portas Espelho 4 Gavetas Organizador Quarto Marrom Madeira Off White,"<p>Esse roupeiro é a peça perfeita para a composição de qualquer quarto, ideal para quem preza pela estética e organização. Trazendo leveza e modernidade em sua composição, combina com diversos ambientes. É composto em MDF, possui 4 portas (2 delas com espelhos), 4 gavetas e pés em madeira maciça.</p> <p>Especificações</p> <p>Comprimento: 160 cm </p> <p>Largura: 56 cm</p> <p>Altura: 220 cm</p> <p>4 Portas em madeira maciça</p> <p>2 Portas centrais com espelhos</p> <p>4 Gavetas</p> <p>Estrutura em MDF</p> <p>Pés em madeira maciça </p> <p>Recomendação de Limpeza: Limpar com pano seco para retirar o pó. Não aplicar produtos abrasivos.</p> <p>Produtos de Enfeite e Eletrônicos Não Estão Inclusos.</p>","{""marca"":""Finestra""}",,Finestra,,,,,,,,,,,,,,,Marrom,Não informado,4,4,Não informado,Guarda-Roupa,MDF,Moderno,Espelho,Madeira,Não informado,160 cm,4 Portas em madeira maciça,Com espelho,Organização,Não informado,Off White e  Marrom,Finestra,4 Gavetas,4 Portas,,,Madeira e MDF,,Convencional
Roupeiro Casal Veneza Luxo 3 Portas De Correr 4 Gavetas Rufato,"O Roupeiro Veneza Luxo é produzido em MDP, possui 4 gavetas com corrediças metálicas, calceiro e cabideiro em alumínio, 4 prateleiras, 3 portas de correr, sendo uma com espelho. O Roupeiro não acompanha pés. <br> <br> Características:<br> 100 MDP<br> 4 gavetas com corrediças metálicas<br> 4 prateleiras<br> 3 portas de correr<br> Uma porta com espelho<br> Calceiro e cabideiro em alumínio.<br> <br> Dimensões:<br> Altura: 208 cm <br> Largura: 48 cm<br> Profundidade: 188 cm<br> Peso: 123 kg <br> <br> Garantia do fornecedor: 3 meses<br> <br> Este produto é vendido desmontado e sua montagem requer ferramentas. Limpar utilizando apenas pano umedecido com água, nunca utilizar abrasivos ou esponjas de aço.","{""cor"":""Branco"",""marca"":""Rufato"",""quantidade_de_gavetas"":""4 Gavetas"",""quantidade_de_portas"":""3 Portas"",""tamanho"":""Casal""}",Branco,Rufato,4 Gavetas,3 Portas,Casal,,,,,,,,,,,,Não informado,Rufato,4,3,Não informado,Roupeiro,MDP,Não informado,Não informado,MDP,4,Não informado,3 Portas De Correr,Correr,"4 Gavetas com Corrediças Metálicas, Calceiro e Cabideiro em Alumínio, 4 Prateleiras, 3 Portas de Correr, Uma Porta com Espelho",Não informado,Branco,Rufato,4 Gavetas,3 Portas,Casal,,MDP,Clássico,Correr
Guarda Roupas Roupeiro Casal Gelius Imperatriz 06 portas 4 gavetas com pés Naturale OFF White,"<p>Um roupeiro elegante e imponente. Com quatro gavetas de corrediças telescópicas, ampla quantidade de prateleiras e sapateira inclinada é ideal para facilitar sua rotina e otimizar espaços. Possui puxadores longo em MDF com cava que exaltam sua beleza e trazem um toque de modernidade. <br><br><br>Informações Básicas<br><br>Tipo: Guarda Roupas Casal<br>Marca: Gelius<br>Modelo: Imperatriz<br>Cor: Naturale OFF White<br><br><br>Características<br><br>Estrutura: MDP<br>Acabamento: Pintura U.V<br>Porta: Sim 06 portas de abrir com dobradiças metálicas<br>Gaveta: Sim, 04 gavetas com corrediças telescópicas<br>Prateleira: Sim, ampla quantidade de prateleiras<br>Puxador: Sim, puxador longo em MDF com cava<br>Pés: Sim, em PVC maior durabilidade<br>Diferencial: Sapateira inclinada, Interno com divisão ele/ela, Espaços para camisas e calças<br><br><br>Dimensões do produto montado <br><br>Largura: 230 cm<br>Altura: 240 cm<br>Profundidade: 48,5 cm<br>Peso: 174 Kilos<br>Garantia: 3 Meses<br>Informações Sobre Montagem: Não possuímos serviço de montagem.<br>Todos os móveis possuem garantia e manual de montagem,<br>Não nos responsabilizamos pelos custos de montagem.<br>É de extrema importância ficar atento às dimensões dos produtos, pois é de sua total responsabilidade caso o produto tenha dimensões superiores ao local de acesso da entrega dificultando ou impossibilitando que a mesma seja concluída.<br>Não nos responsabilizamos, no ato da entrega, por subir escadas, corredores e elevadores ou transporte por guincho em apartamentos.<br>Não nos responsabilizamos por transtornos com a entrega caso o produto necessite de desmontagem, nem pelos custos gerados por esta situação.<br>Imagens meramente ilustrativas a cor, pode variar de acordo com a iluminação do ambiente.<br>Itens de decoração não inclusos.<br><br><br></p>","{""marca"":""Gelius"",""quantidade_de_gavetas"":""4 Gavetas"",""tamanho"":""Casal""}",,Gelius,4 Gavetas,,Casal,,,,,,,,,,,,Naturale OFF White,Gelius,4,6,Casal,Guarda Roupas,MDP,Não informado,Não informado,Não informado,Não informado,Não informado,Sim 06 portas de abrir com dobradiças metálicas,abrir,Sapateira inclinada Interno com divisão eleela Espaços para camisas e calças,Não informado,Naturale e Off White,Gelius,4 Gavetas,6 Portas,Casal,,MDP,,Convencional
Guarda-Roupa Casal 100% MDF 06 Portas 08 Gavetas Zurick Cacau/Fendi Novo Horizonte,"O Guarda-Roupa Zurick da Novo Horizonte agrega charme e sofisticação ao seu ambiente. Ele possui 6 portas com amplo espaço e 8 gavetas para acomodar os seus pertences e proporcionar a melhor organização do espaço.<br><br>Modelo: Zurick<br>PN: 15498.366<br>Cor: Cacau/Fendi<br>Marca: Novo Horizonte<br><br>Estrutura produzida 100% em MDF<br>Acabamento com pintura UV e verniz de alta resistência<br>06 portas de bater<br><br>08 Gavetas com corrediças telescópicas<br>Abertura total das Gavetas<br>Puxadores com haste em alumínio<br><br>Dobradiças de pressão de 35mm<br>Espaço interno com diversas repartições<br> Cabideiro e calceiros em Alumínio<br><br>Dimensões (A x L x P): 236,4 x 238,8 x 56,5 cm (Produto Montado)<br>Peso: 223,5 Kg<br><br>Observações Relevantes:<br>- Todos os produtos vão embalados com total segurança.<br>- As cores dos produtos podem sofrer alterações dependendo do seu monitor.<br>- As imagens são meramente ilustrativas, não acompanham objetos de decoração e eletros.<br><br>- Confira as dimensões do produto no momento da compra e certifique-se de que passará normalmente por escadas, elevadores, portas e corredores.<br>- Não nos responsabilizamos no ato da entrega por montagens, desmontagens, instalações de produtos, nem utilização de guinchos ou equipamentos similares para acesso a pisos superiores em apartamentos.<br>- Observando as orientações acima, evita-se futuros desagrados ou imprevistos com a entrega do produto. Havendo despesas adicionais, serão de responsabilidade do cliente.<br><br>Link manual de montagem:<br>https://arquivo.megamamute.com.br/produtos/anexo/58/90013358/90013358_original.pdf<br><br>Conteúdo da Embalagem:<br>01 x Guarda-Roupa<br>01 x Kit ferragens<br>01 x Manual de montagem<br><br>Garantia: 3 meses com a fabricante<br>Fabricante: Novo Horizonte<br>","{""tamanho"":""Casal""}",,,,,Casal,,,,,,,,,,,,CacauFendi,Novo Horizonte,8,6,Casal,Guarda-Roupa,MDF,Não informado,Não informado,MDF,Não informado,2388,6 portas de bater,Não informado,Cabideiro e calceiros em Alumínio,Não informado,Cacau e Fendi,Novo Horizonte,8 Gavetas,6 Portas,Casal,,MDF,,Convencional
Quarto Infantil com Colchão D20 (12x148x68) Heloísa 4 PT 7 GV Branco,"Que tal o Quarto Infantil Heloísa?Todos os componentes que você precisa para deixar o quartinho do seu pequeno completo de verdade fazem parte do conjunto Heloísa. Para caprichar na organização dos itens pessoais e deixar a rotina mais prática, a cômoda traz 4 gavetas que acomodam as roupas, além de um tampo que pode servir de trocador ou apoiar produtos de higiene, enquanto o guarda-roupa deixa tudo em ordem. Já o berço aconchega a criança de forma plena, ainda mais porque vem acompanhado de um colchão preenchido com espuma macia. Ah, as cores sóbrias e delicadas facilitam na hora de personalizar o ambiente, sendo fácil de combinar com personagens e estampas diferentes - a leveza que esse cômodo tão importante merece fica garantida com esse kit :)",,,,,,,,,,,,,,,,,,Branco,Heloísa,7,4,Não informado,Guarda-Roupa,Não informado,Não informado,Não informado,Não informado,Não informado,Não informado,Não informado,Não informado,Não informado,Infantil,,,,,,,,,
Guarda-Roupa Astrus (L: 265cm) C/ 2 Portas de Correr C/ Apliques Ripados Nature / Off White,"Apresentamos a você o magnífico Guarda-Roupa Astrus, uma peça única de elegância e funcionalidade. Com suas 2 portas de correr dotadas de perfil alinhador, o Astrus oferece uma abertura suave e segura que é incomparável. Você pode desfrutar de fácil acesso ao seu interior e, assim, descobrir uma ampla variedade de recursos incríveis que o tornam um dos mais procurados guarda-roupas da atualidade. Com seu generoso espaço interno, este guarda-roupa é capaz de organizar suas roupas e acessórios de forma eficiente e elegante. Com gavetas espaçosas, nichos inteligentes e cabideiros bem distribuídos, você pode armazenar todos os seus itens com praticidade e facilidade, permitindo que você se concentre nas coisas que realmente importam. Além disso, o Guarda-Roupa Astrus possui um design moderno e elegante que irá complementar perfeitamente qualquer estilo de decoração. Seu acabamento refinado e suas linhas elegantes criam um ambiente aconchegante e sofisticado em seu quarto. Se você está procurando por um guarda-roupa de alta qualidade e com uma aparência impressionante, o Astrus é a escolha perfeita para você.","{""cor"":""Nature, Off White"",""quantidade_de_gavetas"":""6 Gavetas"",""quantidade_de_portas"":""2 Portas"",""tamanho"":""Casal""}","Nature, Off White",,6 Gavetas,2 Portas,Casal,,,,,,,,,,,,Off White,Astrus,Não informado,2,L 265cm,Guarda-Roupa,Não informado,Moderno,Apliques Ripados,Não informado,Não informado,265cm,de Correr,Correr,perfil alinhador,Não informado,Nature e Off White,Henn,6 Gavetas,2 Portas,Casal,,MDP,,Correr
Guarda Roupa Casal Titanium Nogueira  Zanzini,"<p><span>Guarda Roupa Casal Titanium Nogueira </span><span>– Zanzini</span><br> <br> <span>Na hora de comprar o Guarda Roupa você busca praticidade e qualidade. Pensando em corresponder suas expectativas apresentamos o da linha Titanium que foi desenvolvido pela Zanzini com amplo espaço e divisões para lhe auxiliar na hora da organização. E com materiais de alto padrão oferecendo resistência e durabilidade ao móvel. Seu design diferenciado e moderno oferece ao ambiente sofisticação e elegância. Não perca tempo e garanta já o seu!</span><br> <span><br> Características Técnicas:</span><br> <br> <span>- Produzido em MDP/MDF</span><br> <span>- Pintura na cor Nogueira</span><br> <span>- Acabamento em U.V fosco</span><br> <span>- 2 Portas de correr</span><br> <span>- Portas com laterais em MDP 25 mm e painéis em MDF 9 mm</span><br> <span>- 4 Gavetas</span><br> <span>- Puxadores em MDF</span><br> <span>- Corrediças telescópicas</span><br> <span>- Cabideiros metálicos</span><br> <span>- 8 Nichos com amplo espaço</span><br> <span>- Calceiro<br> - Maleiro</span><br> <span>- Pés de plásticos</span><br> <span>- Espaço para calçados</span><br> <span>- Lindo design</span><br> <br> <span>Dimensões:</span><br> <span>Altura: 209 cm</span><br> <span>Largura: 196 cm</span><br> <span>Profundidade: 55 cm</span><br> <br> <span>* Atenção: Não realizamos a montagem ou instalação do produto, porém acompanha manual de instruções.</span></p><p><span>* Importante: Imprescindível a conferência no ato da entrega. Em caso de anormalidade, recuse.</span></p>","{""marca"":""Zanzini Móveis"",""tamanho"":""Casal""}",,Zanzini Móveis,,,Casal,,,,,,,,,,,,Nogueira,Zanzini,4,2,Casal,Guarda-Roupa,MDP/MDF,Moderno,Não informado,MDP/MDF,8,196 cm,2 Portas de correr,Correr,"Cabideiros metálico, Corrediças telescópicas, Puxadores em MDF, Pés de plástico",Não informado,Nogueira,Zanzini Móveis,4 Gavetas,2 Portas,Casal,,MDF e MDP,Moderno ,Correr
Guarda-Roupa Casal Búzios 8 Portas Poliman,"O Guarda-Roupa Búzios da Poliman é um produto completo e amplo, possui altura e profundidade diferenciadas, 08 portas de bater, pintura UV texturizada alto relevo estilo BP, externa e interna nos mesmos padrões de cores, cabideiros e calceiros em alumínio que atendem a função ele e ela, conta ainda com quatro gavetas internas com corrediças metálicas deslizantes, maleiro e prateleiras bem distribuídas, os puxadores possuem design diferenciados que acompanham a cor do produto. Disponível nos padrões de cores que combinam com qualquer ambiente. Produto em MDP, ecologicamente correto, pois utiliza madeira de reflorestamentos, controle de poluentes e descarte rigoroso de resíduos durante o processo produtivo. Nossas embalagens são feitas para que o produto chegue a perfeito estado em sua residência, utilizamos isomanta para proteção das peças que são embaladas em caixa de papelão revestida por plástico termoencolhível. Produto com toda qualidade que só a Poliman oferece.<br> <br> <br> Características:<br> Estrutura em MDP<br> Cabideiros e calceiros em alumínio<br> Corrediças metálicas<br> <br> <br> Dimensões:<br> Altura: 218 cm<br> Largura: 240 cm<br> Profundidade: 47 cm<br> Peso: 157 kg<br> <br> <br> <br> Garantia do fornecedor de 3 meses.","{""cor"":""Branco"",""quantidade_de_portas"":""8 Portas"",""tamanho"":""Casal""}",Branco,,,8 Portas,Casal,,,,,,,,,,,,Não informado,Poliman,4,8,Casal,Guarda-Roupa,MDP,Não informado,Não informado,MDP,Não informado,240 cm,8 portas de bater,Não informado,"Pintura UV texturizada alto relevo estilo BP externa e interna, cabideiros e calceiros em alumínio, corrediças metálicas deslizantes, maleiro, prateleiras, puxadores com design diferenciados",Búzios,Branco,Poliman Móveis,4 Gavetas,8 Portas,Casal,,MDP,,Convencional
Guarda Roupas 3 Portas de Correr    e 6 Gavetas c/ Espelho Spazio Carvalho/Off White - Lopas,"<strong>Guarda Roupas 3 Portas de Correr e 6 Gavetas c/ Espelho Spazio Carvalho/Off White - Lopas</strong><br> <br> Marca: <strong>Lopas</strong><br><br>Dimensões(Cm): Comprimento(Profundidade): 62,3 x Largura: 270,5 x Altura: 240,5<br> <br> <strong>CARACTERÍSTICAS DE MÓVEIS</strong><br> <strong>Tipo de Estrutura do Móvel</strong><br> - MDF<br> <strong>Tipo de Pintura</strong><br> - UV<br> - Microtexturizada<br> <strong>Tipo de Acabamento da Pintura</strong><br> - Semi Brilho<br> <strong>Quantidade de Prateleiras</strong><br> - 10<br> <strong>Quantidade de Gavetas</strong><br> - 6<br> <strong>Diferenciais da Gaveta</strong><br> - c/ Corrediças Telescópicas<br> <strong>Quantidade de Portas</strong><br> - 3<br> <strong>Garantia</strong><br> - 3<br> <br> <strong>04 - CARACTERÍSTICAS E BENEFÍCIOS DOS MÓVEIS DE QUARTO</strong><br> <strong>Tamanho do Guarda-Roupa</strong><br> - Casal<br> <br> <br> <strong> Não nos responsabilizamos pela montagem/instalação dos produtos.</strong><br> <strong>Todas as informações divulgadas são de responsabilidade exclusiva do fabricante/fornecedor. </strong><br> <strong>Imagens Meramente Ilustrativas.</strong><br> <strong>Verifique com os fabricantes do produto e de seus componentes eventuais limitações à utilização de todos os recursos e funcionalidades.</strong>","{""cor"":""Carvalho, Off White"",""marca"":""Móveis Lopas"",""tamanho"":""Casal""}","Carvalho, Off White",Móveis Lopas,,,Casal,,,,,,,,,,,,CarvalhoOff White,Lopas,6,3,Casal,Guarda-Roupas,MDF,Não informado,Não informado,Não informado,10,623,3 Portas de Correr,Correr,c Espelho,Não informado,Carvalho e Off White,Móveis Lopas,6 Gavetas,3 Portas,Casal,,MDF,,Correr
Guarda Roupa Solteiro 2 Portas 3 Gavetas - Atenas Ripado-Cinamomo/Off White - Móveis D'Doro,"Guarda Roupa Solteiro 2 Portas 3 Gavetas - Atenas Ripado-Cinamomo/Off White - Móveis D'Doro<br> <br>Por detrás de todo quarto organizado há um móvel resistente e de qualidade. Com este magnífico Guarda Roupa Atenas o espaço ganhará contornos mais sofisticados e ficará muito mais organizado. Tenha roupas e acessórios sempre ao seu alcance. Aproveite!<br> <br>Faz parte do anúncio:<br>Guarda Roupa Solteiro 2 Portas 3 Gavetas - Atenas Ripado - Móveis D'Doro<br>Obs. Objetos de decoração não inclusos<br> <br>Particularidades do guarda-roupa:<br>Características:<br>- 100% MDF;<br>- Gavetas com corrediças telescópicas;<br>- Profundidade da gaveta: 40 cm;<br>- Abertura total da gaveta;<br>- Suporte cabide metálico;<br>- Puxadores de alumínio;<br>- Produzido com chapa de 15mm e 25mm;<br>- Gavetas com puxador;<br>- Roldanas com molas;<br> <br>Dimensões<br>Altura: 2,30 metros<br>Largura: 1,85 metros<br>Profundidade: 62 centímetros<br> <br>Informações Importantes:.<br>- O envio desse produto é feito através de transportadora.<br>- Produtos podem apresentar diferenças de tonalidades entre a foto na tela e o produto real, devido a calibração de cor de tela. <br>- Limpar com flanela ou pano macio. Não utilizar álcool. Não utilizar produtos abrasivos ou corrosivos.<br>- Nós prezamos pela qualidade da entrega em primeiro lugar, trabalhamos com transportadoras altamente selecionadas e os melhores materiais de embalagem.<br>- A montagem é de total responsabilidade do comprador. Antes de comprar, verifique o espaço disponível para a montagem.<br>- Certifique-se de que o produto caiba em elevadores e vãos de escadas, não fazemos içamentos. Quaisquer despesas deste tipo ficam a cargo do cliente.<br>- Garantia de 3 meses contra defeitos de fabricação.","{""marca"":""D'Doro"",""tamanho"":""Solteiro""}",,D'Doro,,,Solteiro,,,,,,,,,,,,CinamomoOff White,Móveis DDoro,3 Gavetas,2 Portas,Solteiro,Guarda Roupa,MDF,Ripado,Não informado,MDF,Não informado,Não informado,2 Portas,Não informado,"Gavetas com corrediças telescópicas, Profundidade da gaveta 40 cm, Abertura total da gaveta, Suporte cabide metálico, Puxadores de alumínio, Produzido com chapa de 15mm e 25mm, Gavetas com puxador, Roldanas com molas",Não informado,Cinamomo e Off White,D'Doro Móveis,3 Gavetas,2 Portas,Solteiro,,MDF,,Correr
Guarda roupa  herval ph 1717 - cor cedro - sem espelho,"<p>ROUPEIRO HERVAL PH 1717 - COR CEDRO - SEM ESPELHO</p><p><br></p><p>O roupeiro Édez PH 1717 possui amplo espaço interno e é perfeito para quem busca um ar de modernidade para o cômodo.</p><p>Estruturado com chapas em MDP 12mm de alta qualidade e fixado com cavilhas e parafusos conferindo resistência e delicadeza à peça.</p><p>Pintura UV.</p><p>Roupeiro de 4 portas.</p><p>Acabamento com puxadores de alumínio com ponteira ABS e corrediças metálicas.</p><p>Na parte interna, conta com dois cabideiros de alumínio e onze prateleiras com espaço para diversos objetos.</p><p>Proporciona excelente espaço para guardar roupas e o que mais você precisar.</p><p>Entregue desmontado, a montagem fica por conta do comprador.</p><p><br></p><p>Dimensões (LxAxP):</p><p>180 x 219 x 47 cm</p><p>Peso total: 123 kg</p><p><br></p><p>Garantia 3 meses</p>",{},,,,,,,,,,,,,,,,,Cedro,Herval,Não informado,4,180 x 219 x 47 cm,Roupeiro,MDP,Moderno,Sem Espelho,MDP,11,180 cm,4 portas,Não informado,"Cabideiros de alumínio, Corrediças metálicas, Puxadores de alumínio",Não informado,Bege,Herval,4 Gavetas,4 Portas,,,MDP ,,Convencional
Guarda Roupa Bebê Henn Pique escondi 03 portas com nicho,"<p>Guarda-roupa Bala de Menta 03 Portas</p> <p>Puxadores em ABS;Corrediças metálicas<br>Cabideiro de madeira revestido Fabricado em MDP 12mm</p> <p>Medidas do movel montado A: 1805 x L: 910 x P: 400 mm<br><br>Atenção: Por favor, confira as dimensões do produto e certifique-se de que estão adequadas aos elevadores, portas e corredores do local de entrega, pois não fazemos a montagem, desmontagem do produto e/ou portas e janelas, transporte pela escada ou içamento pelo lado de fora do prédio.<br>Montagem e possíveis trocas de peças responsailidade do comprador;<br>Fabricante Henn;<br>Imagens meramente ilustrativas podem ocorrer variações nas tonalidades das cores dos produtos,objetos de decoração não fazem parte dos produtos e apenas as peças descriminadas fazem parte dos produtos;<br>Possíveis alterações nas características dos produtos são de responsabilidade do fabricante e poderão ocorrer sem aviso prévio;<br>Garantia 3 meses contra defeito de fabricacao;</p>","{""cor"":""Branco, Rústico"",""marca"":""Henn""}","Branco, Rústico",Henn,,,,,,,,,,,,,,,Bala de Menta,Henn,Não informado,3,A 1805 x L 910 x P 400 mm,Guarda-roupa,MDP,Não informado,Com nicho,Madeira,Não informado,910,03 Portas,Não informado,"Cabideiro de madeira revestido, Corrediças metálicas",Bebê,Branco Rústico,Henn,2 Gavetas,3 Portas,Solteiro,,MDF e MDP,,Convencional
Guarda-Roupa Casal 3 Portas 6 Gavetas - Bergamo-Avelã - Bianchi Móveis,"Guarda-Roupa Casal 3 Portas 6 Gavetas - Bergamo-Avelã - Bianchi Móveis<br> <br>Este Guarda-roupa você vai amar! Possui divisões funcionais que possibilita uma melhor organização, ideal para dar o ar delicado e sofisticado para o ambiente que você merece! Fabricado em 100% MDF, sendo a estrutura em MDF de 15mm, laterais do roupeiro com encabeçamento de MDF de 25mm, 6 gavetas com corrediças telescópicas, amplo espaço interno para que você possa organizar seus pertences, roupas de cama, vestuários e calçados, possui 8 prateleiras internas, 3 cabideiros em alumínio, espaço para roupas longas, puxadores em alumínio na cor bronze, trilho inferior em alumínio, trilho superior em ABS. Vamos deixar seu quarto muito mais charmoso!, aproveite!<br> <br>Faz parte deste anúncio:<br>1 Guarda-Roupa Casal 3 Portas 6 Gavetas - Bergamo - Bianchi Móveis<br>Obs.: Não acompanha objetos de decoração<br> <br>Particularidade do Guarda roupa casal:<br>Características do Guarda-roupa casal:<br>- Fabricado em 100% MDF<br>- Estrutura em MDF de 15mm;<br>- Laterais do roupeiro com encabeçamento de MDF de 25mm;<br>- 3 portas de correr;<br>- 6 gavetas com corrediças telescópicas;<br>- Amplo espaço interno;<br>- 8 prateleiras internas;<br>- 3 cabideiros em alumínio;<br>- Espaço para roupas longas;<br>- Puxadores em alumínio na cor bronze;<br>- Acabamento semi brilho;<br>- Triho inferior em alumínio, trilho superior em ABS;<br> <br>Dimensões:<br>Altura: 2,30 Metros<br>Largura: 2,70 Metros<br>Profundidade: 60 Centímetros<br> <br>Informações Importantes:. <br>- Produtos podem apresentar diferenças de tonalidades entre a foto na tela e o produto real, devido a calibração de cor de tela. <br>- Limpar com flanela ou pano macio. Não utilizar álcool. Não utilizar produtos abrasivos ou corrosivos.<br>- Nós prezamos pela qualidade da entrega em primeiro lugar, trabalhamos com transportadoras altamente selecionadas e os melhores materiais de embalagem.<br>- A montagem é de total reponsabilidade do comprador. Antes de comprar, verifique o espaço disponível para a montagem.<br>- Certifique-se de que o produto caiba em elevadores e vãos de escadas, não fazemos içamentos. Quaisquer despesas deste tipo ficam a cargo do cliente<br>- Garantia de 3 meses contra defeitos de fabricação.<br>- Ao receber o produto verificar as condições do mesmo no ato da entrega. Caso haja algum dano relatar no comprovante de entrega a ser assinado e entrar em contato com a loja o mais rápido possível.","{""marca"":""Bianchi Móveis"",""tamanho"":""Casal""}",,Bianchi Móveis,,,Casal,,,,,,,,,,,,Avelã,Bianchi Móveis,6,3,Casal,Guarda-Roupa,MDF,Não informado,Não informado,MDF,8,270 Metros,3,Correr,"Corrediças telescópicas, Cabideiros em alumínio, Espaço para roupas longas, Puxadores em alumínio na cor bronze, Acabamento semi brilho, Trilho inferior em alumínio, Trilho superior em ABS",Não informado,Avelã,Bianchi Móveis,6 Gavetas,3 Portas,Casal,,MDF,,Correr
Guarda-roupa Casal 8 Portas 6 Gavetas,"Se você quer ter mais espaço e deixar o seu quarto organizado, o guarda-roupa de casal, modelo 132311 Havana Master da Santos Andirá é o que você procura. Especialmente desenvolvido para oferecer total conforto e comodidade para você e sua família, ele possui um design moderno, que deixará o seu quarto com um visual totalmente sofisticado. Ele tem 8 portas convencionais e 6 gavetas, para trazer praticidade ao seu dia a dia. Conta também com 10 prateleiras internas para que você possa organizar camisas, vestidos e calças de maneira fácil e rápida, além de trazer mais espaço para você guardar suas roupas de cama, banho, sapatos e o que mais precisar.","{""cor"":""Demolição"",""marca"":""Santos Andirá"",""quantidade_de_gavetas"":""6 Gavetas"",""quantidade_de_portas"":""8 Portas"",""tamanho"":""Casal""}",Demolição,Santos Andirá,6 Gavetas,8 Portas,Casal,,,,,,,,,,,,Não informado,Santos Andirá,6 Gavetas,8 Portas,Casal,Guarda-roupa,Não informado,Moderno,Não informado,Não informado,10 prateleiras,Não informado,convencionais,Não informado,Não informado,Não informado,Demolição,Santos Andirá,6 Gavetas,8 Portas,Casal,,MDP,,Convencional
Guarda Roupa Casal com Espelho 6 Portas e 3 Gavetas Sydney Moval Castanho Wood,"O Guarda-Roupa Sidney é um produto que possui amplo espaço interno, acompanhado de 3 gavetas com corrediças metálicas, bastões em alumínio e puxadores cromados.","{""cor"":""Castanho Wood"",""marca"":""Moval"",""tamanho"":""Casal""}",Castanho Wood,Moval,,,Casal,,,,,,,,,,,,Castanho Wood,Moval,3,6,Casal,Guarda-Roupa,Não informado,Não informado,Espelho,Não informado,Não informado,Não informado,6 Portas,Não informado,"Corrediças metálicas, bastões em alumínio, puxadores cromados",Sydney,Castanho Wood,Moval,3 Gavetas,6 Portas,Casal,,MDP,,Convencional
Guarda Roupa 6 Portas com Espelho  Linha Cobre em Madeira Maciça e MDF - Finestra Móveis,"<p><strong>Guarda Roupa 6 Portas com Espelho Linha Cobre em Madeira Maciça e MDF na cor Imbuia - Finestra Móveis </strong><br> <br> Linhas equilibradas e design robusto para trazer máxima funcionalidade, segurança e elegância. A Linha Cobre destaca em seu perfil uma imponência capaz de ampliar ambientes, ao mesmo tempo em que abraça conceitos de praticidade e acessibilidade na medida certa. O Guarda Roupa 6 Portas com Espelho é feito de Madeira Maciça e MDF de 12mm. A base e a estrutura das portas são em madeira e as laterais e divisórias internas são em MDF. O acabamento é com pintura acetinada em Verniz PU e UV, na cor Imbuia. As portas possuem puxadores de madeira, oferecendo qualidade e combinando com sutileza com o produto. Além disso, as portas das laterais possuem chave. A porta central do Guarda Roupa possui espelho aplicado, complementando no design e funcionalidade e oferecendo ainda mais praticidade. Além disso, as dobradiças das portas são metálicas, oferecendo excelente qualidade. O Guarda Roupa possui montagem bipartida e seu espaço interno é dividido por prateleiras e cabideiro de madeira, auxiliando na organização das roupas e demais itens. As portas possuem aplique, agregando valor ao seu design e estética, atendendo a todos os estilos. <br> <br> <strong>Características Gerais do Produto:</strong> <br> • <strong>Material:</strong> Madeira Maciça/MDF<br> • <strong>Cor:</strong> Imbuia<br> • <strong>Medidas:</strong> 2150mm x 490mm x 1128mm<br> • <strong>Puxadores:</strong> Madeira<br> • <strong>Acabamento:</strong> Pintura Acetinada Verniz PU e UV<br> • <strong>Interno:</strong> Prateleiras e Cabideiro de Madeira<br> • <strong>Dobradiças:</strong> Metálicas<br> <br> <strong>Acompanha o produto:</strong> <br> • Guarda Roupa 6 Portas com Espelho Ferragens Manual de Montagem Certificado de Garantia<br> <strong>Garantia:</strong> <br> • Finestra</p>","{""cor"":""Imbuia"",""marca"":""Finestra""}",Imbuia,Finestra,,,,,,,,,,,,,,,Imbuia,Finestra Móveis,Não informado,6,2150mm x 490mm x 1128mm,Guarda Roupa,Madeira Maciça e MDF,Não informado,Espelho,Madeira MaciçaMDF,Não informado,2150mm,6 Portas,Com Espelho,"Puxadores de Madeira, Chave nas portas laterais, Dobradiças Metálicas, Montagem Bipartida, Prateleiras e Cabideiro de Madeira, Aplique nas portas",Não informado,Imbuia,Finestra,,6 Portas,,,Madeira e MDF,,Convencional
Guarda Roupa Aspen 6 Portas Freijó/Cinza Titânio Moveis Carraro,"Guarda Roupa Aspen 6 Portas Freijó/Cinza Titânio Moveis Carraro<br>O Guarda-Roupa 6 Portas Modelo Aspen possui um amplo espaço e um design inteligente para acomodar suas roupas e diversos objetos. Ainda mais, esse modelo que vem acompanhado de um espelho central. Além disso, esse modelo possui espaço externo para acomodar diversos objetos pessoais. <br>MEDIDAS:<br>Altura: 2.06m<br> Largura: 1,80m<br> Profundidade: 46cm<br>CARACTERÍSTICAS:<br><br>MDP 18mm, 15mm e 12mm com acabamento em pintura UV;<br>Possui 06 portas de giro com dobradiças metálicas;<br>Rodape para a melhor estruturação do produto;<br>Amplo espaço interno para acomodar roupas e acessórios;<br>Espelho no centro do roupeiro;<br>Conta com 03 gavetas externas com corrediças metálicas;<br>Puxadores em ABS;<br><br> <br>* As imagens dos produtos são meramente ilustrativas.<br> * Montagem não inclusa.","{""marca"":""Carraro""}",,Carraro,,,,,,,,,,,,,,,FreijóCinza Titânio,Moveis Carraro,3,6,Não informado,Guarda-Roupa,MDP,Não informado,Não informado,MDP,Não informado,180,6 Portas,giro,Espelho,Não informado,Cinza e Freijó,Alpoim,3 Gavetas,6 Portas,,,MDP ,,Convencional
Guarda Roupa Casal E77020 Branco com Pés  Araplac,"<p><span>Guarda Roupa Casal E77020 Branco com Pés – Araplac<br> <br> Guarda Roupa Casal E77020, foi desenvolvido pela Araplac para lhe proporcionar conforto e praticidade no seu dia a dia, conta com lindo design, amplo espaço interno e prateleiras para melhor organização. Não deixe de aproveitar e garanta já o seu!</span></p><p><span>Características Técnicas:<br> - Desenvolvido 100% em MDP<br> - Pintura e acabamento em U.V <br> - Possui 03 portas<br> - Cabideiros metálicos<br> - Amplas prateleiras para melhor organização<br> - 06 gavetas sem puxadores, com vistas inclinadas<br> - Corrediças metálicas que deslizam com facilidade<br> - Design moderno<br> - Maior organização, espaço e praticidade<br> - Com pés<br> - Com espelho</span></p><p><span>Dimensões:<br> Altura: 217 cm<br> Largura: 177,5 cm<br> Profundidade: 47 cm<br> Obs: Não realizamos a montagem, porém acompanha manual de instruções.</span></p> ","{""marca"":""Araplac"",""tamanho"":""Casal""}",,Araplac,,,Casal,,,,,,,,,,,,Branco,Araplac,6,3,Casal,Guarda-Roupa,MDP,Moderno,Com Pés,MDP,Não informado,1775,3,Não informado,"Cabideiros metálicos, Amplas prateleiras, Gavetas sem puxadores com vistas inclinadas, Corrediças metálicas, Espelho",Não informado,Branco,Araplac,6 Gavetas,3 Portas,Casal,,MDP,Moderno ,Convencional
Guarda Roupa Atrice 6 Portas e Cômoda Atria Amêndola com Cabeceira Emilia 160 cm Marrom  Demartêz,"<p>Guarda Roupa Atrice 6 Portas e Cômoda Atria Amêndola com Cabeceira Emilia 160 cm Marrom – Demartêz</p><p>Está pensando em renovar os móveis do seu quarto? Apresentamos o Guarda Roupa Atrice e a Cômoda Atria da Demartêz juntamente com a Cabeceira Emilia da IDF Decor. Esse combo é perfeito pois conta com um amplo espaço interno para organizar roupas e acessórios e ainda deixa o ambiente muito mais lindo e aconchegante. Confira e não deixe de aproveitar!</p><p>Guarda Roupa Casal Atrice 6 Portas Amêndola – Demartêz</p><p>Características Técnicas:<br> - Desenvolvido em MDP<br> - Pintura e acabamento em UV na cor Amêndola<br> - Possui 6 Portas <br> - Possui 6 Gavetas<br> - Corrediças Telescópicas livres de qualquer enrosco <br> - Puxadores em alumínio <br> - Incluso 3 maleiros <br> - Possui 4 prateleiras internas <br> - Possui 3 cabideiros metálicos <br> - Maior organização, espaço e praticidade <br> - Design moderno</p><p>Dimensões:<br> Altura: 230 cm<br> Largura: 267 cm<br> Profundidade: 55 cm</p><p>Cômoda Átria 4 Gavetas Amêndola – Demartêz</p><p>Características Técnicas:<br> - Desenvolvido em MDP<br> - Pintura e acabamento em UV na cor Amêndola <br> - Puxador da gaveta com abertura por fecho toque <br> - Possui 4 gavetas <br> - Gavetas com corrediças telescópicas livres de qualquer enrosco <br> - Maior organização, espaço e praticidade <br> - Design moderno</p><p>Dimensões:<br> Altura: 104 cm<br> Largura: 92 cm<br> Profundidade: 45 cm</p><p>Cabeceira Casal Emilia 160 cm Marrom Couro Sintético – IDF Decor</p><p>Características Técnicas: <br> - Estrutura em madeira de Eucalipto <br> - Produzido com material ecologicamente correto, para maior durabilidade e resistência da peça <br> - Acabamento com espuma de altíssima qualidade e procedência <br> - Possui Pés em plástico <br> - Detalhes com botões capitonê na cor do tecido <br> - Revestimento em tecido Couro Sintético <br> - Ideal para cama Box de 158 cm <br> - Conta com sistema de frame <br> - Lindo Design</p><p>Dimensões:<br> Altura: 120 cm<br> Largura: 160 cm <br> Profundidade: 19 cm</p><p>Obs: Montagem do produto não está incluso, acompanha manual de instruções.</p> ","{""marca"":""Demartêz"",""tamanho"":""Casal""}",,Demartêz,,,Casal,,,,,,,,,,,,Amêndola,Demartêz,6,6,Casal,Guarda Roupa,MDP,Moderno,Não informado,MDP,4,267 cm,6 Portas,Não informado,"Corrediças Telescópicas, Puxadores em alumínio, 3 Maleiros, 3 Cabideiros metálicos",Não informado,,,,,,,,,
Guarda-Roupa Infantil Chalé 3 PT 2 GV Rústico e Rosa Chá,"Que tal o Guarda-Roupa Infantil Chalé?Além de decorado com muito chBraçoe, o quarto infantil também precisa ser muito bem organizado, não é mesmo? Para isso, nada melhor do que um bom guarda-roupa, e o modelo Chalé é a pedida certa! Bem dividido, ele oferece os compartimentos perfeitos para receber roupinhas, acessórios e até mesmo itens de higiene e cosméticos, te ajudando a concentrar tudo num único espaço e facilitando a rotina. Já por fora, o design auxilia na hora de criar uma decoração bem feita, seja aquela que explora cores e personagens até aquelas mais básicas - o formato que imita uma casinha enche o cômodo de ludicidade e ainda combina com tudo!","{""cor"":""Rosa"",""marca"":""Henn""}",Rosa,Henn,,,,,,,,,,,,,,,Rosa Chá,Não informado,2 GV,3 PT,Não informado,Infantil,Não informado,Chalé,Rústico,Não informado,Não informado,Não informado,Não informado,Não informado,Não informado,Não informado,Rosa,Henn,2 Gavetas,3 Portas,Solteiro,,MDP,Rústico,Articulada
Roupeiro capelinha classic plus branco artico,"<p>O Guarda Roupa Capelinha Classic Plus é um produto com design moderno e funcional, perfeito para quem busca organizar e otimizar espaço. Contém sete portas, sendo uma com espelho, excelentes repartições, além de três gavetas que deslizam suavemente sobre corrediças metálicas, tudo para facilitar seu dia a dia. Com acabamento interno na mesma cor do móvel o guarda roupa Capelinha Classic Plus reúne harmoniosamente beleza, qualidade e durabilidade.</p><p><span>LxAxP (mm):</span><span>1.805 x 2.043 x 463</span><br></p>","{""quantidade_de_portas"":""7 Portas"",""tipo"":""Capelinha""}",,,,7 Portas,,Capelinha,,,,,,,,,,,branco artico,Não informado,3,7,1805 x 2043 x 463,Capelinha,Não informado,Classic,Não informado,Não informado,Não informado,1805,com espelho,Não informado,corrediças metálicas,Não informado,Branco Ártico,Zanzini Móveis,3 Gavetas,6 Portas,,,,Moderno ,Convencional
"Guarda-Roupa / Roupeiro Paris, 6 Portas MDF com Espelho - Branco","Está à procura da melhor opção para organizar seus pertences e ainda manter o charme do seu quarto? Então conheça o Guarda Roupa Paris, da Maxel, produzido em MDF com revestimento em impressão UV, conta com 6 portas de abrir, parte interna conta com cabideiro e sapateira, 5 prateleiras e 2 gavetas com corrediças metálicas. Não perca tempo e garanta já o seu!Altura: 2000mmLargura: 1800mmProfund: 500mmCor: BrancoEspelho inclusoRecomendação de Limpeza: Limpar com pano seco para retirar o pó. Não aplicar produtos abrasivos.Produtos de Enfeite e Eletrônicos Não Estão Inclusos.Necessário montador profissionalAs configurações do seu monitor ou dispositivo móvel podem afetar a tonalidade da cor do produto. Conferir na descrição.","{""cor"":""Branco"",""quantidade_de_portas"":""6 Portas""}",Branco,,,6 Portas,,,,,,,,,,,,,Branco,Maxel,2,6,Altura 2000mmLargura 1800mmProfund 500mm,Guarda-Roupa,MDF,Não informado,Espelho incluso,MDF,5,1800mm,6 Portas de abrir,Não informado,"Cabideiro, Sapateira, Corrediças metálicas",Não informado,Branco,Maxel Móveis, 2 gavetas,6 Portas,,,MDF,,Convencional
Guarda Roupa Casal 8 Portas 2 Gavetas Verona 8.2 Castanha/Off White - Santos Andirá,"<strong>Guarda Roupa Casal 8 Portas 2 Gavetas Verona 8.2 - Santos Andirá</strong><br>O Guarda-Roupa Casal Verona 8.2 foi produzido com material de alta qualidade, garantindo resistência e durabilidade. Ele conta com amplo espaço para manter seus pertences sempre organizados, tornando seu dia a sai mais prático e funcional. Possui acabamento em pintura UV, tudo dentro das normas de qualidade estabelecidos pelo ISO 9001, e com respeito ao meio ambiente, de forma sustentável.<br> <br><strong>ESPECIFICAÇÕES:</strong><br><strong>• </strong>Estrutura em MDP<br><strong>• </strong>Pintura UV<br><strong>• </strong>8 Portas<br><strong>•</strong> Dobradiças metálicas<br><strong>• </strong>2 Gavetas<br><strong>• </strong>Corrediças metálicas<br><strong>• </strong>2 Cabideiros em alumínio <br><strong>• </strong>Puxadores em ABS<br><strong>• </strong>3 Prateleiras<br><strong>• </strong>Amplo espaço interno<br><br><strong>Dimensões:</strong><br>Tamanho do Produto (L x A x P): 159,3 x 200 x 46,3 cm<br><br><strong>Garantia:</strong> 3 meses<br><strong>Montagem: </strong>O Produto vai desmontado com manual e todos acessórios. Recomendamos que a montagem seja feita por um profissional<br><strong>Recomendação de Limpeza:</strong> Utilize pano levemente úmido<br><br><strong>Observações:</strong><br>- A <strong>LOJA</strong> se responsabilizará pela entrega dos produtos até aonde as rodovias alcançam, entregas fluviais ou aéreas devem ser cotadas a parte.<br>- As imagens são ilustrativas, não acompanham objetos de decoração.<br>- Pode haver alguma diferença de tonalidade entre a imagem e o produto, por conta do tratamento de imagens e a calibração de cores da sua tela.<br>- A montagem será de responsabilidade do comprador. Entregamos até a porta de entrada da residência ou até a portaria do condomínio. Não nos responsabilizamos, no ato da entrega, por subir escadas/elevadores ou transporte por guincho em apartamentos. Eventuais despesas são de responsabilidade do comprador.<br>- Confira as dimensões do produto no momento da compra e certifique-se de que passará normalmente por supostos elevadores, portas, escadas e/ou corredores de sua residência.<br>Para mais informações, acesse nossa Central de Atendimento.","{""cor"":""Castanho, Off White"",""marca"":""Santos Andirá"",""quantidade_de_portas"":""8 Portas"",""tamanho"":""Casal""}","Castanho, Off White",Santos Andirá,,8 Portas,Casal,,,,,,,,,,,,CastanhaOff White,Santos Andirá,2,8,Casal,Guarda Roupa,MDP,Não informado,Não informado,Não informado,3,1593,8 Portas,Não informado,"2 Cabideiros em alumínio, Puxadores em ABS",Não informado,Castanha e Off White,Santos Andirá,2 Gavetas,8 Portas,Casal,,MDP,Moderno ,Convencional
Guarda Roupas 3 Portas de Correr    e 4 Gavetas Diamond Plus Canela - Novo Horizonte,"<strong>Guarda Roupas 3 Portas de Correr e 4 Gavetas Diamond Plus Canela - Novo Horizonte</strong><br> <br> Marca: <strong>Novo Horizonte</strong><br><br>Dimensões(Cm): Comprimento(Profundidade): 55,5 x Largura: 241,2 x Altura: 236,4<br> <br> <strong>CARACTERÍSTICAS DE MÓVEIS</strong><br> <strong>Tipo de Estrutura do Móvel</strong><br> - MDF<br> <strong>Tipo de Pintura</strong><br> - UV<br> <strong>Tipo de Acabamento da Pintura</strong><br> - Semi Brilho<br> <strong>Tipo de puxador</strong><br> - Metálico<br> <strong>Quantidade de Prateleiras</strong><br> - 6<br> <strong>Quantidade de Gavetas</strong><br> - 4<br> <strong>Diferenciais da Gaveta</strong><br> - c/ Corrediças Telescópicas<br> <strong>Quantidade de Portas</strong><br> - 3<br> <strong>Garantia</strong><br> - 3<br> <br> <strong>BENEFÍCIOS DE MÓVEIS</strong><br> <strong>Certificação de Qualidade de Móveis</strong><br> - Qualidade Aprovada<br> <br> <strong>04 - CARACTERÍSTICAS E BENEFÍCIOS DOS MÓVEIS DE QUARTO</strong><br> <strong>Tamanho do Guarda-Roupa</strong><br> - Casal<br> <br> <br> <strong> Não nos responsabilizamos pela montagem/instalação dos produtos.</strong><br> <strong>Todas as informações divulgadas são de responsabilidade exclusiva do fabricante/fornecedor. </strong><br> <strong>Imagens Meramente Ilustrativas.</strong><br> <strong>Verifique com os fabricantes do produto e de seus componentes eventuais limitações à utilização de todos os recursos e funcionalidades.</strong>",{},,,,,,,,,,,,,,,,,Canela,Novo Horizonte,4,3,Casal,Guarda-Roupas,MDF,Não informado,Não informado,Não informado,6,555,3 Portas de Correr,Correr,Corrediças Telescópicas,Não informado,Canela,Novo Horizonte,4 Gavetas,3 Portas,Casal,,MDF,,Correr
Guarda Roupa Casal 10 Portas New Murano com Espelho Ébano Off White,"Procurando um Guarda Roupas com amplo espaço e que acomode todas suas roupas e acessórios? o Guarda Roupa New Murano têm tudo o que você precisa, desenvolvido por Demóbile ele possui 10 portas e tem espaço para armazenar tudo, confira!<br> <br>Recomendações:<br> <br>Recomendação de Limpeza: Limpar com pano seco para retirar o pó. Não aplicar produtos abrasivos.<br>A tonalidade da cor do produto pode variar de acordo com a sua tela, a iluminação do ambiente ou sua percepção visual.<br> <br>Características:<br> <br>- Desenvolvido em 100% MDP<br>- 10 Portas<br>- 3 Gavetas<br>- 3 Prateleiras<br>- 2 bastões metálicos resistentes<br>- Pintura UV na Cor Ébano Touch<br>- Puxadores com pintura especial <br>- Lindo Design<br>- Amplo Espaço<br> <br>Dimensões:<br>Altura: 2,17 m <br>Largura: 1,92 m <br>Profundidade: 47 cm<br> <br>Garantia: 3 meses<br>Imagem Ilustrativa: As imagens são meramente ilustrativas não acompanhando objetos de enfeites e eletros. Ao receber o produto verifique as condições da embalagem. Confira as dimensões do produto e certifique-se de que passarão normalmente por supostos elevadores, portas, escadas ou corredores de sua moradia.<br>Montagem: A Loja não disponibiliza o serviço de montagem, a montagem é de total responsabilidade do comprador. Recomendamos que a montagem seja feita por um profissional da área.<br> <br>","{""marca"":""Demóbile"",""tamanho"":""Casal""}",,Demóbile,,,Casal,,,,,,,,,,,,Ébano Off White,Demóbile,3,10,Casal,Guarda Roupa,MDP,Não informado,Espelho,MDP,3,192 cm,10 Portas,Não informado,"2 bastões metálicos resistentes, Pintura UV, Puxadores com pintura especial",Não informado,Ébano e Off White,Demóbile,3 Gavetas,10 Portas,Casal,,MDP,,Convencional
Roupeiro Santos Liverpool 8 Pts 6 Gvs - 150255P - / 4,"Roupeiro santos liverpool 8 pts 6 gvs - 150255p - / 4 -cor: atacama - voltagem: sem voltagemo guarda roupa liverpool é um móvel prático e funcional, e se encaixa em qualquer ambiente dequarto de casal ou solteiro. Com 8 portas e 6 gavetas, esse roupeiro garante muito espaço paraguardar todos os pertences. Puxadores em abs garantem um design moderno. Internamente,possui amplas prateleiras para guardar todos os pertences de forma organizada, assim comoedredons, cobertores, caixas, etc. Possui 3 cabideiros em alumínio para pendurar todas as roupas(casacos, vestidos, camisas, blusas) com muita organização e segurança. características:08 portas com dobradiças metálicas09 prateleiras03 cabideiros em alumínio06 gavetas com corrediças metálicaspuxadores em abspés dimensões:altura: 215 cmlargura: 212 cmprofundidade: 46,3 cm garantia de 3 meses","{""cor"":""Marrom"",""marca"":""Santos Andirá"",""tamanho"":""Casal""}",Marrom,Santos Andirá,,,Casal,,,,,,,,,,,,Atacama,Santos,6,8,Não informado,Roupeiro,Não informado,Não informado,Não informado,Não informado,9,Não informado,8 portas com dobradiças metálicas,Não informado,"Puxadores em ABS, 3 cabideiros em alumínio, 6 gavetas com corrediças metálicas",Não informado,Atacama ,Santos Andirá,6 Gavetas,8 Portas,Casal,,MDP,Moderno ,Convencional
Guarda Roupa Infantil Retro Ayla 4 Portas Branco Fosco - Reller,"<p>Guarda Roupa Infantil Retro Ayla 4 Portas Branco Fosco - Reller</p><p>Pra você que procura móveis para o quarto do bebê, aqui você encontra! Guarda Roupa 4 portas Retro da Linha Ayla na cor Branco Fosco desenvolvido pela Reller. Com lindo design estilo retrô projetado na medida ideal para adaptar-se em qualquer ambiente, com puxadores e pés em madeira e corrediças telescópicas que aumentam ainda mais a vida útil das gavetas. Não perca tempo e garanta já o seu!</p><p><span>Características Técnicas:<br> - Desenvolvido em MDF<br> - Pintura e acabamento na cor Branco Fosco<br> - Sistema de pintura atóxico que não faz mal a saúde do bebê<br> - 4 portas<br> - 04 gavetas com corrediças telescópicas<br> - Puxadores em pinus<br> - Possui cabideiro metálico<br> - Pés em madeira estilo pinus<br> - Ótima divisão Interna</span><br><br></p><p>Dimensões:<br> Altura: 210 cm<br> Largura: 139 cm<br> Profundidade: 45 cm</p><p>Obs: Não realizamos a montagem, porém acompanha manual de instruções.</p>","{""marca"":""Reller"",""quantidade_de_portas"":""4 Portas""}",,Reller,,4 Portas,,,,,,,,,,,,,Branco Fosco,Reller,4,4,Não informado,Infantil,MDF,Retro,Não informado,MDF,Não informado,Não informado,4 portas,Não informado,Corrediças telescópicas,Não informado,Branco Fosco,Reller,4 Gavetas,4 Portas,Solteiro,,MDF,Retrô,Convencional
Guarda Roupa Infantil 4 Portas 3 Gavetas 100% MDF Uli,"Guarda Roupa Infantil 4 Portas com Janelas e 3 Gavetas 100% MDF Mimo Branco Brilho. O Guarda Roupa Mimo foi desenvolvido para oferecer qualidade, beleza, conforto e segurança para toda família na hora de montar o quartinho do(a) bebê. É produzido com estrutura 100% MDF e acabamento em pintura UV atóxica. Possui 4 portas com janelas em PETG Cristal/Acrílico, que permitem visualizar parte interna do móvel, 3 gavetas que deslizam sob corrediças metálicas telecópicas, 1 cabideiro metálico, 5 prateleiras para acomodar as peças com organização da sua preferência, puxadores e pés em plástico. Acompanham o produto, 2 opções de rodapés, um usinado (torneado) e outro reto, para que você escolha no momento da montagem qual se adequa ao estilo do ambiente. Aproveite para adquirir o seu agora!","{""cor"":""Branco"",""marca"":""Móveis Peroba"",""quantidade_de_gavetas"":""3 Gavetas""}",Branco,Móveis Peroba,3 Gavetas,,,,,,,,,,,,,,Branco Brilho,Mimo,3 Gavetas,4 Portas,Não informado,Infantil,100 MDF,Não informado,Não informado,MDF,5 prateleiras,Não informado,com janelas,com janelas,"com janelas em PETG CristalAcrílico que permitem visualizar parte interna do móvel, 3 gavetas que deslizam sob corrediças metálicas telecópicas, 1 cabideiro metálico, 5 prateleiras para acomodar as peças com organização da sua preferência, puxadores e pés em plástico, 2 opções de rodapés um usinado torneado e outro reto",Não informado,Branco,Peroba,3 Gavetas,4 Portas,Solteiro,,MDF,Clássico,Convencional
Guarda Roupa Infantil 4 Portas 2 Gavetas Carinho Branco Flex Incorplac,"Guarda Roupa Infantil 4 Portas 2 Gavetas Carinho Branco Incorplac Lindo Guarda Roupa para deixar o quarto de seu filho(a) mais bonito e aconchegante com design moderno, possui estrutura 12mm, porta e gavetas em 15mm MDP, pintura externa em alto brilho e interna com 50% de brilho, ambas de última geração, revestida em acabamento por camadas de verniz foto-curado (uv) de composição atóxica, portas em MDF com as janelas em chapas de cristal plástico translúcido. Dimensões do Produto:Altura: 203 cmLargura: 153 cm Profundidade: 45 cmPeso: 95 Kg Características e Especificações Técnicas:Possui acabamento interno: pintura de última geração revestida com branco 50% em brilho, impar deixando a interna muito mais agradável e com muito mais espaço.Pés: 6 pés inclusosCabideiros: cabideiros em alumínio Gavetas: 2 gavetas com corrediças metálicasDobradiças: dobradiças metálicas Puxadores: puxadores pvc brancoEcologicamente correto: sim Sistema de montagem: simples Necessita Montagem: SimProduto pode ser montado em duas opções de cores Complexidade da Montagem:Pode ser montado por mais de uma pessoa ou necessite de maior conhecimento para montagem por um profissional. Recomendações de Uso, Manutenção e Limpeza:Para limpeza, usar pano úmido e macio e não usar lustra moveis, manter o produto longe de umidade e exposição direta do sol. Observações Importantes:<br>Não nos responsabilizamos pela montagem ou desmontagem dos produtos, que deverá ser feita por um profissional qualificado. Estes serviços NÃO estão inclusos nos valores das mercadorias.<br>No ato da compra, certifique-se de que as medidas do produto estão adequadas aos elevadores, portas e corredores do local da entrega, visto que não fazemos a montagem ou desmontagem de portas ou janelas, transporte pela escada ou içamentos pelo lado de fora do prédio.<br>Ao receber a mercadoria, o cliente deve verificar as condições da embalagem, caso haja alguma avaria NÃO assine o comprovante de recebimento.<br>Em casos de edifícios ou condomínios, o produto será entregue pela transportadora nas respectivas portarias (porteiros) que deverão ser comunicadas da entrega pelo comprador.<br>As imagens são meramente ilustrativas, não acompanham objetos de decoração ou quaisquer outros itens que não façam parte do produto anunciado. <br>Pode haver alguma diferença de tonalidade entre as imagens do anúncio e o produto real, por conta do tratamento das imagens, calibração de cores do seu monitor ou celular, e até mesmo pela sua percepção visual.<br>Para quaisquer outras dúvidas entre em contato conosco nos nossos canais de atendimento.","{""marca"":""Incorplac""}",,Incorplac,,,,,,,,,,,,,,,Branco,Incorplac,2,4,Não informado,Infantil,MDP,Moderno,Não informado,MDF,Não informado,153 cm,4 Portas,Não informado,"Gavetas com corrediças metálicas, Dobradiças metálicas, Puxadores pvc branco",Não informado,Branco,Incorplac,2 Gavetas,4 Portas,Solteiro,,MDF e MDP,Moderno ,Convencional
Guarda Roupa Casal 3 Portas 3 Gavetas Flex Color  Luminare Albatroz,"O Guarda Roupa Luminare é um móvel moderno, com espaços bem definidos, associados pela beleza do ripado e o efeito sofisticado proporcionado pela luminária de LED. <br> <br> Características:<br> Estrutura em MDP<br> 3 Portas deslizantes com sistema de freios<br> 1 Luminária de led<br> Puxadores cavas laterais<br> Portas com detalhes usinados<br> Cabideiro em alumínio<br> Perfis ante empeno em aço<br> Trilho superior e inferior em alumínio<br> Pés inclusos<br> <br> <br> Dimensões:<br> Altura: 227 cm<br> Largura: 217 cm<br> Profundidade: 56 cm<br> Peso: 146,8 Kg<br> <br> <br> Garantia do fornecedor de 3 meses.<br> <br> Recomendações do fornecedor: <br> Limpar com flanela ou pano macio seco, não utilizar produtos abrasivos, desengordurantes, álcool ou solvente. Não expor o produto diretamente à luz solar e à umidade.","{""quantidade_de_gavetas"":""3 Gavetas"",""tamanho"":""Casal""}",,,3 Gavetas,,Casal,,,,,,,,,,,,Não informado,Luminare,3,3,Casal,Guarda Roupa,MDP,Moderno,Com Luminária,"MDP, Alumínio",Não informado,217 cm,3 Portas deslizantes com sistema de freios,Deslizantes,"Cabideiro em alumínio, Perfis ante empeno em aço, Trilho superior e inferior em alumínio, Pés inclusos",Não informado,Branco Fosco e Nature,Móveis Albatroz,3 Gavetas,3 Portas,Casal,,MDP,Moderno ,Correr
Guarda Roupa Modulado Canto Diagonal 1 Porta 80cm Connect Luciane Móveis,"Guarda Roupa Modulado Luciane Connect tudo que seu quarto precisa para otimizar seu espaço e valorizar a decoração do seu ambiente.<br> <br> Características:<br> Matéria Prima: MDP 15mm<br> Corpo/Caixaria: MDP 15mm com acabamento Vanilla UV Touch<br> Frontais: MDP 15mm com acabamento em Linho BP e Legno Crema BP.<br> Prateleiras: 2<br> Portas: 1<br> Dobradiças: metálicas 35mm<br> Puxadores: Haste em Alumínio Champagne<br> Cabideiro: 2 metálicos<br> Montagem com Minifix, Cantoneiras, Parafusos e cavilhas.<br> <br> Dimensões:<br> Altura: 236 cm<br> Largura: 80,5 cm<br> Profundidade: 80,5 cm<br> Peso: 74,3 kg<br> <br> Garantia do fornecedor de 03 meses<br> <br> Informações complementares:<br> Fique de olho: siga sempre as orientações do fabricante e utilize seu produto de acordo com o manual. A empresa não se responsabiliza pelo mau uso do produto, o que pode causar perda da garantia.#8239;<br> Certifique se que seus dados estejam atualizados, como endereço e um telefone válido.<br> A entrega será realizada no térreo, sendo assim em prédios o deslocamento da mercadoria, subir escadas, elevadores ou transporte por guincho para apartamentos fica sob responsabilidade do comprador.<br> Todas as nossas entregas são realizadas em horário comercial, não sendo possível fazer agendamento, sugerimos acompanhar o rastreio do pedido e ter alguém para receber no endereço indicado.<br> Não nos encarregamos por montagens, desmontagens e outras instalações, serão de responsabilidade do comprador.","{""marca"":""Luciane Móveis""}",,Luciane Móveis,,,,,,,,,,,,,,,Não informado,Luciane Móveis,Não informado,1,80cm,Modulado,MDP,Canto Diagonal,Não informado,MDP,2,Não informado,1,Não informado,"Dobradiças metálicas 35mm, Puxadores Haste em Alumínio Champagne, Cabideiro 2 metálicos, Montagem com Minifix Cantoneiras Parafusos e cavilhas",Não informado,Baunilha e Legno,Luciane Móveis,, 1 Porta,Solteiro,Canto e Modulado,MDP ,,Correr
Guarda Roupa Solteiro 2 Portas 3 Gavetas com Espelho São Paulo - Leifer Móveis,"Guarda Roupa Solteiro 2 Portas 3 Gavetas com Espelho São Paulo - Leifer Móveis<br> <br>Praticidade, elegância, modernidade e funcionalidade: O Guarda Roupa São Paulo conferem ao ambiente o estilo e a organização sem abrir mão da modernidade, combinado com design incomparável.<br> <br>Pesos e Dimensões<br>Altura: 230 cm;<br>Largura: 186,5 cm <br>Profundidade: 55,5 cm;<br>Peso: 130 kg;<br> <br>Características<br>Guarda Roupa 100% em MDF;<br> Interno da cor do produto<br> Guarda Roupa colunado 25mm<br>Produzido com equipamentos de alta tecnologia;<br>Produto avaliado e aprovado por um rigoroso controle de qualidade;<br>Fácil montagem e manual de montagem simplificado;<br>Maior profundidade, possibilitando amplo espaço interno para organização;<br> <br> <br>Materiais e Acabamentos<br>Produto em MDF<br>Pintura U.V. e acabamento em micro textura;<br>2 porta de correr <br>3 gavetas internas;<br>Puxador alumínio bronze;<br> Puxadore na Gavetas internas<br>Corrediças telescópicas;<br> 1 Porta espelhada<br> <br> <br>Montagem<br>Necessita de Montagem: Sim;<br>Sistema de Montagem: Parafusos;<br>Recomendações de Uso, Manutenção e Limpeza: Limpeza com pano levemente umidecido. Não aplicar nenhum tipo de produto químico, como Lustra móveis, poliflor, etc... ;<br> <br>Observações<br>Situação do produto enviado: Novo e desmontado na caixa<br>Garantia: 3 meses ( Contra defeito de fabricação ) a partir da data do recebimento do produto<br>Como você vai receber o produto na sua casa: Produto novo e desmontado na caixa com reforço de embalagem de papelão e plástico bolha garantindo a integridade e segurança no produto durante o transporte. <br>Ao receber a mercadoria, verifique as condições da embalagem, caso haja alguma avaria, entre em contato com nosso SAC.","{""cor"":""Cinamomo"",""marca"":""Leifer Móveis"",""tamanho"":""Solteiro""}",Cinamomo,Leifer Móveis,,,Solteiro,,,,,,,,,,,,Não informado,Leifer Móveis,3,2,Solteiro,Guarda-Roupa,MDF,Moderno,Com Espelho,MDF,Não informado,1865 cm,2 portas de correr,Correr,"3 gavetas internas, 1 porta espelhada, Corrediças telescópicas",Não informado,Cinamomo e Off White,Leifer Móveis,3 Gavetas,2 Portas,Solteiro,,MDF,,Correr
Guarda Roupa Casal 10 Portas com Pés e Espelho New Murano Ébano Touch 83530EL Demóbile,"<p>Procurando Móveis para quarto onde você consegue conciliar total qualidade com um lindo design e um excelente preço! Apresentamos esse lindo guarda roupa desenvolvido e fabricado pela Demóbile. Com um design imponente desenvolvido pela Demóbile, empresa que sempre pensa no melhor para os seus clientes. Produzido com total qualidade, o modelo conta com um sistema de produção sofisticado, onde todo processo é controlado garantindo a alta qualidade da marca. Com um ótimo espaço interno, esse modelo foi projetado pensando em todas as suas necessidades, isso não é incrível!? Não fique de fora e adquira já o seu!</p> <p>Descrição:</p> <p>10 Portas</p> <p>3 Gavetas</p> <p>Espelho nas portas centrais</p> <p>Cabideiros</p> <p>Prateleiras</p> <p>Dimensões:</p> <p>Altura: 217 cm</p> <p>Largura: 192 cm</p> <p>Profundidade: 47 cm</p> <p>Peso: 104,80 kg</p> <p>Aviso: Não estaremos realizando a montagem, porém o produto estará acompanhado de um manual de instruções. Recomendamos que a montagem seja feita por profissionais.</p>","{""marca"":""Demóbile"",""quantidade_de_portas"":""10 Portas"",""tamanho"":""Casal""}",,Demóbile,,10 Portas,Casal,,,,,,,,,,,,Ébano Touch,Demóbile,3,10,Casal,Guarda-Roupa,Não informado,Não informado,Com Pés e Espelho,Não informado,Não informado,192 cm,10 Portas,Não informado,"Espelho nas portas centrais, Cabideiros, Prateleiras",Não informado,Ébano ,Demóbile,3 Gavetas,10 Portas,Casal,,,,Convencional
Guarda Roupa Casal com Espelho 3 Portas 6 Gavetas Los Angeles D'Doro Carvalho,"O Guarda Roupa Casal com Espelho Los Angeles é o item perfeito para seu quarto, com visual robusto e coloração tradicional oferece sofisticação e bom gosto. Produzidos em chapas 100% MDF com pintura UV, você terá sempre roupas e acessórios organizados. O Guarda Roupa tem 3 portas de correr, com 6 gavetas internas facilitando seu dia a dia. Produzidos com a garantia dos produtos D'Doro. Venha conferir!<br> <br>Dimensões:<br>Altura: 230 cm<br>Largura: 273 cm<br>Profundidade: 62,0 cm<br> <br>Características: <br>Tipo de Guarda Roupa: Casal<br>Cor: Carvalho<br>Produzido com Chapa de 15mm e 25mm;<br>Acabamento Externo: Pintura UV <br>Escala de Brilho: Texturizado<br>Cor Interna: Carvalho<br>Material Principal: 100% MDF<br>Quantidade de Gavetas: 6<br>Tipo de Gavetas: Interna<br>Material da Gaveta: MDF<br>Gavetas com Chave: Não<br>Corrediças da Gaveta: Telescópica<br>Material do Puxador da Gaveta: Alumínio<br>Profundida da Gaveta: 40 cm<br>Abertura Total da Gaveta: Sim<br>Peso Máximo por Gaveta: 5 Kg<br>Numero de Portas: 3<br>Forma de Abertura das Portas: Correr<br>Material da Porta: MDF<br>Portas com Sistema Reversível: Não<br>Possui Espelho: Não<br>Quantidade de Espelhos: 1<br>Espelho com película de segurança: Sim<br>Número de Prateleiras: 8<br>Material das Prateleiras: MDF<br>Peso Maximo das Prateleiras: 5 kg<br>Números de Cabideiros: 3<br>Material dos Cabideiros: MDF<br>Possui Pés: Não<br>Peso do Produto: 243,8<br>Garantia: 90 Dias ( Contra Defeito de Fabricação)<br>Necessita de Montagem: Sim<br>Montagem: Recomendamos que a montagem seja feita por um profissional <br>Instruçoes/Cuidados: Limpar com pano macio seco ou levemente umedecido com água<br> <br>Atenção:<br>Imagem meramente ilustrativa, não acompanha os objetos de decoração;<br>Pode haver alguma diferença de tonalidade entre a foto e o produto, devido ao tratamento de imagens e a calibração do monitor;<br>Não nos responsabilizamos, no ato da entrega por desmontagens, subir escadas ou transporte por guincho. Eventuais despesas são de responsabilidade do cliente;<br>Antes de realizar a compra, confira as dimensões das embalagens e certifique-se de que passará normalmente por supostos elevadores, portas, escadas e/ou corredores;<br>Ao receber a mercadoria, verifique as condições da embalagem, caso haja alguma avaria, entre em contato com nosso SAC; <br>A Fenícia Mobiliário não se responsabiliza pela montagem do seu produto. <br>","{""marca"":""D'Doro"",""quantidade_de_gavetas"":""6 Gavetas"",""quantidade_de_portas"":""3 Portas"",""tamanho"":""Casal""}",,D'Doro,6 Gavetas,3 Portas,Casal,,,,,,,,,,,,Carvalho,DDoro,6,3,Casal,Casal,MDF,Não informado,Com Espelho,MDF,8,273,3,Correr,"Gavetas com Chave Não, Corrediças da Gaveta Telescópicas, Material do Puxador da Gaveta Alumínio, Portas com Sistema Reversível Não, Espelho com película de segurança Sim",Não informado,Carvalho,D'Doro Móveis,6 Gavetas,3 Portas,Casal,,MDF,,Correr
"Guarda Roupa 100% MDF Casal 2,67m com 2 portas de correr e espelho TW603E Dalla Costa","Tenha mais espaço e praticidade para o dia a dia com o Guarda Roupa TW603E Dalla Costa. Ele possui duas portas de correr, sendo uma com espelho, quatro gavetas, três cabideiros e nove prateleiras para você acomodar suas roupas, calçados e demais itens. Além disso, possui lindo detalhe ripado na parte externa, deixando o ambiente atemporal e dando um toque de sofisticação. É fabricado 100% em MDF e acabamento em pintura UV com 6 camadas de proteção, garantindo maior durabilidade ao produto.<br><strong>ATENÇÃO: Produto contém vidro e/ou espelho, sendo passível de avarias no transporte. Necessário que seja conferido minuciosamente na hora da entrega e em caso de avarias deverá ser recusado o recebimento ou anotado no comprovante de entrega junto ao entregador. Não aceitaremos reclamações posteriores.</strong><br>Uso e conservação:<br>Para limpeza use um pano limpo e levemente umedecido em água. Logo após, seque a superfície com um pano seco e macio. Não use água.<br>Outras informações:<br>Os móveis são entregues desmontados e com manual de montagem, salvo algumas exceções. Não efetuamos montagens, desmontagens e instalações - que deverão ser contratadas pelo cliente.<br>As imagens ambientadas são ilustrativas e podem apresentar itens que não compõe o produto. Objetos decorativos que aparecem na foto não acompanham o produto.<br>As cores do produto podem variar de acordo com o monitor, a iluminação do ambiente ou sua percepção visual. Também não podemos garantir que a cor comprada será igual a algum produto que você já possua, mesmo que as cores tenham nomes iguais.<br>Confira as dimensões do produto e embalagem antes da compra e certifique-se de que passará por portas, escadas, elevadores ou corredores. <br>A nossa entrega se limita ao andar térreo e não inclui a subida de lances de escada, elevadores ou içamento de produtos, devendo esse serviço ser contratado à parte por conta do cliente.","{""marca"":""Dalla Costa"",""quantidade_de_portas"":""2 Portas"",""tamanho"":""Casal""}",,Dalla Costa,,2 Portas,Casal,,,,,,,,,,,,Não informado,Dalla Costa,4,2,Casal,Guarda-Roupa,MDF,Não informado,com espelho,MDF,9,267m,de correr,de correr,3 cabideiros,Não informado,Off White,Dalla Costa,4 Gavetas,2 Portas,Casal,,MDF,,Correr
Guarda Roupa 7 Portas com Espelho Jeju Freijó Off White,"<p>Esse Guarda Roupa é perfeito para você que procura sofisticação e versatilidade para o seu ambiente.</p> <p>Feito em MDP, com quatro gavetas com corrediças telescópicas, possui um nicho e seis prateleiras amplas e espaçosas podem ser utilizadas para guardar edredons, cobertores, caixas e sapatos</p> <p>Acompanha espelho para fixação das portas.</p> <p>Medidas Do Guarda Roupa:</p> <p>Altura: 212 cm</p> <p>Largura: 177 cm</p> <p>Comprimento: 47 cm</p> <p>Informações do Guarda Roupa:</p> <p>Cor: Freijó/ Off White</p> <p>Gavetas: Sim (4) com corrediças telescópicas</p> <p>Prateleiras: Sim (6)</p> <p>Nichos:Sim (1)</p> <p>Cabideiros: Sim (2) em aluminio </p> <p>Portas: Sim (7)</p> <p>Puxadores: Sim (10) MDF</p> <p>Pés: Sim (6) PVC</p> <p>Material: MDP</p> <p>Acompanha espelho para fixação das portas.</p> <p>Itens Inclusos:</p> <p>01 Guarda Roupa </p> <p>01 Espelho</p> <p>Kit completo para montagem, Manual detalhado de instruções para montagem</p> <p>Garantia</p> <p>3 meses contra defeito de fabricação</p> <p>Informações Adicionais:</p> <p>Fotos meramente ilustrativas do produto no ambiente.</p> <p>Os objetos que ambientam as fotos não acompanham o produto;</p> <p>Verificar descrição e tamanho do produto antes da compra.</p> <p>Avaliar a mercadoria no ato do recebimento e recusar em caso de divergência ou avarias.</p> <p>Mantenha as informações de contato e endereço de entrega atualizados para entrarmos em contato caso necessário.</p> <p>Limpar com flanela ou pano macio seco, não utilizar produtos abrasivos, desengordurantes, álcool ou solvente. Não expor o produto diretamente à luz solar e à umidade.</p> <p>Sugerimos a contratação de um montador profissional para a montagem do produto. Não nos responsabilizamos por avarias causadas no ato da montagem.</p> <p>Não nos responsabilizamos pela montagem e desmontagem do produto no ato da entrega e devolução, assim como os custos gerados nestas situações.</p> <p>A transportadora entregará o produto no andar térreo do endereço de entrega.</p> <p>Não nos responsabilizamos por subir escadas, corredores e elevadores ou transporte por guincho em apartamentos.</p>","{""marca"":""Moval"",""tamanho"":""Casal""}",,Moval,,,Casal,,,,,,,,,,,,Freijó Off White,Jeju,4,7,Não informado,Guarda Roupa,MDP,Não informado,com Espelho,MDP,6,47 cm,Sim,Não informado,com corrediças telescópicas,Não informado,Freijó e Off White,CasaH,4 Gavetas,7 Portas,Casal,,MDP,,Convencional
Guarda Roupa 4 Portas 2 Gavetas Astro D02 Ebano Touch - Mpozenato,"Procurando um <strong>guarda roupa</strong> que faça do seu dormitório um ambiente muito elegante, organizado e funcional e ainda não encontrou? Sua procura acabou graças ao <strong>Guarda Roupa Astro</strong>.<br><br>O <strong>guarda roupa Astro</strong> é ideal para dormitórios de solteiro e juvenil, com espaço limitado. Composto por 2 gavetas com bastante espaço, 4 prateleiras e 2 cabideiros dispostos no mesmo compartimento facilitam a visualização das roupas. Sem dúvidas é um <strong>roupeiro</strong> completo que dá praticidade ao seu dia a dia e possui um design super moderno deixando aquele lugarzinho de descanso lindo e aconchegante como você merece!<br><br>Esse guarda roupa tem um diferencial que se destaca bastante que é a sua estrutura que foi produzida em MDP de alta qualidade para dar resistência e durabilidade ao móvel!<br><br>Garanta já o seu!<br><br><strong>Dimensões do Produto:</strong><br><strong>Largura: </strong>110 cm.<br><strong>Altura: </strong>201 cm.<br><strong>Profundidade: </strong>47 cm.<br><strong>Peso: </strong>62 Kg.<br><br><strong>Características dos Produtos: </strong><br><strong>Material da Estrutura: </strong>MDP.<br><strong>Peso Suportado: </strong>5kg por prateleira, 3kg por gaveta, 10kg base.<br><strong>Acabamento: </strong>Pintura UV.<br><strong>Escala de Brilho: </strong>Fosco.<br><strong>Possui Pés: </strong>Sim.<br><strong>Possui Gaveta: </strong>Sim.<br><strong>Quantidade de Gavetas: </strong>2 Gavetas.<br><strong>Tipo de Corrediça: </strong>Telescópica.<br><strong>Possui Prateleiras: </strong>Sim.<br><strong>Quantidade de Prateleiras: </strong>2 Prateleiras.<br><strong>Possui Portas: </strong>Sim.<br><strong>Quantidade de Portas: </strong>4 Portas.<br><strong>Tipo de Portas: </strong>Convencional.<br><strong>Possui Cabideiros: </strong>Sim.<br><strong>Quantidade de Cabideiros: </strong>2 Cabideiros.<br><strong>Diferenciais: </strong><br>- Design Moderno.<br>- Amplo espaço interno.<br>- Ideal para quarto solteiro.<br><strong>Sistema de montagem: </strong>Parafusos/ Cavilhas/ Pregos.<br><strong>Manual de montagem: </strong>Sim.<br><strong>Complexidade da Montagem: </strong>Alta.<br><strong>Conteúdo da Embalagem: </strong>1 Roupeiro.<br><strong>Volumes: </strong>1 Volume.<br><strong>Garantia do fabricante: </strong>90 dias contra defeito de fabricação.<br><strong>Montagem: </strong>Aconselhamos que seja feita por um profissional.<br><strong>Recomendação de limpeza: </strong>Utilize pano levemente úmido.<br><br><strong>Observações importantes:</strong><br>- Produto para uso residencial em ambiente interno, não devendo ficar exposto diretamente ao sol, calor e umidades excessivas.<br>- Pode haver alguma diferença de tonalidade entre a imagem e o produto real, por conta do tratamento de imagens e a calibração de cores do seu monitor.<br>- As imagens são meramente ilustrativas, não acompanham objetos de decoração e eletrônicos.<br>- Ao receber a mercadoria, o cliente deve verificar as condições da embalagem, caso haja alguma avaria não assine o comprovante de recebimento.<br>- Montagem, desmontagem e outras instalações serão de responsabilidade do cliente. Não nos responsabilizamos, no ato da entrega, por subir escadas/elevadores ou pelo transporte por guincho em apartamentos. Eventuais despesas são de responsabilidade do comprador.<br>- Confira as dimensões do produto e certifique-se de que passará normalmente por supostos elevadores, portas, escadas e/ou corredores de sua residência.","{""cor"":""Ébano Touch"",""marca"":""Mpozenato"",""tamanho"":""Solteiro""}",Ébano Touch,Mpozenato,,,Solteiro,,,,,,,,,,,,Ebano Touch,Mpozenato,2 Gavetas,4 Portas,Não informado,Guarda Roupa,MDP,Moderno,Não informado,MDP,2 Prateleiras,Não informado,4 Portas,Convencional,"2 Gavetas com bastante espaço, 4 prateleiras e 2 cabideiros dispostos no mesmo compartimento",Não informado,Ebano Touch,Mpozenato,2 Gavetas,4 Portas,solteiro,,MDP,Moderno ,Convencional
Guarda Roupa De Casal 6 Portas e 2 Gavetas 1.80m Branco Havana Shop Jm,"<p>Dimensões do produto:Largura 180 cm; Profundidade 47 cm; Altura 207 cm;</p><p>Itens Inclusos:1 Guarda Roupa</p><p>Material da estrutura em MDP</p><p>06 Portas com excelente espaço interno e puxadores vero na cor bronze</p><p>3 Cabideiros em alumínio</p><p>2 Gavetas internas centrais com corrediças metálicas e puxadores embutidos</p><p>Divisórias internas espaçosas</p><p>Sapateiras amplas para melhor organização</p><p>Pés em PVC que facilitam a limpeza do ambiente</p><p>Complexidade da montagem:Média, pode ser montado por mais de uma pessoa e/ou necessite de maior conhecimento para montagem.</p><p>Recomendações de uso, manutenção e limpeza:Limpar com flanela ou pano macio seco, não utilizar produtos abrasivos, desengordurantes, álcool ou solvente. Não expor o produto diretamente a luz solar e à umidade</p><p>Garantia:3 meses<br><br>OBS: Foto meramente ilustrativa, objetos, utensílios e decoração não fazem parte do produto.</p><p>Manual de Montagem e Instalação</p>","{""tamanho"":""Casal""}",,,,,Casal,,,,,,,,,,,,Branco,Havana Shop Jm,2,6,180m,Casal,MDP,Não informado,Não informado,Não informado,Não informado,180 cm,6 Portas,Não informado,"Cabideiros em alumínio, Gavetas internas centrais com corrediças metálicas e puxadores embutidos, Divisórias internas espaçosas, Sapateiras amplas, Pés em PVC",Não informado,Branco,Shop Jm,2 Gavetas,6 Portas,Casal,,MDP,,Convencional
Guarda Roupa Casal 3 Portas de Correr e 6 Gavetas c/ 3 Espelhos Spazio  Branco - Lopas,<br> Guarda Roupa Casal 3 Portas de Correr e 6 Gavetas c/ 3 Espelhos Spazio Branco - Lopas<br><br> Marca: Lopas<br><br>Dimensões(Cm): Comprimento(Profundidade): 271cm x Largura: 62cm x Altura: 241cm<br> <br> QUARTO CASAL - SOLTEIRO - INFANTIL (BENEFICIOS)<br> Vantagens Extras dos Guarda Roupas<br> - Desmontável<br> - Cabideira Metálico<br> - Divisão Ele/Ela<br> - Trilho Metálico<br> - Color Flex<br> - Trilho Superior Metálico<br> Tipo de Estrutura do Móvel<br> - MDF<br> <br> QUARTO CASAL - SOLTEIRO - INFANTIL (CARACTERISTICAS)<br> Tamanho do Guarda-Roupa<br> - Casal<br> Tipo de Pintura<br> - Ultravioleta<br> Tipo de Acabamento da Pintura<br> - Semi Brilho<br> <br> MÓVEIS (QUALIFICAÇÕES)<br> Garantia<br> - 3 meses<br><br>Imagens Meramente Ilustrativas.<br>Não nos responsabilizamos pela montagem/instalação dos produtos.<br>Todas as informações divulgadas são de responsabilidade exclusiva do fabricante/fornecedor.,"{""cor"":""Branco"",""marca"":""Lopas""}",Branco,Lopas,,,,,,,,,,,,,,,Branco,Lopas,6,3,Casal,Guarda Roupa,MDF,Não informado,Não informado,Não informado,Não informado,271cm,de Correr,Não informado,3 Espelhos,Não informado,Branco,Móveis Lopas,6 Gavetas,3 Portas,Casal,,MDF,Contemporâneo,Correr
Guarda-Roupas 3 Portas 2 Gavetas com Espelho Multimóveis CR35145,"O Guarda-Roupas 3 Portas 2 Gavetas com Espelho Multimóveis CR35145 é a escolha perfeita para quem busca qualidade e praticidade. Feito com material MDP de alta resistência, possui acabamento em pintura UV que garante durabilidade e beleza ao móvel. Com três portas, duas gavetas e duas divisórias internas, oferece amplo espaço interno para organizar suas roupas e acessórios. As corrediças metálicas garantem um deslize suave das gavetas, enquanto os puxadores em ABS trazem um toque moderno ao design. Além disso, conta com espaço específico para calçados, cabideiros e espelhos integrados nas portas. Os pés em PVC conferem estabilidade ao roupeiro. <br><br>Conteúdo da Embalagem:<br>1 (um) Guarda-Roupas<br>Manual de Montagem<br>Kit Ferragem<br><br>Dimensões do produto montado:<br>Altura: 180cm | Largura: 75cm | Profundidade: 40cm<br>*Você pode consultar as medidas detalhadas na imagem técnica do produto.<br>*As cores do produto podem sofrer variações de tonalidade de acordo com as configurações do seu dispositivo.<br><br>Imagem meramente ilustrativa. Decoração não acompanha o produto.<br><br>O produto será entregue desmontado e não disponibilizamos o serviço de montagem.","{""cor"":""Rústico, Off White"",""marca"":""Multimóveis"",""quantidade_de_gavetas"":""2 Gavetas"",""quantidade_de_portas"":""3 Portas""}","Rústico, Off White",Multimóveis,2 Gavetas,3 Portas,,,,,,,,,,,,,Não informado,Multimóveis,2 Gavetas,3 Portas,Não informado,Guarda-Roupas,MDP,Não informado,com Espelho,MDP,Não informado,75cm,3 Portas,Não informado,Espelho,Não informado,Mocaccino Rústico e Natura Off White,Multimóveis,2 Gavetas,3 Portas,Solteiro,,MDP,,Convencional
Roupeiro Antares - Lanza,"Roupeiro Antares - Lanza<br> <br> Experimente o Luxo da Organização com o Roupeiro Antares! Seu espaço pessoal ganha vida com elegância e funcionalidade. Descubra a sofisticação em cada detalhe e simplifique seu dia a dia com o design inteligente do Roupeiro Antares. Organize-se com estilo e deixe sua rotina mais prática. Transforme seu ambiente com a beleza e a praticidade que só o Roupeiro Antares pode oferecer. Encomende o seu agora e viva a experiência de um guarda-roupa que vai além do armazenamento, é uma expressão de seu estilo de vida refinado.<br> <br> <br>Dimensões:<br> <br>- Altura: 234cm<br> <br>- Largura: 163cm<br> <br>- Profundidade: 56cm<br> <br> <br>Garantia: 3 meses<br> <br> <br>Outras informações:<br> <br>- Montagem não inclusa.<br> <br>- Na limpeza não utilizar produtos químicos e abrasivos, usar apenas um pano umedecido, para garantir a maior durabilidade do móvel.<br> <br>- Os objetos que ambientam as fotos não acompanham o produto.<br> <br>- Imagens meramente ilustrativas. Cores e tonalidades podem variar.<br> <br>- Antes de comprar o seu produto verifique as medidas, o local onde pretende instalar e se é necessário contratar o serviço de um profissional qualificado.","{""cor"":""Carvalho, Off White"",""marca"":""Lanza""}","Carvalho, Off White",Lanza,,,,,,,,,,,,,,,Não informado,Lanza,Não informado,Não informado,Não informado,Roupeiro,Não informado,Não informado,Não informado,Não informado,Não informado,163cm,Não informado,Não informado,Não informado,Não informado,Carvalho e Off White,Lanza,5 Gavetas,6 Portas,Casal,,MDF,,Convencional
Guarda Roupa Realeza Solteiro 2 Portas de Correr com Espelho e pés Dj Moveis,"Guarda Roupa Realeza Solteiro 2 Portas de Correr com Espelho e pés<br> O Guarda Roupa Realeza é um produto espaçoso pensado para o armanezamento de uma maneira funcional e prática, para isto ele conta com 2<br> portas com trilhos plástico superior e metálico inferior e 3 gavetas internas com corrediças telescópica. Para dar um toque especial, ele possui um<br> puxador embutido e apliques horizontais na cor bronze em sua porta esquerda, além de vistas externas de 12mm, o que dá todo requinte para<br> seu ambiente, ainda conta com 2 nichos e 1 prateleira para organizar seus objetos, fora um espaçoso maleiro superior. <br> <br> Para roupas mais delicadas possui dois cabideiros, ambos em aluminio, tudo isto para manter suas roupas passadas e organizadas. Produzido em MDP e MDF, proveniente de madeira de reflorestamento e em pintura UV, que garante maior resistência e durabilidade. O Guarda Roupa Realeza é o produto certo para o<br> seu quarto.<br> <br> Características do Produto:<br> Marca: Dj Móveis<br> Modelo: New Realeza<br> Tipo de Guarda-roupa: Solteiro<br> Material da estrutura: MDP e MDF<br> Quantidade de portas: 2<br> Quantidade de gavetas: 3<br> Quantidade de nichos: 2<br> Quantidade de prateleiras: 1<br> Sistema das portas: Trilhos metálico e plástico<br> Possui puxador: Sim, 1 em plástico na cor bronze<br> Possui barra ante empeno: Sim, 4 na cor bronze<br> Sistema das gavetas: Corrediças telescópicas<br> Revestimento: Impressão ultravioleta U.V. alto brilho com 6 camadas<br> Possui pés: Sim, 6 pés em polipropileno altura de 50mm<br> Possui Espelho: Sim, 4 na medida 767 x 504 x 3mm<br> <br> Diferencial do Produto: <br> 2 portas deslizantes<br> Portas com antiempeno na cor bronze<br> Molduras laterais e superior<br> Cabideiros em alumínio<br> Maleiro interno<br> 3 gavetas com corrediças telescópicas<br> Puxador em ABS na cor Bronze<br> <br> Dimensões do Produto:<br> Altura: 220 cm<br> Largura: 160 cm<br> Profundidade: 53 cm<br> Peso: 127,76 Kg<br> <br> Garantia de 3 meses pelo Fabricante contra defeitos de Fabricação.<br> <br> Observações:<br> A entrega do seu produto está condicionada a disponibilidade deste serviço a CEPs selecionados, definidos pela loja através da análise do CEP informado no momento da compra. O valor e ou a gratuidade deste serviço serão informados no campo _x0093_Calcular Frete e Prazo_x0094_ com o preenchimento do CEP do local de entrega. <br> Na limpeza não utilizar produtos químicos e abrasivos, usar apenas com pano umedecido ou lavagem a seco (recomenda-se um profissional), para garantir a maior durabilidade do móvel.<br> Os objetos que ambientam as fotos não acompanham o produto.<br> Imagens meramente ilustrativas. Cores e tonalidades podem variar.<br> Ao receber a mercadoria, o cliente deve verificar as condições da embalagem, caso haja alguma avaria não assine comprovante de recebimento.<br> A desmontagem e outras instalações serão de responsabilidade do cliente.<br> Não nos responsabilizamos, no ato da entrega, por subir escadas e elevadores ou pelo transporte por guincho em apartamentos. Eventuais despesas são de responsabilidade do comprador.<br> Confira as dimensões do produto e certifique-se de que passará normalmente por supostos elevadores, portas, escadas e ou corredores de sua residência.","{""tamanho"":""Solteiro""}",,,,,Solteiro,,,,,,,,,,,,Não informado,Dj Móveis,3,2,Solteiro,Guarda-roupa,MDP e MDF,Não informado,Não informado,MDP e MDF,1,160,2 Portas de Correr,Correr,"Espelho, pés",Não informado,Cacau e Off White,Dj Móveis,3 Gavetas,2 Portas,Solteiro,,MDF e MDP,,Correr
Guarda Roupa Solteiro 4 Portas e 4 Gavetas Americano Branco - Henn,<br> Guarda Roupa Solteiro 4 Portas e 4 Gavetas Americano Branco - Henn<br><br> Marca: HENN<br><br>Dimensões(Cm): Comprimento(Profundidade): 159cm x Largura: 47cm x Altura: 221cm<br> <br> CARACTERÍSTICAS DE MÓVEIS<br> Tipo de Estrutura do Móvel<br> - MDP<br> Tipo de Pintura<br> - UV<br> Tipo de Acabamento da Pintura<br> - Alto Brilho<br> Tipo de puxador<br> - ABS/PVC<br> Quantidade de Prateleiras<br> - 5 Prateleiras<br> Quantidade de Gavetas<br> - 4 Gavetas<br> Diferenciais da Gaveta<br> - c/ Corrediças Telescópicas<br> Quantidade de Portas<br> - 4 Portas de Abrir<br> Garantia<br> - 3 meses<br> <br> BENEFÍCIOS DE MÓVEIS<br> Certificação de Qualidade de Móveis<br> - Qualidade Aprovada<br> <br> 04 - CARACTERÍSTICAS E BENEFÍCIOS DOS MÓVEIS DE QUARTO<br> Tamanho do Guarda-Roupa<br> - Solteiro<br><br>Imagens Meramente Ilustrativas.<br>Não nos responsabilizamos pela montagem/instalação dos produtos.<br>Todas as informações divulgadas são de responsabilidade exclusiva do fabricante/fornecedor.,"{""cor"":""Branco"",""marca"":""Henn"",""quantidade_de_gavetas"":""4 Gavetas"",""quantidade_de_portas"":""4 Portas""}",Branco,Henn,4 Gavetas,4 Portas,,,,,,,,,,,,,Branco,Henn,4 Gavetas,4 Portas,Solteiro,Guarda-Roupa,MDP,Americano,Não informado,Não informado,5 Prateleiras,159cm,4 Portas de Abrir,Abrir,Corrediças Telescópicas,Não informado,Branco,Henn,4 Gavetas,4 Portas,Solteiro,,MDP,,Convencional
Guarda Roupa Kappesberg Smart A531 Modulado Branco,"<strong>Guarda Roupa Kappesberg Smart A531 c/ 1 Porta (Componível) - Branco</strong><br> <br> Marca: <strong>Kappesberg</strong><br> Linha/Moelo: <strong>Kappesberg</strong><br><br>Dimensões(Cm): Comprimento(Profundidade): 53,00 x Largura: 40,00 x Altura: 232,00<br> <br> <strong>CARACTERÍSTICAS DE MÓVEIS</strong><br> <strong>Tipo de Estrutura do Móvel</strong><br> - 100% MDF<br> <strong>Tipo de Pintura</strong><br> - UV (Ultravioleta)<br> <strong>Tipo de Acabamento da Pintura</strong><br> - Semi Brilho<br> <strong>Tipo de puxador</strong><br> - Metálico<br> <strong>Quantidade de Prateleiras</strong><br> - 4 Prateleiras<br> <strong>Quantidade de Portas</strong><br> - 1 Porta de Abrir<br> <strong>Garantia</strong><br> - 3 Meses<br> <br> <br> <strong> Não nos responsabilizamos pela montagem/instalação dos produtos.</strong><br> <strong>Todas as informações divulgadas são de responsabilidade exclusiva do fabricante/fornecedor. </strong><br> <strong>Imagens Meramente Ilustrativas.</strong><br> <strong>Verifique com os fabricantes do produto e de seus componentes eventuais limitações à utilização de todos os recursos e funcionalidades.</strong>","{""cor"":""Branco"",""marca"":""Kappesberg"",""quantidade_de_portas"":""1 Porta"",""tipo"":""Modulado""}",Branco,Kappesberg,,1 Porta,,Modulado,,,,,,,,,,,Branco,Kappesberg,Não informado,1 Porta,Não informado,Componível,MDF,Não informado,Não informado,MDF,4 Prateleiras,5300,1 Porta de Abrir,Abrir,Não informado,Não informado,Branco,Kappesberg,, 1 Porta,Solteiro,Modulado,MDF,,Convencional
Guarda Roupa Casal Arbo 3 Portas e 6 Gavetas Flex Branco - Demóbile,"<p><strong>Guarda Roupa Casal Arbo 3 Portas e 6 Gavetas - Demóbile</strong><br>O Guarda-Roupa Arbo é um modelo com excelente espaço interno e boa distribuição para acomodação de roupas e objetos. Conta com um maleiro espaçoso e prateleiras internas para melhor organização. Seis gavetas externas e pés em PVC que facilitam a limpeza do ambiente. Duas portas de correr com trilhos metálicos para um deslizar suave e conta com um espaço para sapateira. Fabricado em MDP de alto padrão, possui acabamento resistente, proporcionado por sua pintura UV.<br><br><strong>ESPECIFICAÇÕES:</strong><br><strong>• </strong>Estrutura em MDP<br><strong>•</strong> Pintura UV<br><strong>• </strong>3 Portas sendo 2 de correr<br><strong>• </strong>Trilhos metálicos<br><strong>• </strong>Dobradiças metálicas<br><strong>• </strong>6 Gavetas externas<br><strong>• </strong>Corrediças metálicas<br><strong>•</strong> Cabideiro metálico<br><strong>•</strong> Interna com prateleiras<br><strong>• </strong>Maleiro espaçoso<br><strong>•</strong> Puxadores ABS na cor bronze<br><strong>•</strong> Espaço para sapateira<br><strong>•</strong> Montagem flex<br><strong>•</strong> Pés quadrados em PVC<br><br><strong>Dimensões:</strong><br>Tamanho do Produto (L x A x P): 189 x 212 x 47 cm<br><br><strong>Garantia:</strong> 3 meses<br><strong>Montagem:</strong> O Produto vai desmontado com manual e todos acessórios. Recomendamos que a montagem seja feita por um profissional<br><strong>Recomendação de Limpeza:</strong> Utilize pano levemente úmido<br><br><strong>Observações:</strong><br>- A <strong>LOJA</strong> se responsabilizará pela entrega dos produtos até aonde as rodovias alcançam, entregas fluviais ou aéreas devem ser cotadas a parte.<br>- As imagens são ilustrativas, não acompanham objetos de decoração.<br>- Pode haver alguma diferença de tonalidade entre a imagem e o produto, por conta do tratamento de imagens e a calibração de cores da sua tela.<br>- A montagem será de responsabilidade do comprador. Entregamos até a porta de entrada da residência ou até a portaria do condomínio. Não nos responsabilizamos, no ato da entrega, por subir escadas/elevadores ou transporte por guincho em apartamentos. Eventuais despesas são de responsabilidade do comprador.<br>- Confira as dimensões do produto no momento da compra e certifique-se de que passará normalmente por supostos elevadores, portas, escadas e/ou corredores de sua residência.<br>Para mais informações, acesse nossa Central de Atendimento.</p>","{""marca"":""Demóbile"",""tamanho"":""Casal""}",,Demóbile,,,Casal,,,,,,,,,,,,Branco,Demóbile,6 Gavetas,3 Portas,Casal,Guarda-Roupa,MDP,Não informado,Não informado,MDP,Não informado,189 cm,2 de correr,Correr,"Maleiro, Sapateira",Não informado,Branco,Demóbile,6 Gavetas,3 Portas,Casal,,MDP,,Correr
Guarda-roupa Ollie 6 Portas 2 Gavetas 9 Prateleiras com Espelho,"Descubra o Guarda-Roupa Ollie, uma peça essencial para o seu espaço de organização e estilo. Este guarda-roupa oferece acesso descomplicado e amplo espaço para suas roupas e acessórios. Fabricado com materiais resistentes, o Guarda-Roupa Ollie combina durabilidade com um design moderno. Seu interior espaçoso, equipado com prateleiras e cabideiros, permite uma organização meticulosa de suas peças favoritas. Reimagine o seu ambiente com o Guarda-Roupa Ollie, onde a praticidade se encontra com a elegância para elevar o seu espaço.","{""cor"":""Off White"",""marca"":""Móveis Lopas"",""quantidade_de_gavetas"":""2 Gavetas"",""tamanho"":""Casal""}",Off White,Móveis Lopas,2 Gavetas,,Casal,,,,,,,,,,,,Não informado,Ollie,2 Gavetas,6 Portas,Não informado,Guarda-roupa,Não informado,Moderno,com Espelho,resistentes,9 Prateleiras,Não informado,6 Portas,Não informado,prateleiras e cabideiros,Não informado,Off White,Móveis Lopas,2 Gavetas,6 Portas,Casal,,MDF e MDP,Moderno ,Convencional
Guarda Roupas Solteiro 100% MDF 2 Portas de Correr Espelho 3 Gavetas com Pés Natale,"O Guarda-Roupa Natale Robel Móveis é 100% MDF, trazendo um diferencial para seu quarto, ele conta com um moderno conceito de moldura superior frisada, sistema de corrediças telescópicas nas três gavetas internas e quatro prateleiras bem distribuídas. Além das suas duas portas de correr com sistema de roldanas anti descarrilamento, no qual uma das porta possui um espelho de 3mm de espessura, possui um tubo cabideiro e um tudo calceiro em alumínio, deixando seu ambiente organizado, confortável e prático.","{""marca"":""Robel"",""quantidade_de_portas"":""2 Portas"",""tamanho"":""Solteiro""}",,Robel,,2 Portas,Solteiro,,,,,,,,,,,,Não informado,Natale,3 Gavetas,2 Portas,Solteiro,Guarda-Roupas,MDF,Moderno,com Pés,MDF,4 prateleiras,Não informado,de Correr,com Espelho,"com sistema de roldanas anti descarrilamento, tubo cabideiro e tudo calceiro em alumínio",Não informado,Laranja,Robel Moveis,3 Gavetas,2 Portas,Solteiro,,MDF,Moderno ,Correr
Guarda Roupa 100% Mdf Panan Cecilia 6 Portas 4 Gavetas com Pés,"<p>Dimensões(Cm): Comprimento(Profundidade): 55 cm x Largura: 2,34 m x Altura: 2,31 m</p><p><br></p><p><br></p><p>Com bastante espaço interno, o Roupeiro Cecilia possui detalhes em baixo relevo nas portas que garantem um brilho especial ao produto. Os puxadores acompanham as cores do produto e deixam o visual mais clean e fácil de combinar com as demais peças do quarto.</p><p><br></p><p>CARACTERÍSTICAS DE MÓVEIS:</p><p><br></p><p>100% MDF;</p><p><br></p><p>Gavetas com corrediças telescópicas;</p><p><br></p><p>Portas com detalhe em baixo relevo;</p><p><br></p><p>Puxadores em MDF revestidos na cor do produto;</p><p><br></p><p>Possui várias prateleiras.</p><p><br></p><p><br></p><p>Garantia: 3 Meses</p><p><br></p><p><br></p><p>ATENÇÃO!</p><p><br></p><p>Não nos responsabilizamos pela montagem/instalação dos produtos. Todas as informações divulgadas são de responsabilidade exclusiva do fabricante/fornecedor. Imagens Meramente Ilustrativas. Verifique com os fabricantes do produto e de seus componentes eventuais limitações à utilização de todos os recursos e funcionalidades.</p>",,,,,,,,,,,,,,,,,,Não informado,Panan,4,6,Não informado,Roupeiro,MDF,Não informado,com Pés,MDF,Não informado,234,6,com detalhe em baixo relevo,"Gavetas com corrediças telescópicas, Portas com detalhe em baixo relevo, Puxadores em MDF revestidos na cor do produto, Possui várias prateleiras",Não informado,Cinamomo,Panan,4 Gavetas,6 Portas,Casal,,MDF,,Convencional
Guarda Roupa Casal 6 Portas 2 Gavetas Londres Maxel Móveis,"O Guarda Roupa Londres conta com desing moderno ideal para decorar com sofisticação, elegância e conforto. Possui uma ótima divisão dos espaços com gavetas, prateleiras, varões em aluminio e puxadores em abs. <br> <br> <br> Características:<br> 6 Portas<br> 2 Gavetas<br> Corrediças metálicas; <br> 2 Cabideiros em aluminio;<br> Calceiro em aluminio,<br> Prateleiras, <br> Puxadores em Abs <br> Acabamento externo texturizado com aplicação de verniz fosco; <br> Acabamento interno no padrão tonalidade linho; <br> <br> <br> Dimensões:<br> Altura: 215 cm<br> Largura: 210 cm<br> Profundidade: 47 cm<br> Peso: 122,30 kg<br> <br> <br> Garantia do fornecedor de 3 meses","{""marca"":""Maxel Móveis"",""quantidade_de_gavetas"":""2 Gavetas"",""quantidade_de_portas"":""6 Portas""}",,Maxel Móveis,2 Gavetas,6 Portas,,,,,,,,,,,,,Não informado,Maxel Móveis,2 Gavetas,6 Portas,Casal,Guarda Roupa,Não informado,Moderno,Não informado,Não informado,Não informado,210 cm,6 Portas,Não informado,"Corrediças metálicas, 2 Cabideiros em aluminio, Calceiro em aluminio, Prateleiras, Puxadores em Abs, Acabamento externo texturizado com aplicação de verniz fosco, Acabamento interno no padrão tonalidade linho",Londres,Branco,Maxel Móveis,2 Gavetas,6 Portas,Casal,,MDP,Moderno ,Convencional
Guarda Roupa C/ Espelho 6 Portas 6 Gavetas Robust Novo Horizonte,"O guarda roupa robust novo horizonte, é ideal para deixar seu quarto mais organizado, fabricado em 100 mdf, kit espelho parafusado, puxadores com acabamento amadeirado, colunado em 25mm, interno ele e ela, gavetas internas com puxadores, espaço para longo, dobradiça de pressão de 35mm, corrediças telescópicas, cabideiros e calceiro em alumínio.<br> <br> Caracteristicas:<br> Marca: Novo Horizonte<br> Modelo: Robust<br> Material Principal: MDF<br> Quantidades de Portas: 06 <br> Quantidade de Gavetas: 06<br> Quantidade de Espelho: 02 <br> <br> Dimensões: <br> Altura: 236,4 cm<br> Largura: 276,2 cm<br> Profundidade: 56,5 cm<br> Peso: 243,5 Kg<br> <br> Garantia do Fornecedor: 03 meses","{""tamanho"":""Casal""}",,,,,Casal,,,,,,,,,,,,Não informado,Novo Horizonte,6,6,Não informado,Não informado,MDF,Não informado,Não informado,MDF,Não informado,2762,6,Não informado,Espelho,Não informado,Cumaru e Fendi,Novo Horizonte,6 Gavetas,6 Portas,Casal,,MDF,,Convencional
Guarda Roupa Infantil Melinda 3 Portas e 2 Gavetas Branco,"Com design inovador e puxadores embutidos, a Linha Melinda é um verdadeiro charme! <br> <br>Informações técnicas:<br> <br>Material: 100% MDF<br>Chapa de 15mm<br>Pintura: Uv semi brilho atóxica<br>Corrediças telescópicas<br>Pés retrô em madeira de eucalipto<br> <br>Dimensões do Guarda-Roupa:<br> <br>Altura: 2,00 m<br>Largura: 1,31 m<br>Profundidade: 0,45 m<br> <br>Características:<br> <br>Cor: Branco<br>Portas: 3<br>Gavetas: 2<br>Cabideiro<br>Prateleiras internas<br> <br>Informações gerais:<br> <br>- Necessita montagem (acompanha manual). Recomendamos que seja feita por um montador profissional.<br>- Para limpeza utilize somente pano limpo e macio, ligeiramente umedecido em água (apenas o bastante para remover a poeira), seguido de um pano seco.<br>- A loja se responsabilizará pela entrega dos produtos até onde as rodovias alcançam, entregas fluviais ou aéreas devem ser cotadas a parte.<br>- A montagem será de responsabilidade do comprador. Não nos responsabilizamos, no ato da entrega, por subir escadas/elevadores ou transporte por guincho em apartamentos. Eventuais despesas são de responsabilidade do comprador.<br>- As imagens são ilustrativas, não acompanham objetos de decoração.<br>- Confira as dimensões do produto e certifique-se de que passará normalmente por supostos elevadores, portas, escadas e/ou corredores de sua residência.<br> <br>Atenção: As cores das imagens podem sofrer alterações devido a luminosidade, configurações do monitor e até mesmo a percepção do usuário.<br> <br>Garantia do fornecedor: 3 meses","{""cor"":""Branco"",""marca"":""Phoenix Baby"",""quantidade_de_portas"":""3 Portas""}",Branco,Phoenix Baby,,3 Portas,,,,,,,,,,,,,Branco,Não informado,2,3,Não informado,Infantil,MDF,Não informado,Não informado,MDF,Não informado,Não informado,3,Não informado,"Cabideiro, Prateleiras internas",Não informado,Branco,Phoenix Baby,2 Gavetas,3 Portas,Solteiro,,MDF,,Convencional
Guarda Roupa Casal com Espelho 3 Portas 6 Gavetas Soul Casa D,"Um quarto moderno precisa de um móvel diferenciado, o Roupeiro Soul foi desenvolvido para total conforto e modernidade. Possui três portas de correr sendo a porta central com espelho e perfis com puxadores de alumínio, tornando o móvel moderno.Um dos seus maiores diferenciais é que em suas portas existe um aplique de MDF dando todo um charme no produto.O Roupeiro é confeccionado em MDP com múltiplas repartições para armazenar roupas e objetos, além de possuir molduras laterais em MDP, possui corrediças telescópicas nas gavetas, trilhos de alumínio para melhor deslizamento das portas e ótimo acabamento em pintura U.V. de alta resistência para satisfazer as necessidades do cliente. <br> <br> <br> Características: <br> Estrutura em MDP e MDF<br> Pintura UV<br> 3 Portas de correr sendo uma com espelho<br> 6 Gavetas <br> Corrediças telescópicas <br> Trilhos em Alumínio<br> <br> <br> Dimensões:<br> Altura: 237,5 cm<br> Largura: 250 cm<br> Profundidade: 58 cm<br> Peso: 229,10 kg<br> <br> <br> Garantia do fornecedor de 3 meses","{""cor"":""Branco"",""quantidade_de_gavetas"":""6 Gavetas"",""quantidade_de_portas"":""3 Portas"",""tamanho"":""Casal""}",Branco,,6 Gavetas,3 Portas,Casal,,,,,,,,,,,,Não informado,Soul Casa,6,3,Casal,Guarda-Roupa,MDP,Moderno,Espelho,MDF,Não informado,250,3 Portas de correr sendo uma com espelho,Correr,"Corrediças telescópicas, Trilhos em Alumínio",Não informado,Branco,Casa D,6 Gavetas,3 Portas,Casal,,MDF e MDP,,Correr
Guarda Roupa Casal Arbo 3 Portas 6 Gavetas Branco Rosa Flex Tana Decor,"Guarda Roupa Casal Arbo 3 Portas 6 Gavetas Branco Rosa Flex Tana DecorO guarda-roupa casal Arbo é um móvel espaçoso e funcional, projetado para atender às necessidades de armazenamento e organização do casal. Com seu design prático e versátil, ele oferece amplo espaço para guardar roupas, acessórios e outros itens pessoais. O guarda-roupa é composto por 3 portas, sendo 2 de correr e 1 de abrir. As portas de correr deslizam suavemente, economizando espaço e facilitando o acesso ao interior do guarda-roupa. A porta de abrir permite um acesso mais amplo ao conteúdo do móvel. O guarda-roupa possui 6 gavetas, todas equipadas com corrediças metálicas de alta qualidade. Essas corrediças garantem um deslizamento suave e silencioso das gavetas, facilitando a abertura e o fechamento. As gavetas são ideais para guardar roupas dobradas, acessórios e outros itens menores. Além das gavetas, o guarda-roupa oferece 5 prateleiras internas, proporcionando um espaço adicional para organizar roupas dobradas, sapatos, bolsas ou qualquer outro objeto que você deseje armazenar. Para acomodar roupas penduradas, o guarda-roupa possui um cabideiro espaçoso, onde você pode pendurar vestidos, camisas, casacos e outros itens que precisam ser mantidos sem amassar. Um detalhe especial desse modelo é o Flex, ou seja, ele pode ser montado nas duas cores diferentes mostradas nas imagens, fica a seu critério. Produzido em MDP, o guarda-roupa combina durabilidade e resistência. Os pés de PVC conferem estabilidade ao móvel, além de proteger o piso contra danos. ESPECIFICAÇÕES TÉCNICASMaterial da Estrutura: MDPAltura: 212 cmLargura: 189 cmProfundidade: 47 cmPeso: 105 kgPossui Portas: SimQuantidade de Portas: 3Tipo de Portas: 2 de correr e 1 de abrirPossui Gavetas: SimQuantidade de Gavetas: 6Material das Corrediças: MetálicasPossui Prateleiras: SimQuantidade de Prateleiras: 5Possui Nichos: SimQuantidade de Nichos: 9Acabamento: Pintura UVPossui Vidro: NãoPossui Espelho: NãoVolumes: 3 Montagem: O Produto vai desmontado com manual e todos acessórios. Recomendamos que a montagem seja feita por um profissional.IMPORTANTE (LEIA COM ATENÇÃO): Ao realizar a compra o cliente está ciente das condições abaixo descritas.1 - Não realizamos a montagem dos móveis. Como forma de oferecer valores competitivos aos nossos clientes, não acrescentamos o valor da montagem em nossos produtos.2 - A montagem, desmontagens e instalações devem ser contratadas pelo cliente. Não realizamos esse tipo de serviço, o produto vem com instruções de montagem.3 - Para que seu produto tenha uma montagem perfeita, orientamos contratar um montador profissional. Caso você mesmo queira montar o produto siga a instrução de montagem, ficando para o comprador a inteira responsabilidade pela montagem.4 - Antes da compra confira as dimensões, e certifique-se de que o produto passará por elevadores, portas e corredores, já que o transporte não inclui a subida de lances de escada, quaisquer despesas deste tipo ficam a cargo do cliente.5 - O transporte é feito apenas em via terrestre, não nos responsabilizamos pela contratação de balsas ou barcos, o mesmo também fica a cargo do cliente.6 - Os objetos de decoração que ambientam as fotos não acompanham o produto.7 - O transporte tem seu valor. Você deve ir nas perguntas passar o seu CEP e perguntar o valor, caso já não esteja aparecendo o mesmo.8 - Todos os produtos são novos e fabricados pelos nossos fornecedores.9 - As cores do produto no site podem variar de acordo com o monitor, a iluminação do ambiente ou sua percepção visual. Garantia do Produto:Produto com 90 dias de garantia, na parte técnica do produto. Sobre a Limpeza do Produto:Na limpeza do produto usar somente pano meio úmido auxiliado por um outro seco.Não usar nenhum produto a base de solvente na limpeza do produto, pois pode danificá-lo.","{""cor"":""Branco, Rosa"",""marca"":""Demóbile"",""tamanho"":""Casal""}","Branco, Rosa",Demóbile,,,Casal,,,,,,,,,,,,Branco Rosa,Tana Decor,6,3,Casal,Guarda-Roupa,MDP,Não informado,Flex,MDP,5,Não informado,Sim,2 de correr e 1 de abrir,"Corrediças metálicas, Cabideiro",Não informado,Branco e Rosa,Demóbile,6 Gavetas,3 Portas,Casal,,MDP ,,Convencional e Correr
Guarda-Roupa Casal Imperium 2 PT 6 GV Branco 207 cm,"Que tal o Guarda-Roupa Imperium?Uma peça sóbria e clássica que vai compor o seu dormitório de forma primorosa. Com espaço interno bem dividido para que você consiga organizar todos os seus pertences mais importantes, o Guarda-Roupa Imperium tem gavetas para o que precisa ficar dobrado, cabideiros para itens que não podem amassar e, claro, nichos para acomodar as suas roupas de cama, sapatos e outros acessórios. Por fora, ele traz um visual tradicional perfeito para quem busca por um móvel que vai casar com as outras mobílias do cômodo sem roubar o protagonismo. Ah, de quebra as portas são de correr para te ajudar a aproveitar muito mais a área útil do seu cantinho.","{""cor"":""Branco"",""tamanho"":""Casal""}",Branco,,,,Casal,,,,,,,,,,,,Branco,Imperium,6 GV,2 PT,207 cm,Casal,Não informado,Clássico,Não informado,Não informado,Não informado,Não informado,Correr,Não informado,"Gavetas, Cabideiros, Nichos",Não informado,Branco,Belmax,6 Gavetas,2 Portas,Casal,,MDF,,Correr
Guarda Roupa Grande com 6 Portas 3 Gavetas 250x230Cm MDP Champanhe 1056 PRIME,"O Guarda Roupa é um móvel útil e versátil que promete ser o protagonista do seu ambiente. Dispõe de um design atual que facilita na hora de montar a decoração, proporcionando um espaço mais aconchegante e organizado. Possui seis portas, três gavetas, três cabideiros, duas prateleiras e quatro nichos para organização. O guarda roupa é produzido com materiais de excelente qualidade, garantindo a sua durabilidade. O melhor em móveis no design atual aliando conforto, qualidade e ótimos preços, só na Menu Móveis! <br> <br>CARACTERÍSTICAS TÉCNICAS:<br>- Produzido em MDP de 15 e 12 mm<br>- Acabamento UV na cor Carvalho Dakar e Champanhe<br>- Gavetas com Corrediça Metálica<br>- Portas com Dobradiça Metálica<br>- Puxadores Alça em ABS na cor Prata<br> <br>INFORMAÇÕES TÉCNICAS:<br>Altura: 230 Cm<br>Largura: 250 Cm<br>Profundidade: 47 Cm<br>Peso: 149 Kg<br> <br>INFORMAÇÕES ADICIONAIS:<br>*ATENÇÃO: Não trabalhamos e não nos responsabilizamos pela montagem do móvel. Antes da montagem conferir se o produto está de acordo com o que comprou, produto montado e danificado pela montagem não será aceito troca. <br>**As imagens ambientadas são meramente ilustrativas e podem apresentar itens que não compõe o produto. As cores do produto podem variar de acordo com o monitor, a iluminação do ambiente ou sua percepção visual. <br>***Limpeza: Deve ser feita com pano macio e seco ou levemente umedecido com água e sabão neutro. Não devem ser utilizados abrasivos como palha de aço e objetos cortantes.<br>Garantia para defeitos de fabricação conforme Código de Defesa do Consumidor.","{""quantidade_de_gavetas"":""3 Gavetas"",""quantidade_de_portas"":""6 Portas""}",,,3 Gavetas,6 Portas,,,,,,,,,,,,,Champanhe,PRIME,3,6,Grande,Guarda Roupa,MDP,Não informado,Não informado,MDP,2,250,6 Portas,Não informado,"3 cabideiros, 4 nichos",Não informado,Champanhe,Móvel Prime,3 Gavetas,6 Portas,Casal,,MDP,,Convencional
Guarda-Roupas 6 Portas 2 Gavetas Turim Araplac,"O guarda roupa Araplac é ideal para seu quarto, produzido em MDP, acabamento em pintura UV o que garante maior qualidade, durabilidade e resistência ao produto.<br><br><br>Características:<br>Número de Cabideiros: 1 Cabideiro<br>Puxadores: Em Plástico<br>Matéria Prima: Em Mdp<br>Dobradiças: Metálicas<br>Tipo: Porta Basculante<br>Pintura: Pintura Uv<br>Portas: Com 6 Portas<br>Gavetas: 2 Gavetas<br>Tipo de Cabideiro: De Madeira Revestido Por Pvc<br><br><br>Dimensões:<br>Altura: 182 cm<br>Largura: 135 cm<br>Profundidade: 47 cm<br>Peso: 64,4 Kg<br><br><br>Garantia do Fornecedor de 3 meses.","{""marca"":""Araplac"",""quantidade_de_portas"":""6 Portas""}",,Araplac,,6 Portas,,,,,,,,,,,,,Não informado,Araplac,2 Gavetas,6 Portas,Não informado,Guarda-Roupas,MDP,Não informado,Não informado,MDP,Não informado,135 cm,6 Portas,Basculante,"1 Cabideiro, Puxadores Em Plástico, Dobradiças Metálicas, Tipo Cabideiro De Madeira Revestido Por Pvc",Não informado,Imbuia e Baunilha,Araplac,2 Gavetas,6 Portas,Casal,,MDP,,Convencional
Guarda Roupa Casal Laredo Ambiente Nogueira Touch Flex com Espelho Demóbile - Demartêz,"<p>Guarda Roupa Casal Laredo Ambiente Nogueira Touch Flex com Espelho Demóbile - Demartêz<br> <br> Está pensando em mobiliar seu quarto? Então apresentamos para você este belo guarda roupa da linha Laredo, uma peça elegante que combina design moderno com praticidade. Possuindo quatro portas sendo duas deslizantes e duas com espelho. Conta com um amplo espaço interno para organizar suas roupas e acessórios de maneira eficiente. Produzido pela Demóbile Demartêz é feito com materiais alta qualidade oferecendo mais durabilidade e resistência. Se está buscando um guarda roupa que combine estilo, funcionalidade e qualidade será uma excelente escolha para completar seu quarto. Vindo na cor Nogueira Touch podendo também ser montado na cor Nogueira Preto Prime TX sendo escolhido na hora da montagem. Garanta já o seu!<br> <br> Características Técnicas:<br> - Desenvolvido em MDP<br> - Pintura e acabamento UV<br> Podendo ser montado nas cores:<br> Nogueira Touch <br> Nogueira Preto Prime TX <br> - Possui 2 portas deslizantes <br> - Possui 2 portas de dobradiças com espelho<br> - Possui 4 gavetas<br> - Possui 16 prateleiras <br> - Puxadores metálicos <br> - Cabideiros metálicos<br> - Gavetas com corrediças telescópicas livres de qualquer enrosco<br> - Maior organização, espaço e praticidade<br> - Lindo Design<br> <br> Dimensões:<br> Altura: 230 cm<br> Largura: 267 cm<br> Profundidade: 62 cm<br> <br> Informações importantes:<br> *Não realizamos a montagem ou instalação do produto, porém, acompanha manual de instruções.<br> *Toda mercadoria segue segura contra qualquer sinistro, em caso de anormalidade, recuse.<br> *As caixas ou pacotes possuem identificação com o nome, cidade e quantidade de volumes relativos à compra para conferência do recebedor.</p>","{""marca"":""Demartêz"",""tamanho"":""Casal""}",,Demartêz,,,Casal,,,,,,,,,,,,Nogueira Touch,Demóbile,4,4,Casal,Guarda-Roupa,MDP,Moderno,Com Espelho,MDP,16,267 cm,2 deslizantes e 2 com espelho,"Deslizante, Dobradiça","Puxadores Metálicos, Cabideiros Metálicos, Gavetas com Corrediças Telescópicas",Não informado,Nogueira Touch,Demóbile,4 Gavetas,2 Portas,Casal,,MDP,,Convencional e Correr
Roupeiro valen moveis 3 p new kids mc veloz vermelh,"Guarda Roupa Mc Veloz - Moveis BelaVenha para o mundo das corridas com o Guarda-roupa McVeloz!A Móveis Bela atua a 25 anos em diferentes plataformas de vendas. nesta conceituada plataforma, agimos com intuído de expandir e levar nossos produtos de qualidade para todos os públicos.Pensando assim, compartilhamos do que há de melhor em móveis infantil, proporcionando diversão,bem estar e conforto os pequenos .Proporciona aos pequenos total diversão, até mesmo na hora de dormir.O maior astro das corridas do cinema para o quarto infantil, para quem ama velocidade o Roupeiro dos Carros traz diversão e um lindo design.Descrição do Produto:Nesse roupeiro você poderá organizar em suas amplas repartições as roupas de seu pequeno com muita diversão.Um produto desenvolvido em 100% MDF com pintura ultra violeta atóxica.Tem uma grande novidade!As imagens deste produto são impressas diretamente no MDF, com uma qualidade fantástica em resolução de imagens.Dimensões do Produto:Altura : 193 cmLargura: 127 cmProfundidade: 49 cmCabideiros de alumínio e um amplo espaço interno com belas repartições para a armazenagem das roupas.Os pés do roupeiro são de madeira maciça, trazendo mais durabilidade para o produto.Corrediças telescópicas, trazendo mais durabilidade e qualidade na abertura das gavetas.Puxadores em MDF com alto acabamento, trazendo toda beleza e um design moderno para o produto.Garantia do Produto:Produto com 90 dias de garantia, na parte técnica do produto.Pedimos que no momento do recebimento de seu produto faça a conferência junto com o entregador, caso haja avaria no transporte domesmo nos informe.Sobre a Limpeza do Produto:Na limpeza do produto usar somente pano meio úmido auxiliado por um outro seco.Não usar nenhum produto a base de solvente na limpeza do produto, pois pode danificá-lo.Outras Informações:Pintura UV ( ultra violeta) atóxica.As imagens são impressas diretamente na peça (não é adesivo), com uma excelente qualidade de impressão.Foto ambientada meramente ilustrativa, itens decorativos não acompanham no produto.Nosso produto será entregue desmontado.Fica por conta do comprador a montagem do produto que segue com instrução de montagem.Para que seu produto tenha uma montagem perfeita orientamos contratar um montador profissional.Caso você mesmo queira montar o produto siga a instrução de montagem, ficando para o comprador a inteira responsabilidade de avaria do mesmo pela montagem.As cores dos nossos produtos pode sofrer alguma pequena alteração devido ao seu tipo de monitor.",{},,,,,,,,,,,,,,,,,vermelh,BelaVenha,Não informado,Não informado,Não informado,Guarda-Roupa,MDF,Infantil,Não informado,MDF,Não informado,127 cm,Não informado,Não informado,"Cabideiros de alumínio, Corrediças telescópicas, Puxadores em MDF",Carros,Branco e Vermelho,VALENMOVEIS,3 Gavetas,3 Portas,Solteiro,,MDF,Moderno ,Convencional
Guarda Roupa 100% MDF 3 Portas 8 Gavetas Cumaru,"<p>Guarda Roupa 100% MDF 3 Portas 8 Gavetas Cumaru</p> <p>Cor: Cumaru</p> <p>Marca: Novo Horizonte</p> <p>Matéria Prima: 100% MDF</p> <p>Acabamento: Fosco</p> <p>Tipo de Pintura: UV</p> <p>Sistema de Cores Reversíveis?: Não</p> <p>Quantidade de Portas: 3</p> <p>Forma de Abertura: Correr</p> <p>Possui Espelho?: Não</p> <p>Portas C/ Espelho Peliculado: -</p> <p>Possui Kit Espelho?: Não</p> <p>Quantidade de Espelho: -</p> <p>Dimensões Espelho (Mm) (Axlxp): -</p> <p>Quant. Gavetas: 8</p> <p>Tipo Corrediça: Telescópica</p> <p>Quantidade Prateleiras: 7</p> <p>Quantidade Cabideiros: 2</p> <p>Quantidade De Calceiro: 1</p> <p>Material do Cabideiro / Calceiro: Alumínio</p> <p>Espelho Interno?: Não</p> <p>Acompanha Pés: Não</p> <p>Largura: 208,2</p> <p>Altura: 236,4</p> <p>Profundidade: 55,5</p> <p>Peso Bruto: 198</p> <p>15251365</p>","{""quantidade_de_gavetas"":""8 Gavetas""}",,,8 Gavetas,,,,,,,,,,,,,,Cumarup,Novo Horizonte,8,3,Não informado,Não informado,MDF,Não informado,Não informado,MDF,7,2082,Espelho Peliculado,Correr,Não informado,Não informado,Cumaru,Novo Horizonte,8 Gavetas,3 Portas,Casal,,MDF ,,Correr
Guarda Roupa Solteiro 2 Portas 3 Gavetas 80 cm Prime Luciane Móveis,"Guarda Roupa Solteiro 2 Portas 3 Gavetas 80 cm Prime Luciane Móveis<br> Roupeiro Luciane Prime tudo que seu quarto precisa para otimizar seu espaço e valorizar a decoração do seu ambiente.<br> <br> Características:<br> Matéria Prima: MDP 15mm<br> Corpo/Caixaria: MDP Nogueira Dourado PF.<br> Frontais: MDP BP.<br> Estrutura e prateleira: FF<br> Prateleiras: 2<br> Portas: 1<br> Gavetas: 3<br> Corrediças: Sim, telescópica <br> Dobradiças: Sim (Metálicas curvasØ35mm)<br> Puxadores: Perfil Alumínio<br> Cabideiro: 1<br> Montagem com Minifix, Cantoneiras, Parafusos e cavilhas.<br> <br> Dimensões:<br> Altura: 236 cm <br> Largura: 80,4 cm <br> Profundidade: 56 cm <br> Peso: 84,8 Kg <br> <br> Garantia do fornecedor de 3 meses.<br> <br> Informações complementares:<br> Fique de olho: siga sempre as orientações do fabricante e utilize seu produto de acordo com o manual. A empresa não se responsabiliza pelo mau uso do produto, o que pode causar perda da garantia.#8239;<br> Certifique se que seus dados estejam atualizados, como endereço e um telefone válido.<br> A entrega será realizada no térreo, sendo assim em prédios o deslocamento da mercadoria, subir escadas, elevadores ou transporte por guincho para apartamentos fica sob responsabilidade do comprador.<br> Todas as nossas entregas são realizadas em horário comercial, não sendo possível fazer agendamento, sugerimos acompanhar o rastreio do pedido e ter alguém para receber no endereço indicado.<br> Não nos encarregamos por montagens, desmontagens e outras instalações, serão de responsabilidade do comprador.","{""marca"":""Luciane Móveis"",""tamanho"":""Solteiro""}",,Luciane Móveis,,,Solteiro,,,,,,,,,,,,Não informado,Luciane Móveis,3,2,Solteiro,Guarda Roupa,MDP,Não informado,Não informado,MDP,2,80 cm,2,Não informado,"Corrediças telescópicas, Dobradiças metálicas curvas, Cabideiro",Não informado,Gaia e Nogueira Dourado,Luciane Móveis,3 Gavetas,2 Portas,Solteiro ,,MDP ,,Convencional
Guarda-Roupa Casal com Espelho 6 Portas 4 Gavetas Rhenen 7000 Demolição com Baunilha,"Vai decorar e procura por beleza e sofisticação? Apenas em um produto, você encontra muito mais.<br>O Guarda-Roupa Casal Rhenen possui um design minimalista, composto por 6 portas articuladas, sendo 2 espelhadas que dão charme e profundidade ao ambiente, 4 gaveteiros, cabideiros em alumínio, e 8 prateleiras que facilitam na organização de roupas, objetos e sapatos. fabricado em MDP, com espessura 12 mm, seu material possui resistência e qualidade oferecendo elegância ao ambiente.<br><br>IMPORTANTE: IMAGENS MERAMENTE ILUSTRATIVAS. <br>(Não trabalhamos com móveis planejados. Podendo haver pequenas alterações nas medidas e cores do produto/A cor do produto poderá variar de acordo com a tela de visualização/Os enfeites, eletrônicos e decoração não acompanham). <br>**A Lucas Home não disponibiliza no momento o serviço de montagem, sendo de total responsabilidade do comprador. Recomendamos que a montagem seja feita por um profissional da área.<br>**ATENÇÃO: Verifique se as dimensões dos produtos passam por elevadores, portas, escadas e corredores. Não nos responsabilizamos pelo transporte dos produtos por escadas, guinchos, içamentos ou quaisquer outros meios específicos de transporte.<br><br> <br><br>Especificações TÉCNICAS: <br>- Material: MDP;<br>- Número de Portas: 6 Portas;<br>- Número de Prateleiras: 8 Prateleiras;<br>- Número de gavetas: 4 Gavetas;<br>- Possui Espelho? Sim;<br>- Possui Vidro? Não;<br>- Suporta até (kg): 167,05Kg;<br>- Possuí LED? (Sim/Não): Não;<br>- Produto Precisa de Montagem? (Sim/Não): Sim;<br>- Garantia: 3 Meses;<br>- Instruções de Cuidado: Limpar com pano levemente umedecido;<br>- Medidas (LarguraXProfundidadeXAltura): 230x47x230cm;<br>- Conteúdo da Embalagem: (Guarda-Roupa + Entregue em: 5 volumes).<br>","{""marca"":""Araplac"",""quantidade_de_gavetas"":""4 Gavetas"",""quantidade_de_portas"":""6 Portas"",""tamanho"":""Casal""}",,Araplac,4 Gavetas,6 Portas,Casal,,,,,,,,,,,,Demolição com Baunilha,Rhenen,4 Gavetas,6 Portas,Casal,Guarda-Roupa,MDP,Minimalista,Espelho,MDP,8 Prateleiras,230cm,6 Portas,Articuladas,Cabideiros em alumínio,Não informado,Demolição e Baunilha,ARAPLAC	,4 Gavetas,6 Portas,Casal,,MDP,,Convencional
Guarda Roupa Casal Quarto 6 Portas 3 Gav Espelho Star,"Características<br><br> Marca: Santos Andirá<br> Linha: Quarto <br> Modelo: Star<br> Materiais: MDF<br> Altura: 200 cm<br> Largura: 159,3 cm<br> Profundidade: 46,3 cm<br> Quantidade de portas: 06<br> Quatidade de gavetas: 03<br><br> Descrição<br><br> Guarda Roupa Star, 6 Portas e 3 Gavetas<br><br> Acabamento da Prateleira : Pintura<br><br> Escala de Brilho da Prateleira : Brilhante<br><br> Acabamento da Porta : Pintura, Vernis Fosco com Textura<br><br> Escala de Brilho da Porta : Brilhante<br><br> Acompanha Manual de Instalação : Sim<br><br> Altura : 200 cm<br><br> Largura : 159,3 cm<br><br> Profundidade : 46,3 cm<br><br> Linha : Quarto<br><br> Modelo: Star 6.3<br><br> Materiais: MDF<br><br> Quantidade de portas: 06<br><br> Quatidade de gavetas: 03 <br><br> Garantia do Fornecedor : 03 meses<br><br> Itens Inclusos : Guarda-Roupa<br><br> Necessita Montagem : Sim<br><br> Possui Calceiros : Não <br><br> Possui Espelho : Sim<br><br> Gaveta Com Chave: Não<br><br> Gavetas : Com Corrediças Metalicas<br><br> Pés : Não <br><br> Portas : Portas de Abrir<br><br> Produto Montado : Não<br><br> Recomendações de Uso, Manutenção e Limpeza : Limpar com flanela ou pano macio seco, não utilizar produtos abrasivos, desengordurantes, álcool ou solvente. Não expor o produto diretamente à luz solar e à umidade. <br><br> Sapatas Niveladoras : Não<br><br> Sistema de Montagem : Parafuso<br><br> Tipo de Dobradiça/Corrediça da Porta : Aluminio<br><br> Tipo de Puxador: Porta; Externo em Aluminio<br><br> Tipo de Trilho das Portas : Não Possui <br><br> INFORMAÇÕES IMPORTANTES:<br><br> - Os objetos que ambientam as fotos não acompanham o produto;<br> - O produto será entregue desmontado;<br> - É de inteira responsabilidade do cliente a montagem do produto e/ou instalação, custos de transporte por escadas e/ou elevadores, guincho ou içamento, assim como possíveis avarias provenientes de manuseio inadequado;<br> - Embora o produto acompanhe o manual de montagem, verifique a complexidade antes de decidir montá-lo sozinho, recomendamos que contrate um profissional de sua confiança;<br> - Fique atento, nossas cores podem sofrer alterações dependendo do seu monitor;<br> - ANTES DE MONTAR O SEU PRODUTO, certifique-se que todas as instruções dispostas no manual, bem como todas as ferragens descritas, estejam presentes dentro da embalagem. Verifique se há alguma peça avariada, caso esteja, prestaremos a devida assistência dentro do prazo da garantia.","{""cor"":""Branco"",""marca"":""Santos Andirá"",""quantidade_de_gavetas"":""3 Gavetas"",""quantidade_de_portas"":""6 Portas"",""tamanho"":""Casal""}",Branco,Santos Andirá,3 Gavetas,6 Portas,Casal,,,,,,,,,,,,Não informado,Santos Andirá,3,6,Casal,Guarda-Roupa,MDF,Não informado,Com Espelho,MDF,Não informado,1593,6 Portas,Portas de Abrir,Gavetas Com Corrediças Metalicas,Não informado,Branco,Santos Andirá,3 Gavetas,6 Portas,Casal,,MDF,,Convencional
Guarda Roupa Solteiro com Espelho 5 Portas 2 Gavetas Assis Moval,"O Guarda-roupa de Solteiro Assis da Moval, vem com uma proposta bem assertiva com relação ao aproveitamento interno para roupas, sapatos e acessório. Fabricado em MDP, possui duas gavetas, cabideiro e prateleiras.<br> <br> <br> Características:<br> 5 Portas, sendo 1 com espelhos<br> 2 Gavetas<br> Produto em MDP <br> Puxadores no tom em Bronze<br> Pés em PVC <br> Gavetas com corrediças metálicas<br> <br> <br> Dimensões:<br> Altura: 182 cm<br> Largura: 147,8 cm<br> Profundidade: 44,8 cm<br> Peso: 72,45 kg<br> <br> <br> Garantia do fornecedor de 3 meses.","{""cor"":""Naturale"",""marca"":""Moval"",""quantidade_de_portas"":""5 Portas"",""tamanho"":""Solteiro"",""tipo"":""Solteiro""}",Naturale,Moval,,5 Portas,Solteiro,Solteiro,,,,,,,,,,,Não informado,Moval,2 Gavetas,5 Portas,Solteiro,Guarda-roupa,MDP,Não informado,com Espelho,MDP,Não informado,1478 cm,5 Portas sendo 1 com espelhos,Não informado,Gavetas com corrediças metálicas,Não informado,Branco e Naturale,Moval,2 Gavetas,5 Portas,Solteiro ,,MDP,,Convencional
Guarda Roupa 8 Portas  e 4 Gavetas Master Vip 8.4 Castanha/Off White - Santos Andirá,<br> Guarda Roupa Casal 8 Portas e 4 Gavetas Master Vip 8.4 Castanha/Off White - Santos Andirá<br><br> Marca: Santos Andirá<br><br>Dimensões(Cm): Comprimento(Profundidade): 239cm x Largura: 46cm x Altura: 218cm<br> <br> QUARTO CASAL - SOLTEIRO - INFANTIL (BENEFICIOS)<br> Material de Estrutura<br> - Estrutura 100% MDP<br> Tipo de Pintura<br> - Ultravioleta<br> - Texturizada<br> Tipo de Acabamento da Pintura<br> - Semi Brilho<br> Tipo de Guarda-Roupa<br> - Casal<br> Diferenciais Guarda Roupas<br> - Calceiro<br> - Maleiro<br> - Divisão Ele/Ela<br> <br> QUARTO CASAL - SOLTEIRO - INFANTIL (CARACTERISTICAS)<br> Material dos Cabideiros<br> - Cabideira Metálico<br> Tipo de Corrediça<br> - c/ Corrediças Metálicas<br> Quantidade de Portas<br> - 8 Portas de Abrir<br> Tipo de Dobradiças<br> - Dobradiças Metálicas<br> Quantidade de Gavetas<br> - 4 Gavetas<br> Quantidade de Prateleiras<br> - 8<br> Quantidade de Nichos<br> - Sem Nicho<br> <br> QUARTO CASAL - SOLTEIRO - INFANTIL (QUALIFICAÇÕES)<br> Sistema de Montagem<br> - Desmontável<br> Garantia<br> - 3 meses<br><br>Imagens Meramente Ilustrativas.<br>Não nos responsabilizamos pela montagem/instalação dos produtos.<br>Todas as informações divulgadas são de responsabilidade exclusiva do fabricante/fornecedor.,"{""cor"":""Castanho, Off White"",""marca"":""Santos Andirá"",""quantidade_de_gavetas"":""4 Gavetas"",""quantidade_de_portas"":""8 Portas"",""tamanho"":""Casal""}","Castanho, Off White",Santos Andirá,4 Gavetas,8 Portas,Casal,,,,,,,,,,,,CastanhaOff White,Santos Andirá,4,8,Casal,Guarda-Roupa,MDP,Não informado,"Calceiro, Maleiro, Divisão EleEla",Não informado,8,239cm,8 Portas de Abrir,Abrir,"Cabideira Metálico, Corrediças Metálicas, Dobradiças Metálicas",Não informado,Castanha e Off White,Santos Andirá,4 Gavetas,8 Portas,Casal,,MDP,,Convencional
Guarda Roupa Solteiro com Pés 4 Portas 2 Gavetas Lotus Flex Branco/Rosa - Demóbile,"Guarda Roupa Solteiro com Pés 4 Portas 2 Gavetas Lotus Flex Branco/Rosa - Demóbile<br><br>Está procurando um guarda roupa compacto que encaixe no seu ambiente? Então encontrou! O Guarda Roupa Lotus é uma excelente opção para você que tem um quarto pequeno, mas precisa organizar todas as roupas.<br><br>Com um design funcional e bem repartido, esse guarda roupa solteiro conta com dois cabideiros que deixarão as roupas bem dispostas e sem amassar, inclusive peças maiores, como vestidos. Além disso, as duas gavetas são perfeitas para os demais itens. Ahh, a última gaveta por ser maior, pode até servir de sapateira, por que não?<br><br>Já o diferencial está na opção de montagem flex, ou seja, você tem mais liberdade de escolher o visual do seu produto, todo branco ou com detalhes em rosa. Demais, não é mesmo?!<br><br>Então, aproveite e leve mais praticidade para casa. Adicione já ao seu carrinho!<br><br><br>ESPECIFICAÇÕES<br><br>Dimensões: <br>Altura: 190 cm<br>Largura: 100 cm<br>Profundidade: 47 cm<br>Peso: 51,4 kg<br>Volumes: 1<br><br>Características: <br>Material da Estrutura: MDP<br>Acabamento: Pintura UV<br>Cor: Branco e Rosa<br>Peso Suportado: 18 kg distribuídos conforme manual<br>Portas: Sim, 4<br>Puxadores: Puxador alpha prata<br>Gavetas: Sim, 2<br>Corrediças: Metálicas<br>Prateleiras: Não<br>Pés: Sim<br>Garantia: 90 dias contra defeitos de fabricação<br>Conteúdo da Embalagem: 1 Guarda Roupa, manual de montagem e acessórios<br>Montagem: Recomendamos que seja feita por um profissional<br><br>Diferenciais: <br>- Segunda gaveta mais alta<br>- Cabideiro em madeira de reflorestamento revestida<br><br>INFORMAÇÕES IMPORTANTES: <br><br>- Antes de assinar o comprovante de recebimento, confira a embalagem e volume do produto. Em caso de divergência, entrar em contato no prazo de até 7 (sete) dias.<br>- Atente-se às dimensões do produto, pois não nos responsabilizamos, no ato da entrega, por subir escadas/elevadores ou pelo transporte por guincho em apartamentos/residências. Eventuais despesas são de responsabilidade do comprador.<br>- As imagens são meramente ilustrativas, não acompanham objetos de decoração e eletrônicos.<br>- Para garantir a qualidade do produto dentro da embalagem, as caixas são revestidas por um plástico termoencolhível e todas as peças são separadas por isomanta, tudo para preservar e evitar o atrito entre as peças dentro da embalagem.","{""cor"":""Branco, Rosa"",""marca"":""Demóbile"",""quantidade_de_gavetas"":""2 Gavetas"",""quantidade_de_portas"":""4 Portas"",""tamanho"":""Solteiro""}","Branco, Rosa",Demóbile,2 Gavetas,4 Portas,Solteiro,,,,,,,,,,,,Branco e Rosa,Demóbile,2,4,Solteiro,Guarda Roupa,MDP,Não informado,Não informado,MDP,Não informado,Não informado,Sim,Não informado,Cabideiro em madeira de reflorestamento revestido,Não informado,Branco e Rosa,Demóbile,2 Gavetas,4 Portas,Solteiro ,,MDP,,Convencional
Guarda Roupas Titanium 2Pts 100% MDF DDoro Móveis,"<p>Guarda Roupas Titanium 2Pts 100% MDF D ́Doro Móveis</p><p><br></p><p><br></p><p><br></p><p>Apresentamos com orgulho o</p><p>Guarda-Roupas Titanium 2Pts,</p><p>uma peça de mobiliário que combina estilo, funcionalidade e qualidade. Com suas</p><p>duas portas, o Titanium 2Pts é</p><p>a escolha perfeita para quem busca organizar roupas, acessórios e objetos</p><p>pessoais com elegância e praticidade.</p><p>O Guarda-Roupas</p><p>Titanium 2Pts adapta-se</p><p>a diversos estilos de decoração, tornando-se uma adição versátil e atemporal ao</p><p>seu lar. Se busca um guarda-roupas que una estilo, funcionalidade e</p><p>durabilidade, este é a escolha perfeita. Elevando o visual do seu espaço,</p><p>invista em qualidade e estilo com o Guarda-Roupas Titanium 2Pts. </p><p>Medidas do Produto Montado:</p><p><br></p><p>Altura: 2,30m x Largura: 2,20m x Profundidade: 0,62m.</p><p><br></p><p>Características</p><p><br></p><p>Produzido em mdf. Esse material é durável contra a ação do</p><p>tempo e firme contra a envergadura por peso;</p><p><br></p><p>Corrediças telescópicas nas gavetas que permitem um</p><p>deslize amplo e suave no movimento de puxar;</p><p><br></p><p>Prateleiras espaçosas para organização de camisas, calças,</p><p>acessórios e até o jogo de cama;</p><p><br></p><p>3 Gavetas com puxadores;</p><p><br></p><p>Com Prateleiras;</p><p><br></p><p>Com Cabideiros; </p><p><br></p><p>-Portas Dupla Face;</p><p><br></p> <p><br></p><p>-Espelho com Pelicula de Segurança;</p><p><br></p> <p><br></p><p>Necessário Montagem: Sim.</p><p><br></p><p>-Roldanas com Mola</p><p><br></p><p>Recomendações de uso, manutenção e limpeza: Pano levemente</p><p>umedecido com sabão neutro</p><p><br></p><p>Informações importantes:</p><p><br></p><p>Não responsabilizamos pela montagem e instalação dos</p><p>produtos.</p><p><br></p><p>A montagem deve ser realizada por um profissional,</p><p>conforme as instruções do manual do produto. A responsabilidade da montagem é</p><p>do consumidor. </p><p><br></p><p>Os Objetos que ambientam as imagens não acompanham o</p><p>produto. </p><p><br></p><p>Pode haver alguma diferença de tonalidade entre a foto e o</p><p>produto, devido ao tratamento de imagens e a calibração do seu monitor ou</p><p>dispositivo. </p><p><br></p><p>A entrega é realizada por transportadora, não nos</p><p>responsabilizamos, no ato da entrega por desmontagens, subir escadas/elevadores</p><p>ou transporte por guincho para apartamentos. Eventuais despesas são de</p><p>responsabilidade do consumidor. </p><p>Antes de comprar o seu produto verifique as medidas e o</p><p>local onde pretende instalar.</p>","{""marca"":""D'Doro""}",,D'Doro,,,,,,,,,,,,,,,Não informado,DDoro Móveis,3,2,Não informado,Guarda-Roupas,MDF,Não informado,Não informado,MDF,Não informado,220m,Dupla Face,Não informado,"Com Prateleiras, Com Cabideiros, Corrediças telescópicas nas gavetas, Espelho com Pelicula de Segurança, Roldanas com Mola",Não informado,BRANCO,D'Doro Móveis,3 Gavetas,2 Portas,Casal,,MDF ,,Correr
Guarda Roupa Casal com Espelho 3 Portas de Correr 6 Gavetas - Londres-Cumaru - Móveis Novo Horizonte,"Guarda Roupa Casal com Espelho 3 Portas de Correr 6 Gavetas - Londres-Cumaru - Móveis Novo Horizonte <br> <br> Comprar um guarda-roupa com espelho faz toda a diferença no dia a dia de quem usa o quarto, seja pela comodidade de escolher o look sem ter que se movimentar até outro cômodo ou apenas por que você gosta da ideia de ter um espelho do tamanho da porta ou de todo o móvel, trazendo assim um ar de elegância para seu quarto. Pensando nisso, trazemos pra você o guarda roupa Londres, com 3 portas inteiriças espelhadas com película protetora anti-estilhaços. É um luxo só! Aproveite!<br> <br> Faz parte do anúncio:<br> 1 Guarda Roupa Casal com Espelho 3 Portas de Correr 6 Gavetas - Londres<br> Obs. Objetos de decoração não inclusos<br> <br> Particularidades do guarda-roupa:<br> Características:<br> -Cor interna da mesma cor do produto <br> -100% MDF <br> -Espelho com película de segurança<br> -Colunado em 25mm<br> -Interno ele e ela<br> -Trilho inferior em alumínio e roldanas com amortecedores<br> -Perfil puxador e batente alinhador em alumínio bronze<br> -Roldana superior com rolamento e freio<br> -Espaço para longo<br> -Gavetas internas com puxadores<br> -Corrediças telescópicas<br> -Cabideiros e calceiros em alumínio<br> -6 Gavetas <br> <br> Dimensões:<br> Altura: 2,36 metros<br> Largura: 2,41 metros<br> Profundidade: 55,5 centímetros<br> <br> Informações Importantes:.<br> -Produtos podem apresentar diferenças de tonalidades entre a foto na tela e o produto real, devido a calibração de cor de tela.<br> -Limpar com flanela ou pano macio. Não utilizar álcool. Não utilizar produtos abrasivos ou corrosivos.<br> -Nós prezamos pela qualidade da entrega em primeiro lugar, trabalhamos com transportadoras altamente selecionadas e os melhores materiais de embalagem.<br> -A montagem é de total responsabilidade do comprador. Antes de comprar, verifique o espaço disponível para a montagem.<br> -Certifique-se de que o produto caiba em elevadores e vãos de escadas, não fazemos içamentos. Quaisquer despesas deste tipo ficam a cargo do cliente<br> -Garantia de 3 meses contra defeitos de fabricação.","{""marca"":""Móveis Novo Horizonte"",""tamanho"":""Casal""}",,Móveis Novo Horizonte,,,Casal,,,,,,,,,,,,Não informado,Móveis Novo Horizonte,6 Gavetas,3 Portas,Casal,Guarda-Roupa,MDF,Não informado,com Espelho,Não informado,Não informado,241 metros,3 Portas de Correr,Portas de Correr,"Espelho com película de segurança, Colunado em 25mm, Interno ele e ela, Trilho inferior em alumínio e roldanas com amortecedores, Perfil puxador e batente alinhador em alumínio bronze, Roldana superior com rolamento e freio, Espaço para longo, Gavetas internas com puxadores, Corrediças telescópicas, Cabideiros e calceiros em alumínio",Londres-Cumaru,Cumaru,Novo Horizonte,6 Gavetas,3 Portas,Casal,,MDF,,Correr
Guarda Roupa Henn Briz B22 Gris/Palha,"<strong>Guarda Roupa Henn Briz B22 c/ 6 Portas e 2 Gavetas - Gris c/ Palha</strong><br> <br> Marca: <strong>Henn</strong><br><br>Dimensões(Cm): Comprimento(Profundidade): 46,50 x Largura: 163,00 x Altura: 200,50<br> <br> <strong>CARACTERÍSTICAS DE MÓVEIS</strong><br> <strong>Tipo de Estrutura do Móvel</strong><br> - 100% MDP<br> <strong>Tipo de Pintura</strong><br> - UV (Ultravioleta)<br> <strong>Tipo de Acabamento da Pintura</strong><br> - Semi Brilho<br> <strong>Tipo de puxador</strong><br> - ABS / PVC Cromado<br> <strong>Quantidade de Prateleiras</strong><br> - 4 Prateleiras<br> <strong>Quantidade de Gavetas</strong><br> - 2 Gavetas<br> <strong>Diferenciais da Gaveta</strong><br> - Corrediças Metálicas<br> <strong>Quantidade de Portas</strong><br> - 6 Portas de Abrir<br> <strong>Garantia</strong><br> - 3 Meses<br> <br> <br> <strong> Não nos responsabilizamos pela montagem/instalação dos produtos.</strong><br> <strong>Todas as informações divulgadas são de responsabilidade exclusiva do fabricante/fornecedor. </strong><br> <strong>Imagens Meramente Ilustrativas.</strong><br> <strong>Verifique com os fabricantes do produto e de seus componentes eventuais limitações à utilização de todos os recursos e funcionalidades.</strong>","{""cor"":""Gris, Palha"",""marca"":""Briz"",""quantidade_de_gavetas"":""2 Gavetas"",""quantidade_de_portas"":""6 Portas""}","Gris, Palha",Briz,2 Gavetas,6 Portas,,,,,,,,,,,,,Gris c Palha,Henn,2 Gavetas,6 Portas,ComprimentoProfundidade 4650 x Largura 16300 x Altura 20050,Guarda Roupa,100 MDP,Não informado,Não informado,Não informado,4 Prateleiras,4650,6 Portas de Abrir,Abrir,Corrediças Metálicas,Não informado,Gris e Palha,Henn,2 Gavetas,6 Portas,,,MDP,,Convencional
Guarda-roupa Casal 6 Portas 6 Gavetas B20 Henn,"São 6 portas e 6 gavetas em um Guarda-Roupas Henn com design moderno e acabamento diferenciado. Tenha espaço, praticidade e visual trabalhando juntos para facilitar suas tarefas.<br><br> <br>Características:<br>Roupeiro 06 Portas 06 Gavetas<br>Puxadores: ABS CROMADO<br>Dobradiças: METAL<br>Corrediças: METAL<br>Material da estrutura MDP 15 mm / MDP 12 mm<br>Material das portas MDP 15 mm<br>Material das prateleiras MDP 12 mm<br>Acabamento U.V.<br><br> <br>Dimensões:<br>Altura: 200,5 cm<br>Largura: 163 cm<br>Profundidade: 46.5 cm<br>Peso: 89 kg<br><br><br>Garantia do Fornecedor de 03 Meses","{""cor"":""Gris, Palha"",""marca"":""Henn"",""quantidade_de_gavetas"":""6 Gavetas"",""quantidade_de_portas"":""6 Portas"",""tamanho"":""Casal""}","Gris, Palha",Henn,6 Gavetas,6 Portas,Casal,,,,,,,,,,,,Não informado,Henn,6,6,Casal,Guarda-Roupa,MDP,Moderno,Não informado,MDP,Não informado,163 cm,06 Portas,Não informado,"Puxadores ABS CROMADO, Dobradiças METAL, Corrediças METAL",Não informado,Gris e Palha,Henn,6 Gavetas,6 Portas,Casal,,MDP,,Convencional
Guarda-Roupa Solteiro Araplac 1005 5 Portas e 1 Gaveta,"Se o que você procura para o quarto da sua criança é um guarda roupa infantil que possua muito espaço para organizar todas as roupas e calçados sem perder a elegância e o estilo do seu ambiente, então nós temos o produto ideal para você: o Guarda Roupa Infantil da Linha Exellence modelo 1005 chegou para atender a todas as suas necessidades. Confira abaixo mais informações sobre este lindo produto e compre já o seu!","{""cor"":""Demolição, Baunilha"",""marca"":""Araplac"",""quantidade_de_gavetas"":""1 Gaveta"",""tamanho"":""Solteiro""}","Demolição, Baunilha",Araplac,1 Gaveta,,Solteiro,,,,,,,,,,,,Não informado,Araplac,1,5,Solteiro,Guarda-Roupa,Não informado,Não informado,Não informado,Não informado,Não informado,Não informado,5 Portas,Não informado,Não informado,Infantil,Baunilha e Demolição,Araplac,1 Gaveta,5 Portas,Solteiro,,,,Convencional
Guarda-Roupas Casal com Portas de Correr DLC Off White,"Cor Predominante no Produto: Off White<br>Altura do Produto Montado (cm): 238<br>Largura do Produto Montado (cm): 267<br>Profundidade do Produto Montado (cm): 61,7<br>Peso do Produto (Peso Líquido em Kg): 239,4<br>Material da Estrutura: 100% MDF<br>Revestimento/Acabamento: Pintura UV com 6 Camadas<br>Garantia: 3 meses<br>Necessita Montagem: Sim<br>Grau de Dificuldade da Montagem: Difícil<br>Sistema de Montagem: Minifix e parafusos<br>Você receberá este produto em: 8 Caixas<br>","{""cor"":""Off White"",""tamanho"":""Casal""}",Off White,,,,Casal,,,,,,,,,,,,Off White,DLC,Não informado,Não informado,Casal,Guarda-Roupas,MDF,Não informado,Não informado,MDF,Não informado,267,Correr,Correr,Pintura UV com 6 Camadas,Não informado,Off White,Dalla Costa,2 Gavetas,4 Portas,Casal,, MDF,,Correr
Guarda Roupa Casal 6 Portas 6 Gavetas - Granada Ripado-Cumaru - Móveis Novo Horizonte,"Guarda Roupa Casal 6 Portas 6 Gavetas - Granada Ripado-Cumaru - Móveis Novo Horizonte<br> <br>O Guarda Roupa Granada Ripado vai proporcionar um ambiente aconchegante mantendo um visual sofisticado e funcional. Composto por peças de extrema qualidade e com excelente espaço interno bem distribuídos, oferecendo máxima organização de forma prática. Fabricado em 100% MDF, 6 portas de bater, possui 6 gavetas com corrediças telescópicas, puxadores com acabamento amadeirado e cabideiros em alumínio. Amplo espaço interno. Aproveite!<br> <br>Faz parte do anúncio:<br>1 Guarda Roupa Casal 6 Portas 6 Gavetas - Granada Ripado - Móveis Novo Horizonte<br>Obs. Objetos de decoração não inclusos<br> <br>Particularidades do guarda-roupa:<br>Características:<br>- 100% MDF;<br>- Colunado em 25mm;<br>- Puxadores com acabamento amadeirado;<br>- 6 Gavetas internas com puxadores;<br>- Corrediças telescópicas;<br>- Dobradiça de pressão de 35mm;<br>- Fundo inteiriço;<br>- Cabideiros em alumínio;<br> <br>Dimensões:<br>Altura: 2,36 metros<br>Largura: 2,43 metros<br>Profundidade: 56,5 centímetros<br> <br>Informações Importantes:.<br>-Produtos podem apresentar diferenças de tonalidades entre a foto na tela e o produto real, devido a calibração de cor de tela.<br>-Limpar com flanela ou pano macio. Não utilizar álcool. Não utilizar produtos abrasivos ou corrosivos.<br>-Nós prezamos pela qualidade da entrega em primeiro lugar, trabalhamos com transportadoras altamente selecionadas e os melhores materiais de embalagem.<br>-A montagem é de total responsabilidade do comprador. Antes de comprar, verifique o espaço disponível para a montagem.<br>-Certifique-se de que o produto caiba em elevadores e vãos de escadas, não fazemos içamentos. Quaisquer despesas deste tipo ficam a cargo do cliente<br>-Garantia de 3 meses contra defeitos de fabricação.<br>-Ao receber o produto verificar as condições do mesmo no ato da entrega. Caso haja algum dano relatar no comprovante de entrega a ser assinado e entrar em contato com a loja o mais rápido possível.","{""marca"":""Móveis Novo Horizonte"",""tamanho"":""Casal""}",,Móveis Novo Horizonte,,,Casal,,,,,,,,,,,,Não informado,Móveis Novo Horizonte,6,6,Casal,Guarda Roupa,MDF,Ripado,Não informado,MDF,Não informado,243 metros,6 Portas,Bater,"Corrediças telescópicas, Puxadores com acabamento amadeirado, Cabideiros em alumínio",Não informado,Cumaru,Novo Horizonte,6 Gavetas,6 Portas,Casal,, MDF,,Convencional
Guarda Roupa Modulado Ambiente Titan com Porta Branco - Móveis Leão,"<p>Guarda Roupa Modulado Ambiente Titan com Porta Branco - Móveis Leão<br><span><span><span><span>Chegou a hora de deixar seu ambiente moderno e super organizado! Apresentamos o Guarda Roupa Modulado Titan com Porta desenvolvido pela Móveis Leão com estrutura em MDP, design super inovador e amplo espaço interno. É um móvel super versátil que pode ser usado</span> a qualquer ambiente e espaço de sua casa, pois ele pode ser usado de várias formas, como closet, livreiro e multiuso, não perca mais tempo e aproveite!<br></span></span></span><br><br></p><p>Características Técnicas<br><br> - Material da estrutura em MDP<br>- Acabamento em pintura U.V<br>- 1 Porta<br>- Prateleiras<br>- Cabideiro<br>- Puxador em PVC<br>- Amplo espaço interno<br> - Design moderno<br> <br> Dimensões:<br> Altura: 183 cm<br> Largura: 58,5 cm<br> Profundidade: 45 cm</p><p>Atenção: Não nos responsabilizamos pela montagem ou instalação do produto, porém acompanha manual de instruções.<br> Importante: Imprescindível a conferência no ato da entrega. Em caso de anormalidade, recuse.</p><span><br></span>","{""marca"":""Móveis Leão"",""tamanho"":""Casal""}",,Móveis Leão,,,Casal,,,,,,,,,,,,Branco,Móveis Leão,Não informado,1,Não informado,Modulado,MDP,Moderno,Não informado,MDP,Não informado,Não informado,Não informado,Não informado,"Cabideiro, Puxador em PVC",Não informado,Branco,Móveis Leão,, 1 Porta,,Modulado,MDP,,Convencional
Guarda Roupa Casal Velaris e Cômoda Da Vinci Branco Brilho - Lopas,"<p>Guarda Roupa Casal Velaris e Cômoda Da Vinci Branco Brilho - Lopas</p> <p>Na hora de inovar seu quarto conte com a gente! Apresentamos a você essa linda e moderna opção desenvolvida pela Lopas, Guarda Roupa da linha Velaris conta com ótimas divisões internas e a Cômoda da linha Da Vinci também ira lhe auxiliar na organização das suas roupas e acessórios tornando seu dia a dia mais prático, possui um design elegante que irá proporcionar aquele charme ao seu ambiente, combinando com qualquer decoração, fabricado com materiais de excelentes qualidades para maior durabilidade e resistência do móvel. Confira mais informações abaixo:</p> <p>Cômoda Sapateira Da Vinci Branco Brilho - Lopas</p> <p>Características Técnicas:<br>- Desenvolvido em MDP/MDF<br>- Pintura em U.V e acabamento em micro textura na cor Branco Brilho<br>- Acabamento com alto brilho<br>- Tampo de 25mm para maior resistência<br>- Puxadores em MDF<br>- Possui 06 gavetas com corrediças telescópicas<br>- 01 Gaveta com chave<br>- Fundo e costas das gavetas em HDF<br>- 01 Porta<br>- Prateleira interna<br>- Gavetas ideais para acomodação das roupas em maiores quantidades<br>- Lindo design minimalista<br>- Imagens ilustrativas</p> <p>Dimensões:<br>Altura: 118 cm<br>Largura: 111 cm<br>Profundidade: 47 cm</p> <p>Guarda Roupa Casal Velaris Branco Brilho - Lopas</p> <p>Características Técnicas:<br>- Desenvolvido em MDF com chapas de 12/15mm<br>- Cor Branco Brilho<br>- Acabamento U.V brilho<br>- Encabeçamento das portas em MDF de 25 mm<br>- 2 Portas deslizantes<br>- 1 Porta com detalhe ripado<br>- 4 Gavetas grandes e espaçosas<br>- Gavetas com corrediças telescópicas<br>- Gavetas com distanciadores em MDF<br>- 8 prateleiras internas<br>- Maleiro sem divisória<br>- Cabideiros em alumínio<br>- Calceiro<br>- Espaço para calçados<br>- Espaço para roupas longas<br>- Roldanas reguláveis com molas<br>- Lindo design</p><p>Dimensões:<br>Altura: 230 cm<br>Largura: 220 cm<br>Profundidade: 55 cm</p> <p>Atenção: Não realizamos a montagem ou instalação do produto, porém acompanha manual de instruções.</p><p>Importante: Imprescindível a conferência no ato da entrega. Em caso de anormalidade, recuse.</p>","{""marca"":""Lopas"",""tamanho"":""Casal""}",,Lopas,,,Casal,,,,,,,,,,,,Branco Brilho,Lopas,6,2,Casal,Guarda-Roupa,MDF,Moderno,Não informado,MDF,8,220 cm,"2 Portas deslizantes, 1 Porta com detalhe ripadobr",Deslizante,"Gavetas com corrediças telescópicas, Gavetas com distanciadores em MDF, Maleiro sem divisóriabr, Cabideiros em alumínio, Calceiro, Espaço para calçados, Espaço para roupas longas, Roldanas reguláveis com molas",Não informado,,,,,,,,,
Guarda-roupa Casal 3 Portas de Correr Lisas Samambaia Cabecasa Madeiramadeira,"Um quarto moderno precisará de um móvel diferenciado, o Armário 3 portas de correr Samambaia traz a combinação perfeita ótima disposição interna e modernidade, esse móvel faz parte de uma linha de produtos que está disponível no mercado, sendo assim uma linha completa para formar seu ambiente e para total conforto, modernidade e durabilidade, o armário possui 3 portas de correr, com opções de portas lisas ou ripadas, com ou sem espelho que é uma tendência, tornando o móvel moderno, esse modelo possui 242cm de largura, é confeccionado em MDP de 15mm e MDF para maior resistência, possui várias repartições para armazenar roupas e objetos, molduras nas portas laterais e centrais em MDF 25 mm. Materiais de primeira qualidade que respeitam o meio ambiente.","{""tamanho"":""Casal""}",,,,,Casal,,,,,,,,,,,,Samambaia,Cabecasa Madeiramadeira,Não informado,3,Casal,Guarda-roupa,MDP,Moderno,Não informado,MDF,Não informado,242cm,Correr,Lisas,Não informado,Não informado,Preto,Cabecasa,,3 Portas,Casal,,MDF e MDP,,Correr
Guarda Roupa 8 Portas Diplomata Castanho Wood 911331 Moval,"Procurando Moveis para o quarto onde você consegue conciliar total qualidade com um lindo design e um excelente preço! Apresentamos esse lindo conjunto desenvolvido e fabricado pela Moval. Com um design imponente, esse guarda roupas foi desenvolvido pela Moval, empresa que sempre pensa no melhor para os seus clientes. Produzido com toda a qualidade do MDP, o modelo conta com um sistema de produção sofisticado, onde todo processo é controlado garantindo a alta qualidade da marca. Com um ótimo espaço interno, esse modelo foi projetado pensando em todas as suas necessidades, onde permite que você organize suas roupas e vários outros objetos do seu jeitinho, isso não é incrível!? Não fique de fora e adquira já o seu!_x000D_<br>Características Exclusivas:<br>8 Portas de giro<br>4 Gavetas internas<br>Corrediças metálicas<br>Puxadores em MDF<br>Pés em PVC_x000D_<br>Dimensões:<br>Altura: 212 cm<br>Largura: 236 cm<br>Profundidade: 47 cm<br>Peso: 140,95 kg_x000D_<br>Aviso: Não estaremos realizando a montagem, porém o produto estará acompanhado de um manual de instruções. Recomendamos que a montagem seja feita por profissionais._x000D_","{""marca"":""Moval""}",,Moval,,,,,,,,,,,,,,,Castanho,Moval,4,8,Não informado,Guarda-Roupa,MDP,Diplomata,Não informado,MDP,Não informado,236 cm,8 Portas de giro,Giro,"Corrediças metálicas, Puxadores em MDF, Pés em PVC",Não informado,Castanho,Moval,4 Gavetas,8 Portas,,,MDP,,Convencional
Guarda Roupa 6 Portas 4 Gavetas com Espelho Reno Novo Horizonte,"100% MDF, KIT ESPELHO PARAFUSADO, PUXADORES COM ACABAMENTO AMADEIRADO, COLUNADO EM 25MM, INTERNO ELE E ELA, GAVETAS INTERNAS COM PUXADORES, ESPAÇO PARA LONGO, DOBRADIÇA DE PRESSÃO DE 35MM, CORREDIÇAS TELESCÓPICAS, CABIDEIROS E CALCEIRO EM ALUMÍNIO.","{""quantidade_de_gavetas"":""4 Gavetas"",""tamanho"":""Casal""}",,,4 Gavetas,,Casal,,,,,,,,,,,,Não informado,Novo Horizonte,4 Gavetas,6 Portas,Não informado,Guarda Roupa,MDF,Colunado,Espelho,MDF,Não informado,Não informado,6 Portas,Não informado,"Puxadores com Acabamento Amadeirado, Gavetas Internas com Puxadores, Espaço para Longo, Dobradiça de Pressão de 35mm, Corrediças Telescópicas, Cabideiros e Calceiro em Alumínio",Não informado,Marrom,Novo Horizonte,4 Gavetas,6 Portas,Casal,, MDF,,Convencional
Guarda-Roupa Solteiro Munique 8 Portas 2 Gavetas Branco - Demóbile,"Descrição:<br><br>O(a) Guarda-Roupa Solteiro Munique 8 Portas 2 Gavetas Branco - Demóbile é produzido em MDP na escala de brilho Semi-Brilho, e possui um grau de dificuldade de montagem: Médio.<br>Seu revestimento/acabamento é: Textura Touch e Pintura UV.<br><br><br>Infelizmente a Panorama Móveis não oferece serviço de montagem, deixamos essa informação bem clara em todas as nossas páginas de produto.<br>Onde especificamos que os móveis chegarão desmontados, e que a montagem fica por conta do cliente.<br><br><br><br>Como não oferecemos esse serviço não embutimos o mesmo no preço dos produtos, ou seja, maior economia para você!<br>Todos os nossos móveis também acompanham o manual de montagem, e caso você queira, pode realizar a montagem você mesmo, sempre especificamos os graus de montagem dos produtos.<br><br><br><br>Nos casos de grau baixo e médio, com pouco ou nenhum conhecimento, você mesmo pode efetuar a montagem, e fazer essa economia.<br>Apenas nos graus de montagem alto, recomendamos a contratação de um montador com experiência, visto que são montagens mais complicadas.<br> A montagem é feita com Cavilhas, dobradiças e parafusos.. <br><br><br><br>Este móvel é indicado para que seja utilizado no(a) Quarto, dando um toque especial no cômodo de sua casa.<br> Para que você mantenha seu produto sempre em ótimo estado, recomendamos que use apenas um pano seco ou levemente umedecido, <br>sem o uso de quaisquer produtos abrasivos.<br><br><br><br>A Panorama Móveis garante aos clientes, 90 dias de garantia nos produtos, porém, recomendamos que entre em contato com o fornecedor/marca do produto, pois o mesmo(a), pode garantir um prazo maior de garantia.<br><br><br><br>Lembrando ainda que: quaisquer objetos decorativos que aparecem nas imagens, não acompanham o produto. <br>Panorama Móveis, a sua loja de móveis online, eletrodomésticos e artigos para decoração!<br><br>Características:<br><br>- Material da Estrutura: MDP<br>- Necessita de Montagem: Sim<br>- Como os Móveis Chegarão na Minha Casa: O produto será entregue desmontado, acompanhado de manual de montagem e acessórios. <br>Não disponibilizamos o serviço de montagem.<br>- Grau de Dificuldade da Montagem: Médio<br>- Sistema de Montagem: Cavilhas, dobradiças e parafusos.<br>- Observação: As cores do produto podem sofrer variações de tonalidade de acordo com as configurações do seu dispositivo.<br>Objetos de decoração e ambientação não acompanham o produto.<br>- Recomendação de Manutenção: Efetuar a limpeza somente com pano macio, limpo e seco. <br>Não utilizar produtos abrasivos ou químicos.<br>- Indicação de Uso: Quarto<br>- Garantia (dias): 90<br>- Material do Tampo: MDP<br>- Escala de Brilho: Semi-Brilho<br>- Quantidade de Pés/Sapatas: 6<br>- Material do Cabideiro: Madeira<br>- Espessura do Tampo (mm): 12<br>- Modelo: Solteiro<br>- Quantidade de Cabideiros: 2<br>- Revestimento /Acabamento: Textura Touch e Pintura UV<br>- Quantidade de Portas: 8<br>- Tipo de Porta: Portas de Bater<br>- Quantidade de Gavetas: 2<br>- Peso Suportado nas Gavetas (Kg): 3 Kg<br>- Material das Corrediças: Metálica<br>- Material das Dobradiças: Metálica<br>- Material do Puxador: Plástico<br>- Espessura da Estrutura: 12 mm<br>- Possui Gavetas?: Sim<br>- Tipo da Corrediça: Convencional<br>- Possui Portas?: Sim<br>- Material da Porta: MDP<br>- Espessura da Porta: 12 mm<br>- Possui Prateleiras?: Sim<br>- Quantidade de Prateleiras: 3<br>- Peso Suportado nas Prateleiras:: 5 Kg<br>- Possui Puxadores?: Sim<br>- Linha ou Coleção: Munique<br>- Possui Pés?: Sim<br>- Tipo de Guarda-Roupa: Convencional<br>- Peso Suportado no Cabideiro (Kg): 5<br>","{""cor"":""Branco"",""marca"":""Demóbile"",""quantidade_de_gavetas"":""2 Gavetas"",""quantidade_de_portas"":""8 Portas"",""tamanho"":""Solteiro""}",Branco,Demóbile,2 Gavetas,8 Portas,Solteiro,,,,,,,,,,,,Branco,Demóbile,2,8,Solteiro,Convencional,MDP,Não informado,Não informado,MDP,3,Não informado,8 Portas,Portas de Bater,Não informado,Não informado,Branco,Demóbile,2 Gavetas,8 Portas,Solteiro,,MDP,Moderno ,Convencional
Guarda-Roupa Solteiro Stoka com Espelho 2 PT Nogal e Verde Limão,"Por que o Armário Multiúso Stoka?Olha só que incrível, agora você vai conseguir organizar o ambiente com o auxilio deste lindo Armário Multiúso Stoka. Versátil, ele pode ser usado em qualquer lugar da sua casa para guardar o que você quiser. Desenvolvido com materiais de resistência e qualidade, ele é tudo que faltava para que você conquiste o lar organizado que você sempre sonhou. Massa, né?","{""quantidade_de_portas"":""2 Portas"",""tamanho"":""Solteiro""}",,,,2 Portas,Solteiro,,,,,,,,,,,,Nogal e Verde Limão,Stoka,Não informado,2,Solteiro,Guarda-Roupa,Não informado,Não informado,Com Espelho,Não informado,Não informado,Não informado,Não informado,Não informado,Não informado,Não informado,Nogal e Verde Limão,Maxima,2 Gavetas,,Solteiro,,MDF,,Convencional
Guarda Roupa Casal 6 Portas 6 Gavetas 100%MDF com Espelho Stylus Lopas,"O guarda roupa Stylus da Lopas é fabricado 100% MDF é um produto amplo e completo, dispõe de prateleiras bem distribuídas, cabideiro e calceiro. Com seis gavetas internas auxiliam a organização das roupas menores. Espaço para os sapatos com corrediças telescópicas para facilitar a visualização.<br> <br> <br> Caraterísticas:<br> Estrutura MDF<br> Prateleira <br> 6 Portas <br> Distanciador em MDF<br> Cabideiro em alumínio<br> 6 Gavetas com corrediça telescópicas<br> Sapateira com corrediças telescópicas <br> Espelho <br> <br> <br> Dimensões:<br> Altura: 240 cm<br> Largura: 273,5 cm<br> Profundidade: 65,4 cm<br> Peso: 295 kg<br> <br> <br> Recomendações do fabricante: Pano levemente umedecido <br> <br> <br> Garantia do fornecedor de 3 meses.","{""marca"":""Lopas"",""quantidade_de_gavetas"":""6 Gavetas"",""quantidade_de_portas"":""6 Portas"",""tamanho"":""Casal""}",,Lopas,6 Gavetas,6 Portas,Casal,,,,,,,,,,,,Não informado,Lopas,6,6,Casal,Guarda Roupa,MDF,Não informado,Espelho,MDF,Não informado,2735,6,Não informado,"Cabideiro, calceiro, gavetas com corrediças telescópicas, sapateira com corrediças telescópicas",Não informado,Branco,Móveis Lopas,6 Gavetas,6 Portas,Casal,, MDF,,Convencional
Guarda Roupa Bebê Moveis Peroba Tedy 04 portas 03 gav MDF,"<p>Compacto mas muito funcional , o guarda roupas 04 portas da Moveis Peroba é ideal para você organizar e ter um quarto lindo para o seu Bebê.</p> <p>Portas c/ PETG cristal ; Puxadores em ABS ;Cabideiro metálico; Corrediças metálicas ;100% MDF ; Pés em ABS inclusos;</p> <p>Medidas do produto montado ALT 188cm X LARG 122cm X PROF 42cm;</p> <p>Atenção: Por favor, confira as dimensões do produto e certifique-se de que estão adequadas aos elevadores, portas e corredores do local de entrega, pois não fazemos a montagem, desmontagem do produto e/ou portas e janelas, transporte pela escada ou içamento pelo lado de fora do prédio.Montagem e possíveis trocas de peças responsailidade do comprador;</p> <p>Fabricante Moveis Peroba ;Garantia 3 meses contra defeito de fabricacao</p> ",{},,,,,,,,,,,,,,,,,Não informado,Moveis Peroba,3,4,Não informado,Bebê,MDF,Não informado,Não informado,MDF,Não informado,122cm,04 portas,PETG cristal,"Cabideiro metálico, Corrediças metálicas, Pés em ABS inclusos",Tedy,Branco,Peroba,3 Gavetas,4 Portas,Solteiro,,MDF,,Convencional
Guarda-roupa Martina 02 Portas 03 Gavetas - Branco/Branco/Rosa-Chá,"<p>Guarda Roupa Martina 02 Portas 03 Gavetas - Henn</p> <br> <p>O Guarda Roupa Martina 02 Portas 03 Gavetas é a escolha perfeita para quem busca uma peça funcional e estilosa para o quarto. Com um design moderno e elegante, este guarda-roupa irá adicionar um toque de charme ao seu ambiente.</p> <br> Este Guarda Roupa possui duas portas de bater que deslizam abrem suavemente, proporcionando fácil acesso ao seu conteúdo. Além disso, ele conta com três gavetas espaçosas, ideais para guardar roupas dobradas, acessórios ou qualquer outro item que você deseje organizar. <br> A combinação de cores suaves garante um visual delicado e contemporâneo ao guarda roupa. Essa paleta de cores neutras permite que ele se integre facilmente a diferentes estilos de decoração, seja em quartos infantis, juvenis ou adultos. <br> Fabricado com materiais de alta qualidade, este guarda roupa é durável e resistente, garantindo sua longevidade e praticidade. As portas e gavetas possuem puxadores discretos e funcionais, facilitando o manuseio. <br> <p>Ficha Técnica:</p> <p>&gt; Material Principal: MDP</p> <p>&gt; Acabamento: Pintura UV</p> <p>&gt; Escala de Brilho: Brilhante</p> <p>&gt; Tipo de Corrediça: Metálica</p> <p>&gt; Tipo de Dobradiça: Metálica</p> <p>&gt; Altura Total(cm): 200,00</p> <p>&gt; Largura (cm): 109,50</p> <p>&gt; Profundidade (cm): 46,50</p> <p>&gt; Resistência: Aconselhável até 60,00 Kg</p> <br> <p>&gt; Sistema de Montagem: Parafusos e Cavilhas </p><p>&gt; Garantia: 03 Meses Contra Defeitos de Fabricação </p><p>&gt; Marca: Henn <br> </p><p>Observações de Entrega:</p> <br> <p>Os serviços de entrega são realizados por empresas terceirizadas parceiras, assim os entregadores não são autorizados:</p> <p>&gt; Entrar no domicílio, sem estar acompanhado pelo cliente;</p> <p>&gt; Entrar ou subir desacompanhado em prédio residencial ou comercial, o cliente precisa receber o pedido na portaria;</p> <p>&gt; Entregar por meios alternativos (exemplo: içar produto por janela, subir escadas); </p> <p>&gt; Entregar em edifícios, entrega será realizada apenas na portaria;</p> <p>&gt; Realizar montagens, instalação ou manutenção de produtos;</p> <p>&gt; Abrir a embalagem do produto;</p> <p>&gt; Realizar entrega em endereço diferente do que consta na Nota Fiscal; </p> <p>&gt; Realizar entrega a menor de idade ou sem documento de identificação;</p>","{""cor"":""Branco""}",Branco,,,,,,,,,,,,,,,,BrancoBrancoRosa-Chá,Henn,3,2,Não informado,Guarda Roupa,MDP,Moderno,Não informado,MDP,Não informado,10950,02 Portas,Bater,Não informado,Não informado,Branco e Rosa-Chá,Henn,3 Gavetas,2 Portas,,,MDP,Moderno ,Convencional
Guarda Roupa Solteiro Modena 3 Portas Malbecl Banana Bit,"O Guarda Roupa Modena é uma excelente para que você busca por um produto que proporciona praticidade na hora de acomodar suas roupas e acessórios. Foi desenvolvido com ótimo espaço e repartição interna para te auxiliar na organização do seu quarto. Aproveite e compre já o seu!<br> <br>Beneficíos:<br> <br>- Desenvolvido em mdp de 12mm<br>- Pintura e acabamento em uv texturizado<br>- 3 portas com dobradiças metálicas<br>- 2 gavetas com corrediças telescópiscas<br>- Puxadores em pvc<br>- Produto acompanha 4 pés inclusos<br>- Lindo Design<br> <br>Recomendações:<br> <br>Recomendação de Limpeza: Limpar com pano seco para retirar o pó. Não aplicar produtos abrasivos.<br>A tonalidade da cor do produto pode variar de acordo com a sua tela, a iluminação do ambiente ou sua percepção visual.<br> <br>Características:<br> <br>- Altura: 189 cm<br>- Largura: 76 cm<br>- Profundidade: 42 cm<br>- Peso: 43 Kg.<br> <br>Garantia: 3 meses<br>Imagem Ilustrativa: As imagens são meramente ilustrativas não acompanhando objetos de enfeites e eletros. Ao receber o produto verifique as condições da embalagem. Confira as dimensões do produto e certifique-se de que passarão normalmente por supostos elevadores, portas, escadas ou corredores de sua moradia.<br>Montagem: A Loja não disponibiliza o serviço de montagem, a montagem é de total responsabilidade do comprador. Recomendamos que a montagem seja feita por um profissional da área.<br> <br>","{""marca"":""Incorplac"",""tamanho"":""Solteiro""}",,Incorplac,,,Solteiro,,,,,,,,,,,,Malbecl Banana Bit,Modena,2,3,Solteiro,Guarda Roupa,MDP,Não informado,Não informado,MDP,Não informado,76 cm,3 portas com dobradiças metálicas,Não informado,"2 gavetas com corrediças telescópicas, Puxadores em pvc, 4 pés inclusos",Não informado,Marrom,Incorplac,2 Gavetas,3 Portas,Solteiro,,MDP,,Convencional
Guarda Roupa Solteiro 4 Porta 2 Gavetas Star 4.2 Ébano com Pés - PR Móveis,"<strong>Guarda Roupa Solteiro 4 Portas 2 Gavetas Star 4.2 com Pés - PR Móveis</strong><br>O Guarda-Roupa Star possui design compacto e funcional, é ideal para pequenos ambientes. Ele conta com um bom espaço para organização de seus pertences, são 2 gavetas com corrediças metálicas, 2 cabideiros resistente em alumínio e 3 prateleiras. Seus puxadores em ABS na cor dourado levam um toque de charme ao seu quarto.<br><br><strong>ESPECIFICAÇÕES:</strong><br><strong>• </strong>Estrutura em MDP<br><strong>• </strong>Acabamento UV<br><strong>• </strong>4 portas de giro<br><strong>• </strong>2 Gavetas<br><strong>• </strong>Corrediças metálicas<br><strong>• </strong>2 Cabideiros em alumínio <br><strong>• </strong>Puxadores em ABS<br><strong>• </strong>Pés em PVC<br><strong>• </strong>Amplo espaço interno<br><br><strong>Dimensões:</strong><br>Tamanho do Produto (L x A x P): 120 x 188 x 46,3 cm<br><br><strong>Garantia:</strong> 3 meses<br><strong>Montagem: </strong>O Produto vai desmontado com manual e todos acessórios. Recomendamos que a montagem seja feita por um profissional<br><strong>Recomendação de Limpeza:</strong> Utilize pano levemente úmido<br><br><strong>Observações:</strong><br>- A <strong>LOJA</strong> se responsabilizará pela entrega dos produtos até onde as rodovias alcançam, entregas fluviais ou aéreas devem ser cotadas a parte.<br>- As imagens são ilustrativas, não acompanham objetos de decoração.<br>- A montagem será de responsabilidade do comprador. Não nos responsabilizamos, no ato da entrega, por subir escadas/elevadores ou transporte por guincho em apartamentos. Eventuais despesas são de responsabilidade do comprador.<br>- Confira as dimensões do produto e certifique-se de que passará normalmente por supostos elevadores, portas, escadas e/ou corredores de sua residência.<br>Para mais informações, acesse nossa Central de Atendimento.","{""cor"":""Ébano"",""tamanho"":""Solteiro""}",Ébano,,,,Solteiro,,,,,,,,,,,,Ébano,PR Móveis,2,4,Solteiro,Guarda-Roupa,MDP,Não informado,com Pés,MDP,3,120,4 portas de giro,giro,"2 gavetas com corrediças metálicas, 2 cabideiros resistente em alumínio, 3 prateleiras, Puxadores em ABS na cor dourado",Não informado,Marrom,PR Móveis,2 Gavetas,4 Portas,Solteiro,,MDP,,Convencional
Guarda Roupa Infantil 3 Portas Unique Off White Eco Wood - Matic,"<p><span>Guarda Roupa Infantil 3 Portas Unique Off White Eco Wood - Matic<br> Com todo amor e carinho para os papais, a Matic desenvolveu o guarda roupa dos sonhos que vai ganhar seu coração, com qualidade, segurança, praticidade, modernidade e um preço incrível. Apresentamos o Guarda Roupas Unique 3 Portas, conta com um lindo design para deixar o quartinho do bebê por dentro das tendências atuais, além do amplo espaço para deixar tudo lindo e organizado. Confira e aproveite!</span></p><p><span>Características técnicas:<br> - Desenvolvid0 100% em MDF<br> - 3 Portas<br> - 2 Gavetas<br> - Corrediças telescópicas<br> - Excelente espaço interno<br> - Cabideiro metálico<br> - Puxador em furo<br> - Design das gavetas em estilo cascata (inclinadas)<br> - Pintura atóxica que não faz mal a saúde do bebê<br> - Pés em madeira<br> - Lindo Design</span></p><p><span>Dimensões:<br> Altura: 206 cm<br> Largura: 132 cm<br> Profundidade: 43,7 cm<br> Obs: Não realizamos montagem, porém acompanha manual de instruções.</span></p>","{""marca"":""Matic Móveis""}",,Matic Móveis,,,,,,,,,,,,,,,Off White,Matic,2,3,Não informado,Infantil,MDF,Não informado,Não informado,MDF,Não informado,Não informado,3 Portas,Não informado,"Corrediças telescópicas, Cabideiro metálico, Puxador em furo, Design das gavetas em estilo cascata inclinadas, Pintura atóxica, Pés em madeira",Não informado,Off White,Matic Móveis,2 Gavetas,3 Portas,Solteiro,, MDF,,Convencional
Guarda Roupa Casal Dalila 32415PE Amendola Off White Flex com Pés - Demóbile,"<p>Guarda Roupa Casal Dalila 32415PE Amendola Off White Flex com Pés - Demóbile</p><p>Para você que busca um roupeiro espaçoso, elegante e de excelente qualidade, apresentamos o Guarda Roupa Dalila desenvolvido pela Demóbile, produzido 100% em MDF com estrutura reforçada na porta central com molduras metálicas. Conta também com uma interna bem dividida para deixar as roupas e acessórios do casal sempre organizados. O guarda roupa com lindo design para o quarto do casal ainda mais charmoso e moderno pertinho de você. Confira as características técnicas e garanta já o seu!</p><p>Características Técnicas:<br> - Desenvolvido em MDF<br> - Pintura e acabamento UV<br>- Sistema flex, podendo ser montado na cor Amendola ou na cor Amendola Off White<br> - 3 Portas<br> - 4 Gavetas<br>- Pés inclusos<br>- Prateleiras inclusas<br> - 1 Porta com espelho<br> - Cabideiros metálicos<br> - Gavetas com corrediças telescópicas livres de qualquer enrosco<br> - Maior organização, espaço e praticidade<br> - Lindo Design<br> <br> Dimensões:<br> Altura: 223 cm<br> Largura: 235 cm<br> Profundidade: 56 cm<br> OBS: Não acompanha decorações, roupas, calçados e acessórios. </p><p>Atenção: Não nos responsabilizamos pela montagem ou instalação do produto, porém acompanha manual de instruções.<br> Importante: Imprescindível a conferência no ato da entrega. Em caso de anormalidade, recuse.</p>","{""marca"":""Demóbile"",""tamanho"":""Casal""}",,Demóbile,,,Casal,,,,,,,,,,,,Amendola Off White,Demóbile,4,3,Casal,Guarda Roupa,MDF,Flex,Com Pés,MDF,Não informado,235 cm,3 Portas,Não informado,"1 Porta com espelho, Cabideiros metálicos, Gavetas com corrediças telescópicas",Não informado,Amêndola,Demóbile,4 Gavetas,3 Portas,Casal,, MDF,,Convencional
Guarda-roupa 3 portas espelhadas MDF 6 gavetas - Bergamo-Nature - Bianchi Móveis,"Guarda-roupa 3 portas espelhadas MDF 6 gavetas 2,70m - Bergamo - Bianchi Móveis<br> <br> Este Guarda-roupa com espelhos é pura ofisticação e elegância que o seu ambiente merece! Tudo o que você precisa organizado. São complementos coringas para diversos ambientes da casa, facilitando seu dia a dia. Fabricado em MDF. Estrutura em MDF de 15mm, 6 gavetas com corrediças telescópicas, amplo espaço interno. 8 prateleiras internas, 3 cabideiros em alumínio, espaço para roupas longas, puxadores em alumínio na cor bronze, laterais do roupeiro com encabeçamento de MDF de 25mm. Película de segurança no espelho.<br> Este é o produto que faltava para compor ainda mais seu quarto e deixá-lo muito mais charmoso!<br> <br> Faz parte deste anúncio:<br> 1 Guarda roupa casal 3 portas espelhadas Bergamo - Bianchi Móveis<br> <br> Particularidade do Guarda roupa casal:<br> Características do Guarda-roupa casal:<br> -Fabricado em MDF<br> -Estrutura em MDF de 15mm<br> -6 gavetas com corrediças telescópicas<br> -Amplo espaço interno<br> -8 prateleiras internas<br> -3 cabideiros em alumínio<br> -Espaço para roupas longas<br> -Puxadores em alumínio na cor bronze<br> -Laterais do roupeiro com encabeçamento de MDF de 25mm<br> -Película de segurança no espelho<br> -Acabamento semi brilho<br> <br> Dimensões:<br> Altura: 2,30 Metros<br> Largura: 2,70 Metros<br> Profundidade: 60 Centímetros<br> <br> Informações Importantes:.<br> -O envio desse produto é feito através de transportadora.<br> -Produtos podem apresentar diferenças de tonalidades entre a foto na tela e o produto real, devido a calibração de cor de tela.<br> -Limpar com flanela ou pano macio. Não utilizar álcool. Não utilizar produtos abrasivos ou corrosivos.<br> -Nós prezamos pela qualidade da entrega em primeiro lugar, trabalhamos com transportadoras altamente selecionadas e os melhores materiais de embalagem.<br> -A montagem é de total reponsabilidade do comprador. Antes de comprar, verifique o espaço disponível para a montagem.<br> -Certifique-se de que o produto caiba em elevadores e vãos de escadas, não fazemos içamentos. Quaisquer despesas deste tipo ficam a cargo do cliente<br> -Garantia de 3 meses contra defeitos de fabricação.","{""marca"":""Bianchi Móveis"",""tamanho"":""Casal""}",,Bianchi Móveis,,,Casal,,,,,,,,,,,,Nature,Bianchi Móveis,6,3,Casal,Guarda-roupa,MDF,Moderno,Espelhado,MDF,8,270,3 portas,Espelhadas,"6 gavetas com corrediças telescópicas, amplo espaço interno, 8 prateleiras internas, 3 cabideiros em alumínio, espaço para roupas longas, puxadores em alumínio na cor bronze, laterais do roupeiro com encabeçamento de MDF de 25mm, película de segurança no espelho",Não informado,Nature,Bianchi Móveis,6 Gavetas,3 Portas,Casal,, MDF,,Convencional
Guarda Roupa Lima Marrom 182x82x47cm em MDP Moval,<p>MARCA: Moval</p><p>MODELO: Guarda-Roupa</p><p>GARANTIA: 6 Meses</p><p>COR: Marrom</p><p>MATERIAL: Mdp</p><p>CARACTERÍSTICAS: 3 Portas De Giro - 2 Gavetas - Pés Em Pvc - Puxadores Na Cor Bronze</p><p>ORIGEM: Nacional</p><p>ACABAMENTO: Uv</p><p>ESPESSURA: 15Mm</p><p>USO: Dormitorio</p><p>TAMANHO: Medio</p>,"{""cor"":""Marrom"",""marca"":""Moval""}",Marrom,Moval,,,,,,,,,,,,,,,Marrom,Moval,2,3,Medio,Guarda-Roupa,MDP,Não informado,Não informado,Mdp,Não informado,182cm,3 Portas De Giro,De Giro,Pés Em Pvc - Puxadores Na Cor Bronze,Não informado,Marrom,Moval,2 Gavetas,3 Portas,,,MDP,,Convencional
Roupeiro Qmovi Retro 3 Pts 2 Gav 2909.5,"Material: Mdf 15MM Mdp 12MM<br> Acabamento: Pint. Uv Pint. Pu<br> Gavetas: 2 Gavetas<br> Peso Suportado por Gaveta: 5 Kg Distribuídos E Sem Impacto<br> Quantidade de Prateleiras: 3 Prateleiras<br> Quantidade de Portas: 3 Portas<br> <br> Composição do Item: Gavetas com corrediças telescopicas de 350mm e excelente profundidade, puxadores duplos proporcionando conforto ao cliente.<br> A embalagem do produto é feita com papelão revestido por plástico e com Bups (proteção de cantos) para garantir a qualidade do produto. <br> <br> Diferenciais do produto: <br> Produto produzido em Mdf 15mm<br> Puxadores exclusivos em Mdf revestidos de papel <br> Excelente produto para pequenos ambientes. <br> Pés em madeira torneados modelo Retro.<br> Informações Adicionais:<br> <br> Altura(cm): 204<br> Largura(cm): 126<br> Profundidade(cm): 47<br> Peso: 79<br> <br> <br> Material MDF de 15 mm e MDP 12 mm<br> <br> Garantia: 3 meses","{""marca"":""Qmovi""}",,Qmovi,,,,,,,,,,,,,,,Não informado,Qmovi,2 Gavetas,3 Portas,Não informado,Roupeiro,MDF,Retro,Pés em madeira torneados modelo Retro,MDF de 15 mm e MDP 12 mm,3 Prateleiras,Não informado,3 Portas,Não informado,"Gavetas com corrediças telescopicas de 350mm e excelente profundidade, puxadores duplos proporcionando conforto ao cliente",Não informado,Branco,Qmovi,2 Gavetas,3 Portas,,,MDF e MDP,Retrô,Convencional
Guarda Roupa Infantil 4 Portas com Vidro 3 Gavetas Retro Móveis Peroba,"O Guarda Roupa da linha Retrô da Peroba é produzido 100 por cento em MDF, possui 4 portas, cabideiro metálico, puxadores em MDF revestidos, corrediça telescópica, modelo de portas com PETG cristal. Produto tem fácil montagem, volumes bem embalados para um transporte de segurança na embalagem.<br> <br> <br> Características:<br> Material: MDF<br> Portas: 4<br> Cabideiro: metálico <br> Puxadores: MDF revestidos <br> Corrediças: telescópicas<br> Detalhe na portas: com PETG cristal<br> <br> <br> Dimensões:<br> Altura: 209,6 cm<br> Largura: 154,8 cm<br> Profundidade: 49,8 cm<br> Peso: 105,53 kg<br> <br> <br> Recomendações de manutenção:<br> Para limpeza utilize somente pano limpo e macio, ligeiramente umedecido em água (apenas o bastante para remover a poeira) e em seguida passe um pano seco<br> <br> <br> Garantia do fornecedor de 3 meses.","{""marca"":""Móveis Peroba"",""quantidade_de_gavetas"":""3 Gavetas"",""quantidade_de_portas"":""4 Portas"",""tamanho"":""Solteiro""}",,Móveis Peroba,3 Gavetas,4 Portas,Solteiro,,,,,,,,,,,,Não informado,Peroba,3,4,Não informado,Infantil,MDF,Retro,Não informado,MDF,Não informado,1548,4,com PETG cristal,"Cabideiro metálico, Puxadores MDF revestidos, Corrediças telescópicas",Não informado,Branco,Móveis Peroba,3 Gavetas,4 Portas,Solteiro,, MDF,Retrô,Convencional
Roupeiro Aquarela 04 Portas Branco - Móveis Henn,"<strong>Roupeiro Aquarela 04 Portas - Móveis Henn</strong><br><br><strong>• Frentes em MDF</strong><br><strong>•</strong> Molduras laterais com acabamento soft<br><strong>•</strong> Puxadores em <strong>ABS</strong><br><strong>• Portas usinadas com vidro</strong><br><br><strong>Dimensões:</strong><br>Tamanho do Produto (L X A X P ) 132 x 200 x 44 cm<br><br><strong>Garantia</strong>: 3 meses<br><strong>Volumes</strong>: 2 Volumes.<br><strong>Montagem</strong>: O Produto vai desmontado com manual e todos acessórios. Recomendamos que a montagem seja feita por um profissional.<br><br><strong>Observações:</strong><br>- A <strong>PR MÓVEIS</strong> se responsabilizará pela entrega dos produtos até onde as rodovias alcançam, entregas fluviais ou aéreas devem ser cotadas a parte<br>- As imagens são ilustrativas, não acompanham objetos de decoração<br>- A montagem será de responsabilidade do comprador. Não nos responsabilizamos, no ato da entrega, por subir escadas/elevadores ou transporte por guincho em apartamentos. Eventuais despesas são de responsabilidade do comprador.<br>- Confira as dimensões do produto e certifique-se de que passará normalmente por supostos elevadores, portas, escadas e/ou corredores de sua residência.<br>Para mais informações, acesse nossa Central de Atendimento.","{""cor"":""Branco"",""marca"":""Henn""}",Branco,Henn,,,,,,,,,,,,,,,Branco,Móveis Henn,Não informado,04 Portas,132 x 200 x 44 cm,Roupeiro,MDF,Não informado,Não informado,MDF,Não informado,132,Usinadas com vidro,Não informado,"Frentes em MDF, Molduras laterais com acabamento soft, Puxadores em ABS",Não informado,Branco,Henn,2 Gavetas,4 Portas,,,MDF e MDP,,Convencional
Guarda Roupa Casal 6 Portas 5 Gavetas - Únique-Amêndoa Clean - Lopas,"Guarda Roupa Casal 6 Portas 5 Gavetas - Únique-Amêndoa Clean - Lopas<br> <br>Seu quarto com muito mais estilo. O Guarda Roupa Únique além de deixar seu quarto mais organizado vai dar um up na decoração. Aproveite!<br> <br>Faz parte do anúncio:<br>Guarda Roupa Casal 6 Portas 5 Gavetas - Únique - Lopas<br>Obs. Objetos de decoração não inclusos<br> <br>Particularidades do guarda-roupa:<br>Características:<br>-Interno na cor off<br>-Produto em MDP<br>-Molduras chanfradas espessas (25mm)<br>-Puxadores em MDF<br>-Distanciadores de gavetas em MDF<br>-Gavetas com corrediças telescópicas<br>-Gaveta central com chave<br>-Divisão ideal para casais<br>-Interno Diferenciado<br>-Cabideiros e calceiros em alumínio<br>-Espaço para roupa longa<br> <br>Dimensões<br>Altura: 2,30 metros<br>Largura: 2,71 metros<br>Profundidade: 57 centímetros <br> <br>Informações Importantes:.<br>-O envio desse produto é feito através de transportadora.<br>-Produtos podem apresentar diferenças de tonalidades entre a foto na tela e o produto real, devido a calibração de cor de tela. <br>-Limpar com flanela ou pano macio. Não utilizar álcool. Não utilizar produtos abrasivos ou corrosivos.<br>-Nós prezamos pela qualidade da entrega em primeiro lugar, trabalhamos com transportadoras altamente selecionadas e os melhores materiais de embalagem.<br>-A montagem é de total responsabilidade do comprador. Antes de comprar, verifique o espaço disponível para a montagem.<br>-Certifique-se de que o produto caiba em elevadores e vãos de escadas, não fazemos içamentos. Quaisquer despesas deste tipo ficam a cargo do cliente<br>-Garantia de 3 meses contra defeitos de fabricação.","{""marca"":""Lopas"",""tamanho"":""Casal""}",,Lopas,,,Casal,,,,,,,,,,,,Amêndoa Clean,Lopas,5,6,Casal,Guarda-Roupa,MDP,Não informado,Não informado,MDF,Não informado,Não informado,6 Portas,Não informado,"Gavetas com corrediças telescópicas, Gaveta central com chave, Cabideiros e calceiros em alumínio, Espaço para roupa longa",Não informado,Marrom,Móveis Lopas,5 Gavetas,6 Portas,,,MDF e MDP,,Convencional
Guarda Roupa Casal com Espelho 8 Portas 4 Gavetas Diplomata Moval,"O Guarda Roupa Casal Diplomata da Moval foi desenvolvido para agregar mais facilidade para o seu dia a dia. Fabricado em MDP e com ótimas divisórias internas, possui ainda quatro gavetas e espaço para cabideiro.<br> <br> <br> Características:<br> Estrutura MDP<br> Acabamento pintura UV<br> Dobradiça metálica<br> Corrediças metálicas<br> Prateleiras internas<br> Cabideiro em alumínio<br> Pés de plástico inclusos<br> Puxadores em MDF<br> 8 portas<br> 4 gavetas internas<br> Corrediças metálicas <br> <br> <br> Dimensões:<br> Altura: 212 cm<br> Largura: 236 cm<br> Profundidade: 47 cm<br> Peso: 142,75<br> <br> <br> Garantia do fornecedor de 3 meses.","{""cor"":""Avelã Wood, Castanho Wood"",""marca"":""Moval"",""quantidade_de_portas"":""8 Portas"",""tamanho"":""Casal""}","Avelã Wood, Castanho Wood",Moval,,8 Portas,Casal,,,,,,,,,,,,Não informado,Moval,4,8,Casal,Guarda-Roupa,MDP,Diplomata,com Espelho,MDP,Não informado,236 cm,8 Portas,Não informado,"Cabideiro em alumínio, Corrediças metálicas, Dobradiça metálica, Pés de plástico inclusos, Puxadores em MDF, Prateleiras internas",Não informado,Castanho Wood,Moval,4 Gavetas,8 Portas,Casal,,MDP,,Convencional
Guarda Roupas Casal Com Espelho Multiuso Organizador Panamá 4 Portas 3 Gavetas Marrom Escuro,<p>O Guarda Roupas Panamá Amarula da Doripel Móveis possui um espelho para melhor organizar seu quarto. O seu modelo se adapta com qualquer estilo de ambiente e facilita pela comodidade. O PRODUTO CONTÉM O ESPELHO (MODELO CAPELINHA) INCLUSO SEM CUSTOS ADICIONAIS.</p><p>Especificações</p><p>Comprimento: 156 cm</p><p>Largura: 45 cm</p><p>Altura: 183 cm</p><p>Material: MDP</p><p>4 Portas</p><p>4 Prateleiras</p><p>3 Gavetas</p><p>1 ESPELHO (35x70cm)</p><p>2 Cabideiros</p><p>Recomendação de Limpeza: Limpar com pano seco para retirar o pó. Não aplicar produtos abrasivos.</p><p>Produtos de Enfeite e Eletrônicos Não Estão Inclusos.</p>,"{""cor"":""Marrom"",""marca"":""Doripel Móveis"",""tamanho"":""Casal""}",Marrom,Doripel Móveis,,,Casal,,,,,,,,,,,,Marrom Escuro,Doripel Móveis,3 Gavetas,4 Portas,Casal,Guarda Roupas,MDP,Multiuso,Com Espelho,MDP,4 Prateleiras,156 cm,4 Portas,Não informado,"1 ESPELHO 35x70cm, 2 Cabideiros",Não informado,Marrom,Doripel,3 Gavetas,4 Portas,Casal,,MDP,,Convencional
Guarda Roupa Esmeralda c/ Espelho Quarto 6 Portas Castanho HP - Bela Móveis,"ROUPEIRO PÉROLA 6P - HENN <br> <br><br> <br>Mega lançamento!! A linha Pérola é linda, brilhante e charmosa. A diversidade de detalhes e cores trará encanto ao cômodo. <br><br> <br>Com um acabamento fino e detalhado, esse roupeiro foi desenvolvido com materiais de altíssima qualidade! Possui um visual fascinante, contemporâneo e repleto de versatilidade. Marcando o ambiente e esbanjando personalidade e sofisticação. <br> <br>Não perca tempo e peça já o seu. <br> <br><br> <br>Dimensões do Produto: <br> <br>(Altura x Largura x Profundidade): 230 x 250 x 46,5 cm.<br> <br><br> <br>Características do Produto: <br> <br>Material da Estrutura: MDF. <br> <br>Volumes: 05.<br> <br>Peso: 157 kg. <br> <br><br> <br>Diferenciais: <br> <br>- MDF.<br> <br>- 6 Portas.<br> <br>- Design Contemporâneo.<br> <br><br> <br>Montagem: <br> <br>- Manual de Montagem: Sim. O produto pode estar sendo montado pelo comprador ou por um profissional. <br> <br><br> <br>Observações Importantes: <br> <br>- As imagens ambientadas são meramente ilustrativas e podem apresentar itens que não compõe o produto. <br> <br>- Limpar com flanela limpa e seca. Não molhar o móvel e não expor em lugar úmido ou próximo de fontes de calor. <br> <br>- Objetos decorativos que aparecem na foto não acompanham o produto. <br> <br>- As cores do produto podem mudar de acordo com o monitor, a iluminação do ambiente ou sua percepção visual. <br> <br>- Os móveis são entregues desmontados e com manual de montagem. <br> <br>- Montagem, desmontagens, e instalações deve ser contratado um montador profissional pelo cliente. <br> <br>- Confira as dimensões antes da compra, e certifique-se de que o produto passará por elevadores, portas e corredores, já que nossa expedição não inclui a subida de lances de escada ou o lançamento de produtos. <br> <br>- Produto para uso residencial em ambiente interno, não devendo ficar exposto diretamente ao sol, calor e umidades excessivas. <br>","{""cor"":""Castanho HP""}",Castanho HP,,,,,,,,,,,,,,,,Castanho,Bela Móveis,Não informado,6,Não informado,Guarda-Roupa,MDF,Contemporâneo,Espelho,MDF,Não informado,250,6 Portas,Não informado,Não informado,Não informado,Marrom,Henn,3 Gavetas,6 Portas,,,MDF,,Convencional
Guarda Roupa 8 Portas  e 6 Gavetas c/ Espelho Liverpool  Ébano - Santos Andirá,"<br> Guarda Roupa Casal 8 Portas e 6 Gavetas c/ Espelho Liverpool Jatoba/Ebano - Santos Andirá<br><br> Marca: Santos Andirá<br><br>Dimensões(Cm): Comprimento(Profundidade): 46,3cm x Largura: 212cm x Altura: 210cm<br><br> Material de Estrutura<br> - MDF/MDP<br> Tipo de Pintura<br> - Ultravioleta<br> Tipo de Acabamento da Pintura<br> - Pintura Fosca<br> - Alto Brilho<br> Tipo de Guarda-Roupa<br> - Casal<br> Diferenciais Guarda Roupas<br> - Maleiro<br><br> Material dos Cabideiros<br> - Cabideira Metálico<br> Tipo de Corrediça<br> - c/ Corrediças Metálicas<br> Quantidade de Portas<br> - 8 Portas de Abrir<br> Quantidade de Gavetas<br> - 6 Gavetas<br> Quantidade de Prateleiras<br> - 9<br><br> Montagem do Produto<br> - Desmontável<br> Certificação de Qualidade<br> - Qualidade Aprovada<br> Garantia<br> - 3 meses<br><br>Imagens Meramente Ilustrativas.<br>Não nos responsabilizamos pela montagem/instalação dos produtos.<br>Todas as informações divulgadas são de responsabilidade exclusiva do fabricante/fornecedor.","{""cor"":""Ébano"",""marca"":""Santos Andirá"",""quantidade_de_portas"":""8 Portas"",""tamanho"":""Casal""}",Ébano,Santos Andirá,,8 Portas,Casal,,,,,,,,,,,,Ébano,Santos Andirá,6 Gavetas,8 Portas,Casal,Guarda-Roupa,MDFMDP,Não informado,c Espelho,Não informado,9,463cm,8 Portas de Abrir,Não informado,Maleiro,Não informado,Marrom,Santos Andirá,6 Gavetas,8 Portas,Casal,,MDF e MDP,,Convencional
Guarda-Roupa MoveMax Débora 06 Portas,"O Guarda Roupa Débora é ideal para você que busca elegância e sofisticação no seu ambiente.<br>Com um design requintado e moderno, é exatamente o que você precisa para levantar o astral dos eu dormitório, pensado para ser um produto à frente do seu tempo.<br>Possui corrediças metálicas, puxadores em alumínio que fazem toda a diferença para a dar a durabilidade que você precisa. Não fique de fora, confira!<br><br>Características Do Produto:<br>Estrutura: MDP 12 mm e 15mm<br>Pintura: Texturizada<br>Pés: Opcional <br>Puxadores em PVC<br>Dobradiça Metálica<br>Corrediça Metálica<br>Cabideiros em alumínio <br><br>Sugerido que a montagem do produto seja efetuada por um profissional.<br><br>Dimensões:<br>Altura: 218,00 cm<br>Largura: 203,00 cm<br>Profundidade: 47,00 cm<br>Peso: 132,300 Kg<br><br>Garantia do fornecedor: 03 meses","{""marca"":""MoveMax"",""tamanho"":""Casal""}",,MoveMax,,,Casal,,,,,,,,,,,,Não informado,MoveMax,Não informado,6,Não informado,Guarda-Roupa,MDP,Moderno,Não informado,MDP,Não informado,20300,6,Não informado,"Corrediças Metálicas, Puxadores em Alumínio",Não informado,Terraro,MoveMax,3 Gavetas,6 Portas,Casal,,MDP,,Convencional
Guarda Roupa Casal Attore 4 Portas Amêndola - Demartêz,"<p>Guarda Roupa Casal Attore 4 Portas Amêndola - Demartêz</p><p>Procurando Guarda Roupa para seu Quarto de Casal? Está no lugar certo, apresentamos o Guarda Roupa Casal Attore fabricado pela Demartêz, design na cor Amêndola, tudo que você precisa para organizar suas roupas, calçados e pertences, conta com 6 portas, prateleiras internas e amplo espaço com muita praticidade para você, possui design moderno, alta qualidade e um preço que cabe no seu bolso e garante um ambiente harmonizado. Confira as Características Técnicas abaixo:</p><p><br>Características Técnicas:<br>- Desenvolvido em MDP<br>- Pintura e acabamento em U.V na cor Amêndola<br>- Possui 04 Portas<br>- Possui 03 Gavetas <br>- Gavetas com Corrediças Telescópicas livres de qualquer enrosco <br>- Puxadores em Alumínio<br>- Possui 02 cabideiros metálicos<br>- Espaço para calçados<br>- Maior organização, espaço e praticidade<br>- Lindo Design<br><br>Dimensões:<br>Altura: 230 cm<br>Largura: 180 cm<br>Profundidade: 55 cm<br><br></p><p><span>Obs: Não realizamos montagem, porém acompanha manual de instruções.</span></p>","{""cor"":""Amêndola"",""marca"":""Demartêz"",""tamanho"":""Casal""}",Amêndola,Demartêz,,,Casal,,,,,,,,,,,,Amêndola,Demartêz,3,4,Casal,Guarda-Roupa,MDP,Moderno,Não informado,MDP,Não informado,180 cm,4 Portas,Não informado,"Corrediças Telescópicas, Puxadores em Alumínio, 2 cabideiros metálicos, Espaço para calçados",Não informado,Amêndola,Demartêz,3 Gavetas,4 Portas,Casal,,MDP,,Convencional
Guarda-Roupa Casal Ollie 3 Portas 6 Gavetas Amêndoa Clean/Off White/Amêndoa Clean - Móveis Lopas,"Descrição:<br><br>O(a) Guarda-Roupa Casal Ollie 3 Portas 6 Gavetas Amêndoa Clean/Off White/Amêndoa Clean - Móveis Lopas é produzido em MDF e MDP na escala de brilho Fosco, e possui um grau de dificuldade de montagem: Médio.<br>Seu revestimento/acabamento é: Pintura UV.<br><br><br>Infelizmente a Loja não oferece serviço de montagem, deixamos essa informação bem clara em todas as nossas páginas de produto.<br>Onde especificamos que os móveis chegarão desmontados, e que a montagem fica por conta do cliente.<br><br><br><br>Como não oferecemos esse serviço não embutimos o mesmo no preço dos produtos, ou seja, maior economia para você!<br>Todos os nossos móveis também acompanham o manual de montagem, e caso você queira, pode realizar a montagem você mesmo, sempre especificamos os graus de montagem dos produtos.<br><br><br><br>Nos casos de grau baixo e médio, com pouco ou nenhum conhecimento, você mesmo pode efetuar a montagem, e fazer essa economia.<br>Apenas nos graus de montagem alto, recomendamos a contratação de um montador com experiência, visto que são montagens mais complicadas.<br> A montagem é feita com Parafusos, cavilhas e Minifix.. <br><br><br><br>Este móvel é indicado para que seja utilizado no(a) Quarto, dando um toque especial no cômodo de sua casa.<br> Para que você mantenha seu produto sempre em ótimo estado, recomendamos que use apenas um pano seco ou levemente umedecido, <br>sem o uso de quaisquer produtos abrasivos.<br><br><br><br>A Loja garante aos clientes, 90 dias de garantia nos produtos, porém, recomendamos que entre em contato com o fornecedor/marca do produto, pois o mesmo(a), pode garantir um prazo maior de garantia.<br><br><br><br>Lembrando ainda que: quaisquer objetos decorativos que aparecem nas imagens, não acompanham o produto. <br>!<br><br>Características:<br><br>- Acompanha Manual de Montagem: Sim<br>- Possui Pés?: Sim<br>- Como os Móveis Chegarão na Minha Casa: Desmontado em caixas, acompanhado de todas as peças, ferragens e manuais para montagem.<br>- É frágil?: Não<br>- Possui Ripamento?: Sim<br>- Montagem Invertida?: Não Pode ser Montado Invertido<br>- Possui Nicho?: Não<br>- Quantidade de Pés/Sapatas: 8<br>- Pés com regulagem de altura?: Não<br>- Tipo de Ripado: Frisado<br>- Quantidade de Cabideiros: 2<br>- Tipo de Guarda-Roupa/Closet: Convencional<br>- Observação: Objetos decorativos que aparecem nas imagens, não acompanham o produto.<br>- Necessita de Montagem: Sim<br>- Sistema de Montagem: Parafusos, cavilhas e Minifix.<br>- Indicação de Uso: Quarto<br>- Acompanha: Guarda-Roupa, kit ferragens e manual de montagem<br>- Modelo: Casal<br>- Possui Rodízios?: Não<br>- Garantia (dias): 90<br>- Grau de Dificuldade da Montagem: Médio<br>- Recomendação de Manutenção: Utilizar pano levemente umedecido, seguido de pano seco. Não utilizar quaisquer produtos abrasivos.<br>- Peso Suportado nas Gavetas (Kg): 5 Kg<br>- Possui Vidro?: Não<br>- Tipo de Porta: Portas de Correr<br>- Possui Espelho?: Não<br>- Quantidade de Portas: 3<br>- Espessura da Estrutura: 15mm<br>- Possui Gavetas?: Sim<br>- Quantidade de Gavetas: 6<br>- Material da Porta: MDF<br>- Espessura da Porta: 15 mm<br>- Possui Portas?: Sim<br>- Material do Trilho: Metálica<br>- Possui Puxadores?: Não<br>- Material das Corrediças: Metálica<br>- Tipo da Corrediça: Telescópica<br>- Peso Suportado nas Prateleiras:: 10 Kg<br>- Possui Prateleiras?: Sim<br>- Revestimento /Acabamento: Pintura UV<br>- Material dos Pés: Plástico<br>- Material da Estrutura: MDF e MDP<br>- Quantidade de Prateleiras: 6<br>- Escala de Brilho: Fosco<br>","{""marca"":""Móveis Lopas"",""tamanho"":""Casal""}",,Móveis Lopas,,,Casal,,,,,,,,,,,,Amêndoa CleanOff WhiteAmêndoa Clean,Móveis Lopas,6,3,Casal,Closet Convencional,MDF e MDP,Não informado,Não informado,MDF,6,Não informado,Sim,Portas de Correr,Não informado,Não informado,Amêndoa e Off White ,Móveis Lopas,6 Gavetas,3 Portas,Casal,,MDF e MDP,,Correr
"Guarda-Roupa Master 2 Portas, 2 Cabideiros e 2 Prateleiras Luciane","Informações do produtoO Guarda-Roupa Modulado Luciane Móveis possui 2 portas totalizando 79cm de largura. Contém 1 maleiro, 1 Prateleira, 1 calceiro e 1 cabideiro para auxiliar na organização das roupas. Sua excelente profundidade não deixa os cabides ficarem de lado amassando as roupas já passadas.<br>Com acabamento em pintura U.V. de alta definição e toque texturizado de madeira. Escala de brilho do móvel é semi-fosco. Esse produto pode ser utilizado em qualquer cômodo da sua casa.<br> Produto: Guarda-Roupa 2 Portas, 2 Cabideiros e 2 Prateleiras<br>Características:<br>Cor: Avelã Rústico/Ártico Rústico<br>Tipo de Módulo: Guarda-Roupa<br>Acabamento: Pintura Texturizada UV<br>Possui Portas: 2<br>Tipo de Porta: Bater<br>Acabamento da Porta: Pintura Texturizada UV<br>Material da Porta: MDP<br>Tipo de Dobradiça/Corrediça da Porta: Metálica<br>Tipo de Puxador da Porta: Externo<br>Suporta Até ( kg ): 25 kg<br>Possui Prateleiras: 2<br>Peso Máximo por Prateleira: 5 kg<br>Acabamento da Prateleira: Pintura UV<br>Material da Prateleira: MDP<br>Cor Interna: Bege<br>Necessita Montagem: Sim<br>Sistema de Montagem: Cavilhas e Parafusos.<br>Possui Cabideiro: 2<br>Tipo de Cabideiro: Metálico<br>Composição: Fabricação em MDP de 15mm<br>Itens Inclusos: 1 Guarda-Roupa e Manual de Montagem<br>Cor Predominante: Bege<br>Origem do Produto: Nacional<br>Ambiente Principal: Quarto<br>Complexidade da Montagem: Média, pode ser montado por mais de uma pessoa e/ou necessite de maior conhecimento para montagem<br>Escala de Brilho: Semi-Fosco<br>Espessura do Material da Estrutura: 15 mm<br>Informações Complementares: Estrutura e prateleiras em avelã rústico UV, 2 portas 38,4cmx212,5cm<br>Linha ou Coleção: Master<br>O Módulo Pode ser utilizado individualmente: Sim<br>Recomendações de Uso, Manutenção e Limpeza: Para a limpeza basta utilizar pano macio ligeiramente úmido. Não use álcool ou abrasivos que poderão danificar a camada de verniz.<br> Dimensões:<br>Altura: 230 cm<br>Largura: 79 cm<br>Profundidade: 46,5 cm<br>Peso: 56 kg<br> Garantia: 3 meses contra defeitos de fabricação (direto com o fabricante)Obs: Objetos de decoração são meramente ilustrativos (não acompanham o produto);<br> Cores apresentadas nos produtos podem sofrer variações de tonalidade de acordo com a configuração de cada equipamento de visualização.","{""tamanho"":""Casal""}",,,,,Casal,,,,,,,,,,,,Avelã Rústico,Luciane,Não informado,2,Não informado,Guarda-Roupa,MDP,Não informado,Não informado,MDP,2,Não informado,2,Bater,2 Cabideiros,Não informado,Bege,Luciane Móveis,,2 Portas,,,MDP,,Convencional
Guarda Roupa Casal 2 Portas 4 Gavetas Premier Zanzini,"O Guarda Roupa Premier é um produto com design moderno e funcional, perfeito para quem busca organizar e otimizar espaço. Contém duas portas de correr, com excelentes repartições, cinco prateleiras, maleiro, além de quatro gavetas com corrediças telescópicas que possibilitam maior amplitude de abertura. Puxadores em MDF, cabideiro e calceiro metálicos. Também possui oito pés, ideal para facilitar a limpeza embaixo do guarda-roupa.<br> <br> <br> Características:<br> 2 Portas de correr <br> 4 Gavetas<br> Batente vertical em MDP de 25mm<br> Puxadores de MDF<br> Trilho inferior de alumínio e trilho superior de plástico, sistema com rolamentos e freios, <br> Corrediças telescópicas<br> Calceiro e cabideiros metálicos acabamento UV/Verniz<br> Estrutura em MDP 12 mm <br> Fabricado com painéis de madeira reflorestada e certificada<br> <br> <br> Dimensões:<br> Altura: 230 cm<br> Largura: 258,9 cm<br> Profundidade: 51,5 cm<br> <br> <br> Garantia do fornecedor de 3 meses.","{""cor"":""Branco"",""quantidade_de_gavetas"":""4 Gavetas"",""quantidade_de_portas"":""2 Portas"",""tamanho"":""Casal""}",Branco,,4 Gavetas,2 Portas,Casal,,,,,,,,,,,,Não informado,Zanzini,4 Gavetas,2 Portas,Casal,Guarda Roupa,MDP,Moderno,Não informado,MDP,5 prateleiras,2589 cm,2 Portas de correr,Correr,"Corrediças telescópicas, Calceiro e cabideiros metálicos, acabamento UVVerniz",Não informado,Branco,Zanzini Móveis,4 Gavetas,2 Portas,Casal,,MDP,,Convencional
Cômoda com Porta e Guarda Roupa Infantil 4 Portas Rope Natural Cinza - Matic,"<p>Cômoda com Porta e Guarda Roupa Infantil 4 Portas Rope Natural Cinza - Matic<br> <br> Chegou mais uma grande novidade para você que procura inovar e sair do padrão quando o assunto é o quartinho do seu bebê. Cômoda com Porta e Guarda Roupa 4 Portas da linha Rope foi projetado pela Matic Móveis pensando em trazer um ambiente diferenciado dos quartinhos convencionais. Seus móveis trazem detalhes que darão uma dinâmica muito bacana ao ambiente e combinará com os mais variados tipos de decoração além de proporcionar muito espaço para a organização de roupas e outros objetos. Confira abaixo mais informações e compre já o seu conjunto!<br> <br>Cômoda Infantil com Porta Rope Natural Cinza – Matic<br><br>Características Técnicas:<br>- Desenvolvido em 100% MDF<br>- Pintura e acabamento na cor Natural e Cinza Soft <br>- 4 gavetas com corrediças telescópicas que deslizam livres de enrosco<br>- 1 porta com detalhe em baixo relevo<br>- Puxadores com modelo exclusivo em Sisal<br>- Base estrutural em madeira<br>- Cabideiro incluso<br>- Prateleira interna<br>- Pés desenvolvidos em madeira maciça<br>- Lindo design<br><br>Dimensões:<br>Altura: 93 cm<br>Largura: 120 cm<br>Profundidade: 46 cm<br><br></p> <p>Guarda Roupa Infantil 4 Portas Rope Natural Cinza - Matic<br> <br> Características Técnicas:<br> - Fabricação 100% MDF<br> - Pintura U.V na cor Natural Cinza Soft <br>- Pintura atóxica que não faz mal ao bebê<br> - 4 portas com detalhes em baixo relevo<br> - 4 gavetas com corrediças telescópicas que deslizam livres de enrosco<br> - 7 prateleiras internas com amplo espaço para organizar roupas e objetos<br> - Puxadores com modelo exclusivo em Sisal<br> - Base estrutural em madeira<br> - Cabideiro incluso<br> - Pés desenvolvidos em madeira maciça<br> - Lindo design diferenciado que trará destaque ao ambiente<br> <br> Dimensões:<br> Altura: 218 cm<br> Largura: 148,7 cm<br> Profundidade: 46 cm<br> <br><br> <br> Obs: Não realizamos a montagem dos produtos, porém acompanha manual de instruções.</p>","{""marca"":""Matic Móveis""}",,Matic Móveis,,,,,,,,,,,,,,,Natural e Cinza Soft,Matic,4,4,Não informado,Infantil,MDF,Não informado,Cabideiro,MDF,7,1487 cm,4,Não informado,"Corrediças telescópicas, Puxadores em Sisal, Base estrutural em madeira, Pés em madeira maciça",Não informado,,,,,,,,,
Berço Americano e Guarda Roupa 4 Portas Retro Gold Cinza Eco Wood  Matic,"<p>Berço Americano e Guarda Roupa 4 Portas Retro Gold Cinza Eco Wood – Matic</p><p>Qualidade em móveis para o quartinho do bebê você encontra aqui e nós vamos te ajudar! Apresentamos esse lindo combo da Linha Retro Gold da Matic, que possui Berço e Guarda Roupa 4 portas, com variações de cores, conta com um design moderno e sofisticado que deixa o ambiente mais aconchegante. Confira as dimensões e aproveite!</p><p>Berço Americano Retro Gold Cinza Eco Wood – Matic</p><p>Características técnicas:<br> - Desenvolvido em MDF <br> - Pés em madeira maciça <br> - Pintura e acabamento na cor Cinza Eco Wood <br> - Possui cantos arredondados <br> - Estrado do colchão em 03 níveis de altura podendo ser regulado<br> - Opção mini cama aumentando a vida útil do móvel<br> - Suporte varão para mosquiteiro<br> - Utiliza colchão 70x130 (vendido separadamente) <br> - Modelo Retro<br> - Lindo design<br> - Certificado pelo INMETRO<br> - Qualidade Matic Móveis<br> <br> Dimensões:<br> Altura: 93 cm<br> Largura: 133 cm<br> Profundidade: 78 cm</p><p>Guarda Roupa Infantil Retro Gold 4 Portas Cinza Eco Wood – Matic</p><p>Características Técnicas:<br> - Desenvolvido 100% em MDF<br> - Na cor Cinza<br> - Sistema de pintura com tinta atóxica que não tem cheiro e não faz mal a saúde do bebê<br> - Possui 04 portas<br> - Cabideiros metálicos<br> - Prateleiras<br> - Puxadores em furo<br> - 03 gavetas com design em estilo cascata<br> - Corrediças telescópicas livres de qualquer enrosco<br> - Pés de madeira em estilo retro na cor Eco Wood<br> - Amplo espaço interno<br> - Design moderno</p><p>Dimensões:<br> Altura: 206 cm<br> Largura: 154 cm<br> Profundidade:43,7 cm</p><p>Obs: Não realizamos a montagem, porém acompanha manual de instruções.</p>","{""marca"":""Matic Móveis""}",,Matic Móveis,,,,,,,,,,,,,,,Cinza Eco Wood,Matic,3,4,Não informado,Infantil,MDF,Retro,Não informado,MDF,Não informado,Não informado,4 Portas,Não informado,"Cabideiros metálicos, Prateleiras, Puxadores em furo, 03 gavetas com design em estilo cascata, Corrediças telescópicas livres de qualquer enrosco, Pés de madeira em estilo retro na cor Eco Wood, Amplo espaço interno",Não informado,,,,,,,,,
Guarda Roupa Casal 6 Portas e 6 Gavetas Imaginare  Castanha/Off White - Santos Andirá,<br> Guarda Roupa Casal 6 Portas e 4 Gavetas Imaginare Castanha/Off White - Santos Andirá<br><br> Marca: Santos Andirá<br><br>Dimensões(Cm): Comprimento(Profundidade): 240cm x Largura: 46cm x Altura: 219cm<br><br> Material de Estrutura<br> - MDF/MDP<br> Tipo de Pintura<br> - Ultravioleta<br> - Texturizada<br> Tipo de Acabamento da Pintura<br> - Semi Brilho<br> Tipo de Guarda-Roupa<br> - Casal<br><br> Tipo de Corrediça<br> - c/ Corrediças Metálicas<br> Quantidade de Portas<br> - 6 Portas de Abrir<br> Quantidade de Gavetas<br> - 4 Gavetas<br> Quantidade de Prateleiras<br> - 7<br><br> Garantia<br> - 3 meses<br><br>Imagens Meramente Ilustrativas.<br>Não nos responsabilizamos pela montagem/instalação dos produtos.<br>Todas as informações divulgadas são de responsabilidade exclusiva do fabricante/fornecedor.,"{""cor"":""Castanha, Off White"",""marca"":""Santos Andirá"",""quantidade_de_gavetas"":""4 Gavetas"",""quantidade_de_portas"":""6 Portas"",""tamanho"":""Casal""}","Castanha, Off White",Santos Andirá,4 Gavetas,6 Portas,Casal,,,,,,,,,,,,CastanhaOff White,Santos Andirá,4 Gavetas,6 Portas,Casal,Guarda-Roupa,MDFMDP,Não informado,Não informado,Não informado,7,240cm,6 Portas de Abrir,Abrir,Não informado,Não informado,Castanha e Off White,Santos Andirá,6 Gavetas,6 Portas,Casal,,MDF e MDP,,Convencional
Guarda-Roupa Casal 6 Portas Cerato Albatroz,"Guarda-Roupa Casal 6 Portas Cerato Albatroz<br>O Guarda-Roupas Cerato não é composto apenas por boniteza e elegância, ele se mostra compacto e funcional. <br>Sabemos que para cada pessoa existem diferentes critérios para a escolha do guarda-roupa ideal, pensando nisso a albatroz lançou esse maravilho guarda-roupa seu amplo espaço interno composta por 4 gavetas, 7 prateleiras e 4 cabideiros, permitem que você armazene todos seus itens de forma organizada sempre respeitando o estilo pessoal de cada um.<br><br><br>Especificações Técnicas:<br>Material da Estrutura: 100% MDF<br>Caixa e Portas em 15mm com encabeçamento de 25mm<br>Acabamento: Pintura UV<br>Escala de Brilho: Fosco<br>Quantidade de Gavetas: 04 gavetas com corrediças telescópicas<br>Peso Suportado: 5 kg por gavetas<br>Frente das Gavetas Usinadas<br>Tipo de Corrediças: Telescópicas<br>Distanciadores das Gavetas de 40mm em MDF com Revestimento<br>Quantidade de Portas: 06 Portas Convencional (Bater)<br>Puxadores: Alumínio em acabamento bronze<br>Dobradiças: De 35mm Metálicas<br>Número de Prateleiras: 06 Prateleiras<br>Peso Máximo por Prateleiras: 3 kg por prateleiras <br>Cabideiros em Alumínio<br>Quantidades de Pés: 8<br>Material dos Pés; Madeira Maciça<br>Sistema de Montagem: Minifix; Cavilhas; Parafusos<br>Manual de Montagem: Sim<br>Complexidade da Montagem: Alta<br>Cuidados com o Produto: <br>Limpar com flanela ou pano macio seco, não utilizar produtos abrasivos, desengordurantes, álcool ou solvente. Não expor o produto diretamente à luz solar e à umidade. Limpar com flanela ou pano macio seco, não utilizar produtos abrasivos, desengordurantes, álcool ou solvente. Não expor o produto diretamente à luz solar e à umidade.<br><br><br>Dimensões:<br>Altura: 242 cm <br>Largura: 245 cm<br>Profundidade: 57 cm<br>Peso: 218.7 kg<br><br><br>Garantia do fornecedor de 3 meses.","{""cor"":""Cedro"",""marca"":""Albatroz"",""quantidade_de_portas"":""6 Portas"",""tamanho"":""Casal""}",Cedro,Albatroz,,6 Portas,Casal,,,,,,,,,,,,Não informado,Albatroz,4,6,Casal,Guarda-Roupa,MDF,Não informado,Não informado,MDF,6,245,Convencional Bater,Não informado,4 cabideiros,Não informado,Cedro,Móveis Albatroz,4 Gavetas,6 Portas,Casal,, MDF,,Convencional
Guarda Roupa Casal 8 Portas 4 Gavetas Milan THB,"Conheça o Guarda Roupa Milan da THB Móveis! Com design contemporâneo, é composto por 8 portas, com elegantes puxadores em MDF. Seu interno possui uma excelente divisão para casal, com cabideiros, gavetas e prateleiras separadas. Ainda possui espaço para colocar sapatos e um amplo maleiro interligado, proporcionando espaço completo para acomodar os seus pertences de maneira organizada.<br> <br> <br> Características:<br> Corpo, laterais e frentes de gaveta em MDP de 12mm<br> Portas em MDP 15mm<br> Fundos do roupeiro e das gavetas em MDF de 3mm<br> 8 Portas<br> Dobradiças metálicas<br> 7 tampos fixos<br> 4 maleiros interligados<br> 4 gavetas<br> 8 puxadores em MDF<br> 8 sapatas deslizantes em PVC<br> 2 cabides em alumínio<br> Sistema de montagem com parafusos e Minifix.<br> <br> <br> Dimensões:<br> Altura: 220 cm<br> Largura: 240 cm<br> Profundidade: 47 cm<br> Peso: 135 kg<br> <br> <br> Garantia do fornecedor de 3 meses<br> <br> <br> *Imagens meramente ilustrativas, tonalidades podem sofrer alterações. Objetos decorativos das imagens não acompanham o produto.","{""cor"":""Off White"",""marca"":""THB"",""quantidade_de_portas"":""8 Portas"",""tamanho"":""Casal""}",Off White,THB,,8 Portas,Casal,,,,,,,,,,,,Não informado,THB,4,8,Casal,Guarda Roupa,MDP,Contemporâneo,Não informado,MDF,7,240 cm,8 Portas,Não informado,"Cabideiros, gavetas, prateleiras separadas, espaço para sapatos, maleiro interligado",Não informado,Capucino e Off White,THB Móveis,4 Gavetas,8 Portas,Casal,,MDF e MDP,,Convencional
Guarda Roupa Solteiro 2 Portas 1 Porta Ripada Samambaia Cabecasa Madeiramadeira,"Um quarto moderno precisará de um móvel diferenciado, o Guarda Roupas 2 portas de correr Samambaia traz a combinação perfeita, com ótima disposição interna e modernidade, esse móvel faz parte de uma linha de produtos que está disponível no mercado, sendo assim uma linha completa para formar seu ambiente e para total conforto, modernidade e durabilidade, o armário possui 2 portas de correr, com opções com e sem espelho, a porta conta com detalhes ripado em MDF que é uma tendência, tornando o móvel moderno, esse modelo possui 163cm de largura, é confeccionado em MDP de 15mm e MDF para maior resistência, possui várias repartições para armazenar roupas e objetos, molduras nas portas em MDF 25 mm. Materiais de primeira qualidade que respeitam o meio ambiente.","{""tamanho"":""Solteiro""}",,,,,Solteiro,,,,,,,,,,,,Não informado,Cabecasa,Não informado,2,Solteiro,Guarda Roupas,MDP,Moderno,Não informado,Madeira,Não informado,163cm,2 portas de correr,Correr,Ripado,Samambaia,Marrom,Cabecasa,,2 Portas,Solteiro,,MDF e MDP,,Correr
Guarda-Roupa Henn Viena com Espelho 10 Portas,"Agregue valor ao seu quarto com o Roupeiro Viena 10 portas, produzido em MDP e acabamento em pintura UV, seu interno é com pintura no padrão Trama, que imita tecido. Sua excelente divisão interna proporciona melhor organização das roupas, possui 4 gavetas externas para organização de peças menores, com corrediças metálicas que permite um deslize mais seguro e suave. Com espelho estilo capelinha, sendo que possui prateleiras externas usinadas, ideal para objetos decorativos/acessórios. Possui altura de 2.300 mm, largura de 2.320 mm e profundidade de 465 mm, cabideiros e calceiros em alumínio. Os puxadores são na tonalidade bronze o que proporciona maior nobreza ao produto.<br> <br> Características do Produto:<br> Caixa: MDP 15mm<br> Interno: MDP 15mm<br> Frente: MDP 15mm<br> Fundo: MDF 3mm<br> Peso máximo suportado pelas prateleiras: 8,000 Kg<br> Peso máximo suportado pelas gavetas: 3,000 Kg<br> Pintura: UV<br> Quantidade de portas:10 portas<br> Dobradiça metálica<br> Quantidade de gavetas: 4<br> Corrediças metálica<br> Puxador: ABS Bronze<br> Cabideiro: Alumínio<br> Calceiro: Alumínio<br> Espelhos: Sim<br> <br> Diferenciais:<br> Puxadores bronze<br> Espelho com moldura<br> Cabideiros e calceiros em alumínio<br> <br> Sugerido que montagem seja efetuada por um profissional<br> <br> Dimensões do Produto:<br> Altura: 230,00 cm<br> Largura: 232,00 cm<br> Profundidade: 46,50 cm<br> Peso: 147,000 Kg<br> <br> Garantia do Fornecedor: 3 meses","{""cor"":""Castanho HP"",""marca"":""Henn"",""quantidade_de_gavetas"":""4 Gavetas"",""quantidade_de_portas"":""10 Portas"",""tamanho"":""Casal""}",Castanho HP,Henn,4 Gavetas,10 Portas,Casal,,,,,,,,,,,,Não informado,Henn,4,10,Não informado,Guarda-Roupa,MDP,Não informado,Espelho,MDP,Não informado,23200,10,Não informado,"gavetas externas, corrediças metálicas, espelho estilo capelinha, prateleiras externas usinadas, cabideiros e calceiros em alumínio, puxadores bronze, espelho com moldura, cabideiros e calceiros em alumínio",Não informado,Castanho HP,Henn,4 Gavetas,10 Portas,Casal,,MDP,,Convencional
Guarda Roupas Casal Com Espelho 6 Portas 3 Gavetas com pés Tokio Branco,"O Roupeiro Tókio com espelho 6 portas, possui 4 prateleiras, 3 cabideiros e 3 gavetas externas, sendo uma com chave. O modelo transmite conforto e beleza ao ambiente. Possui pintura UV, com verniz brilhante, que alta resistência e durabilidade ao produto!<br><br>MEDIDAS:<br>[ A ] = 206 cm<br>[ L ] = 185 cm<br>[ P ] = 47 cm<br>PESO: 89,11kg<br>SUPORTA ATÉ: 70kg<br>GAVETAS SUPORTAM: 10kg<br>PRATELEIRAS SUPORTAM: 15kg<br>NOME: Guarda Roupas Casal Tókio Com Espelho <br>MARCA: J&amp;A<br>COR: Branco<br>MATERIAL: MDP 12mm<br>PORTAS: Sim, 6<br>GAVETAS: Sim, 3<br>PRATELEIRAS: Sim, 4 prateleiras internas<br>CORREDIÇAS: Metálicas<br>DOBRADIÇAS: Metálicas<br>PUXADORES: Em PVC<br>CABIDEIROS: Sim, 3<br>PÉS: Em PVC<br>POSSUI ESPELHO: Sim<br>DIFERENCIAL: Excelente distribuição interna<br>ITENS INCLUSOS: 1 Guarda Roupas + 1 KIT Espelho<br>GARANTIA: 3 meses<br><br>A Esplanada Móveis se responsabiliza pela entrega dos produtos adquiridos até a porta de entrada ou portaria do endereço indicado, se a portaria do condomínio permitir, as entregas são efetuadas no piso térreo e é de responsabilidade do cliente a locomoção da mercadoria até seu apartamento ou casa.","{""cor"":""Branco"",""tamanho"":""Casal""}",Branco,,,,Casal,,,,,,,,,,,,Branco,Jamp,3,6,Casal,Guarda Roupas,MDP,Não informado,Com Espelho,MDP,4,185,Sim,Não informado,"Com espelho, 3 gavetas externas, 1 com chave, 4 prateleiras, 3 cabideiros, pintura UV com verniz brilhante, corrediças metálicas, dobradiças metálicas, puxadores em PVC, pés em PVC",Não informado,Branco,J&A Móveis,3 Gavetas,6 Portas,Casal,,MDP,,Convencional
Guarda Roupa Ravenna Ébano,"<p>O Guarda Roupaé a escolha certa para o seu quarto, com amplo espaço para roupas</p> <p>Feito em MDP, além de possuir4 portas, 2 gavetas e 4 prateleiras.</p> <p>Medidas Do Produto:</p> <p>Altura:181cm</p> <p>Largura:147,5cm</p> <p>Comprimento:46,5cm</p> <p>Informações Complementares:</p> <p>Cor: ébano</p> <p>Acompanha Espelho: Não</p> <p>Gavetas: Sim (2)</p> <p>Prateleiras: Sim (4)</p> <p>Portas: Sim (4)</p> <p>Pés: Sim (6)</p> <p>Material: MDP</p> <p>Itens Inclusos:</p> <p>01 Guarda Roupa;</p> <p>Kit completo para montagem, Manual detalhado de instruções para montagem.</p> <p>Garantia:</p> <p>3 meses contra defeito de fabricação.</p> <p>Informações Adicionais:</p> <p>Fotos meramente ilustrativas do produto no ambiente.</p> <p>Os objetos que ambientam as fotos não acompanham o produto;</p> <p>Verificar descrição e tamanho do produto antes da compra.</p> <p>Avaliar a mercadoria no ato do recebimento e recusar em caso de divergência ou avarias.</p> <p>Mantenha as informações de contato e endereço de entrega atualizados para entrarmos em contato caso necessário.</p> <p>Limpar com flanela ou pano macio seco, não utilizar produtos abrasivos, desengordurantes, álcool ou solvente. Não expor o produto diretamente à luz solar e à umidade.</p> <p>Sugerimos a contratação de um montador profissional para a montagem do produto. Não nos responsabilizamos por avarias causadas no ato da montagem.</p> <p>Não nos responsabilizamos pela montagem e desmontagem do produto no ato da entrega e devolução, assim como os custos gerados nestas situações.</p> <p>A transportadora entregará o produto no andar térreo do endereço de entrega.</p> <p>Não nos responsabilizamos por subir escadas, corredores e elevadores ou transporte por guincho em apartamentos.</p>","{""cor"":""Ébano"",""tamanho"":""Casal""}",Ébano,,,,Casal,,,,,,,,,,,,ébano,Não informado,2,4,Altura181cm pLargura1475cm pComprimento465cm,Guarda Roupa,MDP,Não informado,Não informado,MDP,4,465cm,Sim,Não informado,Não informado,Não informado,ébano,CasaH,2 Gavetas,4 Portas,Casal,,MDP,,Convencional
Guarda Roupa Casal Lorenzo 8 Portas 4 gavetas com Espelho Moval 139 864391 8,"O Guarda Roupa Casal San Lorenzo 8 Portas e Espelho Castanho - Moval, é produzido 100% Mdp que torna o produto mais resistente e duradouro. Possui 8 portas de bater e 4 gavetas externas com corrediças metálicas reforçadas. Suas portas centrais recuadas com espelho e os puxadores em Mdf oferecem mais nobreza ao móvel. Amplo espaço interno para organizar roupas e acessórios. Confira!<br> <br> Dimensões:<br> Altura: 222 cm.<br> Largura: 237 cm.<br> Profundidade: 47 cm.<br> Peso: 146,40 Kg.<br> <br> Garantia do fornecedor: 3 meses","{""marca"":""Moval"",""quantidade_de_portas"":""8 Portas"",""tamanho"":""Casal""}",,Moval,,8 Portas,Casal,,,,,,,,,,,,Castanho,Moval,4,8,Casal,Guarda Roupa,MDP,Não informado,Espelho,MDF,Não informado,237 cm,8 Portas,Bater,Corrediças metálicas reforçadas,Não informado,Baunilha e Castanho Wood,Moval,4 Gavetas,8 Portas,Casal,,Mdf,,Convencional
Guarda Roupa Quarto Solteiro Gabriela Com Espelho 3 Portas 1 Gaveta MDF Marrom Madeira Grafite,"<p>O Guarda Roupa Gabriela é excelente para organizar suas roupas e manter o ambiente bonito e confortável. Feito em material MDF nas cores Marrom Madeira com Grafite. Contém 3 Portas (1 com Espelho), 1 Gaveta, 2 Prateleiras, 2 Cabideiros e 1 Nicho para se adaptar melhor ao seu quarto e agregar beleza ao cômodo. Tornando-se uma ótima escolha para quem busca praticidade e elegância!</p> <p>Especificações: </p> <p>Comprimento: 80,5 cm</p> <p>Largura: 40 cm</p> <p>Altura: 200 cm</p> <p>Fabricado em MDF</p> <p>3 Portas (1 com Espelho)</p> <p>1 Gaveta</p> <p>2 Prateleiras</p> <p>2 Cabideiros</p> <p>1 Nicho</p> <p>Recomendação de Limpeza: Limpar com pano seco para retirar o pó. Não aplicar produtos abrasivos.</p> <p>Produtos de Enfeite e Eletrônicos Não Estão Inclusos.</p>","{""tamanho"":""Solteiro""}",,,,,Solteiro,,,,,,,,,,,,Marrom Madeira com Grafite,Gabriela,1,3,Solteiro,Guarda-Roupa,MDF,Não informado,Com Espelho,MDF,2,805 cm,3 Portas 1 com Espelho,Não informado,2 Cabideiros e 1 Nicho,Não informado,Grafite e Madeira,ACP Móveis,1 Gaveta,3 Portas,Solteiro,,MDF,,Convencional
Guarda Roupa Casal Ambiente Modena com Espelho 6 Portas Malbec - Incorplac,"<p>Guarda Roupa Casal Ambiente Modena com Espelho 6 Portas Malbec - Incorplac</p> <p>Procurando por guarda roupa com preço acessível, apresentamos essa linda opção desenvolvida pela Incorplac, o Guarda Roupa Modena conta com amplo espaço interno e um lindo design proporcionando modernidade ao ambiente, suas roupas e acessórios mais organizados facilitando seu dia a dia. Não deixe de aproveitar e garantir o seu!</p> <p>Características Técnicas:<br> - Desenvolvido em MDP de 12mm<br> - Acabamento em pintura U.V texturizado na cor Malbec<br> - Possui 06 Portas com dobradiças metálicas<br> - 02 Gavetas com corrediças metálicas<br> - Peso suportado pelas gavetas 3kg<br> - Puxadores em PVC<br> - 05 Prateleiras suportando 5kg cada<br> - 02 Cabideiros de madeira<br>- Acompanha kit espelho<br> - Kits 06 pés de plástico na cor Tabaco<br> - Amplo espaço interno<br> - Lindo design</p> <p>Dimensões:<br> Altura: 189 cm<br> Largura: 149,4 cm<br> Profundidade: 42,2 cm</p> <p>Informações importantes:<br> - Não realizamos a montagem ou instalação do produto, porém acompanha manual de instruções.<br>- Toda mercadoria segue segurada contra qualquer sinistro, em caso de anormalidade, recuse.<br>- Seu pedido segue com nota fiscal ao consumidor descrito quantidade de volumes que você deve receber.<br>- As caixas ou pacotes possuem identificação com o nome, cidade e quantidades de volumes relativos à compra para conferencia do recebedor.</p>","{""marca"":""Incorplac"",""tamanho"":""Casal""}",,Incorplac,,,Casal,,,,,,,,,,,,Malbec,Incorplac,2,6,Casal,Guarda Roupa,MDP,Moderno,Espelho,MDP,5,1494,6 Portas,Com Dobradiças Metálicas,"Gavetas com corrediças metálicas, Puxadores em PVC, Cabideiros de madeira, Kits 06 pés de plástico na cor Tabaco, Amplo espaço interno",Não informado,Malbec, Incorplac,2 Gavetas,6 Portas,Casal,,MDP,,Convencional
Guarda-Roupas Infantil 03 Portas e 02 Gavetas Branco Itapuã,"Apresentamos o Guarda-Roupas Infantil 03 Portas e 02 Gavetas Branco Linha Aconchego da Completa Móveis, um produto versátil, prático e elegante, perfeito para o quarto do seu bebê. Com gavetas e prateleiras que otimizam o espaço, você poderá acomodar e organizar as roupinhas e acessórios do dia a dia de forma fácil e conveniente. Além disso, o guarda-roupas conta com um cabideiro incluso, proporcionando ainda mais praticidade. Feito em MDP, um material resistente, e com corrediças metálicas e puxadores plásticos, o Guarda-Roupas Infantil 03 Portas e 02 Gavetas Branco Linha Aconchego é durável e de alta qualidade. Seu acabamento fosco confere um toque de elegância ao ambiente. Para a limpeza, basta utilizar um pano levemente umedecido com água, seguido de um pano seco. É importante ressaltar que não é recomendado o uso de produtos químicos ou abrasivos. Com dimensões de 92,4x184,5x40 cm e um peso de 60,47 kg, este guarda-roupas é compacto e funcional. Ele possui 3 portas, 2 gavetas e 6 prateleiras, oferecendo amplo espaço de armazenamento para as roupas e acessórios do seu bebê. As gavetas suportam até 3 kg cada, enquanto as prateleiras suportam até 8 kg. A montagem do Guarda-Roupas Infantil 03 Portas e 02 Gavetas Branco Linha Aconchego é necessária e possui um nível de dificuldade médio. O sistema de montagem inclui parafusos, cavilhas, pregos, minifix, corrediças e dobradiças. Invista no conforto e na organização do quarto do seu bebê com o Guarda-Roupas Infantil 03 Portas e 02 Gavetas Branco Linha Aconchego da Completa Móveis. Garanta já o seu! Apresentamos o Guarda-Roupas Infantil 03 Portas e 02 Gavetas Branco Linha Aconchego da Completa Móveis, um produto versátil, prático e elegante, perfeito para o quarto do seu bebê. Com gavetas e prateleiras que otimizam o espaço, você poderá acomodar e organizar as roupinhas e acessórios do dia a dia de forma fácil e conveniente. Além disso, o guarda-roupas conta com um cabideiro incluso, proporcionando ainda mais praticidade. <br>Feito em MDP, um material resistente, e com corrediças metálicas e puxadores plásticos, o Guarda-Roupas Infantil 03 Portas e 02 Gavetas Branco Linha Aconchego é durável e de alta qualidade. Seu acabamento fosco confere um toque de elegância ao ambiente. <br>Para a limpeza, basta utilizar um pano levemente umedecido com água, seguido de um pano seco. É importante ressaltar que não é recomendado o uso de produtos químicos ou abrasivos. <br>Com dimensões de 92,4x184,5x40 cm e um peso de 60,47 kg, este guarda-roupas é compacto e funcional. Ele possui 3 portas, 2 gavetas e 6 prateleiras, oferecendo amplo espaço de armazenamento para as roupas e acessórios do seu bebê. As gavetas suportam até 3 kg cada, enquanto as prateleiras suportam até 8 kg. <br>A montagem do Guarda-Roupas Infantil 03 Portas e 02 Gavetas Branco Linha Aconchego é necessária e possui um nível de dificuldade médio. O sistema de montagem inclui parafusos, cavilhas, pregos, minifix, corrediças e dobradiças. <br>Invista no conforto e na organização do quarto do seu bebê com o Guarda-Roupas Infantil 03 Portas e 02 Gavetas Branco Linha Aconchego da Completa Móveis. Garanta já o seu!","{""marca"":""Completa Móveis""}",,Completa Móveis,,,,,,,,,,,,,,,Branco,Itapuã,2,3,Não informado,Infantil,MDP,Não informado,Não informado,MDP,6,924,3,Não informado,Cabideiro,Não informado,Branco,Completa Móveis,2 Gavetas,3 Portas,Solteiro,,MDP,,Convencional
Guarda-Roupa Solteiro Cancun 2 Portas 2 Gavetas Naturale Tx - Fama Móveis,"Descrição:<br><br>O(a) Guarda-Roupa Solteiro Cancun 2 Portas 2 Gavetas Naturale Tx - Fama Móveis é produzido em MDP na escala de brilho Fosco, e possui um grau de dificuldade de montagem: Médio.<br><br>Seu revestimento/acabamento é: Pintura UV.<br><br><br><br>Infelizmente a Loja não oferece serviço de montagem, deixamos essa informação bem clara em todas as nossas páginas de produto. Onde especificamos que os móveis chegarão desmontados, e que a montagem fica por conta do cliente.<br><br><br><br>Como não oferecemos esse serviço não embutimos o mesmo no preço dos produtos, ou seja, maior economia para você! Todos os nossos móveis também acompanham o manual de montagem, e caso você queira, pode realizar a montagem você mesmo, sempre especificamos os graus de montagem dos produtos.<br><br><br><br>Nos casos de grau baixo e médio, com pouco ou nenhum conhecimento, você mesmo pode efetuar a montagem, e fazer essa economia. Apenas nos graus de montagem alto, recomendamos a contratação de um montador com experiência, visto que são montagens mais complicadas. A montagem é feita com Parafusos, cavilhas e Minifix..<br><br><br><br>Este móvel é indicado para que seja utilizado no(a) Quarto, dando um toque especial no cômodo de sua casa.<br><br>Para que você mantenha seu produto sempre em ótimo estado, recomendamos que use apenas um pano seco ou levemente umedecido, sem o uso de quaisquer produtos abrasivos.<br><br><br><br>A Loja garante aos clientes, 90 dias de garantia nos produtos, porém, recomendamos que entre em contato com o fornecedor/marca do produto, pois o mesmo(a), pode garantir um prazo maior de garantia.<br><br><br><br>Lembrando ainda que: quaisquer objetos decorativos que aparecem nas imagens, não acompanham o produto.<br><br>Características:<br><br>- Como os Móveis Chegarão na Minha Casa: Desmontado em caixas, acompanhado de todas as peças, ferragens e manuais para montagem.<br>- É frágil?: Sim<br>- Possui Borda de PVC nas Bordas?: Não<br>- Quantidade de Pés/Sapatas: 6<br>- Pés com regulagem de altura?: Não<br>- Quantidade de Cabideiros: 1<br>- Material do Cabideiro: Alumínio<br>- Observação: Objetos decorativos que aparecem nas imagens, não acompanham o produto.<br>- Necessita de Montagem: Sim<br>- Sistema de Montagem: Parafusos, cavilhas e Minifix.<br>- Indicação de Uso: Quarto<br>- Possui Sapatas?: Não<br>- Modelo: Solteiro<br>- Possui Rodízios?: Não<br>- Garantia (dias): 90<br>- Grau de Dificuldade da Montagem: Médio<br>- Recomendação de Manutenção: Utilizar pano levemente umedecido, seguido de pano seco. Não utilizar quaisquer produtos abrasivos.<br>- Peso Suportado nas Gavetas (Kg): 4 Kg<br>- Quantidade de Prateleiras: 2<br>- Tipo de Porta: Portas de Correr<br>- Peso Suportado no Cabideiro (Kg): 3<br>- Possui Espelho?: Não<br>- Quantidade de Portas: 2<br>- Material do Puxador: Plástico<br>- Espessura da Estrutura: 12 mm<br>- Possui Gavetas?: Não<br>- Quantidade de Gavetas: 2<br>- Material da Porta: MDP<br>- Espessura da Porta: 12 mm<br>- Possui Portas?: Não<br>- Material do Trilho: Alumínio<br>- Possui Puxadores?: Não<br>- Material das Corrediças: Metálica<br>- Tipo da Corrediça: Convencional<br>- Peso Suportado nas Prateleiras:: 5 Kg<br>- Possui Prateleiras?: Não<br>- Revestimento /Acabamento: Pintura UV<br>- Material da Estrutura: MDP<br>- Escala de Brilho: Fosco<br><br><br>Dimensões:<br><br>- Altura: 205,00 cm<br>- Largura: 122,50 cm<br>- Profundidade: 52,20 cm<br>- Peso: 89,500 kg","{""marca"":""Fama Móveis"",""quantidade_de_gavetas"":""2 Gavetas"",""tamanho"":""Solteiro""}",,Fama Móveis,2 Gavetas,,Solteiro,,,,,,,,,,,,Naturale Tx,Fama Móveis,2,2,Solteiro,Guarda-Roupa,MDP,Não informado,Não informado,MDP,2,Não informado,2 Portas,Portas de Correr,Não informado,Não informado,Marrom,Fama Móveis,2 Gavetas,2 Portas,Solteiro,,MDP,,Convencional
Guarda Roupa Casal 6 Portas 6 Gavetas - Orfeus Ripado-Cumaru/Fendi - Móveis Novo Horizonte,"Guarda Roupa Casal 6 Portas 6 Gavetas - Orfeus Ripado-Cumaru/Fendi - Móveis Novo Horizonte<br> <br>O Guarda Roupa Orfeus Ripado vai proporcionar um ambiente aconchegante mantendo um visual sofisticado e funcional. Composto por peças de extrema qualidade e com excelente espaço interno bem distribuídos, oferecendo máxima organização de forma prática. Fabricado em 100% MDF, 6 portas de bater com detalhe ripado, possui 6 gavetas com corrediças telescópicas, puxadores com acabamento amadeirado e cabideiros em alumínio. Amplo espaço interno. Aproveite!<br> <br>Faz parte do anúncio:<br>1 Guarda Roupa Casal 6 Portas 6 Gavetas - Orfeus Ripado - Móveis Novo Horizonte<br>Obs. Objetos de decoração não inclusos<br> <br>Particularidades do guarda-roupa:<br>Características:<br>- 100% MDF;<br>- Colunado em 25mm;<br>- Puxadores com acabamento amadeirado;<br>- 6 Gavetas internas com puxadores;<br>- Corrediças telescópicas;<br>- Dobradiça de pressão de 35mm;<br>- Fundo inteiriço;<br>- Cabideiros em alumínio;<br> <br>Dimensões:<br>Altura: 2,36 metros<br>Largura: 2,74 metros<br>Profundidade: 56,5 centímetros<br> <br>Informações Importantes:. <br>-Produtos podem apresentar diferenças de tonalidades entre a foto na tela e o produto real, devido a calibração de cor de tela. <br>-Limpar com flanela ou pano macio. Não utilizar álcool. Não utilizar produtos abrasivos ou corrosivos.<br>-Nós prezamos pela qualidade da entrega em primeiro lugar, trabalhamos com transportadoras altamente selecionadas e os melhores materiais de embalagem.<br>-A montagem é de total responsabilidade do comprador. Antes de comprar, verifique o espaço disponível para a montagem.<br>-Certifique-se de que o produto caiba em elevadores e vãos de escadas, não fazemos içamentos. Quaisquer despesas deste tipo ficam a cargo do cliente<br>-Garantia de 3 meses contra defeitos de fabricação.","{""marca"":""Móveis Novo Horizonte"",""tamanho"":""Casal""}",,Móveis Novo Horizonte,,,Casal,,,,,,,,,,,,Não informado,Móveis Novo Horizonte,6,6,Casal,Guarda Roupa,MDF,Ripado,Não informado,MDF,Não informado,274 metros,6 Portas de bater,Não informado,"Com detalhe ripado, 6 gavetas com corrediças telescópicas, puxadores com acabamento amadeirado, cabideiros em alumínio",Não informado,Cumaru e Fendi,Novo Horizonte,6 Gavetas,6 Portas,Casal,, MDF,,Correr
Guarda-Roupa Casal 2 Portas com Espelho Athenas Mambel,"Guarda-Roupa Athenas 2 portas de correr deslizantes, 100% MDF, corrediças telescopicas, trilhos e perfil de alumínio nas portas, verniz de alta resistência. Prateleiras fixas. Destinado a dormitório de casal.","{""cor"":""Branco"",""marca"":""Mambel"",""tamanho"":""Casal""}",Branco,Mambel,,,Casal,,,,,,,,,,,,Não informado,Mambel,Não informado,2,Casal,Guarda-Roupa,MDF,Não informado,com Espelho,MDF,Não informado,Não informado,de correr deslizantes,corrediças telescopicas,trilhos e perfil de alumínio nas portas verniz de alta resistência,Athenas,Branco,Mambel,5 Gavetas,2 Portas,Casal,, MDF,,Correr
Guarda Roupa Olimpo 6 Portas Com Espelho Tcil Móveis,"Com 6 portas de bater e 3 gavetas internas que podem ser montadas de duas formas, o Guarda Roupa Olimpo foi projetado com um design clássico e elegante que vai agregar valor a qualquer dormitório. Além da estética, oferece um espaço de armazenamento amplo e bem dividido para o seu consumidor. Sua estrutura em MDP com Pintura UV garantem um padrão elevado de qualidade. Aproveite!<br> <br><br> <br>INTERNO INTELIGENTE: DUAS OPÇÕES DE MONTAGEM DAS GAVETAS!<br> <br><br> <br>Especificações do produto montado<br> <br>Altura: 218 cm<br> <br>Largura: 219 cm<br> <br>Profundidade: 47 cm<br> <br>Peso: 149 kg<br><br>Características:<br> <br>Produto em MDP<br> <br>Puxadores Amadeirados<br> <br>Dobradiças Metálicas<br> <br>Puxadores das gavetas em PVC<br> <br>Corrediças Telescópicas<br> <br>Cabideiros em alumínio<br> <br>Garantia: 90 dias<br> <br>Necessita de Montagem? Sim<br> <br>Complexidade de Montagem: Alta<br> <br>Recomendações de Uso, Manutenção e Limpeza: Limpar com flanela limpa e seca. Não usar produtos abrasivos.<br><br>Observações:<br> <br>Não oferecemos serviço de montagem, mas todos os produtos possuem manual com o passo a passo.Recomendamos contratar um profissional de sua preferência. Pode existir alguma diferença de tonalidade entre a foto e o produto, devido ao tratamento de imagens e à calibração de cores do monitor.<br><br><br> <br>","{""cor"":""Cumaru Rustic"",""marca"":""Tcil Móveis"",""quantidade_de_gavetas"":""3 Gavetas""}",Cumaru Rustic,Tcil Móveis,3 Gavetas,,,,,,,,,,,,,,Não informado,Tcil Móveis,3,6,Não informado,Guarda-Roupa,MDP,Clássico,Com Espelho,MDP,Não informado,219 cm,6 Portas de Bater,Bater,"Cabideiros em alumínio, Corrediças Telescópicas, Dobradiças Metálicas, Puxadores Amadeirados, Puxadores das gavetas em PVC",Não informado,Cumaru Rústico,Tcil Móveis,3 Gavetas,6 Portas,,,MDP,,Convencional
Guarda Roupa Casal Ambiente Imperial Malbec - Incorplac,"<p>Guarda Roupa Casal Ambiente Imperial Malbec - Incorplac</p> <p>O guarda roupa ideal para seu quarto esta aqui, apresentamos o Guarda Roupa da linha Imperial desenvolvido pela Incorplac com excelentes materiais para maior durabilidade e resistência do móvel, conta com amplo espaço interno e ótimas divisões alem de um lindo e moderno design que irá deixar seu quarto ainda mais aconchegante. Aproveite!</p> <p>Características Técnicas:<br> - Desenvolvido em MDP de 12/15mm<br> - Acabamento em pintura U.V texturizada na cor Malbec<br> - Possui 06 Portas com dobradiças metálicas<br> - 03 Gavetas sendo a primeira com chave<br> - Corrediças metálicas, livres de enrosco<br> - 01 Cabideiro metálico<br> - 09 Prateleiras<br> - Puxadores em PVC cromados<br> - Acompanha espelho<br> - Kit com 06 pés inclusos<br> - Amplo espaço interno<br> - Lindo design</p> <p>Dimensões:<br> Altura: 205 cm<br> Largura: 178,8 cm<br> Profundidade: 46,5 cm</p> <p>Informações importantes:<br> - Não realizamos a montagem ou instalação do produto, porém acompanha manual de instruções.<br> - Toda mercadoria segue segurada contra qualquer sinistro, em caso de anormalidade, recuse<br> - As caixas ou pacotes possuem identificação com o nome, cidade e quantidades de volumes relativos à compra para conferencia do recebedor.</p>","{""marca"":""Incorplac"",""tamanho"":""Casal""}",,Incorplac,,,Casal,,,,,,,,,,,,Malbec,Incorplac,3,6,Casal,Guarda-Roupa,MDP,Não informado,Não informado,MDP,9,1788,06 Portas com dobradiças metálicas,Não informado,Espelho,Não informado, Malbec,Incorplac,3 Gavetas,6 Portas,Casal,,MDP,,Convencional
Guarda Roupa Casal 6 Portas c/ Espelho e 8 Gavetas Robust Plus Canela - Novo Horizonte,"<strong>Guarda Roupa Casal 6 Portas c/ Espelho e 8 Gavetas Robust Plus Canela - Novo Horizonte</strong><br> <br> Marca: <strong>Novo Horizonte</strong><br><br>Dimensões(Cm): Comprimento(Profundidade): 56,5 x Largura: 276,2 x Altura: 236,4<br> <br> <strong>CARACTERÍSTICAS DE MÓVEIS</strong><br> <strong>Tipo de Estrutura do Móvel</strong><br> - MDF<br> <strong>Tipo de Pintura</strong><br> - UV<br> <strong>Tipo de Acabamento da Pintura</strong><br> - Alto Brilho/Fosca<br> <strong>Quantidade de Prateleiras</strong><br> - 6<br> <strong>Quantidade de Gavetas</strong><br> - 8<br> <strong>Diferenciais da Gaveta</strong><br> - c/ Corrediças Telescópicas<br> <strong>Quantidade de Portas</strong><br> - 6<br> <strong>Garantia</strong><br> - 3<br> <br> <strong>04 - CARACTERÍSTICAS E BENEFÍCIOS DOS MÓVEIS DE QUARTO</strong><br> <strong>Tamanho do Guarda-Roupa</strong><br> - Casal<br> <br> <br> <strong> Não nos responsabilizamos pela montagem/instalação dos produtos.</strong><br> <strong>Todas as informações divulgadas são de responsabilidade exclusiva do fabricante/fornecedor. </strong><br> <strong>Imagens Meramente Ilustrativas.</strong><br> <strong>Verifique com os fabricantes do produto e de seus componentes eventuais limitações à utilização de todos os recursos e funcionalidades.</strong>","{""cor"":""Canela"",""marca"":""Móveis Novo Horizonte"",""quantidade_de_gavetas"":""8 Gavetas"",""tamanho"":""Casal""}",Canela,Móveis Novo Horizonte,8 Gavetas,,Casal,,,,,,,,,,,,Canela,Novo Horizonte,8,6,Casal,Guarda-Roupa,MDF,Não informado,c Espelho,Não informado,6,565,6,Não informado,c Corrediças Telescópicas,Não informado,Canela,Novo Horizonte,8 Gavetas,6 Portas,Casal,,MDF,,Convencional
Guarda Roupa de Canto Casal King 8 Portas e 4 Gavetas com Escrivaninha Jequitibá Fit Luciane Móveis,"Precisando otimizar o espaço disponível em seu quarto? O Modulado Fit é uma excelente opção. O Guarda Roupa de Canto aproveita aquele espaço que parece sem utilidade, com profundidade de 46,5cm, possui 3 amplas gavetas com corrediças telescópicas. A Ponte Modulada possui 1,94cm, para utilização com colchão casal a king de medida 138cm até 193cm de largura. Conta com armários, Mesa de Cabeceira altos com prateleiras e gaveta. Os módulos são peças individuais o que permite montar e acomodar da forma que melhor se adequar ao espaço disponível. Para esta proposta usamos as medidas de parede: Lado Cabeceira 377cm X 130cm.<br> <br> Características: <br> Produzido em MDP 15mm <br> Corpo/Caixaria: Jequitibá FF (Finish Foil) <br> Frontais: Jequitibá FF (Finish Foil)<br> Dobradiças: Metálicas Ø26mm<br> Puxadores: Plástico Champagne<br> Corrediças: Telescópicas proporcionando abertura total das gavetas<br> <br> Ambiente composto por:<br> 2-Ponte Modulada Aérea Solteiro 2 Portas com Nicho 97cm Luciane Móveis<br> 1-Guarda Roupa Modulado 2 Portas 3 Gavetas Luciane Móveis<br> 1-Guarda Roupa Modulado Canto Oblíquo 1 Porta 3 Prateleiras Luciane Móveis<br> 1-Escrivaninha Multiuso Compacta com Painel 60cm Luciane Móveis<br> 1-Mesa de Cabeceira Alto Modulado 1 Porta e 1 Gaveta Direito ou Esquerdo Luciane Móveis<br> <br> Mesa de Cabeceira Alto Modulado 1 Porta e 1 Gaveta Direito ou Esquerdo Luciane Móveis<br> Dimensões do produto: <br> Altura: 218 cm <br> Largura: 45 cm <br> Profundidade: 41,5 cm <br> Peso: 33 kg <br> <br> Guarda Roupa Modulado 2 Portas 3 Gavetas Luciane Móveis<br> Dimensões do produto: <br> Altura: 218 cm <br> Largura: 68 cm <br> Profundidade: 46,5 cm <br> Peso: 56 kg <br> <br> Guarda Roupa Modulado Canto Oblíquo 1 Porta 3 Prateleiras Luciane Móveis<br> Dimensões do produto: <br> Altura: 218 cm <br> Largura: 70 cm <br> Profundidade: 70 cm <br> Peso: 57,6 kg <br> <br> Ponte Modulada Aérea Solteiro 2 Portas com Nicho 97cm Luciane Móveis<br> Dimensões do produto: <br> Altura: 82 cm <br> Largura: 97 cm <br> Profundidade: 41,5 cm <br> Peso: 24 kg <br> <br> Escrivaninha Multiuso Compacta com Painel 60cm Luciane Móveis<br> Dimensões do produto: <br> Painel<br> Altura: 45 cm <br> Largura: 60 cm <br> Profundidade: 1,5 cm <br> <br> Bancada<br> Altura: 80 cm <br> Largura: 60 cm <br> Profundidade: 45 cm <br> <br> Peso: 16,8 kg <br> <br> Garantia de 3 meses direto do fabricante.<br> <br> Informações complementares:<br> Fique de olho: siga sempre as orientações do fabricante e utilize seu produto de acordo com o manual. A empresa não se responsabiliza pelo mau uso do produto, o que pode causar perda da garantia.#8239;<br> Certifique se que seus dados estejam atualizados, como endereço e um telefone válido.<br> A entrega será realizada no térreo, sendo assim em prédios o deslocamento da mercadoria, subir escadas, elevadores ou transporte por guincho para apartamentos fica sob responsabilidade do comprador.<br> Todas as nossas entregas são realizadas em horário comercial, não sendo possível fazer agendamento, sugerimos acompanhar o rastreio do pedido e ter alguém para receber no endereço indicado.<br> Não nos encarregamos por montagens, desmontagens e outras instalações, serão de responsabilidade do comprador.","{""cor"":""Jequitibá"",""marca"":""Luciane Móveis"",""tamanho"":""Casal""}",Jequitibá,Luciane Móveis,,,Casal,,,,,,,,,,,,Não informado,Luciane Móveis,4,8,Casal King,Guarda-Roupa de Canto,MDP,Não informado,com Escrivaninha,Jequitibá,3,Não informado,8 Portas,Não informado,Corrediças Telescópicas,Não informado,,,,,,,,,
Guarda-Roupas Infantil 2 Gavetas 3 Portas sem Pés Classic Móveis Reller,"Baseado no estilo Clean, esse roupeiro traz consigo conceitos de elegância e charme. Suas gavetas com corrediças telescópicas e puxadores embutidos enaltecem ainda mais a proposta de um móvel clean e sofisticado.","{""marca"":""Reller"",""quantidade_de_gavetas"":""2 Gavetas""}",,Reller,2 Gavetas,,,,,,,,,,,,,,Não informado,Reller,2,3,Não informado,Infantil,Não informado,Classic,sem Pés,Não informado,Não informado,Não informado,Não informado,Não informado,"Corrediças telescópicas, Puxadores embutidos",Clean,Azul,Reller,2 Gavetas,3 Portas,Solteiro,,MDF,Clássico,Convencional
Guarda Roupa Casal 6 Portas e 6 Gavetas c/ Espelho Imaginare Atacama - Santos Andirá,<strong>Guarda Roupa Casal 6 Portas e 6 Gavetas c/ Espelho Imaginare Atacama - Santos Andirá</strong><br> <br> Marca: <strong>Santos Andirá</strong><br><br>Dimensões(Cm): Comprimento(Profundidade): 46 x Largura: 240 x Altura: 219<br> <br> <strong>CARACTERÍSTICAS DE MÓVEIS</strong><br> <strong>Tipo de Estrutura do Móvel</strong><br> - MDF/MDP<br> <strong>Tipo de Pintura</strong><br> - UV<br> - Texturizada<br> <strong>Tipo de Acabamento da Pintura</strong><br> - Semi Brilho<br> <strong>Tipo de puxador</strong><br> - Madeira<br> <strong>Quantidade de Prateleiras</strong><br> - 7<br> <strong>Quantidade de Gavetas</strong><br> - 4<br> <strong>Diferenciais da Gaveta</strong><br> - c/ Corrediças Metálicas<br> <strong>Quantidade de Portas</strong><br> - 6<br> <strong>Garantia</strong><br> - 3<br> <br> <strong>04 - CARACTERÍSTICAS E BENEFÍCIOS DOS MÓVEIS DE QUARTO</strong><br> - Casal<br> <br> <br> <strong> Não nos responsabilizamos pela montagem/instalação dos produtos.</strong><br> <strong>Todas as informações divulgadas são de responsabilidade exclusiva do fabricante/fornecedor. </strong><br> <strong>Imagens Meramente Ilustrativas.</strong><br> <strong>Verifique com os fabricantes do produto e de seus componentes eventuais limitações à utilização de todos os recursos e funcionalidades.</strong>,"{""cor"":""Atacama"",""marca"":""Santos Andirá"",""quantidade_de_portas"":""6 Portas"",""tamanho"":""Casal""}",Atacama,Santos Andirá,,6 Portas,Casal,,,,,,,,,,,,Não informado,Santos Andirá,6,6,Casal,Guarda Roupa,MDFMDP,Não informado,c Espelho,Não informado,7,46,6,Não informado,c Corrediças Metálicas,Atacama,Marrom,Santos Andirá,6 Gavetas,6 Portas,Casal,,MDF e MDP,,Convencional
Guarda Roupa 3 Portas Com Espelho Central Milão Tcil Móveis,"Com 3 portas de correr com espelhos e 6 gavetas internas, o Guarda-Roupa Milão foi projetado com um design clássico e elegante que vai agregar valor a qualquer dormitório. Além da estética, oferece um espaço de armazenamento amplo e bem dividido para o seu consumidor. Sua estrutura em MDP com Pintura UV garantem um padrão elevado de qualidade. Aproveite!<br> <br><br> <br>PRODUTO FLEX: COM PORTAS REVERSÍVEIS!<br> <br><br> <br>Especificações do produto montado<br> <br>Altura: 234 cm<br> <br>Largura: 270 cm<br> <br>Profundidade: 55 cm<br> <br>Peso: 203 kg<br><br>Características:<br> <br>Produto em MDF<br> <br>Corrediças telescópicas<br> <br>Cabideiros em alumínio<br> <br>Roldanas com Rolamento<br> <br>Perfil Puxador nas portas em alumínio<br> <br>Perfil H em PVC nas costas<br> <br>Trilhos inferior e superior em alúminio <br> <br>Gavetas internas com puxadores em PVC<br> <br>Garantia: 90 dias<br> <br>Necessita de Montagem? Sim<br> <br>Complexidade de Montagem: Alta<br> <br>Recomendações de Uso, Manutenção e Limpeza: Limpar com flanela limpa e seca. Não usar produtos abrasivos.<br><br>Observações:<br> <br>Não oferecemos serviço de montagem, mas todos os produtos possuem manual com o passo a passo.Recomendamos contratar um profissional de sua preferência. Pode existir alguma diferença de tonalidade entre a foto e o produto, devido ao tratamento de imagens e à calibração de cores do monitor.<br><br><br> <br>","{""cor"":""Neve"",""marca"":""Tcil Móveis""}",Neve,Tcil Móveis,,,,,,,,,,,,,,,Não informado,Tcil Móveis,6,3,Não informado,Guarda-Roupa,MDP,Clássico,Com Espelho Central,MDF,Não informado,270 cm,3 Portas de Correr,Correr,"Gavetas Internas, Espelhos, Cabideiros em Alumínio, Corrediças Telescópicas, Roldanas com Rolamento, Perfil Puxador nas Portas em Alumínio, Perfil H em PVC nas Costas, Trilhos Inferior e Superior em Alumínio, Gavetas Internas com Puxadores em PVC",Milão,Neve, Tcil Móveis,3 Gavetas,6 Portas,,,MDP,,Correr
Guarda Roupa Casal Velaris Branco Brilho com Espelho - Lopas,"<p><span>Guarda Roupa Casal Velaris Branco Brilho com Espelho - Lopas</span></p><p><span>Personalidade, beleza e otimização são qualidades importantes do Guarda Roupa Velaris. Com ele, seu dormitório fica muito mais bonito e espaçoso, já que as portas deslizantes permitem aproveitar melhor a área útil do quarto. Conta com amplo espaço interno, ótimas repartições para lhe proporcionar maior organização e praticidade no seu dia a dia. Seu design garante modernidade e sofisticação ao ambiente. Não perca a chance de adquirir esse lindo produto!<br> <br> Características:</span></p><p><span>- Produto em MDF com chapas de 15mm<br></span>- Pintura na cor Branco<br>- Acabamento U.V brilho<br><span>- Encabeçamento das portas em MDF de 25 mm</span><br>- 2 Portas deslizantes <br> - 1 Porta com detalhe ripado <br>- 1 Porta com espelho<br>- 4 Gavetas grandes e espaçosas<br>- Gavetas com corrediças telescópicas<br>- Gavetas com distanciadores em MDF<br>- 8 prateleiras internas<br>- Maleiro sem divisória<br>- Cabideiros em alumínio<br>- Calceiro<br>- Espaço para calçados<br>- Espaço para roupas longas<br>- Roldanas reguláveis com molas<br>- Lindo design</p><p><span><span>Dimensões:<br> Altura: 230 cm<br> Largura: 220 cm<br> Profundidade: 55 cm</span><br><br> * Atenção: Não realizamos a montagem ou instalação do produto, porém acompanha manual de instruções.</span></p><p><span>* Importante: Imprescindível a conferência no ato da entrega. Em caso de anormalidade, recuse.</span></p>","{""marca"":""Lopas"",""tamanho"":""Casal""}",,Lopas,,,Casal,,,,,,,,,,,,Branco Brilho,Lopas,4,3,Casal,Guarda Roupa,MDF,Moderno,Com Espelho,MDF,8,220 cm,"2 Portas deslizantes, 1 Porta com detalhe ripado, 1 Porta com espelho",Deslizante,"Gavetas com corrediças telescópicas, Gavetas com distanciadores em MDF, Maleiro sem divisória, Cabideiros em alumínio, Calceiro, Espaço para calçados, Espaço para roupas longas, Roldanas reguláveis com molas",Não informado,Branco,Móveis Lopas,4 Gavetas,2 Portas,Casal,,MDF,,Correr
Berço Americano e Guarda Roupa Infantil 3 Portas Retro Gold Rose Eco Wood  Matic,"<p>Berço Americano e Guarda Roupa Infantil 3 Portas Retro Gold Rose Eco Wood – Matic</p><p>Apresentamos a vocês que procuram por moveis de qualidade para o quartinho do bebê, o Berço Americano com função mini cama e o Guarda Roupa Infantil 3 Portas da linha Retro Gold possui amplo espaço interno para melhor organizar as roupinhas, acessórios e sapatinhos do bebê, desenvolvido pela Matic com lindo e moderno design na cor Rose Eco Wood. Não deixe de aproveitar!</p><p>Berço Americano Retro Gold Rose Eco Wood – Matic</p><p>Características Técnicas:<br> - Desenvolvido em MDF <br> - Pés em madeira maciça <br> - Rose Eco Wood <br> - Cantos arredondados <br> - Estrado do colchão em 03 níveis de altura podendo ser alterado conforme as fases de crescimento do bebê<br> - Opção mini cama aumentado a vida útil do móvel<br> - Suporte varão para mosquiteiro<br> - Utiliza colchão 70/130 (vendido separadamente) <br> - Modelo Retro<br> - Lindo design<br> - INMETRO<br> - Qualidade Matic Móveis<br></p> Dimensões:<br> Altura: 93 cm<br> Largura: 133 cm<br> Profundidade: 78 cm<p>Guarda Roupa Infantil Retro Gold 3 Portas Rose Eco Wood – Matic</p><p>Características Técnicas:<br> - Desenvolvido 100% em MDF<br> - Na cor Rose<br> - Sistema de pintura com tinta atóxica que não tem cheiro e não faz mal a saúde do bebê<br> - Possui 03 portas<br> - Cabideiro metálico<br> - Prateleiras<br> - Puxadores em furo<br> - 02 gavetas com design em estilo cascata<br> - Corrediças telescópicas livres de qualquer enrosco<br> - Pés de madeira em estilo retro na cor Eco Wood<br> - Amplo espaço interno<br> - Lindo design</p><p>Dimensões:<br> Altura: 205 cm<br> Largura: 132 cm<br> Profundidade: 43,7 cm</p><p>Obs: Não realizamos a montagem, porém acompanha manual de instruções.</p>","{""cor"":""Rosê Eco Wood"",""marca"":""Matic Móveis""}",Rosê Eco Wood,Matic Móveis,,,,,,,,,,,,,,,Rose Eco Wood,Matic,2,3,Não informado,Infantil,MDF,Retro,Não informado,MDF,Não informado,437 cm,3 Portas,Não informado,"Cabideiro metálico, Prateleiras, Puxadores em furo, 02 gavetas com design em estilo cascata, Corrediças telescópicas livres de qualquer enrosco, Pés de madeira em estilo retro na cor Eco Wood",Não informado,,,,,,,,,
Guarda Roupa Ripado 6 Portas Candoí Cinamomo Off White,"<p>Esse Guarda Roupa é perfeito para você que procura sofisticação e e praticidade na hora da organização</p> <p>Feito em MDP.Possui detalhes nas portas laterais em diagonal com acabamento ripado, 4 gavetas com corrediça telescópicas, 6 portas, 2 cabideiros e 9 prateleiras</p> <p>Dimensão do Guarda Roupa:</p> <p>Altura: 230 cm</p> <p>Largura: 240 cm</p> <p>Comprimento: 47 cm</p> <p>Informações do Guarda Roupa:</p> <p>Cor: Cinamomo/Off White</p> <p>Gavetas: Sim (4) Corrediças Telescópicas </p> <p>Prateleiras: Sim (9)</p> <p>Portas: Sim (6) Bater</p> <p>Cabideiros: Sim (2) Alumínio</p> <p>Puxadores: Sim (4) MDF</p> <p>Pés: Sim (8) ABS</p> <p>Material Principal: MDP</p> <p>Itens Inclusos:</p> <p>1 Guarda Roupa</p> <p>Manual de Montagem</p> <p>Kit completo para montagem e manual de instruções</p> <p>Garantia:</p> <p>3 meses contra defeito de fabricação</p> <p>Informações Adicionais:</p> <p>Fotos meramente ilustrativas do produto no ambiente.</p> <p>Os objetos que ambientam as fotos não acompanham o produto;</p> <p>Verificar descrição e tamanho do produto antes da compra.</p> <p>Avaliar a mercadoria no ato do recebimento e recuse em caso de divergência ou avarias.</p> <p>Mantenha as informações de contato e endereço de entrega atualizados para entrarmos em contato caso necessário.</p> <p>Limpar com flanela ou pano macio seco, não utilizar produtos abrasivos, desengordurantes, álcool ou solvente. Não expor o produto diretamente à luz solar e à umidade.</p> <p>Sugerimos a contratação de um montador profissional para a montagem do produto. Não nos responsabilizamos por avarias causadas no ato da montagem.</p> <p>Não nos responsabilizamos pela montagem e desmontagem do produto no ato da entrega e devolução, assim como os custos gerados nestas situações.</p> <p>A transportadora entregará o produto no andar térreo do endereço de entrega.</p> <p>Não nos responsabilizamos por subir escadas, corredores e elevadores ou transporte por guincho em apartamento</p>","{""tamanho"":""Casal""}",,,,,Casal,,,,,,,,,,,,Cinamomo Off White,Candoí,4,6,"Altura 230 cm
Largura 240 cm
Comprimento 47 cm",Guarda Roupa,MDP,Ripado,Não informado,MDP,9,47,Sim 6 Bater,Bater,"4 gavetas com corrediça telescópicas
2 cabideiros
9 prateleiras",Não informado,Cinamomo e Off White,CasaH,4 Gavetas,6 Portas,,,MDF,,Convencional
Guarda Roupa 6 Portas 6 Gavetas 4 Cabideiros MDF Ypê,"<p>Guarda Roupa 6 portas MDF Ypê</p> <p>Organize seu espaço com sofisticação e praticidade. Apresentamos o Guarda-Roupa Colibri Ypê D'doro, com 6 portas para atender todas as suas necessidades de armazenamento. Desfrute de um design elegante e funcionalidade incomparável.</p> <p>ESPECIFICAÇÕES TÉCNICAS</p> <p>Cor: Ypê.</p> <p>Material de composição: Portas e Moldura em MDF 15mm.</p> <p>Necessita de montagem profissional.</p> <p>Corrediça telescópica 40cm</p> <p>Quantidade de portas: 6</p> <p>Puxadores de madeira.</p> <p>Quantidade de cabideiros: 4.</p> <p>Quantidade de gavetas: 6.</p> <p>Profundidade de gaveta de 40 cm.</p> <p>Abertura total da gaveta.</p> <p>Gavetas com puxador.</p> <p>Chapas de 15mm.</p> <p>Duas Sapateiras.</p> <p>Produto nacional.</p> <p>MEDIDAS</p> <p>Largura: 206 cm.</p> <p>Altura: 218 cm.</p> <p>Profundidade: 48 cm.</p> <p>Peso: 158 kg</p> <p>1125362.</p>","{""cor"":""Branco"",""marca"":""D'Doro"",""quantidade_de_gavetas"":""6 Gavetas"",""quantidade_de_portas"":""6 Portas""}",Branco,D'Doro,6 Gavetas,6 Portas,,,,,,,,,,,,,Ypê,Ddoro,6,6,Não informado,Guarda-Roupa,MDF,Não informado,Não informado,MDF,Não informado,206 cm,6 Portas,Não informado,4 Cabideiros,Não informado,Branco,D'Doro Móveis,6 Gavetas,6 Portas,,,MDF,,Convencional
Guarda Roupa Attore 4 Portas e Cômoda Atria Amêndola com Cabeceira Emilia 140 cm Taupe  Demartêz,"<p>Guarda Roupa Attore 4 Portas e Cômoda Atria Amêndola com Cabeceira Emilia 140 cm Taupe – Demartêz</p><p>Para deixar seu quarto ainda mais aconchegante, Apresentamos o Guarda Roupa Casal Attore e a Cômoda Atria da Demartêz, juntamente com a Cabeceira Emilia da IDF Decor. Perfeito para você que procura praticidade, mas também quer deixar o ambiente muito mais confortável e agradável. O Guarda Roupa e a Cômoda contam com um amplo espaço interno que facilita na organização de Roupas e Acessórios, contam também com duas opções de cores incríveis. Já a cabeceira trás um design lindo e moderno que deixa o ambiente harmonioso e combina com qualquer decoração. Confira as Dimensões e Aproveite!</p><p>Guarda Roupa Casal Attore 4 Portas Amêndola – Demartêz</p><p>Características Técnicas:<br> - Desenvolvido em MDP <br> - Pintura e acabamento em UV na cor Amêndola <br> - Possui 4 Portas <br> - Possui 3 Gavetas <br> - Gavetas com corrediças telescópicas livres de qualquer enrosco <br> - Puxadores em alumínio <br> - Possui 2 cabideiros metálicos <br> - Espaço para calçados <br> - Maior organização, espaço e praticidade <br> - Design lindo e moderno</p><p>Dimensões: <br> Altura: 230 cm<br> Largura: 180 cm <br> Profundidade: 55 cm</p><p>Cômoda Átria 4 Gavetas Amêndola – Demartêz</p><p>Características Técnicas:<br> - Desenvolvido em MDP<br> - Pintura e acabamento em UV na cor Amêndola <br> - Puxador da gaveta com abertura por fecho toque <br> - Possui 4 gavetas <br> - Gavetas com corrediças telescópicas livres de qualquer enrosco <br> - Maior organização, espaço e praticidade <br> - Design moderno</p><p>Dimensões:<br> Altura: 104 cm<br> Largura: 92 cm<br> Profundidade: 45 cm</p><p>Cabeceira Casal Emilia 140 cm Taupe Suede – IDF Decor</p><p>Características Técnicas: <br> - Estrutura em madeira de Eucalipto <br> - Produzido com material ecologicamente correto, para maior durabilidade e resistência da peça <br> - Acabamento com espuma de altíssima qualidade e procedência <br> - Possui Pés em plástico <br> - Detalhes com botões capitonê na cor do tecido <br> - Revestimento em tecido Suede<br> - Ideal para cama Box de 138 cm <br> - Conta com sistema de frame <br> - Lindo Design</p><p>Dimensões:<br> Altura: 120 cm<br> Largura: 140 cm <br> Profundidade: 19 cm</p><p>Obs: Montagem do produto não está incluso, acompanha manual de instruções.</p>","{""marca"":""Demartêz"",""tamanho"":""Casal""}",,Demartêz,,,Casal,,,,,,,,,,,,Amêndola,Demartêz,3,4,Casal,Guarda Roupa,MDP,Moderno,Não informado,MDP,Não informado,180 cm,4 Portas,Não informado,"Gavetas com corrediças telescópicas livres de qualquer enrosco, Puxadores em alumínio, 2 cabideiros metálicos, Espaço para calçados",Não informado,,,,,,,,,
Guarda Roupa 2 Portas 6 Gavetas Naturalle Josandro,"Móvel indispensável ao bom funcionamento do dormitório, o Guarda-Roupa é aquela peça que traz toda a organização que você precisa mais um complemento para a decoração do ambiente. De estrutura robusta e visual básico, o modelo Naturalle tem espaços internos perfeitos para acomodar roupas, calçados, acessórios e todos aqueles itens que precisam ficar bem dispostos e de fácil alcance para a rotina, enquanto por fora ele tem portas deslizantes que são ótimas para ajudar a aproveitar melhor a área útil do quarto. Tudo isso é coroado pela tonalidade sóbria, que é leve e super fácil de harmonizar com o restante do mobiliário - só vantagens para o seu o cantinho relax, né?","{""cor"":""Branco"",""quantidade_de_gavetas"":""6 Gavetas"",""tamanho"":""Casal""}",Branco,,6 Gavetas,,Casal,,,,,,,,,,,,Naturalle,Josandro,6,2,Não informado,Guarda-Roupa,Não informado,Não informado,Não informado,Não informado,Não informado,Não informado,deslizantes,Não informado,Não informado,Não informado,Branco,Josandro,6 Gavetas,2 Portas,Casal,,MDF e MDP,Moderno ,Correr
Guarda Roupa Solteiro 4 Portas 2 Gavetas - Hawai-Imbuia - Móveis Rufato,"Guarda Roupa Solteiro 4 Portas 2 Gavetas - Hawai-Imbuia - Móveis Rufato<br> <br>O Guarda Roupa Hawai chegou trazendo modernidade e beleza. Compacto, robusto e de extrema qualidade, é perfeito para quem procura um móvel com um toque diferenciado para seu quarto. Confira e aproveite! <br> <br>Faz parte deste ambiente:<br>Guarda Roupa Solteiro 4 Portas 2 Gavetas - Hawai - Móveis Rufato<br>Obs: Objetos de decoração não inclusos.<br> <br>Particularidades do Guarda Roupa:<br>Características:<br>- Interno na cor do produto<br>- Estrutura em MDP<br>- 2 Gavetas<br>- Corrediças telescópicas<br>- Estrutura do guarda roupa 12mm<br>- Cabideiro em madeira<br>- Dobradiças de pressão<br>- 4 Portas<br>- Espaço para sapatos<br>- Prateleiras <br> <br>Dimensões:<br>Altura: 2 metros<br>Largura: 1,21 metros<br>Profundidade: 47 centímetros<br> <br>Informações Importantes:<br>-O envio desse produto é feito através de transportadora.<br>-Produtos podem apresentar diferenças de tonalidades entre a foto na tela e o produto real, devido a calibração de cor de tela. <br>-Limpar com flanela ou pano macio. Não utilizar álcool. Não utilizar produtos abrasivos ou corrosivos.<br>-Nós prezamos pela qualidade da entrega em primeiro lugar, trabalhamos com transportadoras altamente selecionadas e os melhores materiais de embalagem.<br>-A montagem é de total responsabilidade do comprador. Não nos responsabilizamos por montagens. Antes de comprar, verifique o espaço disponível para a montagem.<br>-Certifique-se de que o produto caiba em elevadores e vãos de escadas, não fazemos içamentos. Quaisquer despesas deste tipo ficam a cargo do cliente<br>-Garantia de 3 meses contra defeitos de fabricação.","{""marca"":""Rufato"",""tamanho"":""Solteiro""}",,Rufato,,,Solteiro,,,,,,,,,,,,Imbuia,Móveis Rufato,2 Gavetas,4 Portas,Solteiro,Guarda Roupa,MDP,Não informado,Não informado,Madeira,Não informado,121 metros,4 Portas,Não informado,"Corrediças telescópicas, Espaço para sapatos, Prateleiras, Cabideiro em madeira",Hawai,Imbuia,Móveis Rufato,2 Gavetas,4 Portas,Solteiro,,MDP,Moderno ,Convencional
Guarda Roupa Industrial Nami Modular Branco,"Guarda Roupa Industrial Nami Modular Branco<br><br>O Guarda Roupa Industrial Nami Modular é ideal para a organização das suas roupas, oferecendo um novo estilo de decoração.<br><br>Com design industrial e se encaixa no estilo minimalista. <br><br>Perfeito para deixar o ambiente organizado <br><br>Dimensões do produto:<br><br>Altura: 200 cm<br><br>Largura: 54 cm<br><br>Profundidade: 40 cm<br><br>Informações do produto:<br><br>Suporta 30 Kg<br><br>Gavetas: Sim (1)<br><br>Nichos: Não<br><br>Prateleira: Sim (3)<br><br>Portas: Não<br><br>Cabideiro: Não<br><br>Espelho: Não<br><br>Cor Principal: Branco<br><br>Material: Aço Carbono e MDP<br><br>Itens Inclusos:<br><br>- 01 Guarda Roupa Industrial<br><br>- Kit completo para montagem, manual de instruções.<br><br>Garantia:<br><br>3 meses contra defeito de fabricação.<br><br>Informações complementares:<br><br>- Fotos meramente ilustrativas do produto no ambiente.<br><br>- Os objetos que ambientam as fotos não acompanham o produto;<br><br>- Verificar descrição e tamanho do produto antes da compra.<br><br>- Avaliar a mercadoria no ato do recebimento e recusar em caso de divergência ou avarias.<br><br>- Mantenha as informações de contato e endereço de entrega atualizados para entrarmos em contato caso necessário.<br><br>- Limpar com flanela ou pano macio seco, não utilizar produtos abrasivos, desengordurantes, álcool ou solvente. Não expor o produto diretamente à luz solar e à umidade.<br><br>* Sugerimos a contratação de um montador profissional para a montagem do produto. Não nos responsabilizamos por avarias causadas no ato da montagem.<br><br>* Não nos responsabilizamos pela montagem e desmontagem do produto no ato da entrega e devolução, assim como os custos gerados nestas situações.<br><br>* A transportadora entregará o produto no andar térreo do endereço de entrega.<br><br>* Não nos responsabilizamos por subir escadas, corredores e elevadores ou transporte por guincho em apartamentos.","{""marca"":""Artefamol"",""tipo"":""Modulado""}",,Artefamol,,,,Modulado,,,,,,,,,,,Branco,Nami,1,Não,"Altura 200 cm
Largura 54 cm
Profundidade 40 cm",Industrial,Aço Carbono e MDP,Minimalista,Não informado,Aço Carbono e MDP,3,Não informado,Não,Não informado,"Gavetas Sim
Nichos Não
Prateleira Sim
Portas Não
Cabideiro Não
Espelho Não",Não informado,Branco,Artefamol,,,,Modulado,Aço e MDP,Industrial ,Convencional
Guarda Roupas Infantil 4 Portas 3 Gavetas Ane Phoenix Baby,"Você que procura por guarda roupa ideal para o quartinho do bebê, não pode deixar de conhecer esse lindo modelo que preparamos, para atender suas expectativas e necessidades. Guarda Roupa 4 portas e 3 gavetas da linha Ane foi desenvolvido pela Phoenix para lhe ajudar no dia a dia com a organização dos pertences do bebê. Produzido para papais e mamães que buscam um ambiente apaixonante e clean. Você irá se encantar. Não perca tempo e garanta já o seu!","{""cor"":""Branco"",""marca"":""Phoenix Baby""}",Branco,Phoenix Baby,,,,,,,,,,,,,,,Não informado,Phoenix,3 Gavetas,4 Portas,Não informado,Infantil,Não informado,Não informado,Não informado,Não informado,Não informado,Não informado,4 Portas,Não informado,Não informado,Baby,Branco,Phoenix Baby,3 Gavetas,4 Portas,Solteiro,,MDF,,Convencional
Guarda-Roupa Casal 6 Portas 2 Gavetas Lages Móveis Leão,"O Guarda-Roupa Casal Lages vem com espaço para organizar e facilitar a disposição dos seus objetos do dia a dia, com três prateleiras, 3 cabideiros e 2 gavetas, além de espaço para seus calçados. O Lages vem em cores neutras para combinar com o seu ambiente.","{""marca"":""Móveis Leão"",""quantidade_de_gavetas"":""2 Gavetas"",""tamanho"":""Casal""}",,Móveis Leão,2 Gavetas,,Casal,,,,,,,,,,,,Não informado,Leão,2 Gavetas,6 Portas,Casal,Guarda-Roupa,Não informado,Não informado,Não informado,Não informado,3 prateleiras,Não informado,Não informado,Não informado,3 cabideiros,Não informado,Acácia,Móveis Leão,4 Gavetas,6 Portas,Casal,,MDP,Moderno ,Convencional
Guarda Roupa Casal Aurora 3 Portas e 3 Gavetas Ripado Santos Andira,"Guarda Roupa Casal Aurora 3 Portas e 3 Gavetas Ripado Santos Andira<br> <br> Móvel de alta qualidade, beleza e sofisticação.<br> Projetado para atender aos gostos mais exigentes em funcionalidade e espaço.<br> <br> Características Internas:<br> <br> 03 amplas gavetas com corrediças telescópicas <br> 03 amplos cabideiros em alumínio para organização.<br> 5 prateleiras<br> 03 puxadores de MDF revestido<br> Espaço para Sapatos<br> <br> <br> Estrutura<br> Portas MDP 15mm<br> Laterais MDP 12mm<br> Base/Chapéu MDP 12mm<br> <br> Produto Composto de 04 volumes sendo essas dimensões<br> <br> <br> Volumes 1/3: Largura: 46,5 cm Altura: 9 cm Comprimento: 221,5 m<br> Volumes 2/3: Largura: 46,9 cm Altura: 5,3 cm Comprimento: 204,3 m<br> Volumes 3/3: Largura: 46,5 cm Altura: 7,3 cm Comprimento: 212,7 m<br> <br> Dimensão do Produto<br> A 219 m<br> L 1734 m <br> C 46,3 cm<br> <br> Medidas Internas da Gaveta<br> <br> Largura: 40,3 cm Altura: 10,1 cm Comprimento: 34,3 m<br> <br> <br> Observação:<br> Produto para uso residencial em ambiente interno, não devendo ficar exposto diretamente ao sol, calor e umidade excessiva. Pode haver alguma diferença de tonalidade entre a imagem e o produto real, por conta do tratamento de imagens e a calibração de cores do seu monitor. As imagens são meramente ilustrativas, não acompanham objetos de decoração e eletrônicos.<br> A empresa não se responsabiliza por montagens/desmontagens ou instalação dos produtos adquiridos neste site, como também ficando sob responsabilidade do cliente/comprador eventuais despesas no ato da entrega, por subir escadas/elevadores ou pelo transporte por guincho em apartamentos. Por conta disso, sempre confira as dimensões do produto e certifique-se que as medidas sejam suficientes para entrada em elevadores, portas, escadas e/ou corredores de sua residência.<br> Ao receber a mercadoria, o cliente deve verificar as condições da embalagem, caso haja alguma violação não assine o comprovante de recebimento.<br> <br> <br> Garantia de Fábrica: 03 Meses (90 dias)<br> <br> Obs.: A Santos Andirá não disponibiliza serviço de montagem. O produto segue com manual e todas as ferragens necessárias para a instalação. <br> <br> 1 - O produto é novo?<br> R.: Todos os produtos da Santos Andirá são novos, enviados da nossa fábrica diretamente para as casas de nossos clientes. <br> <br> 2 - O produto vem montado? Se não, vocês realizam a montagem? <br> R.: Não, o produto vai desmontado. A Santos Andirá não disponibiliza serviço de montagem. Todos os produtos seguem com manual de instalação e as ferragens necessárias<br> <br> 3 - Vocês possuem loja física? Posso retirar meu produto em mãos? <br> R.: Não possuímos loja física, apenas loja virtual. Confira as opções de envio ao colocar o seu CEP. <br> <br> 4 - Qual é o valor do envio? Posso pagar separadamente? <br> R.: O valor do envio é calculado com base no peso e volume do produto, e no CEP de destino. Você pode calcular o valor e prazo de entrega informando se cep, ele será calculado automaticamente. Não é possível pagar separadamente, precisa ser junto com o produto<br> <br> 5 - A Santos Andirá entrega em todo Brasil? Como é feita a entrega? <br> R.: Entregamos na maioria da cidade do Brasil, consulte a disponibilidade informando seu CEP. Transporte é feito através de transportadoras parceiras.<br> <br> 6 - Os produtos possuem garantia? <br> R.: Sim. Santos Andirá oferece 3 meses de garantia para defeitos de fabricação.<br> <br> 7- O que acontece se meu produto chegar fora da normalidade?<br> R- Seu Produto possui garantia de 3 meses, qualquer anormalidade no recebimento ou na hora da montagem, será feito a substituição das peças ou do produto se for necessário.<br> <br> 8- A garantia cobre qualquer defeito?<br> R- Não! Ela cobrirá peças com defeitos ou com vícios do produto ou de fabricação, erro da montagem não é coberto pela garantia, sempre contrate um profissional de montagem.<br> <br> 9- O produto vem com pés ou espelhos?<br> R- Os nossos produtos possuem diversas variações, consulte as informações na ficha técnica e descritivo do produto para certificar-se que o mesmo possui pés, espelhos e quaisquer outras características que seja do seu interesse.","{""cor"":""Jatobá"",""marca"":""Santos Andirá"",""tamanho"":""Casal""}",Jatobá,Santos Andirá,,,Casal,,,,,,,,,,,,Não informado,Santos Andira,3,3,Casal,Guarda-Roupa,MDP,Ripado,Não informado,MDF,5,1734,3 Portas,Não informado,Corrediças telescópicas,Não informado,Jatobá,Santos Andirá,3 Gavetas,3 Portas,Casal,,MDP,,Convencional
Guarda Roupa Casal 3 Portas de Correr e 4 Gavetas c/ Espelho e Pés B573A Polipropileno Branco - Kappesberg,<br> Guarda Roupa Casal 3 Portas de Correr e 4 Gavetas c/ Espelho e Pés B573A Branco - Kappesberg<br><br> Marca: Kappesberg<br><br>Dimensões(Cm): Comprimento(Profundidade): 56cm x Largura: 251cm x Altura: 230cm<br> <br> CARACTERÍSTICAS DE MÓVEIS<br> Tipo de Estrutura do Móvel<br> - MDF/MDP<br> Tipo de Pintura<br> - UV<br> - Texturizada<br> Tipo de Acabamento da Pintura<br> - Semi Brilho<br> Tipo de puxador<br> - Metálico<br> Quantidade de Prateleiras<br> - 5 Prateleiras<br> Quantidade de Gavetas<br> - 4 Gavetas<br> Diferenciais da Gaveta<br> - c/ Corrediças Metálicas<br> Quantidade de Portas<br> - 3 Portas de Correr<br> Quantidade de nichos<br> - 3 nichos<br> Garantia<br> - 3 meses<br> <br> BENEFÍCIOS DE MÓVEIS<br> Certificação de Qualidade de Móveis<br> - Qualidade Aprovada<br> <br> 04 - CARACTERÍSTICAS E BENEFÍCIOS DOS MÓVEIS DE QUARTO<br> Tamanho do Guarda-Roupa<br> - Casal<br><br>Imagens Meramente Ilustrativas.<br>Não nos responsabilizamos pela montagem/instalação dos produtos.<br>Todas as informações divulgadas são de responsabilidade exclusiva do fabricante/fornecedor.,"{""cor"":""Branco"",""marca"":""Kappesberg"",""quantidade_de_gavetas"":""4 Gavetas"",""quantidade_de_portas"":""3 Portas""}",Branco,Kappesberg,4 Gavetas,3 Portas,,,,,,,,,,,,,Branco,Kappesberg,4 Gavetas,3 Portas,Casal,Guarda-Roupa,MDFMDP,Não informado,c Espelho e Pés,Polipropileno,5 Prateleiras,56cm,de Correr,de Correr,c Corrediças Metálicas,Não informado,Branco ,Kappesberg,4 Gavetas,3 Portas,Casal,,MDF e MDP,,Correr
Guarda Roupa Havana Master VIP 8.4 com Pés Castanho/Off White - Santos Andirá,"O guarda-roupa Master Vip 8.4 é um produto de amplo espaço. Possui divisão interna ideal para compor um quarto de casal, pois possui espaço certo para Ele e também para Ela. Com 04 amplas gavetas que deslizam suavemente sobre corrediças metálicas, 10 amplas prateleiras para acomodar as roupas que precisam ser dobradas, 04 cabideiros/calceiros em alumínio para pendurar as roupas com organização. Sem falar em seu design moderno com puxadores em alumínio, dando ao produto mais charme e beleza. <br><br> Altura (cm): 222,6<br>Largura (cm): 238,8<br>Profundidade (cm): 46,3<br>Peso (Kg): 148,4<br>Referencia (cm): 152227P<br>Código de Barras: 7896659485090","{""cor"":""Castanho, Off White"",""marca"":""Santos Andirá"",""tamanho"":""Casal""}","Castanho, Off White",Santos Andirá,,,Casal,,,,,,,,,,,,CastanhoOff White,Santos Andirá,4,Não informado,Não informado,Guarda-Roupa,Não informado,Moderno,Pés,Não informado,10,2388,Não informado,Não informado,"Corrediças metálicas, Cabideiroscalceiros em alumínio",Não informado,Castanho e Off White,Santos Andirá,4 Gavetas,8 Portas,Casal,,Madeira,,Convencional
Guarda Roupa Roupeiro Casal 6 Portas 3 Gavetas Jade Henn,"<p>Para você que deseja luxo e sofisticação, esse roupeiro é ideal! Possui amplo espaço interno e design inovador e diferenciado, espaço para roupas longas e maleiro interno, além de 3 gavetas internas.É produzido em mdp de excelente qualidade e revestimento em impressão uv, garantindo qualidade ao produto.</p> <p>Dimensões do Produto</p> <p>(Altura x Largura x Profundidade): 230 x 250 x 46 cm</p> <p>Características do Produto</p> <p>Material da Estrutura: Fabricado em MDP/MDF com acabamento em pintura UV</p> <p>Volumes: 04</p> <p>Peso: 157kg</p> <p>Diferenciais:</p> <p>Maleiro Interno</p> <p>Cabideiros e calceiros em alumínio</p> <p>Puxadores em ABS cromado</p> <p>03 gavetas internas com corrediças metálicas</p> <p>Roupeiro Rústico e Café com textura exclusiva</p> <p>Montagem:</p> <p>Montagem, desmontagem e outras instalações serão de responsabilidade do cliente. Não nos responsabilizamos, no ato da entrega, por subir escadas/elevadores ou pelo transporte por guincho em apartamentos. Eventuais despesas são de responsabilidade do comprador;</p> <p>Recomendações de montagem:</p> <p>Recomendamos que a montagem seja realizada por um profissional;</p> <p>Recomendação de Limpeza:</p> <p>Limpar com pano seco ou levemente úmido. Não molhar o móvel e não expor em lugar úmido ou de calor intenso;</p> <p>Garantia:</p> <p>Todos os nossos produtos possuem 90 dias de garantia para defeitos de fabricação;</p>","{""marca"":""Henn"",""quantidade_de_gavetas"":""3 Gavetas"",""quantidade_de_portas"":""6 Portas"",""tamanho"":""Casal""}",,Henn,3 Gavetas,6 Portas,Casal,,,,,,,,,,,,Jade,Henn,3,6,Casal,Roupeiro,MDP,Rústico,Não informado,MDP,Não informado,250,6 Portas,Não informado,"Maleiro Interno, Cabideiros e calceiros em alumínio, Puxadores em ABS cromado, 03 gavetas internas com corrediças metálicas",Não informado,Branco,Henn,3 Gavetas,6 Portas,Casal,,MDF e MDP,,Convencional
Guarda Roupa Óscar OOL,"Este guarda roupa é o guarda roupa que você estava procurando para deixar seu quarto mais bonito, elegante, organizado e que tenha bastante espaço interno. Com sua fabricação em material de alta qualidade e seu design muito bonito ele, além de deixar seu ambiente muito mais elegante e com requinte, ele ainda é muito resistente, e tem uma vida útil bastante elevada, para que se tenha o maior aproveitamento do produto.","{""cor"":""Branco"",""quantidade_de_portas"":""2 Portas""}",Branco,,,2 Portas,,,,,,,,,,,,,Não informado,Óscar,Não informado,Não informado,Não informado,Guarda Roupa,Não informado,Não informado,Não informado,alta qualidade,Não informado,Não informado,Não informado,Não informado,bastante espaço interno,Não informado,Branco,Santos Andirá,3 Gavetas,6 Portas,,,MDP,,Correr
Guarda-Roupa Solteiro com Espelho 6 Portas 3 Gavetas Fusion Albatroz Móveis,"O Belíssimo Guarda-Roupa Fusion 6 portas e 3 gavetas facilita a organização de suas roupas. Ele possui resistentes cabideiros em alumínio, 1 porta com chave e espelho, 1 porta basculante com pistão a gás e os pés com regulagem de altura para nivelamento já são inclusos. Ideal pra você que busca praticidade e beleza em um só produto.","{""cor"":""Carvalho Grife, Off White"",""marca"":""Albatroz Móveis"",""quantidade_de_gavetas"":""3 Gavetas"",""quantidade_de_portas"":""6 Portas"",""tamanho"":""Solteiro""}","Carvalho Grife, Off White",Albatroz Móveis,3 Gavetas,6 Portas,Solteiro,,,,,,,,,,,,Não informado,Albatroz Móveis,3 Gavetas,6 Portas,Solteiro,Guarda-Roupa,Não informado,Fusion,Espelho,Não informado,Não informado,Não informado,1 porta com chave e espelho 1 porta basculante com pistão a gás,Não informado,"Cabideiros em alumínio, Pés com regulagem de altura para nivelamento",Não informado,Marrom,Móveis Albatroz,3 Gavetas,6 Portas,Solteiro,,MDP,,Convencional
Guarda-Roupa Casal Kappesberg 6 Portas 2 Gavetas Marrom Verde Oliva - M569,"<p>Transforme seu quarto com o Guarda Roupa de Casal M569 da Kappesberg, combinação perfeita entre sofisticação e modernidade. Conta com 6 portas, 2 gavetas, 6 prateleiras e 3 cabideiros metálicos, oferecendo grande espaço para armazenamento, mantendo suas roupas e objetos pessoais seguros, organizados e ao alcance das mãos. Sua estrutura em MDP de alta qualidade, juntamente com as corrediças metálicas, garantem durabilidade e resistência excepcionais ao móvel. Na sua belíssima combinação das cores Marrom Nogueira em sua estrutura e Verde Oliva nas portas, agregam elegância ao ambiente. Aproveite a qualidade dos móveis da Kappesberg!</p> <p>Especificações:</p> <p>Comprimento: 232 cm</p> <p>Largura: 47 cm</p> <p>Altura: 223 cm</p> <p>Material: MDP</p> <p>6 Portas</p> <p>2 Gavetas com Corrediças Metálicas</p> <p>6 Prateleiras</p> <p>3 Cabideiros Metálicos</p> <p>Puxadores em Madeira</p> <p>Tipo de Porta: de Bater</p> <p>Peso Suportado por Prateleira: 7 kg</p> <p>Peso Suportado por Gaveta: 6 kg</p> <p>Sistema de Montagem: Parafuso Philips</p> <p>Cor: Nogueira/Verde Oliva</p> <p>As configurações do seu monitor ou dispositivo móvel podem afetar a tonalidade da cor do produto. Conferir na descrição.</p> <p>Recomendação de Limpeza: Limpar com pano seco para retirar o pó. Não aplicar produtos abrasivos.</p> <p>Produtos de Enfeite e Eletrônicos Não Estão Inclusos.</p>","{""marca"":""Kappesberg"",""tamanho"":""Casal""}",,Kappesberg,,,Casal,,,,,,,,,,,,Marrom NogueiraVerde Oliva,Kappesberg,2,6,Casal,Guarda-Roupa,MDP,Não informado,Não informado,MDP,6,232 cm,6 Portas,Bater,3 cabideiros metálicos,Não informado,Marrom e Verde Oliva ,Kappesberg ,2 Gavetas,6 Portas,Casal,,MDP,Moderno ,Convencional
Guarda Roupa Conquista Montrea Amêndoa/Whit,"<strong>Guarda Roupa Conquista Montreal 4 Portas e 3 Gavetas - Amêndoa/Off White</strong><br> <br> Marca: <strong>Conquista</strong><br><br>Dimensões(Cm): Comprimento(Profundidade): 159,20 x Largura: 45,00 x Altura: 240,00<br> <br> <strong>CARACTERÍSTICAS DE MÓVEIS</strong><br> <strong>Tipo de Estrutura do Móvel</strong><br> - 100% MDP<br> <strong>Tipo de Pintura</strong><br> - UV (Ultravioleta)<br> <strong>Tipo de Acabamento da Pintura</strong><br> - Semi Brilho<br> <strong>Tipo de puxador</strong><br> - ABS / PVC<br> <strong>Quantidade de Prateleiras</strong><br> - 6 Prateleiras<br> <strong>Quantidade de Gavetas</strong><br> - 3 Gavetas<br> <strong>Diferenciais da Gaveta</strong><br> - Corrediças Metálicas<br> <strong>Quantidade de Portas</strong><br> - 4 Portas de Abrir<br> <strong>Quantidade de nichos</strong><br> - 1 Nicho<br> <strong>Garantia</strong><br> - 3 Meses<br> <br> <br> <strong> Não nos responsabilizamos pela montagem/instalação dos produtos.</strong><br> <strong>Todas as informações divulgadas são de responsabilidade exclusiva do fabricante/fornecedor. </strong><br> <strong>Imagens Meramente Ilustrativas.</strong><br> <strong>Verifique com os fabricantes do produto e de seus componentes eventuais limitações à utilização de todos os recursos e funcionalidades.</strong>","{""cor"":""Amêndoa, Off White"",""marca"":""Conquista Móveis""}","Amêndoa, Off White",Conquista Móveis,,,,,,,,,,,,,,,AmêndoaWhit,Conquista,3 Gavetas,4 Portas,Não informado,Guarda Roupa,100 MDP,Não informado,Não informado,Não informado,6 Prateleiras,15920,4 Portas de Abrir,Não informado,Corrediças Metálicas,Não informado,Amêndoa e Off White,Conquista Móveis,3 Gavetas,4 Portas,,,MDP,,Convencional
Guarda Roupa Casal Colin Off White Nature com Cabeceira Daiana 160 cm Marfim  Henn,"<p>Guarda Roupa Casal Colin Off White Nature com Cabeceira Daiana 160 cm Marfim – Henn</p><p>Para deixar seu quarto ainda mais completo, apresentamos o Guarda Roupa Colin da Henn, e a cabeceira Daiana da IDF Decor. Com um amplo espaço interno e um design super sofisticado, o Guarda Roupa Colin oferece muito mais praticidade para você, e um ambiente super sofisticado que juntamente com a cabeceira, remete muito mais conforto e sofisticação para seu quarto. Confira e aproveite!</p><p>Guarda Roupa Casal Colin Off White Nature - Henn <br> Características Técnicas:<br> - Desenvolvido em MDP/MDF<br> - Chapéu com acabamento soft<br> - Pintura na cor Off White Nature<br> - Acabamento em U.V Brilho e Fosco<br> - 6 Portas<br> - 3 Gavetas internas com corrediças telescópicas<br> - Espaço para calçados<br> - Puxadores em MDF revestidos<br> - Cabideiros e calceiro em alumínio<br> - Pés inclusos<br> - Lindo design</p><p>Dimensões:<br> Altura: 230 cm<br> Largura: 242 cm<br> Profundidade: 46 cm</p><p>Cabeceira Casal Daiana 160 cm Marfim Suede – IDF Decor<br> Características Técnicas:<strong><br> </strong>- Estrutura em madeira de eucalipto<br> - Produzida com material ecologicamente correto, para melhor durabilidade e resistência da peça<br> - Acabamento em espuma de altíssima qualidade e com procedência<br> - Detalhes com botões capitonê<br> - Possui pés em plástico<br> - Revestimento em tecido suede e liso<br> - É ideal para cama box de 158 cm<br> - Conta com sistema de frame<br> - Lindo Design</p><p>Dimensões:<br> Altura: 120 cm<br> Largura: 160 cm<br> Profundidade: 19 cm</p><p>Obs: Não realizamos a montagem do produto, porem acompanha manual de montagem.</p>","{""marca"":""Henn"",""tamanho"":""Casal""}",,Henn,,,Casal,,,,,,,,,,,,Off White Nature,Henn,3,6,Casal,Guarda Roupa,MDP,Não informado,Não informado,MDF,Não informado,160 cm,Não informado,Não informado,Espaço para calçados,Não informado,Off White,Henn,3 Gavetas,6 Portas,Casal,,MDF e MDP,,Convencional
Guarda Roupa Casal Olimpo 6 Portas Cinamomo Off White - Tcil,"Guarda Roupa Casal Olimpo 6 Portas - Tcil<br> <br>DIMENSÕES:<br>Altura: 2,18m<br>Largura: 2,19m<br>Profundidade: 0,47m<br> <br>PRODUTO EM MDP 15MM<br>PUXADORES EM MDF<br>CABIDEIROS EM ALUMÍNIO<br>3 DOBRADIÇAS DE 26MM POR PORTA<br>GAVETAS INTERNAS COM PUXADORES<br> <br> <br>Informações importantes:<br> <br>Objetos decorativos que porventura apareçam na foto, não acompanham o produto.<br>Não nos responsabilizamos pela montagem/instalação dos produtos.<br>Montagens, desmontagens e instalações são responsabilidades do consumidor.<br>Indicamos que contrate uma empresa de montagem ou um montador profissional de sua confiança.<br>As cores dos produtos podem sofrer alterações dependendo do seu monitor ou tela do celular. <br>","{""tamanho"":""Casal""}",,,,,Casal,,,,,,,,,,,,Cinamomo Off White,Tcil,Não informado,6 Portas,Casal,Guarda Roupa,MDP 15MM,Não informado,Não informado,MDF,Não informado,219,6 Portas,Não informado,CABIDEIROS EM ALUMÍNIObr3 DOBRADIÇAS DE 26MM POR PORTAbrGAVETAS INTERNAS COM PUXADORES,Não informado,Off White, Tcil Móveis,3 Gavetas,6 Portas,Casal,,MDP,,Convencional
Guarda Roupa Bolinha de Sabão Plus 3 Portas 2 Gavetas Multimóveis 2655,"O enxoval é um momento especial onde cada peça é pensada com muito carinho para o seu bebê, que tal escolher também o melhor roupeiro para organizar tudo isso? A Multimóveis tem o melhor para você.<br>Esse roupeiro com amplo espaço interno, tem 3 portas, 2 gaveteiros, e cabideiro interno. Possui ainda corrediças metálicas e puxadores redondos, portas com detalhes usinados e acrílico.<br>A cor branca sempre é associada a luz, bondade, pureza e inocência. É uma cor calmante trazendo paz ao ambiente para seu bebê. <br>E na decoração é um clássico que funciona para qualquer gênero, uma tendência que nunca sai de moda, trazendo um estilo mais clean e moderno. <br>Com a base de móveis neutros permite que você crie um belo e atrativo ambiente de descanso e desenvolvimento. O melhor entre qualidade e beleza reunido em um único produto.<br><br><br>Características:<br>Estrutura: MDF<br>Tipo de pintura: Pintura UV e Laca<br>Puxadores: PVC<br>Corrediças: Aço<br>Dobradiças: Metálica<br><br><br>Dimensões:<br>Altura: 203.5 cm<br>Largura: 103.7 cm<br>Profundidade: 42 cm<br>Peso: 65.5 kg<br><br><br>Garantia do Fornecedor de 03 Meses","{""cor"":""Carvalho Avelã,Branco Premium"",""marca"":""Multimóveis"",""quantidade_de_gavetas"":""2 Gavetas"",""quantidade_de_portas"":""3 portas"",""tipo"":""Bebê""}","Carvalho Avelã,Branco Premium",Multimóveis,2 Gavetas,3 portas,,Bebê,,,,,,,,,,,Branca,Multimóveis,2,3,Não informado,Guarda-Roupa,MDF,Não informado,Não informado,Não informado,Não informado,Não informado,3 portas,Não informado,"Corrediças Metálicas, Puxadores Redondos, Portas com Detalhes Usinados e Acrílico",Não informado,Carvalho Avelã e Branco Premium,Multimóveis ,2 Gavetas,3 Portas,Solteiro,,MDF,,Convencional
Guarda Roupa Infantil Amarelinha 2 Portas e 2 Gavetas Branco - Móveis Henn,"<strong>Guarda Roupa Infantil Amarelinha 2 Portas e 2 Gavetas - Móveis Henn</strong><br>O Guarda-Roupa Amarelinha é perfeito para otimizar o espaço e deixar seu quarto ainda mais moderno. Ele conta com 2 amplas gavetas com corrediças metálicas, cabideiro em alumínio e nichos externos decorativos, para organizar e decorar o quartinho do bebê com estilo.<br> <br><strong>ESPECIFICAÇÕES:</strong><br><strong>•</strong> Estrutura em MDP<br><strong>•</strong> Pintura UV atóxica<br><strong>• </strong>2 Portas<br><strong>• </strong>2 Gavetas<br><strong>• </strong>Corrediças metálicas<br><strong>• </strong>Puxadores em ABS<br><strong>• </strong>Cabideiro em alumínio<br><strong>• </strong>Nichos para decoração<br><strong>• </strong>Amplo espaço interno<br><br><strong>Dimensões:</strong><br>Tamanho do Produto (L x A x P): 80 x 180,5 x 40 cm<br><br><strong>Garantia</strong>: 3 meses<br><strong>Montagem</strong>: O Produto vai desmontado com manual e todos acessórios. Recomendamos que a montagem seja feita por um profissional<br><strong>Recomendação de Limpeza: </strong>Utilize pano levemente úmido<br><br><strong>Observações:</strong><br>- A <strong>LOJA</strong> se responsabilizará pela entrega dos produtos até onde as rodovias alcançam, entregas fluviais ou aéreas devem ser cotadas a parte.<br>- As imagens são ilustrativas, não acompanham objetos de decoração.<br>- A montagem será de responsabilidade do comprador. Não nos responsabilizamos, no ato da entrega, por subir escadas/elevadores ou transporte por guincho em apartamentos. Eventuais despesas são de responsabilidade do comprador.<br>- Confira as dimensões do produto e certifique-se de que passará normalmente por supostos elevadores, portas, escadas e/ou corredores de sua residência.<br>Para mais informações, acesse nossa Central de Atendimento.","{""cor"":""Branco"",""marca"":""Henn""}",Branco,Henn,,,,,,,,,,,,,,,Branco,Móveis Henn,2,2,80 x 1805 x 40 cm,Infantil,MDP,Não informado,Não informado,Não informado,Não informado,80,2,Não informado,"Corrediças metálicas, Cabideiro em alumínio, Nichos para decoração, Amplo espaço interno",Amarelinha,Branco,Móveis Henn,2 Gavetas,2 Portas,Solteiro,,MDP,,Convencional
Guarda-Roupas Milly Sem Espelho 6pts/4gav c/6 pes Moveis Novo Horizonte,"Para tudo! Olha só que móvel belo para organizar os pertences de maneira rápida e prática! O Guarda Roupa 4 Portas 2 Gavetas Milly, com divisões internas para acomodar roupas e acessórios. É a peça que faltava para o seu cantinho mais aconchegante, né?<br><br>Ficha técnica do Produto<br>Altura: 205 cm<br>Largura: 180 cm<br>Profundidade: 46,5 cm<br>Peso do Produto(kg): 112Kg<br>Tipo: Guarda roupa casal<br>Material: Produto em MDP, Cabideiros em alumínio, Dobradiças metálicas, puxadores amadeirados e corrediça telescópica.<br>Possui portas: Sim, 6 Portas.<br>Tipo de porta: Articulada.<br>Possui espelho ou vidro: Não possui.<br>Possui Gavetas: Sim, 4 Gavetas.<br>Tipo de Gaveta: Corrediça Telescópica.<br>Possui Prateleiras: Sim, 5 Prateleiras.<br>Possui Pés: Sim, 6 pés.<br>Produto precisa de montagem: Sim.<br>Instruções/Cuidados: Limpar utilizando apenas um pano seco ou levemente umedecido","{""marca"":""Móveis Novo Horizonte"",""tamanho"":""Casal""}",,Móveis Novo Horizonte,,,Casal,,,,,,,,,,,,Não informado,Moveis Novo Horizonte,4 Gavetas,6 Portas,Não informado,Guarda roupa casal,MDP,Não informado,Não informado,MDP Cabideiros em alumínio Dobradiças metálicas puxadores amadeirados e corrediça telescópica,5 Prateleiras,180 cm,Sim 6 Portas,Articulada,Não informado,Não informado,Branco,Novo Horizonte,4 Gavetas,6 Portas,Casal,,MDP,,Articulada
"Guarda-roupa casal com espelho 3 portas de correr 2,70m - Milão-Cinamomo/Off White - Tcil Móveis","Guarda-roupa casal com espelho 3 portas de correr 2,70m - Milão-Cinamomo/Off White - Tcil Móveis<br> <br> O guarda-roupa casal com espelho com 3 portas de corre Milão veio para agradar todos os gostos. Procurando elegância, modernidade e sofisticação para seu quarto? Este é o produto que irá te oferecer essas qualidades. Produto fabricado em MDF com 3 portas de corres, sendo a central com espelho, possui um excelente espaço interno bem distribuído, oferecendo máxima organização de forma prática. Suas gavetas possuem corrediças telescópicas que traz uma maior sofisticação para o guarda-roupa e também proporciona um mecanismo silencioso para abrir e fechar as gavetas, parte interna é na cor do produto e as portas são dupla face, escolha a melhor cor que combine com você e seu quarto. Garanta já o seu!<br> <br> Faz parte deste anúncio:<br> 1 Guarda-roupa com 3 portas (central com espelho) - Milão<br> Obs: Objetos de decorações não inclusos, como cama e cabeceira.<br> <br> Particularidades do guarda-roupa:<br> Características:<br> -Produto em mdf; <br> -6 gavetas com corrediças telescópicas;<br> -Cabideiros em alumínio;<br> -Porta espelho central; <br> -Roldanas com rolamento; <br> -Perfil H em pvc nas costas; <br> -Trilhos inferior e superior em alumínio; <br> -Perfil puxador nas portas em alumínio; <br> -Perfil testeira nas portas em alumínio;<br> -Portas dupla face.<br> <br> Dimensões:<br> Altura: 2,34 Metros<br> Largura: 2,70 Metros<br> Profundidade: 55 Centímetros<br> <br> Informações Importantes:.<br> -O envio desse produto é feito através de transportadora.<br> -Produtos podem apresentar diferenças de tonalidades entre a foto na tela e o produto real, devido a calibração de cor de tela. <br> -Limpar com flanela ou pano macio. Não utilizar álcool. Não utilizar produtos abrasivos ou corrosivos.<br> -Nós prezamos pela qualidade da entrega em primeiro lugar, trabalhamos com transportadoras altamente selecionadas e os melhores materiais de embalagem.<br> -A montagem é de total reponsabilidade do comprador. Antes de comprar, verifique o espaço disponível para a montagem.<br> -Certifique-se de que o produto caiba em elevadores e vãos de escadas, não fazemos içamentos. Quaisquer despesas deste tipo ficam a cargo do cliente<br> -Garantia de 3 meses contra defeitos de fabricação.","{""marca"":""Tcil Móveis"",""tamanho"":""Casal""}",,Tcil Móveis,,,Casal,,,,,,,,,,,,CinamomoOff White,Tcil Móveis,6,3,Casal,Guarda-roupa,MDF,Moderno,Com Espelho,MDF,Não informado,270,3 portas de correr,Correr,"Cabideiros em alumínio, Corrediças telescópicas, Porta espelho central, Roldanas com rolamento, Perfil H em pvc nas costas, Trilhos inferior e superior em alumínio, Perfil puxador nas portas em alumínio, Perfil testeira nas portas em alumínio, Portas dupla face",Não informado,Milão-Cinamomo e Off White, Tcil Móveis,6 Gavetas,3 Portas,Casal,,mdf,,Correr
Guarda Roupa infantil 4 Portas 2 Gavetas - Fly - Tigus Baby,"Guarda Roupa infantil 4 Portas 2 Gavetas - Fly - Tigus Baby<br> <br>Item necessário para o bom funcionamento do quarto do seu filho, o Guarda-Roupa Fly é o móvel ideal para que a arrumação do ambiente fique em dia. Equipado com 4 portas e 2 gavetas, ele tem compartimentos para garantir que peças fundamentais à sua rotina estejam sempre à mão. De quebra, o visual básico com coloração tradicional a esse tipo de mobiliário oferece sofisticação e bom gosto para a decoração do seu espaço. Só benefícios para um lar incrível como o seu ;)<br> <br>Faz parte do anúncio:<br>1 Guarda Roupa infantil 4 Portas 2 Gavetas - Fly - Tigus Baby <br>Obs. Objetos de decoração não inclusos.<br> <br>Particularidades do Beliche:<br>Características:<br>-Feito 100% em MDF;<br>-Cor flex, suas molduras são dupla face podendo ser montado na opção branco ou branco com detalhe madeirado;<br>-Portas com detalhe em acrílico;<br>-Dobradiças metálicas de pressão;<br>-Corrediças metálicas;<br>-Pés em PVC.<br> <br>Dimensões<br>Altura: 1,87 metros<br>Largura: 1,19 metros<br>Profundidade: 40 centímetros<br> <br>Informações Importantes:.<br>-O envio desse produto é feito através de transportadora.<br>-Produtos podem apresentar diferenças de tonalidades entre a foto na tela e o produto real, devido a calibração de cor de tela. <br>-Limpar com flanela ou pano macio. Não utilizar álcool. Não utilizar produtos abrasivos ou corrosivos.<br>-Nós prezamos pela qualidade da entrega em primeiro lugar, trabalhamos com transportadoras altamente selecionadas e os melhores materiais de embalagem.<br>-A montagem é de total responsabilidade do comprador. Antes de comprar, verifique o espaço disponível para a montagem.<br>-Certifique-se de que o produto caiba em elevadores e vãos de escadas, não fazemos içamentos. Quaisquer despesas deste tipo ficam a cargo do cliente<br>-Garantia de 3 meses contra defeitos de fabricação.","{""marca"":""Tigus Baby""}",,Tigus Baby,,,,,,,,,,,,,,,branco ou branco com detalhe madeira,Tigus Baby,2,4,Não informado,infantil,MDF,Não informado,Não informado,MDF,Não informado,119 metros,4 Portas,com detalhe em acrílico,"Dobradiças metálicas de pressão, Corrediças metálicas, Pés em PVC",Não informado,Branco,Tigus Baby,2 Gavetas,4 Portas,Solteiro,,MDF,,Convencional
Guarda Roupa Master Modulado 2 Portas 4 Gavetas Luciane,"Guarda-Roupa Master Modulado 2 Portas 4 Gavetas Luciane.<br> O Guarda Roupa Modulado 2 Portas 4 gavetas Master Luciane é um produto bonito que além de otimizar a organização, vai valorizar a decoração do seu ambiente. Produzido em MDP com excelente acabamento em pintura UV que garante maior durabilidade e resistência ao produto. Além disso, conta com puxadores reforçados em plástico cromado e prateleiras para melhor organização. Não perca essa oportunidade e leve para sua casa!<br> <br> <br> Dimensões: <br> Altura: 230 cm<br> Largura: 79 cm<br> Profundidade: 46,5 cm<br> Peso: 64 Kg<br> <br> <br> Garantia do fornecedor de 3 meses.","{""cor"":""Avelã Rústico"",""quantidade_de_gavetas"":""4 Gavetas"",""quantidade_de_portas"":""2 Portas"",""tamanho"":""Casal"",""tipo"":""Modulado""}",Avelã Rústico,,4 Gavetas,2 Portas,Casal,Modulado,,,,,,,,,,,Não informado,Luciane,4,2,Não informado,Modulado,MDP,Não informado,Não informado,MDP,Não informado,79 cm,2 Portas,Não informado,Puxadores reforçados em plástico cromado,Não informado,Avelã Rústico,Luciane Móveis,4 Gavetas,2 Portas,Casal,Modulado,MDP,,Convencional
Guarda-roupa Casal 6 Portas 9 Gavetas Santos Andira Star 6.9,"Apresentamos o Guarda-Roupa Star 6.9 da Santos Andirá. Ele tem 6 portas e 9 gavetas, um móvel que supera os mais exigentes padrões de qualidade e funcionalidade, proporcionando amplo espaço para guardar tudo o que você precisa.
Com suas 9 amplas gavetas, este roupeiro oferece um espaço generoso para organizar suas roupas, acessórios e itens pessoais com facilidade. Além disso, os cabideiros em alumínio e as prateleiras nas portas complementam as excelentes características deste móvel, garantindo praticidade e organização.
Os puxadores em ABS na cor champagne adicionam um toque de elegância ao design do Guarda-Roupa Star. E o acabamento em pintura UV com aplicação de verniz brilho na cor Jatobá/Areia e branco, e verniz fosco para o grafite, não só proporciona uma aparência sofisticada, mas também está em conformidade com as normas da ISO, respeitando o meio ambiente e promovendo o desenvolvimento sustentável.
Transforme o visual do seu quarto com o Guarda-Roupa Star 6 Portas e 9 Gavetas e desfrute de qualidade, funcionalidade e estilo em um só móvel!","{""cor"":""Jatobá"",""marca"":""Santos Andirá"",""quantidade_de_gavetas"":""9 Gavetas"",""quantidade_de_portas"":""6 Portas"",""tamanho"":""Casal""}",Jatobá,Santos Andirá,9 Gavetas,6 Portas,Casal,,,,,,,,,,,,Jatobá/Areia e branco e grafite,Santos Andirá,9,6,Casal,Guarda-Roupa,Não informado,Não informado,Não informado,Não informado,Não informado,Não informado,6 Portas,Não informado,"9 gavetas, cabideiros em alumínio, prateleiras nas portas, puxadores em ABS na cor champagne, pintura UV com aplicação de verniz brilho, verniz fosco",Não informado,Areia e Jatobá,Santos Andirá,9 Gavetas,6 Portas,Casal,,MDF e MDP,Moderno ,Convencional
Guarda Roupa Solteiro 4 Portas 4 Gavetas - Sevilla-Neve - Tcil Móveis,"Guarda Roupa Solteiro 4 Portas 4 Gavetas - Sevilla-Neve - Tcil Móveis<br> <br>O Guarda Roupa Sevilla veio para agradar todos os gostos. Procurando elegância, modernidade e sofisticação para seu quarto? Este é o produto que irá te oferecer essas qualidades. Produto fabricado em MDP com 4 portas de bater, possui um excelente espaço interno bem distribuído, oferecendo máxima organização de forma prática. Suas gavetas possuem corrediças telescópicas que traz uma maior sofisticação para o guarda-roupa e também proporciona um mecanismo silencioso para abrir e fechar as gavetas, parte interna é na cor do produto, escolha a melhor cor que combine com você e seu quarto. Garanta já o seu!<br> <br>Faz parte deste anúncio:<br>1 Guarda Roupa Solteiro 4 Portas 4 Gavetas - Sevilla - Tcil Móveis<br>Obs: Objetos de decorações não inclusos.<br> <br>Particularidades do guarda-roupa:<br>Características:<br>- Produto em MDP;<br>- 4 dobradiças de 26mm por porta.<br>- 4 gavetas com corrediças telescópicas;<br>- Cabideiros em alumínio;<br>- Puxadores em alumínio;<br> <br>Dimensões:<br>Altura: 2,34 metros<br>Largura: 1,81 metros<br>Profundidade: 55 centímetros<br> <br>Informações Importantes:. <br>- Produtos podem apresentar diferenças de tonalidades entre a foto na tela e o produto real, devido a calibração de cor de tela. <br>- Limpar com flanela ou pano macio. Não utilizar álcool. Não utilizar produtos abrasivos ou corrosivos.<br>- Nós prezamos pela qualidade da entrega em primeiro lugar, trabalhamos com transportadoras altamente selecionadas e os melhores materiais de embalagem.<br>- A montagem é de total responsabilidade do comprador. Antes de comprar, verifique o espaço disponível para a montagem.<br>- Certifique-se de que o produto caiba em elevadores e vãos de escadas, não fazemos içamentos. Quaisquer despesas deste tipo ficam a cargo do cliente<br>- Garantia de 3 meses contra defeitos de fabricação.<br>- Ao receber o produto verificar as condições do mesmo no ato da entrega. Caso haja algum dano relatar no comprovante de entrega a ser assinado e entrar em contato com a loja o mais rápido possível.","{""marca"":""Tcil Móveis"",""tamanho"":""Solteiro""}",,Tcil Móveis,,,Solteiro,,,,,,,,,,,,Neve,Tcil Móveis,4,4,Solteiro,Guarda-Roupa,MDP,Não informado,Não informado,MDP,Não informado,Não informado,4 Portas,Bater,"Corrediças Telescópicas, Cabideiros em Alumínio, Puxadores em Alumínio",Não informado,Neve, Tcil Móveis,4 Gavetas,4 Portas,Solteiro,,MDP,,Convencional
Guarda-roupa Itaguara Plus 4 Portas Amêndoa Off White,"O Guarda Roupa Itaguara 4 Portas é desenvolvido com material ecologicamente correto, sendo todo fabricado em MDF com chapas na espessura de 15mm (exceto os fundos), deixando o produto mais robusto. O acabamento é com Pintura UV, protegida com verniz ultra resistente. Este produto tem 3 gavetas com corrediças telescópicas e possui uma excelente divisão interna com cabideiro metálico, calceiro metálico, espaço para sapatos, 3 prateleiras e um maleiro duplo, o que deixa o ambiente mais bonito e agradável. Outro destaque é o puxador, fabricado em alumínio na cor Bronze, o que lhe proporciona um design moderno. Seguem as dimensões do produto: 2,278m de altura, 1,825m de comprimento e 0,532m de largura. A WOW Móveis não se responsabiliza pela montagem dos produtos. Na entrega não está incluso subir escadas/elevadores ou transporte por guincho em apartamentos. Eventuais despesas são de responsabilidade do comprador. Orientamos a conferência das dimensões deste produto para certificar que o mesmo passará normalmente por elevadores, escadas e corredores de sua residência. A WOW Móveis fica a disposição para sanar possíveis dúvidas a respeito do produto. Nossas imagens são meramente ilustrativas. Não nos responsabilizamos pela montagem e instalação dos produtos.","{""marca"":""Conquista Móveis"",""tamanho"":""Solteiro""}",,Conquista Móveis,,,Solteiro,,,,,,,,,,,,Amêndoa Off White,Itaguara,3,4,Não informado,Guarda-roupa,MDF,Moderno,Não informado,MDF,3,1825m,4 Portas,Não informado,"Cabideiro metálico, calceiro metálico, espaço para sapatos, maleiro duplo, corrediças telescópicas",Não informado,Off White,Conquista Móveis,3 Gavetas,4 Portas,Casal,,MDF,,Convencional
Roupeiro House Três Portas Nature/Off White  Fabri Móveis,"O Roupeiro House Três Portas – Fabri Móveis vem com um design clássico e diferenciado, agregando mais beleza e sofisticação ao seu ambiente, proporcionando maior organização de seus pertences. Possui um “Sistema Triplex” (dividido em 3 partes). Desenvolvido para facilitar sua montagem e transporte, é um clássico para quem busca elegância e praticidade em seu ambiente.<br> Dimensões do Produto Montado:<br> altura: 242cm<br> Largura:131cm<br> Profundidade: 47cm<br> Observações:<br> -Possui corrediças metálicas<br> -Cabideiros em alumínio<br> -Pés elevados e maleiro amplo<br> -Puxadores em madeira<br> -Gavetas profundas com reforços<br> -Portas MDF 15mm e gavetas MDP 15mm<br> -Bases duplas MDF 12mm cada<br> -Laterais e divisórias MDP 12mm<br> -Base inf. e tampo sup MDP 15mm<br> -Triplex<br> Marca: Fabri Móveis<br> Modelo: House<br> Referência: 07940NW<br> ATENÇÃO: Não nos responsabilizamos pela montagem deste produto. Dependendo do nível de dificuldade, aconselhamos a contratação de um profissional.","{""cor"":""Nature, Off White""}","Nature, Off White",,,,,,,,,,,,,,,,NatureOff White,Fabri Móveis,Não informado,Três,Não informado,Roupeiro,MDF,Clássico,Não informado,MDF,Não informado,131cm,Três Portas,Não informado,Triplex,Não informado,Nature e Off White,Fabri Móveis,2 gavetas,3 Portas,Solteiro,,MDF,,Convencional
"Roupeiro Onix Tuboarte 100% mdf (4 portas,3 gavetas,espelho)","Guarda Roupa solteiro Tuboarte Onix 100% MDF Capelinha 4 Portas e 3 Gavetas Kit de Espelho e PésO Guarda Roupas Tuboarte Onix 100% MDF é composto por 4 portas e 3 Gavetas (com corrediças Metálicas) amplo espaço interno, tem espaço tipo Capelinha com Espelho e prateleira de suporte, puxadores na cor Bronze Cobre e Kit de Pés em ABS, perfeito para Organizar sua Cozinha com estilo e Praticidade! A estrutura é produzida em 100% MDF com revestimento em pintura U.V. Touch o que garante um móvel resistente e durável. Clica em ?Comprar? e leve já! Informações Técnicas:Fabricante: TuboarteAmbiente: DormitórioEstrutura Principal: produzida em 100% MDFEspelho: simNúmero de Portas: 6 portasNúmero de Gavetas: 2 GavetasNúmero de Prateleiras: 5 prateleirasTipo de Dobradiças: Dobradiças metálicas para proporcionar maior firmeza na hora de abrir e fechar as portasPuxadores: fabricados em ABS na cor BronzeCor: Amêndoa / BrancoPintura: U.V. Touch e brilho que proporciona beleza e qualidade em seu acabamento Brilhante/AmadeiradoForma de Abertura de Portas: BaterKit de Pés: Sim em ABS (6 unidades)Necessita de Montagem SimNúmero de Volumes / Embalagens: 3 VolumesDimensões:Altura: 198,5cmLargura: 162,3cmProfundidade 44,5cmPeso do produto: 85,55kgCubagem: 0,181m3Garantia: 6 Meses Contra defeitos de FabricaçãoImportante:A Entrega do seu Produto está condicionada a disponibilidade deste serviço a C.E.P.s selecionados, definidos pela www.moveishome.com.br através da Análise do C.E.P. Informado no Momento da Compra. O valor e/ou a gratuidade deste serviço será informado no Campo Calcular Frete e Prazo com o preenchimento do C.E.P. do local de Entrega.A www.moveishome.com.br não realiza a montagem de produtos comprados pelo site. A montagem é de responsabilidade do cliente. Sugerimos a contratação de um Profissional de Montagens de confiança e com experiência, afinal um bom serviço de Montagem é a garantia de um produto funcional e durável.Na limpeza não utilizar produtos químicos e abrasivos, usar apenas com pano umedecido ou lavagem a seco (recomenda-se um profissional), para garantir a maior durabilidade do móvel.Os objetos que ambientam as fotos não acompanham o produtoImagens meramente ilustrativas. Cores e tonalidades podem variar.Ao receber a mercadoria, o Cliente deve verificar as condições da Embalagem, caso haja alguma avaria não assine comprovante de recebimento.A Desmontagem e outras instalações serão de responsabilidade do cliente.Não nos responsabilizamos, no ato da entrega, por subir escadas/elevadores ou pelo transporte por guincho em apartamentos. Eventuais despesas são de responsabilidade do comprador.Confira as dimensões do produto e certifique-se de que passará normalmente por supostos elevadores, portas, escadas e/ou corredores de sua residência.","{""cor"":""Amêndoa, Branco"",""quantidade_de_gavetas"":""3 Gavetas"",""tamanho"":""Solteiro""}","Amêndoa, Branco",,3 Gavetas,,Solteiro,,,,,,,,,,,,Amêndoa  Branco,Tuboarte,3,4,Solteiro,Guarda-Roupa,MDF,Não informado,Espelho,MDF,5,Não informado,4 portas,Bater,"Corrediças Metálicas, Puxadores na cor Bronze Cobre, Kit de Pés em ABS, Capelinha com Espelho",Não informado,Amêndoa e Branco,Tuboarte,3 Gavetas,4 Portas,solteiro,, MDF,,Convencional
Roupeiro Finestra Capelão Bipartido 10 Portas 3 Gavetas Com Espelho,"Com uma essência inspirada no tradicional, a linha Bronze reflete em seu design versatilidade e personalidade. Seu alto padrão de qualidade une com criatividade charme rústico, beleza e durabilidade na medida certa para transmitir grandeza ao ambiente.<br> <br> Modelo: Bronze<br> Puxadores em madeira maciça;<br> Pés torneados em madeira maciça;<br> Portas e estrutura em madeira maciça;<br> Divisórias internas em MDP 12mm;<br> Cabideiros em alumínio (peso máximo suportado 08kg distribuídos);<br> Peso máximo suportado pelas Prateleiras 08kg distribuídos;<br> Capela central possui espelho;<br> Peso máximo suportado pelas Gavetas 05kg distribuídos;<br> Amplo espaço para armazenamento;<br> Versatilidade 3 em 1 = Maleiro + Roupeiro + Gaveteiro;<br> Base em Madeira Maciça;<br> Possui fundo anti-mofo;<br> Possui manual de montagem;<br> Montagem Bipartida;<br> Sistema de montagem simples e rápida.<br> <br> Dimensões<br> Altura: 220 cm<br> Largura: 232,8 cm<br> Profundidade: 49 cm<br> <br> Peso: 122,45 kg<br> <br> Garantia: 3 meses","{""cor"":""Imbuia"",""marca"":""Finestra"",""tamanho"":""Casal""}",Imbuia,Finestra,,,Casal,,,,,,,,,,,,Não informado,Finestra,3 Gavetas,10 Portas,Não informado,Roupeiro,Madeira Maciça,Não informado,Com Espelho,"Madeira Maciça, MDP",Não informado,2328 cm,Bipartido,Não informado,"Capela central possui espelho, Versatilidade 3 em 1  Maleiro  Roupeiro  Gaveteiro, Base em Madeira Maciça, Possui fundo anti-mofobr, Possui manual de montagembr, Montagem Bipartidabr, Sistema de montagem simples e rápidabr",Não informado,Imbuia,Finestra,3 Gavetas,10 Portas,Casal,,MDP,rústico,Convencional
"Guarda Roupa Modulado 101,50cm 3 Portas Alpes Luciane Móveis","Características:<br> Estrutura: 100 mdp<br> Acabamento: pf<br> Quantidade de Portas: 3<br> Tipo de Dobradiças: Metálica Reforçada<br> Quantidade de Gavetas: 2<br> Tipo de Corrediças: Telescópica<br> Tipo de Cabideiros: 2 em Alumínio<br> Tipo de Puxador: Alumínio Prata<br> Tipo de Pés: Rodapé<br> Sistema de Montagem: Cavilhas, Parafusos e Minifix<br> Itens Inclusos: 1 Guarda Roupa, Kit ferragens e Manual de Montagem.<br> Garantia: 3 meses<br> <br> Dimensões do Produto (Alt x Larg x Prof - cm)<br> 230 x 101,50 x 46,50<br> Peso: 84 Kg<br> <br> <br>PERGUNTAS FREQUENTES<br> <br>1 – O produto é novo ou usado?<br>R.: Todos os nossos produtos são novos, enviados de nossos fornecedores diretamente para as casas de nossos clientes.<br> <br>2 – O produto vem montado? Se não, vocês realizam a montagem?<br>R.: Todos nossos produtos acompanham seus respectivos manuais de montagem e instalação, que são simples e fáceis de serem seguidos, portanto não oferecemos a montagem.<br> <br>3 – Vocês possuem loja física? Posso retirar meu produto em mãos? Vocês realizam pronta entrega?<br>R.: Não trabalhamos com loja física, apenas loja virtual. Nos comprometemos em cumprir a entrega na data combinada no ato da compra e trabalhamos ao máximo para que seja entregue o quanto antes.<br> <br>4 – Vocês entregam no Brasil inteiro? Como é feita a entrega?<br>R.: Sim, entregamos no Brasil inteiro! A entrega é feita por nossas transportadoras parceiras.<br> <br>5 – Vocês fazem agendamento de entregas?<br>R.: Infelizmente não, temos um prazo de entrega baseado na localização de nossos fornecedores e no CEP de destino. Nos comprometemos na entrega dentro do prazo limite.<br> <br>6 – O produto acompanha Nota Fiscal.<br>R.: Sim, os produtos são entregues com suas respectivas notas fiscais.<br> <br> <br>7 – Qual é o horário de atendimento de vocês?<br>R.: Nosso horário de atendimento é de segunda à sexta-feira, das 8 até às 18h (exceto feriados).<br> <br> <br>8 - Os produtos possuem garantia?<br>R.: Sim, A J&amp;F Móveis oferece 3 meses de garantia para defeitos de fabricação.<br> <br> <br>Aviso: Imagem meramente ilustrativa. Decoração e eletros não acompanham o produto. A tonalidade de cor pode variar entre peças diferentes. Além disso, a percepção das cores do produto pode ser um pouco diferente da mostrada na foto do anúncio em função da luminosidade do ambiente, calibração do monitor ou aparelho usado para visualização da foto.<br> <br> <br>A J&amp;F Móveis se responsabilizará pela entrega dos produtos adquiridos até a porta de entrada ou portaria do endereço indicado. Esclarecemos que não nos responsabilizamos por montagens, desmontagens e instalações, ficando assim sob responsabilidade do cliente. Confira as dimensões do produto no momento da compra e certifique-se de que o item passará normalmente por elevadores, portas, escadas e/ou corredores, evitando assim futuros desagrados ou imprevistos com a entrega.","{""marca"":""Luciane Móveis"",""tamanho"":""Casal""}",,Luciane Móveis,,,Casal,,,,,,,,,,,,Não informado,Luciane Móveis,2,3,10150cm,Modulado,mdp,Não informado,Não informado,Não informado,Não informado,10150,3,Não informado,Não informado,Não informado,Branco e Rosa,Luciane Móveis,2 Gavetas,3 Portas,Casal,Modulado,MDP,,Convencional
Guarda Roupa Acabamento Amadeirado PH1738 sem Espelho com 2 Portas de Correr Herval,"<p>MARCA: Herval</p><p>MODELO: Edez</p><p>GARANTIA: 3 Meses</p><p>COR: Marrom</p><p>MATERIAL: Mdp</p><p>ALTURA DO PRODUTO: 200 cm</p><p>LARGURA DO PRODUTO: 190 cm</p><p>COMPRIMENTO PRODUTO: 55 cm</p><p>CARACTERÍSTICAS: 2 Correr, Com Puxadores De Alumínio, Corrediças Metálicas E Cabideiro Oblongo. Diversas Prateleiras , Acabamento Interno Em Líneo,Possui 2 Gavetas Internas.</p><p>ORIGEM: Nacional</p><p>ACABAMENTO: Uv</p><p>USO: Dormitório</p><p>TAMANHO: Grande</p><p>INCLUSO: 1 Gr Mad Ph1738 S/Espelho 2 Portas Correr Nogueira/Fendi</p>","{""cor"":""Nogueira"",""marca"":""Herval"",""quantidade_de_gavetas"":""2 Gavetas"",""quantidade_de_portas"":""2 Portas""}",Nogueira,Herval,2 Gavetas,2 Portas,,,,,,,,,,,,,Marrom,Herval,2,2,Grande,Não informado,Mdp,Não informado,Não informado,Mdp,Não informado,55 cm,2 Portas de Correr,Correr,Com Puxadores De Alumínio Corrediças Metálicas E Cabideiro Oblongo Diversas Prateleiras  Acabamento Interno Em Líneo,Não informado,Marrom,Herval,2 Gavetas,2 Portas,Casal,,MDP,,Correr
Guarda-Roupa Infantil 3 Portas e 2 gavetas Amore D'W,"O Guarda Roupa 3 portas e 2 gavetas Amore, foi feito especialmente para quem precisa de um móvel prático e espaçoso para o quarto do bebê. Possui gavetas com excelente profundidade, cabideiro e prateleiras estrategicamente posicionadas para melhor acomodação dos objetos e vestuário. Com o design sofisticado da linha Amore, ele deixará o ambiente mais moderno e aconchegante. A GARANTIA É O NOSSO DIFERENCIAL<br>Comprando conosco, além das vantagens em adquirir um produto de qualidade e sofisticação, se eventualmente o mesmo apresentar algum problema, dentro do prazo de noventa dias, recolheremos a peça sem custo e efetuaremos a devolução do dinheiro. Queremos lhe proporcionar uma experiência agradável com a compra e a certeza de estar negociando com uma empresa que preza acima de tudo, pela relação de confiança com o cliente, nossa maior satisfação. QUEM SOMOS?<br>Daniel Willian, empresa moveleira atuante em e-commerce, nasceu do desejo de dois amigos empreendedores com sonhos similares: levar a seus clientes mais do que móveis de qualidade, mas sim, a tranquilidade na compra, no conforto do seu lar. Com profissionalismo e experiência neste setor, a empresa encontra-se nas principais plataformas do mercado online em todo país. Não se trata apenas da venda de móveis de grande beleza e sofisticação para sala, quarto, escritório, cozinha e área externa, mas também, da atenção a todo o processo, desde o atendimento até a entrega. Conte com a Daniel Willian e surpreenda-se! ESPECIFICAÇÕES<br>Material da estrutura: feito em MDP/MDF;<br>Portas: tem dobradiças metálicas nas portas;<br>Revestimento: em pintura UV resultando em um acabamento resistente e com maior durabilidade. DIMENSÕES DO GUARDA-ROUPA<br>Altura total: 204 cm;<br>Largura total: 122 cm;<br>Profundidade total: 47 cm;<br>Peso: 74 kg. CUIDADOS COM A LIMPEZA<br>Utilizar um pano limpo e seco. Não limpar com produtos abrasivos ou escovas. Não deixar exposta à luz do sol diretamente pois isso irá diminuir a vida útil do produto, fazendo-o envelhecer precocemente. Este produto não é recomendado para ambientes externos onde possa receber chuva. MONTAGEM<br>- O guarda-roupa chegará desmontado para você, embora a dificuldade de montagem seja baixa, recomendamos que seja feita por um profissional. INFORMAÇÕES IMPORTANTES:<br>- Todos os produtos vão embalados com total segurança;<br>- A entrega do produto é realizada em todo território nacional, até onde as rodovias alcançam, entregas fluviais ou aéreas devem ser cotadas a parte;<br>- Objetos decorativos que aparecem na foto não acompanham o produto;<br>- Pode haver alguma diferença de tonalidade entre a imagem e o produto real, por conta do tratamento de imagens e a calibração de cores do seu monitor;<br>- Confira as dimensões do produto e certifique-se de que passará normalmente por supostos elevadores, portas, escadas e/ou corredores de sua residência, já que nossa entrega não inclui a subida de lances de escada, ou o lançamento de produtos;<br>- Ao receber a mercadoria, o cliente deve verificar as condições da embalagem, caso haja alguma avaria não assine o comprovante de recebimento;<br>- Observando as orientações acima, evita-se futuros desagrados ou imprevistos com a entrega do produto. Havendo despesas adicionais, serão de responsabilidade do cliente.","{""quantidade_de_gavetas"":""2 Gavetas"",""quantidade_de_portas"":""3 Portas""}",,,2 Gavetas,3 Portas,,,,,,,,,,,,,Não informado,Amore DW,2,3,Não informado,Infantil,MDP/MDF,Moderno,Não informado,MDP/MDF,Não informado,Não informado,3,Não informado,"Gavetas com excelente profundidade, cabideiro, prateleiras estrategicamente posicionadas",Não informado,Branco,D'W,2 gavetas,3 Portas,Solteiro,,MDF e MDP,,Convencional
Guarda-Roupa Casal com Espelho Chicago 3 PT 4 GV Naturale e Grafite,"Que tal o Guarda-Roupa Chicago? Com ótima divisão interna, o Guarda-Roupa Chicago traz a junção perfeita entre funcionalidade e design moderno. Dispondo de 3 portas de correr e 4 gavetas, ele não só organiza seu vestuário como também acomoda acessórios, cosméticos e roupas de cama, tudo bem arrumado conforme sua rotina. Já o visual neutro que destaca a cor sóbria e o amadeirado se encaixa em qualquer decoração - o espelho ainda traz amplitude visual ao cômodo além, claro, de te ajudar a se arrumar diariamente. Com tudo isso, organização e estilo não faltarão por aí :)","{""cor"":""Marrom"",""marca"":""Fama Móveis"",""quantidade_de_gavetas"":""4 Gavetas"",""quantidade_de_portas"":""3 Portas"",""tamanho"":""Casal""}",Marrom,Fama Móveis,4 Gavetas,3 Portas,Casal,,,,,,,,,,,,Naturale e Grafite,Chicago,4,3,Casal,Guarda-Roupa,Não informado,Moderno,Espelho,Não informado,Não informado,Não informado,Correr,Correr,Organização,Não informado,Marrom,Fama Móveis,4 Gavetas,3 Portas,Casal,,MDP,,Correr
Guarda Roupa Chile Branco 182x103x47cm em MDP Moval,<p>MARCA: Moval</p><p>MODELO: Guarda-Roupa</p><p>GARANTIA: 6 Meses</p><p>COR: Branco</p><p>MATERIAL: Mdp</p><p>CARACTERÍSTICAS: 4 Portas - 2 Gavetas - Pés Em Pvc - Puxadores Na Cor Bronze</p><p>ORIGEM: Nacional</p><p>ACABAMENTO: Uv</p><p>ESPESSURA: 15Mm</p><p>USO: Dormitorio</p><p>TAMANHO: Medio</p>,"{""marca"":""Moval"",""quantidade_de_gavetas"":""2 Gavetas"",""quantidade_de_portas"":""4 Portas""}",,Moval,2 Gavetas,4 Portas,,,,,,,,,,,,,Branco,Moval,2,4,Medio,Guarda-Roupa,MDP,Não informado,Pés Em Pvc - Puxadores Na Cor Bronze,MDP,Não informado,182cm,4 Portas,Não informado,Não informado,Não informado,Branco,Moval,2 Gavetas,4 Portas,Solteiro,,MDP,,Convencional
Guarda Roupa de Bebê 4 Portas 4 Gavetas MDF Liza Permobili,"O Guarda-Roupa de Bebê Liza combina durabilidade e estilo para o quarto do seu pequeno. Equipado com 4 portas, 4 gavetas espaçosas e prateleiras internas, proporciona amplo espaço para organizar roupas, acessórios e brinquedos. As dobradiças metálicas e corrediças telescópicas garantem suavidade e durabilidade no uso diário. Com capacidade para suportar até 3 kg por gaveta, este guarda-roupa é a escolha ideal para manter o quarto do seu filho organizado e funcional por muito tempo. <br> <br> <br> Características: <br> Estrutura em MDF<br> Acabamento em Pintura UV<br> 4 Portas<br> 4 Gavetas<br> Corrediças telescópicas <br> Dobradiças Slow Motion<br> Suporta até 25kg<br> Cada gaveta suporta até 3kg<br> Puxadores em madeira maciça<br> Pés em MDF<br> <br> <br> Dimensões:<br> Altura: 218 cm<br> Largura: 148 cm<br> Profundidade: 47,3 cm<br> Peso: 111,15 kg<br> <br> <br> Garantia do fornecedor de 3 meses","{""cor"":""Branco"",""marca"":""Permóbili"",""quantidade_de_gavetas"":""4 Gavetas"",""quantidade_de_portas"":""4 Portas""}",Branco,Permóbili,4 Gavetas,4 Portas,,,,,,,,,,,,,Não informado,Permobili,4,4,Não informado,Guarda-Roupa de Bebê,MDF,Não informado,Não informado,MDF,Não informado,148 cm,4 Portas,Não informado,"Corrediças telescópicas, Dobradiças Slow Motion",Não informado,Branco,Permobili,4 Gavetas,4 Portas,Solteiro,,MDF,,Convencional
Guarda-Roupa Supreme Canela - Mirarack,"<ul><li>O <strong>Guarda-Roupa Supreme - MiraRack</strong> é uma excelente escolha para o seu dormitório. Com 4 gavetas, cabideiros, calceiros, sapateira e ótima divisão interna, acomoda perfeitamente suas roupas e outros itens que precisar.<br><strong><br>Dimensões do Produto Montado:<br></strong>Altura: 235 cm<br>Largura: 270 cm<br>Profundidade: 56 cm<br><strong><br>Observações:<br></strong>- Fabricado em MDF;<br>- 6 Portas;<br>- 4 Gavetas e sapateira com corrediças telescópicas;<br>- Excelente divisão interna;<br>- Puxadores em MDF; <br>- Calceiros e cabideiros em alumínio;<br>- Pintura Ultravioleta com acabamento <strong>fosco</strong>. <br></li></ul>","{""cor"":""Canela"",""quantidade_de_gavetas"":""4 Gavetas"",""quantidade_de_portas"":""6 Portas""}",Canela,,4 Gavetas,6 Portas,,,,,,,,,,,,,Canela,Mirarack,4,6,Não informado,Não informado,MDF,Não informado,Não informado,MDF,Não informado,270 cm,6 Portas,Não informado,"Cabideiros, calceiros, sapateira, gavetas com corrediças telescópicas, divisão interna",Não informado,Canela,Mirarack,4 Gavetas,6 Portas,Casal,,MDF,,Articulada
Guarda Roupa Grande 6 Portas 4 Gavetas 234cm Branco Doreah Shop Jm,"<p>Apresentamos um guarda roupa completo e funcional, fabricado em MDP para durabilidade. Com 6 portas, 4 gavetas internas com corrediças telescópicas e puxadores Topázio MDF, oferece amplo espaço de armazenamento. Conta com 3 maleiros, 3 cabideiros metálicos oblongos, 6 nichos e 2 sapateiras internas para otimização e organização. Um móvel que atende às suas necessidades de armazenamento de maneira eficiente.</p><p>Material em MDP</p><p>6 Portas com dobradiça de pressão</p><p>4 Gavetas internas com corrediças telescópicas</p><p>Puxadores Topázio MDF</p><p>3 Maleiros com excelente espaço</p><p>3 Cabideiros metálicos oblongo (Oblongo é uma forma geométrica que possui mais comprimento que largura. Diz-se também de algo oval ou então elíptico.)</p><p>6 Nichos para melhor organização de objetos</p><p>2 Sapateiras internas proporcionando otimização de espaço</p><p>Dimensões do produto:Altura 234 cm; Largura 234 cm; Profundidade 53 cm;</p><p>Itens Inclusos:1 Guarda Roupa</p><p>Complexidade da montagem:Média, pode ser montado por apenas uma pessoa e/ou necessite de maior conhecimento para montagem.</p><p>Recomendações de uso, manutenção e limpeza:Limpar com flanela ou pano macio seco, não utilizar produtos abrasivos, desengordurantes, álcool ou solvente. Não expor o produto diretamente a luz solar e à umidade</p><p>Garantia:3 meses</p><p>OBS: Foto meramente ilustrativa, objetos, utensílios e decoração não fazem parte do produto.</p><p>Manual de Montagem e Instalação<br><br></p>",{},,,,,,,,,,,,,,,,,Branco,Doreah Shop,4,6,Grande,Guarda Roupa,MDP,Não informado,Não informado,MDF,6,Não informado,6 Portas,Dobradiça de pressão,"Corrediças telescópicas, Puxadores Topázio MDF, 3 Maleiros, 3 Cabideiros metálicos oblongos, 2 Sapateiras internas",Não informado,Branco,Shop Jm,4 Gavetas,6 Portas,Casal,,MDP,,Convencional
Roupeiro 3 Portas 9 Gavetas Vision,Características: <br> Material Principal: MDF <br> Material do Puxador: Madeirado <br> Gavetas com Chave: Sim<br> Possui Espelho: Sim <br> Possui Gavetas: Sim <br> Possui Portas: Sim <br> Pés/Sapata: Pés <br> Opcionais: Acabamento <br> Pintura: U.V <br> Ambiente: Quarto<br> Montagem (Pessoas Necessária): Deve ser montado por um montador especializado <br> Escala Brilho: Fosco <br> Tipo Porta: Bater <br> Quantidade Prateleiras: 7 <br> Suporte Tv: Não <br> Corrediças: Telescópicas <br> Cabideiro: Alumínio<br> Necessita Montagem: Sim <br> <br> Dimensões do Produto: <br> Altura: 218cm<br> Largura: 200cm<br> Profundidade: 51cm<br> <br> Garantia do Fornecedor: 3 meses,"{""cor"":""Branco"",""quantidade_de_gavetas"":""9 Gavetas"",""tamanho"":""Casal""}",Branco,,9 Gavetas,,Casal,,,,,,,,,,,,Não informado,Vision,9,3,Não informado,Roupeiro,MDF,Não informado,Não informado,Madeirado,7,200cm,Sim,Bater,"Gavetas com Chave, Espelho, Gavetas, Portas, Pés Sapata, Pintura UV, Corrediças Telescópicas, Cabideiro Alumínio",Não informado,Branco,Benetil Móveis,9 Gavetas,3 Portas,Casal,,MDF,,Correr
Roupeiro Georgia 3 Portas e 4 Gavetas J e A Moveis,"O roupeiro Geórgia 3 portas, possui 2 portas articuladas e 1 porta de correr. É sinônimo de beleza e qualidade. Oferece 7 nichos internos, com 2 cabideiros e 4 gavetas externas. A porta de correr, além de otimizar o espaço, torna o produto moderno e elegante. A versão branco e lilás encerram o produto com um toque de harmonia e delicadeza. <br> <br> Dimensões:<br> Altura: 218 cm<br> Largura: 159,5 cm<br> Profundidade: 45 cm<br> Peso: 102,17 kg<br> <br> Garantia do Fornecedor: 3 Meses","{""tamanho"":""Solteiro""}",,,,,Solteiro,,,,,,,,,,,,branco e lilás,J e A Moveis,4,3,"Altura 218 cm, Largura 1595 cm, Profundidade 45 cm",Roupeiro,Não informado,Moderno,Não informado,Não informado,7,1595 cm,2 articuladas e 1 de correr,Correr,2 cabideiros,Não informado,Jequitibá e Off White,J&A Móveis,4 Gavetas,3 Portas,Solteiro,,MDP,,Correr
Guarda Roupa Solteiro Mel e Off White com Espelho Capelinha 4 Portas e 3 Gavetas,"Guarda Roupa Solteiro 150cm Capelinha 4 Portas e 3 Gavetas cor Mel e Off White - Rud Rack<br> <br> Com 4 portas espaçosas, suas roupas e pertences ficarão organizados de forma impecável. As 3 gavetas oferecem praticidade para guardar itens menores, mantendo tudo à mão. O espelho externo é um toque de sofisticação, tornando o ambiente ainda mais charmoso. Além disso, com 2 cabideiros, suas roupas estarão sempre bem cuidadas e acessíveis. A pintura U.V de alta qualidade realça a beleza deste guarda-roupa, garantindo durabilidade e resistência ao móvel. E para uma organização completa, aproveite as 05 prateleiras disponíveis. Renove seu quarto com estilo e eficiência, adquira agora mesmo!<br> <br> Diferenciais:<br> - Cor: Mel e Off White<br> - 04 Portas com dobradiças metálicas<br> - 03 Gavetas com corrediças metálicas<br> - Espelho Externo<br> - 02 Cabideiros<br> - Pintura U.V de alta qualidade<br> - 04 Prateleiras internas<br> - 01 Prateleira externa<br> - Amplo espaço interno<br> - Fabricação MDF e MDP<br> - Puxadores PVC<br> - 06 Pés<br> - Suporta até 80Kg distribuídos<br> <br><br> Dimensões do produto<br> Altura: 190 cm<br> Largura: 150 cm<br> Profundidade: 42 cm<br> Peso: 65 Kg<br> <br> Dimensões do espelho:<br> Altura: 66 cm<br> Largura: 40 cm<br> <br> Volume total: 03<br> Produto entregue desmontado <br> Acompanha manual e todas ferragens necessárias para montagem<br> <br> Garantia: 3 meses contra defeito de fabricação<br> Fabricante: Rud Rack<br> <br>Montagem: Recomendamos que a montagem seja feita por um profissional.<br> Recomendação de Limpeza: Utilize pano levemente úmido.<br> <br> Observações:<br> - Nos responsabilizamos pela entrega dos produtos até onde as rodovias alcançam, entregas fluviais ou aéreas devem ser cotadas a parte<br> - As imagens são ilustrativas, não acompanham objetos de decoração<br> - A montagem será de responsabilidade do comprador. Não nos responsabilizamos, no ato da entrega, por subir escadas/elevadores ou transporte por guincho em apartamentos. Eventuais despesas são de responsabilidade do comprador.<br> - Confira as dimensões do produto e certifique-se de que passará normalmente por supostos elevadores, portas, escadas e/ou corredores de sua residência.<br>Para mais informações, acesse nossa Central de Atendimento.<br>","{""tamanho"":""Solteiro""}",,,,,Solteiro,,,,,,,,,,,,Mel e Off White,Rud Rack,3,4,Solteiro,Guarda-Roupa,MDF e MDP,Capelinha,Espelho,Não informado,6,150cm,4 Portas,Não informado,"Dobradiças metálicas, Corrediças metálicas, Pintura UV, Cabideiros",Não informado,Mel e Off White,Rud Rack	,3 Gavetas,4 Portas,Solteiro,,MDF e MDP,,Convencional
Guarda Roupa Casal 6 Portas Lauana Branco com Espelho,"O Guarda Roupa além de ser moderno e prático ainda é uma ótima opção para quem precisa aumentar a usabilidade no espaço do quarto.<br><br>Produto feito em MDP 15mm<br><br>Peso suportado (128 kg) <br><br>Com espelho externos inclusos<br><br>Medidas Do Produto:<br><br>Altura: 222 cm<br><br>Largura: 209 cm<br><br>Comprimento: 47 cm<br><br>Informações Complementares:<br><br>Cor: Branco<br><br>Gavetas: Sim (3)<br><br>Prateleiras: Sim (8)<br><br>Cabideiros: Sim (3)<br><br>Portas: Sim (6)<br><br>Material: MDP<br><br>Itens Inclusos:<br><br>- 01 Guarda Roupa;<br><br>- Kit completo para montagem, Manual detalhado de instruções para montagem.<br><br>Garantia:<br><br>3 meses contra defeito de fabricação.<br><br>Informações Adicionais:<br><br>- Fotos meramente ilustrativas do produto no ambiente.<br><br>- Os objetos que ambientam as fotos não acompanham o produto;<br><br>- Verificar descrição e tamanho do produto antes da compra.<br><br>- Avaliar a mercadoria no ato do recebimento e recusar em caso de divergência ou avarias.<br><br>- Mantenha as informações de contato e endereço de entrega atualizados para entrarmos em contato caso necessário.<br><br>- Limpar com flanela ou pano macio seco, não utilizar produtos abrasivos, desengordurantes, álcool ou solvente. Não expor o produto diretamente à luz solar e à umidade.<br><br>* Sugerimos a contratação de um montador profissional para a montagem do produto. Não nos responsabilizamos por avarias causadas no ato da montagem.<br><br>* Não nos responsabilizamos pela montagem e desmontagem do produto no ato da entrega e devolução, assim como os custos gerados nestas situações.<br><br>* A transportadora entregará o produto no andar térreo do endereço de entrega.<br><br>* Não nos responsabilizamos por subir escadas, corredores e elevadores ou transporte por guincho em apartamentos.","{""marca"":""Qmovi"",""tamanho"":""Casal""}",,Qmovi,,,Casal,,,,,,,,,,,,Branco,Não informado,3,6,Casal,Guarda Roupa,MDP,Moderno,Com Espelho,MDP,8,47,Sim,Não informado,Com espelho externos inclusos,Não informado,Branco,Qmovi,3 Gavetas,6 Portas,Casal,,MDP,,Convencional
Guarda Roupa Infantil Labirinto 2 Portas Branco Brilho  Henn,"<p>Guarda Roupa Infantil Labirinto 2 Portas Branco Brilho – Henn</p><p>A hora de escolher os móveis para o quartinho do bebê é o momento mais aguardado e especial. Pensando em lhe ajudar apresentamos o Guarda Roupa 2 portas e 2 gavetas da linha Labirinto foi desenvolvido pela Henn, com amplo espaço para organizar as roupinhas e acessórios do bebê com total praticidade, conta com lindo design que remete modernidade ao quartinho. Tudo o que você precisa em um só produto. Confira e garanta já o seu!<br> <br> Características Técnicas: <br> - Desenvolvido em MDP e MDF <br> - Pintura na cor Branco <br> - Acabamento em U.V Brilho<br> - 2 Portas<br> - 2 Gavetas com corrediças metálicas<br> - Cabideiro em alumínio <br> - Puxadores em ABS <br> - Cantoneira decorativa<br> - Lindo design <br> <br> Dimensões: <br> Altura: 180 cm<br> Largura: 80 cm<br> Profundidade: 40 cm<br> <br> Obs: Não realizamos a montagem do produto, porém acompanha manual de instruções.</p>","{""marca"":""Henn"",""quantidade_de_portas"":""2 Portas""}",,Henn,,2 Portas,,,,,,,,,,,,,Branco Brilho,Henn,2,2,Não informado,Infantil,MDP e MDF,Não informado,Não informado,Não informado,Não informado,Não informado,2 Portas,Não informado,"Cabideiro em alumínio, Puxadores em ABS, Cantoneira decorativa",Labirinto,Branco Brilho,Henn,2 Gavetas,2 Portas,Solteiro,,MDF e MDP,,Convencional
Guarda-Roupa de Solteiro Briz 2 Portas Deslizante B66,"Desenvolvido para agradar todos os gostos, é compacto e funcional, possui divisão interna inteligente, com combinações de cores elegantes e marcantes. <br>Dispõe 2 portas deslizantes com alinhadores de metal que possibilitam durabilidade e resistência, possui detalhes em soft, espelho centralizado em uma das portas, 2 gavetas internas com corrediças de metal que proporciona um deslize suave, pés em ABS inclusos evitam o contato direto com a superfície. Produto ideal para espaços menores complementam o ambiente dando um toque descontraído, possibilitam o usuário aliar praticidade e comodidade no mesmo produto. <br><br>Características:<br>Caixa: MDP 15mm<br>Interno: MDP 12mm<br>Frente: MDP 12mm<br>Fundo: MDF 3mm<br><br>Porta: 02<br>Gaveta:02<br>Corrediça em metal<br>Cabideiro em madeira<br>Puxador em ABS<br>Pintura: UV<br><br>Dimensões:<br>Altura: 200 cm<br>Largura: 163 cm<br>Profundidade: 48,5 cm<br>Peso: 95 Kg<br><br>Garantia do Fornecedor: 3 meses.","{""marca"":""Briz"",""quantidade_de_gavetas"":""2 Gavetas"",""tamanho"":""Solteiro""}",,Briz,2 Gavetas,,Solteiro,,,,,,,,,,,,Não informado,Briz,2,2,Solteiro,Guarda-Roupa,MDP,Não informado,Não informado,MDP,Não informado,Não informado,Deslizante,Deslizante,"Pés em ABS, Detalhes em Soft, Espelho centralizado, Corrediças de metal",Não informado,Café e Off White,Briz Móveis,2 gavetas,2 Portas,Solteiro,,MDF e MDP,,Correr
Guarda-Roupa Henry D01 6 Portas com Espelho Nogal/Vanilla Touch -AMARENA MÓVEIS,"<br>Gostaria de um móvel que trouxesse mais elegância e sofisticação para o seu lar? O Guarda-Roupa Henry é sua melhor opção! Com característica moderna e com acabamento de qualidade, este produto atenderá suas expectativas! Não perca essa oportunidade e adquira já o seu!<br><br>Especificações Técnicas do Guarda-Roupa Henry: <br><br>- Altura: 217 cm;<br>- Largura: 192 cm;<br>- Profundidade: 47 cm;<br>- Peso: 113,10 Kg;<br><br>Diferenciais do Guarda-Roupa Henry: <br><br>- Material da Estrutura: estrutura em MDP de alta qualidade e resistência;<br>- Características: espelho, gavetas, cabideiro metálico, corrediças metálicas;<br><br>Recomendações de limpeza: <br><br>-Limpar com flanela limpa e seca. Não molhar o móvel e não expor em lugar úmido ou próximo de fontes de calor. Não usar produtos abrasivos.<br><br>Observações Importantes: <br><br>- As imagens ambientadas são meramente ilustrativas e podem apresentar itens que não compõe o produto;<br>- Objetos decorativos que aparecem na foto não acompanham o produto;<br>- As cores do produto podem variar de acordo com o monitor, a iluminação do ambiente, ou sua percepção visual;<br>- O Guarda-Roupa Henry chegará desmontado para você, recomendamos que a montagem seja feita por um profissional.<br>- Confira as dimensões antes da compra e certifique-se de que o produto passará por elevadores, portas e corredores, já que nossa entrega não inclui a subida de lances de escada, ou o lançamento de produtos;<br>- Ao receber seus produtos, verifique no ato do recebimento qualquer dano na embalagem. Caso tenha alguma avaria, favor não assinar o comprovante de recebimento (A transportadora tem obrigação de esperar a conferência);<br>- Produto para uso residencial em ambiente interno, não devendo ficar exposto diretamente ao sol, calor e umidades excessivas.","{""cor"":""Nogal, Vanilla Touch""}","Nogal, Vanilla Touch",,,,,,,,,,,,,,,,NogalVanilla Touch,AMARENA MÓVEIS,Não informado,6,Não informado,Guarda-Roupa,MDP,Moderno,Espelho,MDP,Não informado,192 cm,6 Portas,Não informado,"gavetas, cabideiro metálico, corrediças metálicas",Não informado,Nogal e Vanilla,Amarena Móveis,6 Gavetas,6 Portas,Casal,,MDP,,Convencional
Guarda Roupa Casal Atalaia Nature Off White com Cabeceira Emilia 140 cm Marfim  Henn,"<p>Guarda Roupa Casal Atalaia Nature Off White com Cabeceira Emilia 140 cm Marfim – Henn</p><p>Para você que quer renovar os móveis do seu quarto, você está no lugar certo! Apresentamos o Guarda Roupa Atalaia, desenvolvido pela Henn em MDP e MDF de altíssima qualidade proporcionando muito mais qualidade e durabilidade, oferece um amplo espaço interno e um design super moderno. Já a Cabeceira Emilia, desenvolvido pela IDF Decor conta com um design super lindo e aconchegante, que trará um diferencial para o ambiente. Esse combo é perfeito para deixar seu quarto muito mais sofisticado. Confira e aproveite!</p><p>Guarda Roupa Casal Atalaia Nature Off White – Henn<br> Características Técnicas:<br> - Desenvolvido em MDF/MDP<br> - Pintura na cor Nature Off White<br> - Acabamento em U.V Fosco e Brilho<br> - 6 Portas<br> - Dobradiças de 35 mm com amortecimento<br> - 6 gavetas usinadas com detalhes em vidro<br> - Gavetas com corrediças telescópicas<br> - Moldura lateral e superior de 25 mm envelopados<br> - Puxadores em alumínio com acabamento bronze<br> - Cabideiro em alumínio<br> - Pés inclusos<br> - Lindo design<br> <br> Dimensões:<br> Altura: 240 cm<br> Largura: 267 cm<br> Profundidade: 55 cm</p><p>Cabeceira Casal Emilia 140 cm Marfim Suede – IDF Decor<br> Características Técnicas:<strong><br> </strong>- Estrutura em madeira de eucalipto<br> - Produzida com material ecologicamente correto, para melhor durabilidade e resistência da peça<br> - Acabamento em espuma de altíssima qualidade e com procedência<br> - Possui pés em plástico<br> - Detalhes com botões capitonê na cor do tecido<br> - Revestimento em tecido suede<br> - É ideal para cama box de 138 cm<br> - Conta com sistema de frame<br> - Lindo Design</p><p>Dimensões:<br> Altura: 120 cm<br> Largura: 140 cm<br> Profundidade: 19 cm</p><p>Obs: Não realizamos a montagem do produto, porem acompanha manual de montagem.</p>","{""marca"":""Henn"",""tamanho"":""Casal""}",,Henn,,,Casal,,,,,,,,,,,,Nature Off White,Henn,6,6,Casal,Guarda Roupa,MDFMDP,Moderno,Não informado,MDF,Não informado,140 cm,6 Portas,Não informado,"Dobradiças de 35 mm com amortecimento, Gavetas com corrediças telescópicas, Moldura lateral e superior de 25 mm envelopados, Puxadores em alumínio com acabamento bronze, Cabideiro em alumínio, Pés inclusos",Não informado,Nature e Off White,Henn,6 Gavetas,6 Portas,Casal,,MDF e MDP,,Convencional
Guarda Roupa Casal Atraente 1577 Demolição Baunilha - Araplac,"<p>Guarda Roupa Casal Atraente 1577 Demolição Baunilha - Araplac<br> O guarda roupa para o quarto de casal que você procura está aqui! Com a qualidade e o bom preço que o casal merece, linha Atraente modelo 1577 planejado e produzido pela Araplac pensando em sua comodidade e praticidade, com 4 portas e 6 gavetas proporcionando um amplo espaço e uma ótima repartição interna, facilitando a organização de roupas e acessórios do casal, confira todas as características técnicas:<br> <br> Características técnicas:<br> - Desenvolvido em MDP<br> - Na cor Demolição Baunilha<br> - Espelho<br> - 4 portas<br> - Dobradiças em metal<br> - Puxadores cromados<br> - 6 gavetas com corrediças metálicas<br> - 2 cabideiros metálicos<br> - Prateleiras internas<br> - Amplo espaço<br> - Lindo design<br> - Qualidade Araplac</p><p>Dimensões:<br> Altura: 217 cm<br> Largura: 209 cm<br> Profundidade: 47 cm</p> <p>OBS: Não realizamos a montagem, porem acompanha manual de instruções.</p>","{""cor"":""Demolição, Baunilha"",""marca"":""Araplac"",""tamanho"":""Casal""}","Demolição, Baunilha",Araplac,,,Casal,,,,,,,,,,,,Demolição Baunilha,Araplac,6,4,Casal,Guarda Roupa,MDP,Não informado,Espelho,MDP,Não informado,209,4,Não informado,"Dobradiças em metal, Puxadores cromados, Corrediças metálicas, 2 cabideiros metálicos, Prateleiras internas",Não informado,Demolição e Baunilha,Araplac,6 Gavetas,4 Portas,Casal,,MDP,,Convencional
Guarda Roupa 4 Portas 2 Gavetas Atacama Grafite,"<p>Guarda Roupa 4 Portas 2 Gavetas Internas com Pés Aramóveis</p> <br> <br> Guarda roupa 04 portas, 02 gavetas internas com pés. Produzido em MDP 15mm e 12 mm de espessura, proporcionando resistência e durabilidade. Amplo espaço interno, garantindo maior firmeza ao móvel. Puxadores de MDF 25mm, cabideiro de madeira dando maior resistência. Gaveta ampla com melhor fixação, proporcionando maior conforto e comodidade em guardar roupas sem amassar e puxar fios. Corrediça metálica oferecendo durabilidade e um melhor deslize ao abrir e fechar as gavetas. Acabamento texturizado, garantindo a conservação do móvel. <br> <br>Dimensões: <br>Altura: 230 cm <br>Largura: 153 cm <br>Profundidade: 46 cm <br>Peso: 104,65 kg <br> <br>Observações: <br>Imagens são meramente ilustrativas. <br>Produto necessita de montagem. <br>Itens externos aos descritos na sessão itens inclusos, não estão inclusos e são meramente ilustrativos. <br>As tonalidades podem variar conforme a luminosidade do ambiente <br> <br>Garantia do fornecedor: 3 meses <br> <br>","{""marca"":""Aramóveis""}",,Aramóveis,,,,,,,,,,,,,,,Grafite,Atacama,2,4,Não informado,Guarda Roupa,MDP,Não informado,com Pés,MDP,Não informado,153 cm,4 Portas,Não informado,com Pés Aramóveis,Não informado,Atacama e Grafite,Aramóveis,2 Gavetas,4 Portas,Solteiro,,MDP,,Convencional
Guarda Roupa Casal Exellence 2230 Freijó com Espelho - Araplac,"<p>Guarda Roupa Casal Exellence 2230 Freijó com Espelho - Araplac</p><p>Na hora de escolher o guarda roupa para seu quarto você procura por qualidade e preços acessíveis, apresentamos essa linda opção desenvolvida pela Araplac com todo cuidado e carinho pensando no melhor para o casal e em seu conforto, Guarda Roupa da linha Exellence modelo 2230 conta com um lindo design na cor Freijó proporcionando modernidade e praticidade ao ambiente, amplo espaço interno e ótimas repartições para melhor organização das roupas e acessórios do casal. Não deixe de aproveitar, garanta já o seu!</p><p>Características Técnicas:<br> - Desenvolvido 100% em MDP<br> - Acabamento em pintura U.V na cor Freijó<br> - Possui 10 Portas<br> - Dobradiças metálicas<br> - Puxadores cromados<br> - 04 Gavetas sem puxador, com um design diferenciado<br> - Corrediças metálicas livres de enrosco no abrir e fechar<br> - Prateleiras para melhor organização<br> - 02 Cabideiros Metálicos<br>- Acompanha espelho<br> - Kit pés incluso<br> - Lindo e moderno design</p><p>Dimensões:<br> Altura: 198 cm<br> Largura: 154 cm<br> Profundidade: 47 cm</p><p>Obs: Não realizamos a montagem, porém acompanha manual de instruções.</p>","{""marca"":""Araplac"",""tamanho"":""Casal""}",,Araplac,,,Casal,,,,,,,,,,,,Freijó,Araplac,4,10,Casal,Guarda Roupa,MDP,Moderno,Espelho,MDP,Não informado,154 cm,10 Portas,Não informado,"Dobradiças metálicas, Puxadores cromados, Corrediças metálicas, Cabideiros Metálicos",Não informado,Freijó,Araplac,4 Gavetas,10 Portas,Casal,,MDP,,Convencional
Guarda Roupa 6 Portas 2 Gavetas Branco/Castanho Panamá Moval Móveis 182x153x47,"<p>O Guarda Roupa 6 Portas 2 Gavetas Branco/Castanho Panamá Moval Móveis 182x153x47 é um produto compacto, espaçoso, moderno e elegante. Sua divisão interna é incrível, com várias prateleiras e cabideiros, que possibilitam acomodar organizadamente roupas, edredons, travesseiros, calçados e objetos pessoais. O produto é feito em MDP, possui 6 portas, 2 gavetas e seus puxadores tem acabamento cromado, trazendo charme e sofisticação ao móvel.</p><p><br></p><p>Descrição do Produto:</p><p>Modelo: Panamá</p><p>Marca: Moval Móveis</p><p>Cor: Branco/castanho Naturale</p><p>Material: Mdp</p><p>Portas: 06 Portas De Bater</p><p>Gavetas: 02</p><p>Corrediças: Metálica</p><p>Espelho: Não</p><p>Pés: Sim, Em Pvc</p><p>Conteúdo Emb: 01 Guarda Roupas</p><p>Garantia: 3 Meses</p><p>Montagem Não Inclusa.</p><p><br></p><p>Dimensões Do Produto:</p><p>Altura: 182 Cm</p><p>Largura: 153 Cm</p><p>Profundidade: 47 Cm</p><p><br></p><p>Cuidados com o produto:</p><p>Não arrastar nem sobrecarregar os móveis, tanto no dia-a-dia como no transporte</p><p>Não é recomendado, para limpeza e manutenção dos móveis, o uso de produtos que contenham: ácidos, soda, álcool, thinner, acetonas e solventes.</p><p>Não usar palha, esponja de aço ou qualquer objeto áspero, utilizar apenas pano macio e sabão neutro.</p><p>Os produtos são parcialmente resistentes a intempéries, mantendo suas cores por longo período. No entanto, para maior vida útil, não é aconselhável mantê-los em ambientes externos, ao abrigo do tempo, quando não estiverem em uso.</p><p><br></p><p>Todos os móveis possuem garantia e manual de montagem.</p><p>Não nos responsabilizamos pelos custos de montagem.</p><p>Não nos responsabilizamos por subir escadas, corredores e elevadores ou transporte por guincho em apartamentos.</p><p>É de extrema importância ficar atento às dimensões dos produtos, pois é de sua total responsabilidade caso o produto tenha dimensões superiores ao local de acesso dificultando ou impossibilitando que a mesma seja concluída.</p><p><br></p><p>*Foto ilustrativa. A tonalidade de cor pode variar entre peças diferentes. Além disso, a percepção das cores do produto pode ser um pouco diferente da mostrada na foto do anúncio em função da luminosidade do ambiente, calibração do monitor ou aparelho utilizado para visualização da foto.*</p>","{""marca"":""Moval"",""quantidade_de_portas"":""6 Portas""}",,Moval,,6 Portas,,,,,,,,,,,,,Brancocastanho Naturale,Moval Móveis,2,6,182x153x47,Guarda-Roupa,MDP,Moderno,Não informado,MDP,Não informado,153 Cm,06 Portas De Bater,Bater,Não informado,Não informado,Branco e Castanho,Moval,2 Gavetas,6 Portas,Casal,,MDP,,Convencional
Guarda Roupa Casal Lyon 6 Portas 2 Gavetas 5 Prateleiras,"<p>O Guarda Roupa Lyon é desenvolvido com material ecologicamente correto, sendo fabricado em MDP. O acabamento é com Pintura UV, protegida com verniz ultra resistente. Este produto tem 2 gavetas internas com corrediças metálicas e possui uma excelente divisão interna com 2 cabideiros de madeira, espaço para sapatos e 5 prateleiras. Outro destaque é o puxador, fabricado em PVC na cor Bronze, o que lhe proporciona um design moderno.</p><p>ESPECIFICAÇÕES TÉCNICAS<br>Material: MDP<br>Dimensões do produto (AxCxL) 200 X 178 X 46 cm<br>Necessita de Montagem: SIM<br>Garantia do Fabricante: Prazo de 3 meses por defeito de fabricação </p><p>ATENÇÃO: A WOW Móveis não se responsabiliza pela montagem dos produtos. Na entrega não está incluso subir escadas/elevadores ou transporte por guincho em apartamentos. Eventuais despesas são de responsabilidade do comprador. Orientamos a conferência das dimensões deste produto para certificar que o mesmo passará normalmente por elevadores, escadas e corredores de sua residência. A WOW Móveis fica a disposição para sanar possíveis dúvidas a respeito do produto.<br>Nossas imagens são meramente ilustrativas.</p>","{""cor"":""Marrom"",""quantidade_de_gavetas"":""2 Gavetas"",""quantidade_de_portas"":""6 Portas"",""tamanho"":""Casal""}",Marrom,,2 Gavetas,6 Portas,Casal,,,,,,,,,,,,Não informado,Lyon,2,6,Casal,Guarda-Roupa,MDP,Moderno,Não informado,MDP,5,46 cm,6 Portas,Não informado,"2 gavetas internas com corrediças metálicas, 2 cabideiros de madeira, espaço para sapatos, 5 prateleiras",Não informado,Marrom,Lyon,2 Gavetas,6 Portas,Casal,,MDP,,Convencional
Guarda Roupa Casal Capri 3 Portas Correr 9 Gav C/ Espelho,"Guarda-Roupa Capri 3 Pts | Se você está buscando um guarda-roupa moderno, elegante e funcional para manter suas roupas e acessórios organizados, então o Guarda-Roupa Capri é a escolha certa para você! Com um design incrível que irá transformar o seu quarto, este móvel é perfeito para quem busca praticidade e estilo em um só lugar. Com 3 portas de correr e uma distribuição interna inteligente, o Guarda-Roupa Capri possui cabideiro, prateleiras e gavetas espaçosas, oferecendo amplo espaço para armazenar todas as suas peças. <br><br> Somente com o Capri você tem: <br><br> 3 Portas de Correr com trilho inferior em Alumínio com sistema soft de rolagem <br> Espelhos na porta central que deixam o produto glamouroso <br> 9 gavetas com Corrediças Metálicas <br> Puxadores em PVC <br> Fabricado em MDP 12mm <br> Acabamento Touch Alto-Relevo ou Alto Brilho UV (nas cores Branco e Off-white) e Semibrilho parte interna <br> Design compacto e funcional, atendendo às necessidades de solteiros e casais <br> Roupeiro com 9 gavetas é o mais indicado para cômodos pequenos <br> Fácil montagem <br><br> Dimensões aproximadas Altura 2,0m x Largura 1,74m x Profundidade 0,45cm x Peso 89kg <br><br> Observações: As cores Chocolate e Chocolate/offwhite são portas flex e a cor Onix o acabamento é preto fosco.<br><br> \\Não nos responsabilizamos pela montagem ou instalação do produto. Sugerimos a contratação de um serviço terceirizado de montagem ou de algum profissional experiente de sua preferencia.\\<br><br> (imagens meramente ilustrativas)","{""tamanho"":""Casal""}",,,,,Casal,,,,,,,,,,,,Não informado,Capri,9,3,Casal,Guarda-Roupa,MDP,Moderno,Espelho,MDP,Não informado,174m,3 Portas de Correr,Correr,"Cabideiro, Prateleiras, Gavetas, Trilho inferior em Alumínio com sistema soft de rolagem, Espelhos na porta central, Corrediças Metálicas, Puxadores em PVC, Acabamento Touch Alto-Relevo ou Alto Brilho UV, Semibrilho parte interna",Não informado,Onix,Quarta Divisão Móveis,9 Gavetas,3 Portas,Casal,,MDP,,Correr
Roupeiro 4 portas e 3 gavetas Rodial D4350,"O roupeiro D4350 da marca Rodial produzido com alta tecnologia e desenhado com traços contemporâneos, vai levar beleza e qualidade para seu quarto. Ele conta com 4 portas e 3 gavetas, assim possuindo um ótimo espaço interno que permite a organização de roupas e pertences de maneira rápida e funcional. Toda a praticidade para o seu quarto, venha conferir!","{""cor"":""Cacau"",""marca"":""Rodial"",""quantidade_de_gavetas"":""3 Gavetas"",""quantidade_de_portas"":""4 Portas"",""tamanho"":""Casal"",""tipo"":""Casal""}",Cacau,Rodial,3 Gavetas,4 Portas,Casal,Casal,,,,,,,,,,,Não informado,Rodial,3,4,Não informado,Roupeiro,Não informado,Contemporâneo,Não informado,Não informado,Não informado,Não informado,4 portas,Não informado,Não informado,Não informado,Cacau,Rodial,3 Gavetas,4 Portas,Casal,,MDP,,Convencional
Roupeiro 6 Portas 6 Gavetas Havai Slider Panan,"Roupeiro 6 Portas 6 Gavetas Havai Slider Panan, deixe seu quarto perfeitamente belo com este lindo móvel!<br><br><br>Características:<br>Material: MDP de 15 e 12 mm<br>Visual moderno<br>Cor moderna com textura, garante maior durabilidade<br>Moderno padrão de acabamento<br>Fácil de limpar<br>6 Portas (sendo duas maiores e quatro menores)<br>6 Gavetas<br>Prateleiras<br>Cabideiro em alumínio<br>Puxador Moderno em ABS<br>Corrediças Metálicas<br>Tipo de porta: Bater<br><br><br>Dimensões Externas do Produto:<br>Altura: 224cm<br>Largura: 212,4cm<br>Profundidade: 45cm<br>Peso: 136,4 Kg<br><br><br>Garantia do Fornecedor de 03 meses","{""cor"":""Canela"",""marca"":""Panan Móveis"",""quantidade_de_gavetas"":""6 Gavetas"",""quantidade_de_portas"":""6 Portas""}",Canela,Panan Móveis,6 Gavetas,6 Portas,,,,,,,,,,,,,Não informado,Panan,6 Gavetas,6 Portas,Não informado,Roupeiro,MDP,Moderno,"Cabideiro em alumínio
Puxador Moderno em ABS
Corrediças Metálicas",MDP,Não informado,2124cm,2 maiores e 4 menores,Bater,Não informado,Havai,Canela,Panan,6 Gavetas,6 Portas,,,MDP,,Convencional
Guarda-Roupa Modulado Infinity 2 Portas 4 Prateleiras Savana/Branco 2058 - Genialflex,"Descrição:<br><br>O(a) Guarda-Roupa Modulado Infinity 2 Portas 4 Prateleiras Savana/Branco 2058 - Genialflex é produzido em MDF na escala de brilho Fosco, e possui um grau de dificuldade de montagem: Médio.<br>Seu revestimento/acabamento é: Pintura UV.<br><br><br>Infelizmente a Panorama Móveis não oferece serviço de montagem, deixamos essa informação bem clara em todas as nossas páginas de produto.<br>Onde especificamos que os móveis chegarão desmontados, e que a montagem fica por conta do cliente.<br><br><br><br>Como não oferecemos esse serviço não embutimos o mesmo no preço dos produtos, ou seja, maior economia para você!<br>Todos os nossos móveis também acompanham o manual de montagem, e caso você queira, pode realizar a montagem você mesmo, sempre especificamos os graus de montagem dos produtos.<br><br><br><br>Nos casos de grau baixo e médio, com pouco ou nenhum conhecimento, você mesmo pode efetuar a montagem, e fazer essa economia.<br>Apenas nos graus de montagem alto, recomendamos a contratação de um montador com experiência, visto que são montagens mais complicadas.<br> A montagem é feita com Parafusos, cavilhas e Minifix.. <br><br><br><br>Este móvel é indicado para que seja utilizado no(a) Quarto e Quarto Infantil, dando um toque especial no cômodo de sua casa.<br> Para que você mantenha seu produto sempre em ótimo estado, recomendamos que use apenas um pano seco ou levemente umedecido, <br>sem o uso de quaisquer produtos abrasivos.<br><br><br><br>A Panorama Móveis garante aos clientes, 90 dias de garantia nos produtos, porém, recomendamos que entre em contato com o fornecedor/marca do produto, pois o mesmo(a), pode garantir um prazo maior de garantia.<br><br><br><br>Lembrando ainda que: quaisquer objetos decorativos que aparecem nas imagens, não acompanham o produto. <br>Panorama Móveis, a sua loja de móveis online, eletrodomésticos e artigos para decoração!<br><br>Características:<br><br>- Material da Estrutura: MDF<br>- Como os Móveis Chegarão na Minha Casa: Desmontado em caixas, acompanhado de todas as peças, ferragens e manuais para montagem.<br>- Grau de Dificuldade da Montagem: Médio<br>- Sistema de Montagem: Parafusos, cavilhas e Minifix.<br>- Observação: Objetos decorativos que aparecem nas imagens, não acompanham o produto.<br>- Recomendação de Manutenção: Utilizar pano levemente umedecido, seguido de pano seco. Não utilizar quaisquer produtos abrasivos.<br>- Indicação de Uso: Quarto e Quarto Infantil<br>- Garantia (dias): 90<br>- Escala de Brilho: Fosco<br>- Quantidade de Pés/Sapatas: 4<br>- Modelo: Solteiro<br>- Revestimento /Acabamento: Pintura UV<br>- Quantidade de Portas: 2<br>- Tipo de Porta: Portas de Bater<br>- Possui Vidro?: Não<br>- Material das Dobradiças: Caneco Com Amortecimento e Metálica<br>- Material do Puxador: Plástico<br>- Espessura da Estrutura: 15mm<br>- Possui Gavetas?: Não<br>- Possui Portas?: Sim<br>- Material da Porta: MDF<br>- Espessura da Porta: 12 mm<br>- Possui Prateleiras?: Sim<br>- Quantidade de Prateleiras: 4<br>- Peso Suportado nas Prateleiras:: 5 Kg<br>- Possui Puxadores?: Sim<br>- Linha ou Coleção: Infinity<br>- Possui Pés?: Não<br>- Tipo de Guarda-Roupa: Modulado<br>- É frágil?: Não<br>- Possui Ripamento?: Não<br>- Montagem Invertida?: Não Pode ser Montado Invertido<br>- Necessita de Montagem: Sim<br>- Possui Sapatas?: Sim<br>- Possui Rodízios?: Não<br>- Possui Espelho?: Não<br>- Acompanha: Guarda-Roupa<br><br><br>Dimensões:<br><br>- Altura: 240,00 cm<br>- Largura: 40,00 cm<br>- Profundidade: 56,00 cm<br>- Peso: 55,800 kg","{""marca"":""GenialFlex"",""tamanho"":""Solteiro""}",,GenialFlex,,,Solteiro,,,,,,,,,,,,Branco,Genialflex,Não informado,2,Solteiro,Modulado,MDF,Não informado,Não informado,MDF,4,4000,Portas de Bater,Não informado,Não informado,Não informado,Branco e Savana,Genialflex,,2 Portas,,,MDF,,Convencional
Guarda Roupa Lopas Hércules Plus s/Espelho Branco,<strong>Guarda Roupa Lopas Hércules Plus c/3 Portas de Correr e 9 Gavetas S/ Espelho - Branco</strong><br> <br> Marca: <strong>Lopas</strong><br><br>Dimensões(Cm): Comprimento(Profundidade): 53 x Largura: 200 x Altura: 208<br> <br> <strong>CARACTERÍSTICAS DE MÓVEIS</strong><br> <strong>Tipo de Estrutura do Móvel</strong><br> - MDP<br> <strong>Tipo de Pintura</strong><br> - Microtexturizada<br> <strong>Tipo de Acabamento da Pintura</strong><br> - Alto Brilho<br> <strong>Tipo de puxador</strong><br> - ABS/PVC<br> <strong>Quantidade de Prateleiras</strong><br> - 3<br> <strong>Quantidade de Gavetas</strong><br> - 9<br> <strong>Diferenciais da Gaveta</strong><br> - c/ Corrediças Telescópicas<br> <strong>Quantidade de Portas</strong><br> - 3<br> <strong>Garantia</strong><br> - 3<br> <br> <strong>04 - CARACTERÍSTICAS E BENEFÍCIOS DOS MÓVEIS DE QUARTO</strong><br> - Casal<br> <br> <br> <strong> Não nos responsabilizamos pela montagem/instalação dos produtos.</strong><br> <strong>Todas as informações divulgadas são de responsabilidade exclusiva do fabricante/fornecedor. </strong><br> <strong>Imagens Meramente Ilustrativas.</strong><br> <strong>Verifique com os fabricantes do produto e de seus componentes eventuais limitações à utilização de todos os recursos e funcionalidades.</strong>,"{""cor"":""Branco"",""marca"":""Lopas"",""quantidade_de_gavetas"":""9 Gavetas"",""quantidade_de_portas"":""3 Portas"",""tamanho"":""Casal""}",Branco,Lopas,9 Gavetas,3 Portas,Casal,,,,,,,,,,,,Branco,Lopas,9,3,Não informado,Guarda Roupa,MDP,Não informado,Não informado,Não informado,3,53,3,de Correr,c Corrediças Telescópicas,Não informado,Branco,Móveis Lopas,9 Gavetas,3 Portas,Casal,,MDP,,Correr
Guarda Roupa Espaçoso 6 Portas e 2 Gavetas 1.80m Amendola Touch Off White Tulum Shop Jm,"<p>Dimensões do produto:Largura 180 cm; Profundidade 47 cm; Altura 207 cm;</p><p>Itens Inclusos:1 Guarda Roupa</p><p>Material da estrutura em MDP</p><p>06 Portas com excelente espaço interno e puxadores vero na cor bronze</p><p>3 Cabideiros em alumínio</p><p>2 Gavetas internas centrais com corrediças metálicas e puxadores embutidos</p><p>Divisórias internas espaçosas</p><p>Sapateiras amplas para melhor organização</p><p>Pés em PVC que facilitam a limpeza do ambiente</p><p>Complexidade da montagem:Média, pode ser montado por mais de uma pessoa e/ou necessite de maior conhecimento para montagem.</p><p>Recomendações de uso, manutenção e limpeza:Limpar com flanela ou pano macio seco, não utilizar produtos abrasivos, desengordurantes, álcool ou solvente. Não expor o produto diretamente a luz solar e à umidade</p><p>Garantia:3 meses<br><br>OBS: Foto meramente ilustrativa, objetos, utensílios e decoração não fazem parte do produto.</p><p>Manual de Montagem e Instalação</p>",{},,,,,,,,,,,,,,,,,Off White,Amendola,2,6,180m,Guarda Roupa,MDP,Não informado,Não informado,Não informado,Não informado,180,6 Portas,Não informado,"Cabideiros em alumínio, Gavetas internas centrais com corrediças metálicas e puxadores embutidos, Divisórias internas espaçosas, Sapateiras amplas para melhor organização, Pés em PVC",Não informado,Amêndola Touch e Off White,Shop JM,2 Gavetas,6 Portas,Casal,,MDP,,Convencional
Guarda-Roupa de Bebê 4 Portas 5 Gavetas Evolution Tcil Móveis,"Idealizado para tornar o quarto do seu bebê aconchegante e funcional o roupeiro 4 portas Evolution é produzido em MDF, possui 5 gavetas com corrediças telescópicas, excelente espaço interno com maleiro, prateleiras amplas e espaço multifuncional com cabideiros em alumínio. Para maior segurança as portas possuem desenhos com acrílicos fixados, dobradiças 26mm e puxadores em pvc. Pés opcionais.","{""cor"":""Branco"",""marca"":""Tcil Móveis"",""quantidade_de_gavetas"":""5 Gavetas""}",Branco,Tcil Móveis,5 Gavetas,,,,,,,,,,,,,,Não informado,Tcil Móveis,5,4,Não informado,Bebê,MDF,Não informado,Não informado,Não informado,Não informado,Não informado,Não informado,Não informado,"corrediças telescópicas, maleiro, prateleiras amplas, espaço multifuncional com cabideiros em alumínio, dobradiças 26mm, puxadores em pvc, Pés opcionais",Não informado,Branco, Tcil Móveis,5 Gavetas,4 Portas,Solteiro,,MDF,,Convencional
Guarda Roupa Casal Prime 6000 Demolição Baunilha com Pés Reto News  Araplac,"<p>Guarda Roupa Casal Prime 6000 Demolição Baunilha com Pés Reto News – Araplac<br> Para deixar seu quarto ainda mais lindo e aconchegante, apresentamos o Guarda Roupa Casal Prime 6000 da Araplac. Desenvolvido com ótimos materiais, entrega muito mais qualidade e durabilidade e também um amplo espaço interno para facilitar a organização de roupas, calçados e acessórios. Seu design moderno deixará qualquer ambiente um luxo, trazendo sofisticação e aconchego para o seu quarto. Confira as dimensões e aproveite!</p><p>Características Técnicas: <br> - Desenvolvido 100% em MDP<br> - Pintura UV na cor Demolição Baunilha <br> - Possui 6 portas com dobradiças metálicas livres de qualquer enrosco<br> - Possui 4 gavetas internas com corrediças metálicas livres de qualquer enrosco <br> - Cabideiro Metálico <br> - Puxadores ergonômicos <br> - Ótima repartição interna <br> - Acompanha Kit com 8 pés estilo reto <br> - Design Lindo e Moderno</p><p>Dimensões:<br> Altura: 230 cm<br> Largura: 238 cm<br> Profundidade: 47 cm<br> Obs: Montagem do produto não está incluso, porem acompanha manual de montagem.</p>","{""marca"":""Araplac"",""tamanho"":""Casal""}",,Araplac,,,Casal,,,,,,,,,,,,Demolição Baunilha,Araplac,4,6,Casal,Guarda Roupa,MDP,Moderno,Pés Reto,MDP,Não informado,238 cm,6 portas com dobradiças metálicas livres de qualquer enrosco,Não informado,"Cabideiro Metálico, Puxadores ergonômicos, Ótima repartição interna, Acompanha Kit com 8 pés estilo reto",Não informado,Demolição e Baunilha,Araplac,4 Gavetas,6 Portas,Casal,,MDP,Moderno ,Convencional
Guarda-roupa Beca C/ 3 Portas 100% MDF Branco Premium,"Beleza e requinte são adjetivos do roupeiro Beca. Com sua estrutura de MDF ele possui um espaço interno bem dividido e com muito espaço para guardar tudo que você precisa. Além disso, ainda conta com acabamento em pintura UV , ideal para a segurança e o conforto usuário. Tenha um quarto bonito e bem decorado com o roupeiro Beca.","{""cor"":""Branco"",""quantidade_de_gavetas"":""2 Gavetas"",""quantidade_de_portas"":""3 Portas"",""tamanho"":""Casal""}",Branco,,2 Gavetas,3 Portas,Casal,,,,,,,,,,,,Branco,Beca,Não informado,3,Não informado,Guarda-roupa,MDF,Não informado,Não informado,MDF,Não informado,Não informado,3 Portas,Não informado,Pintura UV,Não informado,Branco Premium,Multimóveis,2 Gavetas,3 Portas,Casal,, MDF,,Convencional
Guarda Roupa Casal Doble 4 Portas e 4 Gavetas com Espelho - Móveis Albatroz,"<br> <p>Guarda Roupa Casal Doble 4 Portas e 4 Gavetas com Espelho - Móveis Albatroz<br> Transforme o seu quarto com o Guarda Roupa Casal Doble de 4 Portas e 4 Gavetas. Construído com uma estrutura robusta em MDP e finalizado com uma elegante pintura UV, este guarda-roupa combina durabilidade e estilo. As 4 portas, equipadas com dobradiças metálicas, abrem para revelar um amplo espaço interno, enquanto as portas laterais com acabamento ripado adicionam um toque de sofisticação. Com 4 gavetas, corrediças telescópicas e puxadores em cava, a organização é simples e eficaz. Completo com cabideiros em alumínio, prateleiras internas e pés inclusos, o Guarda Roupa Casal Doble é a escolha ideal para elevar o seu ambiente.<br> <br> ESPECIFICAÇÕES:<br> Estrutura em MDP<br> Pintura UV<br> 4 Portas<br> Dobradiças metálicas<br> Portas laterais com acabamento ripado<br> Puxadores de MDF revestidos nas portas<br> 4 Gavetas<br> Corrediças telescópicas<br> Puxadores em cava nas gavetas<br> Cabideiros em alumínio<br> Interna com prateleiras<br> Kit 4 espelhos parafusados na porta<br> Pés inclusos<br> <br> Dimensões:<br> Tamanho do Produto (L x A x P): 240 x 230 x 47 cm<br> <br> Garantia: 3 meses<br> Montagem: O Produto vai desmontado com manual e todos acessórios. Recomendamos que a montagem seja feita por um profissional<br> Recomendação de Limpeza: Utilize pano levemente úmido<br> <br> Observações:<br> - A LOJA se responsabilizará pela entrega dos produtos até aonde as rodovias alcançam, entregas fluviais ou aéreas devem ser cotadas a parte.<br> - As imagens são ilustrativas, não acompanham objetos de decoração.<br> - Pode haver alguma diferença de tonalidade entre a imagem e o produto, por conta do tratamento de imagens e a calibração de cores da sua tela.<br> - A montagem será de responsabilidade do comprador. Entregamos até a porta de entrada da residência ou até a portaria do condomínio. Não nos responsabilizamos, no ato da entrega, por subir escadas/elevadores ou transporte por guincho em apartamentos. Eventuais despesas são de responsabilidade do comprador.<br> - Confira as dimensões do produto no momento da compra e certifique-se de que passará normalmente por supostos elevadores, portas, escadas e/ou corredores de sua residência.<br> Para mais informações, acesse nossa Central de Atendimento.</p> <br>","{""marca"":""Móveis Albatroz"",""tamanho"":""Casal""}",,Móveis Albatroz,,,Casal,,,,,,,,,,,,Não informado,Móveis Albatroz,4,4,Casal,Guarda Roupa,MDP,Não informado,Com Espelho,MDP,Não informado,240,4 Portas,Não informado,"Dobradiças metálicas, Portas laterais com acabamento ripado, Puxadores de MDF revestidos nas portas, Corrediças telescópicas, Puxadores em cava nas gavetas, Cabideiros em alumínio, Interna com prateleiras, Kit 4 espelhos parafusados na porta, Pés inclusos",Não informado,Jatobá e Fendi Metallic,Móveis Albatroz,4 Gavetas,4 Portas,Casal,,MDP,,Convencional
Cômoda Montevideu e Guarda Roupa Casal Venice 62480 Branco Brilho - Demóbile,"<p><span>Cômoda Montevideu e Guarda Roupa Casal Venice 62480 Branco Brilho - Demóbile<br></span><span><br></span><span>Buscando móveis para o quarto do casal para proporcionar um ambiente tranquilo, moderno e prático?A Demóbile desenvolveu este lindo combo composto pelo Guarda Roupa Casal Venice e a Cômoda Montevideu, móveis fabricados com materiais de alta qualidade que possuem ótimas repartições e amplo espaço interno para manter as roupas, calçados e acessórios organizados, o espaço ideal de armazenamento que o quarto necessita com elegância e charme pertinho de você. Confira todas as características desse lindo combo e aproveite!</span></p><p><br><span><span>Cômoda Montevidéu Branco - Demóbile</span><br></span>- Material da estrutura em MDP <br>- Acabamento em pintura U.V<br>- 04 Gavetas<br>- 01 Porta<br>- Sistema flex<br>- Corrediça metálica<br>- Prateleira<br>- Design moderno<br>- Amplo espaço</p><p>Dimensões:<br>Altura: 92 cm<br>Largura: 91 cm<br>Profundidade: 41 cm<br><br></p><p><span><span><span><span><span><span><span>Guarda Roupa Casal Venice 62480 Branco Brilho - Demóbile</span></span></span></span></span></span><br></span><span><span>Características Técnicas:</span><br><span>- Desenvolvido em MDF</span><br><span>- Pintura e acabamento UV</span><br><span>- 6 Portas</span><br><span>- 4 Gavetas</span><br><span>- Cabideiros metálicos</span><br><span>- Puxadores em MDF</span><br><span>- Gavetas com corrediças telescópicas livres de qualquer enrosco</span><br><span>- Maior organização, espaço e praticidade</span><br><span>- Lindo Design</span><br><br><span>Dimensões:</span><br><span>Altura: 218 cm</span><br><span>Largura: 241 cm</span><br><span>Profundidade: 56 cm</span><br></span>OBS: Não acompanha decorações, roupas, calçados e acessórios. </p><p>Atenção: Não nos responsabilizamos pela montagem ou instalação do produto, porém acompanha manual de instruções.<br>Importante: Imprescindível a conferência no ato da entrega. Em caso de anormalidade, recuse.</p>","{""marca"":""Demóbile"",""tamanho"":""Casal""}",,Demóbile,,,Casal,,,,,,,,,,,,Branco Brilho,Demóbile,4,6,Casal,Guarda Roupa,MDF,Moderno,Não informado,MDF,Não informado,241 cm,6 Portas,Não informado,"Cabideiros metálicos, Puxadores em MDF, Gavetas com corrediças telescópicas",Não informado,,,,,,,,,
Conjunto de Guarda-Roupa Alonzo com espelho e Cômoda Da Vinci com Nicho Amêndoa Clean/Off White,"O conjunto Alonzo e Da Vinci é a escolha perfeita para um quarto completo e sofisticado. O guarda-roupa espaçoso oferece amplo espaço de armazenamento com compartimentos inteligentes e design moderno, enquanto a cômoda complementa com gavetas espaçosas para organização adicional. Ambos apresentam acabamento refinado e detalhes elegantes, proporcionando funcionalidade e estilo em harmonia.","{""cor"":""Amêndoa, Off White"",""marca"":""Móveis Lopas""}","Amêndoa, Off White",Móveis Lopas,,,,,,,,,,,,,,,Amêndoa CleanOff White,Não informado,Não informado,Não informado,Não informado,Guarda-Roupa,Não informado,Moderno,Espelho,Não informado,Não informado,Não informado,Não informado,Não informado,Compartimentos inteligentes,Não informado,,,,,,,,,
Guarda Roupa Casal Demóbile New Murano 10 portas 03 gavetas com pés Amendola Touch 134,"<p>Descrição: O Guarda Roupa Demóbile New Murano, conta com divisões e compartimento bem distribuídos oferecendo compartimentos exclusivos para vários pares de sapatos, maleiro espaçoso e prateleira. Gavetas externas com deslize perfeito e pés em PVC que facilitam a limpeza do piso ao redor do produto. Puxadores superelegantes na cor bronze. Para garantir a qualidade do produto dentro da embalagem, as caixas são revestidas por um plástico termoencolhível e todas as peças são separadas por isomanta, tudo para preservar e evitar o atrito entre as peças dentro da embalagem. Você contará também com um manual com o passo a passo para auxiliar no momento da sua montagem.<br><br><br>Informações Básicas<br><br>Tipo: Guarda Roupa Casal<br>Marca: Demóbile<br>Modelo: New Murano<br>Cor: Amendola Touch 134 <br><br><br>Características<br><br>Estrutura: MDP, espessura de 12 e 15 mm<br>Acabamento: Pintura U.V, com <br>Porta: Sim, 10 portas de bater, com dobradiças metálicas<br>Gaveta: Sim, 03 gavetas com corrediças metálicas, suporta o peso de ate 3 kilos distribuídos <br>Prateleiras: Sim, 3 prateleiras móveis, com espessura de 12 mm e suporta o peso de ate 3 kilos distribuídos<br>Cabideiro: Sim, 2 cabideiros em alumínio <br>Puxador: Sim, em PVC na coloração Bronze<br>Pés: Sim, 06 pés em PVC, para maior durabilidade e segurança, medindo 10x5x4 cm <br><br><br>Dimensões do produto montado <br><br>Largura: 192 cm <br>Altura: 217 cm <br>Profundidade: 47 cm<br>Peso: 105,4 Kilos <br>Garantia: 03 Meses<br>Informações Adicionais: Não possuímos serviço de montagem. Todos os móveis possuem garantia e manual de montagem, Não nos responsabilizamos pelos custos de montagem. É de extrema importância ficar atento às dimensões dos produtos, pois é de sua total responsabilidade caso o produto tenha dimensões superiores ao local de acesso da entrega dificultando ou impossibilitando que a mesma seja concluída. Não nos responsabilizamos, no ato da entrega, por subir escadas, corredores e elevadores ou transporte por guincho em apartamentos. Não nos responsabilizamos por transtornos com a entrega caso o produto necessite de desmontagem, nem pelos custos gerados por esta situação. Imagens meramente ilustrativas a cor, pode variar de acordo com a iluminação do ambiente. Itens de decoração não inclusos.<br><br><br></p>","{""marca"":""Demóbile"",""quantidade_de_portas"":""10 Portas"",""tamanho"":""Casal""}",,Demóbile,,10 Portas,Casal,,,,,,,,,,,,Amendola Touch 134,Demóbile,3,10,Casal,Guarda Roupa,MDP,Não informado,Não informado,Não informado,3,Não informado,10 portas de bater com dobradiças metálicas,Não informado,Gavetas externas com deslize perfeito e pés em PVC que facilitam a limpeza do piso ao redor do produto Puxadores superelegantes na cor bronze,Não informado,Amêndola Touch,Demóbile,3 Gavetas,10 Portas,Casal,,MDP,,Convencional
Guarda Roupa Casal 6 Portas e 5 Gavetas c/ Espelho e Pés Áries Imbuia/Off White - Lopas,"<strong>Guarda Roupa Casal 6 Portas e 5 Gavetas c/ Espelho e Pés Áries Imbuia/Off White - Lopas</strong><br> <br> Marca: <strong>Lopas</strong><br><br>Dimensões(Cm): Comprimento(Profundidade): 52,1 x Largura: 243,6 x Altura: 230<br> <br> <strong>CARACTERÍSTICAS DE MÓVEIS</strong><br> <strong>Tipo de Estrutura do Móvel</strong><br> - MDP<br> <strong>Tipo de Pintura</strong><br> - UV<br> <strong>Tipo de Acabamento da Pintura</strong><br> - Semi Brilho<br> <strong>Tipo de puxador</strong><br> - MDF<br> <strong>Quantidade de Prateleiras</strong><br> - 8<br> <strong>Quantidade de Gavetas</strong><br> - 5<br> <strong>Diferenciais da Gaveta</strong><br> - c/ Corrediças Telescópicas<br> - c/ Opções de Montagem<br> <strong>Quantidade de Portas</strong><br> - 6<br> <strong>Garantia</strong><br> - 3<br> <br> <strong>04 - CARACTERÍSTICAS E BENEFÍCIOS DOS MÓVEIS DE QUARTO</strong><br> <strong>Tamanho do Guarda-Roupa</strong><br> - Casal<br> <br> <br> <strong> Não nos responsabilizamos pela montagem/instalação dos produtos.</strong><br> <strong>Todas as informações divulgadas são de responsabilidade exclusiva do fabricante/fornecedor. </strong><br> <strong>Imagens Meramente Ilustrativas.</strong><br> <strong>Verifique com os fabricantes do produto e de seus componentes eventuais limitações à utilização de todos os recursos e funcionalidades.</strong>",{},,,,,,,,,,,,,,,,,ImbuiaOff White,Lopas,5,6,Casal,Guarda-Roupa,MDP,Não informado,c Espelho e Pés,Não informado,8,2436,6,Não informado,c Corrediças Telescópicasbr - c Opções de Montagembr,Não informado,Imbuia e Off White,Móveis Lopas,5 Gavetas,6 Portas,Casal,,MDP,,Convencional
Guarda roupa casal 3 portas 4 gavetas ritmo amendola branco demobile,"<br>GUARDA ROUPA CASAL 3 PORTAS 4 GAVETAS RITMOGuarda Roupas com 3 portas de correr que otimizam o espaço, quatro amplas gavetas internas, possui cabideiros metalicos para vestidos e roupas longas, divisão ELE/ELA, espaço para calçados. Para garantir a qualidade do produto dentro da embalagem, as caixas são revestidas por um plástico termoencolhível e todas as peças são separadas por isomanta, tudo para preservar e evitar o atrito entre as peças dentro da embalagem. Você contará também com um manual com o passo a passo para auxiliar no momento da sua montagem.<br> <br>Descrições do produto montado:Altura: 218cmLargura: 201cmProfundidade: 52cmPeso bruto montado: 129,90Kg<br> <br>Especificações técnicas do produto:Cor predominante: AMENDOLA BRANCOMaterial da estrutura: MDF, MDPNúmero de portas: 3Número de gavetas: 4Tipo de corrediça das gavetas: telescópica<br> <br>Itens inclusos:1 guarda roupa, 1 kit ferragem para montagem e manual<br> <br>Montagem e instalação:Necessita Montagem: SimComplexidade da Montagem: Pode ser montado por mais de uma pessoa e/ou necessite de maior conhecimento para montagem.<br> <br>Recomendação de Manutenção e Limpeza:Limpar com flanela limpa e seca. Não molhar o móvel e não expor em lugar úmido ou próximo de fontes de calor, não usar produtos abrasivos.<br> <br>Observações Importantes:A Home House não se responsabiliza pela montagem ou desmontagem dos produtos (que deverá ser feita por um profissional qualificado).Estes serviços não estão inclusos nos valores dos mesmos.Pode haver alguma diferença de tonalidade entre as imagens do anúncio e o produto real, por conta do tratamento das imagens, calibração de cores do seu monitor e até mesmo pela sua percepção visual.No ato da compra, certifique-se de que as medidas do produto estão adequadas aos elevadores, portas e corredores do local da entrega, visto que não fazemos a montagem ou desmontagem de portas ou janelas, transporte pela escada ou içamentos pelo lado de fora do prédio.Ao receber a mercadoria, o cliente deve verificar as condições da embalagem, caso haja alguma avaria NÃO assine o comprovante de recebimento.<br>","{""cor"":""Amêndola, Branco"",""marca"":""Demóbile"",""tamanho"":""Casal""}","Amêndola, Branco",Demóbile,,,Casal,,,,,,,,,,,,AMENDOLA BRANCO,Demobilie,4,3,Não informado,Casal,MDF MDP,Não informado,Não informado,Não informado,Não informado,201cm,3 portas de correr,Correr,"Cabideiros metálicos, espaço para calçados",Não informado,Amêndola e Branco,Demóbile,4 Gavetas,3 Portas,Casal,,MDF e MDP,,Correr
Cômoda Astral e Guarda Roupa Casal Residence Amêndola Off White - Demóbile,"<p>Cômoda Astral e Guarda Roupa Casal Residence Amêndola Off White - Demóbile<br>Apresentamos a Cômoda Astral e o Guarda Roupa Casal Residence desenvolvidos pela Demóbile com estrutura em MDP, ótima repartição interna e design sofisticado para proporcionar modernidade e organização no seu ambiente, aproveite!<br> <br></p><p>Características Técnicas</p><p>Cômoda Astral 4 Gavetas Amêndola Touch - Demóbile<br>- Material da estrutura em 100% MDP<br>- Acabamento em pintura em UV <br>- 4 Gavetas<br>- Puxadores ergonômicos <br>- Corrediças metálicas<br>- Lindo design</p><p>Dimensões:<br>Altura: 86 cm<br>Largura: 62 cm<br>Profundidade: 41 cm</p><p><br> Guarda Roupa Casal Residence Amêndola Off White - Demóbile<br> - Material da estrutura em MDP<br> - Acabamento em pintura UV<br> - 3 Portas deslizantes<br> - Possui espelho<br> - Trilho das portas em alumínio<br> - 2 Gavetas<br> - Corrediças metálicas<br> - Espaço ele/ela<br> - Cabideiro/Calceiro em alumínio<br> - Puxadores embutidos<br> - Amplo espaço interno<br> - Design moderno</p><p>Dimensões:<br> Altura: 218 cm<br> Largura: 210 cm<br> Profundidade: 52 cm<br> Obs: Não realizamos a montagem, porém acompanha manual de instruções</p>","{""cor"":""Amêndola, Off White"",""marca"":""Demóbile"",""tamanho"":""Casal""}","Amêndola, Off White",Demóbile,,,Casal,,,,,,,,,,,,Amêndola Off White,Demóbile,6,3,Casal,Guarda Roupa,MDP,Moderno,Espelho,MDP,Não informado,210 cm,Deslizantes,Deslizantes,"CabideiroCalceiro em alumínio, Trilho das portas em alumínio, Espaço eleelabr, Puxadores embutidos, Amplo espaço interno",Não informado,,,,,,,,,
Guarda-Roupa Flora D01 6 Portas Imbuia Touch - ADJ DECOR,"<br>Gostaria de um móvel que trouxesse mais elegância e sofisticação para o seu lar? O Guarda-Roupa Flora é sua melhor opção! Com característica moderna e com acabamento de qualidade, este produto atenderá suas expectativas! Não perca essa oportunidade e adquira já o seu!<br><br>Especificações Técnicas do Guarda-Roupa Flora: <br><br>- Altura: 228 cm;<br>- Largura: 234 cm;<br>- Profundidade: 47 cm;<br>- Peso: 145,2 Kg;<br><br>Diferenciais do Guarda-Roupa Flora: <br><br>- Material da Estrutura: estrutura em MDP de alta qualidade e resistência;<br>- Características: amplas gavetas, cabideiros metálicos e corrediças metálicas;<br><br>Recomendações de limpeza: <br><br>-Limpar com flanela limpa e seca. Não molhar o móvel e não expor em lugar úmido ou próximo de fontes de calor. Não usar produtos abrasivos.<br><br>Observações Importantes: <br><br>- As imagens ambientadas são meramente ilustrativas e podem apresentar itens que não compõe o produto;<br>- Objetos decorativos que aparecem na foto não acompanham o produto;<br>- As cores do produto podem variar de acordo com o monitor, a iluminação do ambiente, ou sua percepção visual;<br>- O Guarda-Roupa Flora chegará desmontado para você, recomendamos que a montagem seja feita por um profissional.<br>- Confira as dimensões antes da compra e certifique-se de que o produto passará por elevadores, portas e corredores, já que nossa entrega não inclui a subida de lances de escada, ou o lançamento de produtos;<br>- Ao receber seus produtos, verifique no ato do recebimento qualquer dano na embalagem. Caso tenha alguma avaria, favor não assinar o comprovante de recebimento (A transportadora tem obrigação de esperar a conferência);<br>- Produto para uso residencial em ambiente interno, não devendo ficar exposto diretamente ao sol, calor e umidades excessivas.",{},,,,,,,,,,,,,,,,,Imbuia Touch,ADJ DECOR,Não informado,6,Não informado,Guarda-Roupa,MDP,Moderno,Não informado,MDP,Não informado,234 cm,6 Portas,Não informado,"gavetas, cabideiros metálicos, corrediças metálicas",Não informado,Imbuia Touch,ADJ Decor,4 Gavetas,6 Portas,Casal,,MDP,Moderno ,Convencional
Guarda-Roupa Casal com Espelho Turin 2 PT 3 GV Castanho,"Que tal o Guarda-Roupa Turin?Peça necessária para compor um dormitório ou closet completo, o Guarda-Roupa Turin vai te ajudar a manter tudo sempre organizado. Com espaço ideal para você dispor calças, camisetas, camisas, enfim, todas as suas peças de vestuário e até mesmo acessórios, ele vai manter tudo no lugar e em ordem, facilitando aquelas horas de se arrumar para sair de casa. Enquanto isso, por fora, o móvel traz um visual perfeito para combinar com os outros objetos no cômodo, afinal, a coloração tradicional e o estrutura clássica não roubam o protagonismo da decoração. Perder tempo procurando suas peças favoritas? Nunca mais ;)",{},,,,,,,,,,,,,,,,,Castanho,Turin,3 GV,2 PT,Casal,Guarda-Roupa,Não informado,Clássico,Com Espelho,Não informado,Não informado,Não informado,Não informado,Não informado,Não informado,Não informado,Castanho,Henn,3 Gavetas,2 Portas,Casal,,MDP,Clássico,Correr
Guarda Roupa Casal Avaí 6 Portas Castanho Wood/Baunilha - Moval - 7481,"<p>Dimensões do produto:Largura 177 cm; Profundidade 47 cm; Altura 204 cm.<br><br>Itens Inclusos:1 Guarda Roupas</p> <br>6 Portas de giro<br> <br>4 Gavetas<br> <br>Pés em PVC<br> <br>Puxador na cor bronze<br><p>Complexidade da montagem:Média, pode ser montado por mais de uma pessoa e/ou necessite de maior conhecimento para montagem.<br><br>Recomendações de uso, manutenção e limpeza:Limpar com flanela ou pano macio seco, não utilizar produtos abrasivos, desengordurantes, álcool ou solvente. Não expor o produto diretamente a luz solar e à umidade<br><br>Garantia:3 meses<br><br>OBS:Foto meramente ilustrativa, objetos, utensílios e decoração não fazem parte do produto.</p>",{},,,,,,,,,,,,,,,,,Castanho WoodBaunilha,Moval,4,6,Casal,Guarda Roupa,Não informado,Não informado,Pés em PVC,Não informado,Não informado,177 cm,6 Portas de giro,Não informado,Puxador na cor bronze,Não informado,Baunilha e Castanho Wood,Moval,4 Gavetas,6 Portas,Casal,,MDP,,Convencional
Guarda Roupa Casal 6 Portas 8 Gavetas Nobre MDF Benetil,"Um dormitório completo pede um bom guarda-roupa, não é? E, além de ser muito útil para manter as suas roupas organizadas, é importante também que ele dê um toque especial no lar-style. O modelo Nobre oferece diversos benefícios para isso: as cores ajudam tanto a criar um ambiente discreto quanto um mais ousado - tudo depende das combinações - já as linhas retas da estrutura garantem que você brinque com estilos diferentes para encontrar o visual ideal para o seu quarto dos sonhos.<br> <br> <br> Características<br> Fabricado em MDF <br> 6 Portas<br> 8 Gavetas<br> 9 Prateleiras<br> Corrediças Telescópicas<br> 3 Cabideiros em Alumínio<br> Pintura UV<br> <br> <br> Dimensões:<br> Altura: 240 cm<br> Largura: 275 cm<br> Profundidade: 62 cm<br> Peso 291,80 Kg<br> <br> <br> Recomendações do fornecedor: <br> Limpar com pano úmido, não usar produtos químicos.<br> <br> <br> Garantia do fornecedor: 3 meses.","{""cor"":""Avelã,Ipê"",""quantidade_de_gavetas"":""8 Gavetas"",""quantidade_de_portas"":""6 Portas"",""tamanho"":""Casal""}","Avelã,Ipê",,8 Gavetas,6 Portas,Casal,,,,,,,,,,,,Não informado,Benetil,8 Gavetas,6 Portas,Casal,Guarda-Roupa,MDF,Não informado,Não informado,MDF,9 Prateleiras,275 cm,6 Portas,Não informado,"Corrediças Telescópicas, 3 Cabideiros em Alumínio, Pintura UV",Não informado,Avelã Ipê e Off White,Benetil Móveis,8 Gavetas,6 Portas,Casal,,MDF,,Convencional
Guarda Roupa Saion 3 Portas com Pés 1 Porta Glass - Lopas,"O Guarda-Roupas Saion Plus oferece praticidade e elegância com suas 3 portas espaçosas e 3 gavetas funcionais. Seu design moderno, aliado à durabilidade e acabamento refinado, destaca-se como a escolha ideal para otimizar o espaço e organizar roupas com estilo. Renove seu quarto com o Saion Plus, unindo funcionalidade e sofisticação em uma única peça.<br><br>Pesos e Dimensões<br>Altura do Espelho 139,8 cm<br>Largura do Espelho 44,8 cm<br>Espessura do Espelho 3 mm<br>Altura (cm) 218 cm<br>Largura (cm) 200 cm<br>Comprimento (cm) 54 cm<br><br>Produto em MDP com chapas de 12/15mm;<br>Pintura U.V. e acabamento em micro textura;<br>Encabeçamento das portas em alumínio na versão com Portas em MDP;<br>Encabeçamento das portas GLASS em MDF 25mm;<br>Portas dupla face na versão com Portas em MDP;<br>Interno diferenciado com 09 prateleiras;<br>Maleiro sem divisória;<br>Cabideiros em alumínio;<br>Gavetas com corrediças telescópicas;<br>Gavetas com distanciadores em MDF;<br>Espaço para sapatos.<br>Vantagens/Benefícios:<br>Produzido com equipamentos de alta tecnologia;<br>Produto avaliado e aprovado por um rigoroso controle de qualidade;<br>Fácil montagem e manual de montagem simplificado;<br>Kits e acessórios vendidos separadamente, dando maior flexibilidade para o produto;<br>Acabamento com toque aveludado;<br>Excelente profundidade, possibilitando amplo espaço interno para organização;<br>Gavetas grandes e espaçosas com corrediças telescópicas;<br>Distanciador de gavetas em MDF, dando a elas maior durabilidade;<br>Portas dupla face que permitem que o consumidor escolha a cor antes da montagem;<br>Interno do produto da mesma cor do externo.<br><br>Observações:<br>- Todos os produtos têm três (03) meses de garantia fornecida pelo fornecedor<br>- As imagens são meramente ilustrativas, os objetos que ambientam as fotos não acompanham o produto.<br>- Pode haver alguma diferença de tonalidade entre a foto e o produto, devido ao tratamento de imagens e a calibração do monitor <br>- A entrega é realizada por transportadora, não nos responsabilizamos, no ato da entrega por desmontagens, subir escadas/elevadores ou transporte por guincho para apartamentos<br>- Eventuais despesas são de responsabilidade do cliente<br>- Confira as dimensões dos volumes e certifique-se de que passará normalmente por supostos elevadores, portas, escadas ou corredores <br>- Ao receber a mercadoria, verifique as condições da embalagem, caso haja alguma avaria, entre em contato com nosso SAC <br>- Nossa empresa não se responsabiliza pela montagem dos produtos, mas todos os produtos possuem manual de montagem. Recomendamos que a montagem seja feita por profissional de sua confiança.","{""marca"":""Móveis Lopas""}",,Móveis Lopas,,,,,,,,,,,,,,,Não informado,Lopas,3,3,Não informado,Guarda-Roupa,MDP,Moderno,com Pés 1 Porta Glass,MDP,9,54,3,Glass,"Gavetas com corrediças telescópicas, Espaço para sapatos, Cabideiros em alumínio, Maleiro sem divisória, Interno diferenciado com 09 prateleiras, Portas dupla face, Encabeçamento das portas em alumínio na versão com Portas em MDP, Encabeçamento das portas GLASS em MDF 25mm",Não informado,Branco,Móveis Lopas,3 Gavetas,3 Portas,Solteiro,,MDP ,Moderno ,Correr
Guarda Roupa Casal 6 Portas 6 Gavetas MDF Chamonix Albatroz,"O Guarda Roupa de Casal Chamonix da Albatroz é um produto sofisticado que atenderá sua família. O produto possui uma excelente divisão interna e espaços bem definidos, esse produto traz em sua composição 2 gavetas menores para joias e acessórios, 4 gavetas maiores para vestuários e 2 sapateiras deslizantes com corrediças telescópicas. Possui colmeia central e cabideiros em alumínio para facilitar a organização. Além de, todos esses atributos ele é 100% em MDF.<br> <br> <br> Características:<br> 6 Gavetas <br> 6 Portas<br> Corrediças telescópicas <br> Sapateiras internas com corrediças telescópicas <br> Puxadores em alumínio <br> Estrutura 100% MDF em 15 mm molduras em 25mm <br> Colmeia central <br> Distanciadores das gavetas de 25mm em MDF<br> <br> <br> Dimensões:<br> Altura: 240 cm<br> Largura: 240 cm<br> Profundidade: 56 cm<br> Peso: 236,1 kg<br> <br> <br> Garantia do fornecedor de 3 meses.","{""cor"":""Carvalho, Off White"",""marca"":""Albatroz"",""quantidade_de_gavetas"":""6 Gavetas"",""quantidade_de_portas"":""6 Portas"",""tamanho"":""Casal""}","Carvalho, Off White",Albatroz,6 Gavetas,6 Portas,Casal,,,,,,,,,,,,Não informado,Albatroz,6,6,Casal,Guarda Roupa,MDF,Chamonix,Não informado,MDF,Não informado,240,6 Portas,Não informado,"2 gavetas menores para joias e acessórios, 4 gavetas maiores para vestuários, 2 sapateiras deslizantes com corrediças telescópicas, colmeia central, cabideiros em alumínio",Não informado,Carvalho Grife e Off White,Móveis Albatroz,6 Gavetas,6 Portas,Casal,,MDF,,Convencional
Guarda Roupa Casal com Espelho 3 Portas 6 Gavetas - San Marino-Branco - Leifer Móveis,"Guarda Roupa Casal com Espelho 3 Portas 6 Gavetas - San Marino-Branco - Leifer Móveis<br> <br>O Guarda Roupa San Marino vai dar um toque especial em seu quarto. Fabricado em 100% MDF, é incrível na otimização de espaços internos que vão te ajudar na organização do dia a dia. Não perca a oportunidade, adquira este lindo guarda-roupa!<br> <br>Faz parte do anúncio:<br>Guarda Roupa Casal com Espelho 3 Portas 6 Gavetas - San Marino-Branco - Leifer Móveis<br>Obs: Objetos de decoração não inclusos.<br> <br>Particularidades do Guarda Roupa:<br>Características:<br>-Fabricado em 100%MDF<br>-1 porta de espelho<br>-6 gavetas com corrediças telescópicas<br>-5 prateleiras <br>-Divisão Ele/Ela<br>-Puxadores em alumínio na cor Bronze<br>-Cabideiros em alumínio<br>-Espaço para malas ou roupas de cama<br>-Espaço para roupas longas<br>-Distanciadores em madeira<br>-Cor interna acompanha cor externa<br> <br>Dimensões:<br>Altura: 2,30 metros<br>Largura: 2,30 metros<br>Profundidade: 52 centímetros<br> <br>Informações Importantes:.<br>- O envio desse produto é feito através de transportadora.<br>- Produtos podem apresentar diferenças de tonalidades entre a foto na tela e o produto real, devido a calibração de cor de tela.<br>- Limpar com flanela ou pano macio. Não utilizar álcool. Não utilizar produtos abrasivos ou corrosivos.<br>- Nós prezamos pela qualidade da entrega em primeiro lugar, trabalhamos com transportadoras altamente selecionadas e os melhores materiais de embalagem.<br>- A montagem é de total responsabilidade do comprador. Antes de comprar, verifique o espaço disponível para a montagem.<br>- Certifique-se de que o produto caiba em elevadores e vãos de escadas, não fazemos içamentos. Quaisquer despesas deste tipo ficam a cargo do cliente<br>- Garantia de 3 meses contra defeitos de fabricação.","{""marca"":""Leifer Móveis"",""tamanho"":""Casal""}",,Leifer Móveis,,,Casal,,,,,,,,,,,,Branco,Leifer Móveis,6 Gavetas,3 Portas,Casal,Guarda Roupa,MDF,Não informado,Com Espelho,MDF,5 prateleiras,Não informado,3 Portas,Não informado,"6 gavetas com corrediças telescópicas, 5 prateleiras, Divisão EleEla, Puxadores em alumínio na cor Bronze, Cabideiros em alumínio, Espaço para malas ou roupas de cama, Espaço para roupas longas, Distanciadores em madeira, Cor interna acompanha cor externa",Não informado,Branco ,Leifer Móveis,6 Gavetas,3 Portas,Casal,,MDF,,Correr
Guarda Roupa 6 Portas e 4 Gavetas Arujá Naturalle Off White,"<p>Esse Guarda Roupa é perfeito para você que procura sofisticação e e praticidade na hora da organização</p> <p>Feito em MDF 15mm.Possui 4 gavetas com corrediças telescópicas, 6 Portas , 7 prateleiras e 5 cabideiro.</p> <p>Dimensão do Guarda Roupa:</p> <p>Altura: 228,3 cm</p> <p>Largura:231 cm</p> <p>Comprimento: 58 cm</p> <p>Informações do Guarda Roupa:</p> <p>Cor: Naturalle/Off White</p> <p>Gavetas: Sim (4) Corrediças Telescópicas </p> <p>Prateleiras: Sim (7)</p> <p>Portas: Sim (6) de Bater</p> <p>Cabideiros: Sim (5)</p> <p>Puxadores: Sim (6) MDF</p> <p>Material Principal: MDF 15mm</p> <p>Itens Inclusos:</p> <p>1 Guarda Roupa</p> <p>Manual de Montagem</p> <p>Kit completo para montagem e manual de instruções</p> <p>Garantia:</p> <p>3 meses contra defeito de fabricação</p> <p>Informações Adicionais:</p> <p>Fotos meramente ilustrativas do produto no ambiente.</p> <p>Os objetos que ambientam as fotos não acompanham o produto;</p> <p>Verificar descrição e tamanho do produto antes da compra.</p> <p>Avaliar a mercadoria no ato do recebimento e recuse em caso de divergência ou avarias.</p> <p>Mantenha as informações de contato e endereço de entrega atualizados para entrarmos em contato caso necessário.</p> <p>Limpar com flanela ou pano macio seco, não utilizar produtos abrasivos, desengordurantes, álcool ou solvente. Não expor o produto diretamente à luz solar e à umidade.</p> <p>Sugerimos a contratação de um montador profissional para a montagem do produto. Não nos responsabilizamos por avarias causadas no ato da montagem.</p> <p>Não nos responsabilizamos pela montagem e desmontagem do produto no ato da entrega e devolução, assim como os custos gerados nestas situações.</p> <p>A transportadora entregará o produto no andar térreo do endereço de entrega.</p> <p>Não nos responsabilizamos por subir escadas, corredores e elevadores ou transporte por guincho em apartamento</p>","{""cor"":""Bege"",""quantidade_de_gavetas"":""4 Gavetas"",""quantidade_de_portas"":""6 Portas""}",Bege,,4 Gavetas,6 Portas,,,,,,,,,,,,,NaturalleOff White,Arujá,4,6,"Altura 2283 cm, Largura 231 cm, Comprimento 58 cm",Guarda Roupa,MDF,Não informado,Corrediças Telescópicas,MDF 15mm,7,58 cm,6 de Bater,Bater,"4 gavetas, 6 Portas, 7 prateleiras, 5 cabideiros, 6 puxadores MDF",Não informado,Naturale e Off White,Mais de Casa,4 Gavetas,6 Portas,Casal,,MDF,,Convencional
Guarda Roupa 100% MDF 6 Portas 6 Gavetas Cumaru,"<p>Guarda Roupa 100% MDF 6 Portas 6 Gavetas Cumaru</p> <p>Cor: Cumaru</p> <p>Marca: Novo Horizonte</p> <p>Matéria Prima: 100% MDF</p> <p>Acabamento: Fosco</p> <p>Tipo de Pintura: UV</p> <p>Sistema de Cores Reversíveis?: Não</p> <p>Quantidade de Portas: 6</p> <p>Forma de Abertura: Bater</p> <p>Possui Espelho?: Não</p> <p>Portas C/ Espelho Peliculado: -</p> <p>Possui Kit Espelho?: Não</p> <p>Quantidade de Espelho: -</p> <p>Dimensões Espelho (Mm) (Axlxp): -</p> <p>Quant. Gavetas: 6</p> <p>Tipo Corrediça: Telescópica</p> <p>Quantidade Prateleiras: 7</p> <p>Quantidade Cabideiros: 2</p> <p>Quantidade De Calceiro: 1</p> <p>Material do Cabideiro / Calceiro: Alumínio</p> <p>Espelho Interno?: Não</p> <p>Acompanha Pés: Não</p> <p>Largura: 205,8</p> <p>Altura: 236,4</p> <p>Profundidade: 56,5</p> <p>Peso Bruto: 182</p> <p>15189365</p>",{},,,,,,,,,,,,,,,,,Cumarup,Novo Horizonte,6,6,Não informado,Não informado,MDF,Não informado,Não informado,MDF,7,Não informado,C Espelho Peliculado,Bater,Não informado,Não informado,Cumaru,Novo Horizonte,6 Gavetas,6 Portas,Casal,,MDF,,Convencional
Guarda Roupa Casal 10 Portas New Murano c/ Espelho 83530EL Amêndola Touch Demóbile,"Roupeiro com divisões e compartimento bem distribuídos oferecendo compartimentos exclusivos para vários pares de sapatos, maleiro espaçoso e prateleira. Gavetas externas com deslize perfeito e pés em PVC que facilitam a limpeza do piso ao redor do produto. Puxadores super elegantes na cor bronze.<br><br> Características:<br> 10 Portas<br> 3 Gavetas<br> 2 Prateleiras<br> Com espelho <br> Cabideiros<br> Pés em PVC<br><br> Dimensões:<br> Altura: 217 cm<br> Largura: 192 cm<br> Profundidade: 47 cm<br> Peso: 106 kg<br> Volumes: 3<br><br> Para garantir a qualidade do produto dentro da embalagem, as caixas são revestidas por um plástico termoencolhível e todas as peças são separadas por isomanta, tudo para preservar e evitar o atrito entre as peças dentro da embalagem. Você contará também com um manual com o passo a passo para auxiliar no momento da sua montagem.","{""marca"":""Demóbile"",""tamanho"":""Casal""}",,Demóbile,,,Casal,,,,,,,,,,,,Amêndola,Demóbile,3,10,Casal,Guarda-Roupa,Não informado,Não informado,Com Espelho,Não informado,2,192 cm,10 Portas,Não informado,"Cabideiros, Pés em PVC",Não informado,Amêndola Touch,Demóbile,3 Gavetas,10 Portas,Casal,,MDP,,Convencional
Guarda Roupas Aberto Solteiro Com Cabideiro Para Quarto,"<p>**Closet Toronto 2 Portas e 2 Gavetas Carvalho New Preto - Luapa**</p><p><br></p><p><br></p><p>O Closet Toronto 2 Portas e 2 Gavetas é a solução perfeita para quem busca um móvel moderno, funcional e com amplo espaço para guardar as roupas e acessórios. Com estrutura em MDF, acabamento em pintura U.V. e design moderno, o closet oferece duas portas, duas gavetas, prateleiras e cabideiro, garantindo a organização e praticidade no dia a dia.</p><p><br></p><p><br></p><p><br></p><p>**Características técnicas:**</p><p><br></p><p><br></p><p>Material da estrutura: MDF</p><p><br></p><p>Acabamento: pintura U.V.</p><p><br></p><p>Quantidade de portas: 2</p><p><br></p><p>Quantidade de gavetas: 2</p><p><br></p><p>Corrediças: telescópicas</p><p><br></p><p>Puxadores: sim</p><p><br></p><p>Prateleiras: sim</p><p><br></p><p>Cabideiro: sim</p><p><br></p><p>Design: moderno</p><p><br></p><p>Espaço: amplo</p><p><br></p><p><br></p><p>**Dimensões:**</p><p><br></p><p><br></p><p>Altura: 210 cm</p><p><br></p><p>Largura: 141,5 cm</p><p><br></p><p>Profundidade: 45 cm</p><p><br></p><p><br></p><p>**Informações importantes:**</p><p><br></p><p><br></p><p>Não acompanha montagem ou instalação</p><p><br></p><p>Acompanha manual de instruções</p><p><br></p><p>Toda mercadoria segue segurada contra qualquer sinistro</p><p><br></p><p>Em caso de anormalidade, recuse o produto</p><p><br></p><p>O pedido segue com nota fiscal ao consumidor, descrita a quantidade de volumes que você deve receber</p><p><br></p><p>As caixas ou pacotes possuem identificação com o nome, cidade e quantidades de volumes relativos à compra para conferência do recebedor</p><p><br></p><p><br></p><p>**Vantagens:**</p><p><br></p><p><br></p><p>Design moderno</p><p><br></p><p>Estrutura em MDF</p><p><br></p><p>Acabamento em pintura U.V.</p><p><br></p><p>Duas portas</p><p><br></p><p>Duas gavetas</p><p><br></p><p>Corrediças telescópicas</p><p><br></p><p>Prateleiras</p><p><br></p><p>Cabideiro</p><p><br></p><p>Amplo espaço</p><p><br></p><p><br></p><p><br></p><p>O Closet Toronto 2 Portas e 2 Gavetas é um móvel versátil e funcional, perfeito para quem busca um ambiente organizado e moderno. Com seu design elegante e amplo espaço, o closet é uma ótima opção para qualquer quarto.</p>","{""cor"":""Branco"",""quantidade_de_gavetas"":""2 Gavetas"",""tamanho"":""Solteiro""}",Branco,,2 Gavetas,,Solteiro,,,,,,,,,,,,Carvalho New Preto,Luapappbr,2,2,Solteiro,Aberto,MDF,Moderno,Não informado,MDF,Não informado,Não informado,2 Portas,Não informado,"Cabideiro, Prateleiras, Corrediças telescópicas",Não informado,Branco,Fênix,2 Gavetas,2 Portas,Solteiro,Aberto,MDF,Moderno ,Convencional
Guarda-Roupa Casal 3 Portas de Correr 4 Gavetas 1902 Foscarini,"O Guarda-Roupa Casal 3 Portas Foscarini possui amplo espaço interno perfeito para organizar suas roupas e demais pertences. É produzido 100% em MDF, com acabamento UV fosco/texturizado o que garante brilho e proteção em toda a superfície do móvel e possui 3 portas deslizantes em trilhos de alumínio. Seu sistema de montagem é realizado através de parafusos, minifix e cavilhas. Sua estrutura principal é de 15mm com portas em 18mm e possui 4 gavetas com corrediças telescópicas que proporcionam a abertura total. Medidas montado (a x l x p): 227 x 2060 x 59 cm. Ideal para renovar seu quarto. Aproveite.","{""cor"":""Branco"",""marca"":""Foscarini"",""quantidade_de_gavetas"":""4 Gavetas"",""quantidade_de_portas"":""3 Portas"",""tamanho"":""Casal""}",Branco,Foscarini,4 Gavetas,3 Portas,Casal,,,,,,,,,,,,Não informado,Foscarini,4,3,Casal,Guarda-Roupa,MDF,Não informado,Não informado,MDF,Não informado,2060,3 Portas de Correr,Correr,gavetas com corrediças telescópicas,Não informado,Marrom,Foscarini,4 Gavetas,3 Portas,Casal,,MDF,,Correr
Guarda-Roupa Solteiro com Espelho Tunas II 2 PT 3 GV Marrom e Branco,"Que tal o Guarda-Roupa Tunas?Ideal para quem gosta de móveis que carregam um design mais clean, o Guarda-Roupa Tunas é uma peça curinga para o seu dormitório. Os cantinhos internos garantem que peças de vestuário, roupas de cama, acessórios e sapatos tenham um lugar certo, enquanto por fora as portas deslizantes permitem aproveitar melhor o espaço do dormitório. Além disso, a tonalidade elegante oferece bom gosto e pRodenticidade na hora de combinar com a cômoda, criado-mudo ou cama, ajudando a criar uma decoração linda e hBraçoônica. Ah, o espelho na parte externa vem para coroar as vantagens desse móvel, pois traz amplitude ao ambiente e não te deixa perder nenhum detalhe dos looks diários.","{""cor"":""Marrom"",""quantidade_de_gavetas"":""3 Gavetas"",""tamanho"":""Solteiro""}",Marrom,,3 Gavetas,,Solteiro,,,,,,,,,,,,Marrom e Branco,Tunas,3,2,Solteiro,Guarda-Roupa,Não informado,Não informado,Espelho,Não informado,Não informado,Não informado,Deslizantes,Não informado,Não informado,Não informado,Branco e Marrom,Nova Móbile,3 Gavetas,2 Portas,Solteiro,,MDF,,Correr
"Guarda-Roupa Casal com Espelhos, 2 Portas de Correr e 4 Gavetas Internas Quebec Espresso Móveis","Guarda-Roupas cuidadosamente projetado para atender um casal. Suas portas de correr deslizam suavemente em trilhos de alumínio. Contam também com molduras anti-empeno para sua maior durabilidade e espelhos. Suas gavetas possuem corrediças telescópicas, cabideiros e calceiros são metálicos, prateleiras e um amplo maleiro completam esta solução para uma perfeita organização.","{""quantidade_de_gavetas"":""4 Gavetas"",""tamanho"":""Casal""}",,,4 Gavetas,,Casal,,,,,,,,,,,,Espresso,Quebec Móveis,4,2,Casal,Guarda-Roupa,Não informado,Não informado,Espelhos,Não informado,Não informado,Não informado,Correr,Correr,"Trilhos de alumínio, molduras anti-empeno, corrediças telescópicas, cabideiros, calceiros metálicos, prateleiras, maleiro",Não informado,Bege,Espresso Móveis,4 Gavetas,2 Portas,Casal,,MDP,,Correr
Guarda Roupa Lopas Imperatore 6P Rovere,<strong>Guarda Roupa Lopas Imperatore c/ 6 Portas e 6 Gavetas - Rovere Naturale</strong><br> <br> Marca: <strong>Lopas</strong><br><br>Dimensões(Cm): Comprimento(Profundidade): 66 x Largura: 274 x Altura: 240<br> <br> <strong>CARACTERÍSTICAS DE MÓVEIS</strong><br> <strong>Tipo de Estrutura do Móvel</strong><br> - MDF<br> <strong>Tipo de Pintura</strong><br> - UV<br> <strong>Tipo de Acabamento da Pintura</strong><br> - Semi Brilho<br> <strong>Tipo de puxador</strong><br> - MDF<br> <strong>Quantidade de Prateleiras</strong><br> - 8<br> <strong>Quantidade de Gavetas</strong><br> - 6<br> <strong>Diferenciais da Gaveta</strong><br> - c/ Corrediças Telescópicas<br> <strong>Quantidade de Portas</strong><br> - 6<br> <strong>Garantia</strong><br> - 3<br> <br> <strong>04 - CARACTERÍSTICAS E BENEFÍCIOS DOS MÓVEIS DE QUARTO</strong><br> - Casal<br> <br> <br> <strong> Não nos responsabilizamos pela montagem/instalação dos produtos.</strong><br> <strong>Todas as informações divulgadas são de responsabilidade exclusiva do fabricante/fornecedor. </strong><br> <strong>Imagens Meramente Ilustrativas.</strong><br> <strong>Verifique com os fabricantes do produto e de seus componentes eventuais limitações à utilização de todos os recursos e funcionalidades.</strong>,"{""cor"":""Rovere"",""marca"":""Lopas"",""quantidade_de_portas"":""6 Portas"",""tamanho"":""Casal""}",Rovere,Lopas,,6 Portas,Casal,,,,,,,,,,,,Rovere Natural,Lopas,6,6,Não informado,Guarda Roupa,MDF,Não informado,Não informado,MDF,8,274,6,Não informado,Corrediças Telescópicas,Não informado,Rovere,Móveis Lopas,6 Gavetas,6 Portas,Casal,,MDF,,Convencional
Guarda roupa 6 portas 4 gavetas Andirá,"<p>O guarda-roupa Buriti 06 portas é um guarda-roupa de casal de ótima qualidade, além do design diferenciado e atemporal que ele tem.São 6 portas, sendo 02 delas em MDF e com detalhe usinado ripado e puxadores pontuais em ABS para abertura. As demais portas em MDP seguem com puxadores em MDF revestido em formato grande.Internamente, possui 07 amplas prateleiras com muito espaço para guardar os pertences, 03 cabideiros oblongos em aluminio de excelente qualidade para pendurar as roupas, 04 gavetas com corrediças telescópicas que suportam muito mais peso, compartimento para guardar pertences de valor.Externamente, o acabamento é em textura Reverse semi-fosco, suave ao toque, e que facilita a limpeza. Todo o processo fabril está certificado na Iso 9001, excelência na qualidade dos processos, e na Iso 14001, com todos os cuidados com o meio ambiente, produzindo móveis de forma sustentável.</p><p>ESPECIFICAÇÕES TÉCNICAS:</p> <br>Material: MDP;<br> <br>Acabamento: Pintura UV;<br> <br>Número de Portas: 6 Portas;<br> <br>Número de gavetas: 4 gavetas;<br> <br>Produto Precisa de Montagem? (Sim/Não): Sim;<br> <br>Garantia: 3 Meses;<br> <br>Instruções de Cuidado: limpar o produto com flanela ou pano macio seco;<br> <br>Dimensões do Produto (LarguraXProfundidadeXAltura): 231,6x46,3x219,0cm<br> <br>Conteúdo da Embalagem (1 Guarda Roupa).<br><p>Observação Importante.Imagens meramente ilustrativas a cor, itens de decoração não inclusos.As cores do produto podem variar de acordo com o monitor, a iluminação do ambiente e a sua percepção visual.Todos os móveis possuem garantia e manual de montagem.Não nos responsabilizamos pela montagem do produto, por subir escadas, corredores e elevadores ou transporte por guincho em apartamentos.</p>","{""cor"":""Jatobá"",""marca"":""Santos Andirá"",""quantidade_de_gavetas"":""4 Gavetas"",""quantidade_de_portas"":""6 Portas"",""tamanho"":""Casal""}",Jatobá,Santos Andirá,4 Gavetas,6 Portas,Casal,,,,,,,,,,,,Não informado,Andirá,4 gavetas,6 portas,Não informado,Guarda-roupa de casal,MDP,Não informado,Não informado,MDP,7 amplas prateleiras,463cm,6 Portas,MDF,"03 cabideiros oblongos em aluminio de excelente qualidade para pendurar as roupas, 04 gavetas com corrediças telescópicas que suportam muito mais peso, compartimento para guardar pertences de valor",Não informado,Areia e Jatobá,Santos Andirá,4 Gavetas,6 Portas,Casal,,MDP,,Convencional
Guarda Roupas Astro Glass 3 Portas THB,"O roupeiro Astro é moderno, robusto e bonito, perfeito para pessoas que adora estar ligado nas tendências mais atuais.<br> <br> É constituído de 3 portas de correr com base feita em alumínio proporcionando uma abertura suave e um ótimo deslizamento das portas.<br> <br> Seu amplo espaço interno possui cabideiro, maleiro e excelente número de prateleiras que auxiliam na divisão e organização das roupas. <br> <br> Para deixar o móvel ainda mais bonito, possui espelho na porta central, facilitando a escolha de roupas e acessórios.<br> <br> Produzido com a melhor matéria-prima, proveniente de madeira de reflorestamento para preservar e contribuir com o meio ambiente.<br> <br> Características:<br> Matérias-primas principais: Portas em MDP de 15mm, Corpo em MDP de 12mm. Fundos do roupeiro em MDF de 3mm.<br> Material da estrutura: MDP<br> Pintura e revestimento: Pintura impressão com vernizes UV<br> Acabamento: Sensitive<br> Número de portas: 03 portas de 15mm<br> Prateleiras: 06 tampos fixos 12mm<br> Número de puxadores: 03 puxadores perfis em alumínio<br> Número de pés: 08 sapatas deslizantes em PVC<br> Material do cabideiro: 01 cabideiro em alumínio/metálico<br> Ferragens e acessórios: Sistema de montagem com minifix e parafusos<br> <br> Não nos responsabilizamos pelo transporte por escadas/elevadores, guincho ou içamento deste produto, qualquer despesa é de responsabilidade do cliente.<br> Orientamos que a montagem e instalações do produto seja realizado por um técnico de sua confiança, após a sua entrega. <br> Não nos responsabilizamos pela instalação/montagem.<br> <br> Dimensões do produto montado:<br> Altura: 204 cm<br> Largura: 200 cm<br> Profundidade: 55 cm<br> Peso: 108,15","{""cor"":""Branco"",""marca"":""THB"",""quantidade_de_portas"":""3 Portas"",""tamanho"":""Solteiro""}",Branco,THB,,3 Portas,Solteiro,,,,,,,,,,,,Não informado,THB,Não informado,3,Não informado,Guarda-Roupas,MDP,Moderno,Espelho,MDP,6,200,3,Correr,"Cabideiro, Maleiro",Não informado,Branco e Almendra,THB Móveis,,3 Portas,Solteiro,,MDP,Moderno ,Correr
Guarda Roupa Casal Imaginare com 6 Portas Castanho e Off White - Móveis Leartam,"Guarda Roupa Imaginare com 6 Portas - Castanho/Off White Móveis Leartam<p>Você está precisando de um Guarda Roupa grande, para organizar todas as suas roupas e objetos do seu quarto? Então o Guarda Roupa Imaginare é ideal para você, pois contém 6 portas, 4 nichos, 3 maleiros amplos, 4 gavetas e 3 cabideiros, além da estrutura que é em MDP com acabamento em pintura UV Touch/Ecobril, garantindo maior durabilidade e resistência ao produto. O diferencial desse produto é que ele conta com um cofre embutido.</p><p>Características</p><p>Castanho/Off White</p><p>Estrutura: MDP</p><p>Acabamento: Pintura UV Touch/ Ecobril</p><p>6 Portas</p><p>3 Maleiros amplos</p><p>4 Gavetas</p><p>Corrediças Metálicas</p><p>Cofre embutido</p><p>4 Nichos</p><p>3 Cabideiros em alumínio</p><p>Puxadores em alumínio na cor ouro velho envelhecido</p><p>Peso suportado por gaveta: 3 kg</p><p>Peso suportado por prateleira: 8 kg</p><p>Produto entregue desmontado</p><p>Marca: Santos Andirá</p><p>Dimensões</p><p>Altura: 219 cm</p><p>Largura: 240 cm</p><p>Profundidade: 46,3 cm</p><p>Atenção: O Produto Será Entregue Desmontado<br>É De Responsabilidade Do Cliente: Montagem, Instalação, Custos De Transporte Por Escadas/Elevadores, Guincho Ou Içamento Assim Como Possíveis Avarias Provenientes De Manuseio Inadequado.</p><p>*Observação: Os objetos que ambientam e decoram as imagens não acompanham o produto. Imagens meramente ilustrativas.</p><p>TODOS OS Móveis ACOMPANHA MANUAL DE MONTAGEM.</p><p>Garantia Legal de 90 dias contra defeito de fabricação.</p><p>Montagem: Recomendamos que seja feita por um profissional.</p><p>Recomendação de Limpeza: Utilize pano levemente úmido.</p><p>Pode haver alguma diferença de tonalidade entre a imagem e o produto real, por conta do tratamento de imagens e a calibração de cores do seu monitor e também a sua percepção visual.</p><p>Não Utilizar Produtos De Limpeza.</p><p>A entrega é feita até a sua porta de sua residencial casa ou portaria se for apartamento.</p><p>É de responsabilidade do cliente:</p><p>Montagem, instalação, custos de transporte por escadas/elevadores, guincho ou iça mento assim como possíveis avarias provenientes de manuseio inadequado</p><p>Obs: Não realizamos a montagem porem acompanha manual de montagem.</p><p>Recomendamos que a montagem seja feita por um profissional.</p><p>*imagem ilustrativa*</p><p>Atenção: O Produto Será Entregue Desmontado</p><p>Confira as dimensões deste produto e certifique-se de que passará normalmente por supostos elevadores, portas, escadas e/ou corredores de sua residência.</p><p>A entrega é feito por transportadora Entregamos em todo País até onde a via terrestre chega.</p><p>Algumas cidades onde o acesso é somente por via fluvial ou aéreo, o serviço deve ser contratado no local pelo comprador.</p>O valor do ENVIO é cobrado onde a rodovia alcança, não entregamos em áreas rural interior sítio ou Chácara. Importante saber para o recebimento do produto adquirido nesta loja em seu pedido confirme o seu telefone de contato atualizado e endereço corretos.","{""cor"":""Castanho, Off White"",""marca"":""Santos Andirá"",""tamanho"":""Casal""}","Castanho, Off White",Santos Andirá,,,Casal,,,,,,,,,,,,Castanho e Off White,Leartam,4,6,Casal,Guarda Roupa,MDP,Não informado,Cofre embutido,MDP,Não informado,240 cm,6 Portas,Não informado,"3 Maleiros amplos, 4 Gavetas, Corrediças Metálicas, 4 Nichos, 3 Cabideiros em alumínio, Puxadores em alumínio na cor ouro velho envelhecido",Não informado,Castanho e Off White,Santos Andirá,4 Gavetas,6 Portas,Casal,,MDP,,Convencional
Roupeiro 3 Portas Chicago Com Espelho,"A MAC Interiores é uma empresa especializada em decoração de interiores, oferecendo uma vasta seleção de móveis, estofados e produtos decorativos para transformar a sua casa em um lar acolhedor e confortável. Com anos de experiência no mercado, a MAC Interiores é reconhecida por sua alta qualidade, bom gosto e atendimento personalizado.<br> Ao escolher a MAC Interiores, você terá acesso a um catálogo de produtos selecionados com cuidado, que contemplam as últimas tendências em decoração, sempre com a preocupação em oferecer o melhor custo-benefício aos nossos clientes. Nós trabalhamos apenas pela internet, garantindo que o processo de compra seja simples, seguro e conveniente.<br> Nossos móveis são fabricados com os melhores materiais, proporcionando durabilidade e conforto para você e sua família. Além disso, nossa equipe de design está sempre antenada às últimas tendências e inovações em decoração, garantindo que nossos produtos estejam sempre em sintonia com as mais recentes tendências.<br> Nós estamos ansiosos para ajudá-lo a criar o lar dos seus sonhos!<br> <br> Roupeiro 3 Portas Chicago Com Espelho<br> <br> Características:<br> Marca: Tcil<br> Modelo: Chicago<br> Produto em MDP e MDF<br> 09 gavetas externas<br> Corrediças telescópicas<br> Puxadores em MDF<br> Gaveta com chave<br> Cabideiros em alumínio<br> Roldanas com rolamento<br> Trilho superior em PVC<br> Trilho inferior em alumínio c/ aba externa mais alta<br> Kit espelho e kit pés (08 unidades) opcionais (vendidos separadamente)<br> <br> Dimensões:<br> Altura: 214 cm<br> Largura: 200 cm<br> Profundidade: 52 cm<br> Peso: 159,3 kg<br> <br> Garantia do Fabricante: 3 Meses<br> <br> Observações Importantes!!!<br> O serviço de transporte não se responsabiliza por entregas que precisem subir escadas ou içados em andar superior.<br> Acessórios e adornos presentes nas imagens de apresentação NÃO acompanham o produto.<br> Os produtos podem apresentar diferenças de tonalidade entre a foto e o produto real de acordo com a calibração da tela.<br> Confira se é possível passar o produto por escadas, vãos, portas ou janelas que atrasem a chegada do produto ao local desejado.<br> <br> Recomendações!!! <br> Antes de finalizar a compra, confira todas as medidas e características do produto e veja se está em conformidade com o desejado.<br> A MAC Interiores não realiza a montagem dos produtos. Recomendamos que a montagem seja feita por um profissional.<br> Manuais e peças para montagem são fornecidos juntamente com os produtos.","{""cor"":""Neve"",""quantidade_de_portas"":""3 Portas"",""tamanho"":""Casal""}",Neve,,,3 Portas,Casal,,,,,,,,,,,,Não informado,Tcil,9,3,Não informado,Roupeiro,MDP e MDF,Não informado,Com Espelho,MDF,Não informado,200,3 Portas,Não informado,"Gavetas externas, Corrediças telescópicas, Puxadores em MDF, Gaveta com chave, Cabideiros em alumínio, Roldanas com rolamento, Trilho superior em PVC, Trilho inferior em alumínio c aba externa mais alta, Kit espelho e kit pés 08 unidades opcionais vendidos separadamente",Não informado,Neve, Tcil Móveis,9 Gavetas,3 Portas,,,MDF e MDP,,Convencional
Guarda Roupa Casal Ambiente Modena 6 Portas Carvalho Americano Off White - Incorplac,"<p>Guarda Roupa Casal Ambiente Modena 6 Portas Carvalho Americano Off White - Incorplac</p> <p>Procurando por guarda roupa por um preço acessível e de ótima qualidade, apresentamos a você o Guarda Roupa da linha Modena desenvolvido pela Incorplac com excelentes materiais para maior durabilidade do móvel, conta com um lindo design e ótimas divisões que irão lhe auxiliar na organização de seus pertences. Não deixe de aproveitar e garantir o seu!</p> <p>Características Técnicas:<br> - Desenvolvido em MDP de 12mm<br> - Acabamento em pintura U.V texturizado na cor Carvalho Americano Off White<br> - Possui 06 Portas com dobradiças metálicas<br> - 02 Gavetas com corrediças metálicas<br> - Peso suportado pelas gavetas 3kg<br> - Puxadores em PVC<br> - 05 Prateleiras suportando 5kg cada<br> - 02 Cabideiros de madeira<br> - Kits 06 pés de plástico na cor Tabaco<br> - Amplo espaço interno<br> - Lindo design</p> <p>Dimensões:<br> Altura: 189 cm<br> Largura: 149,4 cm<br> Profundidade: 42,2 cm</p> <p>Informações importantes:<br> - Não realizamos a montagem ou instalação do produto, porém acompanha manual de instruções.</p><p>Toda mercadoria segue segurada contra qualquer sinistro, em caso de anormalidade, recuse.</p><p>As caixas ou pacotes possuem identificação com o nome, cidade e quantidades de volumes relativos à compra para conferencia do recebedor.</p>","{""marca"":""Incorplac"",""tamanho"":""Casal""}",,Incorplac,,,Casal,,,,,,,,,,,,Carvalho Americano Off White,Incorplac,2,6,Casal,Guarda Roupa,MDP,Moderno,Não informado,MDP,5,1494,6 Portas,Não informado,"Dobradiças Metálicas, Corrediças Metálicas, Puxadores em PVC, Cabideiros de Madeira",Não informado,Carvalho e Off White,Incorplac,2 Gavetas,6 Portas,Casal,,MDP,,Convencional
Guarda Roupa Casal 3 Portas 9 Gaveta Noce Perola Com Espelho,"Guarda Roupa Casal 3 Portas 9 Gaveta Noce Perola Com Espelho<br> <br> OBS: Puxadores em ABS<br> <br> Cor: Noce/Perola<br> <br> Peso do produto: 103Kg<br> <br> Material: MDP<br> <br> Dimensões do produto: 1800x2060x470mm<br> <br> Garantia: 90 Dias contra defeito de fabricação<br> <br> Entrega:<br> Trabalhamos com as melhores transportadoras para agilizar a entrega e os cuidados do produto.<br> <br> Recomendação de Limpeza: <br> Limpar com pano seco para retirar o pó. Não aplicar produtos abrasivos.<br> <br> Embalagem:<br> Embalagem especial para não ocorrer danos ao produto.<br> <br> Produtos de enfeite e eletrônicos não estão inclusos.<br> <br> OBS: As imagens são meramente ilustrativas e podem sofrer variações de cor, tamanho e pequenos detalhes de acordo com o seu monitor, iluminação do ambiente e até mesmo a sua percepção visual.<br> <br> A Uouu Comércio Eletrônico não se responsabiliza pela montagem do produto e sugere que a mesma seja feita por um profissional especializado.","{""tamanho"":""Casal""}",,,,,Casal,,,,,,,,,,,,Noce Perola,Não informado,9,3,Casal,Guarda Roupa,MDP,Não informado,Com Espelho,MDP,Não informado,1800,3 Portas,Não informado,Não informado,Não informado,Noce Perola,San Marino,9 Gavetas,3 Portas,Casal,,MDP,,Convencional
Guarda Roupa Casal Havana Master 8.6 8 Portas 6 Gavetas - Santos Andirá,"<p>Guarda Roupa Casal Master 8.6 8 Portas 6 Gavetas - Santos Andirá<br> O Guarda-Roupa Casal Havana Master é um móvel de amplo espaço. Possui divisão interna ideal para você, com espaço ele/ela. Conta com 6 gavetas externas, 4 cabideiros em alumínio e várias prateleiras para manter seus pertences sempre organizados. Seu design moderno e seus puxadores em ABS agrega maior charme e beleza ao ambiente.<br> <br> ESPECIFICAÇÕES:<br> Estrutura em MDP<br> Pintura UV<br> 8 Portas<br> Dobradiças metálicas<br> 6 Gavetas externas<br> Corrediças telescópicas<br> 4 Cabideiros em alumínio<br> 12 Prateleiras<br> Espaço ele/ela<br> Puxadores em ABS<br> Amplo espaço interno<br> <br> Dimensões:<br> Tamanho do Produto (L x A x P): 238,8 x 217,6 x 46,3 cm<br> <br> Garantia: 3 meses<br> Montagem: O Produto vai desmontado com manual e todos acessórios. Recomendamos que a montagem seja feita por um profissional<br> Recomendação de Limpeza: Utilize pano levemente úmido<br> <br> Observações:<br> - A LOJA se responsabilizará pela entrega dos produtos até aonde as rodovias alcançam, entregas fluviais ou aéreas devem ser cotadas a parte.<br> - As imagens são ilustrativas, não acompanham objetos de decoração.<br> - Pode haver alguma diferença de tonalidade entre a imagem e o produto, por conta do tratamento de imagens e a calibração de cores da sua tela.<br> - A montagem será de responsabilidade do comprador. Entregamos até a porta de entrada da residência ou até a portaria do condomínio. Não nos responsabilizamos, no ato da entrega, por subir escadas/elevadores ou transporte por guincho em apartamentos. Eventuais despesas são de responsabilidade do comprador.<br> - Confira as dimensões do produto no momento da compra e certifique-se de que passará normalmente por supostos elevadores, portas, escadas e/ou corredores de sua residência.<br> Para mais informações, acesse nossa Central de Atendimento.</p>","{""cor"":""Jatobá"",""marca"":""Santos Andirá"",""tamanho"":""Casal""}",Jatobá,Santos Andirá,,,Casal,,,,,,,,,,,,Não informado,Santos Andirá,6 Gavetas,8 Portas,Casal,Guarda-Roupa,MDP,Moderno,Não informado,MDP,12 Prateleiras,2388 cm,8 Portas,Não informado,"6 gavetas externas, 4 cabideiros em alumínio, 12 prateleiras, espaço para ele e ela, puxadores em ABS, amplo espaço interno",Não informado,Areia e Jatobá,Santos Andirá,6 Gavetas,8 Portas,Casal,,MDP,Moderno ,Convencional
Guarda Roupa Casal com Espelho 3 Portas 6 Gavetas Sollo Plus Novo Horizonte Canela,"O Guarda Roupa Sollo é o móvel ideal par o seu dormitório, fabricado pelo Novo Horizonte um dos maiores fabricantes de guarda roupas do Brasil. Fabricado com chapas de MDF, pintura UV, oferecendo durabilidade ao seu produto. Para sua organização, o Sollo tem divisão ideal para casais, maior profundidade para melhor organização das roupas, 06 gavetas grandes e espaçosas com corrediças telescópicas que possibilitam a abertura total, além de evitar o travamento. Venha Conferir!<br> <br>Dimensões:<br>Altura: 236,4 cm<br>Largura: 276,2 cm<br>Profundidade: 55,5 cm<br> <br>Características: <br>Modelo: Sollo Plus<br>Cor: Canela<br>Acabamento: Alto Brilho<br>Tipo de Pintura: UV <br>Cor Interna: Linho<br>Material Principal: MDF<br>Tipo de Porta: Correr<br>Material do Trilho: Alumínio <br>Número de Portas: 3<br>Material do Cabideiros: Alumínio<br> Possui Espelho: Sim. Com película de segurança<br>Quantidade de Espelho: 1<br>Quantidade de Gavetas: 6<br>Cor da Frente da Gaveta: Branco<br>Tipo de Gavetas: Internas<br>Gavetas com Chave: Não<br>Corrediças das Gavetas: Telescópicas<br>Material do Puxador: Alumínio Bronze<br>Peso Máximo por Gaveta: 5 Kg<br>Número de Prateleiras: 6<br>Peso Maximo das Prateleiras: 5 kg<br>Números de Cabideiros: 4<br>Possui Pés: Não<br>Peso do Produto: 225 kg<br>Garantia: 90 Dias ( Contra Defeito de Fabricação)<br>Conteudo da Embalagem: 01 Guarda Roupa <br>Montagem: Recomendamos que a montagem seja feita por um profissional <br>Instruçoes/Cuidados: Limpar com pano macio seco ou levemente umedecido com água<br>Informações: Os Objetos que ambientam as fotos não acompanham o produto<br> <br>Atenção:<br> <br>Imagem meramente ilustrativa, não acompanha os objetos de decoração;<br> <br>Pode haver alguma diferença de tonalidade entre a foto e o produto, devido ao tratamento de imagens e a calibração do monitor;<br> <br>Não nos responsabilizamos, no ato da entrega por desmontagens, subir escadas ou transporte por guincho. Eventuais despesas são de responsabilidade do cliente;<br> <br>Antes de realizar a compra, confira as dimensões das embalagens e certifique-se de que passará normalmente por supostos elevadores, portas, escadas e/ou corredores;<br> <br>Ao receber a mercadoria, verifique as condições da embalagem, caso haja alguma avaria, entre em contato com nosso SAC;","{""tamanho"":""Casal""}",,,,,Casal,,,,,,,,,,,,Canela,Sollo,6,3,Casal,Guarda Roupa,MDF,Não informado,Com Espelho,MDF,6,2762,3,Correr,"Gavetas com Corrediças Telescópicas, Espelho Com Película de Segurança",Não informado,Canela,Novo Horizonte,6 Gavetas,3 Portas,Casal,,MDF,,Correr
Guarda Roupa Solteiro 4 Portas 3 Gavetas Genova Bianchi Moveis,"Hoje a dica é investir em móveis com prática distribuição de espaços. É pensando nisso que a Bianchi traz para você este Guarda Roupa inteligente. A tendência nos dias de hoje é otimizar espaços.. Um produto compacto, ideal para otimizar espaços. O roupeiro Genova é muito mais que um simples roupeiro: nobre, sofisticado . Seu design combina com ambientes modernos e com pessoas que buscam sofisticação. Com divisórias inteligentes que completam a organização. É um armário na medida certa para você que não abre mão da funcionalidade. E tudo com o padrão Bianchi Móveis de qualidade.","{""cor"":""Nature"",""marca"":""Bianchi Móveis"",""quantidade_de_gavetas"":""3 Gavetas"",""tamanho"":""Solteiro""}",Nature,Bianchi Móveis,3 Gavetas,,Solteiro,,,,,,,,,,,,Não informado,Bianchi Móveis,3 Gavetas,4 Portas,Solteiro,Guarda Roupa,Não informado,Moderno,Não informado,Não informado,Não informado,Não informado,Não informado,Não informado,Divisórias inteligentes,Não informado,Marrom e Nature,Bianchi Móveis,3 Gavetas,4 Portas,Solteiro,,MDF,Moderno ,Convencional
Guarda Roupa Solteiro com Espelho 2 Portas 3 Gavetas Verg Henn,"O Guarda Roupa/Roupeiro Verg é ideal para quem busca um móvel de qualidade. Sua matéria-prima é em MDP com fundos em MDF, que garante maior firmeza e estabilidade. Além disso, tem o acabamento em pintura UV, que valoriza ainda mais sua estética. Conta com 02 portas deslizantes, garantindo assim a organização de roupas e calçados.<br> <br> <br> Características:<br> 2 Portas<br> 3 Gavetas <br> Corrediças metálicos<br> Material MDP<br> Prateleiras<br> Cabideiro em alumínio<br> Pés em ABS<br> <br> <br> Dimensões:<br> Altura: 230 cm<br> Largura: 200 cm<br> Profundidade: 50 cm<br> Peso: 126 kg<br> <br> <br> Garantia do fornecedor de 3 meses.","{""cor"":""Nature"",""marca"":""Henn"",""tamanho"":""Solteiro""}",Nature,Henn,,,Solteiro,,,,,,,,,,,,Não informado,Verg Henn,3,2,Solteiro,Guarda Roupa,MDP,Não informado,Espelho,MDP,Não informado,200 cm,2 Portas,Deslizantes,"Corrediças metálicos, Cabideiro em alumínio, Pés em ABS",Não informado,Cinza e Nature,Henn,3 Gavetas,2 Portas,Solteiro,,MDF e MDP,,Correr
Guarda-Roupa Casal com Espelho B23 6 Portas e 3 Gavetas Briz,"Guarda-Roupa Casal com Espelho B23 6 Portas e 3 Gavetas Briz.<br>Possui uma ótima divisão interna e amplo espaço para você organizar roupas, calçados, acessórios e outros utensílios. Móvel de excelente qualidade e acabamento, o que deixa o móvel ainda mais elegante!Confira!<br><br><br>Características:<br>Marca: Briz<br>Tipo: Casal<br>Material da estrutura: MDP<br>Acabamento: Pintura UV<br>Quantidade de portas: 6<br>Tipo de porta: bater<br>Quantidade de gavetas: 3<br>Cabideiro: 1<br>Calceiro: 1<br>Tipo de puxador: plástico ABS<br>Tipo de corrediça: metálicas<br>Tipo de dobradiça: metálicas<br>Quantidade de Pés: 6<br>Pés com Rodízio: não<br><br><br>Dimensões:<br>Altura: 200,5 cm<br>Largura: 163 cm<br>Profundidade: 46,5 cm<br>Peso: 96,20kg<br><br><br>Garantia do Fornecedor: 3 meses","{""cor"":""Café"",""marca"":""Briz"",""tamanho"":""Casal""}",Café,Briz,,,Casal,,,,,,,,,,,,Não informado,Briz,3,6,Casal,Casal,MDP,Não informado,Não informado,Não informado,Não informado,163,6 Portas,bater,Espelho,Não informado,Café,Briz Móveis,3 Gavetas,6 Portas,Casal,,MDP,,Convencional
Guarda Roupa Casal 3 Portas 8 Gavetas - Londres-Cumaru/Fendi  - Móveis Novo Horizonte,"Guarda Roupa Casal 3 Portas 8 Gavetas - Londres-Cumaru/Fendi - Móveis Novo Horizonte<br> <br> Se você deseja seu quarto com muito mais estilo, o Guarda Roupa Londres além de deixar seu quarto mais organizado vai dar um up na decoração. Super lindo e charmoso! Confira!<br> <br> Faz parte do anúncio:<br> Guarda Roupa Casal 3 Portas 8 Gavetas - Londres - Novo Horizonte<br> Obs. Objetos de decoração não inclusos<br> <br> Particularidades do guarda-roupa:<br> Características:<br> -As bordas do produto acompanham a cor externa <br> -100% MDF <br> -Colunado em 25mm<br> -Interno ele e ela<br> -Trilho inferior em alumínio e roldanas com amortecedores<br> -Perfil puxador e batente alinhador em alumínio bronze<br> -Roldana superior com rolamento e freio<br> -Espaço para longo<br> -Gavetas internas com puxadores<br> -Corrediças telescópicas<br> -Cabideiros e calceiros em alumínio<br> -8 Gavetas <br> <br> Dimensões:<br> Altura: 2,36 metros<br> Largura: 2,41 metros<br> Profundidade: 55,5 centímetros<br> <br> Informações Importantes:.<br> -Produtos podem apresentar diferenças de tonalidades entre a foto na tela e o produto real, devido a calibração de cor de tela.<br> -Limpar com flanela ou pano macio. Não utilizar álcool. Não utilizar produtos abrasivos ou corrosivos.<br> -Nós prezamos pela qualidade da entrega em primeiro lugar, trabalhamos com transportadoras altamente selecionadas e os melhores materiais de embalagem.<br> -A montagem é de total responsabilidade do comprador. Antes de comprar, verifique o espaço disponível para a montagem.<br> -Certifique-se de que o produto caiba em elevadores e vãos de escadas, não fazemos içamentos. Quaisquer despesas deste tipo ficam a cargo do cliente<br> -Garantia de 3 meses contra defeitos de fabricação.","{""marca"":""Móveis Novo Horizonte"",""tamanho"":""Casal""}",,Móveis Novo Horizonte,,,Casal,,,,,,,,,,,,Não informado,Móveis Novo Horizonte,8,3,Casal,Guarda Roupa,MDF,Londres,Não informado,MDF,Não informado,241 metros,3 Portas,Não informado,"Trilho inferior em alumínio e roldanas com amortecedores, Perfil puxador e batente alinhador em alumínio bronze, Roldana superior com rolamento e freio, Espaço para longo, Gavetas internas com puxadores, Corrediças telescópicas, Cabideiros e calceiros em alumínio",Não informado,Cumaru e Fendi,Novo Horizonte,8 Gavetas,3 Portas,Casal,,MDF,,Correr
Guarda-Roupa De Casal 6 Portas 4 Gavetas 6 Prateleiras Nice Made Marcs Peroba,"<p>Guarda-Roupa De Casal 6 Portas 4 Gavetas 6 Prateleiras Nice Made Marcs Peroba</p><p><br></p><p>O Roupeiro Nice une bem-estar e beleza, possui amplo compartimento para malas e roupas de cama. Vem com 4 gavetas extensas e espaçoso compartimento para sapatos. Gavetas com corrediças telescópicas, costas parafusadas que aumenta a resistência do roupeiro. Puxadores em plástico resistentes e modernos.</p><p><br></p><p><br></p><p><br></p><p><br></p><p>DIMENSÕES</p><p><br></p><p> Altura: 215,5 cm</p><p><br></p><p> Largura: 178 cm</p><p><br></p><p> Profundidade: 47 cm</p><p><br></p><p><br></p><p><br></p><p>CARACTERÍSTICAS</p><p><br></p><p> Acabamento: Acabamento em Verniz UV</p><p><br></p><p> Ambiente Principal: Quarto</p><p><br></p><p> Com Sapateira: Sim</p><p><br></p><p> Cor: Peroba</p><p><br></p><p> EAN: 7908241613108</p><p><br></p><p> Escala De Brilho: Semi-Brilho</p><p><br></p><p> Material da corrediça: Metálica</p><p><br></p><p> Material do Cabideiro: Cabideiro em Alumínio</p><p><br></p><p> Material Principal: MDF E MDP</p><p><br></p><p> Modelo: Nice</p><p><br></p><p> Número De Prateleiras: 6 Prateleiras</p><p><br></p><p> Peso: 130,9 kg</p><p><br></p><p> Possui Cabideiros: Sim</p><p><br></p><p> Possui Espelho: Sim</p><p><br></p><p> Possui Gavetas: Sim</p><p><br></p><p> Possui Organizador De Gaveta: Não</p><p><br></p><p> Possui Pés: Sim</p><p><br></p><p> Possui Portas: Sim</p><p><br></p><p> Possui Prateleiras: Sim</p><p><br></p><p> Quantidade de Gavetas: 4 gavetas</p><p><br></p><p> Quantidade de portas: 6 portas</p><p><br></p><p> Tipo De Corrediça Da Gaveta: Corrediças Telescópicas</p><p><br></p><p> Tipo De Porta: De abrir/dobradiças</p><p><br></p><p> Volumes: 4</p><p><br></p><p><br></p><p><br></p><p>INFORMAÇÕES IMPORTANTES</p><p><br></p><p> Acompanha Manual de Instalação: Sim, Manual acompanha produto</p><p><br></p><p> Complexidade Da Montagem: Média: Deverá ser montado por um especialista em montagem</p><p><br></p><p> Garantia: 90 dias, após o recebimento do produto</p><p><br></p><p> Informações Complementares: Os objetos que ambientam as fotos não acompanham o produto</p><p><br></p><p> Monitor: As configurações do seu monitor ou dispositivo móvel afetam a tonalidade do produto</p><p><br></p><p> Necessita Montagem: Sim, o produto é vendido desmontado</p><p><br></p><p> Recomendações De Uso: Para manter seu móvel novo por muito mais tempo, evite locais úmidos, mantenha-o distante de líquidos. Para limpá-lo com segurança utilize uma flanela seca sem produtos abrasivos</p><p><br></p><p> Sistema De Montagem: Parafuso, minifix e cavilha</p><p><br></p><p> Sobre A Montagem: A loja não oferece serviço de montagem dos produtos</p><p><br></p><p> Sobre a tonalidade: A tonalidade de cor pode variar de acordo com o lote do fabricante</p>","{""marca"":""Made Marcs"",""tamanho"":""Casal""}",,Made Marcs,,,Casal,,,,,,,,,,,,Peroba,Marcs,4 gavetas,6 portas,Não informado,Casal,MDF E MDP,Não informado,Não informado,MDF E MDP,6 Prateleiras,Não informado,6 Portas,De abrirdobradiças,Não informado,Não informado,Peroba,Made Marcs,4 Gavetas,6 Portas,Casal,,MDF e MDP,,Convencional
Guarda Roupa 2 Portas 6 Gavetas Chicago Tcil Móveis,"Com 2 portas de bater e 6 gavetas externas, o Guarda-Roupa Chicago foi projetado com um design clássico e elegante que vai agregar valor a qualquer dormitório. Além da estética, oferece um espaço de armazenamento amplo e bem dividido para o seu consumidor. Sua estrutura em MDP e MDF com Pintura UV garantem um padrão elevado de qualidade. Aproveite!<br> <br><br> <br><br> <br>Especificações do produto montado<br> <br>Altura: 214 cm<br> <br>Largura: 133 cm<br> <br>Profundidade: 51 cm<br> <br>Peso: 101 kg<br><br>Características:<br> <br>Produto em MDP e MDF<br> <br>6 Gavetas externas<br> <br>Gaveta com chave<br> <br>Corrediças Telescópicas<br> <br>Cabideiros em alumínio<br> <br>Trilho superior em PVC e inferior em Alumínio com aba externa mais alta<br> <br>Puxadores em PVC<br> <br>Garantia: 90 dias<br> <br>Necessita de Montagem? Sim<br> <br>Complexidade de Montagem: Alta<br> <br>Recomendações de Uso, Manutenção e Limpeza: Limpar com flanela limpa e seca. Não usar produtos abrasivos.<br><br>Observações:<br> <br>Não oferecemos serviço de montagem, mas todos os produtos possuem manual com o passo a passo.Recomendamos contratar um profissional de sua preferência. Pode existir alguma diferença de tonalidade entre a foto e o produto, devido ao tratamento de imagens e à calibração de cores do monitor.<br><br><br> <br>","{""cor"":""Cinamomo"",""marca"":""Tcil Móveis""}",Cinamomo,Tcil Móveis,,,,,,,,,,,,,,,Não informado,Tcil Móveis,6,2,Não informado,Guarda-Roupa,MDP e MDF,Clássico,Não informado,MDP e MDF,Não informado,133 cm,2 portas de bater,Bater,"Gaveta com chave, Corrediças Telescópicas, Cabideiros em alumínio, Trilho superior em PVC e inferior em Alumínio com aba externa mais alta, Puxadores em PVC",Não informado,Cinamomo, Tcil Móveis,6 Gavetas,2 Portas,Solteiro,,MDF e MDP,,Convencional
Guarda-roupa Casal com Espelho 6 Portas 2 Gavetas Araplac E2262,"A Araplac produz móveis de qualidade, unindo design e inovação, entregando sempre o melhor para você. Perfeito para tornar seu ambiente harmonioso e funcional, o Guarda Roupa Casal E2262 é o produto perfeito para quem possui um ambiente com espaço reduzido. Esse modelo conta com 2 espelhos, 6 portas convencionais, 2 gavetas externas,1 cabideiro transversal para não amassar as suas roupas e 4 prateleiras internas ideais para você acomodar e guardar todos os seus objetos pessoais, roupas e acessórios de forma super organizada. Fabricado em MDP de excelente qualidade, com revestimento em verniz UV com acabamento fosco, para maior durabilidade e resistência do móvel.","{""cor"":""Freijó,Carbono"",""marca"":""Araplac"",""quantidade_de_gavetas"":""2 Gavetas"",""quantidade_de_portas"":""6 Portas""}","Freijó,Carbono",Araplac,2 Gavetas,6 Portas,,,,,,,,,,,,,Não informado,Araplac,2,6,Casal,Guarda-roupa,MDP,Não informado,Espelho,MDP,4,Não informado,Convencionais,Não informado,"Cabideiro transversal, Gavetas externas",Não informado,Carbono e Freijó,Araplac,2 Gavetas,6 Portas,Casal,,MDP,Moderno ,Convencional
Guarda-Roupa Solteiro City 4 Portas 3 Gavetas Castanho Hp/Off White - Henn,"DETALHAMENTO:<br><br><br><strong>Estrutura</strong>:<br>-------------------------------------------<br>Escala de Brilho: Brilho, Fosco<br>Material da Estrutura: MDP<br>Espessura do Tampo (mm): 12<br>Possui Sapatas? Não<br>Quantidade de Pés/Sapatas: 6<br>Possui Rodízios? Não<br><br><strong>Instalação</strong>:<br>-------------------------------------------<br>Sistema de Montagem: Parafusos, cavilhas e Minifix.<br>Necessita de Montagem: Sim<br>Como os Móveis Chegarão na Minha Casa: Desmontado em caixas, acompanhado de todas as peças, ferragens e manuais para montagem.<br>Grau de Dificuldade da Montagem: Médio<br><br><strong>Estrutura Interna</strong>:<br>-------------------------------------------<br>Quantidade de Puxadores: 7<br>Peso Suportado nas Gavetas (kg): 3<br>Material do Puxador: ABS<br>Quantidade de Prateleiras: 5<br>Peso Suportado nas Prateleiras (kg): 8<br>Material das Corrediças: Metálica<br>Material das Dobradiças: Metálica<br><br><strong>Outras Informações</strong>:<br>-------------------------------------------<br>Revestimento /Acabamento: Pintura UV<br>Garantia (dias): 90<br>Indicação de Uso: Quarto<br>Recomendação de Manutenção: Utilizar pano levemente umedecido, seguido de pano seco. Não utilizar quaisquer produtos abrasivos.<br>Observação: Objetos decorativos que aparecem nas imagens, não acompanham o produto.<br><br><strong>Roupeiros</strong>:<br>-------------------------------------------<br>Material do Cabideiro: Madeira<br>Quantidade de Cabideiros: 2<br>Quantidade de Gavetas: 3<br>Possui Espelho: Não<br>Quantidade de Calceiros: 0<br>Modelo: Solteiro<br>Quantidade de Portas: 4<br>Tipo de Porta: Porta de Bater<br>Peso Suportado no Cabideiro (Kg): 8<br><br><strong>Tamanho/Peso</strong>:<br>-------------------------------------------<br>Altura: 200cm<br>Largura: 121cm<br>Profundidade: 46,5cm<br>Peso: 68kg<br><br><strong>Geral</strong>:<br>-------------------------------------------<br>SKU: 61176<br><br>O(a) Guarda-Roupa Solteiro City 4 Portas 3 Gavetas Castanho Hp/Off White - Henn é produzido em MDP na escala de brilho Brilho e Fosco, e possui um grau de dificuldade de montagem: Médio.<br>Seu revestimento/acabamento é: Pintura UV.<br><br>Infelizmente a Panorama Móveis não oferece serviço de montagem, deixamos essa informação bem clara em todas as nossas páginas de produto.Onde especificamos que os móveis chegarão desmontados, e que a montagem fica por conta do cliente.<br><br>Como não oferecemos esse serviço não embutimos o mesmo no preço dos produtos, ou seja, maior economia para você!Todos os nossos móveis também acompanham o manual de montagem, e caso você queira, pode realizar a montagem você mesmo, sempre especificamos os graus de montagem dos produtos.<br><br>Nos casos de grau baixo e médio, com pouco ou nenhum conhecimento, você mesmo pode efetuar a montagem, e fazer essa economia.Apenas nos graus de montagem alto, recomendamos a contratação de um montador com experiência, visto que são montagens mais complicadas. A montagem é feita com Parafusos, cavilhas e Minifix.. <br><br>Este móvel é indicado para que seja utilizado no(a) Quarto, dando um toque especial no cômodo de sua casa.<br> Para que você mantenha seu produto sempre em ótimo estado, recomendamos que use apenas um pano seco ou levemente umedecido, sem o uso de quaisquer produtos abrasivos.<br><br>A Panorama Móveis garante aos clientes, 90 dias de garantia nos produtos, porém, recomendamos que entre em contato com o fornecedor/marca do produto, pois o mesmo(a), pode garantir um prazo maior de garantia.<br><br>Lembrando ainda que: quaisquer objetos decorativos que aparecem nas imagens, não acompanham o produto. Panorama Móveis, a sua loja de móveis online, eletrodomésticos e artigos para decoração!","{""cor"":""Castanho, Off White"",""marca"":""Henn"",""quantidade_de_gavetas"":""3 Gavetas"",""quantidade_de_portas"":""4 Portas"",""tamanho"":""Solteiro""}","Castanho, Off White",Henn,3 Gavetas,4 Portas,Solteiro,,,,,,,,,,,,Castanho HpOff White,Henn,3,4,Solteiro,Guarda-Roupa,MDP,Não informado,Não informado,Madeira,5,Não informado,Porta de Bater,Porta de Bater,Não informado,Não informado,Castanho HP e Off White,Henn,3 Gavetas,4 Portas,Solteiro,,MDP,,Convencional
Roupeiro Império 6 Portas 6 Gavetas Benetil Móveis,"O Roupeiro Império da Benetil é robusto e funcional. Possui excelente profundidade, possibilitando armazenar travesseiros, cobertores e demais objetos de forma mais organizada. Conta com seis gavetas internas em corrediças telescópicas, o que garante uma maior abertura. As portas de bater dão a ele um ar tradicional, mas com elementos que valorizam cada detalhe. O cabideiro é em alumínio o que dá mais segurança e resistência. Ele é compacto. Excelentes para quartos menores.<br> <br> Informações técnicas:<br> Linha: Roupeiro Império<br> Marca: Benetil Móveis<br> Estilo: Moderno<br> Origem do produto: Nacional<br> Matéria-prima da estrutura: MDF<br> Ambiente principal: Quarto <br> Tipo de pintura: Fosco <br> De canto: Não<br> Necessita montagem: Sim<br> Possui espelho interno: Não<br> Possui espelho externo: Não<br> Possui pés: Não<br> Possui portas: Sim <br> Quantidade de portas: 6<br> Tipo de portas: Bater<br> Tipo de puxador da porta: Externo<br> Matéria-prima dos puxadores: Madeirado<br> Possui prateleiras: Sim, 10.<br> Possui gavetas: Sim<br> Quantidade de gavetas: 6<br> Tipo de gaveta: Interna<br> Tipo de corrediça da gaveta: Telescópica<br> Possui cabideiro: Sim<br> Quantidade de cabideiro: 3<br> Matéria-prima do cabideiro: Alumínio<br> <br> Dimensões: <br> Altura: 240 cm<br> Largura: 280 cm<br> Profundidade: 62 cm<br> Peso: 292 kg<br> <br> Garantia do fornecedor: 3 meses <br> <br> Recomendações de uso/manutenção: Limpar com flanela limpa e seca. Não usar produtos abrasivos.","{""cor"":""Cinamomo"",""quantidade_de_gavetas"":""6 Gavetas""}",Cinamomo,,6 Gavetas,,,,,,,,,,,,,,Não informado,Benetil Móveis,6,6,Não informado,Roupeiro,MDF,Moderno,Não informado,MDF,10,280 cm,Sim,Bater,Não informado,Não informado,Cinamomo e Off White,Benetil Móveis,6 Gavetas,6 Portas,,,MDF,Moderno ,Convencional
Guarda Roupa Casal 6 Portas 9 Gavetas  com Espelhos Santos Andira,"O guarda roupa star 6 portas e 9 gavetas é um móvel que atende aos mais exigentes padrões de <br> qualidade e de funcionalidade, pois suas 9 amplas gavetas garantem um super espaço para guardar <br> tudo que precisa. E em suas portas, cabideiros em alumínio e prateleiras complementam as ótimas <br> características desse móvel. Os puxadores são em ABS na cor champagne. O acabamento é em <br> pintura UV com aplicação de verniz brilho na cor off white e branco, e verniz fosco para o grafite e <br> atacama, tudo de acordo com as normas da ISO, respeitando o meio ambiente e buscando o <br> desenvolvimento sustentável. <br> <br> CARACTERISTICA<br> <br> 06 Portas com dobradiças metálicas<br> 04 Prateleiras<br> 02 Cabideiros/calceiros em alumínio<br> 09 Gavetas com corrediças metálicas<br> Amplo maleiro<br> Puxadores em ABS<br> Espelho Cristal 75x20x003 ( 02 unidades)<br> <br> Dimensão <br> <br> Altura: 200cm<br> Largura: 179,4cm<br> Profund: 46,3cm<br> <br> Medidas da gaveta: <br> <br> Altura: 10,1 cm <br> Largura:53,3 cm <br> Profund 34,3 cm <br> <br> <br> <br> Observações importantes: <br> Produto para uso residencial em ambiente interno, não devendo ficar exposto diretamente ao sol, calor e umidade excessiva. Pode haver alguma diferença de tonalidade entre a imagem e o produto real, por conta do tratamento de imagens e a calibração de cores do seu monitor. As imagens são meramente ilustrativas, não acompanham objetos de decoração e eletrônicos.<br> A empresa não se responsabiliza por montagens/desmontagens ou instalação dos produtos adquiridos neste site, como também ficando sob responsabilidade do cliente/comprador eventuais despesas no ato da entrega, por subir escadas/elevadores ou pelo transporte por guincho em apartamentos. Por conta disso, sempre confira as dimensões do produto e certifique-se que as medidas sejam suficientes para entrada em elevadores, portas, escadas e/ou corredores de sua residência.<br> Ao receber a mercadoria, o cliente deve verificar as condições da embalagem, caso haja alguma avaria não assine o comprovante de recebimento.<br> <br> Manutenção: Não limpar com álcool ou qualquer outro produto químico, utilize somente pano seco ou levemente umedecido.","{""cor"":""Castanho, Off White"",""marca"":""Santos Andirá"",""quantidade_de_gavetas"":""9 Gavetas"",""quantidade_de_portas"":""6 Portas"",""tamanho"":""Casal""}","Castanho, Off White",Santos Andirá,9 Gavetas,6 Portas,Casal,,,,,,,,,,,,off white e branco,Santos Andira,9,6,Casal,Guarda-Roupa,Não informado,Não informado,com Espelhos,Não informado,4,1794,6 Portas,com dobradiças metálicas,"02 Cabideiroscalceiros em alumínio, 09 Gavetas com corrediças metálicas, Amplo maleiro, Puxadores em ABS, Espelho Cristal 75x20x003  02 unidades",Não informado,Castanho e Off White,Santos Andirá,9 Gavetas,6 Portas,Casal,,,Contemporâneo,Convencional
Guarda Roupa Pérola 3p Rosê _ Phoenix Baby,"<p>Dimensões do produto:Largura 165 cm; Profundidade 52 cm; Altura 220 cm;</p><p>Itens Inclusos:1 Guarda Roupa</p><p>Material 100% MDF</p><p>Cabideiros metálicos</p><p>3 Portas com excelente espaço interno</p><p>4 Gavetas com corrediças telescópicas com puxadores em cava</p><p>Pintura UV atóxica/acetinada para não prejudicar a saúde do bebê e das crianças</p><p>Guarda roupa repleto de nichos de diversos tamanhos</p><p>Maleiro na parte superior</p><p>6 nichos para sapatos na parte inferior</p><p>Lado direito do guarda roupa com gavetas e nichos menores para objetos de decoração, perfumes, cremes e os produtinhos que seu bebê usa</p><p>Complexidade da montagem:Média, pode ser montado por mais de uma pessoa e/ou necessite de maior conhecimento para montagem.</p><p>Recomendações de uso, manutenção e limpeza:Limpar com flanela ou pano macio seco, não utilizar produtos abrasivos, desengordurantes, álcool ou solvente. Não expor o produto diretamente a luz solar e à umidade</p><p>Garantia:3 meses<br><br>OBS: Foto meramente ilustrativa, objetos, utensílios e decoração não fazem parte do produto.</p><p>Manual de Montagem e Instalação</p>","{""marca"":""Phoenix Baby""}",,Phoenix Baby,,,,,,,,,,,,,,,Rosê,Phoenix Baby,4,3,Não informado,Guarda Roupa,MDF,Não informado,Não informado,100 MDF,6,165 cm,3 Portas,Não informado,"Cabideiros metálicos, Corrediças telescópicas, Puxadores em cava, Pintura UV atóxica acetinada, Maleiro na parte superior, 6 nichos para sapatos na parte inferior, Gavetas e nichos menores para objetos de decoração",Não informado,Rosê ,Phoenix Baby,4 Gavetas,3 Portas,,,MDF,,Convencional
Guarda Roupa Casal 6 Portas 9 Gavetas Sevilha Doripel,"O Guarda Roupa Casal 6 Portas 9 Gavetas Sevilha Doripel une design e funcionalidade para deixar seu dormitório mais elegante e moderno! Possui amplo espaço interno para melhor organização das roupas, cabideiros, além de 9 gavetas externas com corrediças metálicas que permite um deslize mais seguro e suave, ideal para organização de peças menores.<br> <br> <br> Características:<br> Estrutura em MDP<br> 6 Portas<br> 9 Gavetas<br> Corrediças metálicas<br> Puxadores ABS<br> Pintura UV<br> Cabideiro<br> <br> <br> Dimensões:<br> Altura: 210 cm<br> Largura: 183 cm<br> Profundidade: 47 cm<br> Peso: 113 kg<br> <br> <br> Recomendações de uso do fornecedor: Para limpeza de seu móvel, use uma flanela seca ou umedecida. Não utilize produtos químicos que possam danificar o produto.<br> <br> <br> Garantia do fornecedor de 3 meses.","{""quantidade_de_portas"":""6 Portas"",""tamanho"":""Casal""}",,,,6 Portas,Casal,,,,,,,,,,,,Não informado,Doripel,9 Gavetas,6 Portas,Casal,Guarda Roupa,MDP,Moderno,Não informado,MDP,Não informado,183 cm,6 Portas,Não informado,"Corrediças metálicas, Puxadores ABS, Pintura UV, Cabideiro",Não informado,Nogueira e Off White,Sevilha Doripel,9 Gavetas,6 Portas,Casal,,MDP,,Convencional
Guarda Roupa Infantil 2 Portas 2 Gavetas Ternura Poliman,"O Roupeiro 2 portas 2 gavetas Ternura é um charme para o quarto do bebê. Possui portas de bater com amplo espaço interno, cabideiro torneado de madeira plastificado e prateleira. Nichos decorativos para deixar o ambiente mais aconchegante, gavetas com corrediças metálicas, puxadores em polímero, acompanha pés fixos 7cm em PVC. Produto em MDP com pintura UV. Produto ecologicamente correto com embalagens preparadas para evitar avarias e permitir que o produto chegue em perfeito estado em sua casa. Qualidade que só a Poliman oferece em seus produtos.<br> <br> Importante Saber:<br> Montagem não está inclusa ao na compra<br> Os móveis serão entregues desmontados embalados e com manual de montagem.<br> Imagens meramente ilustrativas cores e tonalidades podem variar<br> Os objetos que ambientam as fotos não acompanham o produto <br> Na limpeza não utilizar produtos químicos e abrasivos<br> Antes de comprar o seu produto verifique as medidas, o local onde pretende instalar e se é necessário contratar o serviço de um profissional qualificado.<br> Entrega não inclui a subida de lances de escada, elevadores ou o içamento de produtos.<br> <br> Características:<br> Marca: Poliman<br> Modelo: Ternura<br> Portas: 2<br> Gavetas: 2<br> Pés: Sim, fixos 7cm em PVC<br> Pintura: Em alto brilho<br> Corrediças: Metálicas<br> Produto: Em MDP<br> Cabideiros: Torneado de madeira<br> Puxadores: Em polímero, pés PVC<br> <br> Dimensões:<br> Altura: 191 cm<br> Largura: 93 cm<br> Profundidade: 41 cm<br> Peso: 47,72 Kg<br> <br> Garantia do fornecedor: 3 Meses após o recebimento do produto","{""cor"":""Nature"",""quantidade_de_gavetas"":""2 Gavetas"",""quantidade_de_portas"":""2 Portas"",""tamanho"":""Casal""}",Nature,,2 Gavetas,2 Portas,Casal,,,,,,,,,,,,Não informado,Poliman,2,2,Não informado,Infantil,MDP,Não informado,Não informado,MDP,Não informado,Não informado,2,Bater,"Cabideiro torneado de madeira plastificado, prateleira, nichos decorativos, gavetas com corrediças metálicas, puxadores em polímero, pés fixos 7cm em PVC",Ternura,Branco e Nature,Poliman Móveis,2 Gavetas,2 Portas,Casal,,MDP,,Convencional
Guarda Roupa Panan Clara Flex 6 Pts 3Gavetas Café/Off White,"<strong>Guarda Roupa Casal 6 Portas e 3 Gavetas Clara Flex Café/Off White - Panan</strong><br> <br> Marca: <strong>Panan</strong><br><br>Dimensões(Cm): Comprimento(Profundidade): 45,7 x Largura: 199,2 x Altura: 214<br> <br> <strong>CARACTERÍSTICAS DE MÓVEIS</strong><br> <strong>Tipo de Estrutura do Móvel</strong><br> - MDF<br> <strong>Tipo de Pintura</strong><br> - UV<br> <strong>Tipo de Acabamento da Pintura</strong><br> - Semi Brilho<br> <strong>Tipo de puxador</strong><br> - ABS/PVC<br> <strong>Quantidade de Prateleiras</strong><br> - 6<br> <strong>Quantidade de Gavetas</strong><br> - 3<br> <strong>Diferenciais da Gaveta</strong><br> - c/ Corrediças Telescópicas<br> <strong>Quantidade de Portas</strong><br> - 6<br> <strong>Garantia</strong><br> - 3<br> <br> <strong>04 - CARACTERÍSTICAS E BENEFÍCIOS DOS MÓVEIS DE QUARTO</strong><br> <strong>Tamanho do Guarda-Roupa</strong><br> - Casal<br> <br> <br> <strong> Não nos responsabilizamos pela montagem/instalação dos produtos.</strong><br> <strong>Todas as informações divulgadas são de responsabilidade exclusiva do fabricante/fornecedor. </strong><br> <strong>Imagens Meramente Ilustrativas.</strong><br> <strong>Verifique com os fabricantes do produto e de seus componentes eventuais limitações à utilização de todos os recursos e funcionalidades.</strong>","{""tamanho"":""Casal""}",,,,,Casal,,,,,,,,,,,,CaféOff White,Panan,3,6,Casal,Guarda Roupa,MDF,Não informado,Não informado,Não informado,6,457,6,Não informado,Corrediças Telescópicas,Não informado,Café e Off White,Panan,3 Gavetas,6 Portas,Casal,,MDF,,Convencional
Guarda-Roupa Solteiro 100% MDF 02 Portas e 02 Gavetas Samira Branco/Rosa/Lilás/Azul ACP Móveis,"O Guarda-Roupa da ACP conta com design sofisticado que deixará seu quarto ainda mais elegante e organizado. Com um amplo espaço interno, o móvel é ideal para organizar suas roupas e acessórios. Ele é produzido com matéria prima selecionada dentro dos mais rigorosos padrões de qualidade e acabamento.<br><br>Modelo: Samira<br>PN: 18073-78<br>Cor: Branco/Rosa/Lilás/Azul<br>Marca: ACP Móveis<br><br>Produzido 100% em MDF<br>Estrutura em MDF 12mm<br>Portas em MDF 6mm e Molduras em MDF 18mm<br>Fundos em MDF 2,5mm<br><br>Rodapés e molduras bicolores permitindo a variação das cores branco, rosa, azul e lilás<br>Cabideiro em alumínio<br>Pés inclusos<br>Possui 02 portas de correr<br>Possui 02 gavetas com corrediças telescópicas<br><br>Dimensões (A x L x C): 188 x 109,80 x 46,50 cm (Produto Montado)<br>Peso: 56,80 Kg<br><br>Observações Relevantes:<br>- Todos os produtos vão embalados com total segurança.<br>- As cores dos produtos podem sofrer alterações dependendo do seu monitor.<br>- As imagens são meramente ilustrativas, não acompanham objetos de decoração e eletros.<br><br>- Confira as dimensões do produto no momento da compra e certifique-se de que passará normalmente por escadas, elevadores, portas e corredores.<br>- Não nos responsabilizamos no ato da entrega por montagens, desmontagens, instalações de produtos, nem utilização de guinchos ou equipamentos similares para acesso a pisos superiores em apartamentos.<br>- Observando as orientações acima, evita-se futuros desagrados ou imprevistos com a entrega do produto. Havendo despesas adicionais, serão de responsabilidade do cliente.<br><br>Manual de montagem:<br>https://arquivo.megamamute.com.br/produtos/anexo/72/90012372/90012372_original.pdf<br><br>Conteúdo da Embalagem:<br>01 x Guarda-Roupa<br>01 x Kit Ferragem<br>01 x Manual de Montagem<br><br>Garantia: 3 meses com a fabricante<br>Fabricante: ACP Móveis<br>","{""cor"":""Branco, Rosa, Lilás, Azul"",""marca"":""ACP Móveis"",""tamanho"":""Solteiro""}","Branco, Rosa, Lilás, Azul",ACP Móveis,,,Solteiro,,,,,,,,,,,,BrancoRosaLilásAzul,ACP Móveis,2,2,Solteiro,Guarda-Roupa,MDF,Não informado,Não informado,MDF,Não informado,4650,Correr,Correr,Gavetas com corrediças telescópicas,Não informado,Branco,ACP Móveis,2 Gavetas,2 Portas,Solteiro,,MDF,,Correr
Guarda Roupa Casal 6 Portas 9 Gavetas  com Espelhos Santos Andira,"O guarda roupa star 6 portas e 9 gavetas é um móvel que atende aos mais exigentes padrões de <br> qualidade e de funcionalidade, pois suas 9 amplas gavetas garantem um super espaço para guardar <br> tudo que precisa. E em suas portas, cabideiros em alumínio e prateleiras complementam as ótimas <br> características desse móvel. Os puxadores são em ABS na cor champagne. O acabamento é em <br> pintura UV com aplicação de verniz brilho na cor off white e branco, e verniz fosco para o grafite e <br> atacama, tudo de acordo com as normas da ISO, respeitando o meio ambiente e buscando o <br> desenvolvimento sustentável. <br> <br> CARACTERISTICA<br> <br> 06 Portas com dobradiças metálicas<br> 04 Prateleiras<br> 02 Cabideiros/calceiros em alumínio<br> 09 Gavetas com corrediças metálicas<br> Amplo maleiro<br> Puxadores em ABS<br> Espelho Cristal 75x20x003 ( 02 unidades)<br> <br> Dimensão <br> <br> Altura: 200cm<br> Largura: 179,4cm<br> Profund: 46,3cm<br> <br> Medidas da gaveta: <br> <br> Altura: 10,1 cm <br> Largura:53,3 cm <br> Profund 34,3 cm <br> <br> <br> <br> Observações importantes: <br> Produto para uso residencial em ambiente interno, não devendo ficar exposto diretamente ao sol, calor e umidade excessiva. Pode haver alguma diferença de tonalidade entre a imagem e o produto real, por conta do tratamento de imagens e a calibração de cores do seu monitor. As imagens são meramente ilustrativas, não acompanham objetos de decoração e eletrônicos.<br> A empresa não se responsabiliza por montagens/desmontagens ou instalação dos produtos adquiridos neste site, como também ficando sob responsabilidade do cliente/comprador eventuais despesas no ato da entrega, por subir escadas/elevadores ou pelo transporte por guincho em apartamentos. Por conta disso, sempre confira as dimensões do produto e certifique-se que as medidas sejam suficientes para entrada em elevadores, portas, escadas e/ou corredores de sua residência.<br> Ao receber a mercadoria, o cliente deve verificar as condições da embalagem, caso haja alguma avaria não assine o comprovante de recebimento.<br> <br> Manutenção: Não limpar com álcool ou qualquer outro produto químico, utilize somente pano seco ou levemente umedecido.<br> <br> Obs.: A Santos Andirá não disponibiliza serviço de montagem. O produto segue com manual e todas as ferragens necessárias para a instalação. <br> <br> 1 _x0096_ O produto é novo ou usado? <br> R.: Todos os produtos da Santos Andirá são novos, enviados da nossa fábrica diretamente para as casas de nossos clientes. <br> <br> 2 _x0096_ O produto vem montado? Se não, vocês realizam a montagem? <br> R.: Não, o produto vai desmontado. A Santos Andirá não disponibiliza serviço de montagem. Todos os produtos seguem com manual de instalação e as ferragens necessárias<br> <br> 3 _x0096_ Vocês possuem loja física? Posso retirar meu produto em mãos? <br> R.: Não possuímos loja física, apenas loja virtual. Confira as opções de envio ao colocar o seu CEP. <br> <br> 4 _x0096_ Qual é o valor do envio? Posso pagar separadamente? <br> R.: O valor do envio é calculado com base no peso e volume do produto, e no CEP de destino. Você pode calcular o valor e prazo de entrega informando se cep, ele será calculado automaticamente. Não é possível pagar separadamente, precisa ser junto com o produto<br> <br> 5 _x0096_ A Santos Andirá entrega em todo Brasil? Como é feita a entrega? <br> R.: Entregamos na maioria da cidade do Brasil, consulte a disponibilidade informando seu CEP. Transporte é feito através de transportadoras parceiras.<br> <br> 6 _x0096_ O produto acompanha Nota Fiscal? <br> R.: Sim, todos os produtos são entregues com suas respectivas notas fiscais. <br> <br> 7 _x0096_ Os produtos possuem garantia? <br> R.: Sim. Santos Andirá oferece 3 meses de garantia para defeitos de fabricação.<br> <br> 8- O que acontece se meu produto chegar quebrado ou avariado?<br> R- Seu Produto possui garantia de 3 meses qualquer avaria no recebimento ou na hora da montagem, será feito a substituição das peças ou do produto se for necessário.<br> <br> 9- A garantia cobre qualquer defeito?<br> R- Não! Ela cobrirá peças com defeitos ou com vícios do produto ou de fabricação, erro da montagem não é coberto pela garantia, sempre contrate um profissional de montagem.<br> <br> 10- O produto vem com pés ou espelhos?<br> R- Os nossos produtos possuem diversas variações, consulte as informações na ficha técnica e descritivo do produto para certificar-se que o mesmo possui pés, espelhos e quaisquer outras características que seja do seu interesse.","{""cor"":""Branco"",""marca"":""Santos Andirá"",""quantidade_de_gavetas"":""9 Gavetas"",""quantidade_de_portas"":""6 Portas"",""tamanho"":""Casal""}",Branco,Santos Andirá,9 Gavetas,6 Portas,Casal,,,,,,,,,,,,Off White e Branco,Santos Andirá,9,6,Casal,Guarda-Roupa,Não informado,Não informado,Espelhos,Não informado,4,1794cm,6 Portas com dobradiças metálicas,Não informado,"Cabideiros em alumínio, gavetas com corrediças metálicas, puxadores em ABS, Espelho Cristal 75x20x003",Não informado,Branco,Santos Andirá,9 Gavetas,6 Portas,Casal,,,Contemporâneo,Convencional
Cômoda 2352 e Guarda Roupa Casal COR2303044 Branco com Espelho - Araplac,"<p>Cômoda 2352 e Guarda Roupa Casal COR2303044 Branco - Araplac<br><br><span><span>Aqui você encontra os móveis ideais para completar seu ambiente! Apresentamos a Cômoda 2352 e o Guarda Roupa Casal COR2303044 desenvolvidos pela Araplac com estrutura em MDP, design moderno e amplo espaço interno para auxiliar na organização, não perca mais tempo e aproveite!<br></span><br></span></p><p><span>Cômoda Sapateira 2 Portas 2352 Branco Flex – Araplac<br></span>Características Técnicas:<br>- Desenvolvida em MDP<br>- Sistema Flex, podendo ser montada na cor Branco ou Branco com Lilás<br>- Possui 05 Gavetas com corrediças metálicas<br>- 02 Portas com dobradiças em aço<br>- Pés em PVC<br>- Divisórias internas<br>- Amplo espaço<br>- Lindo design</p><p>Dimensões:<br>Altura: 98 cm<br>Largura: 137 cm<br>Profundidade: 47 cm<br><br></p><p><span><span>Guarda Roupa Casal COR2303044 Branco - Araplac<br></span></span>Características Técnicas:<br>- Desenvolvido 100% em MDP<br>- Acabamento em pintura na cor Branco<br>- Possui 03 Portas deslizantes com trilhos em PVC<br>- 02 Cabideiro<br>- 02 Gavetas com corrediças metálicas livres de enrosco<br>- 07 Prateleiras<br>- Amplo espaço<br>- Lindo design</p><p>Dimensões:<br>Altura: 207 cm<br>Largura: 178 cm<br>Profundidade: 47 cm<br>OBS: Não acompanha decorações, roupas, calçados e acessórios. </p><p>Informações importantes:<br>- Não realizamos a montagem ou instalação do produto, porém acompanha manual de instruções.<br>- Toda mercadoria segue segurada contra qualquer sinistro, em caso de anormalidade, recuse.<br>- As caixas ou pacotes possuem identificação com o nome, cidade e quantidades de volumes relativos à compra para conferencia do recebedor.</p>","{""marca"":""Araplac"",""tamanho"":""Casal""}",,Araplac,,,Casal,,,,,,,,,,,,Branco,Araplac,2,3,Casal,Guarda Roupa,MDP,Moderno,Com Espelho,MDP,7,178 cm,3 Portas deslizantes,Deslizantes,"Cabideiro, Gavetas com corrediças metálicas livres de enrosco, Prateleiras",Não informado,,,,,,,,,
Guarda-Roupa Marita (L: 240cm) C/ 6 Portas Camaru / Pérola,"O quarto é um ambiente que precisa estar sempre organizado e com tudo no lugar certo para que você consiga descansar sem interferências externas, não é verdade? Para te ajudar nessa tarefa, conte com o Guarda-Roupa Marita! Dono de um ótimo espaço interno, ele tem as divisões perfeitas para receber suas peças de roupa, acessórios, roupas de cama e até mesmo calçados, basta aproveitar bem as prateleiras, as gavetas e os cabideiros. Já para deixar seu dormitório com o visual mais elegante, o móvel conta com estrutura tradicional, coloração sóbria e charmosos puxadores alongados, assim, além de combinar bem com os outros itens no cômodo, também dá um charme especial à decoração. Agora, seu espaço de descanso e relaxamento vai ficar sempre impecável e você não se preocupará mais com itens desorganizados e no lugar errado!","{""tamanho"":""Casal""}",,,,,Casal,,,,,,,,,,,,Pérola,Camaru,Não informado,6,L 240cm,Guarda-Roupa,Não informado,Tradicional,Não informado,Não informado,Não informado,240cm,6 Portas,Não informado,"gavetas, cabideiros, prateleiras",Não informado,Camaru e Pérola,Robel Moveis,7 Gavetas,6 Portas,Casal,,MDF,,Articulada
Guarda Roupa Casal Ele e Ela 8 Portas 6 Gavetas Santos Andirá Jatobá/Areia,"<p>Dimensões do produto:Largura 2,73cm; Altura2,37 cm; Profundidade56 cm.</p><p>Material: MDF</p><p>Itens Inclusos:1 Guarda-Roupa</p><p>O mais completo guarda-roupa de casal da categoria! Este roupeiro da Santos Andirá, além de muito bonito, possui todas as funcionalidades para atender a necessidade de espaço e organização de um casal. Suas 08 portas garantem espaço suficiente para guardar todos os pertences como camisas, vestidos, roupas íntimas, sapatos, decoração, etc. E ainda possuem dobradiças com amortecedor, facilitando ainda mais a sua vida! As 6 amplas gavetas internas com corrediças telescópicas proporcionam uma abertura completa e ainda ajudam a suportar mais peso. E agora, as duas gavetas superiores possuem visores em acrílico, facilitando a visão dos pertences ao procurá-los. Possui também 5 cabideiros/calceiros em alumínio, para pendurar as roupas com organização e em um deles ainda com espaço para pendurar as roupas longas. Os puxadores das portas são em madeira revestidos, garantindo mais beleza, durabilidade e praticidade no abrir e fechar das portas. Possui um atributo interessante que é um gancho em metal onde pode ser acomodado vários objetos, tais como: lenços, cintos, gravatas, colares, etc. O acabamento possui tecnologia REVERSE, uma pintura com acabamento em relevo invertido, proporcionando muito mais beleza e qualidade ao móvel, tudo dentro dos padrões de preservação e proteção ao meio ambiente. Seu quarto de casal precisa de um roupeiro desse para ficar completo!</p><p>Recomendações de uso, manutenção e limpeza:Limpar com flanela ou pano macio seco, não utilizar produtos abrasivos, desengordurantes, álcool ou solvente. Não expor o produto diretamente a luz solar e à umidade</p><p>Garantia:3 meses<br><br>OBS: Foto meramente ilustrativa, objetos, utensílios e decoração não fazem parte do produto.</p>","{""cor"":""Jatobá"",""marca"":""Santos Andirá"",""tamanho"":""Casal""}",Jatobá,Santos Andirá,,,Casal,,,,,,,,,,,,Jatobá Areia,Santos Andirá,6,8,Casal,Guarda-Roupa,MDF,Não informado,Não informado,MDF,Não informado,273cm,8 portas,Não informado,"dobradiças com amortecedor, corrediças telescópicas, visores em acrílico, cabideiros/calceiros em alumínio, puxadores em madeira revestidos, gancho em metal",Ele e Ela,Areia e Jatobá,Santos Andirá,6 Gavetas,8 Portas,Casal,,MDF,,Convencional
Guarda-Roupa 04 Portas 04 Gavetas com Espelho Sobral Castanho Wood Moval Móveis,"O Guarda-roupa Sobral é essencial em ambientes menores. Com tamanho compacto, mas com excelente distribuição interna, ele agrega organização, design e qualidade ao seu quarto.<br><br>Modelo: Sobral<br>PN: 870331<br>Cor: Castanho Wood<br>Marca: Moval<br><br>Design moderno e elegante<br>Estrutura produzida em MDP<br>Pintura é em impressão UV relevo fosco, trazendo mais resistência e durabilidade ao produto.<br>Possui 04 portas, sendo 02 portas com espelho e 04 gavetas com corrediças metálicas, sendo 01 gaveta com chave<br>Os cabideiros são em aluminio e pés em PVC<br><br>Dimensões (A x L x P): 204 x 110,4 x 47 cm (Produto Montado)<br>Peso: 69,82 Kg<br><br>Observações Relevantes:<br>- Todos os produtos vão embalados com total segurança.<br>- As cores dos produtos podem sofrer alterações dependendo do seu monitor.<br>- As imagens são meramente ilustrativas, não acompanham objetos de decoração e eletros.<br>- Confira as dimensões do produto no momento da compra e certifique-se de que passará normalmente por escadas, elevadores, portas e corredores.<br><br>- Não nos responsabilizamos no ato da entrega por montagens, desmontagens, instalações de produtos, nem utilização de guinchos ou equipamentos similares para acesso a pisos superiores em apartamentos.<br>- Observando as orientações acima, evita-se futuros desagrados ou imprevistos com a entrega do produto. Havendo despesas adicionais, serão de responsabilidade do cliente.<br><br>Link manual de montagem:<br>https://arquivo.megamamute.com.br/produtos/anexo/06/17106/17106_original.pdf<br><br>Conteúdo da Embalagem:<br>01 x Guarda-Roupa<br>01 x Kit Ferragem<br>01 x Manual de montagem<br><br>Garantia: 3 meses com a fabricante<br>Fabricante: Moval<br>","{""marca"":""Moval""}",,Moval,,,,,,,,,,,,,,,Castanho Wood,Moval,4,4,204 x 1104 x 47 cm,Guarda-Roupa,MDP,Moderno,Com Espelho,MDP,Não informado,1104,04 portas sendo 02 portas com espelho,Não informado,"04 gavetas com corrediças metálicas sendo 01 gaveta com chave, Cabideiros em alumínio, Pés em PVC",Não informado,Castanho Wood,Moval,4 Gavetas,4 Portas,Solteiro,,MDP,,Convencional
Roupeiro Firenze 3 Portas 6 Gavetas Benetil,"Roupeiro Firenze é Produzido Em Chapa de 15 Mm Que Garante Robustes e Maior Vida Útil , Contem 3 Portas, 9 Prateleiras, 6 Gavetas Com Corrediças Telescopica, Cabideiro Em Aluminio e Acabamento das Portas Em Aluminio, Trilho Inferior de Aluminio Que Garante Suavidade na Abertura das Portas ,espaço para Longos, Pes Incluso no Produto e Puxadores Modernos, Ótimo Custo Beneficio.<br> <br> Características:<br> Marca: Benetil<br> Material dos Pés: PVC<br> Prateleira: 9<br> Gavetas: 3<br> Portas: 6<br> Possui Espelho: sim<br> Cabideiro de Alumínio<br> Corrediças Telescopias<br> Puxadores Internos<br> Puxadores Madeirados<br> Material Principal: MDP<br> Corrediça: Telescópica<br> <br> Dimensões:<br> Altura: 230 cm<br> Largura: 270 cm<br> Profundidade: 52 cm<br> Peso: 219,4 kg<br> <br> Garantia do Fornecedor: 3 meses","{""cor"":""Imbuia, Off White""}","Imbuia, Off White",,,,,,,,,,,,,,,,Não informado,Benetil,6,3,Não informado,Roupeiro,MDP,Não informado,Não informado,MDP,9,270 cm,3 Portas,Não informado,"Cabideiro de Alumínio, Corrediças Telescopias, Puxadores Internos, Puxadores Madeirados, Corrediça Telescópica",Não informado,Imbuia e Off White,Benetil Móveis,6 Gavetas,3 Portas,,,MDP,,Convencional
Guarda Roupa Casal 6 Portas e 4 Gavetas Avaí Moval Avelã/Carvalho,Guarda Roupa Casal 6 Portas e 4 Gavetas Avaí Moval,"{""cor"":""Avelã,Carvalho"",""marca"":""Moval"",""quantidade_de_gavetas"":""4 Gavetas"",""tamanho"":""Casal""}","Avelã,Carvalho",Moval,4 Gavetas,,Casal,,,,,,,,,,,,AvelãCarvalho,Moval,4 Gavetas,6 Portas,Casal,Guarda Roupa,Não informado,Não informado,Não informado,Não informado,Não informado,Não informado,6 Portas,Não informado,Não informado,Não informado,Avelã,Moval,4 Gavetas,6 Portas,Casal,,MDP,,Convencional
Guarda-roupa Caiobá 4 Portas 3 Gavetas com Espelho e Pés,"O guarda-roupa Caiobá da Santos Andirá é uma ótima opção para quem precisa otimizar o espaço do quarto com design e qualidade, pois são muitas funcionalidades num só móvel. Possui cabideiros em alumínio, amplas gavetas para guardar as roupas dobradas e penteadeira com espelho e prateleira para apoio de maquiagem, perfumaria, decoração, etc. Puxadores em ABS na cor dourada. O acabamento na cor madeirada é com verniz fosco, tudo dentro dos padrões de preservação do meio ambiente. Possui pés em PVC, que permitem elevar o móvel do chão, facilitando a limpeza embaixo dele. Um guarda roupa versátil e que compõe perfeitamente a decoração do quarto!","{""marca"":""Santos Andirá"",""quantidade_de_gavetas"":""3 Gavetas"",""quantidade_de_portas"":""4 Portas"",""tamanho"":""Casal""}",,Santos Andirá,3 Gavetas,4 Portas,Casal,,,,,,,,,,,,madeirada,Santos Andirá,3 Gavetas,4 Portas,Não informado,Guarda-roupa,Não informado,Não informado,com Espelho e Pés,Não informado,Não informado,Não informado,4 Portas,Não informado,"cabideiros em alumínio, amplas gavetas para guardar as roupas dobradas, penteadeira com espelho e prateleira para apoio de maquiagem perfumaria decoração etc, Puxadores em ABS na cor dourada,  acabamento com verniz fosco, pés em PVC",Não informado,Areia e Jatobá,Santos Andirá,3 Gavetas,4 Portas,Casal,,MDP,Moderno ,Convencional
Guarda Roupa Casal 6 Portas Flash ll 62920 Nogal / Vanilla Touch Demóbile,"O roupeiro Flash foi desenhado pensando em quem não dispensa um bom espaço para pendurar as roupas. Clássico e com ótima configuração interna, este roupeiro destaca-se principalmente pela capacidade de armazenar peças com maior comprimento. Em seu exterior duas gavetas, uma com maior profundidade, completam a funcionalidade do produto. O móvel é confeccionado em MDP de alto padrão, acompanha corrediças metálicas nas gavetas e possui acabamento resistente, proporcionado por sua pintura UV.<br>Características:<br>6 Portas<br>2 Gavetas<br>Corrediças metálicas<br>Acabamento pintura UV<br><br><br>Dimensões:<br>Altura: 181 cm<br>Largura: 149 cm<br>Profundidade: 47 cm<br>Peso: 62 kg<br>Volumes: 2<br>Para garantir a qualidade do produto dentro da embalagem, as caixas são revestidas por um plástico termoencolhível e todas as peças são separadas por isomanta, tudo para preservar e evitar o atrito entre as peças dentro da embalagem. Você contará também com um manual com o passo a passo para auxiliar no momento da sua montagem.","{""cor"":""Nogal, Vanilla Touch"",""marca"":""Demóbile"",""quantidade_de_gavetas"":""2 Gavetas"",""tamanho"":""Casal""}","Nogal, Vanilla Touch",Demóbile,2 Gavetas,,Casal,,,,,,,,,,,,Nogal,Demóbile,2,6,Casal,Guarda-Roupa,MDP,Clássico,Não informado,MDP,Não informado,Não informado,6 Portas,Não informado,"Corrediças metálicas, Acabamento pintura UV",Não informado,Nogal e Vanilla ,Demóbile,2 Gavetas,6 Portas,Casal,,MDP ,,Convencional
Guarda Roupa Casal 6 Portas 6 Gavetas Internas sem Espelho Sinfonia Móveis Lopas Imbuia/Off White,+O%A0m%F3vel%A0ideal+para+completar+seu%A0dormit%F3rio%A0est%E1+aqui.+Com+este+lindo%A0Guarda-Roupa+Sinfonia%2C+voc%EA+saber%E1+exatamente+onde+encontrar+suas+roupas.+Feito+com%A0MDF%2C+ele+possui%A0corredi%E7as+telesc%F3pica%A0e+o+visual+perfeito+para+fazer+parte+do+seu+lar.+Incr%EDvel%2C+n%E9%3F+Aproveite%21,"{""cor"":""Imbuia, Off White"",""marca"":""Móveis Lopas"",""quantidade_de_gavetas"":""6 Gavetas"",""tamanho"":""Casal""}","Imbuia, Off White",Móveis Lopas,6 Gavetas,,Casal,,,,,,,,,,,,ImbuiaOff White,Sinfonia Móveis,6,6,Casal,Guarda-Roupa,MDF,Não informado,sem Espelho,Não informado,Não informado,Não informado,6 Portas,Não informado,Corrediças telescópicas,Não informado,Imbuia e Off White,Móveis Lopas,6 Gavetas,6 Portas,Casal,,MDF,Moderno ,Convencional
Guarda Roupa Solteiro 3 Porta 2 Gavetas Star 3.2 Atacama com Espelho - PR Móveis,"<strong>Guarda Roupa Solteiro 3 Portas 2 Gavetas Star 3.2 com Espelho - PR Móveis</strong><br>O Guarda-Roupa Star possui design compacto e funcional, é ideal para quem possui um espaço pequeno, mas não abre mão de um ambiente organizado. São duas gavetas com corrediças metálicas, cabideiro resistente em alumínio e prateleiras para manter tudo no lugar. Organize seu quarto com estilo e praticidade.<br><br><strong>ESPECIFICAÇÕES:</strong><br><strong>• </strong>Estrutura em MDP<br><strong>• </strong>Acabamento UV<br><strong>• </strong>3 portas de giro<br><strong>• </strong>2 Gavetas<br><strong>• </strong>Corrediças metálicas<br><strong>•</strong> Cabideiros em alumínio <br><strong>• </strong>Puxadores em ABS<br><strong>• </strong>Compacto e funcional<br><br><strong>Dimensões:</strong><br>Tamanho do Produto (L x A x P): 90,3 x 183 x 46,3 cm<br><br><strong>Garantia:</strong> 3 meses<br><strong>Montagem: </strong>O Produto vai desmontado com manual e todos acessórios. Recomendamos que a montagem seja feita por um profissional<br><strong>Recomendação de Limpeza:</strong> Utilize pano levemente úmido<br><br><strong>Observações:</strong><br>- A <strong>LOJA</strong> se responsabilizará pela entrega dos produtos até onde as rodovias alcançam, entregas fluviais ou aéreas devem ser cotadas a parte.<br>- As imagens são ilustrativas, não acompanham objetos de decoração.<br>- A montagem será de responsabilidade do comprador. Não nos responsabilizamos, no ato da entrega, por subir escadas/elevadores ou transporte por guincho em apartamentos. Eventuais despesas são de responsabilidade do comprador.<br>- Confira as dimensões do produto e certifique-se de que passará normalmente por supostos elevadores, portas, escadas e/ou corredores de sua residência.<br>Para mais informações, acesse nossa Central de Atendimento.","{""cor"":""Atacama"",""tamanho"":""Solteiro""}",Atacama,,,,Solteiro,,,,,,,,,,,,Não informado,PR Móveis,2 Gavetas,3 Portas,Solteiro,Guarda-Roupa,MDP,Não informado,Com Espelho,Não informado,Não informado,903 cm,3 portas de giro,Não informado,"Cabideiros em alumínio, Corrediças metálicas, Puxadores em ABS",Atacama,Atacama,PR Móveis,2 Gavetas,3 Portas,Solteiro,,MDP,,Convencional
Guarda Roupa Mobi 6 Portas COM ESPELHO Móveis Albatroz,"<p>Garantia: 3 meses<br> <br>Possui pés: Sim<br> <br>Possui nichos: Não<br> <br>Possui portas: Sim<br> <br>Tipo de acabamento: Brilho/Fosco<br> <br>Origem do produto: Nacional<br> <br>Ambiente principal: Quarto<br> <br>Material principal: MDP<br> <br>Acabamento principal: Pintura UV<br> <br>Material da gaveta: MDP<br> <br>Acabamento da gaveta: Pintura UV<br> <br>Tipo de puxador: Alça<br> <br>Quantidade de gavetas: 2<br> <br>Pés regulaveis: Não<br> <br>Espelhos: Sim<br> <br>Marca: Móveis Albatroz<br> <br>Linha: Mobi<br> <br>Cor: Indicada<br> <br>Altura (cm): 181<br> <br>Largura (cm): 147<br> <br>Profundidade (cm): 47<br> <br>Peso (kg): 64,6<br> <br>Itens inclusos: 1 Guarda Roupas, Kit de Ferragens e Manual de Montagem</p><p><br>ATENÇÃO:</p><p>Os eletros e a decoração não acompanham o produto.</p><p>As recomendações para uma boa conservação do seu produto são, evitar a exposição direta à luz solar e à umidade e para limpeza, utilizar pano macio e seco, não utilizar qualquer outro tipo de produtos químicos.</p><p>NÃO EFETUAMOS MONTAGEM.</p><p>A Garantia do produto é de 3 meses e deverá cobrir quaisquer defeitos de fabricação, qualquer erro de montagem e/ou alteração no produto tornará à garantia invalida.</p><p>Entregas feitas através de transportadoras parceiras, cada uma com suas devidas normas de entrega.</p>","{""cor"":""Nature"",""marca"":""Móveis Albatroz"",""quantidade_de_portas"":""6 Portas""}",Nature,Móveis Albatroz,,6 Portas,,,,,,,,,,,,,Indicada,Móveis Albatroz,2,6,Não informado,Guarda Roupa,MDP,Não informado,COM ESPELHO,MDP,Não informado,147,Sim,Não informado,Espelhos,Não informado,Nature e Titanium,Móveis Albatroz,2 Gavetas,6 Portas,,,MDP,,Convencional
Guarda Roupa Infantil 5 Portas 6 Gavetas Branco Flex Inca J&A Móveis 218x202x46,"<p>Guarda Roupa Flex Inca 3 pts Correr Branco J.A. Moveis</p><p><br></p><p>O Guarda Roupa Flex Inca Branco J.A. Moveis é lindo e muito versátil, possui três portas de correr, sapateira e mais 6 gavetas para manter tudo bem organizado.</p><p><br></p><p>Dimensões do Produto Montado</p><p><br></p><p>Altura: 218 cm</p><p>Largura: 202 cm</p><p>Profundidade: 46 cm</p><p>Peso: 120 Kg</p><p><br></p><p>A compra do produto não acompanha montagem/desmontagem.</p><p>Os objetos que ambientam as imagens, não acompanham o produto.</p><p><br></p><p>*As cores do produto podem variar de acordo com o monitor, a iluminação do ambiente e a sua percepção visual*</p><p><br></p><p>Cuidados com o produto:</p><p>Não arrastar nem sobrecarregar os móveis, tanto no dia-a-dia como no transporte</p><p>Nunca utilizar os móveis como apoio de pesos ou escada</p><p>Não saltar sobre o produto, nem sentar sobre</p><p>Não é recomendado, para limpeza e manutenção dos móveis, o uso de produtos que contenham: ácidos, soda, álcool, thinner, acetonas e solventes.</p><p>Não usar palha, esponja de aço ou qualquer objeto áspero, utilizar apenas pano macio e sabão neutro.</p><p>Os produtos são parcialmente resistentes a intempéries, mantendo suas cores por longo período. No entanto, para maior vida útil, não é aconselhável mantê-los em ambientes externos, ao abrigo do tempo, quando não estiverem em uso.</p><p><br></p><p>Verifique nossas políticas internas para que não haja nenhuma dúvida no processo ao finalizar a compra, pois não fazemos a montagem e desmontagem do produto e/ou portas e janelas, transporte pela escada ou içar pelo lado de fora do prédio.</p><p><br></p><p>Levamos até a porta de entrada da casa do cliente ou até a portaria do condomínio.</p>","{""cor"":""Branco Flex"",""marca"":""J&A Móveis"",""quantidade_de_portas"":""5 Portas"",""tamanho"":""Casal""}",Branco Flex,J&A Móveis,,5 Portas,Casal,,,,,,,,,,,,Branco,JA Móveis,6,5,218x202x46,Infantil,Não informado,Não informado,Não informado,Não informado,Não informado,202,3 portas de correr,Correr,sapateira,Não informado,Branco ,J&A Móveis,6 Gavetas,5 Portas,Casal,,,,Correr
Guarda-Roupa Infantil Baby Estrela l 2 PT Branco,"Que tal o Guarda-Roupa Infantil Baby Estrela?Para oferecer ao seu filho um ambiente de <strong>crescimento e aprendizado</strong> impecável é preciso apostar em móveis de qualidade e <strong>muita segurança</strong>, que transformem o pequeno mundo dele em um lugar especial. O <strong>Guarda-Roupa Baby Estrela</strong> é exatamente esse tipo de peça, pois tem o <strong>espaço ideal</strong> para manter a área organizada, deixando a circulação livre para que ele possa <strong>brincar e se aventurar</strong> sem nada espalhado pelo caminho, a não ser os próprios brinquedos! Sua cor neutra e suave ajuda ainda a criar um espaço de <strong>visual sereno</strong> e doce.","{""cor"":""Branco"",""marca"":""Estrela""}",Branco,Estrela,,,,,,,,,,,,,,,Branco,Baby Estrela,Não informado,2,Não informado,Infantil,Não informado,Não informado,Não informado,Não informado,Não informado,Não informado,Não informado,Não informado,Não informado,Não informado,Branco ,Hecol,3 Gavetas,2 Portas,,,MDP ,,Articulada
Guarda-Roupa Casal 06 Portas e 05 Gavetas com Pés Únique Amêndoa Clean/Preto Fosco Lopas,"O Guarda-Roupa da Lopas conta com design contemporâneo que deixará seu quarto ainda mais elegante e sofisticado. Com um amplo espaço interno, o móvel é ideal para organizar suas roupas e acessórios. Ele é produzido com matéria prima selecionada dentro dos mais rigorosos padrões de qualidade e acabamento.<br><br>Modelo: Únique<br>PN: 55303.169.639<br>Cor: Amêndoa Clean/Preto Fosco<br>Marca: Lopas<br><br>Estrutura produzida em MDF e MDP<br>Acabamento com pintura fosco<br>Possui 06 portas com dobradiças metálicas<br><br>Possui 05 gavetas internas com corrediças telescópicas, sendo 01 com chave<br>Possui diversos nichos e prateleiras para acomodar suas roupas e objetos<br>Possui 02 cabideiros<br><br>Possui 08 pés<br>Peso Máximo por prateleira: 15 kg<br>Peso Máximo por gaveta: 10 kg<br><br>Dimensões (A x L x C): 237 x 271 x 56,9 cm (Produto Montado)<br>Peso: 209,29 Kg<br><br>Observações Relevantes:<br>- Todos os produtos vão embalados com total segurança.<br>- As cores dos produtos podem sofrer alterações dependendo do seu monitor.<br>- As imagens são meramente ilustrativas, não acompanham objetos de decoração e eletros.<br><br>- Confira as dimensões do produto no momento da compra e certifique-se de que passará normalmente por escadas, elevadores, portas e corredores.<br>- Não nos responsabilizamos no ato da entrega por montagens, desmontagens, instalações de produtos, nem utilização de guinchos ou equipamentos similares para acesso a pisos superiores em apartamentos.<br>- Observando as orientações acima, evita-se futuros desagrados ou imprevistos com a entrega do produto. Havendo despesas adicionais, serão de responsabilidade do cliente.<br><br>Manual de montagem:<br>https://arquivo.megamamute.com.br/produtos/anexo/14/90009514/90009514_original.pdf<br><br>Conteúdo da Embalagem:<br>01 x Guarda-Roupa<br>01 x Manual de Montagem<br><br>Garantia: 3 meses com a fabricante<br>Fabricante: Lopas<br>","{""marca"":""Lopas"",""tamanho"":""Casal""}",,Lopas,,,Casal,,,,,,,,,,,,Amêndoa CleanPreto Fosco,Lopas,5,6,Casal,Guarda-Roupa,MDF e MDP,Contemporâneo,com Pés,Não informado,Não informado,271,6,Não informado,"dobradiças metálicas, corrediças telescópicas, chave, nichos, prateleiras, cabideiros, pés",Não informado,Amêndoa Clean e Preto Fosco,Móveis Lopas,5 Gavetas,6 Portas,Casal,,MDF e MDP,,Convencional
Guarda Roupa Casal 8 Portas e 8 Gavetas Ele e Ela Branco - Santos Andirá,<strong>Guarda Roupa Casal 8 Portas e 8 Gavetas Ele e Ela Branco - Santos Andirá</strong><br> <br> Marca: <strong>Santos Andirá</strong><br> Linha/Moelo: <strong>Santos Andirá</strong><br><br>Dimensões(Cm): Comprimento(Profundidade): 56 x Largura: 273 x Altura: 235<br> <br> <strong>CARACTERÍSTICAS DE MÓVEIS</strong><br> <strong>Tipo de Estrutura do Móvel</strong><br> - MDF/MDP<br> <strong>Tipo de Pintura</strong><br> - UV<br> <strong>Tipo de Acabamento da Pintura</strong><br> - Semi Brilho<br> <strong>Tipo de puxador</strong><br> - Metálico<br> <strong>Quantidade de Prateleiras</strong><br> - 7<br> <strong>Quantidade de Gavetas</strong><br> - 6<br> <strong>Diferenciais da Gaveta</strong><br> - c/ Corrediças Telescópicas<br> <strong>Quantidade de Portas</strong><br> - 8<br> <strong>Quantidade de nichos</strong><br> - 3<br> <strong>Garantia</strong><br> - 3<br> <br> <strong>04 - CARACTERÍSTICAS E BENEFÍCIOS DOS MÓVEIS DE QUARTO</strong><br> <strong>Tamanho do Guarda-Roupa</strong><br> - Casal<br> <br> <br> <strong> Não nos responsabilizamos pela montagem/instalação dos produtos.</strong><br> <strong>Todas as informações divulgadas são de responsabilidade exclusiva do fabricante/fornecedor. </strong><br> <strong>Imagens Meramente Ilustrativas.</strong><br> <strong>Verifique com os fabricantes do produto e de seus componentes eventuais limitações à utilização de todos os recursos e funcionalidades.</strong>,"{""cor"":""Branco"",""marca"":""Santos Andirá"",""quantidade_de_gavetas"":""8 Gavetas"",""quantidade_de_portas"":""8 Portas"",""tamanho"":""Casal""}",Branco,Santos Andirá,8 Gavetas,8 Portas,Casal,,,,,,,,,,,,Branco,Santos Andirá,8,8,Casal,Guarda-Roupa,MDFMDP,Não informado,Não informado,Não informado,7,56,8,Não informado,Corrediças Telescópicas,Ele e Ela,branco,Santos Andirá,8 Gavetas,8 Portas,Casal,,MDF e MDP,,Convencional
Guarda-Roupa Solteiro Santos 6 Portas Poliman,"O Guarda-Roupa Santos 06 portas da Poliman apresenta excelentes divisões internas com várias prateleiras, oferecendo praticidade e funcionalidade ao seu dia a dia, possui cabideiro e calceiro interno em alumínio, duas gavetas internas com corrediças metálicas deslizantes e prateleiras, puxadores em polímero com designer diferenciado. Está disponível nos mais variados padrões de cores que combinam com qualquer ambiente. Produto em MDP, ecologicamente correto, pois utiliza madeira de reflorestamentos, controle de poluentes e descarte rigoroso de resíduos durante o processo produtivo. Nossas embalagens são feitas para que o produto chegue a perfeito estado em sua residência, utilizamos isomanta para proteção das peças que são embaladas em caixa de papelão revestida por plástico termoencolhível. Produto com toda qualidade que só a Poliman oferece.<br><br><br>Características:<br>Estrutura em MDP<br>Com cabideiro e calceiro interno em alumínio<br>02 gavetas internas com corrediças metálicas deslizantes <br>Prateleiras, puxadores em polímero.<br><br><br>Dimensões:<br>Altura: 200 cm<br>Largura: 180 cm<br>Profundidade: 47 cm<br>Peso: 100,5 kg<br><br><br>Garantia do fornecedor de 3 meses.","{""cor"":""Amêndoa"",""tamanho"":""Solteiro""}",Amêndoa,,,,Solteiro,,,,,,,,,,,,Não informado,Poliman,2,6,Solteiro,Guarda-Roupa,MDP,Não informado,Não informado,MDP,Não informado,180 cm,6 Portas,Não informado,"Cabideiro e calceiro interno em alumínio, gavetas internas com corrediças metálicas deslizantes, prateleiras, puxadores em polímero",Não informado,Amêndoa,Poliman Móveis,2 Gavetas,6 Portas,Solteiro,,MDP,,Convencional
Guarda Roupa Solteiro Emily 4 Portas Capelinha com Espelho ACP Móveis - Café/Off White 100%MDF,"O Guarda Roupa Emily da ACP Móveis é o que você procurava para completar seu ambiente, além de possuir um amplo espaço ele é bem moderno.Seu material em 100% MDF é altamente resistente, o que prolonga a durabilidade da peça. E ainda conta com um fino acabamento em pintura UV.Por que a Guarda Roupa Emily é a melhor escolha? Este modelo de guarda roupa além de dar toda elegância, ajuda na organização do seu ambiente por possuir quatro portas, três gavetas, espelho central, sete prateleiras e um cabideiro, o que te dá mais espaço para manter seus objetos organizados.A linha da ACP Móveis tem tudo isso e muito mais para deixar seu cantinho ainda mais lindo.Informações Técnicas- Marca: ACP Móveis- Modelo: Emily- Material: 100% MDFCaracterísticas- Roupeiro 4 portas (estilo capelinha) com penteadeira- Possui Porta: Sim- Número de Portas: 4 portas- Possui Gaveta: Sim- Número de Gavetas: 3 gavetas- Possui Espelho: Sim- Possui Pés: Sim- Número de Pés: 6 pés- Acabamento: Pintura UV- Estrutura em MDF de 12mm- Portas, Frente de Gaveta e Moldura em MDF de 15mm- Fundos em MDF de 2,5mm- Cabideiros em alumínio- Tipo de Corrediças: Metálicas- Tipo dos Puxadores: Externo- Material das Dobradiças: Metálicas- Peso por Prateleira: 5kg- Peso por Gaveta: 5kg- Volumes: 2- Peso: 99kg- Conteúdo da Embalagem: 1 Guarda Roupa Emily 4 Portas- Necessita Montagem? Sim, acompanha esquema de montagem.Dimensões- Largura: 164,1cm- Altura: 205cm- Profundidade: 40cmGarantia: 03 meses","{""marca"":""ACP Móveis"",""tamanho"":""Solteiro""}",,ACP Móveis,,,Solteiro,,,,,,,,,,,,CaféOff White,ACP Móveis,3 gavetas,4 portas,Solteiro,Guarda Roupa,MDF,Capelinha,com Espelho,100 MDF,7 prateleiras,Não informado,Sim,Não informado,"Espelho central, cabideiro",Não informado,Café e Off White,ACP Móveis,3 Gavetas,4 Portas,Solteiro,,MDF,Clássico,Convencional
Guarda-Roupa Casal com Espelho 6 Portas 3 Gavetas Beatriz Acp Móveis,"Qualidade e praticidade em cada detalhe do Guarda-Roupa casal beatriz, conta com espelhos nas portas centrais e chaves nos 3 vãos do produto. Possui 3 gavetas com corrediças metálicas, cabideiro e calceiro em alumínio, puxadores cromados, pés plásticos, além de contar com espelho interno para conferir o visual antes de sair. Acabamento resistente com impressão uv e verniz de alta duração.","{""cor"":""Cinza, Preto"",""marca"":""ACP Móveis"",""quantidade_de_gavetas"":""3 Gavetas"",""tamanho"":""Casal""}","Cinza, Preto",ACP Móveis,3 Gavetas,,Casal,,,,,,,,,,,,Não informado,Acp Móveis,3 Gavetas,6 Portas,Casal,Guarda-Roupa,Não informado,Não informado,Espelho,Não informado,Não informado,Não informado,Com Espelho,Não informado,"Cabideiro, Calceiro em Alumínio, Puxadores Cromados, Pés Plásticos, Espelho Interno",Não informado,Cinza e Preto,ACP Móveis,3 Gavetas,6 Portas,Casal,,MDF,Moderno ,Convencional
Guarda-Roupa / Roupeiro Multimóveis New Cristal 3 Portas e 2 Gavetas Branco,"<p>Na hora de escolher o Guarda- Roupa para o quarto conte com a gente! Apresentamos mais um lindo modelo para você, Guarda Roupa Infantil New Cristal 3 Portas e 2 Gavetas Branco. Desenvolvido pela Multimóveis, possui excelente espaço interno e um lindo design,</p><p>A Multimóveis é pioneira em Quartos Infantis colocando a segurança e a qualidade em primeiro lugar.</p><p>Dimensões do produto montado:</p><p>Altura: 203,5 cm</p><p>Largura: 103,7 cm</p><p>Profundidade: 42 cm</p><p>Observações: O produto será entregue desmontado e a Multimóveis não disponibiliza serviço de montagem. Mas para facilitar a instalação, são enviados: Parafusos, pregos, cavilhas, entre outros.</p><p>Em caso de dúvidas, favor consultar o manual de montagem.</p><p>Acompanha certificado de Garantia e Nota fiscal.</p><p>Imagem ilustrativa: A decoração não acompanha o produto.</p>","{""cor"":""Branco Premium"",""marca"":""Multimóveis"",""quantidade_de_gavetas"":""2 Gavetas"",""quantidade_de_portas"":""3 Portas""}",Branco Premium,Multimóveis,2 Gavetas,3 Portas,,,,,,,,,,,,,Branco,Multimóveis,2 Gavetas,3 Portas,Não informado,Guarda-Roupa,Não informado,Não informado,Não informado,Não informado,Não informado,Não informado,3 Portas,Não informado,Não informado,Infantil,Branco,Multimóveis,2 Gavetas,3 Portas,,,,,Convencional
Guarda Roupa Solteiro Ambiente Honduras 4 Portas Freijó Grafite Perolizado - Móveis Leão,"<p>Guarda Roupa Solteiro Ambiente Honduras 4 Portas Freijó Grafite Perolizado - Móveis Leão<br><span><span><span>O Guarda Roupa Solteiro Honduras 4 Portas desenvolvido pela Móveis Leão é a escolha ideal para quem busca praticidade, elegância e espaço de armazenamento em um só móvel.</span> Desenvolvido com estrutura em MDP de alta qualidade, possui amplo espaço interno com várias repartições e design super sofisticado, não perca mais tempo para transformar seu quarto!</span></span><br> <br><br></p><p>Características Técnicas<br><br> - Material da estrutura em MDP<br> - Acabamento em pintura U.V <br> - 4 Portas <br> - 2 Gavetas<br> - Cabideiro em alumínio <br>- Prateleiras<br>- Dobradiças metálicas<br> - Corrediças telescópica<br>- Possui pés em PVC <br>- Puxadores em PVC<br>- Amplo espaço interno<br> - Design moderno<br> <br> Dimensões:<br> Altura: 201,2 cm<br> Largura: 120 cm<br> Profundidade: 47 cm</p><p>Atenção: Não nos responsabilizamos pela montagem ou instalação do produto, porém acompanha manual de instruções.<br> Importante: Imprescindível a conferência no ato da entrega. Em caso de anormalidade, recuse.</p>","{""marca"":""Móveis Leão"",""tamanho"":""Solteiro""}",,Móveis Leão,,,Solteiro,,,,,,,,,,,,Freijó Grafite Perolizado,Móveis Leão,2,4,Solteiro,Guarda Roupa,MDP,Moderno,Não informado,MDP,Não informado,120 cm,4 Portas,Não informado,"Cabideiro em alumínio, Prateleiras, Dobradiças metálicas, Corrediças telescópicas, Pés em PVC, Puxadores em PVC, Amplo espaço interno",Não informado,Freijó e Grafite Perolizado,Móveis Leão,2 Gavetas,4 Portas,Solteiro,,MDP,,Convencional
Guarda Roupa Solteiro 4 Portas 2 Gavetas Alonzo Lopas,"Chega de bagunça e desordem. Com este Guarda-Roupa Alonzo, seu quarto ficará muito mais organizado e confortável. Ideal para quem gosta de encontrar roupas e acessórios de forma rápida e precisa. Demais, né? Aproveite!<br> <br> <br> Características:<br> 4 Portas<br> Material do Puxador da Porta - MDF<br> Tipo de Dobradiça - Metálica<br> Tipo de Puxador da Porta - Externo<br> 02 Gavetas<br> Tipo de Gaveta - Interna<br> Peso Máximo por Gaveta - 5 kg<br> Tipo de Puxador da Gaveta - Embutido<br> Tipo de Corrediça da Gaveta - Metálica Telescópica<br> 5 Prateleiras<br> Peso Máximo por Prateleira - 12 kg<br> 1 Calceiro <br> 1 Cabideiro<br> Material Principal - MDF<br> Escala de Brilho - Fosco<br> Sistema de Montagem - Parafusos E Minifix<br> <br> Recomendações de Uso: Limpar Somente Com Pano Macio e Seco, Não Colocar Diretamente Em Incidência da Luz Solar, Não Colocar Em Lugar Úmido.<br> <br> <br> Dimensões:<br> Altura: 230 cm<br> Largura: 153,5 cm<br> Profundidade: 46,8 cm<br> Peso: 110,47 kg<br> <br> <br> Garantia do fornecedor de 3 meses","{""marca"":""Lopas"",""quantidade_de_gavetas"":""2 Gavetas"",""tamanho"":""Solteiro""}",,Lopas,2 Gavetas,,Solteiro,,,,,,,,,,,,Não informado,Lopas,2,4,Solteiro,Guarda-Roupa,MDF,Não informado,"1 Calceiro
1 Cabideiro",MDF,5,1535,4 Portas,Não informado,"02 Gavetas
5 Prateleiras
1 Calceiro
1 Cabideiro",Não informado,Preto Fosco,Móveis Lopas,2 Gavetas,4 Portas,Solteiro,,MDF,,Convencional
Guarda Roupa Solteiro Tokio 4 Portas 2gav,"<p>Guarda Roupa Tokio 4 PT | Roupeiro com 4 portas de abrir e dobradiças metálicas, possui 2 gavetas espaçosas externas com corrediças metálicas de alta resistência. Puxadores em MDF de 250mm. Prateleiras, gavetas, portas e estrutura do móvel feitos totalmente em MDP garantindo uma qualidade e durabilidade do produto. MDP de 15mm (parte externa, portas) e 12mm (prateleiras, laterais de gaveta, interno). Possui acabamento Touch Alto-Relevo ou Alto Brilho UV e Semibrilho parte interna. Esse é o Guarda Roupa mais procurado para quarto de solteiro e crianças, porque tem espaço para tudo o que você precisa: travesseiros, malas, roupas, calçados, roupas de cama e muito mais. Tem um design moderno e além desses detalhes é de fácil montagem.<br><br> Dimensões aproximadas Altura 2,03m x Largura 1,10m x Profundidade 0,47cm x Peso 68kg<br><br> \\Não nos responsabilizamos pela montagem ou instalação do produto. Sugerimos a contratação de um serviço terceirizado de montagem ou de algum profissional experiente de sua preferencia. Imagem meramente ilustrativa\\<br><br>POLÍTICA DE TROCA E DEVOLUÇÃO<br>Você poderá realizar a troca do seu produto por meio do nosso SAC (Serviço de Atendimento ao Consumidor), caso haja a constatação de avarias, embalagem violada, itens faltantes ou produto em desacordo com o pedido. Essa solicitação deverá ser feita em até 07 (sete) dias corridos após a data de recebimento do produto.<br><br> Orientamos que fique atento aos itens abaixo a fim de evitar problemas com sua compra:<br> - Descrição, características e especificações do produto;<br> - Tonalidade e dimensões do produto (imagens meramente ilustrativa</p>","{""cor"":""Branco"",""quantidade_de_gavetas"":""2 Gavetas"",""quantidade_de_portas"":""4 Portas"",""tamanho"":""Solteiro""}",Branco,,2 Gavetas,4 Portas,Solteiro,,,,,,,,,,,,Não informado,Tokio,2,4,Solteiro,Guarda Roupa,MDP,Moderno,Não informado,MDP,Não informado,110m,4 portas de abrir,abrir,"dobradiças metálicas, corrediças metálicas de alta resistência, puxadores em MDF de 250mm, acabamento Touch Alto-Relevo ou Alto Brilho UV e Semibrilho",Não informado,Branco,Quarta Divisão Móveis,2 Gavetas,4 Portas,Solteiro,,MDP,,Convencional
"Guarda Roupa Roupeiro infantil 104,8cm 03 portas 02 gavetas linha affetto AFT004 Completa Móveis","<strong>Guarda Roupa Roupeiro infantil 104,8cm 03 portas 02 gavetas linha affetto AFT004 Completa Móveis:</strong>Apresentamos o Guarda Roupas Infantil 3 Portas e 2 Gavetas Linha Affetto da Completa Móveis, uma solução perfeita para o quarto do seu bebê. Com um design versátil e elegante, este guarda-roupas é o equilíbrio ideal entre estilo e funcionalidade. Suas 3 portas oferecem amplo espaço de armazenamento, enquanto as 2 gavetas e os nichos protegem a organização sem esforço para as roupinhas e acessórios do seu pequeno.O destaque deste guarda-roupas reside em sua qualidade superior. Construído com materiais resistentes como o MDP, garante resistência ao desgaste diário. Além disso, as corrediças telescópicas das gavetas garantem um fechamento suave e silencioso, tornando o acesso às peças ainda mais prático. Os puxadores em madeira adicionaram um toque de charme ao móvel, completando sua estética sofisticada.Com o Guarda Roupas Infantil 3 Portas e 2 Gavetas Linha Afeto, você não só estará investindo em um móvel prático e eficiente, mas também estará adicionando um elemento de beleza ao ambiente. Transforme o quarto do seu bebê em um espaço organizado e encantador, onde cada detalhe importa. Escolha qualidade, estilo e funcionalidade - escolha a Completa Móveis.<strong>Dimensões do produto:</strong><br>Largura: 104,8cm<br>Profundidade: 45cm<br>Altura: 193cm<br><strong>Uso e conservação:</strong><br>Para limpeza use um pano limpo e levemente umedecido em água. Logo após, seque a superfície com um pano seco e macio. Não use água.<br><strong>Outras informações:</strong><br>Os móveis são entregues desmontados e com manual de montagem, salvo algumas exceções. Não efetuamos montagens, desmontagens e instalações - que deverão ser contratadas pelo cliente.<br>As imagens ambientadas são ilustrativas e podem apresentar itens que não compõe o produto. Objetos decorativos que aparecem na foto não acompanham o produto.<br>As cores do produto podem variar de acordo com o monitor, a iluminação do ambiente ou sua percepção visual. Também não podemos garantir que a cor comprada será igual a algum produto que você já possua, mesmo que as cores tenham nomes iguais.<br>Confira as dimensões do produto e embalagem antes da compra e certifique-se de que passará por portas, escadas, elevadores ou corredores. <br>A nossa entrega se limita ao andar térreo e não inclui a subida de lances de escada, elevadores ou içamento de produtos, devendo esse serviço ser contratado à parte por conta do cliente.","{""cor"":""Branco, Rosa"",""marca"":""Completa Móveis"",""quantidade_de_gavetas"":""2 Gavetas""}","Branco, Rosa",Completa Móveis,2 Gavetas,,,,,,,,,,,,,,Não informado,Completa Móveis,2,3,1048cm,Infantil,MDP,Não informado,Não informado,MDP,Não informado,Não informado,3 portas,Não informado,Corrediças telescópicas,Não informado,Branco e Rosa,Completa Móveis,2 Gavetas,3 Portas,,,MDP,,Convencional
Guarda Roupa Casal 1684 e Cômoda 8050 Freijó New Pés - Araplac,"<p>Guarda Roupa Casal 1684 e Cômoda 8050 Freijó com New Pés - Araplac<br><br> Para deixar seu quarto ainda mais lindo e aconchegante, apresentamos essa linda opção para renovar os móveis do seu quarto. Esse combo conta com Guarda Roupa Casal Prime 1684 e a Cômoda 8 Gavetas 8050, ambos desenvolvidos pela Araplac com materiais de excelentes qualidades proporcionando mais durabilidade e resistência ao movel. Conta também com um lindo design moderno que deixará o ambiente belo e sofisticado. Confira e aproveite!</p><p>Guarda Roupa Casal Prime 1684 Freijó com New Pés - Araplac</p><p>Características Técnicas:<br> - Desenvolvido 100% em MDP<br> - Acabamento em pintura U.V médio brilho na cor Freijó <br> - Possui 08 Portas com dobradiças em aço<br> - 04 Gavetas internas com corrediças metálicas, que deslizam livres de enrosco<br> - Puxadores ergonômicos na cor preto<br> - 04 Cabideiros<br> - Prateleiras para maior organização<br>- Kit 08 pés estilo reto na cor cinza<br> - Amplo espaço<br> - Lindo design</p><p>Dimensões:<br> Altura: 223 cm<br> Largura: 240 cm<br> Profundidade: 47 cm</p><p>Cômoda 8 Gavetas 8050 Freijó - Araplac<br><br> Características Técnicas:<br> - Desenvolvido em MDP<br> - Tampo de 15 mm<br> - Acabamento em pintura U.V na cor Freijó <br> - Possui 08 Gavetas sendo 02 menores para acomodar pequenos objetos<br> - Corrediças metálicas facilitando o abrir e fechar<br> - Puxadores em PVC ergonômicos<br> - Pés em PVC<br> - Amplo espaço interno<br> - Lindo design</p><p>Dimensões:<br> Altura: 90 cm<br> Largura: 134 cm<br> Profundidade: 47 cm</p><p>Obs: Não realizamos a montagem, porém acompanha manual de instruções.</p>","{""marca"":""Araplac"",""tamanho"":""Casal""}",,Araplac,,,Casal,,,,,,,,,,,,Freijó,Araplac,8,8,Casal,Guarda-Roupa,MDP,Moderno,Com Cômoda,MDP,Não informado,240 cm,8 portas,Não informado,"Dobradiças em aço, Corrediças metálicas, Puxadores ergonômicos, Cabideiros, Prateleiras",Não informado,Freijó ,Araplac,4 Gavetas,8 Portas,Casal,,MDP,,Convencional
Guarda Roupa Roupeiro Casal Multi 6 Portas Com 2 Espelho Porta de bater Chocolate,"Apresentamos o nosso incrível Roupeiro Multi 6 Portas, um armário versátil e elegante que certamente se destacará em qualquer ambiente. Construído com material MDP de alta qualidade, garantimos durabilidade e resistência para atender às suas necessidades diárias.O design refinado deste armário é aprimorado pelos puxadores de portas em plástico, que adicionam um toque moderno e sofisticado ao seu interior. Além disso, ele vem com um espelho integrado, proporcionando praticidade e conveniência para você se arrumar com estilo.Não apenas bonito, mas também funcional, este armário possui cabideiros de madeira que permitem uma organização impecável das suas roupas. As duas gavetas adicionais oferecem espaço adicional para guardar objetos pessoais de forma discreta.E para garantir a estabilidade e facilidade de movimentação, este produto acompanha os pés, permitindo que você ajuste a altura conforme sua preferência e necessidade.Combinando estilo, funcionalidade e durabilidade, este armário é a escolha perfeita para complementar seu espaço, seja no quarto, closet ou em qualquer ambiente onde a elegância e a organização são essenciais. Aproveite agora mesmo essa oportunidade de ter um móvel que traz beleza e praticidade em um único pacote.Medidas:Altura: 1,80Largura: 1,48Profundidade: 0,40Informações:Material: MDPGarantia: 3 MesesAcompanha: Pés e EspelhosCorrediças: MetálicasCabideiro em MadeiraMaterial do puxador: PlásticoMontagem não inclusa apenas o produto na caixa","{""tamanho"":""Casal""}",,,,,Casal,,,,,,,,,,,,Chocolate,Não informado,2,6,Casal,Roupeiro,MDP,Moderno,Com 2 Espelho,MDP,Não informado,148,6 Portas,Porta de bater,"Cabideiros de madeira, Corrediças Metálicas, Puxadores de portas em plástico",Não informado,Chocolate,Poquema,2 Gavetas,6 Portas,Casal,,MDP,,Convencional
Guarda-Roupa Ester D01 4 Portas com Espelho Flex Branco/Rosa - ADJ DECOR,"<br>Gostaria de um móvel que trouxesse mais elegância e sofisticação para o seu lar? O Guarda-Roupa Ester é sua melhor opção! Com característica moderna e com acabamento de qualidade, este produto atenderá suas expectativas! Não perca essa oportunidade e adquira já o seu!<br><br>Especificações Técnicas do Guarda-Roupa Ester: <br><br>- Altura: 201 cm;<br>- Largura: 165 cm;<br>- Profundidade: 47 cm;<br>- Peso: 86,3 Kg;<br><br>Diferenciais do Guarda-Roupa Ester: <br><br>- Material da Estrutura: estrutura em MDP de alta qualidade e resistência;<br>- Características: espelho, gavetas e prateleiras, cabideiros metálicos e corrediças;<br><br>Recomendações de limpeza: <br><br>-Limpar com flanela limpa e seca. Não molhar o móvel e não expor em lugar úmido ou próximo de fontes de calor. Não usar produtos abrasivos.<br><br>Observações Importantes: <br><br>- As imagens ambientadas são meramente ilustrativas e podem apresentar itens que não compõe o produto;<br>- Objetos decorativos que aparecem na foto não acompanham o produto;<br>- As cores do produto podem variar de acordo com o monitor, a iluminação do ambiente, ou sua percepção visual;<br>- O Guarda-Roupa Ester chegará desmontado para você, recomendamos que a montagem seja feita por um profissional.<br>- Confira as dimensões antes da compra e certifique-se de que o produto passará por elevadores, portas e corredores, já que nossa entrega não inclui a subida de lances de escada, ou o lançamento de produtos;<br>- Ao receber seus produtos, verifique no ato do recebimento qualquer dano na embalagem. Caso tenha alguma avaria, favor não assinar o comprovante de recebimento (A transportadora tem obrigação de esperar a conferência);<br>- Produto para uso residencial em ambiente interno, não devendo ficar exposto diretamente ao sol, calor e umidades excessivas.",{},,,,,,,,,,,,,,,,,BrancoRosa,ADJ DECOR,Não informado,4,Não informado,Guarda-Roupa,MDP,Moderno,Espelho,MDP,Não informado,165 cm,4 Portas,Não informado,gavetas e prateleiras cabideiros metálicos e corrediças,Não informado,Branco e Rosa,ADJ Decor,3 Gavetas,4 Portas,,,MDP,,Convencional
Guarda Roupa Solteiro Lion 4 Portas Cacau Off White - Móveis Leão,"<p>Guarda Roupa Solteiro Lion 4 Portas Cacau Off White - Móveis Leão<br><span><span><span><span>Para unir funcionalidade, elegância e organização no seu quarto, apresentamos o Guarda Roupa Solteiro Lion 4 Portas desenvolvido pela Móveis Leão com estrutura em MDP, design sofisticado e amplo espaço interno com ótima repartição para manter suas roupas e acessórios armazenados de forma prática e organizada, aproveite!</span></span></span></span><br> <br><br></p><p>Características Técnicas<br><br> - Material da estrutura em MDP<br> - Acabamento em pintura U.V <br> - 4 Portas <br> - 2 Gavetas<br> - Cabideiro em alumínio <br>- Prateleiras<br>- Possui chave na porta pequena<br>- Dobradiças metálicas<br> - Corrediças telescópica<br>- Possui pés em PVC <br>- Puxadores em PVC<br>- Amplo espaço interno<br> - Design moderno<br> <br> Dimensões:<br> Altura: 190 cm<br> Largura: 109 cm<br> Profundidade: 47 cm</p><p>Atenção: Não nos responsabilizamos pela montagem ou instalação do produto, porém acompanha manual de instruções.<br> Importante: Imprescindível a conferência no ato da entrega. Em caso de anormalidade, recuse.</p>",,,,,,,,,,,,,,,,,,Cacau Off White,Móveis Leão,2,4,Solteiro,Guarda Roupa,MDP,Moderno,Não informado,MDP,Não informado,Não informado,4 Portas,Não informado,"Cabideiro em alumínio, Prateleiras, Chave na porta pequena, Dobradiças metálicas, Corrediças telescópicas, Pés em PVC, Puxadores em PVC, Amplo espaço interno",Não informado,Cacau e Off White,Móveis Leão,2 Gavetas,4 Portas,Solteiro,,MDP,,Convencional
Guarda Roupa Casal B2348 Freijó Baunilha e Cabeceira Luiza 160 cm Marrom Suede - Araplac,"<p>Guarda Roupa Casal B2348 Freijó Baunilha e Cabeceira Luiza 160 cm Marrom Suede - Araplac<br>Seu quarto sofisticado, moderno e organizado a um click de distância! Apresentamos a combinação perfeita de móveis para o quarto, Guarda Roupa B2348 desenvolvido pela Araplac e Cabeceira Luiza desenvolvida pela IDF, produtos com materiais de alto padrão e com um lindo design que traz a elegância e aconchego que o ambiente precisa, alem de seu amplo espaço para deixar tudo sempre organizado contribuindo com a praticidade no dia a dia, confira e aproveite!<br><br></p><p><span><span><span><span>Guarda Roupa Casal B2348 Freijó Baunilha – Araplac</span><br></span><span><span>Características Técnicas:</span><br><span>- Material da estrutura em MDP</span><br><span>- Acabamento em pintura U.V</span><br><span>- 8 Portas</span><br><span>- 4 Gavetas</span><br><span>- Cabideiros</span><br><span>- Corrediças metálicas</span><br><span>- Dobradiças metálicas</span><br><span>- Prateleiras</span><br><span>- Amplo espaço</span><br><span>- Pés Plásticos</span><br><span>- Design moderno</span><br><br><span>Dimensões:</span><br><span>Altura: 215 cm</span><br><span>Largura: 215 cm</span><br><span>Profundidade: 47 cm</span></span><br><br></span></span></p><p>Cabeceira Casal Luiza 160 cm Marrom Suede – IDF Decor<br>Características Técnicas:<br>- Estrutura em madeira de eucalipto<br>- Produzida com material ecologicamente correto, para maior durabilidade e resistência da peça<br>- Acabamento em espuma D-18 de altíssima qualidade e com procedência<br>- Composta por botões encapados na cor do tecido<br>- Possui 4 conectores para fixação<br>- Revestimento em tecido Suede e Liso<br>- Recomendado para cama Box de até 65 cm de altura<br>- É ideal para cama Box de até 158 cm<br>- Conta com um sistema de frame flutuante, que fixa o produto a parede</p><p>Dimensões:<br>Altura: 106 cm<br>Largura: 160 cm<br>Profundidade: 7 cm<br>OBS: Não acompanha decorações e acessórios. </p><p>Atenção: Não nos responsabilizamos pela montagem ou instalação do produto, porém acompanha manual de instruções.<br>Importante: Imprescindível a conferência no ato da entrega. Em caso de anormalidade, recuse.</p>","{""marca"":""Araplac"",""tamanho"":""Casal""}",,Araplac,,,Casal,,,,,,,,,,,,Freijó Baunilha e Marrom Suede,Araplac,4,8,Casal,Guarda Roupa,MDP,Moderno,Cabeceira Luiza,MDP,Não informado,160 cm,8 Portas,Não informado,"Cabideiros, Corrediças Metálicas, Dobradiças Metálicas, Pés Plásticos",Não informado,Baunilha e Freijó,Araplac,4 Gavetas,8 Portas,Casal,,MDP,,Convencional
Guarda Roupa Solteiro com Espelho Pés 2 Portas 2 Gavetas Zurique Tcil,"O Guarda Roupa Solteiro Zurique da Tcil seu quarto ficará mais organizado e confortável. O produto possui duas portas e duas gavetas, fabricado em MDP.<br> <br> <br> Características:<br> Produto em MDP<br> Cabideiros em alumínio<br> Corrediças telescópicas<br> Puxadores em PVC<br> Trilho inferior em alumínio<br> Trilho superior em PVC<br> Roldanas com rolamento<br> Espelho<br> Pés<br> Produto flex, podendo ser trocado a cor das portas no ato da montagem, com exceção da cor branca<br> <br> <br> Dimensões:<br> Altura: 217 cm<br> Largura: 142,4 cm<br> Profundidade: 51,5 cm<br> Peso: 87,22 kg<br> <br> <br> Garantia do fornecedor de 3 meses.","{""cor"":""Ipê Rustic, Off White"",""tamanho"":""Solteiro""}","Ipê Rustic, Off White",,,,Solteiro,,,,,,,,,,,,Não informado,Tcil,2 Gavetas,2 Portas,Solteiro,Guarda Roupa,MDP,Não informado,Espelho,MDP,Não informado,1424 cm,2 Portas,Não informado,"Cabideiros em alumínio, Corrediças telescópicas, Puxadores em PVC, Trilho inferior em alumínio, Trilho superior em PVC, Roldanas com rolamento, Espelho, Pés",Não informado,Ipê Rústico e Off White, Tcil Móveis,2 Gavetas,2 Portas,Solteiro,,MDP,,Convencional
Conjunto Guarda-Roupa Casal 3 Portas e Cômoda 1 Porta 4 Gavetas Branco,"Eleve o estilo e a organização do seu quarto com nosso conjunto exclusivo! O guarda-roupa espaçoso proporciona amplo armazenamento para suas roupas, enquanto a cômoda complementa o conjunto, oferecendo espaço adicional com suas gavetas espaçosas. Desfrute de funcionalidade e elegância em cada detalhe, transformando seu quarto em um espaço harmonioso e organizado.","{""cor"":""Branco"",""quantidade_de_gavetas"":""4 Gavetas"",""tamanho"":""Casal""}",Branco,,4 Gavetas,,Casal,,,,,,,,,,,,Branco,Não informado,4,3,Casal,Guarda-Roupa,Não informado,Não informado,Cômoda,Não informado,Não informado,Não informado,3 Portas,Não informado,Espaçoso,Não informado,,,,,,,,,
Roupeiro Flocos 3 Portas 2 Gavetas Tigus,"Roupeiro Flocos 3 Portas 2 Gavetas<br>Escala de Brilho: Fosco<br>Escala de Brilho da Porta: Fosco<br>Cor Flex: Suas molduras são dupla face podendo ser montado na opção Branco ou Branco com detalhe madeirado.<br>Origem: Nacional<br>Ambiente Principal: Quarto Infantil<br>Altura: 187cm<br>Largura: 90cm<br>Profundidade: 40cm<br>Peso: 58,8<br>Material Principal: MDF<br>Possui Portas: 03<br>Material da Porta: MDF<br>Acabamento da Porta: Pintura UV<br>Tipo de Porta: Bater<br>Tipo de Puxador da porta: Externo<br>Material do Puxador da Porta: MDF<br>Tipo de Dobradiça/Corrediça da Porta: Metálica<br>Possui Prateleiras: 05<br>Material da Prateleira: MDF<br>Acabamento da Prateleira: Pintura UV<br>Escala de Brilho da Prateleira: Fosco<br>Peso Máximo por Prateleira: 10<br>Possui Gavetas: 02<br>Gaveta com Chave: Não<br>Material da Gaveta: MDF<br>Acabamento da Gaveta: Pintura UV<br>Escala de Brilho da Gaveta; Fosco<br>Tipo de Corrediça da Gaveta: Metálica Simples<br>Tipo de Puxador da Gaveta: Externo<br>Material do Puxador da Gaveta: MDF<br>Peso Máximo por Gaveta: 5<br>Tipo de Gaveta: Externa<br>Possui Organizador de Gaveta: Não<br>Possui Pés: 04<br>Altura dos Pés: 6<br>Material dos Pés: PVC<br>Acabamento dos Pés: Pintura<br>Sapatas Niveladoras: Não<br>Possui Cabideiros: 01<br>Possui Calceiros: Não<br>Possui Espelho: Não Possui<br>Estilo: Contemporâneo<br>Necessita Montagem: Sim<br>Recomendações de Uso, Manutenção e Limpeza: Limpeza com pano macio e levemente umedecido. Não utilizar solventes a base e de inflamáveis. Não utilizar produtos abrasivos.<br>Sistema de Montagem: Parafusos, cavilhas e cantoneiras.<br>Itens Inclusos: 1 Guarda Roupa e manual de montagem. : Informações Complementares ; Roupeiro com 3 portas e 2 gavetas. Possui 1 cabideiro, 5 prateleiras. Dobradiças metálicas de pressão. Corrediças metálicas. Produto com ótima divisão interna. Possui jogo de pés que permitem passagem de ventilação por baixo do móvel facilitando a limpeza e evitando acúmulo de pó e pelos. 100% MDF. Corrediças metálicas. Acabamento Ultravioleta atóxico, escala de brilho acetinado.<br>Tipo de Guarda-Roupa: Infantil",{},,,,,,,,,,,,,,,,,Branco ou Branco com detalhe madeira,Tigus,2,3,"Altura 187cm, Largura 90cm, Profundidade 40cm",Infantil,MDF,Contemporâneo,"Possui 1 cabideiro, 5 prateleiras, Dobradiças metálicas de pressão, Corrediças metálicas, Jogo de pés que permitem passagem de ventilação por baixo do móvel facilitando a limpeza e evitando acúmulo de pó e pelos",MDF,5,Não informado,3,Bater,"Corrediças metálicas, Acabamento Ultravioleta atóxico escala de brilho acetinado",Não informado,Ipê e Off White,Tigus Baby,2 Gavetas,3 Portas,,,MDF,Contemporâneo,Convencional
Guarda-roupa Infantil 02 Pta 02 Gav Favo de Mel CMP Itapuã e Branco,"Descrição: O Guarda Roupas 02 Portas e 02 Gavetas Itapuã com Branco Linha Favo de Mel da Completa Móveis é versátil, prática e elegante, com características que a destacam. Ideal para o quarto do seu bebê. Gavetas e prateleiras que facilitam e otimizam o espaço e aconchego para o ambiente, assim, acomodando e organizando as roupinhas e acessórios do dia a dia. Cabideiro incluso. Produto em MDP com corrediças metálicas e puxadores plásticos.<br>Cor Predominante no Produto: Itapuã com Branco<br>Altura do Produto Montado (cm): 186,5<br>Largura do Produto Montado (cm): 73,5<br>Profundidade do Produto Montado (cm): 45<br>Peso do Produto (Peso Líquido em Kg): 51,79<br>Material da Estrutura: MDP<br>Revestimento/Acabamento: BP TX<br>Escala de Brilho: Fosco<br>Garantia: 3 meses<br>Recomendações de Manutenção: Use um pano levemente umedecido com água, seguido de pano seco. Não utilize produtos químicos ou abrasivos.<br>Necessita Montagem: Sim<br>Grau de Dificuldade da Montagem: Médio<br>Necessita Fixação na Parede: Sim<br>Sistema de Montagem: Parafusos + Cavilhas + Minifix<br>Número de Portas: 2 Portas<br>Tipo de porta: Bater<br>Tipo das dobradiças/Trilho: Metálica<br>Número de Gavetas: 2 Gavetas<br>Tipo de corrediças da Gaveta: Metálica<br>Peso Suportado por Gaveta: 3 Kg<br>Material do Puxador: PVC<br>Número de Puxadores: 6 Puxadores<br>Número de Nichos: Não possui<br>Peso Suportado por Nicho: Não possui<br>Número de Prateleiras: 3 Prateleiras<br>Peso Suportado por Prateleira: 5 kg<br>Pode ser Montado Invertido: Não<br>Pés com Regulagem de Altura: Não<br>Número de Pés: 4<br>Material dos Pés: PVC<br>Tipo de Pés: Fixo<br>Número de Cabideiros: 1 Cadideiro<br>Material dos Cabideiros: Madeira revestido com plástico<br>Material do Trilho de Correr: Não possui<br>Possui Rodízios: Não<br>Você receberá este produto em: 2 Caixa(s)<br>","{""cor"":""Branco"",""quantidade_de_gavetas"":""2 Gavetas""}",Branco,,2 Gavetas,,,,,,,,,,,,,,Itapuã com Branco,Completa Móveis,2 Gavetas,2 Portas,Não informado,Infantil,MDP,Favo de Mel,Não informado,MDP,3 Prateleiras,735,2 Portas,Bater,Cabideiro incluso,Não informado,Branco e Itapuã,Completa Móveis,2 Gavetas,2 Portas,,,MDP,,Convencional
Guarda-Roupa Casal Havana Master 8 Portas 6 Gavetas Santos Andira,"Um guarda-roupa completo! Com muito espaço para todas as suas roupas. Com 06 amplas gavetas que além de espaçosas, deslizam sobre corrediças metálicas, facilitando o abrir e fechar de todos os dias. Possui espaço interno privilegiado com 04 cabideiros calceiros metálicos para pendurar as roupas com organização e qualidade, puxadores em alumínio deixando o produto muito moderno, e 10 amplas prateleiras para guardar as roupas que precisam ser dobradas. Um detalhe muito bacana desse produto é um compartimento interno que fica camuflado dentro do produto, onde podem ser guardados pertences de mais valor como relógios, joias, etc, com mais segurança, como se fosse um cofre.<br> <br> <br> Características:<br> 08 portas com dobradiças metálicas<br> Muito mais prateleiras<br> 04 cabideiros de metal alumínio<br> 06 gavetas com corrediças metálicas<br> Cofre embutido<br> Puxadores em alumínio<br> <br> <br> Dimensões:<br> Altura:217,6 cm<br> Largura: 240,3 cm<br> Profundidade: 46,3 cm<br> Peso: 158,70 Kg<br> <br> <br> Garantia do fornecedor de 3 meses.","{""cor"":""Atacama"",""marca"":""Santos Andirá"",""tamanho"":""Casal""}",Atacama,Santos Andirá,,,Casal,,,,,,,,,,,,Não informado,Santos Andira,6,8,Casal,Guarda-Roupa,Não informado,Não informado,Não informado,Não informado,10,2403,8 Portas,Não informado,"gavetas com corrediças metálicas, cabideiros de metal alumínio, cofre embutido, puxadores em alumínio, dobradiças metálicas",Havana Master,Atacama,Santos Andirá,6 Gavetas,8 Portas,Casal,,,,Convencional
Conjunto Guarda Roupa e Cabeceira Casal Ankara Branco,"<p>Este Conjunto, possui todas as funcionalidades para atender a necessidade de espaço e organização do seu quarto!</p> <p>O Guarda Roupaconta com 6 portas, com dobradiças metálicas e 9 gavetas com corrediças telescópicas</p> <p>Conta também com 4 prateleiras, 2 cabideiros em alumínio e puxadores em ABS na cor champagne.</p> <p>A Cabeceira é feita em MDP 15 e 25mm e com uma estrutura para colchões box até 138cm ela irá deixar seu quarto de casal charmoso e elegante.</p> <p>O destaque fica para o baú e as prateleiras. O baú oferece um amplo espaço para guardar cobertores, travesseiros e lençóis, já as prateleiras são perfeitas para pequenos objetos decorativos, assim deixando seu ambiente mais agradável e prático</p> <p>Dimensões do Guarda Roupa:</p> <p>Altura: 200 cm</p> <p>Largura: 179,4 cm</p> <p>Profundidade: 46,3 cm</p> <p>Informações do Guarda Roupa:</p> <p>Cor:Branco</p> <p>Material Principal: MDP</p> <p>Portas com dobradiças metálicas</p> <p>Puxadores em ABS</p> <p>Gavetas com corrediças telescópicas</p> <p>Cabideiros em alumínio</p> <p>Portas: Sim (6)</p> <p>Gavetas: Sim (9)</p> <p>Cabideiros: Sim (2)</p> <p>Prateleiras: Sim (4)</p> <p>Dimensões da Cabeceira:</p> <p>Altura: 111,5 cm</p> <p>Largura: 147,5 cm</p> <p>Profundidade: 22,5 cm</p> <p>Informações da Cabeceira:</p> <p>Cor:Branco</p> <p>Material Principal: MDP</p> <p>Para colchões box de 138cm</p> <p>Amplo baú com espaço para travesseiros, lençóis, etc</p> <p>Prateleiras na cabeceira para apoio de objetos</p> <p>Detalhe usinado para abertura na porta do baú</p> <p>Itens Inclusos:</p> <p>01 Guarda Roupa</p> <p>01 Cabeceira</p> <p>Manual de Montagem</p> <p>Kit completo para montagem e manual de instruções</p> <p>Garantia:</p> <p>3 meses contra defeito de fabricação</p> <p>Informações Adicionais:</p> <p>Fotos meramente ilustrativas do produto no ambiente.</p> <p>Os objetos que ambientam as fotos não acompanham o produto;</p> <p>Verificar descrição e tamanho do produto antes da compra.</p> <p>Avaliar a mercadoria no ato do recebimento e recusar em caso de divergência ou avarias.</p> <p>Mantenha as informações de contato e endereço de entrega atualizados para entrarmos em contato caso necessário.</p> <p>Limpar com flanela ou pano macio seco, não utilizar produtos abrasivos, desengordurantes, álcool ou solvente. Não expor o produto diretamente à luz solar e à umidade.</p> <p>Sugerimos a contratação de um montador profissional para a montagem do produto. Não nos responsabilizamos por avarias causadas no ato da montagem.</p> <p>Não nos responsabilizamos pela montagem e desmontagem do produto no ato da entrega e devolução, assim como os custos gerados nestas situações.</p> <p>A transportadora entregará o produto no andar térreo do endereço de entrega.</p> <p>Não nos responsabilizamos por subir escadas, corredores e elevadores ou transporte por guincho em apartamentos.</p>","{""cor"":""Branco"",""marca"":""Santos Andirá"",""tamanho"":""Casal""}",Branco,Santos Andirá,,,Casal,,,,,,,,,,,,Branco,Não informado,9,6,Casal,Guarda-Roupa,MDP,Não informado,Não informado,MDP,4,1794,Sim,Dobradiças metálicas,"Gavetas com corrediças telescópicas, Cabideiros em alumínio",Não informado,,,,,,,,,
Guarda Roupa Solteiro Virtus com Espelho MDF 3 Gavetas Novo Horizonte,"<p>Guarda Roupa Solteiro Virtus com Espelho MDF 3 Gavetas Novo Horizonte</p><p><br></p><p> Móvel necessário para o bom funcionamento do quarto, ideal para que a organização do ambiente fique em dia. Confira!</p><p><br></p><p> Características:</p><p> 100 MDF</p><p> Espelho com película de segurança</p><p> Colunado em 25mm</p><p> Espaço para longo</p><p> Trilho inferior em alumino e roldanas com amortecedores</p><p> Perfil Puxador e batente alinhador em alumínio bronze</p><p> Roldana superior com rolamento e freio</p><p> Excelente divisão interna</p><p> Gavetas internas com puxadores</p><p> Corrediças telescópicas</p><p> Cabideiros e calceiros em alumínio-</p><p> 3 Gavetas</p><p><br></p><p> Dimensões:</p><p> Altura: 236 cm</p><p> Largura: 162 cm</p><p> Profundidade: 55,5 cm</p><p> Peso: 139 kg</p><p><br></p><p> Garantia do Fabricante: 03 meses</p><p><br></p><p> Informações Importantes:</p><p> Não efetuamos montagem de produtos. </p><p> O envio desse produto é feito através de transportadora.</p><p> Produtos podem apresentar diferenças de tonalidades entre a foto na tela e o produto real, devido a calibração da tela.</p><p> Para devoluções, os produtos devem estar com as embalagens originais.</p><p> Limpar com flanela ou pano macio. Não utilizar álcool. Não utilizar produtos abrasivos ou corrosivos.</p><p> Nós prezamos pela qualidade da entrega em primeiro lugar, trabalhamos com transportadoras altamente selecionadas.</p>","{""cor"":""Branco"",""marca"":""Móveis Novo Horizonte"",""quantidade_de_gavetas"":""3 Gavetas"",""tamanho"":""Solteiro""}",Branco,Móveis Novo Horizonte,3 Gavetas,,Solteiro,,,,,,,,,,,,Não informado,Virtus,3 Gavetas,Não informado,Solteiro,Guarda Roupa,MDF,Não informado,Com Espelho,MDF,Não informado,Não informado,Não informado,Não informado,"Espelho com película de segurança, Colunado em 25mm, Espaço para longo, Trilho inferior em alumino e roldanas com amortecedores, Perfil Puxador e batente alinhador em alumínio bronze, Roldana superior com rolamento e freio, Excelente divisão interna, Gavetas internas com puxadores, Corrediças telescópicas, Cabideiros e calceiros em alumínio",Não informado,BRANCO,Novo Horizonte,3 Gavetas,2 Portas,Solteiro,,MDF,,Correr
Guarda Roupa Leão 6 Portas Castanho Wood Baunilha Bnn Decor,"Guarda Roupa Leão 6 Portas Castanho Wood Baunilha Bnn Decor No nosso dia a dia, sempre precisamos de móveis que facilitem nossa vida, agregando espaço, conforto e beleza em um produto só. A linha de Guarda Roupa Leão, é um projeto que une sofisticação e organização, pois seu quarto merece o melhor. O Guarda Roupa contém 6 portas de abrir, 4 gavetas com corrediças telescópicas e 7 nichos para organização. Além disso, ele é totalmente estruturado em MDP.OBS: produto com espelho ESPECIFICAÇÕESEstrutura: MDPCor: Castanho Wood/BaunilhaAltura: 212 cmLargura: 195 cmProfundidade: 47 cmPeso: 131kgGarantia: 90 diasVolumes: 3 Montagem: O Produto vai desmontado com manual e todos acessórios. Recomendamos que a montagem seja feita por um profissional.IMPORTANTE (LEIA COM ATENÇÃO): Ao realizar a compra o cliente está ciente das condições abaixo descrita.1 - Não realizamos a montagem dos móveis. Como forma de oferecer preços competitivos aos nossos clientes, não acrescentamos o valor da montagem em nossos produtos.2 - Nossos produtos são entregues desmontados e em caixas de papelão bem protegidos, evitando ao máximo que o produto chegue avariado até sua casa.3 - A montagem, desmontagens e instalações devem ser contratadas pelo cliente. Não realizamos ou pagamos esse tipo de serviço, o produto vem com instrução de montagem.4 - Para que seu produto tenha uma montagem perfeita orientamos contratar um montador profissional. Caso você mesmo queira montar o produto siga a instrução de montagem, ficando para o comprador a inteira responsabilidade de avaria do mesmo pela montagem.5 - Nossas entregas são feitas por transportadoras parceiras. São eles que irão cuidar do seu produto para que o mesmo chegue rápido e com qualidade na sua casa.6 - Não realizamos entrega em zona rural.7 - Antes da compra confira as dimensões, e certifique-se de que o produto passará por elevadores, portas e corredores, já que nossa entrega não inclui a subida de lances de escada, quaisquer despesas deste tipo ficam a cargo do cliente.8- Nossas entregas são feitas apenas em via terrestre, não nos responsabilizamos ou pagamos por contratação de balsas ou barcos, o mesmo também fica a cargo do cliente.9 - Os objetos de decoração que ambientam as fotos não acompanham o produto.10 – O frete não é grátis. Você deve ir nas perguntas passar o seu CEP e perguntar o frete, caso não esteja aparecendo nenhum valor especificando o mesmo.11 - O produto é novo. Todos os nossos produtos são novos, enviados de nossos fornecedores diretamente para as casas de nossos clientes.12 - As cores do produto no site podem variar de acordo com o monitor, a iluminação do ambiente ou sua percepção visual. Garantia do Produto:Produto com 90 dias de garantia, na parte técnica do produto.Pedimos que no momento do recebimento de seu produto faça a conferência junto com o entregador, caso haja avaria no transporte do mesmo nos informe. Sobre a Limpeza do Produto:Na limpeza do produto usar somente pano meio úmido auxiliado por um outro seco.Não usar nenhum produto a base de solvente na limpeza do produto, pois pode danificá-lo.","{""cor"":""Castanho Wood, Baunilha"",""marca"":""Moval"",""quantidade_de_portas"":""6 Portas"",""tamanho"":""Casal""}","Castanho Wood, Baunilha",Moval,,6 Portas,Casal,,,,,,,,,,,,Castanho Wood Baunilha,Bnn Decor,4,6,Não informado,Guarda Roupa,MDP,Não informado,com espelho,MDP,7,195 cm,6 Portas de abrir,abrir,corrediças telescópicas,Não informado,Baunilha,Moval,4 Gavetas,6 Portas,Casal,,MDP,,Convencional
Guarda Roupa Closet Casal Industrial com Espelho Tóquio Preto/Demolição 174cm - Pallazio,"O Guarda Roupa Closet Casal Industrial com Espelho Tóquio Preto/Demolição 174cm é a escolha ideal para quem busca praticidade e estilo em um só móvel. Com um design industrial elegante, ele combina as cores preto e demolição, criando um visual sofisticado que se adapta a diversos ambientes. O espelho integrado amplia a sensação de espaço, além de ser um recurso funcional para o dia a dia.Com 174 cm de largura, este guarda-roupa oferece amplo espaço para armazenar roupas e acessórios de forma organizada.<br>As prateleiras são bem distribuídas, proporcionando fácil acesso e visualização das peças.<br>As duas gavetas espaçosas são perfeitas para itens menores, garantindo que tudo esteja sempre ao seu alcance.Fabricado com materiais de alta qualidade, o Guarda Roupa Tóquio é resistente e durável, garantindo um excelente custo-benefício.<br>A estrutura tipo closet aberta facilita a organização e torna o ambiente mais moderno e funcional.<br>Além disso, a inclusão do espelho agrega praticidade e um toque de elegância ao móvel, tornando-o perfeito para qualquer casal que valorize um espaço bem decorado e eficiente.<br>Informações Técnicas:Material da estrutura: Aço Carbono/MDP<br>Peso suportado: 60 kg distribuídos<br>Acabamento: Pintura epóxi a pó/BP<br>Possui Pés: Sim<br>Possui Gavetas: Sim<br>Possui Cabideiro: Sim<br>Possui Prateleiras: Sim<br>Possui Nichos: Sim<br>Possui Portas: Sim<br>Quantidade de Gavetas: 2 Gavetas<br>Sistema de montagem: Parafusos/Cavilhas<br>Manual de montagem: Sim<br>Montagem: Recomendamos que seja feita por um profissionalLimpeza: Utilizar um pano levemente úmido<br>Medidas:Altura total: 187 cm<br>Largura total: 174 cm<br>Profundidade total: 48 cm<br>Peso: 70 kgInformações Importantes:Confira as dimensões do produto no momento da compra e certifique-se de que passará normalmente por escadas, elevadores, portas e corredores.<br>Os produtos vão embalados e enviados com total segurança.<br>As cores dos produtos podem sofrer alterações dependendo do seu monitor.<br>Não nos responsabilizamos no ato da entrega por montagens, desmontagens, instalações de produtos.<br>Não nos responsabilizamos no ato da entrega por subir escadas, elevadores, nem utilização de guinchos ou equipamentos similares para acesso a pisos superiores em apartamentos.","{""cor"":""Castanho"",""tipo"":""Closet""}",Castanho,,,,,Closet,,,,,,,,,,,PretoDemolição,Pallazio,2 Gavetas,Não informado,174cm,Closet,Aço CarbonoMDP,Industrial,Espelho,Aço CarbonoMDP,Não informado,Não informado,Sim,Não informado,Espelho,Não informado,Castanho,Pallazio,2 Gavetas, 1 Porta,Casal,Closet,Aço e Madeira,,Convencional
Guarda Roupa Casal 8 Portas Demolição 1684 Araplac,"A Araplac conta com uma equipe especializada em pesquisa e análise de mercado, que com qualidade, traz soluções eficazes à seus produtos. A Araplac busca a excelência e por tal motivo se destaca entre as principais marcas do seu setor atuante, no mercado. Quer um Guarda-Roupa de qualidade e deixar seu quarto moderno? O móvel para dormitórios com espaço interno amplo e grande opção de cabideiros com prateleiras que atendem as necessidades do consumidor.<br> <br>Peças para montagem<br>- Kit de parafusos<br>- Dobradiças<br>- Cavilhas<br>- Prego<br>- Minifix<br>- Cantoneira<br>- Corrediça<br>- 3 Cabideiros<br>- 8 Puxadores (Porta)<br>- Manual de Instruções<br> <br>Cuidados Básicos<br>Utilizar flanela limpa e seca na limpeza, não utilizar produtos de origem química, tais como: álcool, removedores, polidor, ou qualquer produto abrasivo (Eles podem reagir com o verniz do produto e danificá-lo), não expor o produto diretamente à luz do sol, não coloque o produto em paredes ou piso que contenham umidade ou estejam irregulares.Não transportar o produto montado, no momento da montagem forre o chão com papelão das embalagens para evitar riscos, utilize ferramentas adequadas: chave de fenda e philips, martelo e martelo de borracha.<br> <br>Obs.: No caso de uso da parafusadeira, cuidado especial com aperto dos parafusos.<br> <br>Objetos de decoração não inclusos. Imagens meramente ilustrativas.<br> <br>Tipo: Casal<br>Cor: Demolição<br>Portas: 8<br>Vistas: 1<br>Gavetas: 4<br>Cabideiros: 4<br>Prateleiras: 12<br>Material: MDP<br> <br>Marca: Araplac<br>Conteúdo da embalagem: 1 Guarda roupa<br>Dimensões aproximadas do produto: 218 x 240 x 47 cm<br>Dimensões aproximadas da embalagem : 21 x 124 x 223 cm<br>Peso aproximado da embalagem: 157 Kg<br>Informações Adicionais: Incluso manual de instruções.<br>Código de Barras: 7898378878962.","{""marca"":""Araplac"",""quantidade_de_portas"":""8 Portas"",""tamanho"":""Casal""}",,Araplac,,8 Portas,Casal,,,,,,,,,,,,Demolição,Araplac,4,8,Casal,Casal,MDP,Não informado,Não informado,MDP,12,240,8,Não informado,Não informado,Não informado,Demolição,Araplac,4 Gavetas,8 Portas,Casal,,MDP,,Convencional
Closet com Cabideiro 2 Prateleiras Branco,"Closet com Cabideiro 2 Prateleiras Branco<br> <br>O móvel contrasta com o restante do ambiente e possibilita mais funcionalidade no seu dia-a-dia, além de sua versatilidade que faz com que possa ser utilizado em diferentes ambientes.<br>É formado por três camadas de partículas de madeira, uma mais grossa no meio e duas finas nas superfícies. Esse tipo de composição faz com que o produto tenha uma maior resistência estrutural, fazendo com que aguente mais peso, apesar de ser mais leve que o MDF. Já o MDP é mais utilizado em de espessura grossa, pois ele é mais leve e tem uma boa estrutura, aguentando mais peso. Outra vantagem é que ele é mais resistente à umidade.<br> <br>Características<br>Cor: Branco<br>Acabamento: Pintura BP<br>Estrutura: MDP 15 mm<br>2 Prateleiras<br>1 Cabideiro<br>Suporta até 50 Kg<br> <br>Dimensões<br>Peso: 23,52 kg<br>Altura: 220 cm<br>Largura: 70 cm<br>Profundidade: 44,5 cm<br> <br>Não nos responsabilizamos pela montagem.<br>As imagens são meramente ilustrativas. Objetos decorativos e eletrônicos não acompanham o produto.<br>A tonalidade dos produtos pode variar de acordo com a luminosidade, monitor ou percepção visual.","{""tipo"":""Closet""}",,,,,,Closet,,,,,,,,,,,Branco,Não informado,Não informado,Não informado,Não informado,Closet,MDP,Não informado,Cabideiro,MDP,2,70,Não informado,Não informado,"2 Prateleiras, 1 Cabideiro, Suporta até 50 Kg",Não informado,,,,,,,,,
Guarda-Roupa Casal 10 Portas 3 Gavetas Parma Sallêto Móveis,"Organize e encontre com mais facilidade suas roupas preferidas com o auxílio deste atraente Guarda-Roupa Parma. Confeccionado com materiais de qualidade e resistência, ele é a opção mais acertada para deixar seu dormitório muito mais arrumado e convidativo. Aproveite..","{""cor"":""Branco"",""quantidade_de_gavetas"":""3 Gavetas"",""tamanho"":""Casal""}",Branco,,3 Gavetas,,Casal,,,,,,,,,,,,Não informado,Sallêto Móveis,3 Gavetas,10 Portas,Casal,Guarda-Roupa,Não informado,Não informado,Não informado,Não informado,Não informado,Não informado,Não informado,Não informado,Não informado,Não informado,Branco,Sallêto Móveis,3 Gavetas,10 Portas,Casal,,MDF e MDP,Moderno ,Convencional
Guarda Roupa Casal COR2303044 Freijó Carbono Flex - Araplac,"<p>Guarda Roupa Casal COR2303044 Freijó Carbono Flex - Araplac<br><br>O Guarda Roupa COR23030 é a escolha perfeita para quem busca funcionalidade e elegância na organização do espaço.Oferece amplo espaço interno para organizar os pertences de maneira eficiente, fabricado pela Araplac com materiais de alta qualidade com resistencia e durabilidade garantindo sua satisfação a longo prazo. Confira as características técnicas e adquira o seu! </p><p>Características técnicas<br>- Desenvolvido em MDP<br>- Pintura UV<br>- Sistema Flex, podendo ser montado nas cores:<br> - Freijó<br> - Freijó Carbono<br>- 3 Portas de correr<br>- Puxadores em PVC<br>- Cabideiros metálicos<br>- Interna com prateleiras para melhor organizar os pertences<br>- Lindo design</p><p>Dimensões<br>Altura: 200 cm<br>Largura: 179 cm<br>Profundidade: 47 cm<br>OBS: Não acompanha decorações, roupas, calçados e acessórios. </p><p>Atenção: Não nos responsabilizamos pela montagem ou instalação do produto, porém acompanha manual de instruções.<br>Importante: Imprescindível a conferência no ato da entrega. Em caso de anormalidade, recuse.</p>","{""marca"":""Araplac"",""tamanho"":""Casal""}",,Araplac,,,Casal,,,,,,,,,,,,Freijó Carbono,Araplac,Não informado,3,Casal,Guarda Roupa,MDP,Não informado,Não informado,MDP,Não informado,179 cm,3 Portas de correr,Correr,"Cabideiros metálicos, Interna com prateleiras para melhor organizar os pertences",Não informado,Carbono e Freijó,Araplac,,3 Portas,Casal,,MDP,,Correr
Guarda Roupa Casal 6 Portas 2 Gavetas NT5010 Notável Móveis,"O Guarda Roupa Casal NT5010 da Notável Móveis é composto por duas gavetas e dois cabideiros sem contar com as divisórias para ajudar na organização dos vestuários e acessórios.<br> <br> <br> Características: <br> 6 Portas <br> 2 Gavetas<br> 2 Cabideiro<br> 4 Prateleira<br> Acabamento acetinado, pintura UV<br> Estrutura MDP 12 e 15mm<br> Puxador em PVC<br> Corrediças metálica<br> Pés quadrados de plástico<br> <br> <br> Dimensões:<br> Altura: 187 cm<br> Largura: 161 cm<br> Profundidade: 43,7 cm<br> Peso: 78,2 kg<br> <br> <br> Recomendações: Para maior durabilidade, recomenda-se que a limpeza dos móveis seja feita com pano limpo e levemente umedecido em água e sabão neutro. Em seguida, deverá ser passado um pano limpo e seco.<br> <br> <br> Garantia do fornecedor: 3 meses.","{""marca"":""Notável Móveis"",""tamanho"":""Casal""}",,Notável Móveis,,,Casal,,,,,,,,,,,,Não informado,Notável Móveis,2,6,Casal,Guarda Roupa,MDP,Não informado,Não informado,Não informado,4,161 cm,6 Portas,Não informado,"2 Gavetas, 2 Cabideiro, 4 Prateleira, Acabamento acetinado pintura UV, Estrutura MDP 12 e 15mm, Puxador em PVC, Corrediças metálica, Pés quadrados de plástico",Não informado,Nude,Notável Móveis,2 Gavetas,6 Portas,Casal,,MDP ,,Convencional
Guarda-Roupa 8 Portas Branco Diamante 2.75 M,"Guarda-Roupa 8 Portas Branco Diamante 2.75 M<br>O Guarda-Roupa 3 Portas com Espelho - Modelo Diamante possui um amplo espaço e um design inteligente para acomodar suas roupas e diversos objetos. Bem como o espelho embutido na porta. Além disso, vai deixar o ambiente do seu quarto com um visual mais elegante.<br> <br>MEDIDAS:<br>Altura: 2.40m<br>Altura com pé: 2,50m<br> Largura: 2.75m<br> Profundidade: 57cm<br> <br>CARACTERÍSTICAS:<br><br>Estrutura 100% em MDF;<br>Dobradição Slow<br>Corrediça telescópica 40cm;<br>Profundidade da gaveta 40cm;<br>Abertura total da gaveta;<br>Puxadores de madeira;<br>Produzido com chapa de 15mm e 25mm;<br>8 portas e 8 gavetas<br>Espelho opcional; ""NÃO INCLUSO""<br>Pés opicionais (montagem com 10 pés); ""NÃO INCLUSO""<br><br><br> <br>* As imagens dos produtos são meramente ilustrativas.<br> * Montagem não inclusa.","{""marca"":""D'Doro""}",,D'Doro,,,,,,,,,,,,,,,Branco Diamante,Não informado,8,8,275 M,Guarda-Roupa,MDF,Não informado,"Espelho opcional NÃO INCLUSO, Pés opicionais montagem com 10 pés NÃO INCLUSO",MDF,Não informado,275,8 Portas,Não informado,"Dobradiça Slow, Corrediça telescópica 40cm, Profundidade da gaveta 40cm, Abertura total da gaveta, Puxadores de madeira",Não informado,Branco,D'Doro Móveis,8 Gavetas,8 Portas,Casal,,MDF,,Convencional
Guarda-roupa Solteiro Toy Story 2 Portas 2 Gavetas,,"{""marca"":""Móveis Estrela"",""quantidade_de_gavetas"":""2 Gavetas"",""tamanho"":""Solteiro"",""tipo"":""Solteiro""}",,Móveis Estrela,2 Gavetas,,Solteiro,Solteiro,,,,,,,,,,,Não informado,Não informado,2 Gavetas,2 Portas,Solteiro,Guarda-roupa,Não informado,Não informado,Não informado,Não informado,Não informado,Não informado,2 Portas,Não informado,Não informado,Toy Story,Branco,Móveis Estrela,2 Gavetas,3 Portas,Solteiro,,,,Convencional
Guarda-Roupa Casal Belchior 6 Portas 6 Gavetas Cinamomo/Off White - Panorama Móveis,"Descrição:<br><br>O(a) Guarda-Roupa Casal Belchior 6 Portas 6 Gavetas Cinamomo/Off White - Loja é produzido em MDF na escala de brilho Fosco e Semi-Brilho, e possui um grau de dificuldade de montagem: Médio.<br><br>Seu revestimento/acabamento é: Pintura UV.<br><br><br><br>Infelizmente a Loja não oferece serviço de montagem, deixamos essa informação bem clara em todas as nossas páginas de produto. Onde especificamos que os móveis chegarão desmontados, e que a montagem fica por conta do cliente.<br><br><br><br>Como não oferecemos esse serviço não embutimos o mesmo no preço dos produtos, ou seja, maior economia para você! Todos os nossos móveis também acompanham o manual de montagem, e caso você queira, pode realizar a montagem você mesmo, sempre especificamos os graus de montagem dos produtos.<br><br><br><br>Nos casos de grau baixo e médio, com pouco ou nenhum conhecimento, você mesmo pode efetuar a montagem, e fazer essa economia. Apenas nos graus de montagem alto, recomendamos a contratação de um montador com experiência, visto que são montagens mais complicadas. A montagem é feita com Parafusos, cavilhas e Minifix..<br><br><br><br>Este móvel é indicado para que seja utilizado no(a) Quarto, dando um toque especial no cômodo de sua casa.<br><br>Para que você mantenha seu produto sempre em ótimo estado, recomendamos que use apenas um pano seco ou levemente umedecido, sem o uso de quaisquer produtos abrasivos.<br><br><br><br>A Loja garante aos clientes, 90 dias de garantia nos produtos, porém, recomendamos que entre em contato com o fornecedor/marca do produto, pois o mesmo(a), pode garantir um prazo maior de garantia.<br><br><br><br>Lembrando ainda que: quaisquer objetos decorativos que aparecem nas imagens, não acompanham o produto.<br><br>Características:<br><br>- Material da Estrutura: MDF<br>- Necessita de Montagem: Sim<br>- Como os Móveis Chegarão na Minha Casa: Desmontado em caixas, acompanhado de todas as peças, ferragens e manuais para montagem.<br>- Grau de Dificuldade da Montagem: Médio<br>- Sistema de Montagem: Parafusos, cavilhas e Minifix.<br>- Observação: Objetos decorativos que aparecem nas imagens, não acompanham o produto.<br>- Recomendação de Manutenção: Utilizar pano levemente umedecido, seguido de pano seco. Não utilizar quaisquer produtos abrasivos.<br>- Indicação de Uso: Quarto<br>- Garantia (dias): 90<br>- Escala de Brilho: Fosco e Semi-Brilho<br>- Acompanha: Guarda-Roupa + Kit Ferragens + Manual de Montagens<br>- Quantidade de Pés/Sapatas: 8<br>- Material do Cabideiro: Alumínio<br>- Peso Suportado no Cabideiro (Kg): 7<br>- Possui Sapatas?: Sim<br>- Modelo: Casal<br>- Quantidade de Cabideiros: 3<br>- Revestimento /Acabamento: Pintura UV<br>- Possui Rodízios?: Não<br>- Quantidade de Portas: 6<br>- Tipo de Porta: Portas de Bater<br>- Quantidade de Gavetas: 6<br>- Possui Espelho?: Não<br>- Possui Vidro?: Não<br>- Peso Suportado nas Gavetas (Kg): 5 Kg<br>- Material das Corrediças: Metálica<br>- Material das Dobradiças: Metálica<br>- Material do Puxador: Madeira<br>- Espessura da Estrutura: 12mm e 15mm<br>- Possui Gavetas?: Sim<br>- Tipo da Corrediça: Telescópica<br>- Possui Portas?: Sim<br>- Material da Porta: MDF<br>- Espessura da Porta: 15 mm<br>- Possui Prateleiras?: Sim<br>- Quantidade de Prateleiras: 6<br>- Peso Suportado nas Prateleiras:: 5 Kg<br>- Tipo de Guarda-Roupa/Closet: Convencional<br>- Montagem Invertida?: Não Pode ser Montado Invertido<br>- Possui Puxadores?: Sim<br>- Possui Pés?: Não<br>- É frágil?: Não<br>- Possui Ripamento?: Não<br>- Com Nichos?: Não<br>- Acompanha Manual de Montagem: Sim<br>- Possui Nicho?: Não<br><br><br>Dimensões:<br><br>- Altura: 234,00 cm<br>- Largura: 274,00 cm<br>- Profundidade: 55,00 cm<br>- Peso: 217,600 kg","{""cor"":""Bege"",""quantidade_de_gavetas"":""6 Gavetas"",""quantidade_de_portas"":""6 Portas"",""tamanho"":""Casal""}",Bege,,6 Gavetas,6 Portas,Casal,,,,,,,,,,,,CinamomoOff White,Panorama Móveis,6,6,Casal,Closet Convencional,MDF,Não informado,Não informado,MDF,6,Não informado,6 Portas,Portas de Bater,Não informado,Não informado,Cinamomo e Off White,Panorama Móveis,6 Gavetas,6 Portas,Casal,,MDF,,Convencional
Guarda-roupa Ollie 3 Portas 9 Prateleiras 3 Gavetas,"Apresentamos o Guarda-Roupa Ollie com três portas deslizantes, uma solução altamente prática para otimizar o seu espaço de armazenamento. Projetado visando a máxima funcionalidade, este guarda-roupa oferece um layout inteligente para organizar suas roupas e acessórios de forma eficiente. Fabricado com materiais robustos, proporciona durabilidade e confiabilidade no dia a dia. Com suas portas de correr, economiza-se espaço e simplifica-se o acesso ao conteúdo interno. Renove sua organização com o Guarda-Roupa Ollie, onde a praticidade é a principal prioridade, garantindo um ambiente mais funcional e organizado.","{""cor"":""Branco"",""marca"":""Móveis Lopas"",""quantidade_de_gavetas"":""3 Gavetas"",""tamanho"":""Casal""}",Branco,Móveis Lopas,3 Gavetas,,Casal,,,,,,,,,,,,Não informado,Ollie,3 Gavetas,3 Portas,Não informado,Guarda-Roupa,Não informado,Não informado,Não informado,Não informado,9 Prateleiras,Não informado,3 portas deslizantes,deslizantes,Não informado,Não informado,Branco,Móveis Lopas,3 Gavetas,9 Portas,Casal,,MDF e MDP,Moderno ,Correr
Guarda Roupa 3 Portas Los Angeles Cinamomo D'Doro,"ALIBER SHOP OFICIAL ROUPEIRO 3 PORTAS LOS ANGELES Descubra o Guarda-roupas Los Angeles: estilo e funcionalidade em um só móvel! Com seis opções de cores e seis gavetas espaçosas, ele oferece ampla capacidade de armazenamento. Apresentando repartições inteligentes, roldanas com mola e espelho com película de segurança, o Los Angeles combina praticidade e elegância. Transforme seu quarto em um espaço organizado e sofisticado com o Guarda-roupas Los Angeles. Adquira o seu e desfrute de um móvel único em estilo e funcionalidade. ESPECIFICAÇÕES TÉCNICAS Código GTIN/EAN 7898738972101. Acompanha Nota Fiscal. Cor: Cinamomo. Material de composição: 100% MDF. Necessita de montagem profissional. Corrediça telescópica 40cm Quantidade de portas: 3 Puxadore de alumínio. Espelho com película de segurança. Roldanas com mola. Quantidade de cabideiros: 3. Suporte cabide metálico. Quantidade de gavetas: 6. Profundidade da gaveta 40cm. Abertura total da gaveta. Gavetas com puxador. Produzido com chapa de 15mm e 25mm. Produto nacional. MEDIDAS Largura: 273 cm. Altura: 230 cm. Profundidade: 62 cm Peso: 243 kg. Peso Bruto: 245 kg IMPORTANTE Necessita de montagem profissional. Acompanha manual de instruções e kit de montagem. . RECOMENDAÇÕES DE MANUTENÇÃO E LIMPEZA Limpeza com pano umedecido. Não aplicar lustra móveis. AVISOS As cores dos produtos podem sofrer alterações dependendo do seu monitor ou tela do celular. Não nos responsabilizamos pela montagem e instalação dos produtos. Os objetos, eletrodomésticos e demais móveis que ambientam as fotos não acompanham o produto. Todos os produtos sempre são embalados com total segurança. Confira a embalagem e o produto no ato da entrega, caso o produto ou embalagem estejam avariados recuse imediatamente, coloque uma observação no verso da nota, se possível, registre por meio de fotos no momento da entrega e entre em contato conosco. Não nos responsabilizamos no ato da entrega por montagens, desmontagens, instalações de produtos, nem utilização de guinchos ou equipamentos similares para acesso a pisos superiores em apartamentos. A entrega será feita até a porta ou portaria do endereço no qual o pedido foi efetuado. Qualquer necessidade de movimentação do produto até o local onde ele será utilizado é de inteira responsabilidade do cliente. Sempre confira as dimensões do produto com as dimensões das passagens nas quais ele precisará ser deslocado, certifique-se de que passará normalmente por escadas, elevadores, portas e corredores. Em nenhuma hipótese as transportadoras sobem escadas, elevadores e adentram residências. PERGUNTAS FREQUENTES O produto é novo ou usado? Resposta: todos os nossos produtos são novos, nunca antes utilizados, sendo enviados diretamente para as casas de nossos clientes. Vocês possuem loja física? Posso retirar meu produto em mãos? Vocês realizam a pronta entrega? Resposta: não temos loja física, mas nos comprometemos a entregar o produto dentro do prazo previsto no ato da compra. Qual é o valor do frete? Resposta: o valor do frete depende do produto, de suas dimensões e do CEP do destino. Você pode calcular o valor e prazo de entrega do seu frete no simulador de entrega do marketplace. Vocês entregam no Brasil inteiro? Resposta: sim, entregamos no Brasil inteiro por meio de nossas transportadoras parceiras. O produto acompanha Nota Fiscal? Resposta: sim, todos os nossos produtos são entregues com suas respectivas notas fiscais. Além disso, uma cópia da Nota Fiscal será enviada para você por e-mail. Qual é o horário de atendimento de vocês? Resposta: nosso horário de atendimento é de segunda à sexta-feira, das 8 até às 18h, com exceção aos feriados regionais e nacionais.","{""cor"":""Cinamomo"",""marca"":""D'Doro""}",Cinamomo,D'Doro,,,,,,,,,,,,,,,Cinamomo,DDoro,6,3,Não informado,Guarda-Roupa,MDF,Não informado,Não informado,MDF,Não informado,Não informado,3 Portas,Não informado,"Espelho com película de segurança, Roldanas com mola",Não informado,Cinamomo,D'Doro Móveis,6 Gavetas,3 Portas,Casal,,MDF,,Correr
Guarda Roupa Tcil Olimpo 6 Portas e 3 Gavetas Cumaru Rustic/Off White,<strong>Guarda Roupa Tcil Olimpo 6 Portas e 3 Gavetas - Cumaru Rustic/Off White</strong><br> <br> Marca: <strong>Tcil Móveis</strong><br><br>Dimensões(Cm): Comprimento(Profundidade): 47 x Largura: 219 x Altura: 218<br> <br> <strong>CARACTERÍSTICAS DE MÓVEIS</strong><br> <strong>Tipo de Estrutura do Móvel</strong><br> - MDP<br> <strong>Tipo de Pintura</strong><br> - UV<br> <strong>Tipo de Acabamento da Pintura</strong><br> - Semi Brilho<br> <strong>Tipo de puxador</strong><br> - ABS/PVC<br> <strong>Quantidade de Prateleiras</strong><br> - 5<br> <strong>Quantidade de Gavetas</strong><br> - 3<br> <strong>Diferenciais da Gaveta</strong><br> - c/ Corrediças Metálicas<br> <strong>Quantidade de Portas</strong><br> - 6<br> <strong>Garantia</strong><br> - 3<br> <br> <strong>BENEFÍCIOS DE MÓVEIS</strong><br> <strong>Certificação de Qualidade de Móveis</strong><br> - Qualidade Aprovada<br> - Casal<br> <br> <br> <strong> Não nos responsabilizamos pela montagem/instalação dos produtos.</strong><br> <strong>Todas as informações divulgadas são de responsabilidade exclusiva do fabricante/fornecedor. </strong><br> <strong>Imagens Meramente Ilustrativas.</strong><br> <strong>Verifique com os fabricantes do produto e de seus componentes eventuais limitações à utilização de todos os recursos e funcionalidades.</strong>,"{""cor"":""Cumaru Rustic"",""marca"":""Tcil Móveis"",""quantidade_de_gavetas"":""3 Gavetas"",""quantidade_de_portas"":""6 Portas"",""tamanho"":""Casal""}",Cumaru Rustic,Tcil Móveis,3 Gavetas,6 Portas,Casal,,,,,,,,,,,,RusticOff White,Tcil Móveis,3,6,Não informado,Guarda Roupa,MDP,Não informado,Não informado,Não informado,5,47,6,Não informado,Corrediças Metálicas,Não informado,Cumaru Rústico e Off White, Tcil Móveis,3 Gavetas,6 Portas,Casal,,MDP,,Convencional
Guarda Roupa San Marino Premium 3 Portas 4 Gavetas C/Espelho Leifer,"Guarda Roupa San Marino Premium 3 Portas 4 Gavetas C/Espelho Leifer<br>Guarda-Roupa com Três Portas de correr San Marino, fabricado 100% MDF, puxadores em alumínio bronze, gavetas com corrediças telescópicas e distanciador em MDF. O guarda-roupa tem excelente repartições e amplo espaço para você organizar roupas, edredons, travesseiros e objetos pessoais. Moderno e elegante, traz quatro gavetas e um espelho inteiriço na porta, o guarda-roupa reúne harmonisamente beleza, qualidade e durabilidade.<br>Dimensões:<br>Altura: 230 cm<br>Largura: 230 cm<br>Profundidade: 52 cm<br>Peso: 125 kg<br>Ambiente: Quarto Casal<br>Possui espelhos: Sim<br>Quantidade de Portas com Espelho: 1<br>Pintura: Fosco<br>Acabamento: UV<br>Material Principal: 100% MDF<br>Ideal Quarto: Casal<br>Roldanas com amortecedor e antiscarrilamento:Proteção para durar mais<br>Puxadores em alumínio bronze: Beleza e bom gosto<br>Porta de correr: Mais facilidade e suavidade na abertura da porta<br>Guia superior zero folga: Reduz o balanço da porta<br>Espaço para maleiro: Amplo espaço para maleiro<br>Quantidade de Portas: 3 Portas de correr<br>Puxadores Portas: Externo em alumínio de alto acabamento em aluminio bronze<br>Quantidade de gavetas: 4<br>Gavetas com corrediças telescópicas: Para uma abertura mais suave e segura, pois possui trava de segurança para não cair<br>Dobradiça Slow motion: Dobradiça anti-impacto<br>Informações importantes:<br>- Os Objetos que ambientam as imagens não acompanham o produto.<br>- Não nos responsabilizamos pela montagem e instalação dos produtos. A montagem deve ser realizada por um profissional, conforme as instruções do manual do produto.<br>- Pode haver alguma diferença de tonalidade entre a foto e o produto, devido ao tratamento de imagens e a calibração do seu monitor ou dispositivo.<br>- A entrega é realizada por transportadora, não nos responsabilizamos, no ato da entrega por desmontagens, subir escadas/elevadores ou transporte por guincho para apartamentos.<br>- Antes de comprar o seu produto verifique as medidas e o local onde pretende instalar.","{""tamanho"":""Casal""}",,,,,Casal,,,,,,,,,,,,Não informado,Leifer,4,3,Não informado,Guarda-Roupa,MDF,Moderno,Espelho,MDF,Não informado,230 cm,3 Portas de correr,Correr,"Gavetas com corrediças telescópicas, Dobradiça Slow motion, Roldanas com amortecedor e antiscarrilamento, Puxadores em alumínio bronze",Não informado,Branco,Leifer Móveis,4 Gavetas,3 Portas,Casal,,MDF,,Correr
Guarda Roupa Casal 6 Portas 8 Gavetas - Orfeus Ripado-Cumaru/Fendi - Móveis Novo Horizonte,"Guarda Roupa Casal 6 Portas 8 Gavetas - Orfeus Ripado-Cumaru/Fendi - Móveis Novo Horizonte<br> <br>O Guarda Roupa Orfeus Ripado vai proporcionar um ambiente aconchegante mantendo um visual sofisticado e funcional. Composto por peças de extrema qualidade e com excelente espaço interno bem distribuídos, oferecendo máxima organização de forma prática. Fabricado em 100% MDF, 6 portas de bater com detalhe ripado, possui 8 gavetas com corrediças telescópicas, puxadores com acabamento amadeirado e cabideiros em alumínio. Amplo espaço interno. Aproveite!<br> <br>Faz parte do anúncio:<br>1 Guarda Roupa Casal 6 Portas 8 Gavetas - Orfeus Ripado - Móveis Novo Horizonte<br>Obs. Objetos de decoração não inclusos<br> <br>Particularidades do guarda-roupa:<br>Características:<br>- 100% MDF;<br>- Colunado em 25mm;<br>- Puxadores com acabamento amadeirado;<br>- 8 Gavetas internas com puxadores;<br>- Corrediças telescópicas;<br>- Dobradiça de pressão de 35mm;<br>- Fundo inteiriço;<br>- Cabideiros em alumínio;<br> <br>Dimensões:<br>Altura: 2,36 metros<br>Largura: 2,74 metros<br>Profundidade: 56,5 centímetros<br> <br>Informações Importantes:. <br>-Produtos podem apresentar diferenças de tonalidades entre a foto na tela e o produto real, devido a calibração de cor de tela. <br>-Limpar com flanela ou pano macio. Não utilizar álcool. Não utilizar produtos abrasivos ou corrosivos.<br>-Nós prezamos pela qualidade da entrega em primeiro lugar, trabalhamos com transportadoras altamente selecionadas e os melhores materiais de embalagem.<br>-A montagem é de total responsabilidade do comprador. Antes de comprar, verifique o espaço disponível para a montagem.<br>-Certifique-se de que o produto caiba em elevadores e vãos de escadas, não fazemos içamentos. Quaisquer despesas deste tipo ficam a cargo do cliente<br>-Garantia de 3 meses contra defeitos de fabricação.","{""marca"":""Móveis Novo Horizonte"",""tamanho"":""Casal""}",,Móveis Novo Horizonte,,,Casal,,,,,,,,,,,,Não informado,Móveis Novo Horizonte,8 Gavetas,6 Portas,Casal,Guarda Roupa,MDF,Ripado,Não informado,MDF,Não informado,274 metros,6 portas de bater,Não informado,"Corrediças telescópicas, puxadores com acabamento amadeirado, cabideiros em alumínio",Não informado,Cumaru e Fendi,Novo Horizonte,8 Gavetas,6 Portas,Casal,,MDF,,Convencional
Guarda Roupa Solteiro 2 Portas Correr 6 Gav Capri - Quarta Divisão,"<p>Guarda Roupa Solteiro Capri 2 Portas Correr 6 Gav</p><p><br></p><p>Dimensões aproximadas Altura 2,0m x Largura 1,16m x Profundidade 0,45cm x Peso 67kg</p><p><br></p><p><br></p><p><br></p><p><br></p><p>Se você está buscando um guarda-roupa moderno, elegante e funcional para manter suas roupas e acessórios organizados! Com um design incrível que irá transformar o seu quarto, este móvel é perfeito para quem busca praticidade e estilo em um só lugar. Com 2 portas de correr e uma distribuição interna inteligente, possui cabideiro, prateleiras e gavetas, oferecendo amplo espaço para armazenar todas as suas peças.</p><p><br></p><p> Somente com o Capri você tem:</p><p>2 Portas de Correr com trilho inferior em Alumínio</p><p>6 gavetas com Corrediças Metálicas</p><p>Puxadores em PVC</p><p>Fabricado em MDP 12mm</p><p>Acabamento Touch Alto-Relevo ou Alto Brilho UV (nas cores Branco e Off-white)</p><p><br></p><p><br></p><p> Observações: As cores Chocolate, Chocolate/off white, Teka Madrid e Teka Madrid/Onix são portas flex e a cor Onix o acabamento é preto fosco.</p><p><br></p><p><br></p><p><br></p><p>Garantia de até 90 dias após o recebimento do produto; </p><p><br></p><p><br></p><p>*Atenção*</p><p><br></p><p>As cores do produto podem variar de acordo com o monitor, a iluminação do ambiente ou sua percepção visual. Os móveis são entregues desmontados. Montagem, desmontagens, e instalações devem ser contratadas pelo cliente. Confira as dimensões da compra, e certifique-se de que o produto passará por elevadores, portas e corredores. Pois não nos responsabilizamos pelo transporte dos produtos por escadas, guinchos, içamentos ou quaisquer outros meios específicos de transporte. Contém manual para montagem.</p>","{""tamanho"":""Solteiro""}",,,,,Solteiro,,,,,,,,,,,,Branco e Off-white,Capri,6,2,Solteiro,Guarda-Roupa,MDP,Moderno,Não informado,MDP 12mm,Não informado,116m,2 Portas de Correr,Correr,"Cabideiro, Prateleiras, Gavetas",Não informado,Onix,Quarta Divisão Móveis,6 Gavetas,2 Portas,Solteiro,,MDP ,,Correr
Guarda-roupa Casal 2 Portas de Correr 6 Gavetas,"Para que nossa vida funcione precisamos de um móvel ideal para que a arrumação do ambiente fique em dia, pensando nisso o Édez traz o Guarda-Roupa Casal PH1739 super espaçoso e funcional para deixar seu quarto completo! O guarda-roupa possui o tamanho de casal, seu material é feito em MDP com revestimento em pintura UV e acabamento fosco na cor nogueira. Sua estrutura interna conta com: 6 gavetas, 2 nichos superiores que pode funcionar como maleiro/ guarda travesseiro ou cobertores, 4 cabideiros, 6 nichos centrais e 2 espaços inferiores para sapatos, totalizando 10 nichos. O guarda roupa é composto por 2 portas de correr, com sistema de abertura em corrediças metálicas e puxadores embutidos em alumínio que permite sofisticação e maior facilidade de abertura. O Guarda-Roupa Casal PH1739 só traz benefícios e sofisticação para um lar incrível como o seu!","{""cor"":""Nogueira"",""quantidade_de_portas"":""2 Portas"",""tamanho"":""Casal""}",Nogueira,,,2 Portas,Casal,,,,,,,,,,,,Nogueira,Édez,6,2,Casal,Guarda-Roupa,MDP,Não informado,Não informado,MDP,Não informado,Não informado,Correr,Correr,Sistema de abertura em corrediças metálicas e puxadores embutidos em alumínio,Não informado,Nogueira,Édez ,6 Gavetas,2 Portas,Casal,,MDP ,Moderno ,Correr
Guarda Roupa Line 3 Portas Canela para Quarto Dormitório,"GUARDA ROUPA LINE 3 PORTAS – VILA RICA <br> <br><br> <br>Deixe seu quarto mais aconchegante com o Roupeiro Line!! Um produto de alta qualidade, produzido em madeira MDP, possui 3 portas, sem contar no amplo espaço interno. Adquira já o seu!!<br> <br><br> <br>Dimensões do Produto: <br> <br>(Altura x Largura x Profundidade): 190 x 82,4 x 47 cm.<br> <br><br> <br>Características do Guarda Roupa: <br> <br>Material da Estrutura: MDP. <br> <br>Volumes: 01.<br> <br>Peso: 53 kg. <br> <br><br> <br>Diferenciais do Produto: <br> <br>- Cabideiro em madeira.<br> <br>- 2 gavetas. <br> <br>- Chave na porta lateral. <br> <br><br> <br>- Manual de Montagem: Sim. O produto pode estar sendo montado pelo comprador ou montador. <br> <br><br> <br>Observações Importantes: <br> <br>- As imagens ambientadas são meramente ilustrativas e podem apresentar itens que não compõe o produto. <br> <br>- Limpar com flanela limpa e seca. Não molhar o móvel e não expor em lugar úmido ou próximo de fontes de calor, não usar produtos abrasivos. <br> <br>- Objetos decorativos que aparecem na foto não acompanham o produto. <br> <br>- As cores do produto podem variar de acordo com o monitor, a iluminação do ambiente ou sua percepção visual. <br> <br>- Os móveis são entregues desmontados e com manual de montagem. <br> <br>- Montagem, desmontagens, e instalações deve ser contratado um montador profissional pelo cliente. <br> <br>- Confira as dimensões antes da compra, e certifique-se de que o produto passará por elevadores, portas e corredores, já que nossa entrega não inclui a subida de lances de escada ou o lançamento de produtos. <br> <br>- Ao receber seus produtos verifique no ato do recebimento qualquer dano a embalagem do produto, caso tenha alguma avaria não assinar o comprovante de recebimento. A transportadora tem obrigação de esperar a conferência. <br> <br>- Produto para uso residencial em ambiente interno, não devendo ficar exposto diretamente ao sol, calor e umidades excessivas. <br>","{""quantidade_de_gavetas"":""2 Gavetas""}",,,2 Gavetas,,,,,,,,,,,,,,Canela,Vila Rica,2,3,Não informado,Guarda Roupa,MDP,Não informado,Não informado,Madeira,Não informado,824,3 Portas,Não informado,"Cabideiro em madeira, Chave na porta lateral",Não informado,Canela ,Vila Rica,2 Gavetas,3 Portas,,,MDP,Moderno ,Convencional
Guarda Roupa Canadá 6 Portas Cantoneira Branco,"<p>Guarda Roupa Canadá 6 Portas com Módulo</p> <p>O Guarda Roupa Canadá 6 Portas com Módulo é desenvolvido com material ecologicamente correto, sendo fabricado em MDP e MDF. <br> O acabamento é com Pintura UV, protegida com verniz ultra resistente. <br> Este produto tem 4 gavetas com corrediças metálicas e possui uma excelente divisão interna com 1 cabideiro longo de madeira, 3 prateleiras, espaço para sapatos e um maleiro triplo, o que deixa o ambiente mais bonito e agradável. <br> O kit de pés já está incluso. <br> </p> <p>Outro destaque é o módulo lateral, ideal para colocação de objetos de decoração e para melhor organização do seu ambiente. </p> <p>A resistência desse produto é 8Kg por gaveta 15Kg por prateleira. </p> <p>Dimensões do produto: 212cm de altura, 208,5cm de comprimento e 47cm de profundidade. </p> <p>Observações:</p> <p> A WOW Móveis não se responsabiliza pela montagem dos produtos. Recomendamos que você contrate um montador para realizar a montagem. <br> Todos os nossos produtos acompanham manual de montagem. </p> <p> Na entrega não está incluso subir escadas, elevadores ou transporte por guincho em apartamentos. <br> Orientamos a conferência das dimensões deste produto para certificar que o mesmo passará normalmente por escadas, elevadores e corredores de sua residência. <br> Eventuais despesas são de responsabilidade do comprador. </p> <p> A WOW Móveis fica a disposição para sanar possíveis dúvidas a respeito do produto. <br> Nossas imagens são meramente ilustrativas. </p> <p>______________________________________________________________________</p> <p> P: Qual o valor do frete? Qual o prazo de entrega?<br> R: O valor do frete e o prazo de entrega variam de acordo com sua localidade. É possível calcular valor e prazo no anúncio do produto, basta clicar em ""Ver mais formas de entrega"" e digitar o CEP do seu endereço. Entendemos sua ansiedade para receber sua compra e queremos atender sua demanda na mesma proporção, mas o prazo anunciado após informar seu CEP é o que necessitamos para realizar todos os processos após sua compra ser finalizada. Estamos sempre nos esforçando para que os pedidos sejam entregues conforme o combinado. </p> <p> P: O produto vem montado?<br> R: Não, o produto vai desmontado e dentro da embalagem possui o manual de montagem e o kit de instalação. </p> <p> P: Está incluído a montagem? Disponibilizam montador? <br> R: Não, nós não nos responsabilizamos pela montagem. Recomendamos que contrate um montador profissional para realizar a montagem. </p> <p> P: É possível agendar entrega?<br> R: Nós não trabalhamos com entrega agendada pois nossa transportadora é terceirizada. </p> <p> P: Vocês fazem sob medida? <br> R: Nós não trabalhamos com móveis sob medida. </p> <p> P: Possui kit de montagem/instalação (parafusos, etc...) <br> R: Sim, dentro da embalagem irá o kit para montagem. </p> <p> P: Posso alterar meu endereço de entrega?<br> R: Não é possível! Antes de concluir a compra, reveja seus dados para não haver problemas quanto a entrega. Caso haja necessidade de alteração do endereço, sua compra precisará ser cancelada e realizada uma nova compra com o endereço correto. </p> <p> P: Qual é o material deste produto? <br> R: Este produto é composto por peças de MDP e MDF. </p> <p> P: Qual é o peso suportado? <br> R: peso suportado é 8Kg por gaveta 15Kg por prateleira. </p>","{""cor"":""Branco"",""tamanho"":""Casal""}",Branco,,,,Casal,,,,,,,,,,,,Branco,Canadá,4,6,Não informado,Cantoneira,MDP e MDF,Não informado,Não informado,MDP e MDF,3,2085cm,6 Portas,Não informado,"4 gavetas com corrediças metálicas, 1 cabideiro longo de madeira, 3 prateleiras, espaço para sapatos e um maleiro triplo",Não informado,Branco,Conquista Móveis,4 Gavetas,6 Portas,Casal,,MDF e MDP,,Convencional
Cama Casal Athenas e Guarda Roupa Andara Frassino Off White com Pés - Lopas,"<p><span>Cama Casal Athenas e Guarda Roupa Andara Frassino Off White com Pés - Lopas</span></p><p><span>Para ter um quarto organizado e acolhedor você precisa de uma Cama e Guarda Roupa como os das linhas Athenas e Andara, foram desenvolvidos pela Lopas, a cama com seu design moderno para agregar um charme no quarto e garantir uma ótima noite de sono e o guarda roupa com amplo espaço interno, ótimas repartições para lhe proporcionar maior organização e praticidade que irá precisar no seu dia a dia e irá garantir modernidade e sofisticação ao quarto. Não perca a chance de adquirir esse lindo conjunto!</span><br><span><br></span></p><p><span><span><span><span><span>Cama Casal Athenas 140 Frassino Off White Flex - Lopas<br></span></span></span></span></span>Características Técnicas:<br>- Desenvolvido em MDP/MDF<br>- Pintura em U.V e acabamento em micro textura<br>- Acabamento com toque aveludado<br>- Produto flex, painel podendo ser montados nas cores:<br>Frassino<br>Frassino/Off White<br>- Painéis da peseira e da cabeceira em MDF de 15mm<br>- Cabeceira com detalhes frisados<br>- Barra lateral em MDF de 25mm<br>- Estrados em MDF de 6mm com cinco travessões que trazem mais segurança<br>- Dispositivos antirruído nos travessões<br>- Estrutura firme e robusta, suportando até160Kg<br>- Tamanho ideal para colchões de 138cm (vendido separadamente)<br>- Pés robustos maciços em MDF de 74 mm<br>- Lindo e moderno design</p><p>Dimensões:<br>Altura: 112 cm<br>Largura: 147 cm<br>Profundidade: 206 cm</p> <p><span>Guarda Roupa Casal Andara Frassino Off White com Pés - Lopas<br>Características:<br></span>- Produto em MDP com chapas de 12 e 15mm<br>- Pintura U.V <br>- 8 Portas<br>- Dobradiças metálicas de 26 mm<br>- 4 Gavetas grandes e espaçosas<br>- Gavetas com corrediças telescópicas<br>- Gavetas com distanciadores em MDF<br>- Puxadores em MDF<br>- 12 prateleiras internas<br>- Maleiro sem divisória<br>- Cabideiro em alumínio<br>- Espaço para calçado<br>- Pés inclusos<br>- Lindo design</p><p><span>Dimensões:</span><br><span>Altura: 223 cm</span><br><span>Largura: 236 cm</span><br><span>Profundidade: 46 cm<br><br></span></p><p><span>Informações importantes:</span><br><span>- Não realizamos a montagem ou instalação do produto, porém acompanha manual de instruções.</span><br><span>- Toda mercadoria segue segurada contra qualquer sinistro, em caso de anormalidade, recuse.</span><br><span>- Conferir a quantidade de volumes.</span><br><span>- As caixas ou pacotes possuem identificação com o nome, cidade e quantidades de volumes relativos à compra para conferencia do recebedor.</span></p>","{""marca"":""Lopas"",""tamanho"":""Casal""}",,Lopas,,,Casal,,,,,,,,,,,,Off White,Lopas,4,8,Casal,Guarda Roupa,MDP,Moderno,Com Pés,MDF,12,236 cm,8 Portas,Não informado,"Gavetas com corrediças telescópicas, Gavetas com distanciadores em MDF, Puxadores em MDF, Maleiro sem divisória, Cabideiro em alumínio, Espaço para calçados",Não informado,,,,,,,,,
Guarda Roupa Carraro Loft 1106 7 Pts c/ Esp Legno/Off White,"<strong>Guarda Roupa Carraro Loft 1106 7 Portas e 3 Gavetas c/ Espelho - Legno c/ Off White</strong><br> <br> Marca: <strong>Carraro</strong><br><br>Dimensões(Cm): Comprimento(Profundidade): 52,00 x Largura: 223,30 x Altura: 224,00<br> <br> <strong>CARACTERÍSTICAS DE MÓVEIS</strong><br> <strong>Tipo de Estrutura do Móvel</strong><br> - MDF / MDP<br> <strong>Tipo de Pintura</strong><br> - UV (Ultravioleta)<br> <strong>Tipo de Acabamento da Pintura</strong><br> - Semi Brilho<br> <strong>Quantidade de Prateleiras</strong><br> - 6 Prateleiras<br> <strong>Quantidade de Gavetas</strong><br> - 3 Gavetas<br> <strong>Diferenciais da Gaveta</strong><br> - Corrediças Metálicas<br> <strong>Quantidade de Portas</strong><br> - 7 Portas de Abrir<br> <strong>Garantia</strong><br> - 3 Meses<br> <br> <br> <strong> Não nos responsabilizamos pela montagem/instalação dos produtos.</strong><br> <strong>Todas as informações divulgadas são de responsabilidade exclusiva do fabricante/fornecedor. </strong><br> <strong>Imagens Meramente Ilustrativas.</strong><br> <strong>Verifique com os fabricantes do produto e de seus componentes eventuais limitações à utilização de todos os recursos e funcionalidades.</strong>","{""cor"":""Off White"",""marca"":""Carraro""}",Off White,Carraro,,,,,,,,,,,,,,,Off White,Carraro,3 Gavetas,7 Portas,Não informado,Guarda Roupa,MDF  MDP,Não informado,Não informado,Não informado,6 Prateleiras,5200,7 Portas de Abrir,Não informado,Corrediças Metálicas,Não informado,Legno e Off White,Carraro,3 Gavetas,7 Portas,,,MDF e MDP,,Convencional
Guarda Roupa Casal Napoles 6 Portas 9 Gavetas Ypê - MinasPlac,"Guarda Roupa Casal Nápoles 6 Portas 9 Gavetas<br> <br>Guarda Roupa Casal Nápoles que é ideal para deixar o seu ambiente ainda mais bonito! Feito em mdp com portas de correr, o produto possui amplo espaço interno. Mais resistência, durabilidade e acabamento. Revestimento interno e externo.<br> <br>Dimensões<br> <br>Altura: 216 cm;<br> <br>Largura: 202 cm;<br>Profundidade: 45 cm;<br>Peso máximo por prateleira: 15 kg.<br> <br> <br>Características<br> <br>Espelho colado nas duas Portas centrais;<br> <br>Gaveta com corrediça metálica;<br>Puxador com design moderno na cor bronze;<br>Porta de bater com dobradiça de pressão;<br>Kit Pé opcional não acompanha o produto;<br>Número de portas: 6 portas;<br>Recursos 2 espelho;<br>Número de gavetas: 9 gavetas;<br>Tipo de produto: Casal;<br>Material do puxador da gaveta: plástico;<br>Garantia do fornecedor: 03 meses;<br>Tipo de corrediça da gaveta: metálica simples;<br>Acabamento da porta: pintura texturizada uv;<br>Itens inclusos: 1 guarda roupa, 1 manual de montagem;<br>Possui espelho: sim;<br>Possui cabideiros: 02;<br>Material: MDP.<br> <br>INFORMAÇÕES<br> <br>Pode haver alguma diferença de tonalidade entre a foto e o produto, devido ao tratamento de imagens e a calibração do monitor.<br> <br>Em caso de divergências de informações, o preço válido será o informado no carrinho de compras<br>A entrega é realizada por transportadora, não nos responsabilizamos, no ato da entrega por desmontagens, subir escadas/elevadores ou transporte por guincho para apartamentos.<br>Eventuais despesas são de responsabilidade do cliente.<br>Confira as dimensões dos volumes e certifique-se de que passará normalmente por supostos elevadores, portas, escadas ou corredores.<br>Ao receber a mercadoria, verifique as condições da embalagem, caso haja alguma avaria, entre em contato com nosso SAC.<br>Não nos responsabilizamos pela montagem dos produtos, mas todos os produtos possuem manual de montagem e você mesmo poderá montá-lo ou contratar um profissional.","{""cor"":""Ypê"",""quantidade_de_gavetas"":""9 Gavetas"",""tamanho"":""Casal""}",Ypê,,9 Gavetas,,Casal,,,,,,,,,,,,Não informado,MinasPlac,9 gavetas,6 Portas,Casal,Guarda Roupa,MDP,Não informado,Kit Pé opcional não acompanha o produto,MDP,Não informado,202 cm,6 portas,de correr,2 espelho,Não informado,Ipê,MinasPlac Móveis,9 Gavetas,6 Portas,Casal,,MDP,,Convencional
Cama Solteiro Athenas e Guarda Roupa Andara Frassino Off White com Pés - Lopas,"<p><span>Cama Solteiro Athenas e Guarda Roupa Andara Frassino Off White com Pés - Lopas</span></p><p><span>Para ter um quarto organizado e acolhedor você precisa de uma Cama e Guarda Roupa como os das linhas Athenas e Andara, foram desenvolvidos pela Lopas, a cama com seu design moderno para agregar um charme no quarto e garantir uma ótima noite de sono e o guarda roupa com amplo espaço interno, ótimas repartições para lhe proporcionar maior organização e praticidade que irá precisar no seu dia a dia e irá garantir modernidade e sofisticação ao quarto. Não perca a chance de adquirir esse lindo conjunto!</span><br><span><br></span></p><p><span><span><span><span><span><span>Cama Solteiro Athenas 90 Frassino Off White Flex - Lopas<br></span></span></span></span></span></span>Características Técnicas:<br>- Desenvolvido em MDP/MDF<br>- Pintura em U.V e acabamento em micro textura<br>- Acabamento com toque aveludado<br>- Produto flex, painel podendo ser montados nas cores:<br>Frassino<br>Frassino/Off White<br>- Painéis da peseira e da cabeceira em MDF de 15mm<br>- Cabeceira com detalhes frisados<br>- Barra lateral em MDF de 25mm<br>- Estrados em MDF de 6mm com cinco travessões que trazem mais segurança<br>- Dispositivos antirruído nos travessões<br>- Estrutura firme e robusta, suportando até 90Kg<br>- Tamanho ideal para colchões de 880mm (vendido separadamente)<br>- Pés robustos maciços em MDF de 74 mm<br>- Lindo e moderno design</p><p>Dimensões:<br>Altura: 112 cm<br>Largura: 98 cm<br>Profundidade: 206 cm<br><br></p><p><span>Guarda Roupa Casal Andara Frassino Off White com Pés - Lopas<br>Características:<br></span>- Produto em MDP com chapas de 12 e 15mm<br>- Pintura U.V <br>- 8 Portas<br>- Dobradiças metálicas de 26 mm<br>- 4 Gavetas grandes e espaçosas<br>- Gavetas com corrediças telescópicas<br>- Gavetas com distanciadores em MDF<br>- Puxadores em MDF<br>- 12 prateleiras internas<br>- Maleiro sem divisória<br>- Cabideiro em alumínio<br>- Espaço para calçado<br>- Pés inclusos<br>- Lindo design</p><p><span>Dimensões:</span><br><span>Altura: 223 cm</span><br><span>Largura: 236 cm</span><br><span>Profundidade: 46 cm<br><br></span></p><p><span>Informações importantes:</span><br><span>- Não realizamos a montagem ou instalação do produto, porém acompanha manual de instruções.</span><br><span>- Toda mercadoria segue segurada contra qualquer sinistro, em caso de anormalidade, recuse.</span><br><span>- Conferir a quantidade de volumes.</span><br><span>- As caixas ou pacotes possuem identificação com o nome, cidade e quantidades de volumes relativos à compra para conferencia do recebedor.</span></p>","{""marca"":""Lopas"",""tamanho"":""Solteiro""}",,Lopas,,,Solteiro,,,,,,,,,,,,Off White,Lopas,4,8,Casal,Guarda Roupa,MDP,Moderno,Pés,MDF,12,236 cm,8 Portas,Não informado,"Gavetas com corrediças telescópicas, Gavetas com distanciadores em MDF, Puxadores em MDF, Maleiro sem divisória, Cabideiro em alumínio, Espaço para calçados",Não informado,,,,,,,,,
Guarda Roupa Solteiro 2 Portas 2 Gavetas Duquesa,"O Guarda - Roupa Duquesa é um produto espaçoso pensado para o armanezamento de uma maneira funcional e prática, para isto ele conta com 2 portas com trilhos plástico superior e metálico inferior e 2 gavetas internas com corrediças telescópicas. Para dar um toque especial, ele possui um puxador embutido na cor bronze em sua porta esquerda, além de vistas externas de 12mm, o que dá todo requinte para seu ambiente, ainda conta com 2 prateleiras para organizar seus objetos, fora um espaçoso maleiro superior. Para roupas mais delicadas possui dois cabideiros, ambos em alumínio, tudo isto para manter suas roupas passadas e organizadas.","{""cor"":""Off White"",""quantidade_de_gavetas"":""2 Gavetas"",""tamanho"":""Solteiro""}",Off White,,2 Gavetas,,Solteiro,,,,,,,,,,,,Não informado,Duquesa,2,2,Solteiro,Guarda-Roupa,Não informado,Não informado,Não informado,Não informado,2,Não informado,2 portas com trilhos plástico superior e metálico inferior,Não informado,"gavetas internas com corrediças telescópicas, puxador embutido na cor bronze, vistas externas de 12mm, maleiro superior, 2 cabideiros em alumínio",Não informado,Cacau e Off White,Dj Móveis,2 Gavetas,2 Portas,Solteiro,,MDF,Moderno ,Correr
Guarda-Roupa Casal Paola Gold 3 PT 4 GV Branco,"Que tal o Guarda-Roupa Paola?Móvel essencial para todos os lares o Guarda-Roupa Paola cumpre todas as expectativas quando o assunto é espaço de Braçoazenamento. Com três portas e quatro gavetas, ele deixa suas peças de vestuário sempre bem organizadas e ajuda na pRodenticidade do dia a dia. Já por fora, a aplicação de espelhos, além de ser de grande ajuda na hora de conferir o look do dia, ainda dá um sensação de amplitude ao cômodo. Não é perfeito? ;)","{""cor"":""Branco"",""tamanho"":""Casal""}",Branco,,,,Casal,,,,,,,,,,,,Branco,PaolaMóvel,4 GV,3 PT,Casal,Guarda-Roupa,Não informado,Não informado,Espelhos,Não informado,Não informado,Não informado,Não informado,Não informado,Não informado,Não informado,Branco,Mobly,4 Gavetas,3 Portas,Casal,,MDP,,Correr
Guarda Roupas 3 Portas de Correr   correr e 8 Gavetas c/ 1 Espelho Front Freijó/FendiOff - Novo Horizonte,"<strong>Guarda Roupas 3 Portas de Correr correr e 8 Gavetas c/ 1 Espelho Front Freijó/FendiOff - Novo Horizonte</strong><br> <br> Marca: <strong>Novo Horizonte</strong><br><br>Dimensões(Cm): Comprimento(Profundidade): 55,5 x Largura: 273,6 x Altura: 236,4<br> <br> <strong>CARACTERÍSTICAS DE MÓVEIS</strong><br> <strong>Tipo de Estrutura do Móvel</strong><br> - MDF<br> <strong>Tipo de Pintura</strong><br> - UV<br> <strong>Tipo de Acabamento da Pintura</strong><br> - Semi Brilho<br> <strong>Tipo de puxador</strong><br> - Metálico<br> <strong>Quantidade de Prateleiras</strong><br> - 6<br> <strong>Quantidade de Gavetas</strong><br> - 8<br> <strong>Diferenciais da Gaveta</strong><br> - c/ Corrediças Telescópicas<br> <strong>Quantidade de Portas</strong><br> - 3<br> <strong>Garantia</strong><br> - 3<br> <br> <strong>BENEFÍCIOS DE MÓVEIS</strong><br> <strong>Certificação de Qualidade de Móveis</strong><br> - Qualidade Aprovada<br> <br> <strong>04 - CARACTERÍSTICAS E BENEFÍCIOS DOS MÓVEIS DE QUARTO</strong><br> <strong>Tamanho do Guarda-Roupa</strong><br> - Casal<br> <br> <br> <strong> Não nos responsabilizamos pela montagem/instalação dos produtos.</strong><br> <strong>Todas as informações divulgadas são de responsabilidade exclusiva do fabricante/fornecedor. </strong><br> <strong>Imagens Meramente Ilustrativas.</strong><br> <strong>Verifique com os fabricantes do produto e de seus componentes eventuais limitações à utilização de todos os recursos e funcionalidades.</strong>","{""marca"":""Móveis Novo Horizonte"",""tamanho"":""Casal""}",,Móveis Novo Horizonte,,,Casal,,,,,,,,,,,,Freijó,Novo Horizonte,8,3,Casal,Guarda-Roupas,MDF,Não informado,c 1 Espelho Front,Não informado,6,555,3 Portas de Correr,Correr,c Corrediças Telescópicas,Não informado,Fendi e Freijó,Novo Horizonte,8 Gavetas,3 Portas,Casal,,MDF,,Correr
Guarda-roupa Corey C/ Cama Auxiliar Finish Foil Branco Premium OOL,"Beleza e requinte são adjetivos do roupeiro Corey. Com sua estrutura de MDP ele possui um espaço interno bem dividido e com muito espaço para guardar tudo que você precisa. Além disso, ainda conta com acabamento em pintura finish foil, ideal para a segurança e o conforto usuário. Tenha um quarto bonito e bem decorado com o roupeiro Corey.","{""cor"":""Branco Premium"",""marca"":""Multimóveis"",""quantidade_de_portas"":""3 Portas""}",Branco Premium,Multimóveis,,3 Portas,,,,,,,,,,,,,Branco,Corey,Não informado,Não informado,Não informado,Guarda-roupa,MDP,Não informado,Cama Auxiliar,Não informado,Não informado,Não informado,Não informado,Não informado,Finish Foil,Não informado,,,,,,,,,
Guarda Roupa Infantil Ambiente 4 Portas Confete Branco Brilho Jequitibá HP - Henn,"<p>Guarda Roupa Infantil Ambiente 4 Portas Confete Branco Brilho Jequitibá HP - Henn<br>O quartinho do seu bebê precisa de móveis para proporcionar modernidade, organização e praticidade no seu dia a dia, então fechamos parceria com a Henn para apresentar o Guarda Roupa Infantil 4 Portas Confete, desenvolvido em MDP e MDF, possui design super sofisticado em suas portas com puxadores quadrados e vidros, e amplo espaço interno com várias repartições e gavetas, não perca mais tempo e aproveite!<br><br></p><p>Características Técnicas</p><p>Material da estrutura em MDP e MDF<br>- Acabamento em pintura U.V <br>- 4 Portas<br>- 2 Gavetas<br>- Corrediças telescópica<br>- Pés em madeira MDP<br>- Cabideiro em alumínio<br>- Puxadores em alumínio<br>- Prateleiras<br>- Chapéu com acabamento soft<br>- Portas com usinagem e vidro<br>- Design moderno<br>- Amplo espaço interno<br><br></p><p>Dimensões<br>Altura: 200 cm<br>Largura: 131 cm<br>Profundidade: 41 cm<br><br><span>Atenção: Não realizamos a montagem ou instalação do produto, porém acompanha manual de instruções.</span><br><span>Importante: Imprescindível a conferência no ato da entrega. Em caso de anormalidade, recuse.</span></p>","{""marca"":""Henn""}",,Henn,,,,,,,,,,,,,,,Branco Brilho,Henn,2,4,Não informado,Infantil,MDP e MDF,Moderno,Não informado,MDP e MDF,Não informado,Não informado,4 Portas,Com Vidro,"Corrediças telescópicas, Pés em madeira MDP, Cabideiro em alumínio, Puxadores em alumínio, Prateleiras, Chapéu com acabamento soft, Portas com usinagem e vidro, Design moderno, Amplo espaço interno",Confete,Branco,Henn,2 Gavetas,4 Portas,,,MDF e MDP,,Convencional
Guarda Roupa 6 Portas Itatiba Linha Smart 868391 Castanho Wood Baunilha Moval,"Um produto compacto, espaçoso, moderno e elegante para deixar o ambiente mais bonito e organizado, este é o guarda roupa é ideal para você. As excelentes repartições possibilitam acomodar organizadamente roupas, edredons, travesseiros, calçados e objetos pessoais.<br>Especificações:<br>6 Portas<br>3 gavetas, sendo a 1o com chave<br>Corrediças metálicas<br>Bastões em alumínio<br>Pés em PVC inclusos na embalagem<br>Dimensões:<br>Altura: 204 cm<br>Largura: 165 cm<br>Profundidade: 47 cm<br>Peso: 92 kg<br>Volumes: 2<br>Caro cliente, por gentileza solicitamos que confira o produto no ato da entrega, atento a todos os detalhes. O manuseio incorreto no transporte pode ocorrer danos no produto.<br>GARANTIA: NÃO COBRE DEFEITOS POR MAU USO OU PELA MONTAGEM INCORRETA.<br>A MONTAGEM DO PRODUTO É DE RESPONSABILIDADE DO COMPRADOR.","{""cor"":""Castanho Wood, Baunilha"",""marca"":""Moval""}","Castanho Wood, Baunilha",Moval,,,,,,,,,,,,,,,Castanho Wood Baunilha,Moval,3,6,Não informado,Guarda-Roupa,Não informado,Moderno,Não informado,Não informado,Não informado,165,6 Portas,Não informado,"Corrediças metálicas, Bastões em alumínio, Pés em PVC",Não informado,Baunilha e Castanho Wood,Moval,3 Gavetas,6 Portas,Casal,,,,Convencional
Guarda Roupa Casal 6 Portas 6 Gavetas - Da Vinci Plus Ripado-Branco - Móveis D'Doro,"Guarda Roupa Casal 6 Portas 6 Gavetas - Da Vinci Plus Ripado-Branco - Móveis D'Doro<br> <br>Com design moderno e versátil, o Guarda Roupa Da Vinci Plus conta com seis portas de puxar e com uma estrutura 100% em MDF. Além disso, possui 6 gavetas internas com corrediças telescópicas. E para completar possui divisão ELE/ELA que auxilia na organização do casal. Decore o seu quarto com esse guarda roupa incrível! Confira!<br> <br>Faz parte do anúncio:<br>Guarda Roupa Casal 6 Portas 6 Gavetas - Da Vinci Plus Ripado - Móveis D'Doro<br>Obs. Objetos de decoração não inclusos<br> <br>Particularidades do guarda-roupa:<br>Características:<br>- 100% MDF;<br>- Gavetas com corrediças telescópicas;<br>- Profundidade da gaveta: 40 cm;<br>- Suporte cabide metálico;<br>- Puxadores de madeira;<br>- Produzido com chapa de 15mm e 25mm;<br>- Gavetas com puxador;<br> <br>Dimensões:<br>Altura: 2,40 metros<br>Largura: 2,75 metros<br>Profundidade: 57 centímetros<br> <br>Informações Importantes:.<br>- O envio desse produto é feito através de transportadora.<br>- Produtos podem apresentar diferenças de tonalidades entre a foto na tela e o produto real, devido a calibração de cor de tela. <br>- Limpar com flanela ou pano macio. Não utilizar álcool. Não utilizar produtos abrasivos ou corrosivos.<br>- Nós prezamos pela qualidade da entrega em primeiro lugar, trabalhamos com transportadoras altamente selecionadas e os melhores materiais de embalagem.<br>- A montagem é de total responsabilidade do comprador. Antes de comprar, verifique o espaço disponível para a montagem.<br>- Certifique-se de que o produto caiba em elevadores e vãos de escadas, não fazemos içamentos. Quaisquer despesas deste tipo ficam a cargo do cliente.<br>- Garantia de 3 meses contra defeitos de fabricação.","{""marca"":""D'Doro"",""tamanho"":""Casal""}",,D'Doro,,,Casal,,,,,,,,,,,,Branco,Móveis DDoro,6 Gavetas,6 Portas,Casal,Guarda-Roupa,MDF,Moderno,Ripado,MDF,Não informado,Não informado,6 Portas,Puxar,"Corrediças telescópicas, Suporte cabide metálico, Puxadores de madeira, Divisão ELEELA",Não informado,Branco,D'Doro Móveis,6 Gavetas,6 Portas,Casal,,MDF,Moderno ,Convencional
Guarda-roupa Solteiro com Espelho 2 Portas,"A decoração do quarto é uma das mais importantes da casa. Afinal, é o ambiente em que você vai passar as horas de maior intimidade e descanso. O guarda-roupa de solteiro Luke 10445ZA1ECP da Madesa é um móvel indispensável para compor este ambiente. Se você tem um quarto pequeno ou quer mais espaço para o cômodo, ter um guarda-roupa de solteiro é uma ótima ideia! Ele possui 2 portas, 2 gavetas, 2 prateleiras e espaço para cabideiros que te ajudam na organização das suas roupas tanto quanto um modelo maior.Fabricado em MDP com pintura poliéster de alta resistência, o guarda-roupa na cor rustic já vem com espelho, assim você vai ter a sensação de que seu quarto é maior.","{""cor"":""Rustic"",""marca"":""Madesa"",""quantidade_de_gavetas"":""2 Gavetas"",""quantidade_de_portas"":""2 Portas"",""tamanho"":""Solteiro""}",Rustic,Madesa,2 Gavetas,2 Portas,Solteiro,,,,,,,,,,,,rustic,Madesa,2,2,solteiro,Guarda-roupa,MDP,Não informado,Espelho,MDP,2,Não informado,2 Portas,Não informado,Não informado,Não informado,Marrom,Madesa,2 Gavetas,2 Portas,Solteiro,,MDP,Moderno ,Correr
Guarda Roupa Casal com 8 Portas Munique Demóbile Ebano Touch,"Roupeiro com divisão excelente unindo uma ótima distribuição do espaço interno devido a quantidade de prateleiras, como pelo compartimento inferior apropriado para sapatos.<br> <br> Características:<br> 8 Portas<br> 2 Gavetas<br> Prateleiras<br> Estrutura em mdp<br> Acabamento pintura uv<br> Cabideiro em alumínio<br> <br> Dimensões:<br> Altura: 201 cm<br> Largura: 162 cm<br> Profundidade: 47 cm<br> Peso: 80 kg<br> Volumes: 2<br> <br> Para garantir a qualidade do produto dentro da embalagem, as caixas são revestidas por um plástico termoencolhível e todas as peças são separadas por isomanta, tudo para preservar e evitar o atrito entre as peças dentro da embalagem. Você contará também com um manual com o passo a passo para auxiliar no momento da sua montagem.",{},,,,,,,,,,,,,,,,,Ebano Touch,Demóbile,2 Gavetas,8 Portas,Casal,Guarda Roupa,mdp,Não informado,Não informado,Não informado,Prateleiras,162 cm,8 Portas,Não informado,Cabideiro em alumínio,Não informado,Preto,Munique,2 Gavetas,8 Portas,Casal,,MDP,Moderno ,Convencional
Guarda Roupa Casal Paris Multiuso Organizador 6 Portas 3 Gavetas 4 Prateleiras Off White Marrom,"<p>O Guarda Roupa Paris Off White Nogueira da Doripel Móveis é um produto bonito e muito prático, esse móvel é perfeito para quem procura uma divisão com prateleiras e cabideiros. A facilidade em se adaptar com diversos ambientes é algo que faz o produto se destacar dos demais.</p><p>Especificações:</p><p>Comprimento: 183 cm</p><p>Largura: 47 cm</p><p>Altura: 200 cm</p><p>Produto: MDP</p><p>6 Portas</p><p>3 Gavetas</p><p>2 Cabideiros</p><p>4 Prateleiras</p><p>Recomendação de Limpeza: Limpar com pano seco para retirar o pó. Não aplicar produtos abrasivos.</p><p>Produtos de Enfeite e Eletrônicos Não Estão Inclusos.</p>","{""marca"":""Doripel Móveis"",""tamanho"":""Casal""}",,Doripel Móveis,,,Casal,,,,,,,,,,,,Off White Marrom,Doripel Móveis,3,6,Casal,Guarda Roupa,MDP,Multiuso,Não informado,MDP,4,183 cm,6,Não informado,2 Cabideiros,Paris,Off White e  Marrom,Doripel,3 Gavetas,6 Portas,Casal,,MDP,Moderno ,Convencional
Guarda Roupa Moderno Cappuccino Primacy Batrol,"<p>Dimensões do produto: Largura 84,4 cm; Profundidade 46,5 cm; Altura 185 cm.</p><p>Itens Inclusos: 1 guarda roupa</p><p>-Feito de MDP<br>-Acompanha pé<br>-Pé retangular <br>-Cabideiro metálico obilongo<br>-Dobradiça de pressão<br>-Puxador angelina comado</p><p>Complexidade da montagem: Média, pode ser montado por apenas uma pessoa e/ou necessite de maior conhecimento para montagem.</p><p>Recomendações de uso, manutenção e limpeza: Limpar com flanela ou pano macio seco, não utilizar produtos abrasivos, desengordurantes, álcool ou solvente. Não expor o produto diretamente a luz solar e à umidade</p><p>Garantia: 3 meses</p><p>OBS: Foto meramente ilustrativa, objetos, utensílios e decoração não fazem parte do produto.</p>","{""tamanho"":""Solteiro""}",,,,,Solteiro,,,,,,,,,,,,Cappuccino,Primacy,Não informado,Não informado,Não informado,Guarda Roupa,MDP,Moderno,Não informado,MDP,Não informado,844 cm,Não informado,Não informado,"Cabideiro metálico, Dobradiça de pressão, Puxador angelina",Não informado,MARROM,Batrol Móveis,2 Gavetas,3 Portas,	Solteiro,,MDP,Moderno ,Convencional
Guarda Roupa 6 Portas e 4 Gavetas Mônaco L01 Freijó/Grafite - Amarena Móveis,"<br>O Guarda Roupa 6 Portas e 4 Gavetas Mônaco, possui um design sofisticado e de grande praticidade, que vai deixar seu ambiente mais moderno e aconchegante. Possui gavetas com excelente profundidade, cabideiro e prateleiras estrategicamente posicionadas para melhor acomodação dos objetos e vestuário.<br><br><strong>Especificações Técnicas do Guarda Roupa 6 Portas e 4 Gavetas Mônaco: </strong><br><br>- <strong>Altura:</strong> 201,2 cm;<br>- <strong>Largura:</strong> 180 cm;<br>- <strong>Profundidade:</strong> 47 cm;<br><br><strong>Diferenciais do Guarda Roupa 6 Portas e 4 Gavetas Mônaco: </strong><br><br>- <strong>Material da Estrutura:</strong> estrutura em MDP de 25mm e 15mm de alta qualidade e resistência;<br>- <strong>Características:</strong> Pintura UV texturizado;<br><br><strong>Recomendações de limpeza: </strong><br><br>-Limpar com flanela limpa e seca. Não molhar o móvel e não expor em lugar úmido ou próximo de fontes de calor. Não usar produtos abrasivos.<br><br><strong>Observações Importantes: </strong><br><br>- As imagens ambientadas são meramente ilustrativas e podem apresentar itens que não compõe o produto;<br>- Objetos decorativos que aparecem na foto não acompanham o produto;<br>- As cores do produto podem variar de acordo com o monitor, a iluminação do ambiente, ou sua percepção visual;<br>- O Guarda Roupa 6 Portas e 4 Gavetas Mônaco chegará desmontado para você, recomendamos que a montagem seja feita por um profissional.<br>- Confira as dimensões antes da compra e certifique-se de que o produto passará por elevadores, portas e corredores;<br>- Produto para uso residencial em ambiente interno, não devendo ficar exposto diretamente ao sol, calor e umidades excessivas.",{},,,,,,,,,,,,,,,,,FreijóGrafite,Amarena Móveis,4,6,Não informado,Guarda Roupa,MDP,Moderno,Não informado,MDP,Não informado,180,6 Portas,Não informado,"gavetas com excelente profundidade, cabideiro, prateleiras",Não informado,Freijó e Grafite,Amarena Móveis,4 Gavetas,6 Portas,Casal,,MDP,Moderno ,Convencional
Guarda-roupa Henn Açaí 03 Portas 02 Gavetas,"O Guarda roupa Henn Açai tem design atual e moderno, com acabamento ripado, para deixar o ambiente mais aconchegante e sofisticado! Com 03 portas e com a divisão interna é inteligente, projetada para acomodar de maneira mais eficiente suas peças. Guarda-Roupa Açaí 3 Portas foi desenvolvido para oferecer praticidade no seu dia a dia, proporcionando muito mais comodidade na hora de organizar suas roupas, com 2 gavetas na parte externa para organização de peças menores, com corrediças metálicas que permite um deslize mais seguro e suave. Ideal para ambientes com pouco espaço. Produzido em MDP. Cabideiros resistentes para organização das roupas penduradas. Os puxadores são em ABS cromado, porta com chave. Complemente seu quarto com bom gosto e qualidade.CARACTERÍSTICAS GERAIS:Estilo: ModernoLinha: AçaíAmbiente Principal: QuartoMarca: HennOrigem: NacionalGarantia do Fornecedor: 3 MesesItens Inclusos: Um Roupeiro e Manual de MontagemATENÇÃO / IMPORTANTE:Necessita Montagem: SimSistema de Montagem: Parafusos e CavilhasMontagem Flex: NãoComplexidade de Montagem: Média pode ser montado por mais de uma pessoa ou necessitar maior conhecimento de montagem.Montagem/instalação a cargo do cliente. Não dispomos de montadores. Mas acompanha manual para montagem, bastante intuitivo.Recomendações de Uso, Manutenções e Limpeza: Para limpeza de seu móvel, use uma flanela limpa e seca. Não utilize produtos químicos que possam danificar o produto.As cores podem sofrer alterações devido a luminosidade, monitor e a percepção do usuário.Desmontagens, subir escadas/elevadores ou transporte por guincho para apartamentos, e suas despesas são a cargo do cliente.Eletros, Eletrônicos e decorações não acompanham o produto.FICHA TÉCNICA:Cor Interna: Na versão Branco, é Trama Branco, nas versões Jequitibá Brilho e Castanho/Off White é TramaAcabamento: na versão Jequitibá Brilho é Pintura UV, Nas versões Branco, e Castanho/Off White é Pintura UV Texturizada.Escala de Brilho: Nas versões Jequitibá Brilho, Off White e Branco é Brilho e na versão Castanho é FoscoMaterial Principal: MDPQtd. Gavetas: 2 UndPeso Máximo por Gaveta: Cada gaveta suporta até 3 Kg, a carga deve ser distribuída uniformemente.Material do Puxador Gaveta: ABSMaterial da Corrediça: Metálica SimplesMaterial da Gaveta: MDPQtd. Portas: 3 UndMaterial da Porta: MDPPorta com Chave: Sim, uma das portas possui chave.Material da Dobradiça: MetálicaMaterial do Puxador Porta: ABSTipo Porta: BaterQtd. Prateleiras: 4 UndPeso Máximo por Prateleira: A Prateleira suporta até 8 Kg, a carga deve ser distribuída uniformemente.Material da Prateleira: MDPQtd. Pés: 4 UndPés Reguláveis: Não PossuiMaterial Pés: ABSAltura Pés/Rodapés: 5 CmProduto Suporta até: 54 KgPossui Vidro: Não PossuiPossui Espelho: Não PossuiPossui Espaço para Vestidos Longos: SimMedidas Montado: (A x L x P) 180,5 x 91 x 46,5 CmPeso Montado: 50 Kg","{""marca"":""Henn""}",,Henn,,,,,,,,,,,,,,,Não informado,Henn,2,3,Não informado,Guarda-roupa,MDP,Moderno,Não informado,MDP,4,465,3,Bater,Não informado,Não informado,Jequtibá Brilho,Henn,2 Gavetas,3 Portas,	Solteiro,,MDP,Moderno ,Convencional
Guarda Roupa Modulado Requinte com 2 Portas e 1 Nicho - Branco Line,"Guarda Roupa Modulado Requinte com 2 Portas e 1 Nicho - Branco Line<br> <p>O Guarda Roupa Modulado Requinte é versátil, pois possibilita você acrescentar opções de módulos conforme seu desejo e necessidade. Ele é perfeito para colocar no quarto, fazendo com que você aproveite todos os espaços. Conta com 2 portas, 4 nichos internos e 1 nicho externo com muito espaço para guardar objetos. E, se você desejar ampliar esse móvel, bastar comprar e associar outros módulos Requinte ao roupeiro, mas antes, verifique a medida e o desenho do seu espaço para certificação dessa incrível possibilidade.</p><br> <p>MDF<br>Trata-se de um painel de madeira reconstituída, produzido por meio da aglutinação de fibras de madeira com resinas sintéticas e aditivos. As placas de madeira são coladas umas sobre as outras com resina, e fixadas através de pressão. Empregado em partes aparentes dos móveis, onde serão aplicados acabamentos. Uma madeira que permite mais criatividade no design dos móveis, por isso, é indicada em peças que terão partes arredondadas e contornos. O material também é recomendado em casos de usinagem em baixo relevo e entalhamento.</p>Acabamento<p>Pintura UV - Consiste em um processo de cura com a utilização de raios ultravioletas, ou seja, após o procedimento de pintura, o material é exposto às luzes UV para realizar uma secagem. Melhora no acabamento gerando maior valor agregado e durabilidade.<br><br></p><br> <p>Garantia<br>03 meses - garantia de fábrica</p><br> <p>Características <br>- Branco Line<br>-Cor do nicho Macadâmia<br>- Estrutura: MDF<br>- Acabamento: Interno (Pintura em impressão UV com Verniz) /Externo (Pintura em impressão UV com verniz alto relevo)<br>- 2 Portas com montagem direita/esquerda<br>- Dobradiças metálicas com amortecedor<br>- 4 Nichos internos<br>- 1 Nicho externo<br>- Peso suportado: 8 kg por prateleira<br>- Linha Requinte+<br>- Móvel desmontado<br>- Manual de montagem<br>- Marca: Móveis Castro</p><br> <p>Dimensões <br>Peso: 48,65 Kg<br>Altura: 230 cm<br>Largura: 45 cm<br>Profundidade: 45 cm</p><br> <p>Outra Informações<br>- Na limpeza não utilizar produtos químicos e abrasivos, usar apenas um pano umedecido, seguido de pano seco, para garantir a maior durabilidade do móvel.<br>- Os objetos que ambientam as fotos não acompanham o produto.<br>- Imagens meramente ilustrativas. Cores e tonalidades podem variar.<br>- Antes de comprar o seu produto verifique as medidas, o local onde pretende instalar e se é necessário contratar o serviço de um profissional qualificado.</p>","{""marca"":""Móveis Castro""}",,Móveis Castro,,,,,,,,,,,,,,,Branco Line,Móveis Castro,Não informado,2,Não informado,Modulado,MDF,Requinte,Não informado,MDF,Não informado,45 cm,2 Portas com montagem direitaesquerda,Não informado,Dobradiças metálicas com amortecedor,Não informado,Branco Line,Móveis Castro,,2 Portas,	Solteiro,Modulado,MDF,Moderno ,Convencional
Guarda Roupa Casal 3 Portas Residence c/ Pés 32230PE Amêndola Touch / Off White Demóbile,"Conforto, sofisticação e praticidade são pontos fortes deste roupeiro. As portas deslizantes proporcionam economia de espaço no quarto, juntamente com as gavetas internas pela facilidade do manuseio. Porta de espelho inteiriço emoldurada em MDF que oferece requinte e beleza ao ambiente. Prateleiras que oferecem organização às roupas e aos pequenos objetos do casal. Cabideiros e trilho inferior em alumínio<br>Características:<br>Porta inteiriça em espelho<br>Distribuição ELE/ELA<br>Produzido em MDP de alto desempenho<br>Acabamento em pintura UV<br>4 compartimentos com cabideiros de alumínio, prateleiras, gavetas com corrediças metálicas e maleiro<br>Cor Amendola Touch / Off White com montagem FLEX<br>Dimensões:<br>Altura: 218 cm<br>Largura: 210 cm<br>Profundidade: 52 cm<br>Peso: 134 kg<br>Código: 32230PE<br>Volumes: 5<br>Para garantir a qualidade do produto dentro da embalagem, as caixas são revestidas por um plástico termoencolhível e todas as peças são separadas por isomanta, tudo para preservar e evitar o atrito entre as peças dentro da embalagem. Você contará também com um manual com o passo a passo para auxiliar no momento da sua montagem.","{""marca"":""Demóbile"",""tamanho"":""Casal""}",,Demóbile,,,Casal,,,,,,,,,,,,Amêndola Touch  Off White,Demóbile,Não informado,3,Casal,Guarda-Roupa,MDP,Não informado,com Pés,MDF,Não informado,210,deslizantes,inteiriça em espelho,Cabideiros e trilho inferior em alumínio,Não informado,Off White e  Marrom,Demóbile,2 Gavetas,3 Portas,Casal,,MDF,Moderno ,Correr
Guarda Roupa Roupeiro Porto Bello Plus Grande Moderno 4 Gavetas Mel/Off White,"<p>Organize seu quarto com estilo e praticidade com o Guarda Roupa Porto Bello Plus Grande Moderno! Com 6 portas e 4 gavetas internas equipadas com corrediças telescópicas, este roupeiro oferece amplo espaço para guardar suas roupas e acessórios. Os cabideiros em alumínio e os puxadores modernos proporcionam elegância e sofisticação ao móvel. E com 8 pés em PVC, você tem ainda mais estabilidade e segurança. Não perca mais tempo procurando suas roupas, escolha já o Guarda Roupa Porto Bello Plus Grande Moderno e transforme seu quarto em um ambiente organizado e moderno!</p><p>especificações técnicas</p><p>Altura: 223 cm</p><p>Largura: 207 cm</p><p>Profundidade: 47 cm</p><p>. Produto em MDF e MDP</p><p>. 06 portas</p><p>. Espelhos opcionais</p><p>. 04 gavetas internas com corrediças telescópicas</p><p>. Cabideiros em alumínio</p><p>. 08 pés em PVC</p><p>. puxadores modernos</p><p>Complexidade da montagem: Média, pode ser montado por apenas uma pessoa e/ou necessite de maior conhecimento para montagem (acompanha manual de montagem) *.</p><p>Recomendações de uso, manutenção e limpeza: Limpar com flanela ou pano macio seco, não utilizar produtos abrasivos, desengordurantes, álcool ou solvente. Não expor o produto diretamente a luz solar e à umidade</p><p>Garantia: 3 meses</p><p>OBS: Foto meramente ilustrativa, objetos, utensílios e decoração não fazem parte do produto, cores podem variar por conta de lote e iluminação do aparelho(computador/celular) utilizado na compra.</p><p>*Não Oferecemos o serviço de montagem, o serviço deve ser contratado pelo comprador.</p>",{},,,,,,,,,,,,,,,,,MelOff White,Porto Bello,4,6,Grande,Roupeiro,MDF e MDP,Moderno,Espelhos opcionais,MDF e MDP,Não informado,Não informado,6 portas,Não informado,"Corrediças telescópicas, Cabideiros em alumínio, Puxadores modernos, 8 pés em PVC",Não informado,Mel e Off White,Rud Rack	,4 Gavetas,6 Portas,Casal,,MDF e MDP,Moderno ,Convencional
Guarda Roupa 4 Portas com Pés Astro Ébano Touch 42860 Demóbile,"Procurando Móveis para quarto onde você consegue conciliar total qualidade com um lindo design e um excelente preço! Apresentamos esse lindo guarda roupa desenvolvido e fabricado pela Demóbile. Com um design imponente desenvolvido pela Demóbile, empresa que sempre pensa no melhor para os seus clientes. Produzido com total qualidade, o modelo conta com um sistema de produção sofisticado, onde todo processo é controlado garantindo a alta qualidade da marca. Com um ótimo espaço interno, esse modelo foi projetado pensando em todas as suas necessidades, isso não é incrível!? Não fique de fora e adquira já o seu! Descrição:4 Portas2 GavetasCabideirosPrateleiras Dimensões:Altura: 201 cmLargura: 110 cmProfundidade: 47 cmPeso: 61 kg Aviso: Não estaremos realizando a montagem, porém o produto estará acompanhado de um manual de instruções. Recomendamos que a montagem seja feita por profissionais.","{""marca"":""Demóbile""}",,Demóbile,,,,,,,,,,,,,,,Ébano Touch,Demóbile,2,4,Não informado,Guarda-Roupa,Não informado,Não informado,Com Pés,Não informado,Não informado,110 cm,4 Portas,Não informado,"Cabideiros, Prateleiras",Não informado,Marrom,Demóbile,2 Gavetas,4 Portas,Solteiro,,MDP,,Convencional
Guarda Roupa Aberto Industrial Solteiro 1 Módulo com Gaveta Preto Ferro Branco,"Com o Guarda-Roupa Industrial será muito fácil manter a organização de suas roupas. Por ter a característica de closet, ele deixa quase todas as peças à mostra e oferece espaço para as suas vestimentas e acessórios, contando também com gavetas. Com ele, a organização, beleza e bom gosto são garantidos em seu lar.<br><br>Tipo: Closet<br>Modelo: Industrial<br>Cor Base Ferro: Branco<br>Cor Madeira: Preto<br><br>Medidas:<br>Altura: 200cm<br>Largura: 70cm<br>Comprimento: 45cm<br><br>ATENÇÃO<br>AS IMAGENS SÃO MERAMENTE ILUSTRATIVAS E PODEM SOFRER VARIAÇÕES DE COR E PEQUENOS DETALHES DE ACORDO COM O SEU MONITOR, ILUMINAÇÃO DO AMBIENTE E ATÉ MESMO A SUA PERCEPÇÃO VISUAL.","{""tamanho"":""Solteiro""}",,,,,Solteiro,,,,,,,,,,,,Preto Ferro Branco,Não informado,1,Não informado,Solteiro,Closet,Não informado,Industrial,Não informado,Não informado,Não informado,45cm,Não informado,Não informado,Não informado,Não informado,Branco e Preto,Casa Prime,2 Gavetas,,Solteiro,Aberto,,Industrial ,
Roupeiro 10 Portas Durham Com Espelho Imbuia,"<p>O Guarda Roupa é perfeito para deixar seu quarto lindo e organizado.</p> <p>Ele possui incríveis 10 portas, 2 gavetas, e muito espaço interno!</p> <p>Estrutura em Madeira de alta qualidade.</p> <p>Com acabamento em semi brilho</p> <p>Possui Chaves</p> <p>Com Espelho Lapidado</p> <p>Suporta 145 kg distribuídos adequadamente.</p> <p>Dimensões do Guarda Roupa:</p> <p>Altura: 222 cm</p> <p>Largura: 163 cm</p> <p>Profundidade: 47 cm</p> <p>Informações do Guarda Roupa:</p> <p>Cor: Imbuia</p> <p>Material: Madeira</p> <p>Portas: Sim (10)</p> <p>Gavetas: Sim (2)</p> <p>Com fundo em MDF</p> <p>Pés: Sim, (6) em Madeira</p> <p>Espelho: Sim</p> <p>Nichos: Sim (10)</p> <p>Itens Inclusos:</p> <p>1 Guarda Roupa</p> <p>Manual de Montagem</p> <p>Kit completo para montagem e manual de instruções</p> <p>Garantia:</p> <p>3 meses contra defeito de fabricação</p> <p>Informações Adicionais:</p> <p>Fotos meramente ilustrativas do produto no ambiente.</p> <p>Os objetos que ambientam as fotos não acompanham o produto;</p> <p>Verificar descrição e tamanho do produto antes da compra.</p> <p>Avaliar a mercadoria no ato do recebimento e recusar em caso de divergência ou avarias.</p> <p>Mantenha as informações de contato e endereço de entrega atualizados para entrarmos em contato caso necessário.</p> <p>Limpar com flanela ou pano macio seco, não utilizar produtos abrasivos, desengordurantes, álcool ou solvente. Não expor o produto diretamente à luz solar e à umidade.</p> <p>Sugerimos a contratação de um montador profissional para a montagem do produto. Não nos responsabilizamos por avarias causadas no ato da montagem.</p> <p>Não nos responsabilizamos pela montagem e desmontagem do produto no ato da entrega e devolução, assim como os custos gerados nestas situações.</p> <p>A transportadora entregará o produto no andar térreo do endereço de entrega.</p> <p>Não nos responsabilizamos por subir escadas, corredores e elevadores ou transporte por guincho em apartamentos.</p>","{""cor"":""Marrom"",""quantidade_de_portas"":""10 Portas"",""tamanho"":""Casal""}",Marrom,,,10 Portas,Casal,,,,,,,,,,,,Imbuia,Durham,2,10,"Altura 222 cm
Largura 163 cm
Profundidade 47 cm",Guarda-Roupa,Madeira,Não informado,Com Espelho,Madeira,Não informado,Não informado,Sim,Não informado,"Com Chaves
Com Espelho Lapidado",Não informado,Imbuia,CasaH,2 gavetas,10 Portas,Casal,,Madeira,,Convencional
Guarda Roupa Casal 3 Portas de Correr e 6 Gavetas c/ 3 Espelhos Sollo Plus Cumaru - Novo Horizonte,"<br> Guarda Roupa Casal 3 Portas de Correr e 6 Gavetas c/ Espelho Passion/Atlanta Freijo Cumaru - Novo Horizonte<br><br> Marca: Novo Horizonte<br><br>Dimensões(Cm): Comprimento(Profundidade): 55,5cm x Largura: 273,6cm x Altura: 236,4cm<br><br> Material de Estrutura<br> - MDF<br> Tipo de Pintura<br> - Ultravioleta<br> - Pintura 3D Ripada<br> Tipo de Acabamento da Pintura<br> - Pintura Fosca<br> - Alto Brilho<br> Tipo de Guarda-Roupa<br> - Casal<br> Diferenciais Guarda Roupas<br> - Sapateira<br><br> Material dos Cabideiros<br> - Cabideira Metálico<br> Diferenciais das Portas<br> - Amortecimento nas Portas<br> Quantidade de Portas<br> - 3 Portas de Correr<br> Tipo de Corrediça<br> - c/ Corrediças Telescópicas<br> Quantidade de Gavetas<br> - 6 Gavetas<br> Quantidade de Prateleiras<br> - 8<br> Quantidade de Nichos<br> - 3 Nichos<br><br> Montagem do Produto<br> - Desmontável<br> Garantia<br> - Garantia de 90 Dias<br><br>Imagens Meramente Ilustrativas.<br>Não nos responsabilizamos pela montagem/instalação dos produtos.<br>Todas as informações divulgadas são de responsabilidade exclusiva do fabricante/fornecedor.","{""marca"":""Móveis Novo Horizonte""}",,Móveis Novo Horizonte,,,,,,,,,,,,,,,Não informado,Novo Horizonte,6 Gavetas,3 Portas,Casal,Casal,MDF,Não informado,Não informado,Não informado,8,555cm,3 Portas de Correr,Correr,Sapateira,Não informado,Marrom,Novo Horizonte,6 Gavetas,3 Portas,Casal,,MDF,,Correr
"Armário Guarda Roupas Casal 2,74m Nova Iorque Com 3 Portas de Correr 6 Gavetas e Espelho Nature Off White","Armário Guarda Roupas Casal 2,74m Nova Iorque Com 3 Portas de Correr 6 Gavetas e Espelho Nature Off WhiteO Armário Guarda Roupas Casal 2,74m Nova Iorque Com 3 Portas de Correr 6 Gavetas e Espelho Nature Off White é um produto produzido com o que há de melhor em matéria-prima. Feito para durar, foi planejado para você, cliente exigente, que não abre mão de uma ótima qualidade, com um desing luxuoso e diferenciado.<br>Produto com ótimos espaços, pensado em otimizar sua organização.<br>Prático, charmoso e com ótima durabilidade, elevando a relação custo x beneficio.Vamos, leve O Armário Guarda Roupas Casal 2,74m Nova Iorque Com 3 Portas de Correr 6 Gavetas e Espelho Nature Off White para casa, e aproveite essa oferta. Seus diferenciais:2,74 metros de LARGURA, 0,613 cm de profundidade e 2,43 metro de ALTURA (muito espaçoso - ESPAÇO BEM DISTRIBUÍDO) 3x Portas de Correr;6x Gavetas muito espaçosas, uma mine cômoda integrada ao Guarda Roupa (Com corrediças Telescópicas);O espelho não é colado no MDF, ele é a peça inteiriça da porta;O perfil, onde ""corre"" a porta é alinhador, contra o empenamento das portas;Com corrediças Telescópicas;Ótima profundidade (61 cm), o que garante um profundo espaço interno.Os ""pés"" do Guarda Roupas, já são inclusos.Guarda Roupa do tipo Closed;Chapas de madeira com 25mm e com 15mm;Cômoda central, com 6 gavetas grandes; PARA MAIS INFORMAÇÕES DESSE PRODUTO OU DÚVIDAS, ENTRE EM CONTATO CONOSCO EM NOSSO ATENDIMENTO, OU ASSISTA O VÍDEO EXPLICANDO O PRODUTO. Medidas do produto MONTADO:ALTURA: 2,435 METROSLARGURA: 2,743 METROSPROFUNDIDADE: 0,613 CM <br>Os objetos das imagens ambientadas não acompanham o produto.<br>Verifique as dimensões do produto montado, certifique-se também o percurso que ele fará até seu local de montagem (Ex. da portaria/porta/portão da sua redisência, até o local de montagem).<br>Nós da renorma.com.br não nos responsabilizamos pelo transporte de itens que não caibam em elevadores, que devam ser levados acima de três lances de escadas ou não caibam na passagem de escadas; que precisem ser içados ou desmontados. <br>Fique atento, nossas cores podem sofrer alterações dependendo do seu monitor.<br>Mora em Apartamento?<br>Verifique o tamanho de elevadores e portas para transporte do produto.","{""cor"":""Nature"",""quantidade_de_gavetas"":""6 Gavetas"",""tamanho"":""Casal""}",Nature,,6 Gavetas,,Casal,,,,,,,,,,,,Off White,Não informado,6,3,Casal,Guarda Roupas,MDF,Moderno,Espelho,Madeira,Não informado,274m,De Correr,Correr,"6 Gavetas, 3 Portas de Correr, Espelho",Não informado,Off White e  Marrom,Renorma,6 Gavetas,3 Portas,Casal,,MDF,,Correr
Guarda Roupa Modulado 4 Portas 3 Peças com Escrivaninha Hera CabeCasa MadeiraMadeira,"O Guarda Roupa Modulado 4 portas 3 peças Hera CabeCasa foi desenvolvido para trazer a experiência de ter seu móvel customizado de acordo com a necessidade do seu espaço. O conjunto conta com módulo de duas portas, canto reto e Escrivaninha.",{},,,,,,,,,,,,,,,,,Não informado,CabeCasa,Não informado,4,Não informado,Modulado,Madeira,Não informado,com Escrivaninha,Madeira,Não informado,Não informado,4 Portas,Não informado,3 Peças,Não informado,,CabeCasa,,4 Portas,,Modulado,,,
Guarda Roupa Casal Portugal 8 Portas e 1 Gaveta com Espelho Castanho Wood/Avelã - PR Móveis,"<strong>Guarda Roupa Casal Portugal 8 Portas e 1 Gaveta com Espelho - PR Móveis</strong><br>O Guarda-Roupa Portugal possui um design moderno com 8 portas de bater com dobradiças metálicas, aplicação de espelho nas portas centrais e 1 gaveta com corrediça metálica. Nas duas portas menores há um nicho ideal para os calçados. Além disso, possui 3 cabideiros e 3 prateleiras ideais para acomodar roupas e acessórios com praticidade. Um belo móvel para organizar e decorar o ambiente.<br><br><strong>ESPECIFICAÇÕES</strong><br>• Estrutura MDP<br>• Acabamento UV<br>• 8 Portas<br>• 1 Gaveta<br>• Corrediças metálicas<br>• 3 Cabideiros em alumínio<br>• Puxadores na cor bronze<br>• Aplicação de espelho<br>• Pés em PVC<br>• Amplo espaço interno<br><br><strong>Dimensões:</strong><br>Tamanho do Produto (L x A x P): 165 x 204 x 47 cm<br><br><strong>Garantia:</strong> 3 meses<br><strong>Volumes:</strong> 3 Volumes<br><strong>Montagem:</strong> O Produto vai desmontado com manual e todos acessórios. Recomendamos que a montagem seja feita por um profissional<br><strong>Recomendação de Limpeza:</strong> Utilize pano levemente úmido<br><br><strong>Observações:</strong><br>- A <strong>LOJA </strong>se responsabilizará pela entrega dos produtos até onde as rodovias alcançam, entregas fluviais ou aéreas devem ser cotadas a parte.<br>- As imagens são ilustrativas, não acompanham objetos de decoração.<br>- A montagem será de responsabilidade do comprador. Não nos responsabilizamos, no ato da entrega, por subir escadas/elevadores ou transporte por guincho em apartamentos. Eventuais despesas são de responsabilidade do comprador.<br>- Confira as dimensões do produto e certifique-se de que passará normalmente por supostos elevadores, portas, escadas e/ou corredores de sua residência.<br>Para mais informações, acesse nossa Central de Atendimento.","{""cor"":""Castanho, Avelã"",""quantidade_de_gavetas"":""1 Gaveta"",""quantidade_de_portas"":""8 Portas"",""tamanho"":""Casal""}","Castanho, Avelã",,1 Gaveta,8 Portas,Casal,,,,,,,,,,,,Castanho WoodAvelã,PR Móveis,1,8,Casal,Guarda-Roupa,MDP,Moderno,Espelho,MDP,3,165,8 Portas de bater com dobradiças metálicas,Bater,"3 Cabideiros em alumínio, Corrediças metálicas, Puxadores na cor bronze, Aplicação de espelho, Pés em PVC, Amplo espaço interno",Não informado,Avelã,PR Móveis,1 Gaveta,8 Portas,Casal,,MDP,Moderno ,Convencional
Guarda Roupa Casal 6 Portas e 9 Gavetas Star 6.9 Atacama/Grafite - Santos Andirá,"<strong>Guarda Roupa Casal 6 Portas e 9 Gavetas Star 6.9 - Santos Andirá</strong><br>O Guarda-Roupa Star 6.9 é um móvel que atende aos mais exigentes padrões de qualidade e de funcionalidade, ele conta com amplo espaço interno para organizar tudo que precisa. Sua estrutura em MDP proporciona resistência e durabilidade e seus puxadores na cor champagne traz charme e elegância ao seu ambiente.<br> <br><strong>ESPECIFICAÇÕES:</strong><br><strong>• </strong>Estrutura em MDP<br><strong>• </strong>Pintura UV<br><strong>• </strong>6 Portas de giro<br><strong>•</strong> Dobradiças metálicas<br><strong>• </strong>9 Gavetas<br><strong>• </strong>Corrediças metálicas<br><strong>• </strong>2 Cabideiros em alumínio <br><strong>• </strong>Puxadores em ABS<br><strong>• </strong>Espaço para roupas longas<br><strong>• </strong>4 Prateleiras<br><strong>• </strong>Amplo espaço interno<br><br><strong>Dimensões:</strong><br>Tamanho do Produto (L x A x P): 179,4 x 200 x 46,3 cm<br><br><strong>Garantia:</strong> 3 meses<br><strong>Montagem: </strong>O Produto vai desmontado com manual e todos acessórios. Recomendamos que a montagem seja feita por um profissional<br><strong>Recomendação de Limpeza:</strong> Utilize pano levemente úmido<br><br><strong>Observações:</strong><br>- A <strong>LOJA</strong> se responsabilizará pela entrega dos produtos até aonde as rodovias alcançam, entregas fluviais ou aéreas devem ser cotadas a parte.<br>- As imagens são ilustrativas, não acompanham objetos de decoração.<br>- Pode haver alguma diferença de tonalidade entre a imagem e o produto, por conta do tratamento de imagens e a calibração de cores da sua tela.<br>- A montagem será de responsabilidade do comprador. Entregamos até a porta de entrada da residência ou até a portaria do condomínio. Não nos responsabilizamos, no ato da entrega, por subir escadas/elevadores ou transporte por guincho em apartamentos. Eventuais despesas são de responsabilidade do comprador.<br>- Confira as dimensões do produto no momento da compra e certifique-se de que passará normalmente por supostos elevadores, portas, escadas e/ou corredores de sua residência.<br>Para mais informações, acesse nossa Central de Atendimento.","{""cor"":""Atacama"",""marca"":""Santos Andirá"",""quantidade_de_gavetas"":""9 Gavetas"",""quantidade_de_portas"":""6 Portas"",""tamanho"":""Casal""}",Atacama,Santos Andirá,9 Gavetas,6 Portas,Casal,,,,,,,,,,,,AtacamaGrafite,Santos Andirá,9,6,Casal,Guarda-Roupa,MDP,Não informado,Não informado,MDP,4,1794,6 Portas de giro,Giro,"2 Cabideiros em alumínio, Espaço para roupas longas, Amplo espaço interno",Não informado,Atacama e Grafite,Santos Andirá,9 Gavetas,6 Portas,Casal,,MDP,,Convencional
Guarda Roupa 3 Portas Retrô 2909 Carvalho/Branco Brilho - Qmovi,"GUARDA ROUPA 2909 DOCE SONHO - QMOVI<br> <br><br> <br>O Guarda Roupa Retrô 2909 é perfeito para você que procura conforto e Segurança para seu filho. Além de sua excelente qualidade ele possui um amplo espaço interno. Ele contém 3 Portas, 2 Gavetas.<br> <br><br> <br>Não perca essa chance, e leve já o seu!! <br> <br><br> <br>Dimensões do Guarda Roupa: <br> <br>(Altura x Largura x Profundidade): 204 x 126 x 47 cm.<br> <br><br> <br>Características do Guarda Roupa: <br> <br>Material da Estrutura: MDP. <br> <br>Volumes do Berço: 02.<br> <br>Peso: 89,3 kg. <br> <br><br> <br>Diferenciais: <br> <br>- Estrutura em MDP de 15mm.<br> <br>- Excelente acabamento revestido em pintura UV, que dá maior destaque à cor.<br> <br>- Portas contendo dobradiças metálicas e puxadores em formato de estrela, que deixará seu ambiente mágico.<br> <br><br> <br>Montagem: <br> <br>- Manual de Montagem: Sim. O produto pode estar sendo montado pelo comprador ou por um montador profissional. <br> <br><br> <br>Observações Importantes: <br> <br>- As imagens ambientadas são meramente ilustrativas e podem apresentar itens que não compõe o produto. <br> <br>- Limpar com flanela limpa e seca. Não molhar o móvel e não expor em lugar úmido ou próximo de fontes de calor, não usar produtos abrasivos. <br> <br>- Objetos decorativos que aparecem na foto não acompanham o produto. <br> <br>- As cores do produto podem variar de acordo com o monitor, a iluminação do ambiente ou sua percepção visual. <br> <br>- Os móveis são entregues desmontados e com manual de montagem. <br> <br>- Montagem, desmontagens, e instalações deve ser contratado um montador profissional pelo cliente. <br> <br>- Confira as dimensões antes da compra, e certifique-se de que o produto passará por elevadores, portas e corredores, já que nossa expedição não inclui a subida de lances de escada ou o lançamento de produtos. <br> <br>- Ao receber seus produtos verifique no ato do recebimento qualquer dano a embalagem do produto, caso tenha alguma avaria não assinar o comprovante de recebimento. A transportadora tem obrigação de esperar a conferência. <br> <br>- Produto para uso residencial em ambiente interno, não devendo ficar exposto diretamente ao sol, calor e umidades excessivas. <br>","{""marca"":""Qmovi""}",,Qmovi,,,,,,,,,,,,,,,CarvalhoBranco Brilho,Qmovi,2,3,Não informado,Guarda Roupa,MDP,Retrô,Não informado,MDP,Não informado,126,3 Portas,Não informado,"Dobradiças metálicas, puxadores em formato de estrela",Não informado,Carvalho e Off White,Qmovi,2 Gavetas,3 Portas,Solteiro,,MDP,Retrô,Convencional
Guarda-roupa Caleb 246cm 3 Portas 4 Gavetas 8 Prateleiras,"Experimente o Guarda Roupa Caleb 246cm 3 Portas e descubra o equilíbrio perfeito entre estilo e funcionalidade. Compartimentos espaçosos e design contemporâneo, é a solução ideal para a organização do seu quarto. Adquira já o seu!","{""marca"":""Móveis Lopas"",""quantidade_de_gavetas"":""4 Gavetas"",""tamanho"":""Casal""}",,Móveis Lopas,4 Gavetas,,Casal,,,,,,,,,,,,Não informado,Caleb,4,3,246cm,Guarda-roupa,Não informado,Contemporâneo,Não informado,Não informado,8,246cm,3 Portas,Não informado,Compartimentos espaçosos,Não informado,Off White,Móveis Lopas,4 Gavetas,3 Portas,Casal,,MDF,Moderno ,Correr
Guarda-Roupa Módulo Solteiro 3 Portas 4 Gavetas com Painel Master Eucamóveis 194.475,"Guarda-Roupa Módulo Solteiro 3 Portas 4 Gavetas com Painel Master Eucamóveis 194.475<br> <br> Que tal valorizar a decoração de seu quarto com mais estilo e sofisticação. <br> Com o Guarda-roupa 3 Portas Master o ambiente do seu quarto sem dúvida vai ficar mais moderno e sofisticado. <br> Produzido em estrutura MDP 15 mm e com excelente acabamento em Pintura U.V. que garante maior durabilidade e resistência ao móvel, além de proporcionar ainda mais charme ao seu ambiente. <br> Possui 3 Portas e 4 Gavetas com corrediças Telescópicas o que proporciona abertura total das gavetas e com muito mais suavidade. <br> Tenha em sua casa um produto prático e funcional que além de trazer uma decoração diferenciada traz comodidade e facilidade ao seu dia a dia.<br> <br> Características:<br> Modelo: 194475 <br> Material da estrutura: MDP 15 mm <br> Material das portas: MDP 15 mm <br> Material das prateleiras: MDP 15 mm <br> Material do fundo: Duratree 2,5 mm <br> Acabamento: U.V. <br> Acabamento das portas: U.V. <br> Acabamento frontal das gavetas: U.V. <br> Acabamento interno: U.V. <br> Escala de brilho: Brilhante <br> Quantidade de portas: 3 <br> Quantidade de gavetas: 4 <br> Tipo de corrediça: Telescópica <br> Tipo de dobradiça: Metálica <br> <br> Dimensões:<br> Altura: 230 cm <br> Largura: 129 cm <br> Profundidade: 46.5 cm <br> Peso: 80.6 kg<br> <br> Garantia do fornecedor de 3 meses.","{""marca"":""Eucamóveis"",""tamanho"":""Solteiro""}",,Eucamóveis,,,Solteiro,,,,,,,,,,,,Não informado,Eucamóveis,4,3,Solteiro,Guarda-Roupa,MDP,Moderno,Painel,MDP,Não informado,Não informado,3 Portas,Não informado,Corrediças Telescópicas,Não informado,Bege,Eucamóveis,4 Gavetas,3 Portas,Solteiro,Modulado,MDP,,Convencional
Guarda Roupa Casal 6 Portas Demolição Imaginare Santos Andirá,"<p>Dimensões do Produto:Largura 240 cm; Profundidade 46,3 cm; Altura 219 cm.</p><p>Itens Inclusos: 1 guarda roupa casal.</p><p>-Puxadores em alumínio<br> -Espaço para roupas longas<br> -Espaço para sapatos<br> -03 amplos maleiros <br> -04 amplas gavetas com corrediças metálicas<br> -Cofre embutido<br> -07 prateleiras<br> -03 cabideiros em alumínio<br> -100% MDF<br> -Acabamento exclusivo com 60% mais verniz fosco com relevo</p><p>Complexidade da montagem:Média, pode ser montado por mais de uma pessoa e/ou necessite de maior conhecimento para montagem.</p><p>Recomendações de uso, manutenção e limpeza:Limpar com flanela ou pano macio seco, não utilizar produtos abrasivos, desengordurantes, álcool ou solvente. Não expor o produto diretamente a luz solar e à umidade</p><p>Garantia:3 meses</p><p>OBS: Foto meramente ilustrativa, objetos, utensílios e decoração não fazem parte do produto.</p>","{""cor"":""Demolição"",""marca"":""Santos Andirá"",""quantidade_de_portas"":""6 Portas"",""tamanho"":""Casal""}",Demolição,Santos Andirá,,6 Portas,Casal,,,,,,,,,,,,Não informado,Imaginare,4,6,Casal,Guarda Roupa,MDF,Demolição,Não informado,MDF,7,240 cm,6 Portas,Não informado,"Espaço para roupas longas, Espaço para sapatos, 03 amplos maleiros, 04 amplas gavetas com corrediças metálicas, Cofre embutido, 03 cabideiros em alumínio",Santos Andirá,Demolição,Santos Andirá,4 Gavetas,6 Portas,Casal,,MDF,,Convencional
Guarda-Roupa Casal Com Espelho 6 Portas Estrela Niagara - Rv Móveis,"Guarda Roupa Casal Com Espelho 6 Portas 5 Gavetas Estrela Branco Rv MóveisO Guarda Roupa Estrela conta com 6 portas e 5 gavetas internas, que proporcionam muito espaço para acomodação de suas roupas, conta também com 1 prateleiras , 5 cabideiros, 5 gavetas, 08 nichos internos, 3 maleiros. Sua estrutura é fabricada e com acabamento em pintura, muito resistente, que dão maior destaque a cor e conservam a beleza por muito mais tempo. <br><br>A Rv Móveis trabalha com guarda roupas, criados, cômodas e gaveteiros. Todos os móveis possuem design especial. Expressam qualidade e são, ao mesmo tempo, cheios de detalhes que personalizam a produção.<br> Informações Técnicas do Guarda Roupa Estrela:Altura: 235 cm<br>Largura: 271 cm<br>Profundidade: 58 cm Observações:<br>- Moldura de 25 mm;<br>- 05 Gavetas com corrediças telescópicas;<br>- 05 Cabideiros em aluminio;<br>- 01 Prateleira;<br>- 08 Nichos internos;- Acabamento interno na cor do produto;- 03 Maleiros;- 02 Portas centrais com espelho;- 10 Pés.","{""marca"":""RV Móveis"",""tamanho"":""Casal""}",,RV Móveis,,,Casal,,,,,,,,,,,,Branco,Estrela,5,6,Casal,Guarda-Roupa,Não informado,Não informado,Com Espelho,Não informado,1,Não informado,6 Portas,Não informado,"5 Gavetas, 08 Nichos internos, 3 Maleiros, 02 Portas centrais com espelho, 10 Pés",Não informado,Branco,Rv Móveis,5 Gavetas,6 Portas,Casal,,madeira,,Articulada
Guarda-Roupa Solteiro 04 Portas e 02 Gavetas Madri Mel/Off White Fosco,"O Guarda-Roupa Madri é uma ótima opção para você que busca um móvel completo e funcional para seu quarto. Com 04 portas e 02 gavetas, oferece um amplo espaço para armazenamento, além de uma estética elegante e moderna.<br><br>Modelo: Madri<br>PN: 70559<br>Cor: Mel/Off White Fosco<br>Marca: Rud Rack<br><br>Estrutura produzida em MDP 12mm<br>Possui pés e puxadores em PVC<br>Possui divisórias internas e 02 cabideiros de madeira revestidos<br><br>Possui 04 portas com amplo espaço<br>Possui 02 gavetas com corrediças metálicas<br><br>Dimensões (A x L x C): 190 x 99 x 42 cm (Produto Montado)<br>Peso: 47,35 Kg<br><br>Observações Relevantes:<br>- Todos os produtos vão embalados com total segurança.<br>- As cores dos produtos podem sofrer alterações dependendo do seu monitor.<br>- As imagens são meramente ilustrativas, não acompanham objetos de decoração e eletros.<br><br>- Confira as dimensões do produto no momento da compra e certifique-se de que passará normalmente por escadas, elevadores, portas e corredores.<br>- Não nos responsabilizamos no ato da entrega por montagens, desmontagens, instalações de produtos, nem utilização de guinchos ou equipamentos similares para acesso a pisos superiores em apartamentos.<br>- Observando as orientações acima, evita-se futuros desagrados ou imprevistos com a entrega do produto. Havendo despesas adicionais, serão de responsabilidade do cliente.<br><br>Conteúdo da Embalagem:<br>01 x Guarda-Roupa<br>01 x Kit Ferragens<br>01 x Manual de Montagem<br><br>Garantia: 3 meses com a fabricante<br>Fabricante: Rud Rack<br>","{""tamanho"":""Solteiro""}",,,,,Solteiro,,,,,,,,,,,,Mel/Off White Fosco,Rud Rack,2,4,Solteiro,Guarda-Roupa,MDP 12mm,Moderno,Não informado,MDP,Não informado,42 cm,04 portas com amplo espaço,Não informado,"divisórias internas, 02 cabideiros de madeira revestidos, 02 gavetas com corrediças metálicas",Não informado,Mel e Off White,Rud Rack	,2 Gavetas,4 Portas,Solteiro,,MDP,Moderno ,Convencional
Guarda-Roupa Maximus 3 Portas de Correr,,"{""marca"":""Robel"",""quantidade_de_portas"":""3 Portas""}",,Robel,,3 Portas,,,,,,,,,,,,,Não informado,Maximus,Não informado,3,Não informado,Guarda-Roupa,Não informado,Não informado,Não informado,Não informado,Não informado,Não informado,De Correr,Não informado,Não informado,Não informado,Marrom,Robel Moveis,4 Gavetas,3 Portas,Casal,,,,Correr
Guarda Roupa De Casal 6 Peças Nogal Touch Modulado Modena CP6 Demóbile,"Guarda Roupa De Casal 6 Peças Nogal Touch Modulado Modena CP6 Demóbile<br>O Guarda Roupa De Casal 6 Peças Modulado Modena CP6 Demóbile vai proporcionar elegância e estilo valorizando ainda mais a decoração de sua casa. O produto é composto por 1 armário de 1 porta, 1 armário de 2 portas, 1 armário canto, 1 armário de cabeceira, 1 armário ponte de casal e 1 painel de cabeceira casal.<br> <br>Dimensões do Produto Montado:<br>Altura: 218 cm.<br>Largura: 465 cm.<br>Profundidade: 47 cm.<br>Peso: 214Kg.<br> <br>Medidas dos Módulos Avulsos (Largura x Altura x Profundidade):<br>Armario de 1 porta: 218x40x47cm<br>Armário de 2 portas: 218x79x47cm<br>Armário canto: 218x79x47cm<br>Armário de cabeceira: 218x39x47cm<br>Armário ponte casal: 70x170x38cm<br>Painel de cabeceira casal: 60x170x1,2cm<br> <br>Características Gerais:<br>Material da Estrutura: Produzido em chapas de MDP com espessuras de 15mm e 12mm.<br>Acabamento de pintura: Impressão ultra violeta (Verniz alto brilho na cor branca).<br>Escala de Brilho: Alto brilho<br>Gavetas com corrediças metálicas.<br>Cabideiro e calceiro em alumínio.<br>Tipo de puxador: Puxadores em alumínio com ponteiras cromadas..<br> <br>Diferenciais: <br>O produto pode ser montado para ambos os lados (Direito/Esquerdo).<br>Os módulos podem ser montados de forma aleatória.<br> <br>Obs: Cama não acompanha o produto<br> <br>Montagem: Recomendamos que seja feita por um profissional<br>Recomendação de Limpeza: Utilize pano levemente úmido<br> <br>Observações Importantes:<br>Não nos responsabilizamos pela montagem ou desmontagem dos produtos, que deverá ser feita por um profissional qualificado. Estes serviços não estão inclusos nos valores dos mesmos.<br>As imagens ambientadas são meramente ilustrativas e podem apresentar itens que não compõe o produto;<br>Objetos decorativos que aparecem na foto não acompanham o produto;<br>As cores do produto podem variar de acordo com o monitor, a iluminação do ambiente ou sua percepção visual;<br>Responsabilizamo-nos pela entrega em todo território nacional, até onde as rodovias alcançam;<br>Os móveis são entregues desmontados e com manual de montagem;<br>Confira as dimensões antes da compra, e certifique-se de que o produto passará por elevadores, portas e corredores, já que nossa entrega não inclui a subida de lances de escada ou o lançamento de produtos;<br>Ao receber seus produtos verifique no ato do recebimento qualquer dano a embalagem do produto, caso tenha alguma avaria não assinar o comprovante de recebimento (A transportadora tem obrigação de esperar a conferência);<br>Produto para uso residencial em ambiente interno, não devendo ficar exposto diretamente ao sol, calor e umidades excessivas. <br>Certifique-se de que estão adequados aos elevadores, portas e corredores do local da entrega, visto que NÃO fazemos a montagem, desmontagem do produto e/ou portas e janelas, transporte pela escada ou içamentos pelo lado de fora do prédio;<br>Em casos de Edifícios ou condomínios, o produto será entregue pela transportadora nas respectivas portarias (Porteiros) que deverão ser avisados da entrega pelo comprador.<br>Para quaisquer outras dúvidas entre em contato conosco nos nossos canais de atendimento.<br>As imagens e o ambiente são meramente ilustrativas. Não acompanha acessórios, eletrônicos ou demais móveis ambientados..","{""cor"":""Nogal"",""marca"":""Demóbile"",""tamanho"":""Casal"",""tipo"":""Modulado""}",Nogal,Demóbile,,,Casal,Modulado,,,,,,,,,,,Nogal Touch,Demóbile,Não informado,6,Casal,Modulado,MDP,Não informado,Não informado,MDP,Não informado,Não informado,"1 porta, 2 portas, canto, cabeceira, ponte de casal",Não informado,"Gavetas com corrediças metálicas, Cabideiro e calceiro em alumínio, Puxadores em alumínio com ponteiras cromadas",Não informado,Nogal,Demóbile,,,Casal,Modulado,,Moderno ,
Guarda Roupa Porta De Correr 2 Portas Branco Mustang Fênix,"<p>Dimensões da cama:Largura 1,58 m; Profundidade 60 cm; Altura 2,28 m;</p><p>Itens Inclusos:1 guarda roupa</p><p>Reforço da base MDF 20mm<br> - Trilhos em alumínio<br> - 03 portas deslizantes com regulagem<br> - Puxador em alumínio<br> - Pés em madeira<br> - Cabideiros em alumínio<br> - 04 gavetas com corrediças telescópicas <br> - Fundo encaixado fixado com pinázio</p><p>Complexidade da montagem:Média, pode ser montado por apenas uma pessoa e/ou necessite de maior conhecimento para montagem.</p><p>Recomendações de uso, manutenção e limpeza:Limpar com flanela ou pano macio seco, não utilizar produtos abrasivos, desengordurantes, álcool ou solvente. Não expor o produto diretamente a luz solar e à umidade</p><p>Garantia:3 meses</p><p>OBS: Foto meramente ilustrativa, objetos e decoração não fazem parte do produto.</p>","{""marca"":""Fênix"",""quantidade_de_portas"":""2 Portas""}",,Fênix,,2 Portas,,,,,,,,,,,,,Branco,Mustang Fênix,4,2,Não informado,Guarda Roupa,MDF,Não informado,Não informado,Não informado,Não informado,158,deslizantes,Correr,"Trilhos em alumínio, regulagem, puxador em alumínio, pés em madeira, cabideiros em alumínio, corrediças telescópicas",Não informado,Branco,Fênix,4 Gavetas,2 Portas,Casal,,MDF,,Correr
Guarda Roupa Casal 3 Portas de Correr 9 Gavetas Contemporânea Click Santos Andirá,"Sabe aquele quarto lindo que você esta sonhando em ter? Pois bem, agora é hora de tornar seu sonho realidade. Vem com a gente conferir os móveis da Santos Andirá que vão compor seu ambiente. O Guarda-Roupa 3 portas de correr 9 gavetas click 3. 9 é desenvolvido com materiais que agregam durabilidade, resistência e claro muito estilo e design diferenciado, o que o torna perfeito. Possui estrutura MDP, acabamento pintura u. V. , cabideiros metálico, Portas com trilhos de alumínio com roldanas e puxadores alumínio. Não deixe essa oportunidade incrível passar. Adquira já o seu..","{""cor"":""Atacama"",""marca"":""Santos Andirá"",""quantidade_de_gavetas"":""9 Gavetas"",""quantidade_de_portas"":""3 Portas"",""tamanho"":""Casal""}",Atacama,Santos Andirá,9 Gavetas,3 Portas,Casal,,,,,,,,,,,,Não informado,Santos Andirá,9,3,Casal,Guarda-Roupa,MDP,Contemporânea,Não informado,Não informado,Não informado,Não informado,de correr,Click,"cabideiros metálico, Portas com trilhos de alumínio com roldanas e puxadores alumínio",Não informado,Marrom,Santos Andirá,9 Gavetas,3 Portas,Casal,,MDP,Moderno ,Correr
Guarda-Roupa Casal com Espelhos 02 Portas 06 Gavetas Toronto Flex Carvalho Naturale/Off White Lopas,"O Guarda-Roupa de Casal Toronto da Lopas é a solução ideal para deixar o quarto ainda mais charmoso e organizado! Feito em material de alta qualidade, ele conta com 02 portas e 06 gavetas. Além de possuir um design moderno, que se encaixa perfeitamente a qualquer ambiente.<br><br>Modelo: Toronto<br>PN: 45888.59.484<br>Cor: Carvalho Naturale/Off White<br>Marca: Lopas<br><br>Estrutura produzida em MDF e fundo em HDF<br>Pintura UV dando melhor acabamento<br>Puxadores das gavetas em alumínio<br><br>02 Portas de correr com espelhos 3mm<br>06 Gavetas com corrediças telescópicas<br><br>Prateleiras internas com um amplo espaço<br>04 Cabideiros em alumínio<br>Produto Flex: As portas vão pintadas nos dois lados, um lado na cor do produto e no outro na cor off white, o cliente poderá escolher a cor da porta<br><br>Dimensões (A x L x C): 230 x 269 x 58,8 cm (Produto Montado)<br>Peso: 253,85 Kg<br><br>Observações Relevantes:<br>O produto vai desmontado, recomendamos a contratação de um profissional qualificado para a realização da montagem.<br>- Todos os produtos vão embalados com total segurança.<br>- As cores dos produtos podem sofrer alterações dependendo do seu monitor.<br>- As imagens são meramente ilustrativas, não acompanham objetos de decoração e eletros.<br><br>- Confira as dimensões do produto no momento da compra e certifique-se de que passará normalmente por escadas, elevadores, portas e corredores.<br>- Não nos responsabilizamos no ato da entrega por montagens, desmontagens, instalações de produtos, nem utilização de guinchos ou equipamentos similares para acesso a pisos superiores em apartamentos.<br>- Observando as orientações acima, evita-se futuros desagrados ou imprevistos com a entrega do produto. Havendo despesas adicionais, serão de responsabilidade do cliente.<br><br>Link Manual de Montagem:<br>https://arquivo.megamamute.com.br/produtos/anexo/00/90005400/90005400_original.pdf<br><br>Conteúdo da Embalagem:<br>01 x Guarda-Roupa<br>01 x Kit Ferragens<br>01 x Manual de Montagem<br><br>Garantia: 3 meses com a fabricante<br>Fabricante: Lopas<br>Telefone de Atendimento: (32) 3541-0532 / (11) 2388-8213<br><br>","{""marca"":""Lopas"",""tamanho"":""Casal""}",,Lopas,,,Casal,,,,,,,,,,,,Carvalho Naturale/Off White,Lopas,6,2,Casal,Guarda-Roupa,MDF,Moderno,Flex,MDF e HDF,Não informado,588 cm,02 Portas de correr com espelhos 3mm,Correr,"Espelhos, Gavetas com corrediças telescópicas, Cabideiros em alumínio",Não informado,Naturale e Off White,Móveis Lopas,6 Gavetas,2 Portas,Casal,,MDF,Moderno ,Correr
Guarda Roupa Diamond Casal Com Espelho 3 Portas 6 Gavetas Novo Horizonte Cor Branco,"Guarda Roupa Diamond Casal Com Espelho 3 Portas 6 Gavetas Novo Horizonte<br>O Guarda Roupa Diamond Casal Com Espelho 3 Portas 6 Gavetas Novo Horizonte é um daqueles móveis feitos para organizar e embelezar o ambiente. Ele tem compartimentos que ajudam a arrumar o quarto com facilidade. Com visual elegante, o móvel chama a atenção. A primeira vista, o que costuma impressionar é seu estilo moderno, que se destaca pela simplicidade das linhas retas e as portas de correr sem detalhes, com puxadores nas laterais. Isso reforça a sensação de que ele ocupa pouco espaço. Outro ponto importante é o fato de ele ser um modelo com espelho na porta central. Além de ser chamativo, esse elemento ajuda na rotina, trazendo praticidade para quem vai se arrumar antes de sair.<br><br><br><br>MEDIDAS<br><br><br>Altura<br>236,4 cm<br><br><br>Largura<br>241,2 cm<br><br><br>Profundidade<br>55,5 cm<br><br><br><br><br><br><br>CARACTERÍSTICAS<br><br><br>Modelo<br>Guarda Roupa Diamond<br><br><br>Tipo de produto<br>Guarda Roupa Casal<br><br><br>Garantia<br>3 meses<br><br><br>Fabricante<br>Novo Horizonte<br><br><br>Ambiente<br>Quarto<br><br><br>Estrutura<br>MDF<br><br><br>Quantidade de Portas<br>03<br><br><br>Quantidade de Gavetas<br>06<br><br><br>Tipo de Porta<br>Correr<br><br><br>Estilo<br>Moderno<br><br><br>Tipo de Corrediça<br>Telescópica<br><br><br>Acabamento<br>Pintura UV<br><br><br>Necessita Montagem<br>Sim<br><br><br>Acompanha Manual de Instalação<br>Sim<br><br><br><br><br><br><br>INFORMAÇÕES IMPORTANTES<br><br><br>Objetos decorativos que porventura apareçam na foto, não acompanham o produto.<br>Não nos responsabilizamos pela montagem/instalação dos produtos.<br><br><br>Montagens, desmontagens e instalações são responsabilidades do cliente.<br>Indicamos que contrate uma empresa de montagem ou um montador de sua confiança.<br><br><br>Além disso, favor verificar se os pés e acessórios estão dentro do forro inferior do produto.<br>Em suma, todas as informações divulgadas sobre o produto são de responsabilidade do Fabricante.<br><br><br>As cores do produto podem variar de acordo com o seu monitor, a iluminação do ambiente em que você está e até mesmo a sua percepção visual.<br>Além da cor, pequenos detalhes e acabamentos podem não ficar evidentes na foto, por isso as imagens são meramente ilustrativas<br><br><br>","{""marca"":""Móveis Novo Horizonte"",""quantidade_de_gavetas"":""6 Gavetas"",""tamanho"":""Casal""}",,Móveis Novo Horizonte,6 Gavetas,,Casal,,,,,,,,,,,,Branco,Novo Horizonte,6,3,Casal,Guarda Roupa,MDF,Moderno,Com Espelho,Não informado,Não informado,Não informado,3 Portas,Correr,Não informado,Não informado,Branco,Novo Horizonte,6 Gavetas,3 Portas,Casal,,MDF,Moderno ,Correr
Guarda-Roupa Anita D01 8 Portas Branco -AMARENA MÓVEIS,"<br>Gostaria de um móvel que trouxesse mais elegância e sofisticação para o seu lar? O Guarda-Roupa Anita é sua melhor opção! Com característica moderna e com acabamento de qualidade, este produto atenderá suas expectativas! Não perca essa oportunidade e adquira já o seu!<br><br>Especificações Técnicas do Guarda-Roupa Anita: <br><br>- Altura: 217 cm;<br>- Largura: 201 cm;<br>- Profundidade: 47 cm;<br>- Peso: 126,7 Kg;<br><br>Diferenciais do Guarda-Roupa Anita: <br><br>- Material da Estrutura: estrutura em MDP de alta qualidade e resistência;<br>- Características: gavetas, cabideiro metálico, corrediças metálicas;<br><br>Recomendações de limpeza: <br><br>-Limpar com flanela limpa e seca. Não molhar o móvel e não expor em lugar úmido ou próximo de fontes de calor. Não usar produtos abrasivos.<br><br>Observações Importantes: <br><br>- As imagens ambientadas são meramente ilustrativas e podem apresentar itens que não compõe o produto;<br>- Objetos decorativos que aparecem na foto não acompanham o produto;<br>- As cores do produto podem variar de acordo com o monitor, a iluminação do ambiente, ou sua percepção visual;<br>- O Guarda-Roupa Anita chegará desmontado para você, recomendamos que a montagem seja feita por um profissional.<br>- Confira as dimensões antes da compra e certifique-se de que o produto passará por elevadores, portas e corredores, já que nossa entrega não inclui a subida de lances de escada, ou o lançamento de produtos;<br>- Ao receber seus produtos, verifique no ato do recebimento qualquer dano na embalagem. Caso tenha alguma avaria, favor não assinar o comprovante de recebimento (A transportadora tem obrigação de esperar a conferência);<br>- Produto para uso residencial em ambiente interno, não devendo ficar exposto diretamente ao sol, calor e umidades excessivas.",{},,,,,,,,,,,,,,,,,Branco,AMARENA MÓVEIS,Não informado,8,Não informado,Guarda-Roupa,MDP,Moderno,Não informado,MDP,Não informado,201 cm,8 Portas,Não informado,"gavetas, cabideiro metálico, corrediças metálicas",Não informado,Branco,Anita,4 Gavetas,8 Portas,Casal,,MDP,Moderno ,Convencional
Guarda Roupa Lopas Montebello 6 Gavetas Imbuia,"<strong>Guarda Roupa Lopas Montebello 3 Portas e 6 Gavetas - Imbuia Naturale</strong><br> <br> Marca: <strong>Lopas</strong><br><br>Dimensões(Cm): Comprimento(Profundidade): 58,80 x Largura: 270,00 x Altura: 230,00<br> <br> <strong>CARACTERÍSTICAS DE MÓVEIS</strong><br> <strong>Tipo de Estrutura do Móvel</strong><br> - 100% MDF<br> <strong>Tipo de Pintura</strong><br> - Pintura MicroTexturizada<br> <strong>Tipo de Acabamento da Pintura</strong><br> - Alto Brilho<br> <strong>Tipo de puxador</strong><br> - Metálico<br> <strong>Quantidade de Prateleiras</strong><br> - 3 Prateleiras<br> <strong>Quantidade de Gavetas</strong><br> - 6 Gavetas<br> <strong>Diferenciais da Gaveta</strong><br> - Corrediças Telescópicas<br> <strong>Quantidade de Portas</strong><br> - 3 Portas de Correr<br> <strong>Quantidade de nichos</strong><br> - 2 Nichos<br> <strong>Garantia</strong><br> - 3 Meses<br> <br> <br> <strong> Não nos responsabilizamos pela montagem/instalação dos produtos.</strong><br> <strong>Todas as informações divulgadas são de responsabilidade exclusiva do fabricante/fornecedor. </strong><br> <strong>Imagens Meramente Ilustrativas.</strong><br> <strong>Verifique com os fabricantes do produto e de seus componentes eventuais limitações à utilização de todos os recursos e funcionalidades.</strong>","{""cor"":""Imbuia"",""marca"":""Lopas"",""quantidade_de_portas"":""3 Portas""}",Imbuia,Lopas,,3 Portas,,,,,,,,,,,,,Imbuia,Lopas,6 Gavetas,3 Portas,Não informado,Guarda Roupa,100 MDF,Não informado,Não informado,MDF,3 Prateleiras,5880,3 Portas de Correr,Correr,Corrediças Telescópicas,Não informado,Imbuia,Móveis Lopas,6 Gavetas,3 Portas,Casal,,MDF,,Correr
Módulo Guarda Roupa Rizon c/ 1 Porta Canela - Novo Horizonte,"<strong>Módulo Guarda Roupa Rizon c/ 1 Porta Canela - Novo Horizonte</strong><br> <br> Marca: <strong>Novo Horizonte</strong><br><br>Dimensões(Cm): Comprimento(Profundidade): 56,5 x Largura: 40,8 x Altura: 236,4<br> <br> <strong>CARACTERÍSTICAS DE MÓVEIS</strong><br> <strong>Tipo de Estrutura do Móvel</strong><br> - MDF<br> <strong>Tipo de Pintura</strong><br> - UV<br> <strong>Tipo de Acabamento da Pintura</strong><br> - Alto Brilho/Fosca<br> <strong>Tipo de puxador</strong><br> - Madeira<br> <strong>Quantidade de Prateleiras</strong><br> - 3<br> <strong>Quantidade de Portas</strong><br> - 1<br> <strong>Garantia</strong><br> - 3<br> <br> <br> <strong> Não nos responsabilizamos pela montagem/instalação dos produtos.</strong><br> <strong>Todas as informações divulgadas são de responsabilidade exclusiva do fabricante/fornecedor. </strong><br> <strong>Imagens Meramente Ilustrativas.</strong><br> <strong>Verifique com os fabricantes do produto e de seus componentes eventuais limitações à utilização de todos os recursos e funcionalidades.</strong>","{""cor"":""Canela"",""marca"":""Móveis Novo Horizonte"",""quantidade_de_portas"":""1 Porta"",""tipo"":""Modulado""}",Canela,Móveis Novo Horizonte,,1 Porta,,Modulado,,,,,,,,,,,Canela,Novo Horizonte,Não informado,1,Não informado,Guarda Roupa,MDF,Não informado,Não informado,Não informado,3,565,1 Porta,Não informado,Não informado,Não informado,Marrom,Novo Horizonte,, 1 Porta,,Modulado,MDF,,Convencional
Guarda-Roupa Casal com Espelho 3 Portas 9 Gavetas Turim Bianchi Móveis,Hoje a dica é investir em móveis com prática distribuição de espaços. É pensando nisso que a bianchi traz para você este Guarda-Roupa inteligente. A tendência nos dias de hoje é otimizar espaços. Uma boa saída é optar por móveis cheios de funcionalidade. O Guarda-Roupa Turim cumpre muito bem este papel e acomoda objetos de maneira inteligente.,"{""cor"":""Branco"",""marca"":""Bianchi Móveis"",""quantidade_de_gavetas"":""9 Gavetas"",""tamanho"":""Casal""}",Branco,Bianchi Móveis,9 Gavetas,,Casal,,,,,,,,,,,,Não informado,Bianchi Móveis,9 Gavetas,3 Portas,Casal,Guarda-Roupa,Não informado,Não informado,com Espelho,Não informado,Não informado,Não informado,3 Portas,Não informado,Não informado,Não informado,Branco,Bianchi Móveis,9 Gavetas,3 Portas,Casal,,MDP,Moderno ,Correr
Roupeiro Infatil Lana 3 portas 100%MDF  Cores Flex 4x1,"DescriçãoInformações do ProdutoGuarda Roupa Solteiro 3 Portas 100% Mdf Papoulas Espresso MóveisOs clássicos nunca saem de moda, e foi pensando nisso que o Guarda Roupas Papoulas foi desenvolvido. Sua estrutra é 100% MDF e acabamento em pintura UV, garantindo maior resistência e qualidade. Possui espaço interno bem distribuido com várias prateleiras, 2 gavetas com corrediças telescópicas e cabideiros em alumínio. Não fique de fora, adquira você também o seu.EstiloClássicoGarantia03 MesesPossui Pés4Possui NichosNãoPossui PortasSimPossui GavetasSimPossui CalceirosNãoPossui CabideirosSimAmbiente PrincipalQuartoMaterial da GavetaMDFPossui PrateleirasSimTipo de Guarda-roupaSolteiroMaterial da PrateleiraMDFTipo de Puxador da PortaExternoMaterial Principal MóveisMDFTipo de Puxador da GavetaNão PossuiTipo de Corrediça da GavetaMetálica TelescópicaMaterial do Puxador da PortaPlásticoCorNature/Off WhiteQuantidade de Prateleiras03 PrateleirasQuantidade de Portas3 PortasQuantidade de Gavetas02 GavetasModularNãoPossui GanchoNãoPossui EspelhosNãoGaveta com ChaveNãoPossui IluminaçãoNãoSapatas NiveladorasNãoPossui Espelho InternoNãoPossui Organizador de GavetaNãoPossui Espaço para Vestidos LongosNãoMarcaACP MóveisItens Inclusos1 Guarda Roupa, Kit Ferragens e Manual de MontagemLinha ou ColeçãoPapoulasPeso (kg)47Altura (cm)188Largura (cm)82.6Altura dos Pés5Suporta Até (kg)45Profundidade (cm)39.7Peso Máximo por Gaveta10Peso Máximo por Prateleira5Guarda-Roupa Suporta Até (kg)45Informações Complementares (Novo)Cabideiro em alumínio.Informações complementaresCorNature, Off WhiteQuantidade de Gavetas2 GavetasTamanhoSolteiro","{""marca"":""ACP Móveis"",""tamanho"":""Solteiro""}",,ACP Móveis,,,Solteiro,,,,,,,,,,,,Nature Off White,ACP Móveis,2 Gavetas,3 Portas,Solteiro,Solteiro,MDF,Clássico,Não informado,MDF,03 Prateleiras,Não informado,Sim,Não informado,Não informado,Não informado,Nature e Off White,ACP Móveis,2 gavetas,3 Portas,Solteiro,,MDF,Clássico,Convencional
Guarda Roupa Solteiro 6 Portas 1 Gaveta Vidal Demobile,"O Guarda-Roupa Vidal da Demóbile é a solução ideal para deixar o quarto ainda mais charmoso e organizado! Feito em material de alta qualidade, ele conta com 6 portas, 1 gaveta e cabideiros em madeira. Além de possuir um design moderno, que se encaixa perfeitamente a qualquer ambiente.<br> <br> <br> Características:<br> Estrutura em MDP com chapas de 12mm<br> Acabamento em impressão UV<br> Verniz fosco com acabamento touch<br> 6 Portas com dobradiças metálicas<br> 1 Gaveta com corrediças metálicas<br> Cabideiros em madeira<br> Puxadores em Plasticos ABS<br> Gaveta suporta 3kg<br> Suporta peso entre 4 e 5kg<br> <br> <br> Dimensões:<br> Altura: 174 cm<br> Largura: 128 cm<br> Profundidade: 37,5 cm<br> Peso: 49,30 kg<br> <br> <br> Garantia do fornecedor de 3 meses","{""cor"":""Amêndola, Branco"",""marca"":""Demóbile"",""quantidade_de_gavetas"":""1 Gaveta"",""quantidade_de_portas"":""6 Portas"",""tipo"":""Solteiro""}","Amêndola, Branco",Demóbile,1 Gaveta,6 Portas,,Solteiro,,,,,,,,,,,Não informado,Demóbile,1,6,Solteiro,Guarda-Roupa,MDP,Moderno,Não informado,Madeira,Não informado,Não informado,6 Portas,Não informado,Cabideiros em madeira,Não informado,Amêndola e Branco,Demóbile,1 Gaveta,6 Portas,Solteiro,,MDP,Moderno ,Convencional
Guarda Roupa Panan Havai 4 Portas 3Gavetas c/Pés Branco,"<strong>Guarda Roupa Panan Havai 4 Portas e 3 Gavetas c/ Pés - Branco</strong><br> <br> Marca: <strong>Panan</strong><br><br>Dimensões(Cm): Comprimento(Profundidade): 45,00 x Largura: 142,20 x Altura: 222,00<br> <br> <strong>CARACTERÍSTICAS DE MÓVEIS</strong><br> <strong>Tipo de Estrutura do Móvel</strong><br> - 100% MDF<br> <strong>Tipo de Pintura</strong><br> - UV (Ultravioleta)<br> <strong>Tipo de Acabamento da Pintura</strong><br> - Semi Brilho<br> <strong>Tipo de puxador</strong><br> - ABS / PVC<br> - Metálico<br> <strong>Quantidade de Prateleiras</strong><br> - 4 Prateleiras<br> <strong>Quantidade de Gavetas</strong><br> - 3 Gavetas<br> <strong>Diferenciais da Gaveta</strong><br> - Corrediças Telescópicas<br> <strong>Quantidade de Portas</strong><br> - 4 Portas de Abrir<br> <strong>Garantia</strong><br> - 3 Meses<br> <br> <br> <strong> Não nos responsabilizamos pela montagem/instalação dos produtos.</strong><br> <strong>Todas as informações divulgadas são de responsabilidade exclusiva do fabricante/fornecedor. </strong><br> <strong>Imagens Meramente Ilustrativas.</strong><br> <strong>Verifique com os fabricantes do produto e de seus componentes eventuais limitações à utilização de todos os recursos e funcionalidades.</strong>","{""cor"":""Branco"",""quantidade_de_portas"":""4 Portas""}",Branco,,,4 Portas,,,,,,,,,,,,,Branco,Panan,3 Gavetas,4 Portas,Não informado,Guarda Roupa,MDF,Não informado,Não informado,Não informado,4 Prateleiras,4500,4 Portas de Abrir,Abrir,Corrediças Telescópicas,Não informado,Branco,Panan,3 Gavetas,4 Portas,Solteiro,,MDF,,Convencional
Guarda-Roupa 3 Portas Prince - Demóbile,"Lindo Guarda-Roupa 3 Portas Prince Demóbile, produzido em chapas de MDP com espessuras de 15mm e 12mm com acabamento em impressão ultra violeta e verniz alto brilho.<br><br><br>Características:<br>Guarda roupa com 3 portas e 1 gaveta grande com corrediças em metal, cabideiro em madeira revestido em PVC e 2 prateleiras internas. Puxadores em plástico abs.<br><br><br>Dimensões:<br>Altura: 182 cm<br>Largura: 75 cm<br>Profundidade: 47 cm<br>Peso: 40 kg<br><br><br>Garantia do Fornecedor de 03 Meses","{""cor"":""Cinza, Preto"",""marca"":""Demóbile"",""quantidade_de_gavetas"":""1 Gaveta"",""quantidade_de_portas"":""3 Portas""}","Cinza, Preto",Demóbile,1 Gaveta,3 Portas,,,,,,,,,,,,,Não informado,Demóbile,1,3,Não informado,Guarda-Roupa,MDP,Não informado,Não informado,MDP,2,75 cm,3 Portas,Não informado,cabideiro em madeira revestido em PVC,Não informado,Cinza e Preto,Demóbile,1 gaveta,3 Portas,Solteiro,,MDP,,Convencional
Guarda Roupa Solteiro 6 Portas 2 Gavetas Cancun Doripel,"O Guarda Roupa Solteiro 6 Portas 2 Gavetas Cancun da Doripel é funcional, pois possui 6 portas, 2 gavetas e 3 cabideiros. Fácil de manter as roupas organizadas, é muito amplo internamente. Garante uma bela decoração no seu dormitório sem perder o fator funcional. Sua estrutura é em MDP e os puxadores em plástico.<br> <br> Características:<br> Estrutura em MDP<br> 6 portas de bater<br> 1 porta basculante<br> Dobradiças metálicas<br> 2 Gavetas<br> Corrediças metálicas<br> Puxadores plásticos<br> <br> Dimensões:<br> Altura: 183 cm<br> Largura: 156 cm<br> Profundidade: 40 cm<br> Peso: 76 kg<br> <br> Garantia do fornecedor de 3 meses.","{""cor"":""Amarula"",""quantidade_de_gavetas"":""2 Gavetas"",""quantidade_de_portas"":""6 Portas"",""tamanho"":""Solteiro""}",Amarula,,2 Gavetas,6 Portas,Solteiro,,,,,,,,,,,,Não informado,Doripel,2,6,Solteiro,Guarda Roupa,MDP,Não informado,Não informado,MDP,Não informado,156 cm,6 Portas,Bater,"3 cabideiros, 2 gavetas, 1 porta basculante, Dobradiças metálicas, Corrediças metálicas, Puxadores plásticos",Não informado,Amarula,Doripel,2 Gavetas,6 Portas,Solteiro,,MDP,,Convencional
Guarda-Roupa Casal com Espelho 3 Portas de Correr 3 Gavetas Luminare Albatroz Móveis,"O Guarda-Roupa Luminare é um móvel moderno, com espaços bem definidos e detalhes conceituais, associados pela beleza do ripado evidenciada junto aos puxadores cava laterais, a elegância agregada por um amplo espelho e o efeito sofisticado proporcionado pela luminária de LED.","{""cor"":""Branco"",""tamanho"":""Casal""}",Branco,,,,Casal,,,,,,,,,,,,Não informado,Luminare,3 Gavetas,3 Portas,Casal,Guarda-Roupa,Não informado,Moderno,Espelho,Não informado,Não informado,Não informado,De Correr,Não informado,Luminária de LED,Não informado,	Branco,Móveis Albatroz,3 Gavetas,3 Portas,Casal,,MDP,Moderno ,Correr
Guarda-roupa Casal 6 Portas 4 Gavetas,"Um guarda-roupa bem distribuído é essencial para organizar tudo de forma prática e funcional. Pensando nisso, a Caemmun tem uma linha cheia de opções para você escolher a que melhor atende suas necessidades. O Guarda-Roupa Casal Mozart, além de lindo tem o tamanho ideal para você acomodar tudo que precisa de maneira organizada. Produzido em MDP de ótima qualidade com acabamento fosco, possui 6 portas de abertura convencional com dobradiças, 6 nichos e 4 gavetas para guardar roupas e o que mais precisar.","{""cor"":""Branco"",""tamanho"":""Casal""}",Branco,,,,Casal,,,,,,,,,,,,Não informado,Caemmun,4,6,Casal,Guarda-roupa,MDP,Não informado,Não informado,MDP,6,Não informado,6 Portas,convencional,Dobradiças,Não informado,Branco,Caemmun Mozart,4 Gavetas,6 Portas,Casal,,MDP,Moderno ,Convencional
Guarda-Roupa Casal com Espelho 2 Portas 3 Gavetas Heloísa Plus Acp Móveis,"Elegante, versátil e prático, o Guarda-Roupa Heloísa 2 Portas Heloísa Plus com portas deslizante, com certeza da um chame ao ambiente. Possui 3 espelhos em uma das portas que garante ainda mais beleza e sofisticação ao móvel e conta com varias prateleiras para melhor organizar as suas roupa e acessórios. Produzido em MDF, é compacto e completo e perfeito para ambientes otimizados. Seu quarto com mais beleza e praticidade ao seu dia-a-dia.","{""cor"":""Carvalho"",""marca"":""ACP Móveis"",""tamanho"":""Casal""}",Carvalho,ACP Móveis,,,Casal,,,,,,,,,,,,Não informado,Acp Móveis,3 Gavetas,2 Portas,Casal,Guarda-Roupa,MDF,Não informado,com Espelho,MDF,Não informado,Não informado,deslizante,Não informado,Espelho,Não informado,Carvalho e Off White,ACP Móveis,3 Gavetas,2 Portas,Casal,,MDF,Moderno ,Correr
Guarda Roupa Casal City 3 Portas 4 Gavetas com Espelho Flex Ipê/Off White - Maxel,"Descrição:<br><br>O(a) Guarda Roupa Casal City 3 Portas 4 Gavetas com Espelho Flex Ipê/Off White - Maxel é produzido em MDP na escala de brilho Brilhante e Fosco, e possui um grau de dificuldade de montagem: Médio.<br>Seu revestimento/acabamento é: Pintura UV.<br><br><br>Infelizmente a Loja não oferece serviço de montagem, deixamos essa informação bem clara em todas as nossas páginas de produto.<br>Onde especificamos que os móveis chegarão desmontados, e que a montagem fica por conta do cliente.<br><br><br><br>Como não oferecemos esse serviço não embutimos o mesmo no preço dos produtos, ou seja, maior economia para você!<br>Todos os nossos móveis também acompanham o manual de montagem, e caso você queira, pode realizar a montagem você mesmo, sempre especificamos os graus de montagem dos produtos.<br><br><br><br>Nos casos de grau baixo e médio, com pouco ou nenhum conhecimento, você mesmo pode efetuar a montagem, e fazer essa economia.<br>Apenas nos graus de montagem alto, recomendamos a contratação de um montador com experiência, visto que são montagens mais complicadas.<br> A montagem é feita com Parafusos, cavilhas e Minifix.. <br><br><br><br>Este móvel é indicado para que seja utilizado no(a) Quarto, dando um toque especial no cômodo de sua casa.<br> Para que você mantenha seu produto sempre em ótimo estado, recomendamos que use apenas um pano seco ou levemente umedecido, <br>sem o uso de quaisquer produtos abrasivos.<br><br><br><br>A Loja garante aos clientes, 90 dias de garantia nos produtos, porém, recomendamos que entre em contato com o fornecedor/marca do produto, pois o mesmo(a), pode garantir um prazo maior de garantia.<br><br><br><br>Lembrando ainda que: quaisquer objetos decorativos que aparecem nas imagens, não acompanham o produto. <br>!<br><br>Características:<br><br>- Acompanha Manual de Montagem: Sim<br>- Possui Pés?: Não<br>- Como os Móveis Chegarão na Minha Casa: Desmontado em caixas, acompanhado de todas as peças, ferragens e manuais para montagem.<br>- É frágil?: Sim<br>- Possui Ripamento?: Não<br>- Montagem Invertida?: Pode ser Montado de Ambos os Lados<br>- Possui Nicho?: Não<br>- Quantidade de Cabideiros: 3<br>- Tipo de Guarda-Roupa/Closet: Convencional<br>- Observação: Objetos decorativos que aparecem nas imagens, não acompanham o produto.<br>- Necessita de Montagem: Sim<br>- Sistema de Montagem: Parafusos, cavilhas e Minifix.<br>- Indicação de Uso: Quarto<br>- Acompanha: Guarda-Roupa + Kit Ferragens + Manual de Montagem<br>- Modelo: Casal<br>- Possui Rodízios?: Não<br>- Garantia (dias): 90<br>- Grau de Dificuldade da Montagem: Médio<br>- Recomendação de Manutenção: Utilizar pano levemente umedecido, seguido de pano seco. Não utilizar quaisquer produtos abrasivos.<br>- Peso Suportado nas Gavetas (Kg): 3 Kg<br>- Possui Vidro?: Não<br>- Tipo de Porta: Portas de Correr<br>- Possui Espelho?: Sim<br>- Quantidade de Portas: 3<br>- Material do Puxador: Plástico<br>- Altura do Espelho: 174 Cm<br>- Largura do Espelho: 62 Cm<br>- Espessura da Estrutura: 12mm e 15mm<br>- Possui Gavetas?: Sim<br>- Quantidade de Gavetas: 4<br>- Material da Porta: MDP<br>- Espessura da Porta: 15 mm<br>- Possui Portas?: Sim<br>- Material do Trilho: Alumínio<br>- Possui Puxadores?: Sim<br>- Material das Corrediças: Metálica<br>- Tipo da Corrediça: Telescópica<br>- Peso Suportado nas Prateleiras:: 8 Kg<br>- Possui Prateleiras?: Sim<br>- Espessura do Espelho: 0,3 Cm<br>- Revestimento /Acabamento: Pintura UV<br>- Linha ou Coleção: City<br>- Material da Estrutura: MDP<br>- Quantidade de Prateleiras: 3<br>- Escala de Brilho: Brilhante e Fosco<br>","{""cor"":""Bege"",""quantidade_de_gavetas"":""4 Gavetas"",""quantidade_de_portas"":""3 Portas"",""tamanho"":""Casal""}",Bege,,4 Gavetas,3 Portas,Casal,,,,,,,,,,,,IpêOff White,Maxel,4,3,Casal,Closet Convencional,MDP,Não informado,Com Espelho,MDP,3,Não informado,3 Portas,Portas de Correr,Com Espelho,Não informado,Ipê e Off White,Maxel Móveis,4 Gavetas,3 Portas,Casal,,MDP,,Convencional
Guarda-Roupa Solteiro Milão 4 Portas 2 Gavetas Damasco/Off White - Poquema,"Descrição:<br><br>O(a) Guarda-Roupa Solteiro Milão 4 Portas 2 Gavetas Damasco/Off White - Poquema é produzido em MDP na escala de brilho Brilho, e possui um grau de dificuldade de montagem: Médio.<br>Seu revestimento/acabamento é: Pintura UV.<br><br><br>Infelizmente a Panorama Móveis não oferece serviço de montagem, deixamos essa informação bem clara em todas as nossas páginas de produto.<br>Onde especificamos que os móveis chegarão desmontados, e que a montagem fica por conta do cliente.<br><br><br><br>Como não oferecemos esse serviço não embutimos o mesmo no preço dos produtos, ou seja, maior economia para você!<br>Todos os nossos móveis também acompanham o manual de montagem, e caso você queira, pode realizar a montagem você mesmo, sempre especificamos os graus de montagem dos produtos.<br><br><br><br>Nos casos de grau baixo e médio, com pouco ou nenhum conhecimento, você mesmo pode efetuar a montagem, e fazer essa economia.<br>Apenas nos graus de montagem alto, recomendamos a contratação de um montador com experiência, visto que são montagens mais complicadas.<br> A montagem é feita com Parafusos, cavilhas e Minifix.. <br><br><br><br>Este móvel é indicado para que seja utilizado no(a) Quarto, dando um toque especial no cômodo de sua casa.<br> Para que você mantenha seu produto sempre em ótimo estado, recomendamos que use apenas um pano seco ou levemente umedecido, <br>sem o uso de quaisquer produtos abrasivos.<br><br><br><br>A Panorama Móveis garante aos clientes, 90 dias de garantia nos produtos, porém, recomendamos que entre em contato com o fornecedor/marca do produto, pois o mesmo(a), pode garantir um prazo maior de garantia.<br><br><br><br>Lembrando ainda que: quaisquer objetos decorativos que aparecem nas imagens, não acompanham o produto. <br>Panorama Móveis, a sua loja de móveis online, eletrodomésticos e artigos para decoração!<br><br>Características:<br><br>- Material da Estrutura: MDP<br>- Necessita de Montagem: Sim<br>- Como os Móveis Chegarão na Minha Casa: Desmontado em caixas, acompanhado de todas as peças, ferragens e manuais para montagem.<br>- Grau de Dificuldade da Montagem: Médio<br>- Sistema de Montagem: Parafusos, cavilhas e Minifix.<br>- Observação: Objetos decorativos que aparecem nas imagens, não acompanham o produto.<br>- Recomendação de Manutenção: Utilizar pano levemente umedecido, seguido de pano seco. Não utilizar quaisquer produtos abrasivos.<br>- Indicação de Uso: Quarto<br>- Garantia (dias): 90<br>- Escala de Brilho: Brilho<br>- Quantidade de Pés/Sapatas: 4<br>- Possui Borda de PVC nas Bordas?: Sim<br>- Modelo: Solteiro<br>- Quantidade de Cabideiros: 2<br>- Revestimento /Acabamento: Pintura UV<br>- Quantidade de Portas: 4<br>- Tipo de Porta: Portas de Bater<br>- Quantidade de Gavetas: 2<br>- Peso Suportado nas Gavetas (Kg): 1 Kg<br>- Material das Corrediças: Plástico<br>- Material das Dobradiças: Metálica<br>- Material do Puxador: Plástico<br>- Espessura da Estrutura: 12 mm<br>- Possui Gavetas?: Sim<br>- Tipo da Corrediça: Convencional<br>- Possui Portas?: Sim<br>- Material da Porta: MDP<br>- Espessura da Porta: 12 mm<br>- Possui Puxadores?: Sim<br>- Possui Pés?: Sim<br>- Tipo de Guarda-Roupa: Convencional<br>- É frágil?: Sim<br>- Peso Suportado no Cabideiro (Kg): 5<br>- Linha ou Coleção: Milão<br>- Material do Cabideiro: Madeira<br>","{""tamanho"":""Solteiro""}",,,,,Solteiro,,,,,,,,,,,,DamascoOff White,Poquema,2,4,Solteiro,Convencional,MDP,Não informado,Não informado,MDP,Não informado,Não informado,4 Portas,Portas de Bater,Não informado,Não informado,Damasco e Off White,Poquema,2 Gavetas,4 Portas,Solteiro,,MDP,,Convencional
Guarda-roupa Solteiro 3 Portas 2 Gavetas,"Um quarto moderno e bem aconchegante precisará de um móvel diferenciado como esse Guarda-Roupa Acre, desenvolvido para oferecer total conforto e comodidade para você e sua família. Ele é composto por 3 Portas convencionais com dobradiças de pressão metálicas e 2 gavetas com corrediças metálicas e puxadores em poliestireno. Além de seu bonito visual e cores inovadoras, que destacam a beleza do móvel e o deixam mais atraente. O produto é todo fabricado com chapas 100% MDP de 12 e 15 mm, material ecologicamente correto que confere a boa resistência e durabilidade à peça. Ele tem um bonito acabamento com revestimento de Pintura UV alto brilho, muito resistentes que dão maior destaque à cor e conservam a beleza do móvel por mais tempo. E para garantir a qualidade do produto dentro da embalagem, as caixas de cada produto são revestidas por um plástico termoencolhível, e todas as peças são separadas por isomanta, tudo para evitar o atrito entre elas, e também dentro de cada embalagem tem um manual passo a passo para auxiliar no momento da montagem do produto. Surpreenda-se com design, inovação, beleza e durabilidade, esse Guarda-Roupa foi desenvolvido exclusivamente para você.","{""cor"":""Amêndoa, Arena"",""marca"":""Poliman Móveis"",""quantidade_de_gavetas"":""2 Gavetas"",""tamanho"":""Solteiro""}","Amêndoa, Arena",Poliman Móveis,2 Gavetas,,Solteiro,,,,,,,,,,,,Não informado,Acre,2,3,Solteiro,Guarda-Roupa,MDP,Moderno,Não informado,MDP,Não informado,Não informado,Convencionais,Dobradiças de pressão metálicas,Gavetas com corrediças metálicas e puxadores em poliestireno,Não informado,Amêndoa e Arena,Poliman Móveis,2 Gavetas,3 Portas,Solteiro,,MDP,,Convencional
Guarda-Roupa Casal com Espelho Guadalupe III 6 PT Demolição,"Que tal o Guarda-Roupa Guadalupe?Durma e acorde em um ambiente deslumbrante e de muito bom gosto com o Guarda-Roupa Guadalupe. Com um belo design e espaço interno amplo, ideal para todos os seus itens mais importantes ficarem sempre organizados, este móvel conta com um super útil espelho e é fabricado com materiais de primeira, que vão garantir a qualidade que seu cantinho especial merece. Suas gavetas, cabideiros e prateleiras garantem uma super funcionalidade, que vai ser perfeita para deixar seu quarto impecável a qualquer momento do dia.","{""cor"":""Marrom"",""quantidade_de_gavetas"":""9 Gavetas"",""quantidade_de_portas"":""6 Portas"",""tamanho"":""Casal""}",Marrom,,9 Gavetas,6 Portas,Casal,,,,,,,,,,,,Demolição,Guadalupe,Não informado,6,Casal,Guarda-Roupa,Não informado,Não informado,Espelho,Não informado,Não informado,Não informado,Não informado,Não informado,"Gavetas, cabideiros, prateleiras",Não informado,Marrom,Genialflex,9 Gavetas,6 Portas,Casal,,MDP,,Articulada
Guarda-Roupa Infantil Selena 4PT 2GV Branco Carolina Baby,"Por que o Guarda-Roupa Infantil Selena? Olha só que gracinha o Guarda-Roupa Infantil Selena! Com amplo espaço interno, ele é o móvel ideal para guardar e organizar os pertences dos seus anjinhos, contando com um design clean na cor branca que é perfeito para proporcionar uma decoração leve e delicada para o ambiente. Lindinho, né? ;)","{""cor"":""Branco"",""marca"":""Carolina Baby"",""quantidade_de_gavetas"":""2 Gavetas"",""quantidade_de_portas"":""4 Portas""}",Branco,Carolina Baby,2 Gavetas,4 Portas,,,,,,,,,,,,,Branco,Carolina Baby,2GV,4PT,Não informado,Infantil,Não informado,Não informado,Não informado,Não informado,Não informado,Não informado,Não informado,Não informado,Amplo espaço interno,Não informado,Branco,Carolina Baby,2 Gavetas,4 Portas,Solteiro,,MDF,,Articulada
Guarda Roupa de Casal 3 Portas de Correr 6 Gavetas 3 Gavetões e Pés Click Branco,"<p>Características</p><p>Itens inclusos: 1 Guarda Roupa</p><p>Dimensões do produto: Largura 1,79M; Profundidade 0,50M; Altura 2,22M</p><p>Descrição Técnica:</p><p>09 amplas gavetas com corrediças metálicas sendo 03 gavetões</p><p>Puxadores em ABS</p><p>02 cabideiros/calceiros em alumínio</p><p>05 prateleiras</p><p>Trilhos metálicos de alumínio, para um melhor deslizar das portas</p><p>Complexidade da montagem: Média, pode ser montado por apenas uma pessoa e/ou necessite de maior conhecimento para montagem.</p><p>Recomendações de uso, manutenção e limpeza: Limpar com flanela ou pano macio seco, não utilizar produtos abrasivos, desengordurantes, álcool ou solvente. Não expor o produto diretamente a luz solar e à umidade</p><p>Garantia : 3 meses </p><p>OBS: Foto meramente ilustrativa, decorações não fazem parte do produto.</p>","{""marca"":""Santos Andirá"",""quantidade_de_gavetas"":""6 Gavetas"",""tamanho"":""Casal""}",,Santos Andirá,6 Gavetas,,Casal,,,,,,,,,,,,Branco,Não informado,6,3,Casal,Guarda Roupa,Não informado,Não informado,Pés Click,Não informado,5,179M,Correr,Não informado,"09 amplas gavetas com corrediças metálicas sendo 03 gavetões, Puxadores em ABS, 02 cabideiroscalceiros em alumínio, Trilhos metálicos de alumínio para um melhor deslizar das portas",Não informado,Branco,Santos Andirá,6 Gavetas,3 Portas,Casal,,,,Correr
Guarda Roupa Modulado 1 Porta 40cm Prime Luciane Móveis,"Características:<br> Matéria Prima: mdp 15mm<br> Corpo/Caixaria: mdp Branco f. F.<br> Frontais: Legno Crema<br> Prateleiras: 5<br> Portas: 1<br> Dobradiças: Metálicas Slowmotion 35mm<br> Puxadores: Perfil Alumínio<br> <br> Dimensões:<br> Altura: 236 cm<br> Largura: 40,3 cm<br> Profundidade: 56 cm<br> Peso: 52,6 kg<br> <br>PERGUNTAS FREQUENTES<br> <br> <br>1 – O produto é novo ou usado?<br> <br>R.: Todos os nossos produtos são novos, enviados de nossos fornecedores diretamente para as casas de nossos clientes.<br> <br> <br>2 – O produto vem montado? Se não, vocês realizam a montagem?<br> <br>R.: Todos nossos produtos acompanham seus respectivos manuais de montagem e instalação, que são simples e fáceis de serem seguidos, portanto não oferecemos a montagem.<br> <br> <br>3 – Vocês possuem loja física? Posso retirar meu produto em mãos? Vocês realizam pronta entrega?<br> <br>R.: Não trabalhamos com loja física, apenas loja virtual. Nos comprometemos em cumprir a entrega na data combinada no ato da compra e trabalhamos ao máximo para que seja entregue o quanto antes.<br> <br> <br>4 – Vocês entregam no Brasil inteiro? Como é feita a entrega?<br> <br>R.: Sim, entregamos no Brasil inteiro! A entrega é feita por nossas transportadoras parceiras.<br> <br> <br>5 – Vocês fazem agendamento de entregas?<br> <br>R.: Infelizmente não, temos um prazo de entrega baseado na localização de nossos fornecedores e no CEP de destino. Nos comprometemos na entrega dentro do prazo limite.<br> <br> <br>6 – O produto acompanha Nota Fiscal.<br> <br>R.: Sim, os produtos são entregues com suas respectivas notas fiscais.<br> <br> <br>7 – Qual é o horário de atendimento de vocês?<br> <br>R.: Nosso horário de atendimento é de segunda à sexta-feira, das 8 até às 18h (exceto feriados).<br> <br> <br>8 - Os produtos possuem garantia?<br> <br>R.: Sim, A J&amp;F Móveis oferece 3 meses de garantia para defeitos de fabricação.<br> <br> <br>Aviso: Imagem meramente ilustrativa. Decoração e eletros não acompanham o produto. A tonalidade de cor pode variar entre peças diferentes. Além disso, a percepção das cores do produto pode ser um pouco diferente da mostrada na foto do anúncio em função da luminosidade do ambiente, calibração do monitor ou aparelho usado para visualização da foto.<br> <br> <br> <br>A J&amp;F Móveis se responsabilizará pela entrega dos produtos adquiridos até a porta de entrada ou portaria do endereço indicado. Esclarecemos que não nos responsabilizamos por montagens, desmontagens e instalações, ficando assim sob responsabilidade do cliente. Confira as dimensões do produto no momento da compra e certifique-se de que o item passará normalmente por elevadores, portas, escadas e/ou corredores, evitando assim futuros desagrados ou imprevistos com a entrega.","{""marca"":""Luciane Móveis"",""tamanho"":""Casal""}",,Luciane Móveis,,,Casal,,,,,,,,,,,,Não informado,Luciane Móveis,Não informado,1,40cm,Modulado,MDP,Não informado,Não informado,MDP,5,403cm,1,Não informado,Dobradiças Metálicas Slowmotion,Não informado,Branco, Luciane Móveis,, 1 Porta,Casal,Modulado,mdp,,Convencional
Guarda-Roupa Casal 2 Portas 4 Gavetas Volare 2075,"Guarda-Roupa Volare revestimento em BP nas duas faces (ambos os lados) conferindo maior resistência à abrasão e umidade, principalmente nas costas/fundos que quando em contato com a parede são mais susceptíveis à umidade e ao mofo; Costas do roupeiro e fundo de gavetas em 15 mm com revestimento em BP em ambos os lados conferindo ao móvel uma estrutura reforçada e sólida garantindo maior durabilidade; Costas/fundos encaixados oferecendo maior resistência e excelente estruturação ao móvel; Acabamento BP em alto relevo e veios dispostos na horizontal (padrões madeirados) proporcionam sensações distintas ao toque, diferenciam e enobrecem este produto;","{""cor"":""Linho"",""marca"":""Belmax"",""quantidade_de_gavetas"":""4 Gavetas"",""tamanho"":""Casal""}",Linho,Belmax,4 Gavetas,,Casal,,,,,,,,,,,,Não informado,Volare,4 Gavetas,2 Portas,Casal,Guarda-Roupa,Não informado,Não informado,Não informado,BP,Não informado,Não informado,Não informado,Não informado,Não informado,Não informado,Cinza,Belmax,4 Gavetas,2 Portas,Casal,,MDP,Moderno ,Correr
Guarda Roupa Casal E2239 Freijó Carbono Flex  Araplac,"<p>Guarda Roupa Casal E2239 Freijó Flex – Araplac</p><p>Procurando por guarda roupa para o quarto do casal com preço acessível, mas sem deixar a modernidade de lado? Apresentamos esse lindo modelo desenvolvido pela Araplac com todo cuidado e carinho pensando em suprir as suas necessidades do dia a dia, o Guarda Roupa E2239 conta com amplo espaço interno e ótimas divisões para maior organização e praticidade de suas roupas e acessórios. Produto flex com um moderno design na cor Freijó podendo também ser montado na cor Freijó Carbono com varias opções de montagem, fabricado com excelentes materiais para maior resistência e durabilidade do móvel. Não deixe de aproveitar e garantir o seu!</p><p>Características Técnicas:<br> - Desenvolvido 100% em MDP<br> - Acabamento em pintura médio brilho na cor Freijó<br> - Produto flex, podendo ser montado nas cores:<br> Freijó<br> Freijó/Carbono<br> - Possui 03 Portas deslizantes<br>- Acompanha Espelho <br> - Prateleiras<br> - 02 Cabideiros<br> - Trilhos em PVC<br> - 09 Gavetas com corrediças metálicas, que deslizam livres de enrosco<br> - Puxadores na cor bronze<br> - Kit 06 pés quadrados<br> - Amplo espaço<br> - Lindo design</p><p>Dimensões:<br> Altura: 212 cm<br> Largura: 185 cm<br> Profundidade: 48 cm</p><p>Obs: Não realizamos a montagem, porém acompanha manual de instruções.</p>","{""cor"":""Freijó,Carbono"",""marca"":""Araplac"",""tamanho"":""Casal""}","Freijó,Carbono",Araplac,,,Casal,,,,,,,,,,,,Freijó,Araplac,9,3,Casal,Guarda Roupa,MDP,Moderno,Não informado,MDP,Não informado,185 cm,Deslizantes,Deslizante,"Espelho, Cabideiros, Trilhos em PVC, Gavetas com corrediças metálicas, Puxadores na cor bronze, Kit 06 pés quadrados",Não informado,Freijó,Araplac,9 Gavetas,3 Portas,Casal,,MDP,,Correr
Guarda Roupa Casal Doble Jatobá Fendi Metallic Móveis Albatroz,"Com o Guarda Roupa Doble Casal da Móveis Albatroz, você vai satisfazer todas as suas necessidades além de deixar seu quarto cheio de estilo. Amplo espaço interno e tem detalhes diferenciados que garantem muito requinte para o espaço que vai proporcionar a sensação de amplitude no quarto.<br> <br> Dimensões<br> Altura: 230 cm<br> Largura: 240 cm<br> Profundidade: 47 cm<br> <br> Acompanha manual de montagem.<br> Garantia: 3 meses<br> Fabricante: Móveis Albatroz<br> <br> Observações Importantes<br> <br> As imagens ambientadas são meramente ilustrativas e podem apresentar itens que não compõe o produto.Para limpeza use um pano macio seco ou ligeiramente umedecido com água e depois um pano seco.<br> Não use agentes de limpeza ou abrasivos.<br> Não molhar o móvel, expor em lugar úmido ou próximo de fontes de calor.As cores do produto podem variar de acordo com o monitor, a iluminação do ambiente ou sua percepção visual.<br> Os móveis são entregues desmontados e com manual de montagem.<br> Montagem, desmontagens, e instalações deve ser contratado um montador profissional pelo cliente.<br> A loja se responsabilizará pela entrega dos produtos até onde as rodovias alcançam, entregas fluviais ou aéreas devem ser cotadas a parte.<br> Confira as dimensões antes da compra, e certifique-se de que o produto passará por elevadores, portas e corredores, já que nossa expedição não inclui a subida de lances de escada, elevadores ou o lançamento de produtos.<br> Ao receber seus produtos verifiquem no ato do recebimento qualquer dano a embalagem do produto, caso tenha alguma avaria não assinar o comprovante de recebimento.<br> A transportadora tem obrigação de esperar a conferência.<br> Produto para uso residencial em ambiente interno, não devendo ficar exposto diretamente ao sol, calor e umidades","{""marca"":""Móveis Albatroz"",""tamanho"":""Casal""}",,Móveis Albatroz,,,Casal,,,,,,,,,,,,Jatobá,Móveis Albatroz,Não informado,Não informado,Casal,Guarda Roupa,Não informado,Não informado,Fendi Metallic,Não informado,Não informado,240 cm,Não informado,Não informado,Não informado,Não informado,Jatobá Fendi,Móveis Albatroz,4 Gavetas,4 Portas,Casal,,MDP,,Convencional
Guarda Roupa Casal 8 Portas Com Espelho 8350 Naturale Branco Moval,"<p>Guarda Roupa Casal 8 Portas Com Espelho, ideal para dar um toque de sofisticação ao ambiente. Estrutura em MDP de 12 mm, fundos em MDF de 2,5 mm que proporcionam melhor acabamento nas bordas e superfícies, e pintura com acabamento em UV(Naturale-Fosco/Branco-Brilho). Composto por 8 portas articuladas, espelhos nas portas centrais, 1 gaveta central com corrediça metálica, 1 cabideiro e 1 calceiro em alumínio, puxadores na cor bronze e acompanham pés em PVC. Desenvolvido para compor seu quarto deixando o ambiente ainda mais moderno e aconchegante. Este móvel chegará na sua casa separado em 03 volumes.<br><br><strong>Dimensões</strong><br>Altura 204 cm<br>Largura 165 cm<br>Profundidade 47 cm<br><br><strong>Sistema de Montagem</strong><br>Parafusos, Pregos e Cavilhas.<br>Acompanha Manual de Montagem.<br><br><strong>Recomendação de Limpeza</strong><br>Limpar com pano levemente umedecido com água, não utilizar produtos abrasivos. Não expor o produto diretamente à luz solar e à umidade.<br><br><strong>*Produtos de Enfeite e Demais Móveis Não Inclusos.</strong><br><br><br><br><strong>Importante Saber</strong><br>As imagens são meramente ilustrativas, não acompanham objetos de decoração e eletrônicos.<br>A tonalidade da cor do produto pode variar de acordo a calibração de cores do seu monitor, a iluminação do ambiente ou sua percepção visual.<br>O cliente deve verificar a quantidade de <strong>VOLUMES</strong> descritos na nota, as condições da embalagem, caso haja algum dano <strong>NÃO ASSINE</strong> o comprovante de recebimento e <strong>RECUSE</strong> a mercadoria.<br>Montagem, desmontagem e outras instalações serão de responsabilidade do cliente.<br>Não nos responsabilizamos por subir escadas/elevadores ou pelo transporte por guincho em apartamentos. Eventuais despesas são de responsabilidade do comprador.<br>Confira as dimensões do produto e certifique-se de que passarão normalmente por supostos elevadores, portas, escadas ou corredores de sua residência.<br>O comprador ou a pessoa que receber os produtos <strong>DEVE VERIFICAR SE OS PRODUTOS RECEBIDOS</strong> correspondem ao mesmo modelo e à mesma quantidade dos produtos adquiridos, o entregador equivocado pode entregar volumes de outra carga.<br><br><strong>Garantia De Fábrica</strong><br>90 dias para eventuais defeitos de fabricação.</p>","{""cor"":""Naturale, Branco"",""marca"":""Moval"",""quantidade_de_portas"":""8 Portas"",""tamanho"":""Casal""}","Naturale, Branco",Moval,,8 Portas,Casal,,,,,,,,,,,,Branco,Moval,1,8,Casal,Guarda-Roupa,MDP,Moderno,Com Espelho,MDF,Não informado,165 cm,Articuladas,Com Espelho,"1 gaveta central com corrediça metálica, 1 cabideiro e 1 calceiro em alumínio",Não informado,Branco,Moval,1 gaveta,8 Portas,Casal,,MDP,,Convencional
Guarda Roupa Casal Chicago 2 Portas 6 Gavetas  C/Espelho Tcil,"Guarda Roupa Casal Chicago 2 Portas 6 Gavetas C/Espelho Tcil<br>O(a) Guarda-Roupa Casal Chicago 2 Portas 6 Gavetas com Espelho Cinamomo - Tcil Móveis é produzido em MDP na escala de brilho Brilho e Fosco, e possui um grau de dificuldade de montagem: Médio.<br>Seu revestimento/acabamento é: Pintura UV.<br>Infelizmente a Panorama Móveis não oferece serviço de montagem, deixamos essa informação bem clara em todas as nossas páginas de produto. Onde especificamos que os móveis chegarão desmontados, e que a montagem fica por conta do cliente.<br>Como não oferecemos esse serviço não embutimos o mesmo no preço dos produtos, ou seja, maior economia para você! Todos os nossos móveis também acompanham o manual de montagem, e caso você queira, pode realizar a montagem você mesmo, sempre especificamos os graus de montagem dos produtos.<br>Nos casos de grau baixo e médio, com pouco ou nenhum conhecimento, você mesmo pode efetuar a montagem, e fazer essa economia. Apenas nos graus de montagem alto, recomendamos a contratação de um montador com experiência, visto que são montagens mais complicadas. A montagem é feita com Parafusos, cavilhas e Minifix..<br>Este móvel é indicado para que seja utilizado no(a) Quarto, dando um toque especial no cômodo de sua casa.<br>Para que você mantenha seu produto sempre em ótimo estado, recomendamos que use apenas um pano seco ou levemente umedecido, sem o uso de quaisquer produtos abrasivos<br>Altura: 214cm<br>Largura: 133cm<br>Profundidade: 51cm<br>Informações importantes:<br>- Os Objetos que ambientam as imagens não acompanham o produto.<br>- Não nos responsabilizamos pela montagem e instalação dos produtos. A montagem deve ser realizada por um profissional, conforme as instruções do manual do produto.<br>- Pode haver alguma diferença de tonalidade entre a foto e o produto, devido ao tratamento de imagens e a calibração do seu monitor ou dispositivo.<br>- A entrega é realizada por transportadora, não nos responsabilizamos, no ato da entrega por desmontagens, subir escadas/elevadores ou transporte por guincho para apartamentos.<br>- Antes de comprar o seu produto verifique as medidas e o local onde pretende instalar.","{""cor"":""Neve"",""marca"":""Tcil Móveis"",""quantidade_de_gavetas"":""6 Gavetas"",""tamanho"":""Casal""}",Neve,Tcil Móveis,6 Gavetas,,Casal,,,,,,,,,,,,Cinamomo,Tcil,6 Gavetas,2 Portas,Casal,Guarda-Roupa,MDP,Não informado,Com Espelho,MDP,Não informado,133cm,2 Portas,Não informado,Espelho,Não informado,Neve, Tcil Móveis,6 Gavetas,2 Portas,Casal,,MDP,,Correr
Guarda Roupa Casal 2 Portas Viena Bianchi Móveis,"Guarda Roupa Casal 2 Portas Viena Bianchi Móveis<br>Está faltando uma mobília de qualidade no seu dormitório? Então aposte no móvel certo para transformar o seu cantinho: o Guarda Roupa Viena! Com um ótimo espaço interno para peças de roupas, sapatos, acessórios e o que mais você quiser, além de ficar sempre em ordem, seu quarto também ganhará um toque de charme e um visual moderno. Essa peça é ideal para criar um lugar de descanso com a sua cara, do jeitinho que você sempre quis!<br> <br>Pesos e Dimensões<br>Altura: 220 cm;<br>Largura: 203 cm <br>Profundidade: 55 cm;<br>Peso: 124 Kg;<br> <br>Características<br>Possui Amplo Espaço Interno;<br>Cabideiros em Alumínio;<br>Espaço para roupas longas;<br>Produzido com equipamentos de alta tecnologia;<br>Produto avaliado e aprovado por um rigoroso controle de qualidade;<br>Fácil montagem e manual de montagem simplificado;<br>Maior profundidade, possibilitando amplo espaço interno para organização;<br>Portas com espaços independentes;<br>Dobradiças metálicas de 26mm que garantem resistência e durabilidade;<br>Distanciador de gavetas em MDF, dando a elas maior durabilidade;<br>Gavetas grandes e espaçosas com corrediças telescópicas;<br>Acabamento com toque aveludado;<br>Costas inteiras; <br> <br>Materiais e Acabamentos<br>Produto em MDF;<br>Pintura U.V. e acabamento em micro textura;<br>Puxadores em MDF;<br>2 portas com dobradiças metálicas de 26mm;<br>Portas deslizantes.<br>Prateleiras Centrais;<br>Maleiro com divisória;<br>Possui 4 gavetas;<br>Gavetas com corrediças telescópicas;<br>Gavetas com distanciadores em MDF;<br>Cabideiros em alumínio;<br>Espaço para sapatos.<br> <br>Montagem<br>Necessita de Montagem: Sim;<br>Sistema de Montagem: Parafusos;<br>Recomendações de Uso, Manutenção e Limpeza: Limpeza com pano levemente umidecido. Não aplicar nenhum tipo de produto químico, como Lustra móveis, poliflor, etc... ;<br> <br>Observações<br>Situação do produto enviado: Novo e desmontado na caixa<br>Garantia: 3 meses ( Contra defeito de fabricação ) a partir da data do recebimento do produto<br>Como você vai receber o produto na sua casa: Produto novo e desmontado na caixa com reforço de embalagem de papelão e plástico bolha garantindo a integridade e segurança no produto durante o transporte. <br>Ao receber a mercadoria, verifique as condições da embalagem, caso haja alguma avaria, entre em contato com nosso SAC.<br>A Móveis e Móveis não oferece serviço de montagem, mas todos nossos produtos acompanham manual com passo a passo.<br> <br> <br> <br>","{""cor"":""Avelã"",""marca"":""Bianchi Móveis"",""tamanho"":""Casal""}",Avelã,Bianchi Móveis,,,Casal,,,,,,,,,,,,Não informado,Bianchi Móveis,4,2,Casal,Guarda Roupa,MDF,Moderno,Não informado,MDF,Não informado,203 cm,2 portas com dobradiças metálicas de 26mm,Deslizantes,"Amplo Espaço Interno, Cabideiros em Alumínio, Espaço para roupas longas, Dobradiças metálicas de 26mm, Distanciador de gavetas em MDF, Gavetas grandes e espaçosas com corrediças telescópicas, Acabamento com toque aveludado, Costas inteiras, Prateleiras Centrais, Maleiro com divisória, Gavetas com corrediças telescópicas, Gavetas com distanciadores em MDF, Cabideiros em alumínio, Espaço para sapatos",Não informado,Avelã,Bianchi Móveis,4 Gavetas,2 Portas,Casal,,MDF,,Correr
Multiuso Antigo Madeira Maciça 2 Portas Pés Luis XV Mel 4000 Shop JM,"<p>Adicione um toque de charme rústico ao seu ambiente com o nosso Multiuso Rústico, uma peça que combina funcionalidade e estilo. Confeccionada em madeira maciça de Pinus de reflorestamento, esta cristaleira é uma escolha sustentável que oferece durabilidade e resistência. As duas portas, juntamente com uma gaveta espaçosa com corrediças de madeira, proporcionam amplo espaço de armazenamento e fácil acesso aos seus objetos. Os pés em estilo Luis XV, também conhecidos como pés cabriolet, oferecem um visual retrô chique que eleva a sofisticação do ambiente. Dobradiças e puxadores mexicanos conferem um toque autêntico e artesanal, enquanto as prateleiras espaçosas permitem uma organização eficiente e elegante. O acabamento em pintura UV com brilho semi fosco não só protege a madeira, mas também adiciona um toque sofisticado ao móvel. Ideal para quem busca um design rústico com funcionalidade moderna, este multiuso é perfeito para valorizar e organizar qualquer ambiente.</p> <p>Madeira maciça em pinus: Garante durabilidade e resistência, com material sustentável e ecologicamente correto.</p> <p>2 portas: Facilita o acesso e a organização dos itens armazenados.</p> <p>Dobradiças e puxadores mexicanos: Acrescentam um toque autêntico e artesanal ao móvel.</p> <p>4 divisórias internas: Proporcionam uma organização eficiente dos seus objetos pessoais.</p> <p>Pés estilo Luis XV: Design clássico conhecido como pés cabriolet, conferem um visual retrô chique ao multiuso.</p> <p>Acabamento em pintura UV com brilho semi fosco: Oferece proteção duradoura e um acabamento elegante.</p><p>Dimensões do Produto:Largura 80 cm; Profundidade 36 cm; Altura 175 cm.</p> <p>Itens Inclusos: 1 armário multiuso</p> <p>Complexidade da montagem:Média, pode ser montado por mais de uma pessoa e/ou necessite de maior conhecimento para montagem.</p> <p>Recomendações de uso, manutenção e limpeza:Limpar com flanela ou pano macio seco, não utilizar produtos abrasivos, desengordurantes, álcool ou solvente. Não expor o produto diretamente a luz solar e à umidade</p> <p>Garantia:3 meses</p> <p>OBS: Foto meramente ilustrativa, objetos, utensílios e decoração não fazem parte do produto.</p>",{},,,,,,,,,,,,,,,,,Mel,Shop JM,1,2,Não informado,Multiuso,Madeira maciça,Rústico,Não informado,Pinus,4,36 cm,2 portas,Não informado,Pés Luis XV,Não informado,,,,2 Portas,,,,,
Guarda-Roupas Casal Click 3 Portas de Correr 9 Gavetas Santos Andirá,"Se procura por um guarda-roupa moderno e de qualidade, o Guarda-Roupa Click 3.9 é o produto ideal. Possuindo 09 amplas gavetas, sendo 03 delas gavetões, ambas com corrediças metálicas, oferece maior comodidade para guardar os pertences. Possui divisão interna com 05 prateleiras e 02 cabideiros/calceiros metálicos para melhor aconchegar as roupas. As portas deslizam sobre trilhos de alumínio, proporcionando um correr mais suave.<br><br>Características:<br>Produzido em MDP de alta qualidade<br>Número de Portas: 3 Portas de Correr<br>Trilhos: Alumínio<br>Puxadores: PVC<br>Número de Gavetas: 9<br>Corrediças das Gavetas: Metálicas<br>Quantidade de Prateleiras: 5<br>Cabideiros: 2 Alumínio<br>Acessórios e Manual de Montagem: Sim<br><br>Dimensões:<br>Altura: 217,6<br>Largura: 179,4<br>Profundidade: 50,5<br>Peso: 127,30<br><br>Garantia do fabricante: 3 meses contra defeito de fabricação.","{""cor"":""Branco"",""marca"":""Santos Andirá"",""quantidade_de_gavetas"":""9 Gavetas"",""quantidade_de_portas"":""3 Portas"",""tamanho"":""Casal""}",Branco,Santos Andirá,9 Gavetas,3 Portas,Casal,,,,,,,,,,,,Não informado,Santos Andirá,9,3,Casal,Guarda-Roupas,MDP,Moderno,Não informado,MDP,5,1794,3 Portas de Correr,Correr,"Trilhos de alumínio, corrediças metálicas, cabideiros e calceiros metálicos",Não informado,Branco,Santos Andirá,9 Gavetas,3 Portas,Casal,,MDP,,Correr
Guarda Roupa Casal com Espelho 6 Portas Nevada Moval,"O Guarda Roupa Casal de 6 Portas Nevada da Moval, foi desenvolvido para agregar mais estilo e organização em seu quarto. Fabricado em MDF possui seis gavetas para guardar a roupas e objetos.<br> <br> <br> Caraterísticas:<br> Produto MDF<br> Puxadores champagne<br> Pés em Pvc<br> Excelente distribuição interna<br> 6 Gavetas externas com corrediças telescópicas<br> 6 Portas<br> Espelho<br> <br> <br> Dimensões:<br> Altura: 222 cm<br> Largura: 201 cm<br> Profundidade: 47 cm<br> Peso: 136,93 kg<br> <br> <br> Garantia do fornecedor de 3 meses.","{""marca"":""Moval"",""quantidade_de_portas"":""6 Portas"",""tamanho"":""Casal""}",,Moval,,6 Portas,Casal,,,,,,,,,,,,Não informado,Moval,6,6,Casal,Guarda Roupa,MDF,Não informado,Espelho,MDF,Não informado,201 cm,6 Portas,Não informado,"Puxadores champagne, Pés em Pvc, Excelente distribuição interna, 6 Gavetas externas com corrediças telescópicas",Não informado,Nevada Baunilha,Moval,6 Gavetas,6 Portas,Casal,,MDF,,Convencional
Guarda-roupa B24 04 Portas e 03 Gavetas Briz - Branco,"O Roupeiro B24 une design e funcionalidade para deixar seu dormitório mais elegante e moderno, possui 4 portas de abrir, 3 gavetas externas com corrediças metálicas que permite um deslize mais seguro e suave, com amplo espaço interno para melhor organização das roupas. Possui pés, altura de 2000 mm, largura de 1630 mm e profundidade de 465 mm. Os puxadores são de ABS cromado, cabideiros de madeira revestidos. Produzido em MDP e pintura UV. Possui espelho. Desenvolvido para oferecer praticidade no seu dia a dia, proporcionando muito mais comodidade na hora de organizar suas roupas. Diferenciais: - Cabideiros resistentes de madeira revestidos - 03 Gavetas com corrediças metálicas - Puxadores em ABS - Frentes de MDP 15mm - Espelho de 750x400x3mm com moldura Caraterísticas Técnicas: Altura: 200,00 Largura: 163,00 Profundidade: 46,50 Garantia: 03 Meses Contra Defeitos de Fabricação Acompanha Manual: Acompanha manual de montagem (não nos responsabilizamos pela montagem do produto) Produto Enviado: Desmontado acondicionado em caixa de papelão reforçada Observações de Entrega: Os serviços de entrega são realizados por empresas terceirizadas parceiras assim os entregadores não são autorizados: - Entrar no domicílio, sem estar acompanhado pelo cliente; - Entrar ou subir desacompanhado em prédio residencial ou comercial, o cliente precisa receber o pedido na portaria; - Entregar por meios alternativos (exemplo: içar produto por janela, subir escadas); - Entregar em edifícios, entrega será realizada apenas na portaria; - Realizar montagens, instalação ou manutenção de produtos; - Abrir a embalagem do produto; - Realizar entrega em endereço diferente do que consta na Nota Fiscal; - Realizar entrega a menor de idade ou sem documento de identificação; Aviso: Os produtos podem sofrer divergência de tonalidade devido as configurações de tela e tonalidades de madeiras. Importante: Produto enviado desmontado via transportadora (Não nos responsabilizamos pela montagem do mesmo).","{""cor"":""Branco"",""marca"":""Briz""}",Branco,Briz,,,,,,,,,,,,,,,Branco,Briz,3,4,Não informado,Guarda-roupa,MDP,Moderno,Espelho,MDP,Não informado,Não informado,4 portas de abrir,abrir,"Cabideiros resistentes de madeira revestidos, 03 Gavetas com corrediças metálicas, Puxadores em ABS, Frentes de MDP 15mm, Espelho de 750x400x3mm com moldura",Não informado,Branco,Briz Móveis,3 Gavetas,4 Portas,Casal,,MDP,,Convencional
Guarda-roupa Verona Plus 6 Portas Amêndoa Off White,"O Guarda Roupa Verona Plus é desenvolvido com material ecologicamente correto, sendo todo fabricado em MDF com chapas na espessura de 15mm (exceto os fundos, que são de 3mm), deixando o produto mais robusto. O acabamento é com Pintura UV, protegida com verniz ultra resistente. Este produto tem 8 gavetas com corrediças telescópicas e possui uma excelente divisão interna com 3 cabideiros metálicos, espaço para sapatos e roupa longa, além de um nicho inferior com 3 vãos. A parte superior do roupeiro é composta por maleiros nas laterais e um nicho central com 4 vãos, o que deixa o produto mais completo. Outro destaque é o puxador, fabricado em alumínio na cor Bronze, o que lhe proporciona um design moderno. Seguem as dimensões do produto: 2,500m de altura, 2,730m de comprimento e 0,620m de largura. A WOW Móveis não se responsabiliza pela montagem dos produtos. Na entrega não está incluso subir escadas/elevadores ou transporte por guincho em apartamentos. Eventuais despesas são de responsabilidade do comprador. Orientamos a conferência das dimensões deste produto para certificar que o mesmo passará normalmente por elevadores, escadas e corredores de sua residência. A WOW Móveis fica a disposição para sanar possíveis dúvidas a respeito do produto. Nossas imagens são meramente ilustrativas. Não nos responsabilizamos pela montagem e instalação dos produtos.","{""cor"":""Amêndoa, Off White"",""quantidade_de_portas"":""6 Portas"",""tamanho"":""Casal""}","Amêndoa, Off White",,,6 Portas,Casal,,,,,,,,,,,,Amêndoa Off White,WOW Móveis,8,6,2500m de altura 2730m de comprimento e 0620m de largura,Guarda-roupa,MDF,Moderno,Não informado,MDF,Não informado,2730m,6 Portas,Não informado,"Corrediças telescópicas, Cabideiros metálicos, Espaço para sapatos e roupa longa, Nicho inferior com 3 vãos, Maleiros nas laterais, Nicho central com 4 vãos, Puxador em alumínio na cor Bronze",Não informado,Amêndoa e Off White,Conquista Móveis,8 Gavetas,6 Portas,Casal,,MDF,,Convencional
Guarda Roupa Casal 3 Portas 9 Gavetas Chicago Tcil Móveis,"O guarda roupa Chicago possui um design inovador, com material de alta qualidade com cores incríveis. Guarda Roupa em MDP, com corrediças telescópicas, 9 gavetas externas, trilho inferior em alumínio, cabideiros em alumínio, puxadores em PVC. Deixando o ambiente mais harmonioso e lindo.","{""cor"":""Cinamomo"",""marca"":""Tcil Móveis"",""quantidade_de_gavetas"":""9 Gavetas"",""quantidade_de_portas"":""3 Portas"",""tamanho"":""Casal""}",Cinamomo,Tcil Móveis,9 Gavetas,3 Portas,Casal,,,,,,,,,,,,Não informado,Tcil Móveis,9,3,Casal,Guarda Roupa,MDP,Não informado,trilho inferior em alumínio,MDP,Não informado,Não informado,3,Não informado,"corrediças telescópicas, cabideiros em alumínio, puxadores em PVC",Chicago,Bege, Tcil Móveis,9 Gavetas,3 Portas,Casal,,MDP,Moderno ,Correr
Guarda Roupa 4 Portas 3 Gavetas GR4365 Branco Itapema Rodial Móveis,"Seu dormitório é o lugar mais usado da casa, é nele que você fica a maior parte do tempo, vive momentos importantes da sua vida e projeta sonhos e desejos. Para um lugar com tanta importância é preciso moveis de sejam um complemento a tudo isso. Pensando nisso trazemos o Guarda Roupas Itapema, ele possui 4 portas e 3 gavetas com corrediças metálicas, muitas prateleiras distribuídas de forma a melhorar o aproveitamento de espaços. Possui puxadores de alta resistência em ABS e um acabamento com verniz UV, que da proteção e durabilidade ao seu produto. Além de tudo isso é bonito e tem cores modernas, design atual e um processo de produção que garante a qualidade do produto. Mas não paramos por aí, seu produto recebe uma embalagem reforçada, caixa de papelão de alta resistência, isopor para travar as peças de forma que elas não sofram choque no transporte, mantas isoladoras entre as peças e ainda um revestimento plástico por fora da embalagem para proteção contra umidade e reforço da embalagem. Viu só? Nosso produto é perfeito para sua casa e vai chegar muito mais protegido.","{""marca"":""Rodial"",""quantidade_de_gavetas"":""3 Gavetas"",""quantidade_de_portas"":""4 Portas"",""tamanho"":""Casal""}",,Rodial,3 Gavetas,4 Portas,Casal,,,,,,,,,,,,Branco,Rodial Móveis,3 Gavetas,4 Portas,Não informado,Guarda Roupas,Não informado,Não informado,Não informado,Não informado,Não informado,Não informado,4 Portas,Não informado,"Corrediças Metálicas, Puxadores de Alta Resistência em ABS, Acabamento com Verniz UV",Não informado,Branco,Rodial,3 Gavetas,4 Portas,Casal,,MDP,,Convencional
Conjunto de Guarda-Roupa Alonzo com espelho e pés e Cômoda Toronto Amêndoa Clean,"O conjunto Alonzo e Toronto é a escolha perfeita para um quarto completo e sofisticado. O guarda-roupa espaçoso oferece amplo espaço de armazenamento com compartimentos inteligentes e design moderno, enquanto a cômoda complementa com gavetas espaçosas para organização adicional. Ambos apresentam acabamento refinado e detalhes elegantes, proporcionando funcionalidade e estilo em harmonia.","{""cor"":""Amêndoa"",""marca"":""Lopas"",""tamanho"":""Solteiro""}",Amêndoa,Lopas,,,Solteiro,,,,,,,,,,,,Amêndoa,Não informado,Não informado,Não informado,Não informado,Conjunto,Não informado,Clean,com espelho e pés,Não informado,Não informado,Não informado,Não informado,Não informado,Não informado,Não informado,,,,,,,,,
Guarda Roupa Solteiro 2 Portas de Correr e 2 Gavetas S742 Polipropileno Branco - Kappesberg,<strong>Guarda Roupa Solteiro 2 Portas de Correr e 2 Gavetas S742 Polipropileno Branco - Kappesberg</strong><br> <br> Marca: <strong>Kappesberg</strong><br><br>Dimensões(Cm): Comprimento(Profundidade): 53 x Largura: 144 x Altura: 224<br> <br> <strong>CARACTERÍSTICAS DE MÓVEIS</strong><br> <strong>Tipo de Estrutura do Móvel</strong><br> - MDF/MDP<br> <strong>Tipo de Pintura</strong><br> - UV<br> - Texturizada<br> <strong>Tipo de Acabamento da Pintura</strong><br> - Semi Brilho<br> <strong>Tipo de puxador</strong><br> - ABS/PVC<br> <strong>Quantidade de Prateleiras</strong><br> - 3<br> <strong>Quantidade de Gavetas</strong><br> - 2<br> <strong>Diferenciais da Gaveta</strong><br> - c/ Corrediças Metálicas<br> <strong>Quantidade de Portas</strong><br> - 2<br> <strong>Garantia</strong><br> - 3<br> <br> <strong>BENEFÍCIOS DE MÓVEIS</strong><br> <strong>Certificação de Qualidade de Móveis</strong><br> - Qualidade Aprovada<br> <br> <strong>04 - CARACTERÍSTICAS E BENEFÍCIOS DOS MÓVEIS DE QUARTO</strong><br> <strong>Tamanho do Guarda-Roupa</strong><br> - Solteiro<br> <br> <br> <strong> Não nos responsabilizamos pela montagem/instalação dos produtos.</strong><br> <strong>Todas as informações divulgadas são de responsabilidade exclusiva do fabricante/fornecedor. </strong><br> <strong>Imagens Meramente Ilustrativas.</strong><br> <strong>Verifique com os fabricantes do produto e de seus componentes eventuais limitações à utilização de todos os recursos e funcionalidades.</strong>,"{""cor"":""Branco"",""marca"":""Kappesberg"",""quantidade_de_gavetas"":""2 Gavetas"",""quantidade_de_portas"":""2 Portas"",""tamanho"":""Solteiro""}",Branco,Kappesberg,2 Gavetas,2 Portas,Solteiro,,,,,,,,,,,,Branco,Kappesberg,2,2,Solteiro,Guarda-Roupa,MDFMDP,Não informado,Não informado,Polipropileno,3,53,De Correr,Não informado,Corrediças Metálicas,Não informado,Branco,Kappesberg,2 Gavetas,2 Portas,Solteiro,,MDF e MDP,,Correr
Guarda Roupa Casal B355 Jequitibá Brilho com Espelho  Briz Móveis,"<p><span>Guarda Roupa Casal B355 Jequitibá Brilho com Espelho – Briz Móveis <br>Para proporcionar modernidade, praticidade e organização no seu quarto fechamos parceria com a Briz para apresentar o Guarda Roupa Casal B355 com Espelho desenvolvido com estrutura em MDP e MDF, design sofisticado e amplo espaço interno com gavetas, prateleiras e cabideiro, não perca mais tempo e aproveite!<br><br> <br> Característica Técnicas<br><br> - Material da estrutura em MDP e MDF<br>- Acabamento U.V<br> - 6 Portas <br> - 6 Gavetas<br>- Possui espelho<br> - Corrediças metálica<br>- Dobradiças metálica<br> - Cabideiro resistente de madeira revestido<br> - Puxadores em ABS<br>- Possui pés em ABS<br>- Amplo espaço interno<br> - Design moderno<br> <br> Dimensões:<br> Altura: 215 cm<br> Largura: 199,5 cm<br> Profundidade: 46 cm<br><br> <span>Atenção: Não realizamos a montagem ou instalação do produto, porém acompanha manual de instruções.</span><br><span>Importante: Imprescindível a conferência no ato da entrega. Em caso de anormalidade, recuse.</span><br></span></p>","{""marca"":""Briz"",""tamanho"":""Casal""}",,Briz,,,Casal,,,,,,,,,,,,Jequitibá Brilho,Briz Móveis,6,6,Casal,Guarda Roupa,MDP e MDF,Moderno,Com Espelho,MDP e MDF,Não informado,1995,6 Portas,Não informado,"Espelho, Corrediças metálica, Dobradiças metálica, Cabideiro resistente de madeira revestido, Puxadores em ABS, Pés em ABS, Amplo espaço interno",Não informado,Jequitibá,Briz Móveis,6 Gavetas,6 Portas,Casal,,MDF e MDP,,Convencional
Guarda Roupa Para Bebê Eloá Branco Phoenix Baby,"<p>Dimensões do produto:Largura 165 cm; Profundidade 52 cm; Altura 220 cm;</p><p>Itens Inclusos:1 Guarda Roupa</p><p>Material 100% MDF</p><p>Cabideiros metálicos</p><p>3 Portas com excelente espaço interno</p><p>4 Gavetas com corrediças telescópicas com puxadores em cava</p><p>Pintura UV atóxica/acetinada para não prejudicar a saúde do bebê e das crianças</p><p>Guarda roupa repleto de nichos de diversos tamanhos</p><p>Maleiro na parte superior</p><p>6 nichos para sapatos na parte inferior</p><p>Lado direito do guarda roupa com gavetas e nichos menores para objetos de decoração, perfumes, cremes e os produtinhos que seu bebê usa</p><p>Complexidade da montagem:Média, pode ser montado por mais de uma pessoa e/ou necessite de maior conhecimento para montagem.</p><p>Recomendações de uso, manutenção e limpeza:Limpar com flanela ou pano macio seco, não utilizar produtos abrasivos, desengordurantes, álcool ou solvente. Não expor o produto diretamente a luz solar e à umidade</p><p>Garantia:3 meses<br><br>OBS: Foto meramente ilustrativa, objetos, utensílios e decoração não fazem parte do produto.</p><p>Manual de Montagem e Instalação</p>","{""marca"":""Phoenix Baby""}",,Phoenix Baby,,,,,,,,,,,,,,,Branco,Phoenix Baby,4,3,Não informado,Bebê,MDF,Não informado,Não informado,MDF,6,165 cm,3 Portas com excelente espaço interno,Não informado,"Cabideiros metálicos, Corrediças telescópicas, Puxadores em cava, Pintura UV atóxica acetinada, Maleiro na parte superior, Nichos para sapatos, Gavetas e nichos menores para objetos de decoração",Não informado,Branco,Phoenix Baby,4 Gavetas,3 Portas,Solteiro,,MDF e MDP,,Convencional
Guarda Roupa Capelinha Lord com 4 Portas Amendola - Demobile,"Está procurando um guarda-roupa que una armazenamento e espaço para seus momentos de autocuidado? Então você vai amar o Guarda-Roupa Lord!<br>Com incrível distribuição interna, você tem muito espaço de armezagem, graças às prateleiras de dimensões amplas e os dois cabideiros. Desde roupas<br>nos cabides ou dobradas nas prateleiras, você também pode acomodar roupas de banho ou sapatos. Você escolhe o que armazenar para um dia a dia<br>mais fácil.<br>E tem mais! O Guarda-Roupa Lord tem duas gavetas com dimensões diferentes para armazenar roupas íntimas ou outros itens que desejar manter com<br>mais privacidade. Agora, dedicado aos seus momentos de autocuidado, o cantinho especial do Guarda-Roupa Lord tem estrategicamente posicionado, um<br>espelho amplo e espaço para seus itens de beleza, acessórios e maquiagem, você terá tudo ao alcance das mãos. É como ter um camarim pessoal dentro<br>do seu quarto! Legal né?<br>O Guarda-Roupa Lord vai cuidar da organização do seu dia a dia. O Guarda-Roupa Lord vai cuidar de você! Dimensões do Produto montado:<br>Altura: 181 cm<br>Largura: 147,5 cm<br>Profundidade: 46,5 cmObservações:<br>- Estrutura em MDP<br>- Pintura UV<br>- Dobradiças Metálicas<br>- Corrediças Metálicas<br>- Cabideiros Metálicos<br>- Puxadores em plástico ABS<br>- Espelho<br>- Pés em PVC<br>","{""marca"":""Demóbile"",""tipo"":""Capelinha""}",,Demóbile,,,,Capelinha,,,,,,,,,,,Amendola,Demobile,2,4,Não informado,Capelinha,MDP,Não informado,Espelho,Não informado,Não informado,1475 cm,4 Portas,Não informado,"Cabideiros Metálicos, Corrediças Metálicas, Dobradiças Metálicas, Puxadores em plástico ABS",Não informado,Amêndola,Demóbile,2 Gavetas,4 Portas,Casal,,MDP,,Convencional
Guarda-Roupa Solteiro La Paz 2 Portas 2 Gavetas com Espelho Naturale Tx - Panorama Móveis,"Descrição:<br><br>O(a) Guarda-Roupa Solteiro La Paz 2 Portas 2 Gavetas com Espelho Naturale Tx - Loja é produzido em MDP na escala de brilho Fosco, e possui um grau de dificuldade de montagem: Médio.<br><br>Seu revestimento/acabamento é: Pintura UV.<br><br><br><br>Infelizmente a Loja não oferece serviço de montagem, deixamos essa informação bem clara em todas as nossas páginas de produto. Onde especificamos que os móveis chegarão desmontados, e que a montagem fica por conta do cliente.<br><br><br><br>Como não oferecemos esse serviço não embutimos o mesmo no preço dos produtos, ou seja, maior economia para você! Todos os nossos móveis também acompanham o manual de montagem, e caso você queira, pode realizar a montagem você mesmo, sempre especificamos os graus de montagem dos produtos.<br><br><br><br>Nos casos de grau baixo e médio, com pouco ou nenhum conhecimento, você mesmo pode efetuar a montagem, e fazer essa economia. Apenas nos graus de montagem alto, recomendamos a contratação de um montador com experiência, visto que são montagens mais complicadas. A montagem é feita com Parafusos, cavilhas e Minifix..<br><br><br><br>Este móvel é indicado para que seja utilizado no(a) Quarto, dando um toque especial no cômodo de sua casa.<br><br>Para que você mantenha seu produto sempre em ótimo estado, recomendamos que use apenas um pano seco ou levemente umedecido, sem o uso de quaisquer produtos abrasivos.<br><br><br><br>A Loja garante aos clientes, 90 dias de garantia nos produtos, porém, recomendamos que entre em contato com o fornecedor/marca do produto, pois o mesmo(a), pode garantir um prazo maior de garantia.<br><br><br><br>Lembrando ainda que: quaisquer objetos decorativos que aparecem nas imagens, não acompanham o produto.<br><br>Características:<br><br>- Material da Estrutura: MDP<br>- Como os Móveis Chegarão na Minha Casa: Desmontado em caixas, acompanhado de todas as peças, ferragens e manuais para montagem.<br>- Grau de Dificuldade da Montagem: Médio<br>- Sistema de Montagem: Parafusos, cavilhas e Minifix.<br>- Observação: Objetos decorativos que aparecem nas imagens, não acompanham o produto.<br>- Recomendação de Manutenção: Utilizar pano levemente umedecido, seguido de pano seco. Não utilizar quaisquer produtos abrasivos.<br>- Indicação de Uso: Quarto<br>- Garantia (dias): 90<br>- Escala de Brilho: Fosco<br>- Quantidade de Pés/Sapatas: 6<br>- Material do Cabideiro: Alumínio<br>- Material do Trilho: Alumínio<br>- Peso Suportado no Cabideiro (Kg): 6<br>- Possui Borda de PVC nas Bordas?: Não<br>- Modelo: Solteiro<br>- Quantidade de Cabideiros: 1<br>- Revestimento /Acabamento: Pintura UV<br>- Quantidade de Portas: 2<br>- Tipo de Porta: Portas de Correr<br>- Quantidade de Gavetas: 2<br>- Peso Suportado nas Gavetas (Kg): 4 Kg<br>- Material das Corrediças: Metálica<br>- Material do Puxador: Plástico<br>- Espessura da Estrutura: 12 mm<br>- Tipo da Corrediça: Convencional<br>- Material da Porta: MDP<br>- Espessura da Porta: 12 mm<br>- Altura do Espelho: 178 Cm<br>- Largura do Espelho: 53 Cm<br>- Espessura do Espelho: 0,3 Cm<br>- Quantidade de Prateleiras: 2<br>- Peso Suportado nas Prateleiras:: 5 Kg<br>- Tipo de Guarda-Roupa: Convencional<br>- Possui Portas?: Sim<br>- Possui Prateleiras?: Sim<br>- Possui Puxadores?: Sim<br>- Possui Pés?: Sim<br>- Necessita de Montagem: Sim<br>- Possui Espelho?: Sim<br>- Possui Gavetas?: Sim<br>- Linha ou Coleção: La Paz<br>","{""quantidade_de_gavetas"":""2 Gavetas"",""tamanho"":""Solteiro""}",,,2 Gavetas,,Solteiro,,,,,,,,,,,,Naturale Tx,Panorama Móveis,2,2,Solteiro,Convencional,MDP,Não informado,com Espelho,MDP,2,Não informado,Sim,Portas de Correr,Não informado,Não informado,cinamomo,Panorama Móveis,2 Gavetas,2 Portas,Solteiro,,MDP,,Correr
Roupeiro Santos AndirA 8 Portas 6 Gavetas Liverpool,"O Guarda Roupa Liverpool e um movel pratico e funcional, e se encaixa em qualquer ambiente de quarto de casal ou solteiro. Com 8 portas e 6 gavetas, esse roupeiro garante muito espaço para guardar todos os pertences. Puxadores em ABS garantem um design moderno. Internamente, possui amplas prateleiras para guardar todos os pertences de forma organizada, assim como edredons, cobertores, caixas, etc. Possui 3 cabideiros em aluminio para pendurar todas as roupas (casacos, vestidos, camisas, blusas) com muita organizaçao e segurança.<br> <br> Caracteristicas: <br> 08 Portas com dobradiças metalicas<br> 09 Prateleiras<br> 03 cabideiros em aluminio<br> 06 Gavetas com corrediças metalicas<br> Puxadores em ABS<br> Pes<br> <br> Dimensoes: <br> Altura: 215 cm<br> Largura: 212 cm<br> Profundidade: 46,3 cm<br> <br> Garantia do fornecedor de 03 meses.","{""cor"":""Atacama"",""marca"":""Santos Andirá"",""tamanho"":""Casal""}",Atacama,Santos Andirá,,,Casal,,,,,,,,,,,,Não informado,Santos AndirA,6,8,Não informado,Guarda-Roupa,Não informado,Não informado,Não informado,Não informado,9,212 cm,8 Portas com dobradiças metalicas,Não informado,"Puxadores em ABS, 3 cabideiros em aluminio, 06 Gavetas com corrediças metalicas",Não informado,Atacama,Santos Andirá,6 Gavetas,8 Portas,Casal,,,Moderno ,Convencional
Guarda Roupa 8 Portas com Espelho San Lorenzo Plus Naturale Branco 941026 Moval,"Procurando Moveis para o quarto onde você consegue conciliar total qualidade com um lindo design e um excelente preço! Apresentamos esse lindo conjunto desenvolvido e fabricado pela Moval. Com um design imponente, esse guarda roupas foi desenvolvido pela Moval, empresa que sempre pensa no melhor para os seus clientes. Produzido com toda a qualidade do MDP, o modelo conta com um sistema de produção sofisticado, onde todo processo é controlado garantindo a alta qualidade da marca. Com um ótimo espaço interno, esse modelo foi projetado pensando em todas as suas necessidades, onde permite que você organize suas roupas e vários outros objetos do seu jeitinho, isso não é incrível!? Não fique de fora e adquira já o seu!<br> <br>Características Exclusivas:<br>Espelho portas centrais<br>8 Portas de giro<br>4 Gavetas com corrediças telescópicas<br>Portas centrais recuadas<br>Espaço ele/ela<br>Pés em PVC<br>Puxadores em MDF<br> <br>Dimensões:<br>Altura: 222 cm<br>Largura: 237 cm<br>Profundidade: 47 cm<br>Peso: 149,25 kg<br> <br>Aviso: Não estaremos realizando a montagem, porém o produto estará acompanhado de um manual de instruções. Recomendamos que a montagem seja feita por profissionais.","{""marca"":""Moval""}",,Moval,,,,,,,,,,,,,,,Branco,Moval,4,8,Não informado,Guarda-Roupa,MDP,Não informado,Espelho,MDP,Não informado,237 cm,8 Portas de giro,Portas de giro,"Espelho portas centrais, 4 Gavetas com corrediças telescópicas, Portas centrais recuadas, Espaço eleelabr, Pés em PVC, Puxadores em MDF",Não informado,Branco,Moval,4 Gavetas,8 Portas,Casal,,MDP,,Convencional
Guarda-Roupa Casal e Solteiro 4 Portas 4 Gavetas,Este guarda-roupa de casal e solteiro tem design moderno e inovador e é ideal para embelezar o seu quarto de dormir. Possui 02 portas de abrir e 02 portas centrais de correr com espelho externo. Possui ainda 02 gavetas normais e dois gavetões com bastante espaço. Possui amplo espaço interno e muitas prateleiras para uma melhor organização das roupas. Complete e decore sua casa com qualidade!,"{""cor"":""Branco"",""marca"":""Kappesberg"",""quantidade_de_gavetas"":""4 Gavetas"",""quantidade_de_portas"":""4 Portas"",""tamanho"":""Casal""}",Branco,Kappesberg,4 Gavetas,4 Portas,Casal,,,,,,,,,,,,Não informado,Não informado,4 Gavetas,4 Portas,Casal e Solteiro,Guarda-Roupa,Não informado,Moderno,Não informado,Não informado,Não informado,Não informado,2 portas de abrir e 2 portas centrais de correr,Portas de correr,Espelho externo,Não informado,Branco e Preto,Kappesberg,4 Gavetas,4 Portas,Casal,,MDF,Moderno ,Convencional e Correr
Guarda Roupa Itapema Quarto com 8 Portas e 4 Gavetas,"<p>Apresentamos o nosso novo Roupeiro Itapema, perfeito para organizar e armazenar suas roupas e pertences. Com suas oito portas espaçosas e gavetas, você terá amplo espaço para guardar suas roupas, acessórios e objetos pessoais. Não perca a oportunidade de adquirir este lindo roupeiro que combina funcionalidade e beleza em um só produto.</p><p>Modelo: Roupeiro Itapema;</p><p>Altura: 180 cm;</p><p>Largura: 182 cm;</p><p>Profundidade: 40 cm;</p><p>Material: MDP de 12 mm e 15 mm;</p><p>*PRODUTO COM RIPADOS SÃO EFEITOS DE PINTURA 3D*</p><p>Quantidade de portas: 08;</p><p>Tipo de dobradiças: metálicas;</p><p>Quantidade de gavetas: 04;</p><p>Tipo de corrediças: Metálicas;</p><p>Com puxador: Sim, plástico;</p><p>Quantidade de prateleiras: 04, internas;</p><p>Com espelho: Não se aplica;</p><p>Com rodas: Não se aplica;</p><p>Com cabideiro: Sim, em alumínio; </p><p>Peso suportado: até 30 kg distribuídos;</p><p>Requer montagem: Sim (kit montagem incluso);</p><p>Embalagem do envio: Papelão e plástico.</p><p>Informações adicionais:</p><p>Os objetos que ambientam as fotos não acompanham o produto;</p><p>É de inteira responsabilidade do cliente a montagem do produto e/ou instalação, assim como possíveis irregularidades provenientes de manuseio inadequado;</p><p>Embora o produto acompanhe o manual de montagem, verifique a complexidade antes de decidir montá-lo sozinho, recomendamos que contrate um profissional de sua confiança;</p><p>Fique atento, nossas cores podem sofrer alterações dependendo do seu monitor;</p><p>ANTES DE MONTAR O SEU PRODUTO, verifique se há alguma peça danificada, caso esteja, prestaremos a devida assistência dentro do prazo da garantia.</p>",{},,,,,,,,,,,,,,,,,Não informado,Itapema,4,8,"Altura 180 cm
Largura 182 cm
Profundidade 40 cm",Roupeiro,MDP de 12 mm e 15 mm,Não informado,PRODUTO COM RIPADOS SÃO EFEITOS DE PINTURA 3D,MDP,04 internas,Não informado,8,Não informado,"Com puxador Sim plástico
Com cabideiro Sim em alumínio
Peso suportado até 30 kg distribuídos",Não informado,Off White e  Marrom,Loja DoceLar,4 Gavetas,8 Portas,Casal,,MDP,,Convencional
Guarda Roupa Retrô Moveis Peroba Popy 03 portas lisas 02 gavetas MDF,"<p>Guarda Roupa Popy 03 portas 02 gavetas;</p> <p>Fabricado em MDF;Corrediças telescópicas;</p> <p>Puxador em MDF; Cabideiro em aluminio;</p> <p><strong>Medidas do móvel montado ALT 1,95mt X LARG 0,93cm X PROF 0,42cm</strong>; </p> <p>Atenção: Por favor, confira as dimensões do produto e certifique-se de que estão adequadas aos elevadores, portas e corredores do local de entrega, pois não fazemos a montagem, desmontagem do produto e/ou portas e janelas, transporte pela escada ou içamento pelo lado de fora do prédio.<br>Montagem e possíveis trocas de peças responsailidade do comprador;<br>Fabricante Moveis Peroba;</p> <p>Garantia 3 meses contra defeito de fabricacao;</p>","{""cor"":""Branco, Carvalho"",""marca"":""Móveis Peroba""}","Branco, Carvalho",Móveis Peroba,,,,,,,,,,,,,,,Não informado,Moveis Peroba,2,3,ALT 195mt X LARG 093cm X PROF 042cm,Guarda Roupa,MDF,Retrô,Corrediças telescópicas,MDF,Não informado,093cm,lisas,Não informado,Cabideiro em aluminio,Não informado,Branco e Carvalho,Retrô Moveis,2 Gavetas,3 Portas,Solteiro,,MDF,,Convencional
Guarda Roupa 6 Portas Com Espelho Gramado Freijó Off White,"<p>O Guarda Roupa é perfeito para deixar seu quarto lindo e organizado.</p> <p>Feito em MDP, 6 portas, sendo portas de giro, 3 gavetas com corrediças telescópicas, espaço para ele e ela, espaço para sapatos, acompanha espelhos para fixação nas portas.</p> <p>Dimensões do Guarda Roupa:</p> <p>Altura: 212 cm</p> <p>Largura: 197 cm</p> <p>Profundidade: 47 cm</p> <p>Informações do Guarda Roupa</p> <p>Cor: Freijó Off White</p> <p>Material: MDP</p> <p>Portas: Sim (6)</p> <p>Gavetas: Sim (3) em corrediças telescópicas</p> <p>Cabideiros: Sim (3)</p> <p>Maleiro: Sim (3)</p> <p>Acompanha Espelho: SIm (2)</p> <p>Itens Inclusos:</p> <p>1 Guarda Roupa</p> <p>Manual de Montagem</p> <p>Kit completo para montagem e manual de instruções</p> <p>Garantia:</p> <p>3 meses contra defeito de fabricação</p> <p>Informações Adicionais:</p> <p>Fotos meramente ilustrativas do produto no ambiente.</p> <p>Os objetos que ambientam as fotos não acompanham o produto;</p> <p>Verificar descrição e tamanho do produto antes da compra.</p> <p>Avaliar a mercadoria no ato do recebimento e recusar em caso de divergência ou avarias.</p> <p>Mantenha as informações de contato e endereço de entrega atualizados para entrarmos em contato caso necessário.</p> <p>Limpar com flanela ou pano macio seco, não utilizar produtos abrasivos, desengordurantes, álcool ou solvente. Não expor o produto diretamente à luz solar e à umidade.</p> <p>Sugerimos a contratação de um montador profissional para a montagem do produto. Não nos responsabilizamos por avarias causadas no ato da montagem.</p> <p>Não nos responsabilizamos pela montagem e desmontagem do produto no ato da entrega e devolução, assim como os custos gerados nestas situações.</p> <p>A transportadora entregará o produto no andar térreo do endereço de entrega.</p> <p>Não nos responsabilizamos por subir escadas, corredores e elevadores ou transporte por guincho em apartamentos.</p>","{""quantidade_de_portas"":""6 Portas"",""tamanho"":""Casal""}",,,,6 Portas,Casal,,,,,,,,,,,,Freijó Off White,Não informado,3,6,Não informado,Guarda Roupa,MDP,Não informado,Não informado,MDP,Não informado,197 cm,Sim 6,giro,"3 gavetas com corrediças telescópicas, espaço para ele e ela, espaço para sapatos, espelhos para fixação nas portas, 3 cabideiros, 3 maleiros, 2 espelhos",Não informado,Freijó e Off White,CasaH,3 Gavetas,6 Portas,Casal,,MDP,,Convencional
Roupeiro Henn Cover 6 Pts 3 Gvs - De211-130 - / 4,Roupeiro henn cover 6 pts 3 gvs - de211-130 - / 4 .Cor: castanho - voltagem: sem voltagemgavetas com corrediças de metalcabideiro e calceiro em alumíniopuxadores em mdf revestidosportas com espelho pintura: uvdobradiças: metalcorrediças: metalcabideiros/calceiros: alumínio matéria-prima: caixa: mdp 12mminterno: mdp 12mmfrente: mdp 15mmfundo: mdf 3mmpuxadores: mdf dimensões do produto montado: altura: 220 cmlargura: 195 cmprofundidade: 46 cmpeso líquido: 111 kg,"{""marca"":""Henn""}",,Henn,,,,,,,,,,,,,,,castanho,Henn,3,6,Não informado,Roupeiro,MDP,Não informado,Não informado,MDF,Não informado,195,com espelho,Não informado,"gavetas com corrediças de metal, cabideiro e calceiro em alumínio, puxadores em mdf revestidos, portas com espelho pintura uvd, dobradiças metal, corrediças metal, cabideiros, calceiros alumínio",Não informado,castanho,Henn,3 Gavetas,6 Portas,Casal,,mdf,,Convencional
Roupeiro Moval Panama 6 Pts 2 Gvs - 126.953026.6 - / 2,"Roupeiro moval panama 6 pts 2 gvs - 126.953026.6 - / 2 -cor: naturale/branco - voltagem: sem voltagemo guarda-roupa panamá é feito em mdp, possui 6 portas e 2 gavetas com corrediças metálicas. Tem cabideiro e um amplo espaço interno com espaço bem dividido entre as prateleiras. dimensões altura: 182 cm largura: 153 cm profundidade: 47 cm peso: 75,80 kg garantia de 6 meses.","{""marca"":""Moval""}",,Moval,,,,,,,,,,,,,,,naturalebranco,moval,2,6,Não informado,roupeiro,mdp,Não informado,Não informado,mdp,Não informado,153 cm,6,Não informado,cabideiro,Não informado,Branco e Naturale,Moval,2 Gavetas,6 Portas,Casal,,MDP,,Convencional
Guarda Roupa Bianchi Creta 3 Portas de Correr e 6 Gavetas Imbuia,"<strong>Guarda Roupa Bianchi Creta 3 Portas de Correr e 6 Gavetas - Imbuia</strong><br> <br> Marca: <strong>Bianchi</strong><br><br>Dimensões(Cm): Comprimento(Profundidade): 60,00 x Largura: 270,00 x Altura: 230,00<br> <br> <strong>CARACTERÍSTICAS DE MÓVEIS</strong><br> <strong>Tipo de Estrutura do Móvel</strong><br> - 100% MDF<br> <strong>Tipo de Pintura</strong><br> - UV (Ultravioleta)<br> <strong>Tipo de Acabamento da Pintura</strong><br> - Fosca<br> <strong>Quantidade de Prateleiras</strong><br> - 6 Prateleiras<br> <strong>Quantidade de Gavetas</strong><br> - 6 Gavetas<br> <strong>Diferenciais da Gaveta</strong><br> - Corrediças Telescópicas<br> <strong>Quantidade de Portas</strong><br> - 3 Portas de Correr<br> <strong>Quantidade de nichos</strong><br> - 4 Nichos<br> <strong>Garantia</strong><br> - 3 Meses<br> <br> <br> <strong> Não nos responsabilizamos pela montagem/instalação dos produtos.</strong><br> <strong>Todas as informações divulgadas são de responsabilidade exclusiva do fabricante/fornecedor. </strong><br> <strong>Imagens Meramente Ilustrativas.</strong><br> <strong>Verifique com os fabricantes do produto e de seus componentes eventuais limitações à utilização de todos os recursos e funcionalidades.</strong>","{""cor"":""Imbuia""}",Imbuia,,,,,,,,,,,,,,,,Imbuia,Bianchi,6 Gavetas,3 Portas de Correr,Comprimento 6000 x Largura 27000 x Altura 23000,Guarda Roupa,100 MDF,Não informado,Não informado,MDF,6 Prateleiras,6000,3 Portas de Correr,Correr,Corrediças Telescópicas,Não informado,Imbuia,Bianchi Móveis,6 Gavetas,3 Portas,Casal,,MDF,,Correr
