Unnamed: 0,title,description,Unnamed: 3,Atributos <empresa terceira>,Unnamed: 5,Unnamed: 6,Unnamed: 7,Unnamed: 8,Unnamed: 9,Unnamed: 10,Unnamed: 11,Unnamed: 12,AI-PAVE-BR,Unnamed: 14,Unnamed: 15,Unnamed: 16,Unnamed: 17,Unnamed: 18,Unnamed: 19,Atributos Multimidia,Unnamed: 21,Unnamed: 22,Unnamed: 23,Unnamed: 24,Unnamed: 25,Unnamed: 26
id,,,extracted_attributes,capacidade_liquida_total_ol,cor_ol,marca_ol,material_ol,tipo_de_degelo_ol,voltagem_ol,quantidade_de_portas_ol,capacidade_ol,capacidade_liquida_total,cor_llm,marca_llm,material_llm,tipo_de_degelo_llm,voltagem_llm,quantidade_de_portas_llm,capacidade_liquida_total_llm,cor,marca,material,tipo_de_degelo,voltagem,quantidade_de_portas,capacidade_liquida_total
continentalcenter||760600046326070201,Refrigerador Brastemp Inverse 3 FF 3 Pts 419L Evox220V,"Refrigerador Brastemp Inverse 3 Frost Free 3 Portas 419L Evox 220V BRY59AK<p>Conheça agora a mais <strong>nova geração de Refrigeradores da Brastemp</strong>! A linha traz modernidade e a funcionalidade de uma geladeira Brastemp, com <strong>funções pensadas para atender todas as suas expectativas</strong> e um design fora do comum, a nova <strong>Geladeira Inverse 3 BRY59AE </strong>vai conquistar a todos.</p><p>Dê um <em>upgrade</em> na sua geladeira, o refrigerador BRY59AK conta com<strong> tecnologia Frost Free</strong>, possui três portas e o freezer é <em>inverse</em>, espaço e compartimentos pensados para armazenar e conservar os alimentos da forma ideal!</p><p>A Tecnologia Evox protege sua geladeira da ferrugem e corrosão com uma camada de zinco e uma película impermeabilizante aplicadas sobre o aço. </p><p>A geladeira Brastemp conta com funções que fazem dela ser a melhor e a opção perfeita para você, o<strong> <em>Freeze Control Pro</em></strong> conta com controle de temperatura independente para programar diferentes funções, carnes conservadas por até 10 dias sem congelar*, cerveja extragelada a -4 °C, frios e laticínios nas condições ideais e vinhos e espumantes na temperatura ideal. </p><p>Tenha gelo mais rápido através do <em><strong>Turbo Ice</strong></em>, já o exclusivo sistema <em><strong>Twist Ice Advanced</strong></em> permite abastecer as formas de gelo de um jeito inteligente, evitando molhar o chão da cozinha, além de desenformar o gelo facilmente e armazená-lo em um recipiente portátil e prático. </p><p>O design da BRY59AK é moderno e traz um efeito positivo no ambiente, o painel eletrônico proporciona a melhor maneira de acionar as funções da sua geladeira, é possível controlar a temperatura do congelador, ser avisado quando a porta ficou aberta e escolher modos pré-programados para ativar funções especiais.</p><p>Espaço de sobra para armazenar itens,<strong> conta com prateleiras com múltiplas combinações</strong> possíveis para armazenar itens de diversos tamanhos na porta de sua geladeira. Além da<strong> Iluminação LED</strong>, facilitando a visibilidade dos alimentos consumindo menos energia. </p><p>Viu só como a Brastemp pensa em todos os detalhes? Dê um <em>upgrade </em>na sua cozinha, conte com a <strong>Geladeira Brastemp Inverse 3 </strong>BRY59AK e aproveite cade detalhe.</p><p><strong>Especificações Técnicas:</strong></p><p>Marca: Brastemp<br>- Modelo: BRY59AK<br>- Cor: Inox<br>- Porta: Evox<br>- Voltagem: 220V<br>- Capacidade total: 419L<br>- Capacidade do refrigerador: 283L<br>- Capacidade do freezer: 136L<br>- Tipo de display: LED<br>- Tipo de degelo: Frost Free<br>- Número de portas: 3<br>- Painel de controle: Externo<br>- Tipo: Inverse<br>- Plugue e tomada: 10 A<br>- Dimensões do produto (LxAxP): 70 x 194 x 75 cm<br>- Peso líquido: 87kg<br>- Classificação Energética: A<br>- Dimensões do nicho (LxAxP): 80 x 204 x 85 cm<br>- Dimensões aprox. da embalagem (LxAxP): 74,5 x 199 x 83,3 cm<br>- Peso bruto: 90kg<br>- Potência: 112 W<br>- Consumo aprox. de energia: 63 kWh<br>- Corrente: 1,3 A<br>- Frequência: 60 Hz<br>- Selo INMETRO: Sim<br>- Garantia: 12 meses</p>","{""capacidade_liquida_total"":""419 L"",""marca"":""Brastemp"",""material"":""Evox"",""tipo_de_degelo"":""Frost Free"",""voltagem"":""220 V""}",419 L,,Brastemp,Evox,Frost Free,220 V,,,419L,Inox,Brastemp,Não informado,Frost Free,220V,3,419L,Inox,Brastemp,Evox,Frost Free,220V,3 Portas,419L
ebomdecomprar||17383,Geladeira Consul CRE44AK Frost Free Duplex 397L,"A Geladeira CRE44AK Frost Free Duplex 397L da Consul possui freezer embaixo, deixando os alimentos na altura ideal, destacando-se pelo seu material de ótima qualidade e seu painel externo de controle de temperatura.<br> <br> <br> Características:<br> Reverse freezer<br> Controle externo de temperatura<br> Turbo Freezer<br> <br> <br> Dimensões: <br> Altura: 184,7 cm <br> Largura: 62,1 cm<br> Profundidade: 71,3 cm<br> Peso: 71 kg<br> <br> <br> Garantia do fornecedor: 12 meses.","{""capacidade_liquida_total"":""397 L"",""cor"":""Inox"",""marca"":""Consul"",""quantidade_de_portas"":""2 Portas"",""tipo_de_degelo"":""Frost Free"",""voltagem"":""127 V""}",397 L,Inox,Consul,,Frost Free,127 V,2 Portas,,397L,Não informado,Consul,Não informado,Frost Free,Não informado,2,Não informado,Inox,Consul,Evox,Frost Free,110V,2 Portas,397L
magazineluiza||015112400,REF GE 2P 220,,"{""marca"":""GE""}",,,GE,,,,,,Não informado,Não informado,GE,Não informado,Não informado,220,2P,Não informado,,GE,,,220V,2 Portas,
fastshop2||BRBRO85AK1,Refrigerador French Door Brastemp de 3 Portas Frost Free Side Inverse com 554L Inox - BRO85AK,"Refrigerador Doméstico 3 Portas 554 Litros - BRO85AK. Brastemp Frost Free French Door BRO85. Alia tecnologia e sofisticação com compressor Inverter A+++ e design Premium.Refrigerador Brastemp Frost Free French Door BRO85 554 litros traz mais tecnologia e sofisticação para a sua cozinha. Com Tecnologia Inverter A+++, economiza até 30% de energia* e mantém a temperatura estável, o que ajuda na preservação dos alimentos. Acabamento Evox, que protege sua Refrigerador da ferrugem e corrosão e conta com 3 anos de garantia**. *A Tecnologia Inverter A+++, economiza até 30% de energia em relação a classificação energética A do INMETRO. **Contra Ferrugem e corrosão na porta da sua Refrigerador.CaracterísticasTipo: 03 PortasFrost FreePainel EletrônicoAlarme na Porta Especificações TécnicasModelo: BRO85AKCor: InoxCapacidade Total: 554 LitrosCapacidade de Armazenamento do Freezer: 177 LitrosCapacidade de Armazenamento do Refrigerador: 377 LitrosSelo Procel (Eficiência Energética): AConsumo de Energia: 56,6 kWhVoltagem: 110V/220V (não é Bivolt) EAN: 7891129554887 (110V) / 7891129554894 (220V)Garantia: 12 mesesDimensões e PesoDimensões do produto sem embalagem (AxLxP): 1864 x 837 x 792 mmDimensões do produto com embalagem (AxLxP): 1918 x 870 x 822 mmPeso do produto com embalagem: 103 KgItens Inclusos01 RefrigeradorServiço de Instalação e Orientação de UsoPara sua comodidade, a Fast Shop dispõe do serviço de Instalação* e Orientação de Uso, com equipe especializada e autorizada pelo fabricante que poderá realizar a medição de todos os acessos, retirando as portas do produto caso necessário. Esse serviço pode ser adquirido em contato com nosso canal Blá pelo WhatsApp no número (11) 3232-2949 ou em uma de nossas lojas. Consulte os valores e regiões atendidas.","{""capacidade_liquida_total"":""554 L"",""cor"":""Inox"",""marca"":""Brastemp"",""material"":""Inox"",""quantidade_de_portas"":""3 Portas"",""tipo_de_degelo"":""Frost Free"",""voltagem"":""Bivolt""}",554 L,Inox,Brastemp,Inox,Frost Free,Bivolt,3 Portas,,554 Litros,Inox,Brastemp,Não informado,Frost Free,110V/220V,3 Portas,554 Litros,Inox,Brastemp,Evox,Frost Free,110V,3 Portas,554L
magazineluiza||238096700,Geladeira/Refrigerador Electrolux Frost Free,"Se você está montando ou reformando sua cozinha, precisa de eletrodomésticos que além de oferecer qualidade e tecnologia, ajudam a compor a decoração do ambiente. A Electrolux oferece a geladeira/refrigerador IB7S na cor cinza. Frost Free com degelo automático, ela possui porta inverse e capacidade líquida total de 490L.
E ainda, conta com várias tecnologia como AutoSense: Controla a temperatura automaticamente usando Inteligência Artificial e prolonga a vida dos alimentos por até 30% mais tempo. É uma tecnologia exclusiva Electrolux, que reconhece as suas rotinas, identificando os momentos de maior uso e de abertura de portas, ficando automaticamente mais fria. Ou reconhece os momentos de menor uso (durante a noite ou férias, por exemplo) e estabiliza a temperatura, além de reduzir possíveis ruídos. Tecnologia Inverter: Uma das geladeiras brasileiras mais econômicas do segmento, com até 42% de economia de energia e preservação ideal dos alimentos. FoodControl: Ajuda a controlar a validade de alimentos frescos até a data ideal de consumo, evitando desperdícios. Gaveta HortiNatura: Preserva o frescor de frutas e vegetais por até 2x4 mais tempo. IceMax: Compartimento com abertura exclusiva que permite a reposição da água sem respingos, que não mistura odores com o restante do freezer e é fácil de remover. TasteGuard: Elimina até 9x5 mais rápido os maus odores causados por bactérias, garantindo que sua geladeira permaneça sempre fresca e higiênica. Porta-ovos: Com capacidade para 12 ovos para mais comodidade na organização.","{""capacidade_liquida_total"":""490 L"",""cor"":""Cinza"",""marca"":""Electrolux"",""tipo_de_degelo"":""Frost Free"",""voltagem"":""220 V""}",490 L,Cinza,Electrolux,,Frost Free,220 V,,,490L,cinza,Electrolux,Não informado,Frost Free,Não informado,Não informado,Não informado,Cinza,Electrolux,Aço,Frost Free,220V,2 Portas,490L
gazin||6792,Refrigerador 340 Litros Consul 2 Portas Frost Free Classe a Evox Crm39akana,"MARCA: Consul<br> Nome do produto: Geladeira Consul Frost Free Duplex 340 litros Evox com Prateleiras Altura Flex<br> Descriçao curta: A Geladeira Consul Frost Free 340 litros nao precisa descongelar nunca. Possui prateleiras com Altura Flex que permite ate 8 niveis de altura e funçao Turbo.<br> Caracteristicas Basicas:<br> Capacidade Total Liquida (L): 340<br> Tipo de Degelo: Frost Free<br> Numero de Portas: 2<br> Metodo de Preparo: 1<br> Posiçao do Freezer: Em cima<br> Painel de Controle: Interno<br> Plugue e Tomada: 10 A<br> Principais Diferenciais:<br> Altura Flex<br> Com o exclusivo sistema de regulagem, as prateleiras podem ser ajustadas em ate 8 niveis de altura para acomodar itens de diversos tamanhos sem precisar tira-los da geladeira.<br> Funçao Turbo<br> Resfrie sua geladeira muito mais rapido. Mais facilidade para quando ela esta cheia e para ocasioes especiais.<br> Frost Free<br> Sabe quando chega a hora de limpar a geladeira e voce precisa esperar ela descongelar inteira? Entao, com uma geladeira Frost Free nada disso acontece! Isso por que ela possui uma tecnologia avançada que faz com que nunca se forme gelo nas paredes do congelador. Ou seja: voce nao precisa descongelar nunca.<br> Gavetao Hortifruti<br> Deixa suas frutas, verduras e legumes organizados, mantendo-os fresquinhos.<br> Freezer com alta capacidade<br> Mais espaço e organizaçao para os congelados.<br> <br> Dimensoes:<br> Altura: 169.5 cm<br> Largura: 62.1 cm<br> Profundidade: 71.4 cm<br> Peso: 58.5 kg<br> <br> Garantia do fornecedor de 12 Meses","{""capacidade_liquida_total"":""340 L"",""cor"":""Evox"",""marca"":""Consul"",""material"":""Evox"",""tipo_de_degelo"":""Frost Free"",""voltagem"":""127 V""}",340 L,Evox,Consul,Evox,Frost Free,127 V,,,340,Não informado,Consul,Não informado,Frost Free,110,2,340 Litros,Inox,Consul,Evox,Frost Free,110V,2 Portas,340L
fidcomex||MDRT580MTA462,Geladeira Frost Free Midea Md-rt580mta461 Duplex 411l Slim Cor Inox,"O Refrigerador Frost Free 411L Inox Midea vai fazer toda a diferença na sua cozinha. Com eficiência energética A+++, garante mais economia para seu dia a dia.<br>Possui Desodorizador Active-C Fresh com camadas de carbono, que promove alimentos frescos por mais tempo. <br>Conta com iluminação em LED no refrigerador, painel touch externo e Chiller Box Extra Frio, ideal para frios e bebidas mais geladas.<br>Sua Gaveta com controle de umidade independente promove melhor organização e preservação de frutas e verduras. Acompanha 1 kit bandeja de gelo e 2 bandejas de ovos.<br> <br>Característica<br> <br>Marca: Midea<br>Ref.: MD-RT580MTA462<br>Voltagem: 220V<br>Cor externa: INOX<br>Cor interna: Branco<br>Capacidade: 411L<br>Capacidade Freezer: 107L<br>Capacidade Refrigerador: 304L<br>Painel Touch<br>Funções Super Cool<br>Consumo aproximado de energia: 40,2 kWh/mês<br>Máxima Retenção sem Energia: 10h<br>Frequência: 60 Hz<br>Tipo de Tomada: 10A<br>Eficiência energética: A+++<br>Classe Climática T<br>Material interno: HIPS<br>Material externo: VCM<br>Número de portas: 2<br>Prateleiras: 3 (2 no refrigerador e 1 no freezer)<br>Gaveta para Frutas e Legumes: Sim (1)<br>Chiller Box: Sim (1)<br>Bandeja de ovos: Sim (2)<br>Kit bandeja de gelo: Sim (1)<br>Desodorizador: Sim<br>Trava de segurança: Sim (apenas para o painel de controle de temperatura)<br>Potência de degelo: 215W<br>Tipo de degelo: Automático<br>Agente expansor: Ciclopentano<br>Gás Refrigerante: R600a<br>Massa Total de Fluído Refrigerante: 58g<br>Selo Procel e classificação Energética A+++ para ambas as voltagens (220V e 220V)<br> <br>Dimensões Aproximadas do Produto (LxAxP): 70 cm x 172,3 cm x 69,1 cm<br>Dimensões Aproximadas do Produto com a Porta Aberta (LxP): 109 cm x 109 cm<br>Peso Líquido: 67,5 kg<br> <br>Importante: Imprescindível à conferência no ato da entrega. Em caso de anormalidade, recuse o recebimento.<br>As imagens correspondem aos produtos apresentados, porém, são ilustrativas e podem sofrer variações de acordo com a resolução de seu monitor, iluminação ou ainda, percepção visual. Os objetos decorativos das imagens não acompanham os produtos.<br>Todas as informações divulgadas são de responsabilidade do fabricante, podendo sofrer alterações sem nenhum aviso prévio.<br> <br>Garantia de 12 meses contra defeitos de fabricação, 10 anos de garantia no compressor de acordo com as normas do fabricante.","{""capacidade_liquida_total"":""411 L"",""cor"":""Inox"",""marca"":""Midea"",""material"":""Inox"",""tipo_de_degelo"":""Frost Free"",""voltagem"":""Bivolt""}",411 L,Inox,Midea,Inox,Frost Free,Bivolt,,,411L,Inox,Midea,Não informado,Frost Free,220V,2,411L,Inox,Midea,VCM,Frost Free,220V,2 Portas,411L
magazineluiza||235420300,Geladeira/Refrigerador Electrolux IM8IS Multidoor Efficient 540L,"A Geladeira/Refrigerador French Door Electrolux platinum IM8IS Multidoor Efficient 540L Frost Free possui três portas para garantir mais espaço para armazenar e mais funções destinadas a manter o frescor dos alimentos por mais tempo. Com a tecnologia exclusiva AutoSense, a geladeira ajusta a temperatura automaticamente, garantindo uma melhor preservação dos alimentos por até 30% mais tempo. A inteligência artificial reconhece seus hábitos de consumo, identificando os momentos de maior uso e menor uso da geladeira, deixando-a mais fria ou estabilizando a temperatura. A gaveta HortiNatura preserva o frescor de frutas e vegetais por até 2x mais tempo, evitando o desperdício de alimentos. E com a tecnologia inverter mantém a temperatura mais estável, reduz o consumo de energia em até 37%, tornando-a uma das geladeiras brasileiras mais econômicas do segmento, além de garantir as condições ideais de preservação dos alimentos. Ainda conta com o TasteGuard, que elimina até 9x mais rápido os maus odores causados por bactérias, garantindo que sua geladeira permaneça sempre higiênica. Para completar ela vem com dispenser de água e gelo água e gelo em cubos, filtrados e prontos para o consumo a qualquer hora, direto da porta da geladeira.","{""capacidade_liquida_total"":""540 L"",""cor"":""Inox"",""marca"":""Electrolux"",""material"":""Inox"",""tipo_de_degelo"":""Frost Free"",""voltagem"":""220 V""}",540 L,Inox,Electrolux,Inox,Frost Free,220 V,,,540L,Não informado,Electrolux,Não informado,Frost Free,Não informado,3,Não informado,Inox,Electrolux,VCM,Frost Free,220V,3 Portas,540L
efacil||199894-75,"Geladeira/Refrigerador Esmaltec 276 Litros, RCD34, Cycle Defrost, 2 Portas, Preto","<br>Características<br>Modelo: RCD34<br>Cor: Preto<br>Puxadores ergonômicos: Produto mais atraente e de fácil manuseio<br>Iluminação na lateral do refrigerador: Boa visibilidade interna<br>Pés elevados com niveladores: Mais facilidade na limpeza<br>Classificação: A em eficiência energética, mais economia no consumo de energia<br>Prateleiras internas: Removíveis e reguláveis<br>Gaveta de legumes: PS cristal fumê<br>Beleza e design: Sim, aliados a praticidade de limpeza<br>Capacidade do Freezer: 55 litros. Alimentos congelados a -18oC <br>* <br>Freezer Não Possui Prateleiras<br><br>Capacidade Refrigerador: 221 Litros<br>Capacidade Total: 276 Litros<br>Consumo de Energia: 38,5 kWh<br>Potência: 102.5 W<br>Peso: 42.40 Kg<br>Dimensões (A x L x P): 158.5 x 56 x 66 cm<br>Garantia: 1 ano (ofertada pelo fabricante)<br>SAC - Fornecedor<br><br>Esmaltec<br>0800 275 1414<br>","{""capacidade_liquida_total"":""276 L"",""cor"":""Preto"",""marca"":""Esmaltec"",""quantidade_de_portas"":""2 Portas"",""tipo_de_degelo"":""Cycle Defrost"",""voltagem"":""220 V""}",276 L,Preto,Esmaltec,,Cycle Defrost,220 V,2 Portas,,276 Litros,Preto,Esmaltec,Não informado,Cycle Defrost,Não informado,2 Portas,276 Litros,Preto,Esmaltec,,Cycle Defrost,220V,2 Portas, 276L
engage-info||5307,Geladeira Panasonic Frost Free 387L NR-BT42BV1TB Titânio 220V,"A Geladeira Panasonic Frost Free 387L NR-BT42BV1T é compacta por fora e gigante por dentro e ainda possui baixo consumo de energia e ótimo aproveitamento do espaço interno.<br><br>Seu painel eletrônico conta com controle a temperatura do freezer diretamente no painel externo com design inovador. O Jumbo Freezer oferece 95L para caber todos os alimentos da família, com prateleiras profundas para potes de sorvetes de 2L.<br><br>Baixo consumo de energia. Menos gasto para o bolso e mais amigável com o planeta!<br><br>Especificações Técnicas<br><br>Tipo: Duplex<br>Degelo: Frost Free<br>Capacidade Útil do Refrigerador: 292 L<br>Capacidade Útil do Freezer: 95 L<br>Capacidade Útil Total: 387 L<br>Eficiência Energética: A+++<br>Consumo Aproximado de Energia: 31,0kwH/mês<br>Inverter: Sim<br>Gavetão Hortifrúti: Sim<br>Controle de Temperatura do Refrigerador no Painel Externo: Sim<br>Controle de Temperatura do Freezer no Painel Externo: Sim<br>Porta Ovos: Sim<br>Iluminação LED: Sim<br>Quantidade de Portas: 2<br>Quantidade de Prateleiras no Refrigerador: 3 (Vidro Temperado)<br>Quantidade de Prateleiras na Porta do Refrigerador: 4<br>Quantidade de Gavetas no Refrigerador: 1<br>Quantidade de Gavetas no Freezer: 1<br>Tipo de Pés: Estabilizador<br>Material: Aço<br>Litragem: 387<br>Recursos: Tecnologia inverter<br>Vitamin Safe: Sim<br>Voltagem<br>-110V<br>-220V<br><br>Dimensões<br><br>Largura sem Embalagem: 60 cm<br>Altura sem Embalagem: 180 cm<br>Profundidade sem Embalagem: 74,2 cm<br>Peso Bruto: 59 kg<br><br>Garantia do Fornecedor de 12 meses","{""capacidade_liquida_total"":""387 L"",""marca"":""Panasonic"",""material"":""Aço"",""tipo_de_degelo"":""Frost Free"",""voltagem"":""220 V""}",387 L,,Panasonic,Aço,Frost Free,220 V,,,387 L,Titânio,Panasonic,Aço,Frost Free,220V,2,387,Titânio,Panasonic,Aço,Frost Free,220V,2 Portas,387L
gazinshop||12495,Geladeira Refrigerador 276 Litros RCD34 Cycle Defrost Duplex Esmaltec,"Refrigerador 276 Litros RCD34 2 Portas Classe A Esmaltec <br> Economia, espaço e eficiência para refrigerar os alimentos na medida certa, você encontra na Geladeira Esmaltec RCD34. São 276 litros de capacidade total, que se dividem entre 221 litros para o refrigerador, e outros 55 litros para o freezer, distribuídos em 2 portas que ampliam ainda mais o espaço interno.<br> <br> Show de praticidade<br> Aproveite a possibilidade de ajustar e remover as prateleiras internas, ou ainda guardar os legumes na gaveta feita em PS cristal fumê para uma organização de dar inveja! O modelo traz degelo Cycle Defrost, que proporciona drástica redução no acúmulo de gelo. Se preferir, acione a iluminação interna, use os pés niveladores e conte com os puxadores ergonômicos. Seja para encontrar os alimentos com mais facilidade, posicionar e limpar melhor seu refrigerador, ou simplesmente abrir e fechar as 2 portas sem nenhum transtorno, aqui você consegue isso e muito mais com direito a economia classe A.<br> <br> Sobre a marca: Qualidade Esmaltec<br> A Esmaltec acumula mais de 55 anos de tradição. É uma empresa que não para de evoluir, investindo sempre em tecnologia e capacitação profissional. Com produtos de ponta para o lar e para setores comerciais, a Esmaltec oferece uma linha completa: purificadores, bebedouros, refrigeradores, fogões, cooktops, conservadores horizontais, cervejeiras e vitrines para bebidas, central de bebidas, expositores horizontais e Recipientes para GLP. Todos com algo em comum: facilitar a vida das pessoas com excelência e qualidade. O desenvolvimento da Esmaltec ao longo dos anos reflete na presença marcante em todo o Brasil e também no mercado internacional, com exportações para a América do Sul, América Central, Caribe, África e Oceania. Até porque, a conquista mais importante para a Esmaltec é a sua satisfação. É poder entrar na sua casa e levar mais qualidade para a sua família.<br> <br> Características:<br> Marca: Esmaltec<br> Modelo: RCD34<br> Capacidade Total: 276 litros<br> Capacidade da geladeira em volume: 221 litros<br> Freezer: Sim<br> Capacidade do freezer em volume: 55 litros<br> Tipo de degelo: Cycle Defrost<br> Tipo de porta: Duplex<br> Quantidade de portas: 02 Portas<br> Portas reversíveis: Não<br> Gaveta de vegetais: Sim<br> Controle de temperatura do refrigerador: Sim<br> Fabricador de gelo: Não<br> Dispenser de água: Não<br> Alarme de porta aberta: Não<br> Luz interior: Sim<br> Eficiência energética: A<br> Potência: 102,5W<br> Consumo: 38,5 kWh<br> Frequência: 60Hz<br> Inmetro: Sim<br> <br> Conteúdo da Embalagem:<br> Geladeira Refrigerador 276 Litros RCD34 Cycle Defrost Duplex Esmaltec<br> Acessórios <br> Manual de Instruções<br> <br> Dimensões:<br> Altura: 158,5 cm<br> Largura: 55,7 cm<br> Profundidade: 66 cm<br> Peso: 40,3 kg<br> <br> Garantia do Fornecedor: 12 meses (3 meses de garantia legal e mais 9 meses de garantia especial concedida pelo fabricante).<br> <br> Detalhes sobre a compra:<br> Fique de olho: siga sempre as orientações do fabricante e utilize seu produto de acordo com o manual. <br> A empresa não se responsabiliza pelo mau uso do produto, o que pode causar perda da garantia.#8239; <br> Não nos encarregamos, no ato da entrega, por montagens e desmontagens, subir escadas e elevadores ou transporte por guincho para apartamentos. <br> Eventuais despesas são de responsabilidade do cliente. <br> O valor divulgado é unitário e a imagem é meramente ilustrativa. <br> Precisou trocar ou devolver? O prazo é de 7 dias a partir do recebimento do produto - Lei número 8.078.<br> Sempre confira no ato da entrega.","{""capacidade_liquida_total"":""276 L"",""cor"":""Preto"",""marca"":""Esmaltec"",""quantidade_de_portas"":""2 Portas"",""tipo_de_degelo"":""Cycle Defrost"",""voltagem"":""220 V""}",276 L,Preto,Esmaltec,,Cycle Defrost,220 V,2 Portas,,276 litros,Não informado,Esmaltec,Não informado,Cycle Defrost,Não informado,2 Portas,276 litros,Preto,Esmaltec,,Cycle Defrost,220V,2 Portas, 276L
carrefouroficial||900008129,Geladeira 3 Portas IM8S FF3P Inverter com Autosense Efficient 590 Litros Electrolux,<p>A Geladeira Electrolux 3 Portas Efficient com Autosense e Inverter IM8S FF3P 590L possui trs portas para garantir mais espao para armazenar e mais funes destinadas a manter o frescor dos alimentos por mais tempobr br Caractersticasbr Geladeira br Marca Electroluxbr Modelo IM8S FF3Pbr Consumo Aproximado de Energia 554br br Dimensesbr Altura 190 cmbr Largura 835 cmbr Profundidade 742 cmbr Peso 98 kgbr br Contedo da Embalagembr 01 Geladeira 3 Portas IM8S FF3P Inverter Electrolux br br Observaes br Imagem meramente ilustrativabr Todas as informaes divulgadas so de responsabilidade do fabricante e fornecedorbr As cores podem sofrer variaes de acordo com o tipo configurao e resoluo do seu monitorbr No nos responsabilizamos pela montagem e instalao dos produtosbr Verifique a voltagem antes de colocar no carrinhobr br Garantia do Fornecedor 12 meses</p>,"{""capacidade_liquida_total"":""590 L"",""cor"":""Inox"",""marca"":""Electrolux"",""material"":""Inox"",""quantidade_de_portas"":""3 Portas"",""tipo_de_degelo"":""Frost Free"",""voltagem"":""Bivolt""}",590 L,Inox,Electrolux,Inox,Frost Free,Bivolt,3 Portas,,590 Litros,Não informado,Electrolux,Não informado,Frost Free,Não informado,3 Portas,Não informado,Inox,Electrolux,Aço,Frost Free,110V,3 Portas,590L
magazineluiza||234707400,Geladeira/Refrigerador Panasonic Frost Free Duplex,"Com mais de 30% de economia de energia, o refrigerador frost free Panasonic BT41 Top Freezer Duplex tem o menor consumo do Brasil, sua classificação é A+++ em eficiência energética. Mantenha sua geladeira e alimentos livres de bactérias com o sistema Antibacteria Ag. Por meio da combinação entre um filtro de carbono e íons de prata, que age dentro do duto durante a circulação de ar, elimina 99,9% das bactérias. Tem controle de temperatura do turbo freezer no painel eletrônico externo e design inovador minimalista. Tenha mais espaço para organizar suas frutas e legumes e os mantenham mais frescos por mais tempo no gavetão de hortifruti. Conserve melhor os alimentos como carne, frios e laticínios no compartimento extra frio. Feita na cor branco ela tem capacidade de 387L é o produto ideal para ter em sua casa.","{""capacidade_liquida_total"":""387 L"",""cor"":""Branco"",""marca"":""Panasonic"",""material"":""Aço"",""tipo_de_degelo"":""Frost Free"",""voltagem"":""127 V""}",387 L,Branco,Panasonic,Aço,Frost Free,127 V,,,387L,branco,Panasonic,Não informado,Frost Free,Não informado,Duplex,Não informado,Branca,Panasonic,Aço,Frost Free,110V,2 Portas,387L
eletrofacil||GC-B659NSM,Geladeira LG Smart Bottom Inverse 451 Litros Inox 110V GC-B659NSM,"<p><span>O <strong>Geladeira LG Smart Inverter Bottom Freezer 451 litros 110V GC-B659NSM</strong>, é parte essencial na rotina de uma casa e pensando em facilitar o seu dia dia, a LG apresenta a geladeira Bottom Freezer GC-B659NSM com capacidade líquida total de 451 litros. As três prateleiras ajustáveis de vidro temperado são mais resistentes e duráveis, já os seis cestos garantem melhor organização dos alimentos.</span><br><br><span>O tipo Inverse, que possui o freezer na parte debaixo e a geladeira em cima, na cor aço escovado traz um design luxuoso e ergonômico. A iluminação interna em LED garante uma visão perfeita quando a geladeira está aberta. Para diminuir o esforço na hora de realizar a limpeza do produto, o refrigerador possui tecnologia frost free; Express Freezing que garante um congelamento mais rápido dos alimentos e Multi Air Flow que possibilita uma distribuição de ar homogênea.</span><br><br><span>A nova Bottom LG Freezer, tem um design elegante e minimalista. Possui 705mm de largura, acabamentos metálicos, perfeita para todos os tipos de cozinhas. <strong>Linear Cooling</strong>, reduz a variação de temperatura da geladeira, mantendo o frescor dos alimentos por muito mais tempo. Saídas de ar localizadas no teto da geladeira, direcionam o ar frio para os itens armazenados na porta. O resfriamento da porta com a função <strong>DoorCooling</strong> paenas 15 segundos após o fechamento das portas, preservando melhor os alimentos e bebidas neste local.</span><br><br><span>O compressor Linear, trabaha com velocidade variável, isso garante melhor consumo de energgiae maior conservação dos alimentos. O resultado é um produto muito mais silencioso e que economiza a conta de luz; tenha o controle da sua geladeira com o <strong>app Thinq</strong>. Adquira já a sua Geladeira LG Smart Inverter Bottom GC-B659NSM!</span></p>","{""capacidade_liquida_total"":""451 L"",""marca"":""LG"",""tipo_de_degelo"":""Frost Free"",""voltagem"":""127 V""}",451 L,,LG,,Frost Free,127 V,,,451 litros,Inox,LG,Não informado,Frost Free,110V,Não informado,451 Litros,Inox,LG,Aço Escovado,Frost Free,110V,2 Portas,451L
electrolux||310119137,Geladeira Electrolux Frost Free Inverter 581L FlexiSpace 4 Portas Cor Inox Look (IQ8S),"A Geladeira Electrolux Multidoor Experience com FlexiSpace 581 L Inox Look1 (IQ8S) proporciona inovação e modernidade para a sua casa. As funcionalidades são pensadas para garantir mais espaço e mais qualidade no armazenamento dos alimentos. Para isso, a Geladeira Electrolux Multidoor Experience 581 L conta com quatro portas para atender a todas as necessidades do seu dia a dia. O compartimento inteligente FlexiSpace com temperatura variável garante a preservação ideal para cada tipo de alimento e bebida, que vai de freezer (23oC) à geladeira (7oC). Ativando a função Meat &amp; Fish (-2°C) dentro do FlexiSpace, o compartimento mantém 97%2 das proteínas das carnes e preserva por mais tempo a maciez e o sabor originais. Além disso, a carne pode ser armazenada por até 7 dias, sem congelar. É só retirar da geladeira e está pronta para o preparo. A geladeira IQ8S possui também a tecnologia exclusiva AutoSense, que ajusta a temperatura automaticamente, garantindo uma melhor preservação dos alimentos por até 30%3 mais tempo. A Inteligência Artificial reconhece seus hábitos de consumo, identificando os momentos de maior uso e menor uso da geladeira, deixando-a mais fria ou estabilizando a temperatura. A gaveta TasteLock possui vedação especial e controle automático de umidade que mantém frutas e vegetais frescos por até 14 dias4. E como a Tecnologia Inverter mantém a temperatura mais estável, reduz o consumo de energia em até 37%4, tornando-as uma das geladeiras mais econômicas do segmento5, além de oferecer condições ideais para preservar os alimentos. Com o TasteGuard, a Geladeira Electrolux Multidoor Experience 581 L elimina até 9x7 mais rápido os maus odores causados por bactérias, garantindo que sua geladeira permaneça sempre higiênica. Para facilitar a retirada de gelo, com o IceTwister é possível apenas girar a forma para que eles caiam no compartimento inferior, além da praticidade do sistema de abastecimento de água. <p> 1Portas e gabinete em Aço VCM (Vinil Coated Material). Esse produto não tem inox em sua composição. 2Resultados obtidos em testes realizados pela FURB (Universidade Regional de Blumenau), durante 7 dias utilizando o ajuste de temperatura na função Carnes. 3Resultados obtidos em testes realizados pela FURB (Universidade Regional de Blumenau) com morangos, cogumelos e leite. 4Resultados obtidos em testes realizados pela FURB (Universidade Regional de Blumenau), durante 14 dias utilizando cogumelos e 10 dias utilizando morango e alface. 5Economia dos modelos IM8, IM8S e IM8B, em relação ao mínimo para a classificação A do Inmetro. Consulte a porcentagem de redução de consumo de cada modelo em electrolux.com. 6Maior economia de energia do segmento de geladeiras multidoor fabricadas no Brasil, conforme tabela de eficiência energética de 25/02/2022 PBE (Programa Brasileiro de Etiquetagem). 7Comparado ao uso do bicarbonato de sódio, segundo procedimento interno testado no DM90X.</p>","{""capacidade_liquida_total"":""581 L"",""cor"":""Inox Look"",""marca"":""Electrolux"",""material"":""Aço Inox"",""quantidade_de_portas"":""4 Portas"",""tipo_de_degelo"":""Frost Free"",""voltagem"":""Bivolt""}",581 L,Inox Look,Electrolux,Aço Inox,Frost Free,Bivolt,4 Portas,,581L,Inox Look,Electrolux,Aço VCM Vinil Coated Material,Frost Free,Não informado,4 Portas,Não informado,Inox,Electrolux,VCM,Frost Free,220V,4 Portas,581L
comprebel2||38647,Geladeira Frost Free Duplex Prata 394 Litros (TC44S) - 127V,"Quer guardar todos os seus alimentos sem passar aperto? Então, conheça a Geladeira/Refrigerador Frost Free Duplex Prata 394 Litros TC44S - Continental, com capacidade de 394 litros.<br><br>O seu super freezer, amplo e flexível, possui 109 litros de capacidade, permitindo que você guarde todo tipo de alimento e de embalagem, de forma simples e rápida.<br><br>A Geladeira TC44S possui puxador integrado e ergonômico, muito fácil de limpar e combina com sua cozinha.<br><br>O freezer conta com o Espaço Freezer Reversível, um compartimento fechado para congelar seus alimentos ainda mais rápido. E você ainda pode reverter a prateleira para maior aproveitamento do espaço.<br><br>Já no refrigerador, há um espaço perfeito para guardar alimentos que precisam de maior refrigeração e cuidado, para uma conservação mais longa. Trata-se do Espaço Extra Frio.<br><br>- Super Freezer Robusto e Flexível:<br>Com 109 litros, o freezer tem espaço de sobra para armazenar alimentos e diversos tipos de embalagem sem passar aperto.<br><br>- Design Único:<br>Bonito e fácil de limpar, o design moderno da Geladeira TC44S combina com a sua cozinha e ainda conta com puxador ergonômico e integrado.<br><br>- Espaço Freezer Reversível:<br>Compartimento fechado para congelar rapidamente os alimentos e diversos tipos de embalagens. Para maior aproveitamento do compartimento você pode reverter a prateleira conforme a sua necessidade.<br><br>- Espaço Extra Frio:<br>Espaço fechado no refrigerador ideal para alimentos frescos que necessitam maior refrigeração e cuidado.<br><br>- Prateleira Porta Latas – Porta Refrigerador:<br>Prateleira reversível na porta da geladeira que pode ser usada tanto como porta latas e como um espaço normal.<br><br>- Gavetão com Tampa:<br>Espaço específico para frutas, verduras e legumes. Fácil de organizar e visualizar os alimentos através da abertura da gaveta e do frontal basculante.<br><br><br>INFORMAÇÕES TÉCNICAS<br><br>Marca: Continental<br>Modelo: TC44S <br>Voltagem: 127V<br>Sistema: Frost Free<br>Capacidade Total: 394 litros<br><br><br>DIMENSÕES APROXIMADAS DO PRODUTO<br><br>Altura: 187,1cm<br>Largura: 60cm<br>Profundidade: 70cm<br>Peso: 58kg<br><br><br>PRAZO DE GARANTIA<br><br>12 meses<br>","{""capacidade_liquida_total"":""394 L"",""cor"":""Prata"",""marca"":""Continental"",""tipo_de_degelo"":""Frost Free"",""voltagem"":""127 V""}",394 L,Prata,Continental,,Frost Free,127 V,,,394 Litros,Prata,Continental,Não informado,Frost Free,127V,Duplex,394 litros,Prata,Continental,Aço,Frost Free,110V,2 Portas,394L
opescadordeofertas||13543701970,Refrigerador Philco French Door Inverse 403L PRF411I 110v,"Design moderno não é apenas um visual atrativo, mas também, desenvolver um produto que traga maiores benefícios, simplesmente, a partir de sua estrutura. <br> Assim como o Refrigerador Philco Inverse 4 Portas PRF411I. <br> Além da comodidade e facilidade no uso que a disposição do freezer, na parte inferior e refrigerador na parte superior garante, o conceito Inverse Plus da Philco traz um produto com 4 portas.<br> Isso proporciona mais harmonia com o ambiente, sendo possível a instalação até mesmo em áreas menos espaçosas.<br> Refrigerador com capacidade para 270 litros e freezer com capacidade para 133 litros. <br> <br> O motor Inverter proporciona maior economia de energia, trabalha silenciosamente além de possuir uma vida útil muito maior.<br> A tecnologia Smart Cooling distribui de maneira uniforme a temperatura em todo o gabinete do refrigerador e freezer proporcionando a conservação por igual de todos os alimentos.<br> Proporcionando a circulação constante da temperatura no gabinete, a tecnologia Frost Free evita o indesejado acúmulo de gelo.<br> Garantindo mais higiene e a conservação mais adequada dos alimentos, além de facilitar a limpeza.<br> <br> Elegante display digital que possibilita acompanhar as temperaturas e funções selecionadas. <br> Por meio do controle de temperatura e funções é possível selecionar as temperaturas individuais do refrigerador e freezer além de selecionar as funções disponíveis.<br> Mais espaço e mais organização: Além das prateleiras em vidro reguláveis, o refrigerador conta também com prateleiras nas portas, gaveta ajustável e gavetão de frutas, verduras e legumes.<br> <br> O produto possui 3 funções diferentes de operação (Turbo Freezer/ECO/Férias), por meio das quais é possível acelerar o resfriamento e congelamento do freezer, ou colocar o produto em modo econômico.<br> Além do design elegante e versátil, os pés niveladores e rodinhas traseiras garantem o fácil deslocamento e instalação do produto no ambiente.<br> <br> ATENÇÃO! As imagens utilizadas são meramente ilustrativas com seus direitos reservados. Itens de decoração ou de composição de imagem não acompanham o produto.<br> <br> CARACTERÍSTICAS:<br> - Capacidade de 403L (270L no refrigerador e 133L no freezer)<br> - Classificação ""A"" em eficiência energética<br> - Sistema de refrigeração Frost Free<br> - Freezer inverse com abertura lateral independente<br> - Painel touch <br> - Controle de temperatura do freezer e refrigerador de forma independente<br> - Freezer com temperaturas de -14°C a -22°C<br> - Refrigerador com temperaturas de 2 a 8°C<br> - Funções Férias, Turbo Freezer e ECO<br> - Alarme de porta aberta<br> - Iluminação interna LED<br> - Porta em aço com tratamento anti-corrosão<br> - Prateleiras em vidro temperado<br> - Divisão do refrigerador: 4 prateleiras, gaveta ajustável, gaveta de legumes e 3 prateleiras em cada porta<br> - Divisão do freezer: 6 gavetas (3 de cada lado)<br> <br> DADOS TÉCNICOS:<br> - Voltagem: 110v<br> - Modelo: PRF411I<br> - Potência: 220W<br> - Consumo: 38 kWh/Mês<br> - Funções: Férias, Turbo Freezer e ECO<br> - Classificação Energética: A<br> - Temperatura Freezer: -14°C a -22°C<br> - Temperatura Refrigerador: 2 a 8°C<br> - Prateleiras: Vidro temperado<br> - Divisão do refrigerador: Prateleiras<br> - Divisão do freezer: Gavetas<br> - Compressor: Inverter<br> - Água na Porta: Não<br> - Capacidade: 403L<br> - Tipo: Inverse - 4 portas<br> - Tecnologia: Smart Cooling<br> - Medidas AxLxP: 180x79x68,5 cm<br> - Peso (Kg): 87,1<br> - Garantia: 12 meses<br> <br> CONTEÚDO:<br> - Refrigerador Philco Inverse 4 Portas PRF411I<br> - Manual de instruções<br> <br> Aqui na Loja O Pescador de Ofertas, você pode concluir a sua compra facilmente, com toda a segurança e a sua entrega é garantida.<br> Aqui você está em 1o Lugar!","{""capacidade_liquida_total"":""403 L"",""marca"":""Philco"",""quantidade_de_portas"":""4 Portas"",""tipo_de_degelo"":""Frost Free"",""voltagem"":""127 V""}",403 L,,Philco,,Frost Free,127 V,4 Portas,,403L,Não informado,Philco,Não informado,Frost Free,110v,4,403L,Inox,Philco,Aço,Frost Free,110V,4 Portas,403L
lojasminatel||313521,Geladeira/Refrigerador Consul Frost Free - Duplex 410L CRM50HK,"<p><span>Informações<br><br>A Geladeira Consul Frost Free Duplex 410 litros Espaço Flex tem flexibilidade e capacidade de sobra para organizar tudo da sua maneira, chega de malabarismo para conseguir guardar os alimentos. Ela vem com o Espaço Flex para você poder organizar os compartimentos da porta como quiser, e no freezer tem o compartimento Gelo Extra, que serve pra guardar até duas vezes mais gelo. A Geladeira também conta com o Filtro Antiodor tira o mau-cheiro e o “gosto de geladeira” da água. Ahhh! Bem pensado.<br><br>Tipo de degelo: Frost Free<br>Tipo de porta: Duplex<br>Quantidade de portas: 2<br>Capacidade líquida total: 410L<br>Capacidade líquida do refrigerador: 311L<br>Capacidade líquida do freezer: 99L<br>Cor: Inox<br>Gavetas: Sim<br>Compartimentos: Porta ovos Separador de garrafas<br>Potência: 165W<br>Eficiência energética: A<br>Material: Aço<br>Certificações: classificação energética A<br><br><br>Peso aproximado<br>Peso do produto: 71kg<br>Peso do produto com embalagem: 72,3kg<br><br>Dimensões do produto<br>Largura: 69,5cm<br>Altura: 173,9cm<br>Profundidade: 71,9cm<br><br>Dimensões do produto com embalagem<br>Largura: 74,6cm<br>Altura: 178,1cm<br>Profundidade: 74,8cm</span></p>","{""capacidade_liquida_total"":""410 L"",""cor"":""Inox"",""marca"":""Consul"",""tipo_de_degelo"":""Frost Free""}",410 L,Inox,Consul,,Frost Free,,,,410L,Inox,Consul,Aço,Frost Free,Não informado,2,Não informado,Inox,Consul,Aço,Frost Free,220V,2 Portas,410L
magazineluiza||201992900,Geladeira/Refrigerador Electrolux Frost Free Inox,"Refrigerador Frost Free DT52X da Electrolux. Refrigerador Botton Freezer, com duas portas, capacidade líquida de 454 litros e diversos compartimentos especiais. É um refrigerador completo para você e sua família. O primeiro refrigerador do mercado com programa nutricional e receitas por ocasião, para facilitar cada vez mais o seu dia a dia. Possui painel com tela touch screen e aplicativos diferenciados que facilitam a sua vida. Este é o refrigerador que muda os hábitos do consumidor com diversas sugestão de alimentação saudável. São 650 receitas por ocasião com menu completo, combinação de entrada + prato principal + sobremesa, busca por ingredientes, tipo de prato, dieta,dificuldade e tempo de preparo. Diversos vídeos com preparações básicas, lista de compras no seu celular, atualização de receitas, pacotes periódicos de novas receitas e receitas próprias. Você pode, ainda, registrar suas receitas no refrigerador e compartilhar nas redes sociais. Para atualização das receitas, consulte o site www.electrolux.com.br.","{""capacidade_liquida_total"":""454 L"",""cor"":""Inox"",""marca"":""Electrolux"",""quantidade_de_portas"":""2 Portas"",""tipo_de_degelo"":""Frost Free"",""voltagem"":""127 V""}",454 L,Inox,Electrolux,,Frost Free,127 V,2 Portas,,454 litros,Inox,Electrolux,Não informado,Frost Free,Não informado,duas portas,Não informado,Inox,Electrolux,Aço,Frost Free,110V,2 Portas,454L
magazineluiza||238149600,Geladeira/Refrigerador TCL Multidoor 4 Portas,"A geladeira/refrigerador TCL C516CDN Frost Free fabricada em inox tem 4 portas do tipo French Door Multidoor e tecnologia de refrigeração inverter.
É a escolha ideal para quem busca um produto de alta qualidade e com design moderno. Com capacidade líquida total de 516L, ela possui Espaço Flex, Metal Cooling, Multi-Zone, Controle ultra preciso de temperatura, baixo nível de ruído, super congelamento, modo férias, prateleiras de vidro, bandejas deslizantes, prateleiras ajustáveis, puxador embutido, luzes de LED e alarme de porta aberta.
O espaço flex permite organizar os alimentos da maneira que quiser, com prateleiras retráteis e removíveis. O Metal Cooling mantém os alimentos frescos por mais tempo, graças à sua tecnologia que resfria rapidamente e uniformemente. O Multi-Zone permite ajustar a temperatura de cada compartimento de acordo com a sua necessidade. O Controle ultra preciso de temperatura permite ajustar a temperatura de cada compartimento com precisão, para que os alimentos sejam mantidos na temperatura ideal. O baixo nível de ruído garante que você não seja incomodado pelo barulho da geladeira. O super congelamento congela os alimentos rapidamente, preservando seus nutrientes. O modo férias permite economizar energia quando estiver fora de casa. As prateleiras de vidro são resistentes e fáceis de limpar. As bandejas deslizantes permitem organizar os alimentos de forma prática e eficiente.","{""cor"":""Inox"",""marca"":""Midea"",""material"":""Inox"",""quantidade_de_portas"":""4 Portas"",""tipo_de_degelo"":""Frost Free"",""voltagem"":""220 V""}",,Inox,Midea,Inox,Frost Free,220 V,4 Portas,,516L,inox,TCL,Não informado,Frost Free,Não informado,4,Não informado,Inox,TCL,Inox,Frost Free,220V,4 Portas,516L
magazineluiza||010021005,Refrigerador Electrolux 427 Litros,,"{""capacidade_liquida_total"":""427 L"",""marca"":""Electrolux"",""voltagem"":""220 V""}",427 L,,Electrolux,,,220 V,,,427 Litros,Não informado,Electrolux,Não informado,Não informado,Não informado,Não informado,Não informado,,Electrolux,,,220V,,427L
comprebel2||40898,Geladeira Philco PRF520DI 2 Portas Frost Free Side By Side 520L - 110V,"<p>Com visual moderno e elegante que agrega muito mais requinte para a cozinha a Side By Side Philco PRF520DI é Freezer e Geladeira. Mais praticidade em um único produto. O design proporciona o aproveitamento inteligente de espaço colocando freezer e refrigerador lado a lado, valorizando o ambiente e garantindo a alta capacidade de 520 litros. O Dispenser de água na porta é muito mais prático e econômico, não precisa abrir a geladeira, tenha água fria facilmente. No modo Ice Maker é possível obter até 1,5kg de gelo em cubos ou picado, conforme a opção selecionada.</p><p><br></p><p>Elegante display digital que possibilita acompanhar as temperaturas selecionadas individualmente, além de selecionar as funções disponíveis. O produto possui 3 funções diferentes de operação (Turbo Refr./Turbo Frz/Férias), por meio das quais é possível acelerar o resfriamento e congelamento do refrigerador e freezer, ou colocar o produto em modo econômico. É mais que geladeira, é mais que freezer! É um produto Philco pensado para você!</p><p><br></p><p><br></p><p>INFORMAÇÕES TÉCNICAS</p><p><br></p><p>Marca: Philco</p><p>Voltagem: 110V</p><p>Capacidade de 520L (342L no refrigerador e 178L no freezer)</p><p>Classificação ""A"" em eficiência energética</p><p>Sistema de refrigeração Frost Free</p><p>Painel touch com display LCD </p><p>Controle de temperatura do freezer e refrigerador de forma independente</p><p>Freezer com temperaturas de -16°C a -24°C</p><p>Refrigerador com temperaturas de 2 a 8°C</p><p>Funções férias, turbo freezer e turbo refrigerador</p><p>Alarme de porta aberta</p><p>Água e gelo na porta</p><p>Filtro de água com vida útil de 1136L ou 6 meses</p><p>Fabricador de gelo automático (em cubos ou picado)</p><p>Porta em aço com tratamento anti-corrosão</p><p>Puxador em alumínio</p><p>Prateleiras em vidro temperado</p><p>Iluminação interna LED</p><p><br></p><p>DIMENSÕES APROXIMADAS DO PRODUTO</p><p><br></p><p>Altura: 177cm</p><p>Largura: 89,5cm</p><p>Profundidade: 77,5cm</p><p>Peso: 90kg</p><p><br></p><p>GARANTIA</p><p><br></p><p>Prazo de garantia: 12 meses</p>","{""capacidade_liquida_total"":""520 L"",""cor"":""Inox"",""marca"":""Philco"",""quantidade_de_portas"":""2 Portas"",""tipo_de_degelo"":""Frost Free"",""voltagem"":""127 V""}",520 L,Inox,Philco,,Frost Free,127 V,2 Portas,,520L,Não informado,Philco,Não informado,Frost Free,110V,2 Portas,520L,Inox,Philco,Aço,Frost Free,110V,2 Portas,520L
carrefouroficial||5191840,Geladeira/Refrigerador Panasonic 2 Portas Frost Free Inverter 425 Litros NR-BB53PV3WB,"Até 33 de economia de energia<br> Prático e econômico, o BB53 reduz o consumo de energia em até 33 em relação ao mínimo necessário para a classificação A no Procel.<br> Tecnologia Inverter<br> Esta tecnologia controla o compressor, detectando as variações de temperatura de acordo com a quantidade de comida armazenada e o abre e fecha das portas, além de deixar o refrigerador supersilencioso.<br> Menos consumo de energia<br> Mais silencioso<br> Congelamento mais rápido que refrigeradores comuns.<br> Tecnologia Econvavi<br> Tecnologia exclusiva que garante até 10 de economia de energia, monitorando o uso do refrigerador no dia a dia e fazendo-o funcionar de acordo com a rotina da casa.<br> Tecnologia Vitamin Power<br> No gavetão hortifrúti, os nutrientes dos alimentos são preservados por mais tempo e a quantidade de vitaminas C e D potencializada.<br> Tudo isso graça à tecnologia Vitamin Power, uma luz de LED especial que age sobre as frutas e verduras, potencializando seus processos de fotossíntese. <br> <br> Características:<br> Refrigerador Interno: Sim<br> Controle de Temperatura do Freezer no Painel Externo: Sim<br> Ice Twister: Sim<br> Trava Painel: Sim<br> Porta Latas: Sim<br> Porta Ovos : Sim<br> Acessórios Porta Laticínios Porta Laticínios<br> Iluminação: LED<br> Quantidade de Portas: 2<br> <br> Dimensões:<br> Altura: 185,5 cm<br> Largura: 69,5 cm<br> Profundidade: 77,2 cm<br> Peso: 87 kg<br> <br> Garantia do fornecedor de 12 meses.","{""capacidade_liquida_total"":""425 L"",""cor"":""Branco"",""marca"":""Panasonic"",""quantidade_de_portas"":""2 Portas"",""tipo_de_degelo"":""Frost Free"",""voltagem"":""127 V""}",425 L,Branco,Panasonic,,Frost Free,127 V,2 Portas,,425 Litros,Não informado,Panasonic,Não informado,Frost Free,Não informado,2,Não informado,Branco,Panasonic,Aço,Frost Free,110V,2 Portas,425L
efacil||209685-75,Geladeira/Refrigerador Consul 2 Portas Frost Free CRM54BB 441 Litros Branco,PRODUTO DESATIVADO<br>,"{""capacidade_liquida_total"":""441 L"",""cor"":""Branco"",""marca"":""Consul"",""quantidade_de_portas"":""2 Portas"",""tipo_de_degelo"":""Frost Free"",""voltagem"":""220 V""}",441 L,Branco,Consul,,Frost Free,220 V,2 Portas,,441 Litros,Branco,Consul,Não informado,Frost Free,Não informado,2 Portas,Não informado,Branco,Consul,Aço,Frost Free,220V,2 Portas,441L
gazinshop||13460,Geladeira Refrigerador Electrolux 390L Frost Free Duplex Inverter IF43S,"Geladeira Refrigerador Electrolux 390L Frost Free Duplex Inverter IF43S<br> <br> O Refrigerador IF43S de 390 litros da Electrolux vai ser seu parceiro na cozinha! Com um sistema de portas duplex, o produto apresenta além de praticidade, muita qualidade no armazenamento de seus alimentos!<br> <br> Capacidade sem igual!<br> Além de trazer uma capacidade absurda de 390 litros, o produto apresenta uma porta flex na parte do refrigerador, com o sistema de prateleiras FastAdapt, que são prateleiras deslizantes, onde promovem uma versatilidade sem igual! Além disso, o produto também apresenta 6 prateleiras, juntamente com uma gaveta para legumes e um gavetão hortifrúti com um amplo espaço, agregando ainda mais organização pra você. Sem contar também que o produto possui tecnologia frost free, promovendo maior facilidade no degelo do produto.<br> <br> Desempenho incrível!<br> O produto apresenta um painel externo digital de altíssima qualidade, permitindo a visualização e ativação de diversas funções. Além de conter um consumo de 39,7 kWh mês tendo um excelente desempenho e chegando a classificação A+++ em economia de energia, promovendo mais economia para o seu bolso. E para garantir a sua segurança, juntamente do produto, seu sistema apresenta um alarme quando a porta estiver aberta, evitando acidentes e também gastos de energia.<br> <br> Sobre a marca: qualidade Electrolux!<br> Electrolux, uma empresa centenária que passou todo esse tempo com um único objetivo: Facilitar a vida das pessoas através de produtos com design diferenciado, inovadores e tecnológicos. Mundialmente conhecida, a empresa conquistou clientes proporcionando experiências únicas focadas no bem estar e qualidade de vida. De lá pra cá a Electrolux cresceu, se fortaleceu e se solidificou no mercado de eletrodomésticos, sendo pioneira no desenvolvimento e lançamento de produtos para todos os ambientes da casa... e para fora dela também. Com sede por inovar ela segue lançando tendências, como o app Electrolux + (Home Plus) para Android e iOS que conecta todos os produtos da linha smart control com um simples toque no seu smartphone. A proposta da Electrolux para o futuro é clara, contribuir para a melhoria da vida de forma sustentável em todo o mundo.<br> <br> Características: <br> Marca: Electrolux<br> Modelo: IF43S<br> Capacidade total: 390 litros<br> Capacidade da geladeira em volume: 293 litros<br> Freezer: Sim<br> Capacidade do freezer em volume: 97 litros<br> Tipo de degelo: Frost Free<br> Painel: Eletrônico<br> Tipo de porta: Duplex<br> Quantidade de portas: 2 portas<br> Número de prateleiras da geladeira: 6 prateleiras<br> Congelador: Sim<br> Portas reversíveis: Não<br> Gaveta de vegetais: Sim<br> Gaveta multiuso: Sim<br> Porta latas: Não<br> Controle de temperatura do refrigerador: Sim<br> Controle de temperatura do freezer: Sim<br> Fabricador de gelo: Não<br> Dispenser de água: Não<br> Dispenser de gelo: Não<br> Alarme de porta aberta: Sim<br> Luz interior: Sim<br> Eficiência energética: A+++<br> Consumo: 39,7 kWh mês<br> Frequência: 60 Hz<br> Inmetro: Sim<br> <br> Conteúdo da embalagem: 01 refrigerador, acessórios e manual de instruções<br> <br> Dimensões: <br> Altura: 176,9 cm<br> Largura: 60 cm<br> Profundidade: 71,7 cm<br> Peso: 56 kg<br> <br> Garantia: 12 meses (3 meses de garantia legal e mais 9 meses de garantia especial concedida pelo fabricante)<br> <br> Detalhes sobre a compra:<br> Fique de olho: siga sempre as orientações do fabricante e utilize seu produto de acordo com o manual. A empresa não se responsabiliza pelo mau uso do produto, o que pode causar perda da garantia.#8239; <br> Não nos encarregamos, no ato da entrega, por montagens e desmontagens, subir escadas ou elevadores ou transporte por guincho para apartamentos. Eventuais despesas são de responsabilidade do cliente. <br> O valor divulgado é unitário e a imagem é meramente ilustrativa. Precisou trocar ou devolver? O prazo é de 7 dias a partir do recebimento do produto - Lei número 8.078 - Sempre confira no ato da entrega.","{""cor"":""Inox"",""marca"":""Electrolux"",""quantidade_de_portas"":""2 Portas"",""tipo_de_degelo"":""Frost Free"",""voltagem"":""Bivolt""}",,Inox,Electrolux,,Frost Free,Bivolt,2 Portas,,390L,Não informado,Electrolux,Não informado,Frost Free,Não informado,2 portas,390 litros,Inox,Electrolux,Aço,Frost Free,220V,2 Portas,390L
zoo||97552,Geladeira / Refrigerador Frost Free Electrolux TF51X 433L Inox 220V,"Geladeira / Refrigerador Frost Free Electrolux TF51X 433L Inox 220V<br> Já imaginou uma geladeira que acompanha várias fases da sua vida. Parece impossível, mas não é. O refrigerador Frost Free Electrolux TF51X é tão versátil que amadurece junto com você, desde a solteirice até os filhos chegarem.<br> <br> Quando você está solteiro, praticidade é o mais importante. Praticidade e cerveja gelada. Na sua geladeira Electrolux espaço para guardar os congelados não vai faltar no freezer de 114 litros. E quando os amigos levarem cerveja para o esquenta da balada, vai gelar rapidinho com a função drink express, que gela sua bebida em até 30 minutos.<br> <br> Depois de casado o desafio é combinar dois jeitos de usar a geladeira. Mas com as prateleiras Fast Adapt não vai ter briga. Elas transformam a contra porta da sua geladeira em um espaço multifuncional e se adaptam rapidamente a vontade de cada um. A prateleira funda aproveita o espaço da contra porta e acomoda garrafas de até 2,5L com tranquilidade.<br> <br> E quando chegam os filhos a preocupação é com o espaço. Mas de novo a geladeira Frost Free duplex salva o dia. O freezer de 114 litros tem espaço de sobra para congelar as papinhas das crianças e carne do almoço de domingo.<br> <br> Até porque ele tem uma prateleira retrátil que permite que você acomode potes de tamanhos variados. Se precisar congelar algo com rapidez, é só colocar no compartimento Turbo Freezer. E na hora da viagem em família não precisa se preocupar, o botão férias mantém o congelador na regulagem mínima até vocês voltarem.<br> <br> Tecnologia Blue Touch<br> A tecnologia avançada do Painel Blue Touch torna possível uma fácil programação do refrigerador, com diversas funções digitais como compras, férias, turbo freezer, drink express e controle de temperatura do freezer, adaptando a performance do refrigerador àquilo que você necessita.<br> <br> Modelo Frost Free<br> Não precisa ser descongelada, facilitando a limpeza do refrigerador e também conservando os alimentos por muito mais tempo.<br> <br> Prateleiras inteligentes<br> Versatilidade e praticidade no armazenamento dos alimentos.<br> Transformando a porta do refrigerador em um espaço multifuncional, as prateleiras Fast Adapt são retráteis e deslizantes para acomodar itens de diferentes tamanhos e formatos. Já a prateleira funda aproveita o espaço da contra porta e possui espaço seguro para garrafas de até 2,5L.<br> As prateleiras para alimentos frescos são específicas para conservar estes alimentos e os mantêm sempre saborosos e prontos para serem consumidos.<br> <br> Espaço exclusivo para frutas e legumes<br> O gavetão especial para frutas e legumes proporciona melhor organização e visualização destes grupos de alimentos.<br> <br> Super freezer<br> Com capacidade de 114 litros, o super freezer possui ótimo espaço para acomodar os alimentos. A sua prateleira retrátil tem 03 formas de ajuste, possibilitando a utilização em três diferentes posições para uma melhor organização do freezer. Além disso, o compartimento Turbo Freezer permite um congelamento rápido em casos de maior urgência.<br> <br> Bebidas mais geladas em menos tempo!<br> Com o Drink Express, você deixa as suas latas e garrafas resfriadas em um curto período de tempo. É só acionar a função no painel e aguardar para desfrutar de bebidas muito bem geladas.<br> <br> Armazenamento seguro<br> Possui Cesta Porta Ovos com capacidade para 12 unidades. Além de conservá-los, também pode ser removida para transportá-los com total segurança.<br> <br> Gelo a qualquer momento<br> A função Ice Twister oferece gelo de forma prática e muito fácil, em qualquer hora que você precisar.<br> <br> <strong>Características:</strong><br> - Capacidade Do Freezer: 114L<br> - Capacidade Do Refrigerador: 319L<br> - Tecnologia: Frost Free<br> - Alarme de Porta Aberta: Sim<br> - Frequência: 60 Hz<br> <br> Dimensões:<br> Altura: 1860 mm<br> Largura: 735 mm<br> Profundidade: 797 mm<br> Peso: 76 Kg<br> <br> Conteúdo Da Embalagem:<br> - Refrigerador <br> - Manual de Instruções <br> <br> Garantia:<br> 12 meses","{""capacidade_liquida_total"":""433 L"",""cor"":""Inox"",""marca"":""Electrolux"",""quantidade_de_portas"":""2 Portas"",""tipo_de_degelo"":""Frost Free"",""voltagem"":""220 V""}",433 L,Inox,Electrolux,,Frost Free,220 V,2 Portas,,433L,Inox,Electrolux,Não informado,Frost Free,220V,2,Não informado,Inox,Electrolux,Aço,Frost Free,220V,2 Portas,433L
carrefouroficial||900001136,Geladeira Esmaltec Degelo Manual Simples 1 Porta ROC35 259 Litros,"A Geladeira Esmaltec ROC35 possui degelo manual, 1 porta, capacidade de 259 litros<br> <br> Características:<br> Quantidade de Portas: 1<br> Modelo:ROC35<br> Eficiência Energética: Classe A<br> Potência: 91 W<br> Capacidade do Refrigerador: 259 Litros<br> Degelo: Manual<br> Tipo de Geladeira: Simples<br> Material: Aço, Plastico, Espuma de Poliuretano e Gás Refrigerante R134a<br> <br> Itens Inclusos: <br> 1 Refrigerador<br> <br> Dimensões:<br> Altura: 157,8 cm<br> Largura: 55,7 cm<br> Profundidade: 66 cm<br> Peso: 39,900 kg<br> <br> Garantia do Fornecedor: 12 meses","{""capacidade_liquida_total"":""259 L"",""cor"":""Inox"",""marca"":""Esmaltec"",""quantidade_de_portas"":""1 Porta"",""tipo_de_degelo"":""Degelo Manual""}",259 L,Inox,Esmaltec,,Degelo Manual,,1 Porta,,259 Litros,Não informado,Esmaltec,Aço Plastico Espuma de Poliuretano e Gás Refrigerante R134a,Manual,Não informado,1,259 Litros,Inox,Esmaltec,Aço,Manual,220V,1 Porta,259L
magazineluiza||201083100,Geladeira/Refrigerador GE Frost Free 1 Porta 371L,"Refrigerador de 1 porta com capacidade de 371 litros, ideal para você armazenar os alimentos com praticidade e sofisticação. Possui painel Extra Cool, prateleiras de vidro antiderramamento para evitar que a água de algum alimento pingue na prateleira de baixo, tem gaveta para legumes auxiliando na organização e sistema de ultra conservação. O porta-latas é cromado e armazena 6 latinhas, tem porta reversível, pés niveladores e rodízios! Este refrigerador não agride a camada de ozônio, pois utiliza gás 100% ecológico!","{""capacidade_liquida_total"":""371 L"",""cor"":""Branco"",""marca"":""GE"",""tipo_de_degelo"":""Frost Free"",""voltagem"":""127 V""}",371 L,Branco,GE,,Frost Free,127 V,,,371L,Não informado,GE,Não informado,Frost Free,Não informado,1 Porta,371 litros,Branco,GE,Aço,Frost Free,110V,1 Porta,371L
magazineluiza||084273800,Geladeira/Refrigerador Brastemp Frost Free 1 Porta,"Refrigerador BRF36 Clean 330 litros da Brastemp. Com maior espaço interno para conservação dos seus alimentos, degelo Frost Free para você não precisar descongelar nunca, controle de temperatura externo para você ajustar sem ter que abrir a porta, economizando energia, além de exclusiva gaveta de legumes com bandeja para garrafas. Tem também porta latas, porta ovos, iluminação interna e pés. é muito prática e possui design moderno.","{""capacidade_liquida_total"":""330 L"",""cor"":""Inox"",""marca"":""Brastemp"",""quantidade_de_portas"":""2 Portas"",""tipo_de_degelo"":""Frost Free"",""voltagem"":""127 V""}",330 L,Inox,Brastemp,,Frost Free,127 V,2 Portas,,330 litros,Não informado,Brastemp,Não informado,Frost Free,Não informado,1 Porta,Não informado,Inox,Brastemp,Aço,Frost Free,110V,1 Porta,330L
leonfer||1874,Refrigerador Consul 415 Litros Cycle Defrost 2 Portas CRD46AB,"A Geladeira Consul Cycle Defrost Duplex 415 litros possui prateleiras removíveis e reguláveis em até 10 níveis de altura além de maior facilidade com 2 portas e Tecnologia Cycle Defrost, <br> para você descongelar a geladeira apenas 2 vezes ao ano. Ahhh! Bem pensado.<br> Capacidade tamanho família: A Geladeira Consul Bem Estar com 415 litros de capacidade cabe o que você quiser. Com design moderno e um super acabamento, tem prateleiras com regulagem de altura, gaveta de legumes transparente, porta-ovos, forminhas de gelo, congelador e amplo espaço interno.<br> A gaveta de legumes, deixa a sua geladeira muito mais organizada e mantém os vegetais fresquinhos por mais tempo. <br> Ela é transparente, o que facilita a visualização dos alimentos.<br> A Geladeira 415 litros vem acompanhada de duas cestinhas porta-ovos e forminhas de gelo para facilitar <br> o seu dia a dia e deixar tudo bem organizado. <br> <br> Características: <br> Modelo: CRD46AB<br> Tipo de Degelo: Cycle Defrost<br> Capacidade Total Líquida (l): 415<br> Número de Portas: 2<br> Painel de Controle: Interno<br> Classificação Energética: A<br> Instalação Gratuita: Não<br> Potência (W): 115<br> Consumo Aproximado de Energia 127 V (kWh): 53.8<br> Potência da Lâmpada (W): 15<br> <br> Dimensões: <br> Altura: 174,7 cm<br> Largura: 71 cm <br> Profundidade: 70,7 cm <br> Peso: 67 kg<br> <br> Garantia do fornecedor de 12 meses.","{""capacidade_liquida_total"":""415 L"",""marca"":""Consul"",""quantidade_de_portas"":""2 Portas"",""tipo_de_degelo"":""Cycle Defrost"",""voltagem"":""220 V""}",415 L,,Consul,,Cycle Defrost,220 V,2 Portas,,415,Não informado,Consul,Não informado,Cycle Defrost,Não informado,2,415 Litros,Branco,Consul,Aço,Cycle Defrost,220V,2 Portas,415L
magazineluiza||010059001,Geladeira/Refrigerador Electrolux Cycle Defrost,"Refrigerador duplex cycle defrost com prateleiras em PS Crystal antiderramamento, cesta porta-ovos removível com capacidade para 12 unidades, puxadores externos resistentes e com design diferenciado, gavetão de frutas, legumes e verduras com controle de umidade, que ajuda a preservar o frescor dos alimentos, prateleiras com trava especial que evita o tombamento de garrafas, pés niveladores frontais e rodízios traseiros que facilitam a movimentação e o nivelamento do refrigerador. Além disso, o zyncplus na porta oferece uma garantia de 3 anos contra oxidação!","{""capacidade_liquida_total"":""462 L"",""cor"":""Branco"",""marca"":""Electrolux"",""tipo_de_degelo"":""Degelo Manual"",""voltagem"":""127 V""}",462 L,Branco,Electrolux,,Degelo Manual,127 V,,,Não informado,Não informado,Electrolux,Não informado,Cycle Defrost,Não informado,Não informado,Não informado,Branco,Electrolux,Aço,Cycle Defrost,110V,2 Portas,462L
whirlpool||326031195,Geladeira Frost Free Brastemp French Door 515 litros Inox com Água e Gelo na Porta - BRH85AK,"AA Geladeira Brastemp Frost Free French Door BRH85 515 litros traz mais tecnologia e sofisticação para a sua cozinha. Com Tecnologia Inverter A++, economiza até 20% de energia e mantém a temperatura estável, o que ajuda na preservação dos alimentos. Além disso, possui acabamento que protege sua geladeira da ferrugem e corrosão e conta com 3 anos de garantia. Veja aqui a Geladeira Brastemp Frost Free French Door 515 litros Inox com Água e Gelo na Porta - BRH85AK","{""capacidade_liquida_total"":""515 L"",""cor"":""Inox"",""marca"":""Brastemp"",""material"":""Inox"",""tipo_de_degelo"":""Frost Free"",""voltagem"":""Bivolt""}",515 L,Inox,Brastemp,Inox,Frost Free,Bivolt,,,515 litros,Inox,Brastemp,Não informado,Frost Free,Não informado,3,Não informado,Inox,Brastemp,Aço,Frost Free,,3 Portas,515L
lojasguaibim1||878364,Geladeira/Refrigerador Brastemp Frost Free Duplex 375L BRM44,"A Geladeira Brastemp Frost Free Duplex BRM44 375 litros conta com design sofisticado e grande capacidade para armazenar os alimentos. Vem com Painel Eletrônico, compartimento Latas e Long Necks e compartimento Extrafrio.<br><br>Compartimento extrafrio<br>Gele as bebidas mais rápido e conserve melhor frios e laticínios.<br><br>Acesso Rápido<br>Compartimento de fácil acesso para armazenar os itens que você mais usa.<br><br>Latas e Long Necks<br>Compartimento especial que se encaixa perfeitamente no freezer ou na geladeira e possibilita gelar as bebidas de forma eficaz. Com o espaço perfeito para 3 garrafas long neck ou 6 latas, ele pode gelar tanto a cerveja quanto o refrigerante.<br><br>Gavetão de legumes Fresh Zone<br>Suas frutas e verduras organizadas e conservadas por mais tempo com o sistema Fresh Zone.<br><br>Temperos<br>Compartimento específico para guardar e deixar seus temperos sempre à mão.<br><br>Atenção:<br><br>1. Verifique a voltagem correta para o seu equipamento. Grande parte dos eletrodomésticos no Brasil está disponível em duas voltagens: 110V ou 220V. Certifique-se qual a voltagem de sua residência e selecione o produto conforme essa especificação.<br>2. Devido às normas da ABNT e às resoluções no 13 de 2006, no 2 de 2007 e no 8 de 2009 do CONMETRO, os fabricantes estão mudando as tomadas para o novo padrão. Para utilizar este produto, será preciso adaptador ou a troca da tomada antiga. Não nos responsabilizamos por esta alteração.","{""capacidade_liquida_total"":""375 L"",""marca"":""Brastemp"",""tipo_de_degelo"":""Frost Free"",""voltagem"":""127 V""}",375 L,,Brastemp,,Frost Free,127 V,,,375L,Não informado,Brastemp,Não informado,Frost Free,Não informado,Duplex,375 litros,Inox,Brastemp,Aço,Frost Free,110V,2 Portas,375L
kasakompletadeequipamentos||17d4c5a8023f11ef9e934201ac185034,Geladeira/Refrigerador Midea Frost Free Duplex - Branco 347L MD-RT468MTA01,"A Geladeira/Refrigerador Frost Free 347L na cor branca RT46 da Midea, veio para preservar muito mais seus alimentos. Sua tecnologia SmartSensor com sensores que regulam a temperatura interna e seu Desodorizador Active-C Fresh com camadas de carbono, promovem alimentos frescos por mais tempo. Além disso, conta com painel touch externo, Chiller Box Extra Frio: compartimento extra frio, ideal para frios e bebidas mais geladas. Seu material interno é produzido em Poliestireno Alto Impacto (PSAI) e o material externo em PCM. São 2 portas, do refrigerador e a outra do freezer, além de vir com 3 prateleiras, 2 na geladeira e 1 no freezer, para acomodar muito bem os alimentos nas duas temperaturas. Já a gaveta possui controle de umidade independente, promovendo melhor organização e preservação de frutas e verduras. Acompanha 1 kit bandeja de gelo, 1 pá para retirada de gelo e 2 bandejas de ovos. Com essa geladeira/refrigerador seus alimentos vão ficar bem conservados e sua cozinha muito elegante!","{""capacidade_liquida_total"":""347 L"",""marca"":""Midea"",""quantidade_de_portas"":""2 Portas"",""tipo_de_degelo"":""Frost Free"",""voltagem"":""220 V""}",347 L,,Midea,,Frost Free,220 V,2 Portas,,347L,Branco,Midea,Poliestireno Alto Impacto PSAI,Frost Free,Não informado,3,Não informado,Branco,Midea,Aço,Frost Free,220V,2 Portas,347L
alcamar2||GLP-80834.04.1,Refrigerador Expositor Gelopar 957 Litros Branco 127V GCVR-950,"Refrigerador Expositor Gelopar 957 Litros Branco 127V GCVR-950 <br> O Refrigerador Expositor foi projetado para conservação e exposição de bebidas, frios e laticínios. É ideal para mercados, padarias, lanchonetes, conveniências e demais estabelecimentos. <br> <br> Com refrigeração por ar forçado com evaporador aletado, esse Refrigerador proporciona uma distribuição uniforme de temperatura. Conta com faixa de temperatura de 0 a +7C, para você ajustar a temperatura de acordo com a necessidade dos seus produtos, mantendo-os sempre na condição ideal para consumo.<br> <br> Possui também prateleiras aramadas em 4 níveis reguláveis e inclináveis, permitindo que você ajuste o espaço conforme a necessidade dos produtos.<br> <br> Compre agora o Refrigerador Expositor e tenha garanta de qualidade, estilo e eficiência!<br> Informações Técnicas <br> Modelo: GCVR-45<br> <br> Voltagem: 127V <br> <br> Consumo: 4,94kW/dia<br> <br> Capacidade Bruta: 445 litros<br> <br> Refrigeração: Ar forçado com evaporador aletado<br> <br> Temperatura: 0 a +7C<br> <br> Degelo: Manual<br> <br> Controle de Temperatura: Termostato<br> <br> Iluminação LED (interna), com interruptor<br> <br> Porta: Vidro duplo temperado baixo emissivo<br> <br> Fechamento automático<br> <br> Prateleiras aramadas<br> <br> 4 níveis reguláveis e inclináveis<br> <br> Pés niveladores<br> <br> Perfil porta etiquetas<br> <br> Peso: 94 kg<br> Medidas <br> Altura: 196 cm <br> <br> Largura: 64 cm <br> <br> Comprimento: 64 cm <br>","{""capacidade_liquida_total"":""957 L"",""marca"":""Gelopar"",""voltagem"":""127 V""}",957 L,,Gelopar,,,127 V,,,957 Litros,Branco,Gelopar,Não informado,Não informado,127V,Não informado,445 litros,,,,,,,
efacil||P2219386,"Geladeira/Refrigerador Philco Inverse Plus PFR500I, Frost Free, 4 Portas, 482 Litros, Inox",PRODUTO DESATIVADO<br>,"{""capacidade_liquida_total"":""482 L"",""cor"":""Inox"",""marca"":""Philco"",""quantidade_de_portas"":""4 Portas"",""tipo_de_degelo"":""Frost Free"",""voltagem"":""220 V""}",482 L,Inox,Philco,,Frost Free,220 V,4 Portas,,482 Litros,Inox,Philco,Não informado,Frost Free,Não informado,4 Portas,Não informado,Inox,Philco,Aço,Frost Free,220V,4 Portas,482L
magazineluiza||200177600,Refrigerador Duplex Frost Free 419 Litros,,"{""capacidade_liquida_total"":""419 L"",""marca"":""Brastemp"",""tipo_de_degelo"":""Frost Free"",""voltagem"":""220 V""}",419 L,,Brastemp,,Frost Free,220 V,,,419 Litros,Não informado,Não informado,Não informado,Frost Free,Não informado,Duplex,Não informado,Inox,Brastemp,Aço,Frost Free,220V,2 Portas,419L
continentalcenter||760010330811020103,Refrigerador Smart LG Side By Side 601 Litros Inox 127V GC-L247SLUV,"<strong>Refrigerador Smart LG Side By Side 601 Litros Inox 127V GC-L247SLUV</strong><p>Com a linha de refrigeradores LG você pode deixar sua cozinha ainda mais moderna, prática e eficiente. </p><p>O refrigerador Smart LG Side By Side possui uma divisão inteligente de espaços, com diversos tipos de armazenamento e organização, deixando sua cozinha muito mais eficiente e deixando tudo a mão para você e sua família. Conta com espaços extras para itens menores, prateleira retrátil para armazenar garrafas, gaveta para itens prontos para servir (Utility Box) e prateleira com fechamento para itens mais delicados. Sua cozinha versátil e atendendo a todas as suas necessidades. </p><p>Pensando em sua saúde, este equipamento possui a Moist Balance Crisper, que conta com cavidades e mantem a umidade no nível ideal para que seus alimentos se mantenham mais frescos muito mais tempo. Também conta com Multi Air Flow, que distribui o ar refrigerado em todos os espaços da geladeira e freezer através de múltiplas saídas de ar, trazendo muito mais durabilidade e frescor aos seus alimentos. </p><p>Deixando sua rotina muito mais prática, essa linha de refrigeradores conta com máquina de gelo automática, oferecendo gelo em cubos ou triturado, além disso, o dispenser fornece água pura e gelo. Seu sistema de filtragem é de micropartículas e ação química. Perfeito para utilizar em receitas ou até mesmo para consumo final, você e toda sua família terão água e gelo sempre à disposição. </p><p>Muito mais durabilidade com a tecnologia do compressor Linear Inverter, com 10 anos de garantia, que garante uma operação muito mais silenciosa e econômica que os compressores convencionais. </p><p>Para ainda mais modernidade e comodidade, você estará muito mais conectado a sua casa com todos os equipamentos que possuem a tecnologia LG ThinQ que permitirá que você controle seus eletrodomésticos em qualquer lugar. Esta função em seu refrigerador permite que você possa ajustar a temperatura para armazenar toda a sua compra. <br> </p><p><strong>Especificações Técnicas:</strong></p><p>Marca: LG<br>- Modelo: GC-L247SLUV<br>- Voltagem: 127V <br>- Tipo: Side by Side<br>- Cor: Inox<br>- Capacidade: 601 Litros<br>- Capacidade do Refrigerador: 405 L<br>- Capacidade do Freezer: 196 L<br>- Classificação Energética: A<br>- Selo Procel: Sim<br>- LG ThinQ: Sim<br>- Smart Diagnosis: Sim<br>- Acabamento em Aço Escovado: Sim<br>- Prateleiras de Vidro Temperado: Sim<br>- Painel Touch: Sim<br>- Compressor Linear Inverter: Sim<br>- Conectividade: Sim, via Wi-fi<br>- Controle de temperatura: Sim<br>- Máquina de gelo: Sim<br>- Dimensões do Produto (LxAxP): 91,2 x 179 x 73,8 cm<br>- Dimensões da Embalagem (LxAxP): 97,2 x 189,1 x 77 cm<br>- Peso Líquido: 124Kg<br>- Peso Bruto: 124Kg<br>- Garantia: 12 Meses</p>","{""capacidade_liquida_total"":""601 L"",""marca"":""LG"",""voltagem"":""127 V""}",601 L,,LG,,,127 V,,,601 Litros,Inox,LG,Não informado,Não informado,127V,Não informado,601 Litros,Inox,LG,Aço Escovado,,110V,2 Portas,601L
uouu||15887926825,Refrigerador Portátil 18l Dreiha Cbx 12/24/110/240v,"REFRIGERADOR PORTÁTIL 18L - DREIHA CBX QUADRIVOLT 12/24/110/240v<br> <br> As geladeiras portáteis Dreiha CBX oferecem excelente desempenho de refrigeração – mesmo em ambiente com temperaturas extremas, e com consumo de energia econômico. Podem ser utilizadas para refrigerar ou rápido congelamento. Com consumo extremamente baixo e para operação com 12/24 volts ou 100-240 volts, as geladeiras portáteis Dreiha são versáteis e portáteis, disponíveis em vários tamanhos e projetos, adequados para uma ampla gama de veículos.<br> <br> Marca: SanzClima/Dreiha<br> SKU : SAN_7766700014_3<br> <br> - CBX18 - CAPACIDADE PARA 19 LATAS DE 330ML<br> - COM CAPACIDADE DE 18 LITROS<br> <br> Ao dirigir você simplesmente usa a conexão 12/24V do veículo. Estacionado, você pode conectar a rede 110-220V. Desta forma, os produtos podem continuar frescos e congelados sem preocupações.<br> <br> - Capacidade de refrigeração: de +20°C a -20°C<br> - Consumo de energia: 45W<br> - Tensão de entrada (CA): 100-240 V<br> - Tensão de entrada (DC): 12/24 V<br> - Dimensões externas: 58,5cm x 33,5cm x 29cm(altura)<br> - Peso: 12,8kg<br> - Ruído: 38dB<br> - Luz LED no interior para uso em locais escuros<br> - Alças de transporte ergonômicas<br> - Conexão USB (CBX18)<br> - Congelamento e ultracongelamento<br> - Cesta interna removível<br> - Proteção da bateria<br> - Design funcional<br> - Classe energética: A++<br> - Sem formação de gelo<br> <br> Entrega:<br> Trabalhamos com as melhores transportadoras para agilizar a entrega e os cuidados do produto.<br> <br> Embalagem:<br> Embalagem especial para não ocorrer danos ao produto no transporte.<br> <br> Importante:<br> Garantia de 12 meses;<br> A instalação deve ser feita por um profissional especializado.",{},,,,,,,,,18L,Não informado,Dreiha,Não informado,Não informado,12/24V ou 100-240V,Não informado,18 Litros,,,,,,,
lojasmm||5510,Geladeira Refrigerador Brastemp 500 Litros 2 Portas Frost Free,"O Refrigerador Brastemp BRM58AK da Brastemp é um modelo Frost Free que auxilia na limpeza já que o degelo é feito de forma automática. <br>Ele tem capacidade total para 500 litros, 2 portas, porta latas e porta ovos.<br><br><br>Características:<br>A geladeira possui as funções: Turbo Ice, que produz gelo mais rápido<br>Espaço Adapt: conta com prateleiras ajustáveis para armazenar alimentos de diferentes tamanhos<br>Tem o compartimento turbo control que possibilita aumentar a potência em um dos lados<br>Geladeira Brastemp Frost Free 500 litros<br><br><br>Dimensões:<br>Altura: 194 cm<br>Largura: 72.5 cm<br>Profundidade: 70.1 cm<br>Peso: 82 kg<br><br><br>Garantia do fornecedor de 12 meses.","{""capacidade_liquida_total"":""500 L"",""marca"":""Brastemp"",""material"":""Evox"",""quantidade_de_portas"":""2 Portas"",""tipo_de_degelo"":""Frost Free"",""voltagem"":""220 V""}",500 L,,Brastemp,Evox,Frost Free,220 V,2 Portas,,500 Litros,Não informado,Brastemp,Não informado,Frost Free,Não informado,2 Portas,500 litros,Inox,Brastemp,Evox,Frost Free,220V,2 Portas,500L
lojasim2||34,Refrigerador Consul Frost Free 441 Litros 2 Portas,"Além de espaço para armazenar tudo o que você precisa, a geladeira Consul Bem Estar vem com Filtro Bem Estar, que acaba com o cheiro ruim e odores fortes; compartimento extra frio, espaço perfeito para alimentos que precisam ficar mais gelados sem congelar e prateleiras de vidro removíveis. Sem contar que ela é frost free e possui o acabamento Evox, que traz 3 anos de garantia contra ferrugem e corrosão na porta.Para garantir o bom funcionamento, o filtro precisa ser trocado periodicamente.<br> <br> Dimensões<br> Altura: 187,1 cm<br> Largura: 71,1 cm<br> Profundidade: 73 cm<br> Peso: 76 Kg<br> <br> Garantia do fornecedor de 12 meses.","{""capacidade_liquida_total"":""441 L"",""cor"":""Inox"",""marca"":""Consul"",""quantidade_de_portas"":""2 Portas"",""tipo_de_degelo"":""Frost Free"",""voltagem"":""127 V""}",441 L,Inox,Consul,,Frost Free,127 V,2 Portas,,441 Litros,Não informado,Consul,Não informado,Frost Free,Não informado,2 Portas,Não informado,Inox,Consul,Aço,Frost Free,110V,2 Portas,441L
alcamar2||GLP-80113.09.2,Refrigerador Expositor Vertical 1468 Litros Preto 220V Gelopar GCVR-1450 LB,"Refrigerador Expositor Gelopar Vertical 1468 Litros Preto 220V GCVR-1450 LB <br> O Refrigerador Expositor foi projetado para conservação e exposição de bebidas, frios e laticínios. É ideal para mercados, padarias, lanchonetes, conveniências e demais estabelecimentos. <br> <br> Com refrigeração por ar forçado com evaporador aletado, esse Refrigerador proporciona uma distribuição uniforme de temperatura. Conta com faixa de temperatura de 0 a +7C, para você ajustar a temperatura de acordo com a necessidade dos seus produtos, mantendo-os sempre na condição ideal para consumo.<br> <br> Possui também prateleiras aramadas em 4 níveis reguláveis e inclináveis, permitindo que você ajuste o espaço conforme a necessidade dos produtos.<br> <br> Compre agora o Refrigerador Expositor e tenha garanta de qualidade, estilo e eficiência!<br> Informações Técnicas <br> Modelo: GCVR-1450<br> <br> Voltagem: 220V <br> <br> Consumo: 11,06kW/dia<br> <br> Capacidade Bruta: 1468 litros<br> <br> Refrigeração: Ar forçado com evaporador aletado<br> <br> Temperatura: 0 a +7C<br> <br> Degelo: Manual<br> <br> Controle de Temperatura: Termostato<br> <br> Iluminação LED (interna), com interruptor<br> <br> Porta: Vidro duplo temperado baixo emissivo<br> <br> Fechamento automático<br> <br> Prateleiras aramadas<br> <br> 4 níveis reguláveis e inclináveis<br> <br> Pés niveladores<br> <br> Perfil porta etiquetas<br> <br> Peso: 181 kg<br> Medidas <br> Altura: 196 cm <br> <br> Largura: 195 cm <br> <br> Comprimento: 68 cm <br>","{""capacidade_liquida_total"":""1468 L"",""cor"":""Preto"",""marca"":""Gelopar"",""voltagem"":""220 V""}",1468 L,Preto,Gelopar,,,220 V,,,Não informado,Preto,Gelopar,Não informado,Manual,220V,Não informado,1468 Litros,,,,,,,
magazineluiza||214846900,Geladeira/Refrigerador Continental Frost Free,"O refrigerador RFCT460 da Continental tem capacidade de 403 litros e é ideal para quem não dispensa sofisticação aliada à tecnologia. Conta com prateleira de vidro antiderramamento e compartimento Gela Rápido que permite resfriar alimentos e bebidas com mais rapidez, além de mantê-los conservados em uma temperatura mais baixa.Sua dupla gaveta para frutas e legumes desliza fácil, facilita na hora de pegar o produto. Além de todos os benefícios ela não agride o meio ambiente, o gás refrigerante desse produto é o gás R600A e o agente expansor é o ciclopentano, que não afetam a camada de ozônio e não contribui para o efeito estufa.","{""capacidade_liquida_total"":""403 L"",""cor"":""Branco"",""marca"":""Continental"",""quantidade_de_portas"":""2 Portas"",""tipo_de_degelo"":""Frost Free"",""voltagem"":""220 V""}",403 L,Branco,Continental,,Frost Free,220 V,2 Portas,,403 litros,Não informado,Continental,Não informado,Frost Free,Não informado,Não informado,403 litros,Branco,Continental,,Frost Free,220V,2 Portas,403L
moveislinhares||112795,Geladeira Midea 463 Litros MD-RT645 Frost Free Branco,"Geladeira Midea 463 Litros MD-RT645 Frost Free Branco<br><br>A MDRT645 da Midea tem o espaço que você procura com a economia que você precisa!<br><br>Possui sistema Actve Fresh que funciona como um desodorizador prático. A gaveta de legumes conta com controle de umidade e a função Cooler Zone será sua parceira na hora de gelar seu drink ou frios!<br><br>*Características informadas pelo fabricante da marca*<br><br>Informações Técnicas:<br>- Marca: Midea<br>- Modelo: MD-RT645MTA011 / MD-RT645MTA012<br>- Tamanho: 463 Litros (Refrigerador 356L / Freezer 107L)<br>- Voltagem: 127V ou 220V (NÃO É BIVOLT)<br>- Classificação energética: A+++ (30% menos energia)<br><br>Cor:<br>- Branco<br><br>Características:<br>- Tomada: 10A<br>- Frequência: 60Hz<br>- LED refrigerador<br>- Função: Super Cool<br>- Sistema Frost Free<br>- Possui desodorizador<br>- Gás refrigerante: R600A<br>- Painel de controle Touch<br>- Gaveta para legumes frutas<br>- Sistema desodorizador: Active - C Fresh<br>- Gaveta com controle de umidade independente<br>- Cooling Zone: Extra frio ideal para frios e bebidas mais geladas<br><br>Dimensões:<br>- Altura: 188cm<br>- Largura: 70cm<br>- Profundidade: 69,1cm<br><br>Garantia do Fornecedor: 12 meses no produto e 10 anos de garantia no compressor (Se conter vidro ou espelho danificado/quebrado, o prazo para solicitar a troca é de até 7 dias corridos após a data da entrega)<br><br><br>ATENÇÃO CLIENTE: SE LIGA NAS DICAS ;)<br><br>1. A conferência da adequação das dimensões do produto é de exclusiva responsabilidade do cliente, que deverá se assegurar de que estão de acordo com os limites espaciais dos elevadores, portas e corredores do local da entrega.<br><br>2. Não será realizada a montagem ou desmontagem do produto, transporte pela escada e/ou portas e janelas, ou içamento das mercadorias.<br><br>3. Não é autorizado o transportador entrar no domicílio onde será entregue o produto.<br><br>4. Não é autorizado o transportador realizar instalação ou manutenção de produtos.<br><br>5. Não é autorizado o transportador abrir a embalagem do produto.<br><br>6. Não é autorizado o transportador entregar o Produto para pessoa com menos de 18 anos e/ou sem documento de identificação.","{""capacidade_liquida_total"":""463 L"",""marca"":""Midea"",""tipo_de_degelo"":""Frost Free"",""voltagem"":""220 V""}",463 L,,Midea,,Frost Free,220 V,,,463 Litros,Branco,Midea,Não informado,Frost Free,127V ou 220V,Não informado,463 Litros,Branco,Midea,,Frost Free,220V,2 Portas,463L
angeloni2||3441125,Geladeira Consul Facilite Frost Free 1 Porta 342L CRB39A Branco,"<br> Geladeira Consul Facilite Frost Free 342L CRB39A Branco <br> <br> <br> <br> <br> <br> <br> <br> <br> <br> <br> Dê adeus à falta de espaço em sua geladeira! A Consul Facilite CRB39 é Frost Free, então o gelo nas paredes do congelador nunca mais vai ocupar o espaço que devia ser dos seus alimentos. Além disso, as prateleiras são deslizantes, removíveis e podem ter a altura regulada de acordo com as suas necessidades - arrume a sua geladeira do seu jeito! <br> <br> <br> <br> <br> <br> <br> <br> <br> <br> <br> <br> <br> <br> <br> <br> <br> <br> <br> <br> <br> <br> <br> <br> <br> <br> <br> <br> <br> <br> Mais Organização <br> <br> <br> <br> Esta geladeira tem muito espaço interno para você organizar os alimentos e ele ainda pode ser otimizado como você preferir, com prateleiras reguláveis, compartimento extra-frio para guardar frios e laticínios, cestão para frutas, bandejão para legumes e verduras e porta-latas. <br> <br> <br> <br> <br> <br> <br> <br> <br> <br> <br> <br> <br> <br> <br> <br> <br> <br> <br> <br> <br> <br> <br> <br> <br> <br> <br> <br> <p> <br> Congelador Espaçoso</p> <br> <br> <br> <br> O congelador com capacidade de 47 litros tem espaço para você guardar sorvetes, pratos prontos e tudo o que quiser. Além disso, graças ao sistema Frost Free, o gelo nas paredes não vai mais ocupar espaço nenhum lá dentro! <br> <br> <br> <br> <br> <br> <br> <br> <br> <br> <br> <br> <br> <br> <br> <br> <br> <br> <br> <br> <br> Controle de Temperatura Externo <br> <br> <br> <br> Sua conta de energia agradece a compra deste produto! Você não vai mais precisar abrir a porta da geladeira para alterar a temperatura dentro dela! Assim, não desperdiça energia nenhuma. <br> <br> <br> <br> <br> <br> <br> <br> <br> Confira as características da geladeira antes de realizar a compra em nosso site: <br> <br> <br> <br> <br> <br> <br> - Largura: 61.6cm<br> <br> - Altura: 170cm<br> <br> - Profundidade: 69.1cm<br> <br> - Peso: 53kg <br> <br> <br> <br> <br> <br> - Consumo: 36,6 kWh<br> <br> - Tipo de degelo: Frosrt Free<br> <br> - Recipiente para guardar gelo: Sim<br> <br> - Compartimento extra frio: Sim<br> <br> - Gavetas: 1 gaveta<br> <br> - Porta ovos: Sim<br> <br> - Porta latas: Sim<br> <br> - Pés niveladores: Sim<br> <br> - Porta reversível: Sim<br> <br> - Controle de temperatura: Sim<br> <br> - Número de portas: 1<br> <br> - Painel de Controle: Externo<br> <br> - Formato: 1 porta <br> <br> <br> <br> <br> <br> <br> <br> <br> <br> <br> <br> <br> <br> <br>","{""capacidade_liquida_total"":""342 L"",""cor"":""Branco"",""marca"":""Consul"",""quantidade_de_portas"":""1 Porta"",""tipo_de_degelo"":""Frost Free"",""voltagem"":""Bivolt""}",342 L,Branco,Consul,,Frost Free,Bivolt,1 Porta,,342L,Branco,Consul,Não informado,Frost Free,Não informado,1,342L,Branco,Consul,,Frost Free,110V,1 Porta,342L
gazinshop||6778,Refrigerador 397 Litros Consul 2 Portas Frost Free Inverse Cre44abana,"Geladeira Consul Frost Free Duplex 397 Litros Branca Com Freezer Embaixo<br> Cor Principal (visao Frontal): Branco<br> Capacidade Total Liquida (l): 397<br> Tipo de Degelo: Frost Free<br> Numero de Portas:2<br> Metodo de Preparo: 1<br> Posiçao do Freezer: Embaixo<br> Painel de Controle: Externo<br> Diferencias do Produto: Com uma geladeira com freezer embaixo, os alimentos do dia-a-dia ficam na altura ideal para voce encontrar tudo em um piscar de olhos. facilita na organizaçao e na limpeza, alem de ser mais pratica para pegar os produtos;<br> Controla facilmente a temperatura do refrigerador e do freezer de maneira independente sem precisar abrir a porta;<br> A funçao turbo freezer te ajuda a congelar os alimentos mais rapido. para acionar a funçao, basta acionar o controle externo.<br> Especificaçoes de Controle e Segurança:<br> Painel de Controle: Externo<br> Tipo de Display: LED<br> Tipo de Controle do Painel: Eletronico<br> Controle de Temperatura no Refrigerador: Sim<br> Numero de Niveis de Temperatura do Refrigerador: 5<br> Funçao Trava Painel: Nao<br> Controle de Temperatura no Freezer: Sim<br> Aviso de Porta Aberta: Nao<br> Numero de Niveis de Temperatura do Freezer: 5<br> Aviso Troca Filtro: Nao<br> Aviso de Falhas no Sistema : Nao<br> Porta-ovos : Sim<br> Numero de Porta-ovos: 2<br> Separador de Garrafas: Sim<br> Porta-ovos Removivel: Sim<br> Quantidade de Ovos no Porta-ovos: 6<br> Porta Garrafas: Sim<br> Compartimento Extra Frio: Sim<br> <br> Dimensoes:<br> Altura: 184.7 cm<br> Largura: 62.1 cm<br> Profundidade: 71.3 cm<br> Peso: 69.7 kg<br> <br> Garantia do fornecedor de 3 Meses.<br> <br> Atençao:<br> Nao nos responsabilizamos, no ato da entrega, por desmontagens, subir escadas e elevadores ou transporte por guincho para apartamentos. Eventuais despesas sao de responsabilidade do cliente. Confira as dimensoes deste produto e certifique-se de que passara normalmente por supostos elevadores, portas, escadas ou corredores de sua moradia.<br> Recomendamos que os produtos sejam instalados por profissionais especializados e nao nos responsabilizamos pelo mau uso ou instalaçao indevida, causando a perda da garantia.<br> Todas as informaçoes divulgadas sao de responsabilidade do fabricante e fornecedor.<br> Valor unitario.<br> Imagem meramente ilustrativa.<br> Prazo de troca e devoluçao: 7 dias a partir do recebimento do produto - Lei numero 8.078.<br> Sempre confira o produto no ato da entrega.","{""capacidade_liquida_total"":""397 L"",""cor"":""Branco"",""marca"":""Consul"",""quantidade_de_portas"":""2 Portas"",""tipo_de_degelo"":""Frost Free"",""voltagem"":""220 V""}",397 L,Branco,Consul,,Frost Free,220 V,2 Portas,,397,Branca,Consul,Não informado,Frost Free,Não informado,2,397 Litros,Branco,Consul,Aço,Frost Free,220V,2 Portas,397L
magazineluiza||010065400,Refrigerador Inox Duplex Frost Free 319 litros,,"{""capacidade_liquida_total"":""319 L"",""cor"":""Inox"",""marca"":""Brastemp"",""tipo_de_degelo"":""Frost Free"",""voltagem"":""127 V""}",319 L,Inox,Brastemp,,Frost Free,127 V,,,319 litros,Inox,Não informado,Não informado,Frost Free,Não informado,Duplex,Não informado,Inox,Brastemp,Aço,Frost Free,110V,2 Portas,319L
magazineluiza||235240700,Geladeira/Refrigerador Brastemp Frost Free Duplex 462L BRM56,"Manter a temperatura fria, porém sem congelar para não estragar os alimentos mais sensíveis não é uma tarefa fácil. A Geladeira Refrigerador BRM56 da Brastemp tem 462 litros de capacidade total, separados em 353 litros para o refrigerador e outros 109 litros do freezer. Do tipo Frost Free e 2 portas, é feita em aço, na cor Inox e proteção Evox, protegendo sua geladeira da ferrugem e corrosão. Possui tecnologia de refrigeração Turbo Control, um compartimento extrafrio bipartido, com função turbo que permite aumentar a potência em um dos lados para gelar bebidas e sobremesas ainda mais rápido, que faz toda a diferença! Além de Twist Ice Advanced, um exclusivo sistema que permite abastecer as formas de gelo de um jeito inteligente, Espaço Adapt para múltiplas combinações em suas prateleiras, além do Turbo Ice. Possui compartimento especial com espaço para armazenar latas ou long necks, podendo ser encaixado tanto no freezer como no refrigerador. Aproveite de muita tecnologia com painel eletrônico externo com display touch screen em seus diferentes modos e funções. É um eletrodoméstico com muito espaço interno, praticidade e qualidade para você e sua família!","{""cor"":""Prata"",""marca"":""Brastemp"",""material"":""Evox"",""quantidade_de_portas"":""2 Portas"",""tipo_de_degelo"":""Frost Free"",""voltagem"":""220 V""}",,Prata,Brastemp,Evox,Frost Free,220 V,2 Portas,,462L,Inox,Brastemp,Aço,Frost Free,Não informado,2,462 litros,Prata,Brastemp,Aço,Frost Free,220V,2 Portas,353L
gazinshop||5185,Geladeira/Refrigerador Brastemp Frost Free 2 Portas 375 Litros BRM44HK,"A Geladeira Brastemp Frost Free Duplex BRM44 375 litros conta com design sofisticado e grande capacidade para armazenar os alimentos. Vem com Painel Eletrônico, compartimento Latas e Long Necks e compartimento Extra frio. Tem design sofisticado e grande capacidade para armazenar os alimentos. Com o compartimento Latas e Long Necks se encaixa perfeitamente no freezer ou na geladeira e possibilita gelar as bebidas de forma eficaz. Já o compartimento extra frio, gele as bebidas mais rápido e conserve melhor frios e laticínios. Tem também o compartimento Temperos, para guardar e deixar eles sempre à mão. E o espaço Acesso Rápido para armazenar os itens que você mais usa.","{""capacidade_liquida_total"":""375 L"",""marca"":""Brastemp"",""material"":""Evox"",""quantidade_de_portas"":""2 Portas"",""tipo_de_degelo"":""Frost Free"",""voltagem"":""220 V""}",375 L,,Brastemp,Evox,Frost Free,220 V,2 Portas,,375 Litros,Não informado,Brastemp,Não informado,Frost Free,Não informado,2 Portas,375 Litros,Prata,Brastemp,Evox,Frost Free,220V,2 Portas,375L
tabaratotolevando||302,Refrigerador Consul Duplex 334 Litros Cycle Defrost CRD37,"A Geladeira/Refrigerador CRD37 EBBNA da Consul conta com mais espaço interno para você guardar seus alimentos, além de freezer com 76 litros de capacidade. Possui controle eletrônico de temperatura, gerando mais economia de energia, o amplo freezer e a prateleira na porta facilita a organização dos seus alimentos congelados. Conta com gavetão de legumes onde você irá organizar e visualizar melhor os alimentos. Tem grande economia de energia e possui classificação A, o que garante seu baixo consumo de energia. As prateleiras são removíveis e reguláveis com muito mais facilidade na hora de limpar! Essa geladeira possui 334 litros de capacidade total, tem tecnologia Cycle Defrost, para que você precise descongelar a geladeira apenas 2 vezes ao ano. Ela possui também 15 níveis de altura, para ajustar as prateleiras e ter o melhor aproveitamento do espaço interno e o compartimento Gelo Extra, que permite armazenar mais gelo no freezer. Além disso conta com 2 portas, uma para o congelador e outra para a geladeira facilitando assim o seu dia a dia.","{""capacidade_liquida_total"":""334 L"",""cor"":""Branco"",""marca"":""Consul"",""quantidade_de_portas"":""2 Portas"",""tipo_de_degelo"":""Cycle Defrost"",""voltagem"":""220 V""}",334 L,Branco,Consul,,Cycle Defrost,220 V,2 Portas,,334 Litros,Não informado,Consul,Não informado,Cycle Defrost,Não informado,2 portas,334 Litros,Branco,Consul,,Cycle Defrost,220V,2 Portas,334L
oliststore||MGLLBVUE919FRDO1,Geladeira Tf39s - 02299fba130 - Pnc: 924262533-00,"A Porta Inox Freezer A12977701 Tf39S Electrolux é uma peça de reposição genuína para os modelos de freezer Tf39s. Feita em aço inoxidável de alta qualidade, essa porta garante durabilidade e resistência para o seu freezer. Compatível com os modelos Tf39s, a Porta Inox Freezer A12977701 Tf39S Electrolux possui o encaixe perfeito e é fácil de instalar. Substitua sua porta antiga por essa peça e tenha a certeza de que seu freezer estará em perfeito estado. Invista na qualidade e confiabilidade da marca Electrolux. Adquira agora a Porta Inox Freezer A12977701 Tf39S Electrolux e desfrute de um freezer funcionando perfeitamente.","{""cor"":""Cinza"",""marca"":""Electrolux""}",,Cinza,Electrolux,,,,,,Não informado,Não informado,Electrolux,Aço Inoxidável,Não informado,Não informado,Não informado,Não informado,Cinza,Electrolux,Inox,,,,
tabaratotolevando||5790,GeladeiraRefrigerador 375 L Brastemp Frost Free BRM45HK,Geladeira/Refrigerador 375 L Brastemp Frost Free BRM45HK<br><br><br>Características:<br>Capacidade Total (L) 375<br>Dispenser de água: Não<br>Prateleiras removíveis: Sim<br>Capacidade Freezer (L): 86<br>Tipo de Degelo: Frost Free<br>Recipiente para guardar gelo: Sim<br>Compartimento extra frio: Sim<br>Capacidade Geladeira (L) 288<br>Porta ovos: Sim<br>Porta latas: Sim<br>Alarme de porta aberta: Não<br>Pés niveladores: Sim<br>Marca: Brastemp<br>Porta reversível: Não<br>Display Touch Screen<br>Controle de temperatura: Sim<br>Mostrador frontal de temperatura: Sim<br>No de Portas 2<br>Painel de Controle: Externo<br>Formato: Duplex<br><br><br>Especificações Técnicas:<br>Consumo 127V - 54 kWh | 220V - 54 kWh<br><br><br>Dimensões:<br>Altura: 176 cm<br>Largura: 62.1 cm<br>Profundidade: 75.5 cm<br>Peso: 58 kg<br><br><br>Garantia do Fornecedor de 12 Meses,"{""capacidade_liquida_total"":""375 L"",""cor"":""Inox"",""marca"":""Brastemp"",""quantidade_de_portas"":""2 Portas"",""tipo_de_degelo"":""Frost Free"",""voltagem"":""220 V""}",375 L,Inox,Brastemp,,Frost Free,220 V,2 Portas,,375 L,Não informado,Brastemp,Não informado,Frost Free,127V - 220V,2,375 L,Inox,Brastemp,Aço,Frost Free,220V,2 Portas,375L
multiloja||2417,Geladeira Refrigerador 2 Portas Frost Free Electrolux DFN42 370 Litros Classe A,"O Refrigerador DFN42 da Electroluz traz modernidade e praticidade para sua cozinha.<br>O Refrigerador DFN42 Frost Free possui 370 litros de capacidade total, descongelamento automático, painel Blue Touch, Prateleira retrátil, prateleira removível, turbo congelamento, congelando os alimentos e bebidas de maneira rápida, contem cesta de ovos removível para 12 unidades e formas de gelo suspensa.<br><br> <br><br>Características:<br>Turbo Congelamento: bebidas geladas rapidamente<br>Com a geladeira Electrolux DFN42 é muito simples. Para guardar as cervejas e bebidas que os amigos trouxeram é só usar o compartimento de Turbo Congelamento: elas vão ficar geladas super-rápido e com lugar exclusivo no freezer.<br>Prateleira retrátil no freezer para deixar tudo em ordem<br>E, para acomodar as compras do mês sem aperto, basta mudar a posição da prateleira. Retrátil, ela pode ser retraída pela metade ou abaixada, caso você precise guardar muita comida.<br>Dá para ajustá-la em três posições diferentes.<br>Ajustáveis e fáceis de limpar: O Freezer da sua geladeira duplex ainda conta com duas prateleiras na contraporta, ideais para congelar as refeições que você preparou para comer ao longo da semana.<br>Dá para removê-las com facilidade na hora da limpeza.<br>Painel Blue Touch fácil programar: Facilidade na hora de programar sua geladeira, acionando o botão de controle é possível ajustar o nível da temperatura do compartimento do freezer e ativar a função turbo.<br><br> <br><br><br>Especificações técnicas:<br>Frost Free: SIM.- Frost Free.<br>Tipo do refrigerador: 2 Portas.<br>Controle de temperatura: Painel Eletrônico Externo.<br>Degelo: Automático.<br>Compartimento extra frio: SIM.- Turbo congelamento.<br>Prateleiras: 4 Prateleiras.<br>Compartimentos: 01 compartimento de Congelamento Rápido. 01 Compartimento Extra Frio.<br>Porta-ovos:SIM.- Para 12 unidades.<br>Separador de garrafas: SIM.<br>Fôrma de gelo: SIM.- 2 formas de gelo suspensas.<br>Display externo: SIM.- Eletrônico Blue Touch.<br>Alarme sonoro porta aberta: SIM.<br>Classificação energética: A.<br>Potência: 60Hz.<br>Capacidade liquida total: 370L.<br><br><br>Dimensões:<br>Altura: 180 cm<br>Largura: 60 cm<br>Profundidade: 74 cm<br>Peso: 60 kg<br><br><br>Garantia do fornecedor de 12 meses.","{""capacidade_liquida_total"":""370 L"",""marca"":""Electrolux"",""quantidade_de_portas"":""2 Portas"",""tipo_de_degelo"":""Frost Free"",""voltagem"":""220 V""}",370 L,,Electrolux,,Frost Free,220 V,2 Portas,,370L,Não informado,Electrolux,Não informado,Frost Free,60Hz,2 Portas,370 Litros,Branco,Electrolux,Aço,Frost Free,220V,2 Portas,370L
magazineluiza||010049601,Geladeira/Refrigerador Consul Frost Free Duplex,"Este refrigerador duplex frost free conta com prateleiras de vidro que são muito mais bonitas, resistentes e fáceis de limpar, porta latas para até 8 unidades, compartimento extra frio ideal para armazenar frios, iogurtes e até latinhas, compartimento de congelamento rápido, gaveta de legumes que mantém a temperatura e a umidade mais adequadas para o armazenamento de frutas e hortaliças, capacidade total para até 345 litros, e classificação A que garante baixo consumo de energia.","{""capacidade_liquida_total"":""345 L"",""cor"":""Branco"",""marca"":""Consul"",""quantidade_de_portas"":""2 Portas"",""tipo_de_degelo"":""Frost Free"",""voltagem"":""220 V""}",345 L,Branco,Consul,,Frost Free,220 V,2 Portas,,345 litros,Não informado,Consul,Não informado,Frost Free,Não informado,Duplex,Não informado,Branco,Consul,,Frost Free,220V,2 Portas,345L
magazineluiza||010016501,Geladeira/Refrigerador Bosch Frost Free Duplex,,"{""marca"":""Bosch"",""tipo_de_degelo"":""Frost Free""}",,,Bosch,,Frost Free,,,,Não informado,Não informado,Bosch,Não informado,Frost Free,Não informado,Duplex,Não informado,Branco,Bosch,,Frost Free,110V,2 Portas,445L
eletrofacil||BRE57AKANA,Geladeira Brastemp Frost Free Inverse 443 Litros Inox 110V BRE57AKANA,"<p><strong>Geladeira Brastemp Inverse Frost Free BRE57AKANA 443 litros Evox</strong></p><p>Possui refrigerador em cima e freezer embaixo, deixando os alimentos mais utilizados sempre à mão.</p><p>Com a função <strong>Turbo Ice</strong>, tenha gelo mais rápido sempre que precisar e saiba quando está pronto.</p><p>O <strong>Twist Ice Advanced</strong> permite abastecer as formas de gelo e desenformá-lo facilmente, e com o <strong>Espaço Adapt</strong> você conta com prateleiras ajustáveis para armazenar itens de diversos tamanhos!</p><p>Conta ainda com compartimento especial para gelar rápido suas bebidas sendo elas, latas ou Long Necks. Ele pode ser encaixado tanto no freezer como no refrigerador para gelar a cerveja ou o refrigerante, com um espaço para 03 garrafas Long Neck ou 06 latas!</p><p>O refrigerador possui iluminação em LED, <strong>Cooling Control</strong>, prateleiras em vidro extra e prateleiras de vidro com suporte, tampa gaveta de frutas, gaveta de legumes, separador Acesso Rápido, prateleiras e compartimentos para temperos, prateleira e separador para garrafas!</p><p>Já o freezer com abastecedor (sistema inteligente de fazer gelo), forma com extrator e gaveta para gelo, compartimento <strong>Turbo Freezer</strong>, cesto superior e inferior, separador/organizador de prateleiras, rodapé e para melhor nivelamento do produto, possui pés estabilizadores.</p><p>Com <strong>tecnologia</strong> <strong>Evox</strong> que protege sua geladeira da ferrugem e corrosão com uma camada de zinco e uma película impermeabilizante aplicadas sobre o aço! Leve o melhor da Brastemp para sua casa!</p> <p><strong>Informações Técnicas</strong></p><p>Marca: Brastemp<br>Referência: BRE57AKANA<br>Modelo: BRE57 AKANA<br>Tipo de degelo: Frost free<br>Material:<br>- Prateleiras, cestos e gavetas do refrigerador: Cristal cinza com moldura em plástico branco<br>- Prateleiras, cestos e gavetas do freezer: Cristal cinza com moldura em plástico branco<br>Porta: Evox<br>Gabinete (externo): Pintado cinza<br>Puxadores: Injetado na cor com acabamento metálico<br>Tipo do puxador: Embutido.<br>Tipo de porta: Inverse<br>Quantidade de portas: 2<br>Cor: Evox<br>Capacidade líquida total: 443l<br>Capacidade líquida do refrigerador: 308 l<br>Capacidade líquida do freezer: 135 l<br>Potência: 118 W<br>Painel: Sim. Externo<br>Prateleiras:<br>- Refrigerador: 03 prateleiras<br>- Freezer: 02 prateleiras e 01 separador.<br>- Cestos: 02 (freezer).<br>Gavetas:<br>Tipo: Legumes, latas e Long Necks.</p><p><strong>Recursos Extras</strong></p><p>Porta-latas: sim<br>Porta ovos: sim<br>Alarme: sim, Aviso de porta aberta.<br>Temperatura: 05 níveis.<br>Iluminação interna: sim<br>Rodízios: sim<br>Eficiência energética: Classe A<br>Tensão: 110 Volts<br>Consumo mensal aproximado de energia: 66 W<br>Pés ajustáveis: Sim<br>Plugue e tomada: 10 A<br>Nível de ruído: 41 dBA<br>Tipo de controle do painel: Touch, Eletrônico<br>Peso aproximado<br>- Peso do produto: 85 kg<br>- Peso do produto com embalagem: 87 kg<br>Dimensões do produto<br>- Largura: 72.5 cm<br>- Altura: 184 cm<br>- Profundidade: 70 cm<br>Dimensões do produto com embalagem<br>- Largura: 77 cm<br>- Altura: 189 cm<br>- Profundidade: 79 cm<br>Garantia: 01 ano (3 meses de garantia legal e mais 9 meses de garantia especial concedida pelo fabricante).<br>Conteúdo da embalagem:<br>- 01 Refrigerador.</p>","{""capacidade_liquida_total"":""443 L"",""cor"":""Inox"",""marca"":""Brastemp"",""tipo_de_degelo"":""Frost Free"",""voltagem"":""127 V""}",443 L,Inox,Brastemp,,Frost Free,127 V,,,443l,Evox,Brastemp,Não informado,Frost free,110 Volts,2,443 Litros,Inox,Brastemp,Evox,Frost Free,110V,2 Portas,443L
magazineluiza||010010001,Refrigerador 252 Litros Continental,,"{""capacidade_liquida_total"":""252 L"",""marca"":""Continental"",""voltagem"":""220 V""}",252 L,,Continental,,,220 V,,,252 Litros,Não informado,Continental,Não informado,Não informado,Não informado,Não informado,Não informado,,Continental,,Cycle Defrost,220V,1 Porta,252L
homepoint||SG5895,Refrigerador Philco PRF533I Eco Inverter Side By Side 437 Litros,"PRINCIPAIS CARACTERÍSTICAS:<br>O Refrigerador Philco PRF533I Eco Inverter Side By Side 437L possui design “Side By Side”, onde refrigerador e freezer estão lado a lado para garantir maior aproveitamento do espaço vertical, assim, aumentando a eficiência em conjunto da tecnologia Smart Cooling, que distribui de maneira uniforme a temperatura por todo refrigerador e freezer, sem ter o acúmulo de gelo garantindo melhor higiene e conservação dos alimentos. Sem falar no compressor Inverter, que não gera picos de funcionamento e ajuda na economia de energia. As temperaturas são facilmente configuradas a partir do painel digital. Cujo display, possui diversas funções e configurações para você alterar as preferências tanto do freezer quanto do refrigerador. Garantindo que o Refrigerador sempre atenderá suas necessidades quando precisar. Além de tornar sua cozinha muito mais atraente e completa!<br><br>ESPECIFICAÇÕES DO PRODUTO:<br>• Voltagem: 220v<br>• Capacidade de 437L (292L no refrigerador e 145L no freezer)<br>• Classificação ""A"" em eficiência energética<br>• Sistema de refrigeração Frost Free<br>• Side by side (freezer na porta esquerda e refrigerador na porta direita)<br>• Painel touch <br>• Controle de temperatura do freezer e refrigerador de forma independente<br>• Freezer com temperaturas de -14°C a -22°C<br>• Refrigerador com temperaturas de 2 a 8°C<br>• Funções Smart, Eco, turbo freezer e turbo refrigerador<br>• Alarme de porta aberta<br>• Iluminação interna LED<br>• Porta em aço com tratamento anti-corrosão<br>• Prateleiras em vidro temperado<br>• Divisão do refrigerador: 4 prateleiras, 2 gavetas e 3 prateleiras de porta<br>• Divisão do freezer: 4 prateleiras, 2 gavetas e 4 prateleiras de porta<br>• Compressor inverter<br>• Garantia de 12 meses contra defeito de fabricação<br><br>IMAGENS MERAMENTE ILUSTRATIVAS","{""capacidade_liquida_total"":""437 L"",""marca"":""Philco"",""tipo_de_degelo"":""Frost Free"",""voltagem"":""220 V""}",437 L,,Philco,,Frost Free,220 V,,,437 Litros,Não informado,Philco,Aço,Frost Free,220v,Não informado,437L,Inox,Philco,Aço,Frost Free,220V,2 Portas,437L
magazineluiza||013016700,Geladeira/Refrigerador Electrolux Frost Free,"Conheça o Refrigerador da Electrolux TF55S Top Freezer Frost Free, com 2 portas, Platinium e com capacidade de 431L. Com ele, você garante a conserva de seus alimentos numa temperatura ideal para ter suas refeições frescas e saborosas. Ele ainda acompanha um espaço Hortinatura onde suas verduras, frutas e legumes estarão mais protegidos, sem falar no compartimento Icemax que produz gelo com um exclusivo sistema sem respingos, sem mistura de odores e fácil remoção.","{""capacidade_liquida_total"":""431 L"",""cor"":""Inox"",""marca"":""Electrolux"",""quantidade_de_portas"":""2 Portas"",""tipo_de_degelo"":""Frost Free"",""voltagem"":""127 V""}",431 L,Inox,Electrolux,,Frost Free,127 V,2 Portas,,431L,Platinium,Electrolux,Não informado,Frost Free,Não informado,2,Não informado,Inox,Electrolux,VCM,Frost Free,110V,2 Portas,431L
magazineluiza||013084100,Frigobar Philco 76L Branco PFG95B,"Com certeza um frigobar é uma excelente opção para quem tem pouco espaço e precisa manter bebidas bem geladas e conservar alimentos. Pois além de compactos eles são super eficientes, sem contar que seu desempenho é similar ou igual ao de um refrigerador. Contudo, com a vantagem de um eletrodoméstico totalmente adaptável a ambientes. Pois ele não precisa ficar especificamente em uma cozinha. E tem mais, ele é muito utilizado em estabelecimentos de hospedagem, garantindo maior conforto e flexibilidade para os hóspedes. E claro que sabendo de tudo isso a Philco trouxe o Frigobar PFG95B, disponível na cor branco ele tem capacidade total de 76 litros e possui refrigeração por compressor. E sabe o que eu achei bem legal? Além de super versátil ele ainda possui baixo consumo de energia.","{""capacidade_liquida_total"":""425 L"",""marca"":""Panasonic"",""tipo_de_degelo"":""Frost Free"",""voltagem"":""127 V""}",425 L,,Panasonic,,Frost Free,127 V,,,76 litros,Branco,Philco,Não informado,compressor,Não informado,Não informado,76L,,Philco,,,,,
engageeletro||7723,Geladeira Brastemp Frost Free Duplex BRM45HK 375L Inox 110V,"CARACTERÍSTICAS<br> Características<br> Tipo: 02 Portas<br> Quantidade de Portas: 02<br> Frost Free<br> Painel Eletrônico<br> Prateleiras: 03<br> Porta Garrafas<br> Controle Automático de Temperatura<br> Gavetas: 01 Especificações Técnicas<br> Modelo: BRM45HK<br> Cor: Evox<br> Capacidade Total: 375 Litros<br> Capacidade de Armazenamento do Freezer: 86,5 Litros<br> Capacidade de Armazenamento do Refrigerador: 288,5 Litros<br> Consumo de Energia: 54 kWh<br> Voltagem: 110V/127V<br> EAN: 7891129252769 (110V)<br> Garantia: 12 meses Dimensões e Peso<br> Dimensões do produto sem embalagem (AxLxP): 1760x621x755 mm<br> Dimensões do produto com embalagem (AxLxP): 1800X652X747 mm<br> Peso do produto sem embalagem: 58 Kg<br> Peso do produto com embalagem: 59 Kg Itens Inclusos<br> 01 Refrigerador","{""capacidade_liquida_total"":""375 L"",""cor"":""Inox"",""marca"":""Brastemp"",""quantidade_de_portas"":""2 Portas"",""tipo_de_degelo"":""Frost Free"",""voltagem"":""127 V""}",375 L,Inox,Brastemp,,Frost Free,127 V,2 Portas,,375 Litros,Inox,Brastemp,Não informado,Frost Free,110V,2,Não informado,Inox,Brastemp,Evox,Frost Free,110V,2 Portas,375L
angeloni2||4363373,Geladeira Consul Frost Free Evox 397L CRE44AK,"Geladeira Consul Frost Free Evox 397L CRE44AK <br> A Geladeira Consul Frost Free 397 litros com freezer embaixo deixa os alimentos do dia-a-dia na altura ideal para você encontrar tudo num piscar de olhos . Vem com um painel externo para controlar a temperatura do refrigerador e do freezer de maneira independente e a função Turbo Freezer te ajuda a congelar ainda mais rápido os alimentos.O gavetão agora está à altura das suas mãos no refrigerador, facilitando a organização e limpeza. Além de manter as frutas, verduras e legumes fresquinhos . Sem falar da Tecnologia Evox protege sua geladeira da ferrugem e corrosão com uma camada de zinco e uma película impermeabilizante aplicadas sobre o aço. Tecnologia Evox com 3 anos de garantia contra ferrugem e corrosão na porta da sua geladeira.<br>","{""capacidade_liquida_total"":""397 L"",""marca"":""Consul"",""material"":""Evox"",""tipo_de_degelo"":""Frost Free""}",397 L,,Consul,Evox,Frost Free,,,,397L,Não informado,Consul,Não informado,Frost Free,Não informado,Não informado,397 litros,Inox,Consul,Evox,Frost Free,220V,2 Portas,397L
lojasdular||2160,Geladeira Refrigerador RCD38 306 Litros 2 Portas Esmaltec,"De design clássico, com puxador externo acoplado, Esmaltec traz o Refrigerador que sua cozinha precisava. Nota A em classificação energética, traz prateleiras internas, na porta e também cesto porta-ovos removíveis. Com mais comodidade em sua casa, você tem mais tempo livre pro que gosta e só se preocupa com as coisas realmente importantes.<br> <br> Características:<br> Marca: Esmaltec<br> Modelo: RCD38<br> Espaço do Congelador: 69L<br> Espaço do Refrigerador: 237L <br> Valor total: 306L<br> Refrigerador com duas portas. Facilidade na distribuição interna.<br> Congelador de 69 litros <br> Alimentos congelados a -18°C .<br> Gavetão duplo de legumes e frutas em PS cristal fumê <br> Mais capacidade e disponibilidade de armazenamento.<br> Prateleiras na porta em PS cristal fumê <br> Beleza e design aliados à praticidade de limpeza.<br> Iluminação na lateral do refrigerador <br> Boa visibilidade interna.<br> Gaxeta Push in <br> Não há necessidade da troca da porta.<br> Classificação A em eficiência energética <br> Mais economia no consumo de energia.<br> Prateleiras internas <br> Removíveis e reguláveis.<br> Puxadores ergonômicos <br> Produto mais atraente e de fácil manuseio.<br> Pés elevados com niveladores <br> Mais facilidade na limpeza.<br> Potência Elétrica: 126 w<br> Gás: R134a<br> Classificação: A<br> Consumo de Enetro: 41 kWh<br> <br> Dimensões:<br> Altura: 173 cm<br> Largura: 61,1 cm<br> Profundidade: 69,5 cm<br> Peso: 49,22 kg<br> <br> Garantia do fornecedor: 12 meses","{""capacidade_liquida_total"":""306 L"",""cor"":""Branco"",""marca"":""Esmaltec"",""quantidade_de_portas"":""2 Portas"",""voltagem"":""127 V""}",306 L,Branco,Esmaltec,,,127 V,2 Portas,,306 Litros,Não informado,Esmaltec,Não informado,Não informado,Não informado,2 Portas,306 Litros,Branco,Esmaltec,,,110V,2 Portas,306L
magazineluiza||010029201,Refrigerador Duplex Cycle Defrost 359 litros,,"{""marca"":""Electrolux"",""tipo_de_degelo"":""Cycle Defrost"",""voltagem"":""220 V""}",,,Electrolux,,Cycle Defrost,220 V,,,359 litros,Não informado,Não informado,Não informado,Cycle Defrost,Não informado,Não informado,Não informado,Branco,Electrolux,,Cycle Defrost,220V,2 Portas,359L
lojasim2||2467,Refrigerador Electrolux DFX41 Inox,"Ideal para sua cozinha, o Refrigerador DFX41 da Electrolux, oferece praticidade e tecnologia para o seu dia a dia.<br> Com capacidade total de 371 litros, sendo 280 litros para o refrigerador e 91 litros para o freezer, esse refrigerador de duas portas conta sistema de degelo Frost Free, que elimina o trabalho de desligar a geladeira para o descongelamento manual, poupando seu tempo e trazendo mais praticidade.<br> Você pode controlar a temperatura através do display eletrônico de fácil acesso localizado na parte exterior da porta, que ainda inclui a função Drink Express e Turbo Freezer, para resfriar suas bebidas e alimentos mais rápido e mantê-los congelados por mais tempo.<br> Com espaço de sobra para se adaptar às suas necessidades, ele oferece compartimentos personalizados, como prateleira porta latas reversível, cesta porta ovos para 12 unidades, formas de gelo suspensas que ocupam menos espaço, um gavetão transparente para visualizar e organizar frutas e legumes com mais facilidade, além do espaço Extra Frio, um compartimento que conserva melhor os alimentos que precisam de mais refrigeração.<br> Produzido com design sofisticado, é versátil e moderno, combinando bem com outros eletrodomésticos. Inclui também pés niveladores e rodízios traseiros que descomplicam o transporte. Tudo isso para facilitar sua vida.<br> <br> Especificações técnicas: <br> Marca: Electrolux<br> Modelo: DFX41<br> Código de Barras EAN: 7896584071962<br> Capacidade: - Total: 371 litros | - Refrigerador: 280 litros | - Freezer: 91 litros<br> Energia: - Consumo aproximado: 54,3 Kwh/mês | - Classificação: A<br> Portas: Quantidade: 02<br> Prateleiras: Quantidade: 08<br> Tecnologia de degelo: Frost Free<br> Componentes: - Alarme de porta aberta | - Cesta porta ovos | - Compartimento para congelamento rápido | - Compartimento extra frio | - Degelo automático (frost free) | - Iluminação interna | - Prateleiras na porta | - Prateleiras removíveis | - Função Drink Express | - Função Turbo Freezer | - Rodízios<br> Conteúdo da embalagem: - 01 Refrigerador Electrolux DFX41 Inox 371 Litros 127V | - 01 Manual de instruções<br> <br> Dimensões:<br> Altura: 173 cm<br> Largura: 60 cm<br> Profundidade: 68,1 cm<br> Peso: 58 kg<br> <br> Garantia do fornecedor: 12 meses<br> <br> Atenção: <br> A coloração das imagens do produto pode ter diferentes tonalidades dependendo do seu monitor.<br> Ao receber o produto verifique as seguintes informações:<br> Confira a quantidade de caixas e volumes;<br> Consulte se o nome do comprador consta em todas as etiquetas;<br> Verifique se as caixas não apresentam sinais de avarias ou violação;<br> Sempre confira seu produto no ato da entrega.<br> NÃO nos responsabilizamos pela montagem do produto.<br> Caso resida em apartamento, verificar se todos os volumes possuem tamanhos adequados ao elevador,<br> Caso contrário é necessário solicitar ajuda para entrega de seu produto até seu apartamento.","{""capacidade_liquida_total"":""371 L"",""marca"":""Electrolux"",""tipo_de_degelo"":""Frost Free"",""voltagem"":""127 V""}",371 L,,Electrolux,,Frost Free,127 V,,,371 litros,Inox,Electrolux,Não informado,Frost Free,127V,2,371 litros,Cinza,Electrolux,Aço,Frost Free,110V,2 Portas,371L
solarmagazineoficial||306,Geladeira Continental Frost Free 370 Litros Branca - TC41,"﻿Na Solar dá pra levar Geladeira Continental Frost Free 370 Litros Branca - TC41A Geladeira Frost Free Duplex Branca 370 Litros TC41 - Continental tem amplo espaço interno, com um super freezer de 91 litros de capacidade. Ideal para armazenar todas as suas compras e os mais diversos tipos de embalagens. A Geladeira TC41 possui puxador embutido, ergonômico, bonito e fácil de limpar. Design único. Possui um compartimento fechado no freezer, que possibilita o congelamento mais rápido dos alimentos. E na geladeira possui o Espaço Extrafrio indicado para armazenar os alimentos mais delicados e que tenham de ser tratados de maneira mais cuidadosa, quanto à conservação. Na porta, possui uma prateleira reversível que pode ser usada como porta-latas ou de forma convencional para armazenar o que você quiser.Para ter alimentos sempre frescos na sua Geladeira TC41, o gavetão de frutas e legumes é perfeito para armazenar e conservar seus alimentos, fácil de organizar e visualizar.","{""capacidade_liquida_total"":""370 L"",""cor"":""Branco"",""marca"":""Continental"",""tipo_de_degelo"":""Frost Free"",""voltagem"":""220 V""}",370 L,Branco,Continental,,Frost Free,220 V,,,370 Litros,Branca,Continental,Não informado,Frost Free,Não informado,Não informado,370 Litros,Branco,Continental,,Frost Free,220V,2 Portas,370L
magazineluiza||013016800,Geladeira/Refrigerador Electrolux Frost Free,"Conheça o Refrigerador da Electrolux TF55S Top Freezer Frost Free, com 2 portas, Platinium e com capacidade de 431L. Com ele, você garante a conserva de seus alimentos numa temperatura ideal para ter suas refeições frescas e saborosas. Ele ainda acompanha um espaço Hortinatura onde suas verduras, frutas e legumes estarão mais protegidos, sem falar no compartimento Icemax que produz gelo com um exclusivo sistema sem respingos, sem mistura de odores e fácil remoção.","{""capacidade_liquida_total"":""431 L"",""cor"":""Inox"",""marca"":""Electrolux"",""quantidade_de_portas"":""2 Portas"",""tipo_de_degelo"":""Frost Free"",""voltagem"":""220 V""}",431 L,Inox,Electrolux,,Frost Free,220 V,2 Portas,,431L,Platinium,Electrolux,Não informado,Frost Free,Não informado,2,Não informado,Inox,Electrolux,VCM,Frost Free,220V,2 Portas,431L
dufrio||100271057,Geladeira/Refrigerador Side by Side Inverter UV Nano LG 611 Litros Frost Free Aço Escovado GCL257SLPL - 110V,"Inovação em Tecnologia é a linha de Geladeiras Side by Side da LG.Motor Inverter diferente dos motores convencionais o inverter trabalha com velocidade variável, que garante melhor consumo de energia e conservação dos alimentos.UV Nano usa uma lâmpada ultravioleta no bocal da saídade água, que elimina impurezas. Filtro HygieneFresh+TM livre de odores indesejáveis ao abrir a porta da geladeira.Abaixo mais alguns diferenciais:Água e Gelo na Porta.Gavetas com Controle de Umidade.Conectividade Wi-Fi com LG ThinQ.Temperatura Estável LinearCooling.Resfriamento Rápido DoorCooling.","{""capacidade_liquida_total"":""611 L"",""cor"":""Aço escovado"",""marca"":""LG"",""material"":""Aço Escovado"",""voltagem"":""127 V""}",611 L,Aço escovado,LG,Aço Escovado,,127 V,,,611 Litros,Aço Escovado,LG,Não informado,Frost Free,110V,Não informado,Não informado,Cinza,LG,Aço Escovado,Frost Free,110V,2 Portas,611L
multiloja||8648,Refrigerador Geladeira Brastemp Frost Free Duplex BRM54 400 litros Classe A,"A Geladeira Brastemp Frost Free Duplex BRM54 400 litros é ideal para sua cozinha.<br> A melhor maneira de acionar as funções de sua geladeira é com o Painel Eletrônico Brastemp, você pode controlar a temperatura do refrigerador, ser avisado quando a porta ficou aberta e escolher modos pré-programados para ativar funções especiais.<br> Freezer Control: Compartimento que permite programar diferentes funções de acordo com a sua necessidade.<br> Conserve carnes por até 5 dias sem congelar e deixe tanto bebidas como frios e laticínios na temperatura ideal.<br> Twist Ice: Com o Twist Ice, desenforme o gelo facilmente e armazene-o em um recipiente portátil e prático.<br> Espaço Adapt: Prateleiras com múltiplas combinações possíveis para armazenar itens de diversos tamanhos na porta de sua geladeira.<br> Latas e long necks: Compartimento especial para gelar rápido suas bebidas.<br> Ele pode ser encaixado tanto no freezer como no refrigerador para gelar a cerveja ou o refrigerante, com um espaço perfeito para 3 garrafas long neck ou 6 latas.<br> Gavetão de legumes Fresh Zone: Suas frutas e verduras organizadas e conservadas por mais tempo com o sistema Fresh Zone<br> <br> <br> Características:<br> Frost Free: Sim<br> Tipo do refrigerador: 2 portas<br> Controle de temperatura: Painel Touch Screen<br> Prateleiras: 3 prateleiras, de vidro temperado, removíveis e reguláveis<br> Porta-ovos: Sim<br> Porta-latas: Sim<br> Fôrma de gelo: Sim<br> Display externo: Eletrônico<br> Alarme sonoro porta aberta: Sim<br> Prateleiras para garrafas PET de: 2,5 L<br> Consumo de energia: 57 kWh mês<br> Classificação energética: A<br> Capacidade liquida do refrigerador: 311 L<br> Capacidade liquida do freezer : 89 L<br> Capacidade liquida total: 400 L<br> Acompanha o produto: Manual de instruções<br> Certificado de garantia<br> <br> <br> Dimensões:<br> Altura: 185 cm<br> Largura: 62 cm<br> Profundidade: 75,5 cm<br> Peso: 66 kg<br> <br> <br> Garantia do fornecedor de 12 meses.","{""capacidade_liquida_total"":""400 L"",""cor"":""Inox"",""marca"":""Brastemp"",""quantidade_de_portas"":""2 Portas"",""tipo_de_degelo"":""Frost Free"",""voltagem"":""220 V""}",400 L,Inox,Brastemp,,Frost Free,220 V,2 Portas,,400 L,Não informado,Brastemp,Não informado,Frost Free,Não informado,2 portas,400 litros,Inox,Brastemp,Aço,Frost Free,220V,2 Portas,400L
tabaratotolevando||4340,Geladeira Refrigerador Electrolux 362 Litros 2 Portas Cycle Defrost DC44,"Refrigerador Cycle Defrost Electolux, novo design com puxador integrado, prateleira porta latas reversível para 5 unidades, super Freezer -18° C, prateleiras aramadas removíveis, porta-ovos removível para 12 unidades e muito mais! Tudo o que você precisa em um visual elegante e moderno.<br><br><br>Características:<br>Prateleiras 100% removíveis na porta do refrigerador: Bonitas e fáceis de limpar.<br>Prateleiras aramadas: Resistentes e fáceis de limpar.<br>Prateleira contra porta do freezer: Melhor organização interna do freezer.<br>Pés niveladores dianteiros e rodízios traseiros: Praticidade para nivelar e movimentar.<br>Prateleira funda na porta para garrafas: Comporta garrafas de até 2,5 litros.<br><br><br>Especificações Técnicas:<br>Compartimento Congelamento Rápido Não<br>Compartimento extra frio Não<br>Capacidade Total Líquida (L) 362<br>Porta-latas Sim<br><br><br>Dimensões: <br>Altura: 173 cm<br>Largura: 60 cm<br>Profundidade: 69 cm<br>Peso: 55.2 Kg<br><br><br>Garantia do Fornecedor de 12 Meses","{""capacidade_liquida_total"":""362 L"",""cor"":""Branco"",""marca"":""Electrolux"",""quantidade_de_portas"":""2 Portas"",""tipo_de_degelo"":""Cycle Defrost"",""voltagem"":""220 V""}",362 L,Branco,Electrolux,,Cycle Defrost,220 V,2 Portas,,362,Não informado,Electrolux,Não informado,Cycle Defrost,Não informado,2,362 Litros,Branco,Electrolux,,Cycle Defrost,220V,2 Portas,362L
ebomdecomprar||2386,Geladeira Refrigerador Panasonic 387 Litros 2 Portas Frost Free,"O Refrigerador BT40BD1X possui tecnologia Frost-Free, painel eletrônico, Jumbo Freezer. No total o refrigerador possui espaço de 387 Litros e gaveta hortfruti, possui também 4 prateleiras sendo 3 de Vidro Temperado e 1 de Plástico. Aproveite!<br> <br> <br> <br> Características:<br> Menor consumo de energia.<br> Mais silencioso.<br> Congelamento muito mais rápido, preservando melhor os alimentos.<br> Produção de gelo mais rápida.<br> Luz de LED que simulaa a luz solar potencializando os nutrientes em um processo similar da fotossíntese.<br> Iluminação LED, não produz calor, ilumina melhor e reduz o consumo de energia.<br> Painel eletrônico, controle a temperatura do freezer diretamente no painel externo.<br> <br> <br> <br> Especificações técnicas:<br> Porta Ovos: Sim<br> Iluminação: Led<br> Quantidade De Portas: 2<br> Quantidade De Prateleiras No Refrigerador: 4 Total: 3 (Vidro Temperado + 1 (Plástico)<br> Quantidade De Prateleiras Na Porta Do Refrigerador: 4<br> Quantidade De Gavetas No Refrigerador: 1<br> Quantidade De Prateleiras No Freezer: 1<br> Quantidade De Prateleiras Na Porta Do Freezer: 2<br> Potência De Operação: 120w<br> Potência De Desgelo: 230w<br> Sistema De Refrigeração: Serpentina Com Fluído R600a<br> Tipo De Pés: Estabilizador<br> Material: Aço <br> <br> <br> Dimensões:<br> Altura: 180 cm<br> Largura: 60 cm<br> Profundidade: 77 cm<br> Peso: 57 kg<br> <br> <br> Garantia do fornecedor de 12 meses.<br>","{""capacidade_liquida_total"":""387 L"",""cor"":""Inox"",""marca"":""Panasonic"",""quantidade_de_portas"":""2 Portas"",""tipo_de_degelo"":""Frost Free"",""voltagem"":""127 V""}",387 L,Inox,Panasonic,,Frost Free,127 V,2 Portas,,387 Litros,Não informado,Panasonic,Aço,Frost Free,Não informado,2,387 Litros,Inox,Panasonic,Aço,Frost Free,110V,2 Portas,387L
gazin||1629,Geladeira/Refrigerador Brastemp 540 Litros 3 Portas Frost Free Side Inverse Classe A BRO80ABANA,"Essa Brastemp 540 Litros é a nova geração de geladeiras e vai revolucionar a sua cozinha.<br> <br> Pequena por fora e gigante por dentro, ela tem capacidade de Side by Side e vem com compartimentos inteligentes.<br> Com o freezer na parte de baixo, tudo o que você mais usa fica ao alcance das suas mãos.<br> O Ice Maker é uma verdaeira fábrica de gelo, produz 12 bandejas de gelo automaticamente, sem precisar de ponto de água!<br> Comparação com os modelos de Side by Side com litragem entre 480L e 540 L.<br> <br> Configuração Side Inverse:<br> Você sabia que, em média, se abre a geladeira 26 vezes mais do que o freezer? Por essa razão, a Brastemp Side Inverse com Central Inteligente traz muita praticidade, deixando o que você mais usa ao alcance das mãos. E já que você usa menos o freezer, ele fica na parte de baixo, assim você não esquece mais nada no fundo da gaveta.<br> <br> Capacidade 540L:<br> Pequena por fora e gigante por dentro: possui capacidade de Side by Side e ocupa menos espaço* na cozinha. Com as duas portas lado a lado, e sem aquela divisória da Side by Side, você coloca qualquer tipo de prato, até mesmo as travessas maiores. Seja na geladeira ou no freezer, tem lugar para guardar tudo o que você precisa.<br> Comparação com os modelos de Side by Side com litragem entre 480L e 540 L.<br> <br> Ice Maker:<br> Com o Ice Maker, você tem uma fábrica de gelo na sua geladeira! Ele produz 12 bandejas de gelo automaticamente, sem precisar de um ponto de água.<br> <br> Iluminação em LED:<br> deixa a sua geladeira ainda mais moderna. Além de melhorar a visualização interna, ela consome menos energia* que as lâmpadas tradicionais.<br> 1 LED consome 1/3 de watts comparado a lâmpadas incandescentes de 20 a 25 watts.<br> <br> Turbo Freezer:<br> com capacidade para até 12 garrafas de 600ml ou 32 latas de 350ml, o Turbo Freezer gela suas bebidas mais rapidamente e conta com uma função especial para sobremesas.<br> <br> Gavetas Especiais:<br> frutas, legumes e frios não ficam mais esquecidos no fundo da gaveta.<br> <br> Taças Nevadas:<br> taças sempre geladas para servir com sofisticação.<br> <br> Dimensões:<br> Altura: 185.9 cm<br> Largura: 82.9 cm<br> Profundidade: 75 cm<br> Peso: 108 kg<br> <br> Garantia do Fornecedor de 12 Meses","{""capacidade_liquida_total"":""540 L"",""cor"":""Branco"",""marca"":""Brastemp"",""quantidade_de_portas"":""3 Portas"",""tipo_de_degelo"":""Frost Free"",""voltagem"":""127 V""}",540 L,Branco,Brastemp,,Frost Free,127 V,3 Portas,,540 Litros,Não informado,Brastemp,Não informado,Frost Free,Não informado,3 Portas,540L,,Brastemp,,Frost Free,,3 Portas,540L
ebomdecomprar||16357,Geladeira Electrolux TF55S TOP 2 Portas Frost Free Platinum 431L,"A Geladeira Electrolux TF55S TOP 2 Portas Frost Free Platinum 431L tem funções que certamente irá ajudar na organização, entre uma delas é o Ice Max, um compartimento para produção de gelo com sistema exclusivo sem respingos e sem odores, que mantêm os cubos de gelo intactos. Um excelente recurso capaz de garantir total conforto para quem opta por esse produto.<br> Painel digital muito fácil de usar, o display digital permite que você acesse todas as funções do refrigerador sem complicações. A iluminação azul em LED garante um ar moderno e elegante para a sua geladeira. <br> Fast Adapt otimize o espaço interno da geladeira e do freezer com as prateleiras deslizantes que facilitam a organização dos mantimentos de formatos e tamanhos variados.<br> <br> <br> Caraterísticas do Produto:<br> Prateleiras reversíveis e retráteis no freezer e no refrigerador Adapte o espaço interno para guardar os mais diversos tipos de embalagens e alimentos<br> Gavetão de frutas e verduras<br> Turbo freezer e drink express compartimento de congelamento rápido<br> Funções compras, férias, festa é possível escolher automaticamente a temperatura ideal para cada situação<br> Iluminação em LED<br> FAST ADAPT prateleiras deslizantes<br> Alarme de porta aberta<br> Máquina de gelo automática<br> Prateleiras vidro temperado<br> Cesta porta ovos<br> Degelo automático<br> Painel digital<br> Pés niveladores e reguláveis<br> 2 Portas<br> Rodízios<br> Separador de garrafas<br> Sistema de refrigeração Frost Free<br> <br> <br> Dimensões:<br> Altura: 176 cm<br> Largura: 70 cm<br> Profundidade: 73,2 cm<br> <br> <br> Garantia do fornecedor de 12 meses.","{""capacidade_liquida_total"":""431 L"",""cor"":""Platinum"",""marca"":""Electrolux"",""quantidade_de_portas"":""2 Portas"",""tipo_de_degelo"":""Frost Free"",""voltagem"":""220 V""}",431 L,Platinum,Electrolux,,Frost Free,220 V,2 Portas,,431L,Platinum,Electrolux,Não informado,Frost Free,Não informado,2 Portas,Não informado,Platinum,Electrolux,Aço,Frost Free,220V,2 Portas,431L
efacil||152833,Geladeira/Refrigerador Electrolux Cycle Defrost 2 Portas DC51 475 Litros Branca 220V,PRODUTO DESATIVADO<br>,"{""capacidade_liquida_total"":""475 L"",""cor"":""Branco"",""marca"":""Electrolux"",""tipo_de_degelo"":""Cycle Defrost"",""voltagem"":""220 V""}",475 L,Branco,Electrolux,,Cycle Defrost,220 V,,,475 Litros,Branca,Electrolux,Não informado,Cycle Defrost,220V,2 Portas,Não informado,Branco,Electrolux,,Cycle Defrost,220V,2 Portas,475L
carrefouroficial||900008497,Geladeira Frost Free Duplex CRM44AB 386 Litros com Altura Flex Consul,"Nos dias de hoje, ter eletrodomésticos que facilitam a rotina do dia a dia, trazem muitos benefícios. E com a Geladeira/Refrigerador não é diferente, não é mesmo? Se você está a procura de uma nova ou quer trocar, precisa conhecer o refrigerador CRM44AB da Consul. Uma geladeira na cor branca, Frost Free, iluminação em LED, o que deixa ela econômica e sustentável, com capacidade líquida total de 386 litros, duplex, e tem 5 níveis de temperatura que vão facilitar o seu dia a dia. Isso sem contar no exclusivo puxador embutido na cor preta, deixando ela com um design bonito, ergonômico e fácil de limpar. Além disso, conta com sistema de ajustes de Altura Flex, que dá para ajustar em até 4 níveis de altura para organizar a geladeira de forma fácil e rápida. Cabe da jarra a melância. E o Freezer Espaçoso, é perfeito para organizar seus congelados sem fazer malabarismo. Outro detalhe é a função turbo, que gela rápido até quando está cheia. Com esse refrigerador, você organiza tudo da sua maneira, e deixa sua cozinha mais bonita e completa!","{""capacidade_liquida_total"":""386 L"",""cor"":""Branco"",""marca"":""Consul"",""tipo_de_degelo"":""Frost Free"",""voltagem"":""127 V""}",386 L,Branco,Consul,,Frost Free,127 V,,,386 Litros,branca,Consul,Não informado,Frost Free,Não informado,Duplex,Não informado,Branco,Consul,Aço,Frost Free,110V,2 Portas,386L
moveisbrasilia||333,Refrigerador Panasonic Nr-bt40bd1wa,"GELADEIRA PANASONIC FROST FREE 387L NR-BT40BD1W - 110VNR-BT40BD1WA<br> <br> Características:<br> <br> Consumo de Energia: Baixo consumo de energia. Menos gasto para o bolso e mais amigável com o planeta!<br> Painel Eletrônico: Controle a temperatura do freezer diretamente no painel externo com design inovador.<br> Jumbo Freezer: 95L para caber todos os alimentos da família, com prateleiras profundas para potes de sorvetes de 2L.<br> <br> Especificações Técnicas:<br> <br> Tipo: Duplex<br> Sistema Top Freezer<br> Degelo Frost Free<br> Capacidade Útil do Refrigerador: 292 Litros<br> Capacidade Útil do Freezer: 95 Litros<br> Capacidade Útil Total: 387 Litros<br> Eficiência Energética: A<br> Consumo Aproximado de Energia: 45 Kwh/mês<br> Gavetão Hortifrúti: Sim, 1<br> Compartimento Extra frio: Sim<br> Controle de Temperatura do Refrigerador no Painel Externo: Sim<br> Porta Ovos: Sim<br> Iluminação Led: Sim<br> Quantidade de Portas: 2<br> Quantidade de Prateleiras no Refrigerador 4 Total: 3 de Vidro Temperado + 1 de Plástico<br> Quantidade de Prateleiras na Porta do Refrigerador: 4<br> Quantidade de Gavetas no Refrigerador: 1<br> Sistema de Refrigeração Serpentina Com Fluído R600a<br> Tipo de Pés Estabilizador<br> Material: Aço<br> <br> Dimensões:<br> Altura: 180 cm<br> Largura: 60 cm<br> Profundidade: 73 cm<br> Peso: 59 kg<br> <br> Garantia do fornecedor: 12 meses","{""capacidade_liquida_total"":""387 L"",""cor"":""Branco"",""marca"":""Panasonic"",""material"":""Aço"",""tipo_de_degelo"":""Frost Free"",""voltagem"":""Bivolt""}",387 L,Branco,Panasonic,Aço,Frost Free,Bivolt,,,387 Litros,Não informado,Panasonic,Aço,Frost Free,110V,2,387L,Branco,Panasonic,Aço,Frost Free,Bivolt,2 Portas,387L
angeloni2||4748074,Refrigerador Toshiba French Door Convertzone Frost Free Inox 638L GR-RF646,Refrigerador Toshiba French Door Convertzone Frost Free Inox 638L GR-RF646,"{""capacidade_liquida_total"":""638 L"",""cor"":""Cinza Morandi"",""marca"":""Toshiba"",""quantidade_de_portas"":""4"",""tipo_de_degelo"":""Frost Free""}",638 L,Cinza Morandi,Toshiba,,Frost Free,,4,,638L,Inox,Toshiba,Não informado,Frost Free,Não informado,3 Portas,Não informado,Cinza,Toshiba,Inox,Frost Free,110V,4 Portas,638L
ebomdecomprar||17381,Geladeira Consul CRE44AB Frost Free 2 Portas 397L,"A Geladeira CRE44AB Frost Free 2 Portas 397L da Consul possui freezer embaixo, deixando os alimentos na altura ideal, destacando-se pelo seu material de ótima qualidade e seu painel externo de controle de temperatura.<br> <br> <br> Características:<br> Reverse freezer<br> Controle externo de temperatura<br> Turbo Freezer<br> <br> <br> Dimensões: <br> Altura: 184,7 cm <br> Largura: 62,1 cm<br> Profundidade: 71,3 cm<br> Peso: 69,7 kg<br> <br> <br> Garantia do fornecedor: 12 meses.","{""capacidade_liquida_total"":""397 L"",""cor"":""Branco"",""marca"":""Consul"",""quantidade_de_portas"":""2 Portas"",""tipo_de_degelo"":""Frost Free"",""voltagem"":""127 V""}",397 L,Branco,Consul,,Frost Free,127 V,2 Portas,,397L,Não informado,Consul,Não informado,Frost Free,Não informado,2 Portas,Não informado,Branco,Consul,Aço,Frost Free,110V,2 Portas,397L
efacil||2220963,"Refrigerador Vitrine Metalfrio 572 Litros VB52AH, Frost Free, Porta de Vidro, Preto 110V","Características do Produto:<br>Modelo: VB52AH<br>Marca: Metalfrio<br>Cor: Preto<br>Altura: 204,4 cm<br>Largura: 67,5 cm<br>Comprimento: 85 cm<br>Peso: 100 Kg<br>Capacidade Total Líquida: 572 Litros<br>Quantidade de Portas: 1 Porta<br>Tipo de Freezer: Vitrine<br>Frost Free: Sim<br>Alimentação: Disponível em 110V e 220V<br><br>Informações Adicionais:<br>Evaporador aletado: Fluxo de ar contínuo, para resfriamento rápido e uniforme de todas as bebidas, essencial para o uso comercial.<br>Perfeita exposição: Mantém as bebidas sempre em destaque no ponto de venda.<br>Iluminação interna com lâmpadas LED: Permite melhor visibilidade e destaque dos produtos, durabilidade e economia de energia.<br>Porta de vidro antiembaçante: Facilita a visualização interna e exposição do produto, gerando o desejo de compra no cliente.<br>Trava de carga: facilita o abastecimento de seu refrigerador.<br>Prateleiras suspensas e reguláveis: Com pintura em esmalte epóxi são mais resistentes à corrosão e perfeitas para variadas formas e tamanhos de produtos.<br>Sistema Frost Free: não precisa descongelar seu equipamento.<br><br>Especificações Técnicas:<br>Capacidade de Armazenamento: 576 Latas de 350 ml / 196 Garrafas Pet 600 ml / 72 Garrafas Pet 2 litros <br>Capacidade Bruta: 572 litros <br>Capacidade Líquida: 497 litros <br>Faixa de Temperatura: +2 a +8°C<br>Classificação do Produto: Refrigerador<br>Quantidade de portas: 1<br>Prateleiras: 4 (3 reguláveis + 1 grade de fundo)<br><br>Dimensões do Produto:<br>(AxLxC): 204,4 x 67,5 x 85 cm<br>Peso: 100 Kg<br><br>Dimensões do Produto (Embalado):<br>(AxLxC): 210 x 71 x 85,5 cm<br>Peso: 110 Kg<br><br>Garantia: 1 ano (Ofertado pelo fabricante)<br><br>Fornecedor: Metalfrio<br>","{""cor"":""Preto"",""marca"":""Metalfrio"",""quantidade_de_portas"":""1 Porta"",""tipo_de_degelo"":""Frost Free"",""voltagem"":""127 V""}",,Preto,Metalfrio,,Frost Free,127 V,1 Porta,,572 Litros,Preto,Metalfrio,Não informado,Frost Free,110V,1,572 Litros,,,,Frost Free,,1 Porta,572L
multiloja||25719,Geladeira Consul CRM56HK Frost Free 450L,"A Geladeira Consul Frost Free 450 litros Espaço Flex é a mais espaçosa do segmento. Ela tem flexibilidade e capacidade de sobra para organizar tudo da sua maneira. Com o Espaço Flex você organiza os compartimentos da porta do seu jeito, e a Prateleira Flex no freezer permite organizar o espaço de 3 formas diferentes, ela também tem a Fruteira, um espaço para armazenar suas frutas e além disso, o Filtro Antiodor tira o ?gosto de geladeira? da água, e ainda te avisa sempre que precisar trocar. <br> <br> Características:<br> Filtro Antiodor<br> Frost Free<br> Iluminação em LED<br> Prateleiras do refrigerador em vidro com moldura plástica, prateleiras de porta, gavetas e cestos em plástico injetado<br> Refrigerador (l): 353L<br> Freezer (l): 97L<br> <br> <br> Dimensões:<br> Altura: 189,3 cm<br> Largura: 69,5 cm<br> Profundidade: 71,9 cm<br> Peso: 76 kg<br> <br> <br> Garantia do fornecedor de 12 meses.",{},,,,,,,,,450L,Não informado,Consul,Não informado,Frost Free,Não informado,Não informado,Não informado,Cinza,Consul,Evox,Frost Free,110V,2 Portas,450L
carrefouroficial||8500460,Geladeira Frost Free CRM43NB 386 Litros 2 Portas Duplex Consul,"Geladeira Consul 386 Litros 2 Portas Frost Free Duplex CRM43NB<br> Para quem gosta de praticidade na hora de organizar os alimentos dentro da geladeira, a Geladeira Frost Free Duplex CRM43NB 386 Litros, da Consul, é perfeita. <br> Ela tem aproximadamente 390 L de capacidade armazenamento e oito níveis diferentes para você regular as prateleiras que, ainda por cima, são rebatíveis e dobráveis para facilitar de jarras e garrafas.<br> <br> <br> Características:<br> Guarde todos os seus alimentos nessa geladeira que não precisa descongelar<br> Uma das maiores dores de cabeça de uma cozinha é descongelar a geladeira. É algo demorado, chato e ainda corre-se o risco de que os alimentos estraguem. <br> Por isso, essa geladeira Consul Frost Free Duplex é perfeita para você. Ela não precisa degelar, deixando a sua vida mais fácil na hora de cuidar da sua cozinha.<br> Muito espaço para você armazenar os seus alimentos da melhor maneira<br> Com capacidade de armazenagem de 386 litros, divididos em dois compartimentos, essa geladeira Consul é perfeita para quem precisa de espaços separados. Seja no compartimento principal, com cinco níveis mais a gaveta de legumes e as prateleiras nas portas; seja no freezer, que é um compartimento com dois níveis na parte superior, você terá espaço para guardar tudo que precisa e manter os alimentos sempre prontos para consumo.<br> <br> <br> Especificações técnicas:<br> Tipo de degelo: Frost Free<br> Quantidade de portas: 2<br> Capacidade Armazenagem:<br> Refrigerador: 294<br> Freezer: 92<br> Total: 386<br> Prateleiras: 3 prateleiras de vidro, sendo 1 dobrável<br> Bandejas: 1 Bandeja deslizante <br> Prateleira Dobrável: 1<br> Cestos:<br> Temperatura uniforme: X<br> Controle de temperatura Interno: NA<br> Controle de temperatura Externo: Eletrônico<br> Dreno de Gelo: NA<br> Porta-ovos: 2 x 6 Ovos<br> Pote Multiuso: Não<br> Gavetas: 1 Gaveta Legumes<br> Organizador de Frutas e Legumes: NA<br> Iluminação: LED<br> Forma de gelo: 2 x 18 gelos<br> Pés: Reguláveis<br> Porta reversível: Não<br> Puxadores: 2 Embutidos na Cabeceira<br> Eficiência Energética: A<br> Consumo aprox. de energia (kWh/mês): 55,8<br> Potência (watts): 160<br> Lâmpada (watts): N<br> <br> <br> Dimensões:<br> Altura: 184.6 cm<br> Largura: 62.1 cm<br> Profundidade: 73.1 cm<br> Peso: 64.5 kg<br> <br> <br> Garantia do Fornecedor de 12 Meses","{""capacidade_liquida_total"":""386 L"",""cor"":""Branco"",""marca"":""Consul"",""quantidade_de_portas"":""2 Portas"",""tipo_de_degelo"":""Frost Free"",""voltagem"":""127 V""}",386 L,Branco,Consul,,Frost Free,127 V,2 Portas,,386 Litros,Não informado,Consul,Não informado,Frost Free,Não informado,2,386,Branco,Consul,Evox,Frost Free,110V,2 Portas,386L
lojasedmil||75084,Geladeira Electrolux DM84X Frost Free French Door 579 Litros Inox,"Com a geladeira frost free multi door da Electrolux não vai faltar elegância e modernidade na sua cozinha. Ela conta com 3 portas, o que oferece mais funcionalidades e espaço interno. A geladeira Electrolux possui prateleiras fast adapt que armazena e distribui os alimentos de forma harmônica e inteligente. Projetada pensando na sua saúde, essa geladeira inox conserva os alimentos na temperatura ideal, além de possui espaço de sobra para comporta-los. São 579 litros de capacidade total, distribuídos entre o refrigerador (391 litros) e freezer (188 litros). Deixe suas bebidas geladas a qualquer hora do dia com o compartimento Drink Express. O espaço Ice Twister disponibiliza gelos para que possa se refrescar sempre que precisar. O sistema frost free, presente na geladeira French Door, evita o acúmulo de gelo nas paredes do congelador, para que você não precise mais passar horas descongelando manualmente sua geladeira. Além disso, a geladeira 3 portas conta ainda com pés niveladores frontais e rodízios traseiros, garantindo maior comodidade no seu dia a dia. Organize seus ovos com segurança e praticidade graças ao seu porta ovos com capacidade para 12 unidades. A geladeira Electrolux super flexível foi projetada para adaptar e comportar tudo o que você precisa armazenar.","{""capacidade_liquida_total"":""579 L"",""cor"":""Inox"",""marca"":""Electrolux"",""quantidade_de_portas"":""3 Portas"",""tipo_de_degelo"":""Frost Free"",""voltagem"":""127 V""}",579 L,Inox,Electrolux,,Frost Free,127 V,3 Portas,,579 Litros,Inox,Electrolux,Não informado,Frost Free,Não informado,3 portas,Não informado,Inox,Electrolux,Aço,Frost Free,110V,3 Portas,579L
lojaoriodopeixe||265,Geladeira Refrigerador Facilite Frost Free 1 Porta 342 Litros CRB39A Consul,"A geladeira/refrigerador 1 Porta Consul 342L possui Sistema Frost Free, assim não forma gelo nas paredes do congelador, portanto agora quem vai ocupar espaço no congelador são os alimentos e não o gelo. Possui uma super capacidade, trazendo muito mais espaço e organização com exclusiva prateleira de dois níveis de altura, além de um super controle eletrônico externo, que facilita o ajuste da temperatura e evita abertura de porta, economizando energia. Ele conta também com um compartimento Extra Frio, ideal para guardar frios e iogurtes, gavetão de legumes transparente que mantém a temperatura e umidade adequada para o armazenamento de frutas e hortaliças, preservando suas características naturais. Ela também conta com o Porta Latas para gelar até 6 latinhas, mantendo a organização da geladeira.","{""capacidade_liquida_total"":""342 L"",""cor"":""Branco"",""marca"":""Consul"",""quantidade_de_portas"":""1 Porta"",""tipo_de_degelo"":""Frost Free"",""voltagem"":""220 V""}",342 L,Branco,Consul,,Frost Free,220 V,1 Porta,,342 Litros,Não informado,Consul,Não informado,Frost Free,Não informado,1 Porta,342L,Branco,Consul,,Frost Free,220V,1 Porta,342L
lojasmm||11324,Refrigerador Philco 2 Portas Side By Side 434 Litros PRF533ID,"Sua cozinha vai ficar muito mais bonita e organizada com a Geladeira Philco PRF533ID. Tem capacidade de 434 litros e porta Side by Side, você tem espaço de sobra para armazenar e organizar os alimentos da forma que quiser, acessando o que precisa a qualquer momento e sem dificuldades. Com degelo Frost Free ela possui painel touch, controle de temperatura independente, Funções smart cooling, eco, turbo freezer e turbo refrigerador. E tem mais, além de super espaçoso esse refrigerador conta com tecnologia de compressor inverter, isso significa que além das inúmeras vantagens ele possui baixo consumo de energia.<br> <br> Características: <br> Tipo: Side by side<br> Quantidade de Portas: 02<br> Frost Free<br> Painel Eletrônico<br> Prateleiras: 08<br> Alarme de Portas Abertas<br> Dispenser de Água na Porta: Externo<br> Dispenser de Gelo na Porta: Interno<br> Função Gelo Rápido<br> Degelo Automático<br> Porta Latas<br> Porta Garrafas<br> Controle Automático de Temperatura<br> Gavetas: 02<br> Pés Niveladores<br> Iluminação interna com luz led<br> Display digital com controle de temperatura e funções<br> Painel Touch<br> Compressor Eco-Inverter<br> Porta em aço com tratamento anti-corrosão<br> Prateleiras em vidro temperado<br> Modelo: PRF533ID<br> Capacidade Total: 434 Litros<br> Capacidade de Armazenamento do Freezer: 145 Litros<br> Capacidade de Armazenamento do Refrigerador: 289 Litros<br> Selo Procel (Eficiência Energética): A<br> Consumo de Energia: 44 kwh/mês<br> <br> Dimensões: <br> Altura: 177 cm <br> Largura: 91 cm <br> Profundidade: 59 cm<br> Peso: 80 kg <br> <br> Garantia do fornecedor de 12 meses.","{""capacidade_liquida_total"":""434 L"",""cor"":""Inox"",""marca"":""Philco"",""quantidade_de_portas"":""2 Portas"",""tipo_de_degelo"":""Frost Free"",""voltagem"":""220 V""}",434 L,Inox,Philco,,Frost Free,220 V,2 Portas,,434 Litros,Não informado,Philco,Não informado,Frost Free,Não informado,2,434 Litros,Inox,Philco,Aço,Frost Free,220V,2 Portas,434L
dufrio||100240543,GeladeiraRefrigerador Frost Free 310 Litros Platinum Electrolux TF39S  220V,"    Geladeira / Refrigerador Frost Free 310 Litros Platinum Electrolux (TF39S)   <p>Sua cozinha merece um eletrodoméstico que dê conta de armazenar todos os seus alimentos, mantendo-os sempre refrigerados e prontos para servir seus amigos e familiares. A Geladeira/refrigerador Top Freezer 431L Platinum (TF55S) é um desses itens que consegue suprir as mais variadas necessidades. Esse modelo conta com o maior freezer do mercado, proporcionando espaço de sobra para você armazenar e congelar seus itens.</p>          <ul> <li>  <span>Prateleiras reversíveis e retráteis no freezer e no refrigerador</span> <p>Adapte o espaço interno para guardar os mais diversos tipo de embalagens e alimentos.</p>  </li> <li>  <span>Funções compras, férias, festa</span> <p>Escolhem automaticamente a temperatura ideal para cada situação.</p>  </li> <li>  <span>Gavetão de frutas e verduras</span> <p>Preserva frutas e verduras por mais tempo que gavetas comuns. *Teste aferido em folhas verdes.</p>  </li> </ul>            <span>Fast Adapt</span> <p>Prateleiras deslizantes que possibilitam variadas configurações internas da geladeira e freezer, otimiza o espaço de forma rápida e simples, organizando itens de diferentes tamanhos e formatos.</p>   <span>Icemax</span> <p>Compartimento para produção de gelo com exclusivo sistema sem respingos, sem mistura de odores e fácil de remover.</p>   <span>Turbo freezer e drink express</span> <p>Compartimento de congelamento rápido para alimentos e bebidas.</p>   <span>Maior freezer do mercado categoria Frost Free até 500 litros</span> <p>CSão 128 litros para conservar alimentos de diferentes tamanhos.</p>      ","{""capacidade_liquida_total"":""310 L"",""cor"":""Inox"",""marca"":""Electrolux"",""tipo_de_degelo"":""Frost Free"",""voltagem"":""220 V""}",310 L,Inox,Electrolux,,Frost Free,220 V,,,310 Litros,Platinum,Electrolux,Não informado,Frost Free,220V,Não informado,Não informado,Inox,Electrolux,Aço,Frost Free,220V,2 Portas,310L
continentalcenter||760050052423050201,Refrigerador Consul Domest 2 Portas 437 Litros Platinum Frost Free 220v,Refrigerador Consul Domest 2 Portas 437 LitrosPlatinum Frost Free 220v,"{""capacidade_liquida_total"":""437 L"",""marca"":""Consul"",""quantidade_de_portas"":""2 Portas"",""tipo_de_degelo"":""Frost Free"",""voltagem"":""220 V""}",437 L,,Consul,,Frost Free,220 V,2 Portas,,437 Litros,Platinum,Consul,Não informado,Frost Free,220v,2 Portas,Não informado,Platinum,Consul,Aço,Frost Free,220V,2 Portas,437L
magazineluiza||010082901,Refrigerador Duplex Cycle Defrost 365L,,"{""marca"":""Electrolux"",""tipo_de_degelo"":""Cycle Defrost"",""voltagem"":""127 V""}",,,Electrolux,,Cycle Defrost,127 V,,,365L,Não informado,Cycle,Não informado,Frost Free,Não informado,Duplex,Não informado,Cinza,Electrolux,,Cycle Defrost,110V,2 Portas,365L
lojascolombooficial||1574652,Geladeira Frost Free Inverse 588 Litros BRE85AB Brastemp,"Chegou a hora de trocar sua geladeira? Nós temos a opção perfeita para você. A Geladeira / Refrigerador Brastemp Frost Free - BRE85AB é inverse e possui duas portas, facilitando a sua vida no dia a dia. Na cor branca, ela é espaçosa, tendo a capacidade de 588 litros. Dessa forma, você consegue armazenar todos os seus alimentos com tranquilidade.<br> Além disso, o sistema twist ice advanced facilita a formação de gelo e como se isso não fosse suficiente, a tecnologia carbon air filter neutraliza odores indesejados no interior da geladeira. Espera aí que tem mais: você pode controlar a temperatura do refrigerador com o touch black, o que garante mais praticidade. Essa geladeira é perfeita, não é mesmo? Então vem comprar!<br> <br> Características:<br> Capacidade Total: 588 Litros<br> Capacidade do Refrigerador: 400 Litros<br> Capacidade do Freezer: 188 Litros<br> Portas: 02<br> Controle de temperatura: Sim<br> Turbo congelamento: Sim<br> Porta reversível: Não<br> Painel: Touch<br> Função trava painel: Sim<br> Aviso de porta aberta: Sim<br> Puxadores: Embutido<br> Iluminação interna: LED<br> Prateleira no refrigerador: Vidro<br> Forma de gelo: 2<br> Compartimento para gelo: Sim<br> Porta ovos: Sim (compartimento para 12 unidades)<br> Porta garrafas: Sim<br> Separador de garrafas: Sim<br> Gavetão para legumes: Sim<br> Taças nevadas: Sim<br> Pés: Ajustáveis com rodízios<br> Classificação Energética: A++<br> Consumo de energia: 68 kWh/mês<br> Material das gavetas: Plástico<br> Nível de ruído: 48 dB<br> Inverse: Sim<br> Prateleiras no Freezer: Sim<br> Cabo de alimentação: Inferior direito, considerando a visão frontal do produto<br> <br> Dimensões:<br> Altura: 187,9 cm <br> Largura: 83,7 cm<br> Profundidade: 79,1 cm<br> Peso: 99 kg<br> <br> Garantia do Fabricante: 12 meses<br> <br> Observações:<br> Confira as dimensões do produto e verifique se passará pela porta ou elevador do local da entrega.<br> As Lojas Colombo não se responsabilizará com o agendamento de assistência técnica, nem por eventuais custos relacionados com a instalação ou montagens","{""capacidade_liquida_total"":""588 L"",""cor"":""Branco"",""marca"":""Brastemp"",""tipo_de_degelo"":""Frost Free"",""voltagem"":""220 V""}",588 L,Branco,Brastemp,,Frost Free,220 V,,,588 Litros,branca,Brastemp,Não informado,Frost Free,Não informado,2,588 Litros,Branco,Brastemp,Evox,Frost Free,220V,2 Portas,588L
magazineluiza||013081900,Geladeira/Refrigerador Brastemp Frost Free Evox,"A Geladeira Brastemp Frost Free Duplex BRM54 400 litros Evox possui o exclusivo compartimento Freeze Control, que conserva carnes por até 5 dias sem congelar e deixa tanto bebidas como frios e laticínios na temperatura ideal. Pelo Painel Eletrônico você acessa o Controle de Temperatura e os Modos Especiais: Compras, Festa e Férias. Conta ainda com Twist Ice, para desenformar e armazenar gelo facilmente. E para garantir que suas frutas e legumes fiquem mais conservadas e organizadas, esse refrigerador conta com o sistema Fresh Zone.","{""capacidade_liquida_total"":""400 L"",""cor"":""Evox"",""marca"":""Brastemp"",""material"":""Evox"",""quantidade_de_portas"":""2 Portas"",""tipo_de_degelo"":""Frost Free"",""voltagem"":""220 V""}",400 L,Evox,Brastemp,Evox,Frost Free,220 V,2 Portas,,400 litros,Não informado,Brastemp,Não informado,Frost Free,Não informado,Duplex,Não informado,Cinza,Brastemp,Evox,Frost Free,220V,2 Portas,400L
magazineluiza||015152201,Refrigerador Consul Frost Free,,"{""marca"":""Consul"",""tipo_de_degelo"":""Frost Free""}",,,Consul,,Frost Free,,,,Não informado,Não informado,Consul,Não informado,Frost Free,Não informado,Não informado,Não informado,,Consul,,Frost Free,110V,2 Portas,386L
efacil||196325-14,"Refrigerador Horizontal 419 Litros Metalfrio DA420, Branco","<br>Características do produto:<br>Modelo: DA420<br>Capacidade Bruta: 419 Litros<br>Capacidade Líquida: 419 Litros<br>Faixa de Temperatura oC: 2 a 8oC e -18 a -22oC<br>Faixa de Temperatura°F: 35,6 a 46,4oF e -0,4 a -7,6°F<br>Frequência: 60 Hz<br>Características Construtivas Básicas e Acessórios:<br>Aplicação Logomarca Sim<br>Dreno: Frontal<br>Fechadura<br>Rodízio<br>Termostato Ajustável<br>Informações Técnicas Adicionais:<br>Potência: 293W<br>Classificação do Produto: Refrigerador / Congelador<br>Quantidade de Portas/Tampas: 2<br>Material Gabinete Externo: Aço Pré Pintado<br>Material Gabinete Interno: Aço Pré Pintado<br>Material da Moldura do Tanque: Plástico<br>Tipo de Abertura: Basculante<br>Tipo do Evaporador: Cold Wall (Tubo Chapa)<br>Tipo de Gás Refrigerante: R-134A<br>Tipo de Isolação: Poliuretano<br>Tipo de Pintura: Poliéster<br>Tipo de Puxador da Porta: Plástico<br>Tipo de Condensação: Forçada<br>Tipo de Controlador de Temperatura: Termostato Eletromecânico<br>Dimensões Aproximadas:<br>Produto Interno (LxPxA): 122,2 x 51,5 x 71,5 cm<br>Produto Externo (LxPxA): 133,1 x 69,0 x 94,4 cm<br>Produto embalado (LxPxA): 140,1 x 73,0 x 101,1 cm<br>Peso Aproximado Líquido: 69kg<br>Bruto: 85kg<br>Garantia: 1 Ano (ofertada pelo fabricante)<br>SAC - Fornecedor<br>Metalfrio<br>Telefone: 0800 702-0052<br><br>","{""capacidade_liquida_total"":""419 L"",""cor"":""Branco"",""marca"":""Metalfrio"",""quantidade_de_portas"":""2 Portas"",""voltagem"":""Bivolt""}",419 L,Branco,Metalfrio,,,Bivolt,2 Portas,,419 Litros,Branco,Metalfrio,Aço Pré Pintado,Não informado,Não informado,2,419 Litros,Branco,Metalrio,Aço,Frost Free,220V,2 Portas,419L
homepoint||SG5897,Refrigerador Philco Side By Side PRF533ID Eco Inverter 434 Litros,"PRINCIPAIS CARACTERÍSTICAS:<br>O Refrigerador Eco Inverter Philco Side By Side PRF533ID 434 Litros possui design “Side By Side”, onde refrigerador e freezer estão lado a lado para garantir maior aproveitamento do espaço vertical, assim, aumentando a eficiência em conjunto da tecnologia Smart Cooling, que distribui de maneira uniforme a temperatura por todo refrigerador e freezer, sem ter o acúmulo de gelo garantindo melhor higiene e conservação dos alimentos. Sem falar no compressor Inverter, que não gera picos de funcionamento e ajuda na economia de energia. As temperaturas são facilmente configuradas a partir do painel digital. Cujo display, possui diversas funções e configurações para você alterar as preferências tanto do freezer quanto do refrigerador. Garantindo que o Refrigerador sempre atenderá suas necessidades quando precisar. Além de tornar sua cozinha muito mais atraente e completa!<br><br>ESPECIFICAÇÕES DO PRODUTO:<br>• Voltagem: 220v<br>• Capacidade de 434L (289L no refrigerador e 145L no freezer)<br>• Classificação ""A"" em eficiência energética<br>• Sistema de refrigeração Frost Free<br>• Side by side (freezer na porta esquerda e refrigerador na porta direita)<br>• Dispenser de água na porta com abastecimento manual (3L de capacidade)<br>• Painel touch <br>• Controle de temperatura do freezer e refrigerador de forma independente<br>• Freezer com temperaturas de -14°C a -22°C<br>• Refrigerador com temperaturas de 2 a 8°C<br>• Funções Smart, Eco, turbo freezer e turbo refrigerador<br>• Alarme de porta aberta<br>• Iluminação interna LED<br>• Porta em aço com tratamento anti-corrosão<br>• Prateleiras em vidro temperado<br>•Divisão do refrigerador: 4 prateleiras, 2 gavetas, 3 prateleiras de porta e reservatório de água<br>• Divisão do freezer: 4 prateleiras, 2 gavetas e 4 prateleiras de porta<br>• Compressor inverter<br>• Garantia de 12 meses contra defeito de fabricação<br><br>IMAGENS MERAMENTE ILUSTRATIVAS","{""capacidade_liquida_total"":""434 L"",""marca"":""Philco"",""tipo_de_degelo"":""Frost Free"",""voltagem"":""220 V""}",434 L,,Philco,,Frost Free,220 V,,,434 Litros,Não informado,Philco,Aço,Frost Free,220v,Não informado,434L,,Philco,Aço,Frost Free,220V,2 Portas,434L
lojasedmil||75813,Geladeira Consul CRB39AK Frost Free 1 Porta 342 Litros Evox,"A geladeira consul CRB39 conta com um design discreto e alta capacidade no congelador para facilitar ainda mais o seu dia a dia. Ela é a primeira geladeira frost free do mercado com 1 porta. Seu sistema frost free vai facilitar sua rotina na cozinha, pois com ele o refrigerador consul não junta gelo nas paredes internas e nem molha o chão na hora da limpeza. O controle de temperatura é externo, para que você selecione a temperatura de acordo com a sua necessidade e preferência sem precisar abrir a porta, economizando tempo e reduzindo o consumo de energia do produto. Seu compartimento extra-frio é perfeito para guardar aqueles alimentos que precisam de maior refrigeração, como queijos, frios e iogurtes. Seu freezer possui capacidade para até 47 litros e sua geladeira conta com 295 litros, totalizando 342 litros. Além de todos esses benefícios, a geladeira consul frost free possui ainda 1 gavetão para frutas e legumes, porta latas e pés niveladores. Distribua os alimentos de forma organizada com a geladeira 1 porta, pois ela possui 3 prateleiras no refrigerador, 1 no freezer e 4 na porta.","{""capacidade_liquida_total"":""342 L"",""marca"":""Consul"",""material"":""Evox"",""quantidade_de_portas"":""1 Porta"",""tipo_de_degelo"":""Frost Free"",""voltagem"":""127 V""}",342 L,,Consul,Evox,Frost Free,127 V,1 Porta,,342 Litros,Não informado,Consul,Não informado,Frost Free,Não informado,1 Porta,Não informado,Evox,Consul,Evox,Frost Free,110V,1 Porta,342L
magazineluiza||010056100,Refrigerador Duplex Titanium Frost Free 453 Litros,,"{""capacidade_liquida_total"":""453 L"",""marca"":""Mabe"",""tipo_de_degelo"":""Frost Free""}",453 L,,Mabe,,Frost Free,,,,453 Litros,Titanium,Não informado,Não informado,Frost Free,Não informado,Duplex,Não informado,Titânio,Mabe,,Frost Free,110V,2 Portas,453L
lojasguaibim1||900614,Refrigerador Panasonic Frost Free Duplex 483L NR-BT55PV2X,"O refrigerador Panasonic Frost Free Duplex Inverter 483L NR-BT55PV2X Inox garante sofisticação a sua cozinha.<br><br>Economia de energia com Inverter<br>Além da economia de mais de 43% refletida na conta de luz, a tecnologia Inverter também deixa as geladeiras mais silenciosas e com o congelamento mais rápido, já que regula o compressor de acordo com a temperatura que varia com o abre e fecha da porta e com a quantidade de comida.<br><br>Geladeira livre de bactérias com Sistema Antibacteria*<br>Mantenha sua geladeira e alimentos livres de bactérias com o sistema Antibacteria. Por meio da combinação entre a luz azul e um filtro de nanopartículas de prata, a geladeira Panasonic reproduz um efeito natural que elimina 99,99% das bactérias nocivas à saúde.<br><br>Monitoramento de uso diário com Econavi<br>Economize ainda mais energia*. O Econavi monitora o uso da geladeira Panasonic no seu dia a dia, fazendo com que ela funcione de acordo com a rotina da casa e economizando energia através de sensores de abertura de portas, luminosidade (interna e externa) e temperatura.<br><br>Nutrientes potencializados com Vitamin Power*<br>A geladeira Panasonic BT55 potencializa os nutrientes dos alimentos. Isso porque ela possui a gaveta Fresh Zone com Vitamin Power, que intensifica as vitaminas C e D por meio de luzes LED especiais.<br><br>Gavetão de hortifrúti<br>Tenha mais espaço para organizar suas frutas e legumes e os mantenham mais frescos por mais tempo.<br><br>Compartimento Extrafrio<br>Conserve melhor os alimentos como carne, frios e laticínios.<br><br>Atenção:<br><br>1. Verifique a voltagem correta para o seu equipamento. Grande parte dos eletrodomésticos no Brasil está disponível em duas voltagens: 110V ou 220V. Certifique-se qual a voltagem de sua residência e selecione o produto conforme essa especificação.<br>2. Devido às normas da ABNT e às resoluções no 13 de 2006, no 2 de 2007 e no 8 de 2009 do CONMETRO, os fabricantes estão mudando as tomadas para o novo padrão. Para utilizar este produto, será preciso adaptador ou a troca da tomada antiga. Não nos responsabilizamos por esta alteração.","{""capacidade_liquida_total"":""483 L"",""cor"":""Inox"",""marca"":""Panasonic"",""material"":""Inox"",""tipo_de_degelo"":""Frost Free"",""voltagem"":""220 V""}",483 L,Inox,Panasonic,Inox,Frost Free,220 V,,,483L,Inox,Panasonic,Não informado,Frost Free,Não informado,Duplex,Não informado,Inox,Panasonic,,Frost Free,220V,2 Portas,483L
samsung||6023,Geladeira Duplex Inverse Evolution SmartThings Samsung  RB50 Black Inox 462L,"Geladeira Samsung BMF SmartThings 462L Black Inox All-around CoolingTM Para preservar os alimentos na condição ideal, o sistema All-around CoolingTM refrigera igualmente todos os compartimentos através de várias saídas de ar. Assim, a temperatura se mantém uniforme e constante, colaborando para a conservação dos alimentos. Power Freeze Permite congelar e resfriar rapidamente alimentos e bebidas, ao toque de um botão. Ideal para congelar alimentos e fazer gelo mais rápido. Fábrica de gelo Twist Saborear uma bebida acompanhada de cubos de gelo é muito bom. Basta girar o suporte para que o gelo caia em um reservatório.","{""cor"":""Inox"",""marca"":""Samsung"",""material"":""Inox"",""tipo_de_degelo"":""Frost Free"",""voltagem"":""127 V""}",,Inox,Samsung,Inox,Frost Free,127 V,,,462L,Black Inox,Samsung,Não informado,Frost Free,Não informado,Duplex,462L,Preto e Inox,Samsung,Inox,Frost Free,110V,2 Portas,462L
multiloja||36141,Geladeira Electrolux IF43S Frost Free Inverter Duplex 390L,"Preserve melhor seus alimentos e evite desperdícios com a Geladeira Electrolux Duplex Frost Free Efficient IF43S. Com exclusiva Tecnologia AutoSense, controla a temperatura automaticamente usando Inteligência Artificial e prolonga a vida dos alimentos por até 30 mais tempo. Sua Tecnologia Inverter mantém a temperatura mais estável, garantindo condições ideais para preservar seus alimentos e economia de até 30 de energia. Como diferencial, também possui uma prateleira deslizante que possibilita diferentes configurações internas e melhor organização dos alimentos.<br> <br> <br> Características:<br> Material em Inox<br> Painel Digital<br> Tecnologia Inverter<br> Capacidade do Refrigerador de 293L<br> Capacidade do freezer de 97L<br> Capacidade total de 390L<br> Refrigerador com 7 prateleiras e 1 gaveta<br> Freezer com 3 prateleiras<br> Gás Refrigerante R600A<br> Prateleira FastAdapt<br> Separador de Garrafas<br> Porta-Condimentos<br> Porta ovos<br> Forma de gelo<br> Luz de LED<br> Gaveta HortiNatura<br> Nível de Ruído 48 dB<br> Inmetro - 005404/2016<br> <br> <br> Dimensões:<br> Altura: 176,9 cm<br> Largura: 60 cm<br> Profundidade: 71,7 cm<br> Peso: 55,90 kg<br> <br> <br> Garantia do fornecedor de 12 meses","{""cor"":""Inox"",""marca"":""Electrolux"",""material"":""Inox"",""tipo_de_degelo"":""Frost Free"",""voltagem"":""127 V""}",,Inox,Electrolux,Inox,Frost Free,127 V,,,390L,Não informado,Electrolux,Inox,Frost Free,Não informado,2,390L,Inox,Electrolux,Inox,Frost Free,110V,2 Portas,390L
mega-mamute||13276,Geladeira Consul Cycle Defrost Duplex Branco 334L CRD37 110V,"A Geladeira/Refrigerador CRD37 EBANA da Consul conta com mais espaço interno para você guardar seus alimentos, além de freezer com 76 litros de capacidade. Possui controle eletrônico de temperatura, gerando mais economia de energia, o amplo freezer e a prateleira na porta facilita a organização dos seus alimentos congelados. Conta com gavetão de legumes onde você irá organizar e visualizar melhor os alimentos. Tem grande economia de energia e possui classificação A, o que garante seu baixo consumo de energia. As prateleiras são removíveis e reguláveis com muito mais facilidade na hora de limpar! Essa geladeira possui 334 litros de capacidade total, tem tecnologia Cycle Defrost, para que você precise descongelar a geladeira apenas 2 vezes ao ano. Ela possui também 15 níveis de altura, para ajustar as prateleiras e ter o melhor aproveitamento do espaço interno e o compartimento Gelo Extra, que permite armazenar mais gelo no freezer. Além disso conta com 2 portas, uma para o congelador e outra para a geladeira facilitando assim o seu dia-a-dia.","{""capacidade_liquida_total"":""334 L"",""cor"":""Branco"",""marca"":""Consul"",""tipo_de_degelo"":""Cycle Defrost"",""voltagem"":""127 V""}",334 L,Branco,Consul,,Cycle Defrost,127 V,,,334L,Branco,Consul,Não informado,Cycle Defrost,110V,2,334 litros,Branco,Consul,,Cycle Defrost,110V,2 Portas,334L
efacil||192956-75,"Refrigerador Electrolux, 260 Litros DC35A, Cycle Defrost, 2 Portas, Branco","A geladeira Electrolux Cycle Defrost DC35A possui um design único e moderno, com puxador ergonômico e integrado, que é embutido e super fácil de limpar. O modelo é duplex, com degelo manual na cor branca, que combina com qualquer cozinha. Sua capacidade líquida é de 260 litros e tem um super freezer com capacidade 53 litros que atinge até -18oC que garante a qualidade dos alimentos congelados por mais tempo. O refrigerador contém vários tipos de compartimentos para você deixar tudo organizado. Ele conta com um trava-garrafas na porta do refrigerador, que evita que as bebidas tombem no seu interior e líquidos sejam derramados. Tem também o porta-ovos para 12 unidades que garante melhor distribuição do espaço interno de ainda é removível, isso ajuda na hora da limpeza. Conta também com gavetão transparente para frutas e legumes e prateleiras removíveis, sendo assim você pode regular a altura da maneira que preferir e guardar alimentos volumosos sem problemas. O modelo ainda tem um porta latas reversível para 05 unidades. Ideal para tornar seu dia a dia muito mais prático e sua cozinha ainda mais moderna.","{""capacidade_liquida_total"":""260 L"",""cor"":""Branco"",""marca"":""Electrolux"",""quantidade_de_portas"":""2 Portas"",""tipo_de_degelo"":""Cycle Defrost"",""voltagem"":""220 V""}",260 L,Branco,Electrolux,,Cycle Defrost,220 V,2 Portas,,260 Litros,Branco,Electrolux,Não informado,Cycle Defrost,Não informado,2 Portas,Não informado,Branco,Electrolux,,Cycle Defrost,220V,2 Portas,260L
lojastaqi||229782,"Geladeira / Refrigerador Brastemp Frost Free Inverse BRE57FK, 447 Litros, Inox ","<br> Imagine uma geladeira que não apenas armazena seus alimentos com eficiência, mas também se adapta ao seu estilo de vida movimentado. Apresentamos a Geladeira Brastemp, uma obra-prima de design e funcionalidade. A escolha perfeita para você. <br><br><br> Esta Geladeira Brastemp não é apenas bonita por fora, mas também possui uma impressionante quantidade de recursos tecnológicos. O sistema Frost Free elimina a necessidade de descongelamento manual, enquanto o tipo Inverse garante uma disposição inteligente dos compartimentos, colocando os itens mais utilizados ao seu alcance. <br><br> Com suas prateleiras Infinity e sistema Space Adapt, esta Geladeira Brastemp oferece versatilidade para organizar seus alimentos conforme suas necessidades. Seu design inteligente e altamente eficiente em termos de energia, com uma classificação de eficiência energética A+++, permite economizar energia sem sacrificar o desempenho. <br><br> Características: <br><br> Marca: Brastemp <br><br> Modelo: BRE57 <br><br> Ref: BRE57FK <br><br> Cor: Inox <br><br> Especificações: <br><br> Portas: 2 (duas) <br><br> Capacidades <br><br> Capacidade Total: 447 litros <br><br> Capacidade Freezer: 136 litros <br><br> Capacidade Geladeira: 311 litros <br><br> Tipo de degelo: Frost Free <br><br> Tipo Refrigerador: Inverse <br><br> Recipiente para guardar gelo <br><br> Gavetas: 3 <br><br> Porta ovos: Sim <br><br> Alarme de porta aberta <br><br> Display: Touch Screen <br><br> Controle de temperatura <br><br> Mostrador frontal de temperatura <br><br> Painel eletrônico: Externo <br><br> Níveis de temperatura: 5 <br><br> Localização do freezer: Embaixo <br><br> Smart Flow <br><br> Carbon AirFilter <br><br> Safe Power <br><br> Turbo Freezer <br><br> Twist ice <br><br> Fresh Box <br><br> Prateleiras Infinity <br><br> Turbo Ice <br><br> Space Adapt <br><br> Itens Inclusos: <br><br> 01 Geladeira <br><br> Alimentação: <br><br> Consumo de energia: 46,5 kWh <br><br><br> Consumo/Eficiência Energética: A+++ <br><br> Dimensões: <br><br> Tamanho (AxLxP): 184,5 x 70 x 75,5 cm <br><br> Peso:77 kg <br><br> Tamanho da embalagem (AxLxP): 188,2 x 75 x 78,6 cm <br><br> Peso:79 kg <br><br> Garantia: 12 meses<br><br> *NÃO FATURAMOS PARA CNPJ<br>","{""cor"":""Inox"",""marca"":""Brastemp"",""material"":""Inox"",""tipo_de_degelo"":""Frost Free"",""voltagem"":""220 V""}",,Inox,Brastemp,Inox,Frost Free,220 V,,,447 Litros,Inox,Brastemp,Não informado,Frost Free,Não informado,2,447 litros,Inox,Brastemp,,Frost Free,220V,2 Portas,447L
continentalcenter||760600032613040201,Refrigerador Brastemp Clean 2 Portas 352 Litros Branco Frost Free 127v,"Refrigerador Brastemp Clean 2 Portas 352 Litros Branco Frost Free 127v   <p> Frost Free </p> <p>Não precisa descongelar nunca.</p> <p> Porta-latas removível </p> <p>Porta-latas que vai a mesa e ao freezer. Assim fica mais fácil e prático gelar as latinhas e você não precisa equilibrá-las para colocar todas na mesa. </p> <p> Maxi freezer de 80 litros </p> <p>Muito mais espaço para seus congelados.</p> <p> Controle eletrônico de temperatura externo </p> <p>Mais fácil de controlar a temperatura. E você ainda economiza energia porque não precisa abrir a porta para fazer os ajustes que quiser.</p> <p> Fruteira removível </p> <p>A fruteira funciona como uma cestinha ou peneira que você pode usar para lavar as frutas na pia, encaixar na base e levar direto para a mesa. Assim, a água que escorre da fruta não fica em contato direto com alimento.</p> ","{""capacidade_liquida_total"":""352 L"",""cor"":""Branco"",""marca"":""Brastemp"",""quantidade_de_portas"":""2 Portas"",""tipo_de_degelo"":""Frost Free"",""voltagem"":""127 V""}",352 L,Branco,Brastemp,,Frost Free,127 V,2 Portas,,352 Litros,Branco,Brastemp,Não informado,Frost Free,127v,2 Portas,Não informado,Branco,Brastemp,, Frost Free,110V,2 Portas,352L
leonfer||273,Refrigerador 433 Litros Electrolux 2 Portas Frost Free TF51 - Branco,"Refrigerador Electrolux com painel blue touch!<br>Tecnologia aliada a funções como: compras, férias, turbo freezer, drink express e controle de temperatura do freezer para a melhor performance do refrigerador e adaptação às diversas ocasiões. Diversas funções digitais para controlar o refrigerador e facilitar o dia a dia.<br>Gavetão de frutas e legumes que proporciona maior organização e melhor visualização dos alimentos.<br>Drink Express: Compartimento para latas e garrafas que ao ser acionado pelo painel resfria as bebidas rapidamente. Bebibdas mais geladas em menos tempo; Turbo Freezer:<br>Compartimento no freezer que congela mais rápido os alimentos; Ice Twister: Gelo a qualquer hora de forma prática e simples; Prateleiras para alimentos frescos para conservar melhor os alimentos e prateleira funda na porta com espaço para garrafas de até 2,5 litros, armazena grande sitens com mais segurança e aproveitando o espaço da contra porta do refrigerador.<br><br><br>Características:<br>Painel blue touch<br>Gavetão de frutas e legumes<br>Drink Express<br>Turbo Freezer<br>Ice Twister<br><br><br>Especificações Técnicas:<br>Tensão elétrica (V) 127V ou 220V (Não é bivolt)<br>Frequência (Hz) 60<br>Capacidade Líquida Refrigerador (L) 319<br>Capacidade Líquida Congelador (L) 114<br>Capacidade Total Líquida (L) 433<br>Capacidade Bruta Refrigerador (L) 328<br>Capacidade Bruta Congelador (L) 138<br>Capacidade Total Bruta (L) 466<br><br><br>Dimensões:<br>Altura: 184 cm<br>Largura: 70.5 cm<br>Profundidade: 76.7 cm<br>Peso: 73.5 kg<br><br><br>Garantia do Fornecedor de 12 Meses","{""capacidade_liquida_total"":""433 L"",""cor"":""Branco"",""marca"":""Electrolux"",""quantidade_de_portas"":""2 Portas"",""tipo_de_degelo"":""Frost Free"",""voltagem"":""127 V""}",433 L,Branco,Electrolux,,Frost Free,127 V,2 Portas,,433,Branco,Electrolux,Não informado,Frost Free,127V ou 220V,2,433 Litros,Branco,Electrolux,,Frost Free,110V,2 Portas,433L
lojasmm||11514,Geladeira Frost Free CRM50HB Duplex 410 Litros Consul,"Sua cozinha vai ficar muito mais bonita e organizada com a Geladeira CRM50 da Consul. Tem capacidade de 410 litros e porta Duplex, voce tem espaço de sobra para armazenar e organizar os alimentos da forma que quiser, acessando o que precisa a qualquer momento, sem dificuldades. Isso porque ele possui prateleira flex, assim voce organiza seu espaço conforme sua necessidade. E tem mais, com o filtro antiodor a agua nao vai mais ficar com gosto de geladeira, ja o gelo extra voce armazena 2x mais gelo no compartimento, assim voce reserva o gelo pronto enquanto suas forminhas ficam disponiveis para preparar mais gelo.<br> <br> Caracteristicas:<br> Modelo: CRM50HB<br> Capacidade: 410 litros<br> Tipo de Degelo: Frost Free<br> Compartimento extra frio: Sim<br> Porta ovos: Sim<br> Porta reversivel: Nao<br> Numero de portas: 2<br> Dispenser de agua: Nao<br> Porta latas: Nao<br> Capacidade freezer: 99 litros<br> Recipiente para guardar gelo: Sim<br> Trava de segurança: Nao<br> <br> Dimensoes do produto:<br> Altura: 173,9 cm<br> Largura: 69,5 cm<br> Profundidade: 71,9 cm<br> Peso: 71 kg<br> <br> Garantia do fornecedor: 12 meses","{""capacidade_liquida_total"":""410 L"",""cor"":""Branco"",""marca"":""Consul"",""tipo_de_degelo"":""Frost Free"",""voltagem"":""220 V""}",410 L,Branco,Consul,,Frost Free,220 V,,,410 Litros,Não informado,Consul,Não informado,Frost Free,Não informado,2,410 litros,Branco,Consul,,Frost Free,220V,2 Portas,410L
dufrio||100255316,GeladeiraRefrigerador Electrolux Top Freezer 431 Litros Frost Free Platinum TF55S  220V,"Geladeira/Refrigerador Electrolux Top Freezer 431 Litros Frost Free Platinum TF55S <p>Com essa Geladeira Electrolux sua cozinha será valorizada com esse item moderno e com ótimo design, mantém seus alimentos muito bem conservados.</p><p>Conta com o maior Freezer com capacidade de 128 Litros além de ser o maior, é Frost Free sem ter a preocupação em descongelar para limpeza, e espaço de sobra para armazenar seus alimentos.</p><p>Ainda possui sistema de prateleiras reversíveis no freezer e no refrigerador, <strong>Fast Adapt</strong> que auxilia na organização interna da geladeira, disponibilizando mais espaço para guardar seus alimentos. Diga a deus a preocupação de espaço! </p><p>Conta ainda com a função<strong> Ice Max </strong>compartimento para produção de gelo com sistema exclusivo sem respingos e sem odores, mantendo os cubos de gelos intactos.</p><p>E a Função <strong>Compras, Férias e Festa</strong> escolha automaticamente a temperatura ideal para cada uma dessas situações.</p><p>Seu Painel digital, muito fácil de usar, o display digital permite que você acesse todas as funções do refrigerador sem complicações.</p><p>A iluminação azul garante um ar moderno e elegante para a sua geladeira, e ainda trás baixo consumo de energia com a iluminação de LED.</p><p>Não poderia deixar de falar da Função <strong>Turbo Freezer e Drink Express </strong>um compartimento de congelamento rápido para alimentos e bebidas.</p><p>E ainda conta com um gavetão para armazenar e preservar por mais tempo suas frurtas verduras.</p>","{""capacidade_liquida_total"":""431 L"",""cor"":""Platinum"",""marca"":""Electrolux"",""quantidade_de_portas"":""2 Portas"",""tipo_de_degelo"":""Frost Free"",""voltagem"":""220 V""}",431 L,Platinum,Electrolux,,Frost Free,220 V,2 Portas,,431 Litros,Platinum,Electrolux,Não informado,Frost Free,220V,Não informado,Não informado,Platina,Electrolux,,Frost Free,220V,2 Portas,431L
mega-mamute||19212,Geladeira Multidoor Electrolux 585 Litros DQ90X FlexiSpace Inverter Inox 110V,"Pensando em inovação, a Electrolux desenvolveu a Geladeira Multidoor Inox Conectada com FlexiSpace DQ90X, de 90 cm de largura, 4 portas, oferece conectividade com controle à distância através do aplicativo Electrolux, possui um compartimento inteligente com temperatura variável, FlexiSpace, que amplia o espaço do freezer ou da geladeira, armazenando diferentes tipos de alimentos e bebidas de acordo com a temperatura ideal de preservação: freezer (-23°C), carnes e peixes (-2 °C), bebidas frias (0 °C), alimentos frescos (3 °C) e vinhos (7 °C).<br><br>Modelo: DQ90X<br>PN: 01594FBA189<br>Marca: Electrolux<br><br>Acabamento da Porta: Inox<br>Agua na Porta: Sim<br>Alarme de Porta Aberta: Sim<br>Capacidade Bruta Congelador (l): 268<br>Capacidade Bruta Refrigerador (L): 413<br>A Tecnologia Inverter mantém a temperatura interna no ponto certo e economiza até 30 por cento de energia<br><br>Capacidade de congelamento (Kg/24h): 10<br>Capacidade Dispenser de Agua: 750ml<br>Capacidade Líq. Congelador (l): 222<br>Capacidade Liq. Refrigerador (L): 363<br>O Sistema Fast Adapt e prateleiras reversíveis/retráteis em todos os compartimentos permitem melhor adaptação do espaço interno.<br>Capacidade Total de Armazenamento (L): 585<br><br>Classificacao Energetica: A<br>Compartimento Congelamento Rapido: Sim<br>Consumo (Kw): 62,5<br>Conteúdo da Embalagem: Embalagem de filme plástico com EPS nas laterais, topo e base e um topo complementar de papelão para os pictogramas informativos<br>Cor da Porta: Inox<br>Cor do Gabinete: Aço pintado<br><br>Degelo Automatico: Sim<br>Desodorizador: Sim<br>Frequência (Hz): 60<br>Gelo na Porta: Sim<br>Iluminacao Interna: Sim<br>Instalação Gratuita: Sim<br><br>Maquina de Gelo Automatica: Sim<br>Material das Prateleiras: Vidro<br>Função Meat e Fish, você pode manter seus alimentos frescos por até 7 dias sem congelar<br>Painel Digital: Sim<br>Pes Niveladores: Sim<br>Porta Laticinios: Sim<br><br>Prateleiras de Vidro Temperado: Sim<br>A gaveta TasteLock conta com vedação e controle automático de umidade, e junto com o TasteGuard com Pure Air Filter, o ar interno da sua geladeira Electrolux estará livre dos maus odores causados por bactérias.<br>Prateleiras na Porta: Sim<br>Prateleiras Regulaveis: Sim<br>Quantidade de Portas: 4<br><br>Rodizios: Sim<br>Selo Procel: Sim<br>Sistema: Frost Free<br>Tecnologia: Frost Free<br>Temperatura do congelador: -23 oC<br>Tempo maximo de conservacao sen energia: 11 horas<br><br>Com o TwinTech Dual Cooling, cada compartimento da sua geladeira tem a temperatura e umidade isolados, evitando que os odores se misturem entre os alimentos.<br>Voltagem: 110V<br>Timer: sim<br>Tipo: French door<br><br>Dimensões (A x L x P): 178,2 x 91,3 x 75,2 cm<br>Peso: 135 Kg<br><br>Conteúdo da Embalagem:<br>01 x Gerladeira<br>01 x Manual de Instruções<br><br>Garantia: 12 meses com a fabricante<br>Fabricante: Electrolux<br>","{""capacidade_liquida_total"":""585 L"",""cor"":""Inox"",""marca"":""Electrolux"",""tipo_de_degelo"":""Frost Free"",""voltagem"":""127 V""}",585 L,Inox,Electrolux,,Frost Free,127 V,,,585,Inox,Electrolux,Não informado,Frost Free,110V,4,585,Inox,Electrolux,Inox,Frost Free,110V,4 Portas,585L
lojasminateles||FAUSTO1345042,Refrigerador Brastemp BRM44HK Frost Free com Gavetão de Legumes Fresh Zone Inox - 375L,"<p><em>A Geladeira Brastemp Frost Free Duplex BRM44 375 litros conta com design sofisticado e grande capacidade para armazenar os alimentos. Vem com Painel Eletrônico, compartimento Latas e Long Necks e compartimento Extrafrio.</em></p><p><em>CARACTERÍSTICAS</em></p><p><em>Tipo de Degelo Frost Free</em></p><p><em>Características Gerais</em></p><p><em><strong>Latas e Long Necks</strong> </em></p><p><em>Compartimento especial que se encaixa perfeitamente no freezer ou na geladeira e possibilita gelar as bebidas de forma eficaz. Com o espaço perfeito para 3 garrafas long neck ou 6 latas, ele pode gelar tanto a cerveja quanto o refrigerante. </em></p><p><em><strong>Compartimento extra frio</strong> </em></p><p><em>Gele as bebidas mais rápido e conserve melhor frios e laticínios. Gavetão de legumes Fresh Zone Suas frutas e verduras organizadas e conservadas por mais tempo com o sistema Fresh Zone. </em></p><p><em>Acesso rápido</em></p><p><em><em>Compartimento de fácil acesso para armazenar os itens que você mais usa. Temperos Compartimento específico para guardar e deixar seus temperos sempre à mão.</em></em></p><p><em>Dispenser de água gelada: Não</em></p><p><em>Dispenser de gelo: Não</em></p><p><em>Porta-latas: Sim</em></p><p><em>ESPECIFICAÇÕES TÉCNICAS</em></p><p><em>Consumo (kWh) 127V - 54 kWh | 220V - 54 kWh</em></p><p><em>Capacidade de armazenagem total (L): 375</em></p><p><em>Capacidade de armazenagem do refrigerador (L): 288</em></p><p><em><em>Consumo de Energia A </em></em></p><p><em>Capacidade de armazenagem do freezer (L): 86</em></p><p><em>Garantia: 12 meses</em></p><p><em>Cor: Inox</em></p><p><em>Eficiência Energética : A</em></p>","{""tipo_de_degelo"":""Frost Free"",""voltagem"":""127 V""}",,,,,Frost Free,127 V,,,375L,Inox,Brastemp,Não informado,Frost Free,127V - 220V,Não informado,375,Inox,Brastemp,,Frost Free,110V,2 Portas,375L
whirlpool||326030990,Geladeira Frost Free Duplex Brastemp 462 litros cor Inox com Turbo Control - BRM56BK,"A Geladeira Brastemp Frost Free Duplex BRM56 462 litros conta com a função Turbo Ice – gelo mais rápido sempre que precisar, com aviso de quando está pronto. Vem também com o Twist Ice Advanced, o Espaço Adapt e o compartimento Turbo Control.","{""capacidade_liquida_total"":""462 L"",""cor"":""Inox"",""marca"":""Brastemp"",""material"":""Aço Inox"",""quantidade_de_portas"":""2 Portas"",""tipo_de_degelo"":""Frost Free"",""voltagem"":""Bivolt""}",462 L,Inox,Brastemp,Aço Inox,Frost Free,Bivolt,2 Portas,,462 litros,Inox,Brastemp,Não informado,Frost Free,Não informado,Duplex,Não informado,Inox,Brastemp,Evox,Frost Free,110V,2 Portas,611L
efacil||2223299,"Refrigerador LG 611 Litros GC-L257SLP  Side by Side, Inverter, Inox","Características Principais do Produto:<br>Alimentação: Disponível em 110V ou 220V<br>Altura: 179,0 cm<br>Capacidade Total Líquida:<br>Comprimento: 73,5 cm<br>Cor: Inox<br>Largura: 91,3 cm<br>Marca: LG<br>Peso: 111 Kg<br>Quantidade de portas: 2 Portas<br>Tipo de Refrigerador: Geladeira 2 Portas<br>Anatel: 18684-20-06456<br><br>Caracteristícas Adicionais:<br>Wi-Fi ThinQ<br>Gaveta de verduras<br>Door Cooling+<br>LINEAR Cooling<br>Dispenser de gelo e água<br>Máquina de gelo automática<br>Express Freeze<br><br>Dimensões do produto:<br>Altura do produto: 179,0 cm<br>Largura do produto: 91,3 cm<br>Comprimento do produto: 73,5 cm<br>Peso do Produto: 111 Kg<br><br>Garantia: 1 Ano (Ofertada pelo Fornecedor)<br><br>Fornecedor: LG<br>","{""cor"":""Inox"",""marca"":""LG"",""quantidade_de_portas"":""2 Portas"",""voltagem"":""Bivolt""}",,Inox,LG,,,Bivolt,2 Portas,,611 Litros,Inox,LG,Não informado,Frost Free,110V ou 220V,2 Portas,Não informado,Inox,LG,,,110V,2 Portas,611L
lojasbenoit||100750,Refrigerador / Geladeira Electrolux DC51 475L Duplex Clycle DeFrost,"<br> Tipo de degelo: CycleDefrost <br> Capacidade de armazenagem total (L): 475 <br> Capacidade de armazenagem do refrigerador (L): 320 <br> Capacidade de armazenagem do freezer (L): 155 <br> Porta: 2 <br> Classificação de consumo (Selo Procel): A <br> Prateleira: 5 <br> Tipo de prateleira: Removível <br> Gaveta: Refrigerador: 1 gaveta <br> Iluminação interna: Sim <br> Separador de garrafas: Sim <br> Porta ovos: Sim <br> Porta laticínios: Sim <br> Recipiente para guardar gelo: Sim <br> Porta-latas: Sim <br> Cor: Branco <br> Voltagem: 110V ou 220V (não é bivolt) <br> Classificação de consumo (Selo Procel): A <br> Consumo (kWh): 58,8 <br> Peso (kg): 82 <br> Referência: DC51 <br> Dimensões (AxLxP): 189 x 70,2 x 73,3 cm <br> Itens Inclusos: - 1 refrigerador Electrolux 475L - 1 manual do produto <br> Informações importantes: Imagens meramente ilustrativas. Objetos que ambientam as fotos não acompanham o produto. As tonalidades das cores dos produtos podem sofrer alterações de acordo com a calibração do seu monitor. Este produto não inclui montagem e instalação. Não nos responsabilizamos, no ato da entrega, por desmontagens, subir escadas, elevadores ou transporte por guincho para apartamentos. Eventuais despesas são de responsabilidade do cliente. <br> Registro INMETRO: Inmetro: informações relativas a certificação constam nas imagens acima <br> Garantia Fabricante: 12 meses","{""capacidade_liquida_total"":""475 L"",""cor"":""Branco"",""marca"":""Electrolux"",""tipo_de_degelo"":""Cycle Defrost"",""voltagem"":""220 V""}",475 L,Branco,Electrolux,,Cycle Defrost,220 V,,,475L,Branco,Electrolux,Não informado,CycleDefrost,110V ou 220V,2,475,Branco,Electrolux,,Cycle Defrost,220V,2 Portas,475L
carrefouroficial||5299853,Geladeira Brastemp Frost Free Duplex 2 Portas BRM45HK 375 Litros,"Painel: Touch<br> Quantidade de Cestos: 1.0<br> Quantidade de Gavetas: 1.0<br> Quantidade de Portas do Eletrodoméstico: 2<br> Quantidade de Prateleiras: 3.0<br> Tipo de Pés: Rodízio<br> Eficiência Energética: Classe A<br> Consumo Aproximado de Energia: 54 kw/h<br> Capacidade Total do Refrigerador: 375.0<br> Capacidade do Freezer: 86.0<br> Capacidade do Refrigerador: 288.0<br> Degelo: Frost Free<br> Sistema de Refrigeração: Frost Free<br> Tipo de Refrigerador: Duplex<br> Modelo: BRM45HK<br> Altura: 176.0<br> Largura: 62.1<br> Profundidade: 75.5<br> Peso: 58000.0<br> Potência: 104.0<br> Garantia do Fornecedor: 12.0<br> SAC do Fornecedor: (011) 3003 0099<br> Itens Inclusos: 1 Geladeira, 1 Manual de instruções<br> Marca: Brastemp<br> Condição do Produto: Novo","{""capacidade_liquida_total"":""375 L"",""cor"":""Inox"",""marca"":""Brastemp"",""quantidade_de_portas"":""2 Portas"",""tipo_de_degelo"":""Frost Free"",""voltagem"":""220 V""}",375 L,Inox,Brastemp,,Frost Free,220 V,2 Portas,,375 Litros,Não informado,Brastemp,Não informado,Frost Free,Não informado,2,3750,Inox,Brastemp,,Frost Free,220V,2 Portas,375L
lojasmm||12309,Refrigerador Samsung Frost Free Side By Side 3 Portas RS65,"Armazene diferentes alimentos e bebidas com a temperatura ideal, para que eles fiquem frescos e saborosos por mais tempo. A FlexZone_x0099_ e um compartimento controlado de forma independente.<br> Possui 4 modos pre-definidos que sao perfeitos para conservar carnes, gelar bebidas, manter frutas e vegetais frescos ou simplesmente armazenar ainda mais alimentos.<br> Essa tecnologia permite inclusive que voce transforme a terceira porta em uma cervejeira e mantenha suas bebidas na temperatura ideal sem congelar.<br> Armazene e organize seus alimentos com mais eficiencia e conveniencia1. A Side by Side RS65 de 3 portas possui 2 portas de geladeira e 1 de freezer. Com essa divisao da geladeira, ela minimiza a perda de ar frio2 em ate 55, para que voce economize energia e mantenha tudo bem organizado.<br> Mantenha sua comida fresca, mesmo se voce abrir e fechar a porta constantemente. A superficie Metal Cooling na parede traseira ajuda a manter a temperatura interna ideal. Ela retem o frio e previne a perda de ar frio quando a porta e aberta e ajuda a rapidamente recuperar qualquer temperatura perdida quando a porta e fechada.<br> <br> Modelo: RS65<br> Capacidade<br> Total (L): 602 <br> Freezer (L): 202 <br> Refrigerador (L): 400 <br> <br> Recursos de Refrigeramento<br> Compressor: Digital Inverter<br> Frost Free: Sim<br> Tecnologia de Refrigeraçao: All-around Cooling<br> Temperatura Geladeira: 1oC a 7oC<br> Prateleiras no Refrigerador: 3<br> Gavetas no Refrigerador: 2<br> Espaços Porta Refrigerador: 5<br> Quantidade de Ovos: 12<br> Rack para Vinhos: Sim<br> Porta Ovos: Sim<br> Power Cool (Resfriamento Rapido): Sim<br> Iluminaçao Interna: LED<br> <br> Recursos do Freezer<br> Temperatura Freezer: -15oC a -23oC<br> Prateleiras no Freezer: 4<br> Prateleira na porta: 2 <br> Power Freeze (Congelamento Rapido): Sim<br> Fabrica de Gelo: Automatica<br> Iluminaçao Interna: LED<br> Gavetas no Freezer: 2<br> <br> Numero de Portas: 3<br> Compartimento Flexivel: Flex Zone<br> Pes Ajustaveis com Rodizio: Sim<br> Conexao de Agua: Sim<br> Aviso Troca Filtro: Sim<br> Filtro de Agua: Externo<br> Filtro (Refil): HAFEX<br> Alarme de Porta Aberta: Sim<br> <br> Dimensoes do produto<br> Altura: 190,9cm<br> Largura: 97,4cm<br> Profundidade: 77,6cm<br> <br> Peso: 119kg <br> <br> Garantia: 3 meses","{""cor"":""Inox"",""marca"":""Samsung"",""quantidade_de_portas"":""3 Portas"",""tipo_de_degelo"":""Frost Free"",""voltagem"":""127 V""}",,Inox,Samsung,,Frost Free,127 V,3 Portas,,602 L,Não informado,Samsung,Não informado,Frost Free,Não informado,3,602 L,Inox,Samsung,,Frost Free,110V, 3 Portas,602L
ebomdecomprar||12439,Geladeira Panasonic Frost Free BT50 Inox 435L,"Econavi tecnologia exclusiva que economiza energia, monitorando o uso do refrigerador no dia a dia e fazendo-o funcionar de acordo com a rotina da casa. Até 27% de economia de energia baixo consumo de energia. Menos gasto para o bolso e mais amigável com o planeta! Biodesodorizador elimina o odor indesejável causado por alimentos dentro do refrigerador. JUMBO Freezer Freezer com 102 litros para caber todos os alimentos da família, com prateleiras profundas para potes de sorvetes de 2 litros.<br> <br> <br> Características:<br> Tipo: Duplex<br> Degelo: Frost Free<br> Classificação procel eficiência energética: a<br> Consumo aproximado de energia: 45,4 kwh mês<br> Desodorizador: sim<br> Gavetão hortifrúti: sim<br> Compartimento extra frio: sim<br> Controle de temperatura do freezer no painel externo:sim<br> Trava painel: sim<br> Porta ovos: sim<br> Iluminação led: led<br> Quantidade de portas: 2<br> Quantidade de prateleiras no refrigerador: 3 (vidro temperado)<br> Quantidade de prateleiras na porta do refrigerador: 4<br> Quantidade de gavetas no refrigerador: 1<br> Sistema de refrigeração: serpentina com fluído r600a<br> Tipo de pés: estabilizador<br> Material: aço<br> Litragem: 435<br> Recursos: french door<br> Capacidade útil do refrigerador: 333 litros<br> Capacidade útil do freezer: 102 litros<br> Capacidade útil total: 435 litros<br> <br> <br> Dimensões:<br> Altura: 175 cm<br> Largura: 69,5 cm<br> Profundidade: 75,4 cm<br> Peso: 68 kg<br> <br> <br> Garantia do fornecedor de 12 meses.","{""capacidade_liquida_total"":""435 L"",""cor"":""Inox"",""marca"":""Panasonic"",""tipo_de_degelo"":""Frost Free"",""voltagem"":""220 V""}",435 L,Inox,Panasonic,,Frost Free,220 V,,,435 litros,Inox,Panasonic,aço,Frost Free,Não informado,2,435L,Inox,Panasonic,Aço,Frost Free,220V,2 Portas,435L
magazineluiza||084242700,Geladeira/Refrigerador Panasonic Frost Free,"Refrigerador Frost Free [re] generation 435 litros da Panasonic. Possui painel, três prateleiras de vidro, removíveis, gavetão Hortifrúti com Vitamin Safe (gaveta mais úmida especialmente para guardar legumes e frutas com luz de LED especial que potencializa seus nutrientes), porta latas e garrafas, porta ovos, pés reguláveis e não contém CFC, não agride a camada de ozônio. A eficiência energética é classe A, tem baixo consumo de energia, além de possuir tecnologia exclusiva Econavi (Tecnologia exclusiva que garante até 10% de economia de energia, monitorando o uso do refrigerador no dia a dia e fazendo-o funcionar de acordo com a rotina da casa) e tecnologia Inverter (Reduz em 37% o consumo de energia, pois regula o compressor de acordo com a variação de temperatura de com o abre e fecha da porta e quantidade de comida interna. Tudo isso sem o barulhinho de liga/desliga).","{""capacidade_liquida_total"":""435 L"",""cor"":""Branco"",""marca"":""Panasonic"",""quantidade_de_portas"":""2 Portas"",""tipo_de_degelo"":""Frost Free"",""voltagem"":""127 V""}",435 L,Branco,Panasonic,,Frost Free,127 V,2 Portas,,435 litros,Não informado,Panasonic,Não informado,Frost Free,Não informado,Não informado,Não informado,Branco,Panasonic,,Frost Free,110V,2 Portas,435L
tabaratotolevando||147,Refrigerador Consul 275 Litros 2 Portas Frost Free com Bandeja Deslizante CRM35,"Agora sua geladeira se adapta às diferentes ocasiões uso como: dia de compras ou aquele almoço de domingo. Com o exclusivo sistema de regulagem, as prateleiras podem ser ajustadas em 8 níveis de altura para acomodar potes, jarras e alimentos de diversos tamanhos. Tudo isso de um jeito muito simples. Bem pensado né?<br><br><br>Bandeja Deslizante<br>A Bandeja Deslizante é uma ideia bem pensada para usar melhor os espaços da sua geladeira. Ela aproveita aquele espaço que sobra entre itens mais baixos e as prateleiras. Basta deslizá-la ao longo da prateleira e você ganha um novo espaço ou removê-la quando não for utilizá-la.<br><br><br>Especificações Técnicas:<br>Capacidade da Geladeira: 215 Litros<br>Capacidade do Freezer: 60 Litros<br>Capacidade total de armazenamento: 275 Litros<br>Tipo de Degelo: Frost Free<br>Controle de temperatura: Sim<br>Prateleiras removíveis: Sim<br>Recipiente para guardar gelo: Sim<br>Porta ovos: Sim<br>Pés niveladores: Sim<br><br><br>Dimensões do Produto:<br>Altura: 168,0 cm<br>Largura: 56,0 cm<br>Profundidade: 56,0 cm<br>Peso: 52 kg<br><br><br>Garantia do Fornecedor de 12 Meses.","{""capacidade_liquida_total"":""275 L"",""marca"":""Consul"",""quantidade_de_portas"":""2 Portas"",""tipo_de_degelo"":""Frost Free"",""voltagem"":""220 V""}",275 L,,Consul,,Frost Free,220 V,2 Portas,,275 Litros,Não informado,Consul,Não informado,Frost Free,Não informado,2 Portas,275 Litros,Branco,Consul,,Frost Free,220V,2 Portas,275L
electrolux||2002565,Geladeira Electrolux Frost Free 454L Efficient Inverse Branca (DB53),"<p> Tenha mais espaço e comodidade para guardar seus alimentos com o Refrigerador Frost Free Bottom Freezer 454 Litros DB53 . Com espaços específicos para todo tipo de alimento, você poderá organizá-los da melhor maneira possível. </p> <p> O Refrigerador Frost Free da Electrolux conta com prateleiras deslizantes para facilitar a sua vida e otimizar seu tempo. Ele também vem com espaços criados para ovos, frutas e legumes e um espaço no freezer para alimentos que precisam ser armazenados em temperaturas baixas. </p> <p> Tudo isso somado a um design que une praticidade e elegância, com o freezer na parte de baixo e a geladeira na parte de cima. Assim você terá mais facilidade no seu dia-a-dia. </p>","{""capacidade_liquida_total"":""454 L"",""cor"":""Branco"",""marca"":""Electrolux"",""tipo_de_degelo"":""Frost Free"",""voltagem"":""220 V""}",454 L,Branco,Electrolux,,Frost Free,220 V,,,454L,Branca,Electrolux,Não informado,Frost Free,Não informado,Não informado,454 Litros,Branco,Electrolux,,Frost Free,110V,2 Portas, 454L
lojaacheipneus||1003152-1003153,Geladeira Panasonic Frost Free 435L A+++ Aço Escovado NR-BT51PV3X 110V,"<p><strong>Geladeira Panasonic Frost Free 435L A+++ Aço Escovado - NR-BT51PV3X 110V</strong></p><p><br></p><p>Conheça as geladeiras Panasonic, as mais econômicas do Brasil, com o menor consumo de energia,</p><p>segundo tabela de eficiência energética do Inmetro*, gerando economia na conta de luz do consumidor.</p><p><br></p><p><strong>Especificações técnicas</strong></p><p><br></p><p>Marca: Panasonic</p><p>Litragem: 435 L</p><p>Capacidade do Refrigerador: 333 L</p><p>Capacidade do Freezer: 102 L</p><p>Voltagem : 110 V</p><p>Econavi: Sim</p><p>Painel Eletrônico: Sim</p><p>Controle de Temperatura do Freezer no Painel Externo: Sim</p><p>Inverter: Sim</p><p>Degelo: Frost Free</p><p>Dispenser de Água na Porta: Não</p><p>Dispenser de Gelo na Porta: Não</p><p>Eficiência Energética: A+++</p><p>Desodorizador: Sim</p><p>Antibacteria Ag: Sim</p><p>Turbo Freezer: Sim</p><p>Prateleira Retrátil: Não</p><p>Potência (W): 115 W</p><p>Consumo Aproximado de Energia: 35,4 kwh/mês</p><p>Gavetão Hortifrúti: Sim</p><p>Compartimento Extrafrio: Sim</p><p>Quantidade de Portas: 2 Portas</p><p>Quantidade de Prateleiras no Refrigerador: 3 (vidro temperado)</p><p>Quantidade de Prateleiras na Porta do Refrigerador: 4</p><p>Quantidade de Gavetas no Refrigerador: 1</p><p>Sistema de RefrigeraçãoSerpentina com fluído: R600a</p><p>Material: Aço</p><p>Possui LED: Sim</p><p>Porta Reversível: Não</p><p>Tipo de Pés: Estabilizador</p><p>Peso do Produto: 70 kg</p><p>Dimensão do Produto ( L x A x P ): 69,5 x 175 x 75,8 cm</p><p>Quantidade de Volume: 1 Volume</p><p>Itens Incluso: Manual de Montagem, Refrigerador, Porta Laticínios, Porta Ovos</p><p>Garantia do Fabricante: 12 Meses</p>","{""capacidade_liquida_total"":""435 L"",""marca"":""Panasonic"",""material"":""Aço Escovado"",""quantidade_de_portas"":""2 Portas"",""tipo_de_degelo"":""Frost Free"",""voltagem"":""127 V""}",435 L,,Panasonic,Aço Escovado,Frost Free,127 V,2 Portas,,435L,Aço Escovado,Panasonic,Aço,Frost Free,110V,2 Portas,Não informado,Cinza,Panasonic,Aço,Frost Free,110V,2 Portas,435L
guilhermeeletroonlyvendas||dba1deeefc0611ecadbc4201ac185079,Geladeira Refrigerador Brastemp Duplex BRM44 Frost Free 375 Litros - Branco - 220V -,"informações do produtoA Geladeira Brastemp Frost Free Duplex BRM44 375 litros conta com design sofisticado e grande capacidade para armazenar os alimentos. Vem com Painel Eletrônico, compartimento Latas e Long Necks e compartimento Extrafrio.A Geladeira Brastemp Frost Free Duplex 375 litros - BRM44 possui design sofisticado e grande capacidade para armazenar os alimentos. Com o compartimento Latas e Long Necks se encaixa perfeitamente no freezer ou na geladeira e possibilita gelar as bebidas de forma eficaz. Já o compartimento extrafrio, gela as bebidas mais rápido e conserva melhor frios e laticínios.- Latas e Long Necks- Compartimento extrafrio- Gavetão de legumes Fresh Zone- Posição do freezer: em cima- Painel de controle: Externo- Plug e Tomada: 10AImagens meramente ilustrativas.Todas as informações divulgadas são de responsabilidade do Fabricante/Fornecedor.ficha técnicaCódigo133257344Código de barras7891129252714, 7891129252707FabricanteBrastempMarcaBrastempVoltagem110V ou 220V (não é bivolt)Controle de TemperaturaSimTipos de GeladeiraDuplexDimensões Aproximadas do Produto c/ Pés Niveladores - cm (AxLxP)176x62,1x75,5cmPeso Aproximado do Produto (Kg)58kgCapacidade Total de Armazenamento (em litros)375Tipo de DegeloFrost FreeNúmeros de Portas2CorBrancoReferência do ModeloBRM44HBANAModeloBRM44HBVoltagem110V, 220V","{""capacidade_liquida_total"":""375 L"",""cor"":""Branco"",""marca"":""Brastemp"",""tipo_de_degelo"":""Frost Free""}",375 L,Branco,Brastemp,,Frost Free,,,,375 Litros,Branco,Brastemp,Não informado,Frost Free,110V ou 220V,2,375,Branco,Brastemp,,Frost Free,110V,2 Portas,375L
cookeletroraro||2003527,Geladeira LG Bottom Freezer Inverter 451 Litros Inox 110V GC-B659BSB,"<strong>Geladeira LG Bottom Freezer Universe 451 Litros Inox 110V GC-B659BSB </strong><br><br>A <strong>Geladeira LG Bottom Freezer Universe Refresh</strong> tem o freezer invertido, ou seja, para acessar com facilidade seus congelados, o freezer fica na parte inferior e a geladeira na parte superior, com portas individuais para guardar os alimentos de acordo com cada refrigeração. São 451 litros de capacidade total, sendo 329 litros da geladeira e 122 litros do freezer. A geladeira possui prateleiras móveis, de vidro temperado, são mais resistentes e permitem definir o espaço interno de acordo com sua necessidade. Inclusive, é possível levantar a parte frontal de uma das prateleiras para guardar utensílios maiores. As gavetas da geladeira são indicadas para legumes, verduras e frutas, apresentam controle de umidade e distribuição homogênea do ar, para alimentos expostos na temperatura ideal. Para o congelados, o freezer possui três gavetas, bandeja de gelo e iluminação de LED, para localizar seus congelados com facilidade.","{""capacidade_liquida_total"":""451 L"",""cor"":""Inox"",""marca"":""LG"",""material"":""Inox"",""tipo_de_degelo"":""Frost Free"",""voltagem"":""127 V""}",451 L,Inox,LG,Inox,Frost Free,127 V,,,451 Litros,Inox,LG,Não informado,Frost Free,110V,2 Portas,451 Litros,Inox,LG,,Frost Free,110V,2 Portas,451L
britania||6930,Refrigerador/Geladeira 403L French Door Philco PRF411I 4P,"A Geladeira 403L French Door Philco PRF411I 4P possui o conceito Inverse Plus com a disposição do freezer na parte inferior e a geladeira na parte superior. Com 270 litros de capacidade na geladeira e 133 litros de capacidade no freezer, a Geladeira Philco oferece uma solução harmoniosa para o ambiente, adaptando-se facilmente a espaços reduzidos. Ela também conta com a tecnologia Smart Cooling que Distribui de maneira uniforme a temperatura em todo o gabinete da geladeira e freezer proporcionando a conservação por igual de todos os alimentos. A Geladeira Philco PRF411I é classe ""A"" em eficiência energética, muito mais econômica. Além disso, o freezer pode ser ajustado para temperaturas entre -14°C e -22°C, enquanto a geladeira mantém uma faixa de temperaturas entre 2°C e 8°C. O elegante display digital da PRF411I possibilita acompanhar as temperaturas e funções selecionadas. Já a tecnologia Frost Free evita o indesejado acúmulo de gelo, garantindo mais higiene e a conservação mais adequada dos alimentos, além de facilitar a limpeza. • Capacidade de 403L (270L no refrigerador e 133L no freezer) • Classificação ""A"" em eficiência energética • Sistema de refrigeração Frost Free • Freezer inverse com abertura lateral independente • Painel touch • Controle de temperatura do freezer e refrigerador de forma independente • Freezer com temperaturas de -14°C a -22°C • Refrigerador com temperaturas de 2 a 8°C • Funções férias, turbo freezer e ECO • Alarme de porta aberta • Iluminação interna LED • Porta em aço com tratamento anti-corrosão • Prateleiras em vidro temperado • Divisão do refrigerador: 4 prateleiras, gaveta ajustável, gaveta de legumes e 3 prateleiras em cada porta • Divisão do freezer: 6 gavetas (3 de cada lado).","{""capacidade_liquida_total"":""403 L"",""marca"":""Philco"",""quantidade_de_portas"":""4 Portas"",""tipo_de_degelo"":""Frost Free"",""voltagem"":""127 V""}",403 L,,Philco,,Frost Free,127 V,4 Portas,,403L,Não informado,Philco,Aço,Frost Free,Não informado,4,403L,Inox,Philco,,Frost Free,110V ,4 Portas,403L
whirlpool||326031400,Geladeira Brastemp Frost Free Duplex 462 litros cor Inox* com Painel Eletrônico e Turbo control - BRM55BK,"A Geladeira Brastemp Frost Free Duplex BRM55 462 litros une capacidade, performance e melhor eficiência energética (classificação A++)*. Com o compartimento Turbo Control, aumente a potência de um dos lados para gelar bebidas e sobremesas ainda mais rápido; o Espaço Adapt na porta permite o armazenamento de itens de diversos tamanhos; e a Função Twist Ice permite abastecer e desenformar as formas de gelo facilmente. Tecnologias que se somam à economia de energia e entregam a exclusiva performance Brastemp.","{""capacidade_liquida_total"":""462 L"",""cor"":""Inox"",""marca"":""Brastemp"",""material"":""Inox"",""quantidade_de_portas"":""2 Portas"",""tipo_de_degelo"":""Frost Free"",""voltagem"":""Bivolt""}",462 L,Inox,Brastemp,Inox,Frost Free,Bivolt,2 Portas,,462 litros,Inox,Brastemp,Não informado,Frost Free,Não informado,Duplex,Não informado,Inox,Brastemp,,Frost Free,110V,2 Portas,462L
bendicasa||16685,Geladeira Electrolux Frost Free DB44 Inverse 400 Litros,"O refrigerador Bottom Freezer Efficient DB44 inverse da Electrolux, tem degelo Frost Free, cor branca e capacidade líquida total de 400L. Ele tem AutoSense, que controla a temperatura automaticamente usando inteligência artificial e prolonga a vida dos alimentos em até 30%. Já o seu gavetão, é a gaveta hortifruti que preserva suas frutas e verduras por mais tempo, com o espaço especial do gavetão de frutas. Isso sem contar no FastAdapt, que são prateleiras  que permitem 20 configurações internas para armazenar alimentos de diferentes tamanhos. Já o TasteGuard, elimina até 9x mais rápido os maus odores causados por bactérias, garantindo que sua geladeira permaneça sempre fresca e higiênica. Deixe sua cozinha mais bonita e moderna com esse refrigerador da Electrolux.","{""capacidade_liquida_total"":""400L"",""cor"":""Branco"",""marca"":""Electrolux"",""tipo_de_degelo"":""Frost Free"",""voltagem"":""127 V""}",400L,Branco,Electrolux,,Frost Free,127 V,,,400L,branca,Electrolux,Não informado,Frost Free,Não informado,Não informado,400 Litros,Branco,Electrolux,VCM,Frost Free,110V,2 Portas,400L
magazineluiza||236160700,Geladeira/Refrigerador Consul Frost Free Duplex Branco 386L CRM44AB,"Nos dias de hoje, ter eletrodomésticos que facilitam a rotina do dia a dia, trazem muitos benefícios. E com a Geladeira/Refrigerador não é diferente, não é mesmo? Se você está a procura de uma nova ou quer trocar, precisa conhecer o refrigerador CRM44AB da Consul. Uma geladeira na cor branca, Frost Free, iluminação em LED, o que deixa ela econômica e sustentável, com capacidade líquida total de 386 litros, duplex, e tem 5 níveis de temperatura que vão facilitar o seu dia a dia. Isso sem contar no exclusivo puxador embutido na cor preta, deixando ela com um design bonito, ergonômico e fácil de limpar. Além disso, conta com sistema de ajustes de Altura Flex, que dá para ajustar em até 4 níveis de altura para organizar a geladeira de forma fácil e rápida. Cabe da jarra a melância. E o Freezer Espaçoso, é perfeito para organizar seus congelados sem fazer malabarismo. Outro detalhe é a função turbo, que gela rápido até quando está cheia. Com esse refrigerador, você organiza tudo da sua maneira, e deixa sua cozinha mais bonita e completa!","{""capacidade_liquida_total"":""386 L"",""cor"":""Branco"",""marca"":""Consul"",""tipo_de_degelo"":""Frost Free"",""voltagem"":""220 V""}",386 L,Branco,Consul,,Frost Free,220 V,,,386L,Branco,Consul,Não informado,Frost Free,Não informado,Duplex,Não informado,Branco,Consul,Aço,Frost Free,110V,2 Portas,386L 
eletrofacil||7114000612,Geladeira Brastemp BRM56BK Frost Free Duplex 462 litros Inox com Turbo Control 110V BRM56BKANA,"<p><span><span><strong>Geladeira Brastemp BRM56BK Frost Free Duplex 462 litros cor Inox com Turbo Control 110V BRM56BKANA</strong></span></span><br><br><span><strong><br><br><strong>A Geladeira Brastemp Frost Free Duplex BRM56 462 litros conta com a função Turbo Ice – gelo mais rápido sempre que precisar, com aviso de quando está pronto. Vem também com o Twist Ice Advanced, o Espaço Adapt e o compartimento Turbo Control.</strong><br><br><span><strong>Tecnologia Evox</strong></span><br><strong><strong>Protege sua geladeira da ferrugem e corrosão com uma camada de zinco e uma película impermeabilizante aplicadas sobre o aço. Tecnologia Evox com 3 anos de garantia contra ferrugem e corrosão na porta da sua geladeira.</strong></strong></strong></span></p><p><span><strong><strong><br><span><strong>Turbo Control</strong></span><br><strong><strong>Compartimento extrafrio bipartido, com função turbo que permite aumentar a potência em um dos lados para gelar bebidas e sobremesas ainda mais rápido.</strong></strong></strong></strong></span></p><p><span><strong><strong><strong><br><span><strong>Turbo Ice</strong></span><strong><br><strong>Tenha gelo mais rápido sempre que precisar.</strong><br><br><span><strong>Especificações técnicas</strong></span><strong><br><strong>Altura: 184cm</strong><br><strong>Profundidade: 70,1cm</strong><br><strong>Largura: 72,5cm</strong><br><strong>Peso: 80kg</strong><br><strong>Consumo Aproximado de Energia (kWh): 66</strong><br><strong>Capacidade Total (L): 462</strong><br><strong>Dispenser de água: Não</strong><br><strong>Prateleiras removíveis: Sim</strong><br><strong>Capacidade: 462L</strong></strong></strong></strong></strong></strong></span></p>","{""cor"":""Inox"",""marca"":""Brastemp"",""tipo_de_degelo"":""Frost Free"",""voltagem"":""127 V""}",,Inox,Brastemp,,Frost Free,127 V,,,462 litros,Inox,Brastemp,Não informado,Frost Free,110V,Duplex,462L,Inox,Brastemp,Evox,Frost Free,110V,2 Portas,462L
magazineluiza||013080400,Geladeira/Refrigerador Electrolux Frost Free Inox,"A geladeira DB53X está sempre a postos para se adaptar às suas necessidades, deixando tudo muito mais fácil de organizar. Especialmente naqueles dias em que você resolve chamar os amigos para um happy hour surpresa. É só empurrar as prateleiras dobráveis Fast Adapt, que sobra espaço para o refrigerante do amigo que não bebe e para o champanhe do amigo mais sofisticado. A bebida quente também gela rapidinho com a função Drink Express. Já as comidas ficam todas à vista e fáceis de pegar, já que nessa geladeira Electrolux inox Inverse, o freezer fica na parte de baixo. O Modo Festa, acionado pelo painel, garante que nada na geladeira se estrague, e o refrigerador mantém a temperatura nos dois compartimentos por até seis horas, mesmo com o abre e fecha da porta. Com a geladeira Electrolux Inverse Inox você terá muito mais flexibilidade para curtir os momentos.","{""capacidade_liquida_total"":""454 L"",""cor"":""Inox"",""marca"":""Electrolux"",""tipo_de_degelo"":""Frost Free"",""voltagem"":""127 V""}",454 L,Inox,Electrolux,,Frost Free,127 V,,,Não informado,Inox,Electrolux,Não informado,Frost Free,Não informado,Não informado,Não informado,Inox,Electrolux,,Frost Free,110V,2 Portas,454L
lojastaqi||221284110,"Geladeira / Refrigerador Brastemp Frost Free Duplex BRM54JK, 400 Litros, Evox","<br> Se você está em busca de uma geladeira que tenha maior capacidade a BRM54JK , é ideal. Conta com capacidade de 400 litros para você armazenar e refrigerar os alimentos e bebidas. Possui cinco níveis de temperatura, e seu display touch screen. Acompanha porta ovos e porta latas, além do compartimento extra frio e prateleiras removíveis. <br><br><br> Sua tecnologia Frezzer Control, que permite programar diferentes funções de acordo com a sua necessidade. Ela também é resistente a corrosão e a ferrugem, graças a sua camada de zinco e sua película impermeabilizante. <br><br><br> Características: <br><br><br> Marca: Brastemp <br><br> Modelo: BRM54JK <br><br> Ref.: BRM54JK <br><br> Cor: Inox <br><br> Especificações:<br><br> Portas: 2 (duas) <br><br> Capacidade Total: 400 litros <br><br> Capacidade do Congelador: 89 litros <br><br> Capacidade do Refrigerador: 311 litros <br><br><br> Degelo: Frost Free <br><br> Display: Touch Screen <br><br> Controle de temperatura <br><br> Trava de segurança <br><br> Painel elétrico Externo <br><br> 5 níveis de temperatura <br><br> Porta ovos <br><br> 2 gavetas <br><br> Porta latas <br><br> Compartimento extra frio <br><br> Prateleiras removíveis <br><br> Freezer Control <br><br> Itens Inclusos: <br><br> 01 Geladeira <br><br> Alimentação: <br><br> Consumo de energia: 51,4 kWh/mês <br><br> Consumo/Eficiência Energética: A+ <br><br> Dimensões: <br><br> Tamanho do produto (AxLxP): 185 x 62 x 75,5 cm <br><br> Peso: 66 kg <br><br> Tamanho da embalagem (AxLxP): 188,2 x 65,2 x 74,7 cm <br><br> Peso: 59 kg <br><br> Garantia: 12 meses <br><br> *NÃO FATURAMOS PARA CNPJ<br>","{""capacidade_liquida_total"":""400 L"",""cor"":""Inox"",""marca"":""Brastemp"",""material"":""Evox"",""tipo_de_degelo"":""Frost Free"",""voltagem"":""127 V""}",400 L,Inox,Brastemp,Evox,Frost Free,127 V,,,400 litros,Inox,Brastemp,Não informado,Frost Free,Não informado,2,400 litros,Inox,Brastemp,,Frost Free,110V,2 Portas,400L
angeloni2||4476170,Geladeira Panasonic Black Glass Frost Free 480L BB71G,"A geladeira é uma parte essencial das nossas vidas e deixa o nosso dia a dia muito mais fácil. Conserva nossos alimentos, gela as bebidas e tem compartimentos para manter opções congeladas. No entanto, é importante que esse eletrodoméstico seja moderno, funcional e bonito para manter a sua cozinha em harmonia. A geladeira Frost Free Bottom Freezer da Panasonic é o que faltava para uma rotina versátil. Esse modelo inverse tem reinventado o mercado dispondo o freezer na parte inferior da geladeira, assim a disposição fica mais acessível. Com capacidade líquida total de 480L, ela possui inúmeros recursos como Tecnologia Fresh Freezer, Inverter, Smartsense, Vitamim Power, Climate Control, Anti Bactéria Ag, Desodorizador, Drink Cooler, Drink Alarm, Turbo Freezer, Painel de Controle Eletrônico, Funções Pré Programadas (Festa, Férias e Compras), Controle de Temperatura do Refrigerador e do Freezer no Painel Externo. Fabricada com materiais de alta qualidade como aço, vidro, plástico, borracha e poliuretano ela vem na cor black glass dando um toque de modernidade à sua cozinha.","{""capacidade_liquida_total"":""480 L"",""cor"":""Black"",""marca"":""Panasonic"",""tipo_de_degelo"":""Frost Free"",""voltagem"":""127 V""}",480 L,Black,Panasonic,,Frost Free,127 V,,,480L,black glass,Panasonic,aço vidro plástico borracha e poliuretano,Frost Free,Não informado,Não informado,Não informado,Preto,Panasonic,Aço,Frost Free,110V,2 Portas,480L
lojasminatel||FAUSTO1322566,Refrigerador Brastemp BRM44 Frost Free com Compartimento para Latas e Long Necks Branco- 375L,"<p>Geladeira Brastemp Frost Free Duplex 375 litros cor Branca 110v</p><p>A Geladeira Brastemp Frost Free Duplex 375 litros - BRM44 - tem design sofisticado e grande capacidade para armazenar os alimentos. Com o compartimento Latas e Long Necks se encaixa perfeitamente no freezer ou na geladeira e possibilita gelar as bebidas de forma eficaz. Já o compartimento extra frio, gele as bebidas mais rápido e conserve melhor frios e laticínios.</p><p>Latas e Long Necks<br>Compartimento especial que se encaixa perfeitamente no freezer ou na geladeira e possibilita gelar as bebidas de forma eficaz. Com o espaço perfeito para 3 garrafas long neck ou 6 latas, ele pode gelar tanto a cerveja quanto o refrigerante.</p><p>Compartimento extra frio<br>Gele as bebibas mais rápido e conserve melhor frios e laticínios.</p><p>Gavetão de legumes Fresh Zone<br>Suas frutas e verduras organizadas e conservadas por mais tempo com o sistema Fresh Zone.</p><p>Acesso rápido<br>Compartimento de fácil acesso para armazenar os itens que você mais usa.</p><p>Temperos<br>Compartimento específico para guardar e deixar seus temperos sempre à mão.</p><p>Verifique com os fabricantes do produto e de seus componentes eventuais limitações à utilização de todos os recursos e funcionalidades. </p><p>Todas as informações divulgadas são de responsabilidade do Fabricante/Fornecedor. </p><p>Imagem meramente ilustrativa. </p>","{""capacidade_liquida_total"":""375 L"",""cor"":""Branco"",""marca"":""Brastemp"",""tipo_de_degelo"":""Frost Free""}",375 L,Branco,Brastemp,,Frost Free,,,,375L,Branco,Brastemp,Não informado,Frost Free,110v,Duplex,375 litros,Branco,Brastemp,,Frost Free,110V,2 Portas,375L
friopecas||147711,Refrigerador Electrolux 474 Litros Top Freezer DF56S Platinum - 220 Volts,"<br> <br> Refrigerador Electrolux 474 Litros Top Freezer DF56S Platinum - 220 Volts <p> O Refrigerador Electrolux 474 Litros Top Freezer DF56S Platinum - 220 Volts é uma excelente aquisição para as pessoas que desejam ter um eletrodoméstico sofisticado e de alta tecnologia em sua residência. O amplo espaço interno do maior freezer do segmento com 128 litros, permite que você armazene, de maneira rápida e prática, itens de formatos e tamanhos variados. </p> <p> Hortinatura: </p> <p> Preserva frutas verduras por até 60% mais tempo que gavetas comuns. </p> <p> Turbo Freezer e Drink Express: </p> <p> Compartimento de congelamento rápido para alimentos e bebidas.</p> <p> Funções Compras, Férias, Festas: </p> <p> Escolhem automaticamente a temperatura ideal para cada situação. </p> <p> Fast Adapt: </p> <p> Prateleiras deslizantes que possibilitam variadas configurações internas da geladeira e freezer, otimiza o espaço de forma rápida e simples, organizando itens de diferentes tamanhos e formatos. </p> <p> Iluminação em Led: </p> <p> Melhor visualização do interior da geladeira e baixo consumo de energia elétrica. </p> <p>Imagem Meramente Ilustrativa.</p>","{""capacidade_liquida_total"":""474 L"",""cor"":""Platinum"",""marca"":""Electrolux"",""voltagem"":""220 V""}",474 L,Platinum,Electrolux,,,220 V,,,474 Litros,Platinum,Electrolux,Não informado,Frost Free,220 Volts,2 Portas,Não informado,Platina,Electrolux,,Automático,220V,2 Portas,474L
gazin||339,Geladeira Refrigerador Electrolux 362 Litros 2 Portas Cycle Defrost DC44,"Ganhe em praticidade e economia com esse Refrigerador Electrolux 362 Litros 2 Portas Cycle Defrost .<br> <br> O Refrigerador Duplex Electrolux DC44 conta ainda com trava de segurança para garrafas e impede o tombamento e derramamento acidental. E, para trazer mais praticidade no nivelamento e movimentação do seu refrigerador, o Electrolux DC44 conta com pés niveladores dianteiros e rodízios traseiros para sua adequação ao piso e compartimentos.<br> <br> Design único com puxador ergonômico e funcional: design moderno que combina com a cozinha. Puxador diferente, bonito e fácil de limpar.<br> Prateleira porta-latas reversível para 5 unidades: organização e flexibilidade para acomodar e melhorar o aproveitamento interno do refrigerador.<br> Cesta porta-ovos para 12 unidades: cesta de ovos removível com alça.<br> Forma de gelo suspensa: Organização e capacidade de gelo.<br> Gavetão transparente com controle de umidade: melhor organização e visualização.<br> <br> Capacidade bruta de armazenamento (litros)<br> Refrigerador: 278.<br> Freezer: 87.<br> Total: 365.<br> <br> Capacidade líquida de armazenamento (litros)<br> Refrigerador: 276.<br> Freezer: 86.<br> Total: 362.<br> <br> Especificações Técnicas:<br> Classificação energética: A.<br> Frequência: 60 Hz.<br> <br> Dimensões do Produto:<br> Altura: 173,8 cm<br> Largura: 60 cm<br> Profundidade: 69 cm<br> Peso: 55,2 kg<br> <br> Garantia do Fornecedor de 12 Meses","{""capacidade_liquida_total"":""362 L"",""cor"":""Branco"",""marca"":""Electrolux"",""quantidade_de_portas"":""2 Portas"",""tipo_de_degelo"":""Cycle Defrost"",""voltagem"":""127 V""}",362 L,Branco,Electrolux,,Cycle Defrost,127 V,2 Portas,,362,Não informado,Electrolux,Não informado,Cycle Defrost,Não informado,2,362 Litros,Branco,Electrolux,,Cycle Defrost,110V,2 Portas,362L
lojasbenoit||91961,Refrigerador / Geladeira Brastemp BRO80AKB 3 Portas 540 Litros,"<br> Tipo de degelo: Frost Free <br> Capacidade de armazenagem total (L): 540 <br> Capacidade de armazenagem do refrigerador (L): 374 <br> Capacidade de armazenagem do freezer (L): 166 <br> Porta: 3 <br> Classificação de consumo (Selo Procel): A <br> Prateleira: 3 <br> Tipo de prateleira: Removível <br> Gaveta: Sim <br> Compartimento congelamento rápido: Sim <br> Timer: Não <br> Trava de segurança: Não <br> Desodorizador: Não <br> Alarme de porta aberta: Sim <br> Iluminação interna: Sim <br> Mostrador frontal de temperatura: Sim <br> Porta reversível: Não <br> Separador de garrafas: Sim <br> Porta ovos: Sim <br> Porta laticínios: Sim <br> Recipiente para guardar gelo: Sim <br> Porta-latas: Não <br> Cor: Inox <br> Voltagem: 110V ou 220V (não é bivolt) <br> Classificação de consumo (Selo Procel): A <br> Consumo (kWh): 72,7 <br> Peso (kg): 110 <br> Dimensões (AxLxP): 185,9 x 82,9 x 75cm <br> Itens Inclusos: - 1 refrigerador Brastemp BRO80AKB - 1 manual do produto <br> Informações importantes: Imagens meramente ilustrativas. Objetos que ambientam as fotos não acompanham o produto. As tonalidades das cores dos produtos podem sofrer alterações de acordo com a calibração do seu monitor. Este produto não inclui montagem e instalação. Não nos responsabilizamos, no ato da entrega, por desmontagens, subir escadas, elevadores ou transporte por guincho para apartamentos. Eventuais despesas são de responsabilidade do cliente. <br> Registro INMETRO: Informações relativas a certificação constam nas imagens acima <br> Altura (cm): 186 <br> Largura (cm): 83 <br> Potência (W): 170 <br> Garantia Fabricante: 12 meses","{""capacidade_liquida_total"":""540 L"",""cor"":""Inox"",""marca"":""Brastemp"",""quantidade_de_portas"":""3 Portas"",""tipo_de_degelo"":""Frost Free"",""voltagem"":""220 V""}",540 L,Inox,Brastemp,,Frost Free,220 V,3 Portas,,540 Litros,Inox,Brastemp,Não informado,Frost Free,110V ou 220V não é bivolt,3 Portas,540 Litros,Inox,Brastemp,,Frost Free,220V,3 Portas,540L
mideacarrier||MD-RT580MTA462,Geladeira Frost Free Duplex 411L Slim cor Inox Midea,"O Refrigerador Frost Free 411L Midea vai fazer toda a diferença na sua cozinha. Com eficiência energética A+++, garante mais economia para seu dia a dia. Possui Desodorizador Active-C Fresh com camadas de carbono, que promove alimentos frescos por mais tempo. Conta com iluminação em LED no refrigerador, painel touch externo e Chiller Box Extra Frio, ideal para frios e bebidas mais geladas. Sua Gaveta com controle de umidade independente promove melhor organização e preservação de frutas e verduras. Acompanha 1 kit bandeja de gelo e 2 bandejas de ovos. Classificação A+++: menos 30% de consumo de energia (de acordo com a classificação de Etiqueta Nacional de Conservação de Energia ENCE -comparado com produtos A). Desodorizador Active-C Fresh: com camadas de carbono que promovem alimentos frescos por mais tempo. Iluminação em LED no refrigerador: mais conforto e praticidade para encontrar os alimentos. Painel Touch externo: muito fácil de usar. Chiller Box Extra Frio: compartimento extra frio, ideal para frios e bebidas mais geladas. Design Slim: Paredes mais finas e maior capacidade interna (comparado com refrigeradores com mesmas dimensões). Gaveta com controle de umidade independente: permite melhor organização e preservação de frutas e verduras. Acompanha 1 kit bandeja de gelo e 2 bandejas de ovos. ATENÇÃO: ESTA LOJA NÃO FATURA PARA CNPJ.","{""cor"":""Inox"",""marca"":""Midea"",""material"":""Inox"",""tipo_de_degelo"":""Frost Free"",""voltagem"":""Bivolt""}",,Inox,Midea,Inox,Frost Free,Bivolt,,,411L,Inox,Midea,Não informado,Frost Free,Não informado,Duplex,Não informado,Inox,Midea,,Frost Free,220V,2 Portas,411L
mandamaxxeletron||449bcc0603aa11ee8e824201ac185049,Geladeira Consul Frost Free Duplex 450L Branca     com Painel Eletrônico Externo Espaço Flex CRM56HB,"Sua cozinha vai ficar muito mais bonita e organizada com a Geladeira CRM56HB da Consul. Disponível na cor branco, tem capacidade de 450L e porta Duplex, você tem espaço de sobra para armazenar e organizar os alimentos da forma que quiser, acessando o que precisa a qualquer momento, sem dificuldades. Isso porque ele possui prateleira flex, assim você organiza seu espaço conforme sua necessidade. E tem mais, com o filtro antiodor a água não vai mais ficar com gosto de geladeira, já o gelo extra você armazena 2x mais gelo no compartimento, assim você reserva o gelo pronto enquanto suas forminhas ficam disponíveis para preparar mais gelo. Conta com painel eletrônico externo. Isso tudo com classificação energética A, que garante um baixo consumo de energia.","{""capacidade_liquida_total"":""450 L"",""cor"":""Branco"",""marca"":""Consul""}",450 L,Branco,Consul,,,,,,450L,Branca,Consul,Não informado,Frost Free,Não informado,Duplex,450L,Branco,Consul,,Frost Free,110V,2 Portas,450L
fastshop2||EXDF44S2,Refrigerador Top Freezer Electrolux de 02 Portas Frost Free com 402 Litros com Icemax Platinum - DF44S,"Frost Free, Painel Eletrônico, 05 PrateleirasDestaquesMaior Freezer do mercado*São 112 litros para conservar alimentos de diferentes tamanhos.Prateleiras reversíveis e retráteis no freezerAdapte o espaço interno para guardar os mais diversos tipo de embalagens e alimentos.IcemaxCompartimento para produção de gelo com exclusivo sistema sem respingos, sem mistura de odores e fácil de remover.*Mercado de geladeiras top freezer frost free de plataforma de 60cmCaracterísticasQuantidade de Portas: 02 portasFrost FreePainel EletrônicoPrateleiras: 8Alarme de Portas AbertasDegelo AutomáticoControle Automático de TemperaturaPés NiveladoresEspecificações TécnicasModelo: DF44SCor: PlatinumCapacidade Total: 402 LCapacidade de Armazenamento do Freezer: 112 LCapacidade de Armazenamento do Refrigerador: 290 LSelo Procel (Eficiência Energética): AConsumo de Energia: 51 kwh/mêsVoltagem: 110V/220V (não é Bivolt)EAN: 7896584097979 (110V) / 7896584097986 (220V)Garantia: 12 mesesDimensões e PesoDimensões do produto sem embalagem (AxLxP): 1863x600x760 mmDimensões do produto com embalagem (AxLxP): 1893x640x781 mmPeso do produto sem embalagem: 64 kgPeso do produto com embalagem: 65 kgItens Inclusos01 RefrigeradorManualServiço de Instalação e Orientação de UsoPara sua comodidade, a Fast Shop dispõe do serviço de Instalação* e Orientação de Uso, com equipe especializada e autorizada pelo fabricante que poderá realizar a medição de todos os acessos, retirando as portas do produto caso necessário. Esse serviço pode ser adquirido em contato com nosso canal Blá pelo WhatsApp no número (11) 3232-2949 ou em uma de nossas lojas. Consulte os valores e regiões atendidas.","{""capacidade_liquida_total"":""402 L"",""cor"":""Platinum"",""marca"":""Electrolux"",""tipo_de_degelo"":""Frost Free"",""voltagem"":""Bivolt""}",402 L,Platinum,Electrolux,,Frost Free,Bivolt,,,402 L,Platinum,Electrolux,Não informado,Frost Free,110V220V,02 portas,Não informado,Platina,Consul,Aço,Frost Free,220V,2 Portas,402L
magazineluiza||010046501,Refrigerador Biplex 331 Litros Consul,,"{""marca"":""Consul"",""voltagem"":""127 V""}",,,Consul,,,127 V,,,331 Litros,Não informado,Consul,Não informado,Não informado,Não informado,Não informado,Não informado,Branco,Consul,,Cycle Defrost,110V,2 Portas,331L
engage-info||26049,Geladeira Refrigerador Panasonic 387 Litros Frost Free 2 Portas BT40B 110V,"<p>Com o Refrigerador Panasonic tenha baixo consumo de energia, menos gasto para o bolso, sendo mais amigável com o planeta! Controle a temperatura do freezer diretamente no painel externo com design inovador. Modelo Duplex com área útil do refrigerador de 292 litros, e área útil de 95 litros para caber todos os alimentos da família, com prateleiras profundas para potes de sorvetes de 2L.</p><br><br><p>Modelo:NR-BT40BD1W</p><br><br><p>PN:NR-BT40BD1W</p><br><br><p>Tipo:Duplex</p><br><br><p>Sistema:Top Freezer</p><br><br><p>Cor:Branco</p><br><br><p>Capacidade Total:387 Litros</p><br><br><p>Capacidade Refrigerador:292 Litros</p><br><br><p>Capacidade Freezer:95 Litros</p><br><br><p>Sistema de Refrigeração:Frost-Free</p><br><br><p>Fluido Refrigerante:R600a</p><br><br><p>Prateleiras no Refrigerador:4 sendo 3 de vidros temperados e 1 de plástico</p><br><br><p>Prateleiras na porta do Refrigerador:4</p><br><br><p>Painel Eletrônico:Controle a temperatura do freezer diretamente no painel externo (Painel Easy Touch)</p><br><br><p>Jumbo Freezer:95 Litros, com prateleiras profundas para potes de sorvetes de 2 Litros</p><br><br><p>Eficiência Energética:A</p><br><br><p>Consumo:45 kW/h (aproximado)</p><br><br><p>Possui Gavetão Hortifruti</p><br><br><p>Oferece compartimento Extrafrio</p><br><br><p>Fornece porta ovos</p><br><br><p>Conta com iluminação em LED</p><br><br><p>Quantidade de Portas:2 Portas</p><br><br><p>Tipo de Pés:Estabilizador</p><br><br><p>Material:Aço</p><br><br><p>Voltagem:110V</p><br><br><p>Garantia:12 meses de garantia com a fabricante</p><br><br><p>Conteúdo da Embalagem:</p><br><br><p>01 x Refrigerador Duplex</p><br><br><p>01 x Manual de Instruções</p><br><br><p>Fabricante:Panasonic</p><br>","{""capacidade_liquida_total"":""387 L"",""cor"":""Branco"",""marca"":""Panasonic"",""quantidade_de_portas"":""2 Portas"",""tipo_de_degelo"":""Frost Free"",""voltagem"":""127 V""}",387 L,Branco,Panasonic,,Frost Free,127 V,2 Portas,,387 Litros,Branco,Panasonic,Aço,Frost Free,110V,2 Portas,Não informado,Branco,Panasonic,Aço,Frost Free,110V,2 Portas,387L
magazineluiza||010002105,Refrigerador Brastemp Zyrium 417 Litros,,"{""marca"":""Brastemp""}",,,Brastemp,,,,,,417 Litros,Não informado,Brastemp,Não informado,Não informado,Não informado,Não informado,Não informado,,Brastemp,,Frost Free,110V,2 Portas,417L
opescadordeofertas||12693815257,Refrigerador Freezer Philco Side By Side 520L PRF520DI 110v,"Com um visual moderno e elegante que agrega muito mais requinte para a cozinha, apresentamos o Refrigerador e Freezer Philco Side By Side PRF520DI. <br> Possui design “Side By Side”, onde refrigerador e freezer estão lado a lado para garantir maior aproveitamento do espaço vertical do refrigerador. <br> Aumentando a eficiência, em conjunto, a tecnologia Smart Colling distribui de maneira uniforme a temperatura por todo refrigerador e freezer. <br> <br> O design proporciona o aproveitamento inteligente de espaço colocando freezer e refrigerador lado a lado, valorizando o ambiente e garantindo a alta capacidade de 520 litros. <br> O Dispenser de água na porta é muito mais prático e econômico, não precisa abrir a geladeira, tenha água fria facilmente. <br> No modo Ice Maker é possível obter até 1,5kg de gelo em cubos ou picado, conforme a opção selecionada.<br> <br> Elegante display digital que possibilita acompanhar as temperaturas selecionadas individualmente, além de selecionar as funções disponíveis. <br> O produto possui 3 funções diferentes de operação (Turbo Refr./Turbo Frz/Férias), por meio das quais é possível acelerar o resfriamento e congelamento do refrigerador e freezer, ou colocar o produto em modo econômico. <br> É mais que geladeira, é mais que freezer! É um produto Philco pensado para você!<br> <br> ATENÇÃO! As imagens utilizadas são meramente ilustrativas com seus direitos reservados. Itens de decoração ou de composição de imagem não acompanham o produto.<br> <br> CARACTERÍSTICAS:<br> - Capacidade de 520L (342L no refrigerador e 178L no freezer)<br> - Classificação ""A"" em eficiência energética<br> - Sistema de refrigeração Frost Free<br> - Side by side<br> - Painel touch com display LCD <br> - Controle de temperatura do freezer e refrigerador de forma independente<br> - Freezer com temperaturas de -16°C a -24°C<br> - Refrigerador com temperaturas de 2 a 8°C<br> - Funções férias, turbo freezer e turbo refrigerador<br> - Alarme de porta aberta<br> - Água e gelo na porta<br> - Filtro de água com vida útil de 1136L ou 6 meses<br> - Fabricador de gelo automático (em cubos ou picado)<br> - Porta em aço com tratamento anti-corrosão<br> - Puxador em alumínio<br> - Prateleiras em vidro temperado<br> - Iluminação interna LED<br> - Ruído de 47dBA para 127V<br> - Ruído de 43dBA para 220V<br> <br> DADOS TÉCNICOS:<br> - Voltagem: 110v<br> - Modelo: PRF520DI<br> - Funções: Férias, turbo freezer e turbo refrigerador<br> - Classificação Energética: A<br> - Temperatura Freezer: 16°C a -22°C<br> - Temperatura Refrigerador: 2 a 8°C<br> - Prateleiras: Vidro temperado<br> - Água na Porta: Sim<br> - Capacidade: 520L<br> - Tipo: Side by Side - 2 Portas<br> - Tecnologia: Smart Cooling<br> - Medidas AxLxP: 177x89,5x77,5 cm<br> - Peso (Kg): 890<br> - Garantia: 12 meses<br> <br> CONTEÚDO:<br> - Refrigerador Philco Side By Side 520L PRF520DI<br> - Manual de instruções<br> <br> Aqui na Loja O Pescador de Ofertas, você pode concluir a sua compra facilmente, com toda a segurança e a sua entrega é garantida.<br> Aqui você está em 1o Lugar!","{""capacidade_liquida_total"":""520 L"",""marca"":""Philco"",""quantidade_de_portas"":""2 Portas"",""tipo_de_degelo"":""Frost Free""}",520 L,,Philco,,Frost Free,,2 Portas,,520L,Não informado,Philco,Não informado,Frost Free,110v,2 Portas,520L,Cinza,Philco,,Frost Free,220V,2 Portas,520L
casaeciaoutlet1||100007851,"Refrigerador Electrolux RE31, 1 Porta 240L, Controle Externo da Temperatura, Prateleira, Porta-latas, Gaveta Extra Fria, Iluminação - Branco - 220v","<p><br></p><p>O Refrigerador Electrolux RE31 é uma escolha excelente para quem busca praticidade e eficiência na conservação dos alimentos. Com uma capacidade generosa de 240 litros e design de uma única porta, este refrigerador oferece um amplo espaço interno para organizar seus alimentos de maneira eficiente.</p><p><br></p><p>O Controle Externo da Temperatura proporciona facilidade no ajuste preciso da refrigeração, permitindo que você mantenha seus alimentos na temperatura ideal com apenas alguns toques. Isso não só ajuda na preservação dos alimentos, mas também contribui para a economia de energia.</p><p><br></p><p>A presença de prateleiras bem distribuídas facilita a organização interna do refrigerador, proporcionando espaço para diferentes tipos de alimentos e recipientes. Além disso, conta com uma prateleira específica para latas, mantendo suas bebidas organizadas e de fácil acesso.</p><p><br></p><p>A Gaveta Extra Fria é um diferencial que permite armazenar alimentos mais sensíveis à temperatura em condições ideais, preservando sua qualidade por mais tempo. Essa funcionalidade é particularmente útil para frutas, verduras e laticínios.</p><p><br></p><p>A Iluminação interna proporciona uma visibilidade clara do conteúdo do refrigerador, facilitando a localização dos itens desejados mesmo em ambientes com pouca luz.</p><p><br></p><p>O design elegante na cor branca confere um toque moderno e clean ao ambiente da cozinha, combinando facilmente com diversos estilos de decoração. Operando na voltagem de 220V, o Refrigerador Electrolux RE31 é uma escolha confiável e eficiente para atender às necessidades diárias da sua família, oferecendo praticidade, organização e desempenho excepcionais.</p><p><br></p><p><br></p><p><br></p><p><br></p><p>Design único com puxador ergonômico e integrado: </p><p>Design moderno que combina com a cozinha. Puxador embutido, bonito e fácil de limpar.</p><p><br></p><p><br></p><p><br></p><p>Novo Controle externo da temperatura: </p><p>Facilita o ajuste da temperatura do refrigerador sem precisar abrir a porta. Bonito, resistente e fácil de usar.</p><p><br></p><p><br></p><p><br></p><p>Prateleira Porta-latas reversível para 5 unidades: </p><p>Organização e flexibilidade para acomodar e melhorar o aproveitamento interno do refrigerador.</p><p><br></p><p><br></p><p><br></p><p>Gaveta Extra fria: </p><p>Ideal para resfriar bebidas e alimentos rapidamente.</p><p><br></p><p><br></p><p><br></p><p>Degelo prático: </p><p>Basta pressionar o botão para descongelar, sem precisar desligar o refrigerador. Após o degelo, ele volta a funcionar automaticamente.</p><p><br></p><p><br></p><p><br></p><p>Gavetão transparente para frutas e legumes: </p><p>prático, facilita a visualização dos alimentos e organiza melhor o espaço interno do refrigerador.</p><p><br></p><p><br></p><p><br></p><p>Porta-ovos removível para 12 unidades: </p><p>Organiza os ovos, melhorando o aproveitamento interno e facilitando a limpeza.</p><p><br></p><p><br></p><p><br></p><p>Prateleiras aramadas removíveis com altura regulável: </p><p>Melhor aproveitamento de alimentos e recipientes de alturas variadas.</p><p><br></p><p><br></p><p><br></p><p>Prateleira funda na porta do refrigerador: </p><p>Espaço para garrafas de até 2,5 litros. Mais segurança e organização e melhor aproveitamento do espaço interno.</p><p><br></p><p><br></p><p><br></p><p>Pés niveladores dianteiros e rodízios traseiros: </p><p>Praticidade para nivelar e movimentar.</p><p><br></p><p><br></p><p><br></p><p>Iluminação interna: </p><p>Mais comodidade e praticidade.</p><p><br></p><p><br></p><p><br></p><p>Especificações Técnicas:</p><p>Cor disponível: Branco</p><p>Frequência (Hz): 60</p><p>Marca: Electrolux</p><p>Tensão elétrica: 220V - 60Hz 23,7</p><p>Prateleiras da porta do refrigerador: 1</p><p>100% removíveis, bonitas e fáceis de limpar</p><p>Refrigerador: 214</p><p>Freezer: 38</p><p>Total: 252</p><p>Capacidade Líquida Total: 240 L</p><p><br></p><p><br></p><p><br></p><p>Dimensões:</p><p>Altura: 148cm</p><p>Largura: 55cm</p><p>Comprimento: 65cm</p><p>Peso (kg) produto: 39,5</p><p>Peso (kg) produto embalado: 40,5</p><p><br></p><p><br></p><p><br></p><p>Conteúdo da embalagem:</p><p>01 Refrigerador Electrolux RE31 1 Porta - 240 Litros - Branco - 220v </p><p><br></p><p><br></p><p><br></p><p>Garantia:</p><p>90 dias (3 meses)</p>","{""capacidade_liquida_total"":""240 L"",""cor"":""Branco"",""marca"":""Electrolux"",""quantidade_de_portas"":""1 Porta"",""voltagem"":""220 V""}",240 L,Branco,Electrolux,,,220 V,1 Porta,,240 L,Branco,Electrolux,Não informado,Degelo prático,220V,1 Porta,240 Litros,Branco,Electrolux,,Cycle Defrost,220V,1 Porta,240L
vinisound2||VS8065,Geladeira Consul 1 Porta Frost Free Crb36abana 300 Litros,"<p>Já pensou ter uma geladeira que você nunca precise descongelar? A gente pensou por você!<br>Este refrigerador Consul com capacidade para 300 litros possui tecnologia Frost Free, gaveta para frios e é do tamanho ideal para a sua cozinha.<br>Geladeira que faz bagunça, forma gelo e ocupa muito espaço na cozinha? Para nós, isso já é parte do passado. Consul Frost Free Facilite.<br>A geladeira que nunca precisa descongelar.<br>Refrigerador Consul Facilite CRB36 Frost Free 300 Litros Controle Eletrônico Externo Econômico Congelador com Super Capacidade!</p><p>CONTEÚDO DA EMBALAGEM:<br> 01 Geladeira Consul Frost Free</p><p>Características:<br> - Congelador Espaçoso:<br> - São 47 litros de capacidade - cabe o sorvete, os pratos prontos e o que mais você quiser.<br> - Gaveta multiuso Transparente:<br> - Além de enxergar as suas frutas, verduras e legumes sem precisar abrir a gaveta, faz com que sua cozinha fique sempre em ordem e suas compras fresquinhas.<br> - Compartimento Extra-frio:<br> - Vai guardar frios, iogurtes e outros alimentos que precisam de mais refrigeração? Tem um lugar especial para eles. Seu queijinho nobre agradece.<br> - Ecologicamente Correto:<br> - Este modelo usa o gás ecológico C-Pentano e o R600, que não agride a camada de ozônio.</p><p>Especificações Técnicas:<br> - Frost Free: Não forma gelo nas paredes do congelador<br> - Congelador com super capacidade: Mais espaço e organização para você: 47 litros de super capacidade<br> - Controle Eletrônico Externo: Você não vai ter que abrir a porta para controlar a temperatura da geladeira<br> - Compartimento Extra Frio: Melhor conservação para bebidas e alimentos. Ideal para guardar frios, iogurtes e até latinhas<br> - Capacidade do freezer: 47 litros<br> - Capacidade de armazenagem: 300 litros<br> - Capacidade bruta total: 324 litros<br> - Capacidade total: 300 litros<br> - Classificação energética: A<br> - Gavetas Legumes: Certos alimentos, como frutas e hortaliças, quando armazenados em contato direto com o ambiente frio e seco, desidratam.<br> - A gaveta de legumes mantém a temperatura e a umidade adequadas para o armazenamento de frutas e hortaliças, preservando suas características naturais.<br> - Trava da porta do congelador: A porta do congelador possui uma trava para garantir a vedação adequada do compartimento<br> - Iluminação interna: sim<br> - Sistema de degelo: Frost Free<br> - Capacidade da geladeira: 253 litros</p><p>ViniSounD -</p><p> Este produto possui 12 meses de garantia.<br> Imagens meramente ilustrativas.<br> A garantia é responsabilidade do fabricante e esta limita se apenas á troca de qualquer produto encontrado com defeitos de fabricação desde que tenha sido utilizado corretamente ou devidamente instalado por um Profissional Qualificado.<br> Consumidor, este produto possui dispositivo que acumula água de degelo.</p>","{""capacidade_liquida_total"":""300 L"",""marca"":""Consul"",""quantidade_de_portas"":""1 Porta"",""tipo_de_degelo"":""Frost Free""}",300 L,,Consul,,Frost Free,,1 Porta,,300 Litros,Não informado,Consul,Não informado,Frost Free,Não informado,1 Porta,300 Litros,Branco,Consul,,Frost Free,110V,1 Porta,300L
lojasbenoit||104712,Refrigerador / Geladeira Electrolux IM8B 590L 3 Portas Frost Free Inverter,"<br>Tipo de degelo:Frost Free<br>Capacidade de armazenagem total (L):590<br>Capacidade de armazenagem do refrigerador (L):390<br>Capacidade de armazenagem do freezer (L):200<br>Porta:3<br>Classificação de consumo (Selo Procel):A<br>Tipo de prateleira:Removível<br>Gaveta:Sim<br>Desodorizador:Sim<br>Iluminação interna:Sim<br>Porta reversível:Sim<br>Porta ovos:Sim<br>Recipiente para guardar gelo:Sim<br>Porta-latas:Não<br>Cor:Preto<br>Voltagem:110V ou 220V (não é bivolt)<br>Classificação de consumo (Selo Procel):A<br>Consumo (kWh):55,4<br>Peso (kg):98<br>Referência:IM8B<br>Dimensões (AxLxP):190 x 83,5 x 74,2 cm<br>Itens Inclusos:- 1 Refrigerador / Geladeira Electrolux IM8B 3 Portas 590 Litros Inverter Preto/Inox - Filtro Antiodor - Porta Ovos - Kit Reversibilidade - Kit Arruela De Nivelamento - Manual do produto<br>Informações importantes:Imagens meramente ilustrativas.Objetos que ambientam as fotos não acompanham o produto.As tonalidades das cores dos produtos podem sofrer alterações de acordo com a calibração do seu monitor.Este produto não inclui montagem e instalação.Não nos responsabilizamos,no ato da entrega,por desmontagens,subir escadas,elevadores ou transporte por guincho para apartamentos.Eventuais despesas são de responsabilidade do cliente.<br>Registro INMETRO:005404/2016<br>Garantia Fabricante:12 meses","{""capacidade_liquida_total"":""590 L"",""cor"":""Inox"",""marca"":""Electrolux"",""tipo_de_degelo"":""Frost Free"",""voltagem"":""220 V""}",590 L,Inox,Electrolux,,Frost Free,220 V,,,590L,Preto,Electrolux,Não informado,Frost Free,110V ou 220V não é bivolt,3,590,Preto e Inox,Electrolux,,Frost Free,220V,3 Portas,590L
carrefouroficial||900007824,Geladeira Automático RT6000K RT43K6A4JS9/FZ 440 Litros Samsung,"Geladeira Samsung Automático RT6000K RT43K6A4JS9/FZ 440L Inox a melhor geladeira que você irá encontrar!<br> <br> Características:<br> Geladeira <br> Marca: Samsung<br> Modelo: RT43K6A4JS9/FZ<br> Linha: RT6000K<br> Consumo Aproximado de Energia: 0,8<br> Eficiência Energética: Classe A<br> Material: Inox e Acrílico <br> Quantidade de Portas: 02 Portas<br> Potência: 175W<br> Sistema de Refrigeração: All-around Cooling<br> Degelo: automático<br> Capacidade em Litros: 440 Litros<br> Capacidade do Freezer: 112 Litros<br> 01 Prateleira no Freezer<br> 02 Espaços Porta Freezer<br> Congelamento Rápido<br> 09 Níveis <br> <br> Conteúdo da Embalagem:<br> 01 Geladeira Automático Samsung<br> 01 Manual<br> <br> Dimensões:<br> Altura: 178,5 cm<br> Largura: 70 cm<br> Profundidade: 72,6 cm<br> Peso Aproximado: 70 kg<br> <br> Garantia do Fornecedor: 12 meses (10 anos motor).","{""cor"":""Inox"",""marca"":""Samsung"",""material"":""Aço Inox, Acrílico"",""tipo_de_degelo"":""Frost Free"",""voltagem"":""Bivolt""}",,Inox,Samsung,"Aço Inox, Acrílico",Frost Free,Bivolt,,,440 Litros,Inox,Samsung,Inox e Acrílico,automático,Não informado,02 Portas,440 Litros,Inox,Samsung,,Frost Free,Bivolt,2 Portas,440L
gazin||2885,Geladeira Refrigerador Electrolux 433 Litros Frost Free 2 Portas TF51,"REFRIGERADOR GELADEIRA ELECTROLUX FROST FREE 2 PORTAS 433 LITROS TF51<br><br>Tenha em casa toda a tecnologia Electrolux com esse Refrigerador de 433 Litros com funÃ§Ã£o Frost Free<br><br><br>CaracterÃ­sticas:<br>Capacidade bruta de armazenamento (L)<br><br><br>Refrigerador: 328<br><br><br>Freezer: 138<br><br><br>Total: 466<br><br><br>Capacidade lÃ­quida de armazenamento (L)<br><br><br>Refrigerador: 319<br><br><br>Freezer: 114<br><br><br>Total: 433<br><br><br>TensÃ£o (V) 127/220<br><br><br>FrequÃancia: (Hz) 60<br><br><br>Prateleiras Fast Adapt Deslizantes e retrÃ¡teis possibilitam variadas configuraÃ§Ãμes internas no Refrigerador, otimiza o espaÃ§o de forma rÃ¡pida e simples, organizando itens de diferentes tamanhos e formatos.<br><br><br>Freezer com super capacidade - 114 litros: Mais espaÃ§o para armazenar sem esforÃ§o tudo o que vocÃa precisa.<br><br><br>Freezer com prateleiras retrÃ¡teis: TrÃas diferentes posiÃ§Ãμes que facilitam a organizaÃ§Ã£o dos alimentos.<br><br><br>Drink Express: Resfria garrafas e latas de bebidas rapidamente quando acionado pelo painel.<br><br><br>Turbo Freezer: Compartimento de congelamento rÃ¡pido que conserva melhor os alimentos no freezer.<br><br><br>Ice Twister: Gelo a qualquer hora de forma prÃ¡tica e simples<br><br><br>Prateleiras para alimentos frescos: Conserva melhor os alimentos frescos.<br><br><br>Prateleira funda na porta: Comporta garrafas pet de atÃ© 2,5 litros, facilitando a organizaÃ§Ã£o.<br><br><br>Painel Blue Touch: Facilidade na ponta dos seus dedos com as funÃ§Ãμes: compras, fÃ©rias, turbo freezer, drink express e controle de temperatura do freezer para a melhor performance do Refrigerador.<br><br><br>GavetÃ£o transparente de frutas e legumes: Muito mais prÃ¡tico facilita a visualizaÃ§Ã£o dos alimentos, frutas e verduras, organizando melhor o espaÃ§o interno.<br>Porta-ovos removÃ­vel - 12 unidades: Organiza melhor os ovos aproveitando o espaÃ§o interno, evitando que se quebrem e facilitando a limpeza<br><br> <br><br>DimensÃμes do produto embalado:<br>Altura: 186 cm<br>Largura: 73,5 cm<br>Profundidade: 79,7 cm<br><br><br>Peso: 66 kg<br><br><br>DimensÃμes Produto desembalado:<br>Altura: 184 cm<br>Largura: 70,5 cm<br>Profundidade: 76,7 cm<br><br><br>Garantia do fornecedor de 12 meses<br>","{""capacidade_liquida_total"":""433 L"",""cor"":""Branco"",""marca"":""Electrolux"",""quantidade_de_portas"":""2 Portas"",""tipo_de_degelo"":""Frost Free"",""voltagem"":""127 V""}",433 L,Branco,Electrolux,,Frost Free,127 V,2 Portas,,433 Litros,Não informado,Electrolux,Não informado,Frost Free,127220,2 Portas,433 Litros,Branco,Electrolux,,Frost Free,220V,2 Portas,433L
continentalcenter||760050052323040201,Refrigerador Consul Domest 2 Portas 405 Litros Branco Frost Free 220v,Refrigerador Consul Domest 2 Portas 405 LitrosBranco Frost Free 220v,"{""capacidade_liquida_total"":""405 L"",""marca"":""Consul"",""quantidade_de_portas"":""2 Portas"",""tipo_de_degelo"":""Frost Free"",""voltagem"":""220 V""}",405 L,,Consul,,Frost Free,220 V,2 Portas,,405 Litros,Branco,Consul,Não informado,Frost Free,220v,2 Portas,Não informado,Branco,Consul,,Frost Free,110V,2 Portas,405L
engageeletro||91632,Refrigerador Side Inverse Brastemp 3 Portas Frost Free 540 Litros Inox BRO81AR 127V,"A Geladeira Brastemp Gourmand Frost Free Side Inverse 540 litros possui duas portas lado a lado e freezer na parte inferior. Com maior aproveitamento interno e alta capacidade, conta com Ice Maker e Painel Eletrônico Touch.<br> <br> Características<br> Tipo: French Door<br> Quantidade de Portas: 03 portas<br> Frost Free<br> Painel Eletrônico Touch<br> Alarme de Portas Abertas<br> Função Gelo Rápido<br> Degelo Automático<br> Porta Taças<br> Controle Automático de Temperatura<br> <br> Especificações Técnicas<br> Modelo: BRO81AR<br> Cor: Inox (Porta) e Cinza (Laterais)<br> Capacidade Total: 540 Litros<br> Capacidade de Armazenamento do Freezer: 167 Litros<br> Capacidade de Armazenamento do Refrigerador: 373 Litros<br> Selo Procel (Eficiência Energética): A<br> Consumo de Energia: 72,7 kwh/mês ~<br> Voltagem: 110V<br> <br> Garantia: 12 meses<br> <br> Dimensões e Peso<br> Dimensões do produto sem embalagem (AxLxP): 1859x829x750 mm<br> Dimensões do produto com embalagem (AxLxP): 1908x870x813 mm<br> Peso do produto sem embalagem: 108 kg<br> Peso do produto com embalagem: 112 kg<br> <br> Itens Inclusos<br> 01 Refrigerador<br> Manual de Instruções","{""capacidade_liquida_total"":""540 L"",""cor"":""Inox"",""marca"":""Brastemp"",""quantidade_de_portas"":""3 Portas"",""tipo_de_degelo"":""Frost Free"",""voltagem"":""127 V""}",540 L,Inox,Brastemp,,Frost Free,127 V,3 Portas,,540 Litros,Inox,Brastemp,Não informado,Frost Free,127V,3 Portas,Não informado,Inox,Brastemp,,Frost Free,110V,3 Portas,540L
carrefouroficial||900010514,Geladeira Electrolux Side by Side Efficient com Tecnologia AutoSense 435L (IS4S),"Geladeira Electrolux Side by Side Efficient com Tecnologia AutoSense 435L (IS4S)<br> <br> A Geladeira Frost Free IS4S possui as Tecnologia AutoSense e Inverter, que preservam os alimentos por até 30 mais tempo e reduzem o consumo de energia.<br> Geladeira Electrolux Side by Side Efficient com Tecnologia AutoSense 435L IS4S<br> A Geladeira Electrolux Frost Free IS4S tem capacidade para 435 L e é de modelo side by side, que proporciona praticidade e eficiência no seu dia a dia, além de apresentar um design moderno e elegante.<br> Com exclusiva tecnologia AutoSense, que controla a temperatura automaticamente, a geladeira IS4S prolonga a vida dos alimentos por até 301 mais tempo.<br> Para que a temperatura da geladeira fique mais estável, a Geladeira Electrolux Frost Free IS4S também possui a Tecnologia Inverter, que garante condições ideais para preservar seus alimentos e economia de até 422 de energia.<br> Com o Painel Digital é possível controlar a temperatura e as funções Turbo Freezer, Turbo Refrigerador, Férias e Trava Painel.<br> As funções Turbo resfriam rapidamente ou o freezer ou a geladeira para quando você precisa de agilidade, seja para uma festa ou para quando voltar do supermercado.<br> Já com IceTwister basta girar a forma para que o gelo caia no compartimento inferior e você tenha gelo sempre à mão, de maneira muito mais fácil.<br> A Geladeira Electrolux Frost Free IS4S possui duas gavetas na geladeira e duas no freezer para facilitar a organização e preservar ainda mais os alimentos, sejam frescos ou congelados.<br> <br> Características:<br> Capacidade do Freezer: 145 L <br> Capacidade do Refrigerador: 290 L <br> Capacidade Total: 435 L <br> Quantidade de Gavetas: 2 <br> Quantidade de portas: 2 <br> Quantidade de Prateleiras: 4 <br> Sistema de Refrigeração: FROST FREE <br> Tipo de Pés: NIVELADORES <br> Tipo de Refrigerador: SIDE BY SIDE <br> Consumo Aproximado de Energia (Kw/h): 38 <br> Eficiência Energética: A+++ <br> Material Geral: VCM U10 <br> Modelo: IS4S <br> <br> Itens Inclusos:<br> Refrigerador<br> Porta Ovos<br> Forma de Gelo<br> Guia Rápido<br> Manual de Instruções<br> Observações:<br> <br> Dimensões do Produto: <br> Altura: 178 cm<br> Largura: 91 cm<br> Profundidade: 59 cm<br> Peso: 75kg<br> <br> Garantia do Fornecedor: 12 meses","{""cor"":""Inox"",""marca"":""Electrolux"",""material"":""Inox"",""tipo_de_degelo"":""Frost Free"",""voltagem"":""220 V""}",,Inox,Electrolux,Inox,Frost Free,220 V,,,435L,Não informado,Electrolux,VCM U10,Frost Free,Não informado,2,435 L,Inox,Electrolux,,Frost Free,220V,2 Portas,435L
utilidadesdomesticasudltda||760,Geladeira Electrolux Cycle Defrost 260 Litros,"Esse lindo Refrigerador Cycle, torna sua cozinha funcional e elegante.<br> Prático e moderno possui selo procel, ou seja, é mais econômico, colabora com o meio ambiente e com o seu bolso, o freezer possui a função Defrost que descongela automáticamente sem que seja necessário desliga-lo e fazer bagunça.<br> Além disso, você desfruta de diversas funções inteligentes que otimizam seu tempo apertado e corrido.<br> Mais praticidade e rapidez no dia-a-dia.<br> Com um belo design Integrado, o puxador é embutido com a porta do refrigerador, tornando-o mais moderno, discreto e funcional e liberando mais espaço na cozinha.<br> Tecnologia, conforto e qualidade do começo ao fim!<br> Verifique com os fabricantes do produto e de seus componentes eventuais limitações à utilização de todos os recursos e funcionalidades.<br> <br> Dimensões: <br> Altura: 161,9 cm<br> Largura: 54,8 cm<br> Profundidade: 61,3 cm<br> Peso: 44 Kg<br> <br> Garantia do Fornecedor 12 meses <br> <br> Todas as informações divulgadas são de responsabilidade do fabricante/fornecedor.<br> <br> Imagens meramente ilustrativas.","{""capacidade_liquida_total"":""260 L"",""cor"":""Branco"",""marca"":""Electrolux"",""tipo_de_degelo"":""Cycle Defrost"",""voltagem"":""127 V""}",260 L,Branco,Electrolux,,Cycle Defrost,127 V,,,260 Litros,Não informado,Electrolux,Não informado,Cycle Defrost,Não informado,Não informado,Não informado,Branco,Electrolux,,Cycle Defrost,110V,2 Portas,260L
opescadordeofertas||11540639399,Refrigerador Top Freezer Branco 382L Electrolux TF42 110v,"Impressiona pela quantidade de funcionalidades que possui, com destaque para o controle de temperatura pelo painel externo, puxador ergonômico e prateleira retrátil do freezer.<br> O Refrigerador Frost Free duplex também ajuda a ficar longe de doenças.<br> É que ao contrário do que muita gente pensa, o local ideal para os ovos não é a prateleira da porta. <br> Ela sofre muita alteração de temperatura, de tanto abrir e fechar, criando condições ideais para proliferação de bactérias que podem contaminar seus ovos e te deixar doente.<br> <br> Já com o compartimento Turbo Freezer você garante que seus laticínios fiquem sempre fresquinhos, à mão e conservados corretamente. <br> Ele fica na região onde a temperatura é mais constante, evitando que eles estraguem rápido na sua geladeira duplex. <br> Outra dica bacana é armazenar os potes de queijo cottage de cabeça para baixo, assim você cria um vácuo que evita o surgimento de fungos.<br> <br> Conservar os alimentos fica muito mais fácil com esse refrigerador Electrolux, pois com tudo em seu devido lugar você visualiza o que está para vencer e não deixa nada estragar.<br> O freezer de 94 Litros com prateleira retrátil, permite a flexibilidade que você precisa para cada ocasião.<br> Desenvolvido para pessoas exigentes, que priorizam uma cozinha funcional e completa, este refrigerador electrolux Frost Free impressiona pela quantidade de funcionalidades que possui.<br> Destaque para o controle de temperatura pelo painel externo, puxador ergonômico e prateleira retrátil do freezer.<br> <br> Conte também a função Turbo Congelamento do Refrigerador Frost Free, para acelerar o congelamento de carnes e mantê-las conservadas por mais tempo. <br> Aproveite também para resfriar suas bebidas e deixá-las prontas para consumo com a prateleira para garrafas de até 3,3 litros.<br> <br> *CONSUMIDOR, ESTE PRODUTO POSSUI DISPOSITIVO QUE ACUMULA ÁGUA DE DEGELO!<br> <br> CARACTERÍSTICAS:<br> - Gavetão de frutas e legumes<br> - Prateleiras 100% removíveis<br> - Compartimento para alimentos frescos<br> - Prateleiras de vidro<br> - Turbo congelamento<br> - Formas de gelo suspensas - 2 unidades<br> - 2 Prateleiras na porta do freezer<br> - Prateleira para garrafas de até 3,3L<br> <br> DADOS TÉCNICOS:<br> - Tensão: 110V<br> - Modelo: TF42<br> - Cor: Branco<br> - Consumo: 51 kWh/mês<br> - Classificação Energética: A<br> - Capacidade Líquida do Refrigerador: 288L<br> - Capacidade Líquida do Freezer: 94L<br> - Capacidade Total de Armazenamento: 382L<br> - Capacidade Bruta do Refrigerador: 293L<br> - Capacidade Bruta do Freezer: 106L<br> - Capacidade Total Bruta: 399L<br> - Alarme de Porta Aberta: Sim<br> - Cesta porta Ovos: Não<br> - Compartimento Congelamento Rápido: Não<br> - Compartimento Extra Frio: Não<br> - Degelo Automático: Sim<br> - Gelo na porta: Não<br> - Home bar: Não<br> - Iluminação Interna: Sim<br> - Painel Eletrônico: Sim<br> - Pés niveladores: Sim<br> - Porta latas: Não<br> - Porta laticínios: Não<br> - Porta reversível: Não<br> - Prateleiras de vidro temperado: Sim<br> - Prateleiras na Porta: Sim<br> - Prateleiras reguláveis: Sim<br> - Prateleiras Removiveis: Sim<br> - Recipiente para guardar gelo: Sim<br> - Rodízios: Sim<br> - Medidas (AxLxP): 178,5x60x76 cm<br> - Profundidade do gabinete sem porta: 61,7 cm<br> - Profundidade com porta e sem puxador: 71 cm<br> - Profundidade com porta aberta: 123,3 cm<br> - Largura porta aberta 90° sem puxador: 64,3 cm<br> - Largura Porta aberta 90° com puxador: 68,5 cm<br> - Peso: 66 kg<br> - Garantia: 12 meses<br> <br> Aqui na Loja O Pescador de Ofertas, você pode concluir a sua compra facilmente, com toda a segurança e a sua entrega é garantida.<br> Aqui você está em 1o Lugar!","{""capacidade_liquida_total"":""382 L"",""cor"":""Branco"",""marca"":""Electrolux"",""tipo_de_degelo"":""Frost Free"",""voltagem"":""127 V""}",382 L,Branco,Electrolux,,Frost Free,127 V,,,382L,Branco,Electrolux,Não informado,Frost Free,110v,2,382L,Branco,Electrolux,,Frost Free,110V,2 Portas,382L
lojasmm||16618,Geladeira Electrolux 490L Efficient Com AutoSense Inverse IB7S,"Com a Geladeira Electrolux Inverse com AutoSense 490 L (IB7S) você preserva seus alimentos por mais tempo e ainda economiza energia. Compre já a sua! Possui a tecnologia #NãoJogaNadaFora, que são todas as funções que preservam os alimentos por mais tempo, ajudando a evitar desperdícios.<br> <br> Usando Inteligência Artificial, a tecnologia AutoSense controla a temperatura automaticamente e prolonga a vida dos alimentos por até 301 mais tempo. Trata-se de uma tecnologia exclusiva Electrolux, que reconhece as suas rotinas, identificando os momentos de maior uso e de abertura de portas, ficando automaticamente mais fria. Ou reconhece os momentos de menor uso (durante a noite ou férias, por exemplo) e estabiliza a temperatura, além de reduzir possíveis ruídos.<br> <br> Consumo: 42.9(kWh/Mês)<br> <br> Capacidade líquida total (L): 490<br> <br> Este Produto inclui Água na porta: Não<br> <br> Alarme de porta aberta: Sim<br> <br> Porta ovos: Sim<br> <br> Compartimento congelamento rápido: Sim<br> <br> Compartimento extra frio: Sim<br> <br> Degelo automático: Sim<br> <br> Iluminação Interna: Sim<br> <br> Pés niveladores: Sim<br> <br> Porta reversível: Não<br> <br> Prateleiras removíveis: Sim<br> <br> Rodízios: Sim<br> <br> Separador de garrafas: Não<br> <br> Puxadores: Sim (Embutido)<br> <br> Máquina de gelo automática: Não<br> <br> Trava painel de controle: Sim<br> <br> Controle de temperatura: Automático<br> <br> Compartimento FlexiSpace: Não<br> <br> Conectividade: Não<br> <br> Filtro desodorizador: Sim. TastGuard<br> <br> Capacidade líquida do freezer (L): 167<br> <br> Capacidade bruta do refrigerador (L): 333<br> <br> Capacidade líquida do congelador (L): 167<br> <br> Classificação energética: A+++<br> <br> Frequência: 60 Hz<br> <br> Capacidade líquida do refrigerador (L): 323<br> <br> Capacidade bruta do freezer (L): 194<br> <br> Quantidade de portas: 2<br> <br> Capacidade bruta congelador (L): 333<br> <br> Gás refrigerante: R600A<br> <br> Quantidade de prateleiras e gavetas do freezer Gabinete: 1 Prateleira e 2 gavetas Porta: 2 Prateleiras<br> <br> Quantidade de prateleiras e gavetas do refrigerador Gabinete: 2 Prateleiras e 1 Gaveta Porta: 4 Prateleiras<br> <br> Prateleiras retráteis: Não<br> <br> Prateleiras reversíveis: Sim<br> <br> Prateleiras expansíveis (fast adapt): Sim<br> <br> Nível de ruído (dB): 43.4(dB)<br> <br> Tipo de degelo: Frost Free<br> <br> Dispenser de gelo na porta: Não<br> <br> Função turbo freezer: Sim<br> <br> Função turbo refrigerador: Não<br> <br> Selo Procel: Não<br> <br> Tipo de compressor: Inverter<br> <br> Iluminação interna (freezer): Não<br> <br> AutoSense: Sim<br> <br> Tecnologia Inverter: Sim<br> <br> Dimensões do produto:<br> Altura: 189 cm<br> Largura: 69,9 cm<br> Profundidade: 75 cm<br> Peso: 73 kg<br> <br> Garantia: 12 meses","{""capacidade_liquida_total"":""490 L"",""cor"":""Inox"",""marca"":""Electrolux"",""material"":""Inox"",""voltagem"":""Bivolt""}",490 L,Inox,Electrolux,Inox,,Bivolt,,,490,Não informado,Electrolux,Não informado,Frost Free,Não informado,2,490L,Inox,Electrolux,,Frost Free,220V,2 Portas,490L
lojascolombooficial||1472765,Refrigerador Consul 2 Portas Frost Free 410 Litros CRM50HB,"<p>Conheça o Refrigerador / Geladeira Consul Frost Free, 410 Litros, 2 Portas - CRM50HB, com a tecnologia Frost Free não é necessário descongelar nunca sua geladeira e não há acúmulo de gelo na parede do seu freezer. Facilidade e praticidade na sua rotina! Organize o espaço interno da porta da sua geladeira de acordo com a sua necessidade: são mais de 10 combinações possíveis para garantir mais flexibilidade e praticidade no seu dia a dia ao armazenar garrafas, jarras e diferentes itens! Garanta já a sua!</p><p><br></p><p> Características: </p><p> Modelo: CRM50HB</p><p> Tipo: 2 portas Frost Free</p><p> Capacidade do refrigerador: 311 litros</p><p> Capacidade do freezer: 99 litros</p><p> Capacidade total (litros): 410 litros</p><p> Painel de Controle: Sim</p><p> Controle de temperatura: 5 níveis de temperatura</p><p> Frost free: Sim</p><p> Dreno de gelo: Sim</p><p> Alarme na porta: Não</p><p> Puxadores: Plástico</p><p> Iluminação interna: LED</p><p> Potência da lâmpada:0,5 Watts</p><p> Compartimento para gelo:Sim</p><p> Prateleiras no Freezer: Sim</p><p> Prateleira no refrigerador: Sim</p><p> Prateleiras deslizantes: Sim</p><p> Forma de gelo: 2</p><p> Compartimento extra-frio:Sim</p><p> Compartimento de congelamento rápido: Sim</p><p> Separador de garrafas: Sim</p><p> Porta latas: Não</p><p> Porta ovos: Sim</p><p> Gavetão para legumes: Sim</p><p> Desodorizador: Sim</p><p> Função trava painel: Não</p><p> Função Turbo: Sim</p><p> Potência: 110V: 190 Watts; 220V: 165 Watts</p><p> Pés: Ajustáveis</p><p> Classificação Energética: A</p><p> Frequência: 60 Hz</p><p> Consumo de energia: 56 kW/h</p><p><br></p><p> Dimensões: </p><p> Altura: 173,90 cm</p><p> Largura: 69,50 cm</p><p> Profundidade: 71,90 cm</p><p> Peso: 71 kg</p><p><br></p><p> Garantia do fornecedor de 12 meses.</p>","{""capacidade_liquida_total"":""410 L"",""cor"":""Branco"",""marca"":""Consul"",""quantidade_de_portas"":""2 Portas"",""tipo_de_degelo"":""Frost Free"",""voltagem"":""220 V""}",410 L,Branco,Consul,,Frost Free,220 V,2 Portas,,410 litros,Não informado,Consul,Não informado,Frost Free,110V / 220V,2 Portas,410 Litros,Branco,Consul,,Frost Free,220V,2 Portas,410L
leonfer||1881,Refrigerador Panasonic BT40 387L Frost Free NR-BT40BD1W,"A Geladeira Frost Free Panasonic BT40BD1W [RE]Generation alia praticidade, funcionalidade em muita inovação. O modelo possui alta capacidade de 387 litros e é duplex, ou seja, possui 2 portas. Além disso, pelo eletrodoméstico contar com a tecnologia Frost Free, você não precisará se preocupar com formação de gelo nas paredes do congelador. O amplo espaço interno é dividido em 292 litros para o refrigerador e 95 litros para o jumbo freezer, o permite que você armazene os alimentos de maneira organizada.<br> <br> Características:<br> Tipo: 2 portas Frost Free<br> Capacidade do freezer: 95 litros<br> Capacidade total (litros): 387 litros<br> Controle de temperatura: Sim<br> Frost free: Sim<br> Potência de Degelo: 230 watts<br> Painel: Eletrônico<br> Iluminação interna: LED<br> Turbo Freezer: Sim<br> Compartimento extra-frio: Sim<br> Porta latas: Sim<br> Porta ovos: Sim<br> Gavetão para legumes: Sim<br> Pés: Estabilizadores<br> Classificação Energética: A<br> Frequência: 60 Hz<br> Potência de operação: 120 watts<br> <br> Informações complementares:<br> Capacidade Líquida Total: 387 L<br> Marca: Panasonic<br> Tipo de Degelo: Frost Free<br> <br> Dimensões:<br> Altura: 180 cm<br> Largura: 60 cm<br> Profundidade: 73 cm<br> Peso: 57 Kg<br> <br> Garantia do Fornecedor: 12 Meses.","{""capacidade_liquida_total"":""387 L"",""cor"":""Branco"",""marca"":""Panasonic"",""quantidade_de_portas"":""2 Portas"",""tipo_de_degelo"":""Frost Free"",""voltagem"":""127 V""}",387 L,Branco,Panasonic,,Frost Free,127 V,2 Portas,,387 L,Não informado,Panasonic,Não informado,Frost Free,Não informado,2 portas,387 litros,Branco,Panasonic,,Frost Free,110V,2 Portas,387L
ebomdecomprar||31213,Geladeira Electrolux Frost Free Inverce IB54B 490L,"A Geladeira Electrolux Inverse Efficient 490L possui tecnologia AutoSense, que utiliza Inteligência Artificial para controlar a temperatura automaticamente, prolongando a vida dos alimentos por mais tempo. Trata-se de uma tecnologia exclusiva Electrolux, que reconhece as suas rotinas, identificando os momentos de maior uso e de abertura de portas, ficando automaticamente mais fria ou reconhece os momentos de menor e estabiliza a temperatura, além de reduzir possíveis ruídos. A Tecnologia Inverter mantém a temperatura mais estável da geladeira, tornando-a uma das geladeiras brasileiras mais econômicas do segmento, que economiza até 42 de energia.<br> <br> <br> Características:<br> 2 Portas.<br> Gaveta HortiFruti.<br> Entrada para o filtro TasteGuard.<br> Sistema de refrigeração Frost Free.<br> Freezer de 167L com gavetas organizadoras.<br> Compartimento TurboFreezer de congelamento rápido. <br> FastAdapt e prateleira retrátil: Prateleiras que permitem 80 configurações internas.<br> FoodControl: Controla a validade de alimentos frescos até a data ideal de consumo.<br> IceMax: compartimento com abertura que permite a reposição da água sem respingos.<br> <br> <br> Dimensões:<br> Altura: 189,5 cm<br> Largura: 69,9 cm<br> Profundidade: 74,85 cm<br> Peso: 73,00 kg<br> <br> <br> Garantia do fornecedor de 12 meses","{""capacidade_liquida_total"":""490 L"",""cor"":""Black"",""marca"":""Electrolux"",""tipo_de_degelo"":""Frost Free"",""voltagem"":""220 V""}",490 L,Black,Electrolux,,Frost Free,220 V,,,490L,Não informado,Electrolux,Não informado,Frost Free,Não informado,2 Portas,Não informado,Preto,Electrolux,,Frost Free,220V,2 Portas,490L
magazineluiza||010064201,Geladeira/Refrigerador Electrolux Frost Free,,"{""capacidade_liquida_total"":""542 L"",""marca"":""Electrolux"",""voltagem"":""127 V""}",542 L,,Electrolux,,,127 V,,,Não informado,Não informado,Electrolux,Não informado,Frost Free,Não informado,Não informado,Não informado,Branco,Electrolux,,Frost Free,110V,2 Portas,542L
lojaacheipneus||1003150-1003151,Geladeira Panasonic Frost Free 425L A+++ Black Glass - NR-BB53GV3B 110V,"<strong>Geladeira Panasonic Frost Free 425L A+++ Black Glass - NR-BB53GV3B 110V</strong><br><br>Conheça as geladeiras Panasonic, as mais econômicas do Brasil, com o menor consumo de energia,<br>segundo tabela de eficiência energética do Inmetro*, gerando economia na conta de luz do consumidor.<br><br>Especifiaçõe técnicas:<br><br>Marca: Panasonic<br>Litragem: 425 L<br>Capacidade do Refrigerador: 305 L<br>Capacidade do Freezer: 120 L<br>Voltagem: 110 V<br>Painel Eletrônico: Sim<br>Controle de Temperatura do Refrigerador no Painel: ExternoSim<br>Controle de Temperatura do Freezer no Painel Externo: Sim<br>Inverter: Sim<br>Degelo: Frost Free<br>Dispenser de Água na Porta: Não<br>Dispenser de Gelo na Porta: Não<br>Eficiência Energética: A+++<br>Prateleira Retrátil: Não<br>Potência (W): 115 W<br>Consumo Aproximado de Energia: 39,9 kWh/mês<br>Gavetão Hortifrúti: Sim<br>Compartimento Extrafrio: Sim<br>Quantidade de Portas: 2 Portas<br>Quantidade de Prateleiras no Refrigerador: 3 (vidro temperado)<br>Quantidade de Prateleiras na Porta do Refrigerador: 4<br>Quantidade de Gavetas no Refrigerador: 2<br>Possui LED: Sim<br>Porta Reversível: Não<br>Tipo de Pés: Estabilizador<br>Peso do Produto: 90 kg<br>Dimensão do Produto ( L x A x P ): 69,5 x 185,4 x 75,1 cm<br>Quantidade de Volume: 1 Volume<br>Itens Incluso: Manual de Montagem, Refrigerador, Porta Ovos<br>Garantia do Fabricante: 12 Meses","{""capacidade_liquida_total"":""425 L"",""marca"":""Panasonic"",""quantidade_de_portas"":""2 Portas"",""tipo_de_degelo"":""Frost Free"",""voltagem"":""127 V""}",425 L,,Panasonic,,Frost Free,127 V,2 Portas,,425L,Black Glass,Panasonic,Não informado,Frost Free,110V,2 Portas,Não informado,Preto,Panasonic,,Frost Free,110V,2 Portas,425L
bidushopcomerco||gazn11479x1x2,Ref 245l Esmaltec 1p Classe A - Roc31,"Cor: BRANCO - Voltagem: 220 VOLTS<br> Com um lindo design que irá combinar com sua cozinha, o Refrigerador Esmaltec 245 Litros é ideal para quem tem bom gosto e quer um refrigerador prático e espaçoso.<br> Beleza e praticidade de limpeza. Prateleiras Internas removíveis,reguláveis e inclináveis. Facilitam a organização interna. Gaveta Push In. Não há necessidade da troca de portas. Iluminação na lateral do refrigerador, boa visibilidade, classificação A em eficiência energética. Maior economia no consumo de energia e portas-latas. Organização para otimizar o aproveitamento interno do refrigerador, puxador ergonômico. Produto mais atraente e de fácil manuseio. Pés elevados com niveladores e maior facilidade na limpeza.<br> Conserve seus alimentos e deixe o ambiente muito mais bonito com o Refrigerador Esmaltec<br> Características:<br> Potência: 91W<br> Tipo de gás: R134A<br> Classificação: A<br> Capacidade (litros)<br> Espaço do congelador: 27L<br> Espaço do refrigerador: 218L<br> Volume total: 245l.<br> Dimensões:<br> Altura: 147cm<br> Largura: 56cm<br> Profundidade: 65cm<br> Peso: 38.40kg<br> Garantia do fornecedor de 12 Meses<br>","{""capacidade_liquida_total"":""245 L"",""cor"":""Branco"",""marca"":""Esmaltec"",""voltagem"":""220 V""}",245 L,Branco,Esmaltec,,,220 V,,,245l,BRANCO,Esmaltec,Não informado,Não informado,220 VOLTS,1p,245 Litros,Branco,Esmaltec,,Cycle Defrost,220V,1 Portas,245L
magazineluiza||010022301,Refrigerador 360 Litros Electrolux,,"{""capacidade_liquida_total"":""360 L"",""marca"":""Electrolux"",""voltagem"":""127 V""}",360 L,,Electrolux,,,127 V,,,360 Litros,Não informado,Electrolux,Não informado,Não informado,Não informado,Não informado,Não informado,,Electrolux,,,110V,,360L
magazineluiza||010085400,Geladeira/Refrigerador Continental Cycle Defrost,"Deixe sua cozinha ainda mais elegante. Tenha o máximo de espaço para armazenar seus alimentos. Este refrigerador possui 458 Litros de capacidade total com freezer gigante que oferece mais espaço para seu estoque de congelados e menos visitas ao supermercado. Cabe tudo e mais um pouco. A Continental utiliza o gás R-600a, que não agride a camada de ozônio, nem contribui para o efeito estufa. Este refrigerador possui prateleira com regulagem de altura na porta do refrigerador para você alterar de acordo com o tamanho dos seus alimentos e temperos e sistema Dynamic Cooling que deixa seus alimentos sempre fresquinhos com o sistema de circulação de ar frio que mantém a temperatura uniforme em todo o refrigerador. Conta ainda com gaveta para legumes, gaveta para carnes e frios, prateleira para garrafas, forma para gelo, porta-ovos, separador e protetor de garrafas, rodízios e pés reguláveis para fácil nivelamento e movimentação do produto.","{""capacidade_liquida_total"":""458 L"",""cor"":""Inox"",""marca"":""Continental"",""quantidade_de_portas"":""2 Portas"",""tipo_de_degelo"":""Frost Free"",""voltagem"":""220 V""}",458 L,Inox,Continental,,Frost Free,220 V,2 Portas,,458 Litros,Não informado,Continental,Não informado,Cycle Defrost,Não informado,Não informado,Não informado,Inox,Continental,,Cycle Defrost,220V,2 Portas,458L
comprebel2||75149,Geladeira Brastemp Frost Free Duplex 375 Litros com Espaço Cor Branca BRM45JBBNA - 220V,"<p>Geladeira Brastemp Frost Free Duplex 375 Litros com Espaço Cor Branca BRM45JBANA - 220V<br><br>A Geladeira Brastemp Frost Free Duplex 375 litros tem design sofisticado e grande capacidade para armazenar os alimentos. No painel eletrônico você acessa funções como Turbo Freezer, Festa, Compras e Férias. Com o espaço adapt, você conta com prateleiras ajustáveis para armazenar itens de diversos tamanhos. Além disso, possui a Tecnologia fresh zone, que conserva frutas e verduras por mais tempo no gavetão.<br><br>- Compartimento de fácil acesso para guardar e organizar os itens menores da geladeira.<br>- Gele as bebibas mais rápido e conserve melhor frios e laticínios.<br>- Produto silencioso<br>- Prateleiras de vidro, cesto injetado em cristal transparente<br><br>ESPECIFICAÇÕES TECNICAS<br>Marca: Brastemp<br>Cor: Branca<br>Modelo: BRM45JBANA<br>Consumo aproximado de energia: 48,8kw/ano<br>Corrente (Amperagem): 2,5A<br>Frequencia: 60 hz<br>Tipo de controle Painel: Touch<br>Tipo de Display: Led<br>Voltagem: 220V<br><br>DIMENSÕES TÉCNICAS<br>Altura: 176,0cm<br>Largura: 62,1cm<br>Profundidade: 75,5 cm<br>Peso: 58,0 kg<br><br>GARANTIA<br>01 Ano (Sendo 3 meses de garantia legal e mais 9 meses de garantia para defeito de fabricação).</p>","{""capacidade_liquida_total"":""375 L"",""cor"":""Branco"",""marca"":""Brastemp"",""tipo_de_degelo"":""Frost Free"",""voltagem"":""220 V""}",375 L,Branco,Brastemp,,Frost Free,220 V,,,375 Litros,Branca,Brastemp,Não informado,Frost Free,220V,Duplex,Não informado,Branco,Brastemp,,Frost Free,220V,2 Portas,375L
gazin||13211,Geladeira Refrigerador Consul 386L Frost Free Duplex CRM44AB,"Nos dias de hoje, ter eletrodomésticos que facilitam a rotina do dia a dia, trazem muitos benefícios. E com a Geladeira/Refrigerador não é diferente, não é mesmo? Se você está a procura de uma nova ou quer trocar, precisa conhecer o refrigerador CRM44AB da Consul. Uma geladeira na cor branca, Frost Free, iluminação em LED, o que deixa ela econômica e sustentável, com capacidade líquida total de 386 litros, duplex, e tem 5 níveis de temperatura que vão facilitar o seu dia a dia. Isso sem contar no exclusivo puxador embutido na cor preta, deixando ela com um design bonito, ergonômico e fácil de limpar. Além disso, conta com sistema de ajustes de Altura Flex, que dá para ajustar em até 4 níveis de altura para organizar a geladeira de forma fácil e rápida. Cabe da jarra a melância. E o Freezer Espaçoso, é perfeito para organizar seus congelados sem fazer malabarismo. Outro detalhe é a função turbo, que gela rápido até quando está cheia. Com esse refrigerador, você organiza tudo da sua maneira, e deixa sua cozinha mais bonita e completa!","{""capacidade_liquida_total"":""386 L"",""cor"":""Branco"",""marca"":""Consul"",""quantidade_de_portas"":""2 Portas"",""tipo_de_degelo"":""Frost Free"",""voltagem"":""127 V""}",386 L,Branco,Consul,,Frost Free,127 V,2 Portas,,386 litros,branca,Consul,Não informado,Frost Free,Não informado,Duplex,Não informado,Branco,Consul,Aço,Frost Free,110V,2 Portas,386L
friopecas||131880,Refrigerador Electrolux 382 Litros Frost Free 2 Portas Branco DF42  220 Volts,"Refrigerador Electrolux 382 Litros Frost Free 2 Portas Branco DF42 – 220 Volts <p> O Refrigerador Electrolux 382 Litros Frost Free 2 Portas Branco DF42 ajuda a organizar sua geladeira e a não deixar a comida estragar. Com compartimentos específicos para diferentes tipos de alimento e bebida, tudo fica bem conservado sem estragar. Além de práticos, os compartimentos são versáteis. O Porta-Latas faz as vezes de porta-frutas, onde você pode armazenar os limões. Mantidos na geladeira, ficam mais suculentos e duram mais. Se preferir, use o espaço onde cabem 4 latas para guardar condimentos e economizar espaço na bancada. </p> <p> A Geladeira Frost Free duplex também ajuda a ficar longe de doenças. É que ao contrário do que muita gente pensa, o local ideal para os ovos não é a prateleira da porta. Ela sofre muita alteração de temperatura, de tanto abrir e fechar, criando condições ideais para proliferação de bactérias que podem contaminar seus ovos e te deixar doente. Com o Porta-Ovos você evita isso, pois pode colocá-lo onde quiser. Já com o Porta-Frios você garante que seus laticínios fiquem sempre fresquinhos, à mão e conservados corretamente. Ele fica na região onde a temperatura é mais constante, evitando que eles estraguem rápido na sua geladeira duplex. Outra dica bacana é armazenar os potes de queijo cottage de cabeça para baixo, assim você cria um vácuo que evita o surgimento de fungos. </p> <p> Conservar os alimentos fica muito mais fácil com essa geladeira Electrolux, pois com tudo em seu devido lugar você visualiza o que está para vencer e não deixa nada estragar. </p> <p> Controle de Temperatura Externo Blue Touch: </p> <p> Facilidade para controlar a temperatura do refrigerador com o controle digital externo. </p> <p> Design Sofisticado e Inovador, com Puxador em Metal: </p> <p> Puxador ergonômico e design sofisticado. </p> <p> Fast Adapt na contra porta e prateleira retrátil no refrigerador. </p> <p> Prateleira do Freezer Retrátil - 3 Posições: </p> <p> Prateleira retrátil que pode ser utilizada em 3 posições, prateleira inteira, meia prateleira e totalmente retraída, com amplo espaço. </p> <p> Acessório 2 em 1: </p> <p> Porta-latas para 4 unidades e cesta multi-uso, que pode ser utilizada como porta-condimentos ou cesta de frutas, por exemplo. Podem ser utilizados juntos facilitando o transporte das latas. </p> <p> Turbo Congelamento: </p> <p> Congela rápido os alimentos. </p> <p> Compartimento para Alimentos Frescos: </p> <p> Espaço específico que conserva melhor os alimentos. </p> <p> Este produto possui dispositivo que acumula água de degelo! </p>","{""cor"":""Branco"",""marca"":""Electrolux"",""quantidade_de_portas"":""2 Portas"",""tipo_de_degelo"":""Frost Free"",""voltagem"":""220 V""}",,Branco,Electrolux,,Frost Free,220 V,2 Portas,,382 Litros,Branco,Electrolux,Não informado,Frost Free,220 Volts,2 Portas,Não informado,Branco,Electrolux,,Frost Free,220V,2 Portas,382L
efacil||191815-67,Geladeira/Refrigerador Electrolux Frost Free 2 Portas DF53 427 Litros Branco,PRODUTO DESATIVADO<br>,"{""capacidade_liquida_total"":""427 L"",""cor"":""Branco"",""marca"":""Electrolux"",""quantidade_de_portas"":""2 Portas"",""tipo_de_degelo"":""Frost Free"",""voltagem"":""127 V""}",427 L,Branco,Electrolux,,Frost Free,127 V,2 Portas,,427 Litros,Branco,Electrolux,Não informado,Frost Free,Não informado,2 Portas,Não informado,Branco,Electrolux,,Frost Free,110V,2 Portas,427L
continentalcenter||760050050623070201,Refrigerador Consul Domest 397L 2 Portas FrostFree Evox 220V,"Refrigerador Consul Domest 397L 2 Portas Frost Free Evox 220V CRE44AK <p>O novo refrigerador CRE44AK da Consul é ideal para você de todas as formas possíveis, pensado para ser moderno e funcional, a geladeira conta com 397 litros de capacidade, espaço de sobra para armazenar os seus alimentos e acompanha um design diferenciado.</p> <p>O design do produto é fenomenal! Com acabamento EVOX, protege sua geladeira da ferrugem e corrosão com uma camada de zinco e uma película impermeabilizante aplicadas sobre o aço. </p> <p>Pensado para trazer ainda mais comodidade, o freezer fica na parte de baixo do refrigerador e acompanha a função Turbo Freezer, que ajuda a congelar os alimentos de modo mais rápido, basta acionar no controle externo. </p> <p>Já os alimentos do dia-a-dia, ficam na parte de cima, ideal para encontrar tudo o que precisa de forma rápida e simples. O Gavetão Hortifruti agora está a altura das suas mãos no refrigerador, facilitando a organização e limpeza. Além de manter as frutas, verduras e legumes fresquinhos.</p> <p>Controle facilmente a temperatura do refrigerador e do freezer através do controle externo, sem a necessidade de abrir a porta. Viu só como um refrigerador pode te trazer várias possibilidades? Conte com a Consul na hora de escolher os eletrodomésticos ideais para a sua casa.</p> <p>Especificações Técnicas:</p> <p>Marca: Consul<br> - Código do Modelo: CRE44AK<br> - Categoria: Refrigeração<br> - Cor Principal (visão Frontal): Inox<br> - Capacidade Total Líquida (L): 397L<br> - Tipo de Degelo: Frost Free<br> - Número de Portas: 2<br> - Método de Preparo: 1<br> - Posição do Freezer: Embaixo<br> - Painel de Controle: Externo<br> - Voltagem: 220V<br> - Plugue e Tomada: 10 A<br> - Classificação Energética (220V): A<br> - Potência 220v (w): 175W<br> - Potência da Lâmpada (w): 1<br> - Consumo Aproximado de Energia 220V (kwh): 58 Kwh<br> - Corrente (amperagem) 220v (a): 1 A<br> - Frequência 220v (hz): 60 Hz<br> - Selo Inmetro no Produto: Sim<br> - Certificação do Inmetro: A<br> - Porta: Pintado<br> - Gabinete (externo): Pintado Inox<br> - Puxadores : 2<br> - Tipo do Puxador: Embutido<br> - Refrigerador (L): 285L<br> - Freezer (L): 112L<br> - Painel de Controle: Externo<br> - Tipo de Display: LED<br> - Tipo de Controle do Painel: Eletrônico<br> - Controle de Temperatura no Refrigerador: Sim<br> - Número de Níveis de Temperatura do Refrigerador: 5<br> - Controle de Temperatura no Freezer: Sim<br> - Número de Níveis de Temperatura do Freezer: 5<br> - Porta-ovos : Sim<br> - Número de Porta-ovos: 2<br> - Separador de Garrafas: Sim<br> - Porta-ovos Removível: Sim<br> - Quantidade de Ovos no Porta-ovos: 6<br> - Porta Garrafas: Sim<br> - Número de Formas de Gelo: 4<br> - Função Turbo Freezer: Geral<br> - Quantidade de Cubos por Forma de Gelo: 6<br> - Compartimento de Congelamento Rápido: Sim<br> - Dreno de Degelo: Sim<br> - Número de Prateleiras, Cestos e Gavetas Refrigerador: 4 Prateleiras de Vidro, 4 Prateleiras de Porta, 1 Gaveta de Legumes<br> - Número de Prateleiras, Cestos e Gavetas Freezer: 1 Prateleira, 2 Cestos, 2 Prateleiras de Porta<br> - Pés Ajustáveis: Sim<br> - Pés: Sim<br> - Pés Com Rodízios: Sim<br> - Dimensões do Produto (LxAxP): 62.1 x 184.7 x 71.3 cm<br> - Peso Líquido (kg): 69.7 Kg<br> - Dimensões do Nicho (LxAxP): 82.1 x 204.7 x 89.7 cm<br> - Garantia Produto (meses): 12<br> - Garantia Porta (meses): 36</p>","{""capacidade_liquida_total"":""397 L"",""cor"":""Inox"",""marca"":""Consul"",""material"":""Evox"",""quantidade_de_portas"":""2 Portas"",""tipo_de_degelo"":""Frost Free"",""voltagem"":""220 V""}",397 L,Inox,Consul,Evox,Frost Free,220 V,2 Portas,,397L,Inox,Consul,Não informado,Frost Free,220V,2,397L,Inox,Consul,Evox,Frost Free,220V,2 Portas,397L
continentalcenter||760050174813040101,Refrigerador Duplex Consul Frost Free 340L 127V Branco CRM38NBANA,"Refrigerador Duplex Consul Frost Free 340L 127V Branco CRM38NBANAChega de malabarismos para conseguir acomodar todos os alimentos, tenha espaço suficiente para armazenar os seus alimentos com a Geladeira Frost Free da Consul! Pensada para se adaptar a todos os seus momentos, a geladeira conta com Altura Flex, um exclusivo sistema de regulagem, as prateleiras podem ser ajustadas em oito níveis de altura para acomodar potes, jarras e alimentos de diversos tamanhos. A função turbo faz com que a geladeira atinja mais rapidamente os níveis selecionados. Ideal para quando o refrigerador estiver muito cheio, e melhor: tudo isso com apenas um toque.Aproveite mais as suas atividades sem se preocupar em descongelar o freezer, o refrigerador é Frost Free, não forma gelo nas paredes e é muito mais prática, muito mais espaço para acomodar alimentos e mais tempo para aproveitar os melhores momentos ao lado de quem você ama.Especificações Técnicas:- Marca: Consul- Cor: Branco- Tipo: Geladeira / Refrigerador - 2 portas- Consumo: 49,1- Eficiência: A- Capacidade Total (L): 340- Dispenser de água: Não- Prateleiras removíveis: Não- Capacidade Freezer (L): 72- Tipo de Degelo: Frost Free- Dimensões do produto (LxAxP): 62,1 x 169,5 x 71,4 cm - Dimensões com embalagem (LxAxP) (cm): 66,1 x 173,7 x 73,8 Peso 62kg- Recipiente para guardar gelo: Sim- Compartimento extra frio: Sim- Capacidade Geladeira (L): 268- Gavetas: 1 gaveta- Voltagem: 127V- Porta ovos: Sim- Porta latas: Não- Alarme de porta aberta: Não- Pés niveladores: Sim- Porta reversível: Não- Display: Não Possui- Controle de temperatura: Sim- Mostrador frontal de temperatura: Sim- No de Portas: 2- Painel de Controle: Externo- Formato: Duplex- Garantia: 12 meses","{""capacidade_liquida_total"":""340 L"",""marca"":""Consul"",""quantidade_de_portas"":""2 Portas"",""tipo_de_degelo"":""Frost Free"",""voltagem"":""127 V""}",340 L,,Consul,,Frost Free,127 V,2 Portas,,340L,Branco,Consul,Não informado,Frost Free,127V,2,340,Branco,Consul,,Frost Free,110V,2 Portas,340L
magazineluiza||224945100,Geladeira/Refrigerador Smart LG French Door - Inverter 428L Nature Fresh e LG ThinQ GC-L228FTL1,"Se você procura elegância e sofisticação para sua cozinha, o refrigerador Smart GC-L228FTL1.APZGSBS French Door da LG é o ideal. Ele alia beleza e tecnologia em um só produto, pois é produzido em aço inox e possui acabamento em aço escovado, deixando seu design inovador, sofisticado e permitindo que ele combine com cozinhas clássicas ou contemporâneas. Ele possui painel Touch Screen e conectividade via Wi-Fi, que permite acessar as funções de seu refrigerador de qualquer lugar através de seu aplicativo LG ThinQ. Seu degelo é feito através do sistema Frost Free e ela tem capacidade total de 428L, sendo 285L para o refrigerador e 142L para o freezer, dando mais espaço para você organizar e armazenar seus alimentos. Seu sistema Multi Air Flow proporciona uma refrigeração eficiente e uniforme, fazendo com que os alimentos fiquem frescos por mais tempo. Já o Fresh 0 Zone, é um compartimento que mantém a temperatura constante de 0oC nos alimentos, fazendo com que mantenham seus nutrientes por mais tempo, sem a necessidade de serem congelados. Ah, ele é ideal para descongelar carnes e peixes que serão consumidos em breve e armazenar frios. Possui também tecnologia Linear Cooling, que associada à DoorCooling, reduz significativamente as diferenças de temperatura garantindo maior durabilidade dos alimentos armazenados. Além disso, possui dispenser de água e gelo e máquina de gelo automática com o filtro Hygiene Fresh+, que elimina odores e bactérias, trazendo mais saúde para você e sua família.","{""capacidade_liquida_total"":""428 L"",""cor"":""Aço escovado"",""marca"":""LG"",""material"":""Inox"",""tipo_de_degelo"":""Frost Free"",""voltagem"":""220 V""}",428 L,Aço escovado,LG,Inox,Frost Free,220 V,,,428L,Não informado,LG,aço inox,Frost Free,Não informado,3,285L (refrigerador) / 142L (freezer),Inox,LG,Inox,Frost Free,220V,4 Portas,428L
eletrofacil||GC-L247SLUV,Geladeira LG Smart Side By Side 601 Litros Aço Escovado 110V GC-L247SLUV,"<p>IceWater &amp; System <br>A máquina de gelo automática da LG oferece gelo em cubos ou triturado. Além disso o dispenser fornece água pura e gelada (filtragem de micropartículas e ação química) para o consumo diário de toda a família. <br>Água pura e gelada sempre à disposição! <br> <br>Moist Balance CrisperTM <br>Mantenha seus alimentos frescos por mais tempo na gaveta com controle de umidade, que por meio de suas cavidades mantêm a umidade no nível ótimo. <br> <br>Fresh 0 Zone <br>Descongelamento ideal <br>A gaveta Fesh 0 Zone mantém a temperatura em torno de 0oC e é ideal para descongelar alimentos da maneira correta. <br> <br>Compressor Linear Inverter <br>10 anos de garantia <br>A tecnologia do compressor Linear Inverter garante uma operação muito mais silenciosa e econômica que os compressores convencionais. Maior durabilidade e confiança com 10 anos* de garantia. <br> <br>Controle sua geladeira de qualquer lugar <br>Utilizando o aplicativo LG ThinQ você pode ajustar a temperatura da sua geladeira e deixá-la pronta para armazenar toda sua compra. <br> <br>Multi Air Flow <br>Refrigeração mais rápida e uniforme <br>O ar refrigerado é distribuído em todos os espaços da geladeira e do freezer através de múltipla saídas de ar.</p>","{""capacidade_liquida_total"":""601 L"",""cor"":""Inox"",""marca"":""LG"",""voltagem"":""127 V""}",601 L,Inox,LG,,,127 V,,,601 Litros,Aço Escovado,LG,Não informado,Frost Free,110V,3 Portas,Não informado,Inox,LG,Aço,Frost Free,220V,4 Portas,601L
magazineluiza||010013201,Refrigerador 408 Litros Intelligent Bosch,,"{""marca"":""Bosch""}",,,Bosch,,,,,,408 Litros,Não informado,Bosch,Não informado,Não informado,Não informado,Não informado,Não informado,,Bosch,,,220V,,408L
sellco||GZN11596x1x2,Geladeira Refrigerador Panasonic 387L Frost Free Duplex NR-BT41PD1W - Branco - 220 Volts,"GELADEIRA REFRIGERADOR PANASONIC 387L FROST FREE DUPLEX NR-BT41PD1W Feita para você, a Geladeira NR-BT41PD1W, é compacta por fora e super espaçosa por dentro, perfeita para guardar e conservar todos os seus alimentos. Além de contar com tecnologia de ponta e design sofisticado. Confira mais detalhes: <p>Uma das geladeiras mais econômicas</p> <p>Com eficiência energética A+++, ela garante menor consumo de energia, sendo capaz de economizar até 30% de energia. Tudo isso garantindo o desempenho esperado e menos gasto para seu bolso.</p> <p>Sistema Antibactéria Ag</p> <p>Mantenha sua geladeira e alimentos livres de bactérias com o sistema Antibacteria Ag. Por meio da combinação entre um filtro de carbono e íons de prata, que age dentro do duto durante a circulação de ar, a geladeira elimina 99,9% das bactérias.</p> <p>Muito mais espaço!</p> <p>Com a geladeira top freezer BT41, espaço é o que não vai faltar. Além de prateleiras profundas para potes de sorvete de 2L, esta geladeira também conta com um freezer que comporta até 95L de alimentos. Ah, e ainda compartimento extrafio, que conserva melhor alimentos como, carnes, frios e laticínios.</p> Sobre a marca: qualidade Panasonic! <p>A filosofia da Panasonic consiste em Uma Vida Melhor, Um Mundo Melhor. Esse foi o pensamento proposto pelo fundador Konosuke Matsushita, que incorpora o objetivo e respeito com o próximo e serve como base para todo o gerenciamento. Existência industrial ao bem estar, desenvolvimento, progresso das pessoas e do ecossistema são as bases de dedicação que se constitui na empresa. Seus 7 princípios atuam de forma a contribuir com a sociedade, lealdade e honestidade, cooperação e senso de equipe, esforço incansável para a realização de melhorias, gentileza e humildade, capacidade de adaptação e gratidão. Sempre empenhados em fazer parte evolutiva da sociedade e contribuir para a felicidade das pessoas em todo mundo.</p> Detalhes sobre a compra: <p>Fique de olho: siga sempre as orientações do fabricante e utilize seu produto de acordo com o manual. A empresa não se responsabiliza pelo mau uso do produto, o que pode causar perda da garantia.</p> <p>Não nos encarregamos, no ato da entrega, por montagens e desmontagens, subir escadas/elevadores ou transporte por guincho para apartamentos. Eventuais despesas são de responsabilidade do cliente.</p> <p>O valor divulgado é unitário e a imagem é meramente ilustrativa. Precisou trocar ou devolver? O prazo é de 7 dias a partir do recebimento do produto - Lei n 8.078 Sempre confira no ato da entrega.</p> Especificações técnicas: <br>Marca: Panasonic<br> <br>Modelo: NR-BT41PD1W<br> <br>Capacidade total: 387 litros<br> <br>Capacidade da geladeira em volume: 292 litros<br> <br>Freezer: Sim<br> <br>Capacidade do freezer em volume: 95 litros<br> <br>Tipo de degelo: Frost Free<br> <br>Painel: Eletrônico<br> <br>Tipo de porta: Duplex<br> <br>Quantidade de portas: 2 portas<br> <br>Número de prateleiras da geladeira: 2 prateleiras<br> <br>Material das prateleiras da geladeira: Vidro temperado<br> <br>Congelador: Não<br> <br>Portas reversíveis: Não<br> <br>Gaveta de vegetais: Sim<br> <br>Porta latas: Não<br> <br>Controle de temperatura do refrigerador: Sim<br> <br>Controle de temperatura do freezer: Sim<br> <br>Fabricador de gelo: Sim<br> <br>Dispenser de água: Não<br> <br>Dispenser de gelo: Não<br> <br>Alarme de porta aberta: Não<br> <br>Luz interior: Sim<br> <br>Altura: 180 cm<br> <br>Largura: 60 cm<br> <br>Profundidade: 77 cm<br> <br>Peso: 57 kg<br> <br>Eficiência energética: A+++<br> <br>Potência: 120 W<br> <br>Consumo: 39,4 kW/h<br> <br>Frequência: 60 Hz<br> <br>Inmetro: 005576/2017<br> <br>Código de barras: 110V: 7896067227725 | 220V: 7896067227732<br> <br>Garantia: 01 ano (3 meses de garantia legal e mais 9 meses de garantia especial concedida pelo fabricante)<br> <br>Conteúdo da embalagem: 01 refrigerador, acessórios e manual de instruções<br>","{""capacidade_liquida_total"":""387 L"",""cor"":""Branco"",""marca"":""Panasonic"",""material"":""Aço"",""quantidade_de_portas"":""2 Portas"",""tipo_de_degelo"":""Frost Free"",""voltagem"":""220 V""}",387 L,Branco,Panasonic,Aço,Frost Free,220 V,2 Portas,,387L,Branco,Panasonic,Não informado,Frost Free,220 Volts,2 portas,387 litros,Branco,Panasonic,,Frost Free,220V,2 Portas,387L
ebomdecomprar||24306,Geladeira Philco French Door Inverse Plus PFR500I 482L,"A Geladeira Philco French Door Inverse 482LPFR500I conta com Refrigerador na parte superior e freezer na parte inferior. Além das prateleiras em vidro reguláveis, o refrigerador conta também com prateleiras nas portas, compartimento de congelamento rápido, porta-ovos e gavetão de frutas e verduras. A tecnologia Frost Free evita o indesejado acúmulo de gelo, garantindo mais higiene e conservação mais adequada dos alimentos, além de facilitar a limpeza.<br> <br> <br> Características:<br> Capacidade de 482L (331L no refrigerador e 151L no freezer) <br> Classificação A em eficiência energética<br> Sistema de refrigeração Frost Free <br> Freezer inverse com abertura lateral independente <br> Painel touch <br> Controle de temperatura do freezer e refrigerador de forma independente<br> Freezer com temperaturas de -16°C a -24°C<br> Refrigerador com temperaturas de 2 a 8°C <br> Funções férias, turbo freezer e turbo refrigerador <br> Alarme de porta aberta<br> Porta em aço com tratamento anti-corrosão <br> Prateleiras em vidro temperado <br> Iluminação interna LED<br> <br> <br> Dimensões:<br> Altura: 181 cm<br> Largura:83 cm<br> Profundidade: 75,5 cm<br> Peso: 99 kg<br> <br> <br> Garantia do fornecedor de 12 meses.","{""capacidade_liquida_total"":""482 L"",""cor"":""Inox"",""marca"":""Philco"",""quantidade_de_portas"":""4 Portas"",""tipo_de_degelo"":""Frost Free"",""voltagem"":""127 V""}",482 L,Inox,Philco,,Frost Free,127 V,4 Portas,,482L,Não informado,Philco,Aço,Frost Free,Não informado,3,482L,Inox,Philco,Aço,Frost Free,110V,4 Portas,482L
fastshop2||BRBRH86ARANA1,Refrigerador Brastemp Gourmand Frost Free French Door Água e Gelo na Porta 515 Litros Inox BRH86AR,"A Geladeira Brastemp Gourmand Frost Free French Door BRH86 515 litros traz mais tecnologia e sofisticação para a sua cozinha. Com Tecnologia Inverter A++, economiza até 20% de energia* e mantém a temperatura estável, o que ajuda na preservação dos alimentos. Acabamento que protege sua geladeira da ferrugem e corrosão e conta com 3 anos de garantia**. *A Tecnologia Inverter A++, economiza até 20% de energia em relação a classificação energética A do INMETRO. **Contra Ferrugem e corrosão na porta da sua geladeira.CaracterísticasTipo: InverseQuantidade de Portas: 03Frost FreePainel Eletrônico Prateleiras: Vidro TemperadoAlarme de Portas AbertasDispenser de Água na Porta: ExternoDispenser de Gelo na Porta: ExternoDegelo AutomáticoPorta TaçasPorta GarrafasGavetas: 01Especificações TécnicasModelo: BRH86ARCor: InoxCapacidade Total: 515 LCapacidade de Armazenamento do Freezer: 188 LCapacidade de Armazenamento do Refrigerador: 327 LSelo Procel (Eficiência Energética): A+++Consumo de Energia: 62,2 kwh/mêsVoltagem: 110V/220V (não é Bivolt) EAN: 7891129555204 (110V) / 7891129555211 (220V)Garantia: 12 mesesDimensões e PesoDimensões do produto sem embalagem (AxLxP): 18890x8370x7930 mmDimensões do produto com embalagem (AxLxP): 87000x19310x82200 mmPeso do produto sem embalagem: 117 KgPeso do produto com embalagem: 120 KgItens Inclusos01 Refrigerador01 Guia Rápido01 Filtro de Água01 Kit de Instalação para Puxadores01 Kit de Instalação para o ponto de Água01 Manual de InstruçõesServiço de Instalação e Orientação de Uso Para sua comodidade, a Fast Shop dispõe do serviço de Instalação* e Orientação de Uso, com equipe especializada e autorizada pelo fabricante que poderá realizar a medição de todos os acessos, retirando as portas do produto caso necessário. Esse serviço pode ser adquirido em contato com nosso canal Blá pelo WhatsApp no número (11) 3232-2949 ou em uma de nossas lojas. Consulte os valores e regiões atendidas.","{""capacidade_liquida_total"":""515 L"",""cor"":""Inox"",""marca"":""Brastemp"",""voltagem"":""Bivolt""}",515 L,Inox,Brastemp,,,Bivolt,,,515 Litros,Inox,Brastemp,Não informado,Frost Free,110V/220V,3,515 L,Inox,Brastemp,,Frost Free,110V,3 Portas,515L
gazin||12460,Geladeira Refrigerador 259 Litros ROC35 1 Porta com Gavetão Hortifrúti Esmaltec,"Refrigerador 259 Litros ROC35 1 Porta Classe A Esmaltec <br> A Geladeira Refrigerador da Esmaltec é a opção ideal pra quem busca qualidade e economia em um só produto! Com um design incrível, ele possui também alta capacidade que vai te surpreender! Confira mais detalhes: <br> <br> Tecnologia de ponta!<br> Com muita qualidade, ele conta com sistema de porta única, acoplando o refrigerador e congelador juntos, diferentemente do sistema duplex. Além disso, ele possui o controle de temperatura do refrigerador, através do painel interno, com um design minimalista e muito simples de ser acionado. Sem contar que também possui economia A, onde proporciona menor consumo de energia.<br> <br> Espaço não vai faltar!<br> Contendo 259 litros de capacidade, o produto possui espaço para acoplar diversos alimentos e também bebidas, já que no congelador possui 27 litros de capacidade, e no refrigerador 232 litros. Além de possuir também 1 gavetão multiuso e para completar com chave de ouro, ela possui 3 grades, 3 prateleiras e também 1 porta latas nas portas promovendo muito mais versatilidade e organização ao produto.<br> <br> Sobre a marca: Qualidade Esmaltec!<br> A Esmaltec acumula mais de 55 anos de tradição. É uma empresa que não para de evoluir, investindo sempre em tecnologia e capacitação profissional. Com produtos de ponta para o lar e para setores comerciais, a Esmaltec oferece uma linha completa: purificadores, bebedouros, refrigeradores, fogões, cooktops, conservadores horizontais, cervejeiras e vitrines para bebidas, central de bebidas, expositores horizontais e Recipientes para GLP. Todos com algo em comum: facilitar a vida das pessoas com excelência e qualidade. O desenvolvimento da Esmaltec ao longo dos anos reflete na presença marcante em todo o Brasil e também no mercado internacional, com exportações para a América do Sul, América Central, Caribe, África e Oceania. Até porque, a conquista mais importante para a Esmaltec é a sua satisfação. É poder entrar na sua casa e levar mais qualidade para a sua família. <br> <br> Características:<br> Marca: Esmaltec<br> Modelo: ROC35<br> Capacidade Total: 259 litros<br> Capacidade da geladeira em volume: 232 litros<br> Freezer: Não<br> Tipo de degelo: Manual<br> Painel: Manual<br> Quantidade de portas: 1 porta<br> Quantidade de prateleiras da geladeira: 3 prateleiras<br> Congelador: Sim<br> Portas reversíveis: Não<br> Gaveta de vegetais: Não<br> Gaveta multiuso: Sim<br> Porta latas: Sim<br> Controle de temperatura do refrigerador: Sim<br> Fabricador de gelo: Não<br> Dispenser de água: Não<br> Dispenser de gelo: Não<br> Alarme de porta aberta: Não<br> Luz interior: Sim<br> Eficiência energética: A<br> Consumo: 22,5 kWh/mês<br> Frequência: 60Hz<br> Inmetro: 002251-2017<br> <br> Conteúdo da Embalagem:<br> Geladeira Refrigerador 259 Litros ROC35 1 Porta com Gavetão Hortifrúti Esmaltec<br> Acessórios <br> Manual de Instruções<br> <br> Dimensões:<br> Altura: 157 cm<br> Largura: 56 cm<br> Profundidade: 66 cm<br> Peso: 38,8 kg<br> <br> Garantia do Fornecedor: 12 meses (3 meses de garantia legal e mais 9 meses de garantia especial concedida pelo fabricante).<br> <br> Detalhes sobre a compra:<br> Fique de olho: siga sempre as orientações do fabricante e utilize seu produto de acordo com o manual. <br> A empresa não se responsabiliza pelo mau uso do produto, o que pode causar perda da garantia.#8239; <br> Não nos encarregamos, no ato da entrega, por montagens e desmontagens, subir escadas e elevadores ou transporte por guincho para apartamentos. <br> Eventuais despesas são de responsabilidade do cliente. <br> O valor divulgado é unitário e a imagem é meramente ilustrativa. <br> Precisou trocar ou devolver? O prazo é de 7 dias a partir do recebimento do produto - Lei número 8.078.<br> Sempre confira no ato da entrega.","{""capacidade_liquida_total"":""259 L"",""cor"":""Branco"",""marca"":""Esmaltec"",""quantidade_de_portas"":""1 Porta"",""voltagem"":""220 V""}",259 L,Branco,Esmaltec,,,220 V,1 Porta,,259 litros,Não informado,Esmaltec,Não informado,Manual,Não informado,1,259 litros,Branco,Esmaltec,,Manual,220V,1 Porta,259L
mega-mamute||15168,Geladeira Panasonic Frost Free Inverter 2 Portas BB53 425 Litros Aço Escovado 110V,"A Geladeira BB53 Aço Escovado da Panasonic reduz em até 36% o consumo de energia, pois regula o compressor de acordo com a temperatura que varia com o abre e fecha da porta e com a quantidade de comida interna. Além disso, é mais silencioso e congela os alimentos mais rápido.<br><br>Modelo: BB53<br>PN: NR-BB53PV3XA<br>Cor: Aço Escovado<br>Fabricante: Panasonic<br><br>Capacidade Total: 425 L<br>Capacidade Refrigerador: 305 L<br>Capacidade Congelador: 120 L<br>Inverter: Sim<br>Tecnologia: Frost Free<br><br>Porta Ovos<br>Porta Latas<br>Compartimento Extra Frio<br>Desodorizador<br>Controle de Temperatura Freezer Externo<br>Controle de Temperatura Refrigerador Interno<br><br>Drink Cooler<br>Econavi<br>Gavetão Horti Fruti<br>Ice Twister<br>Vitamin Power<br>Funções Pré-Programadas: Férias, Festa e Compras<br><br>Painel: Eletrônico<br>Iluminação: LED<br>Gavetas Freezer: 3<br>Gavetas Refrigerador: 3<br>Prateleiras Porta Refrigerador: 4<br>Prateleiras Refrigerador: 3 (Vidro Temperado)<br><br>Trava Painel<br>Turbo Freezer<br>Pés Estabilizadores<br><br>Classificação Energética: A<br>Frequência:60 Hz<br>Consumo (Kw/Mês): 39,9<br>Potência Degelo (W): 180<br>Potência Operação (w): 115<br>Voltagem: 110V<br><br>Outras Características do Produto:<br>Vitamin Power: Luzes de LED potencializam os nutrientes.<br>Econavi: Tecnologia exclusiva que economiza até 10% de energia.<br>Climate Control: Tecnologia que controla automaticamente a umidade dentro do gavetão.<br><br>Conteúdo da Embalagem:<br>01 x Geladeira<br>01 x Manual de Instruções<br>Observação: Imagens meramente ilustrativas<br>Garantia: 12 meses de garantia com a fabricante<br>Dimensões (A x L x P): 185,4 x 69,5 x 75,8 cm<br>Peso: 76 Kg<br>N° Registro Inmetro: 5576/2017<br>","{""capacidade_liquida_total"":""425 L"",""cor"":""Aço escovado"",""marca"":""Panasonic"",""material"":""Aço Escovado"",""quantidade_de_portas"":""2 Portas"",""tipo_de_degelo"":""Frost Free"",""voltagem"":""127 V""}",425 L,Aço escovado,Panasonic,Aço Escovado,Frost Free,127 V,2 Portas,,425 Litros,Aço Escovado,Panasonic,Não informado,Frost Free,110V,2 Portas,Não informado,Inox,Panasonic,,Frost Free,110V,2 Portas,425L
gazinshop||536,Refrigerador Consul 261 Litros 1 Porta Degelo Seco Classe A CRA30F,"Se você está pensando em trazer mais praticidade e conforto para o seu dia a dia e principalmente, para a sua cozinha, precisa conhecer a Geladeira/Refrigerador CRA30F da Consul com o sistema Degelo Seco. Basta um toque no botão que o refrigerador faz o trabalho sozinho, sem molhar a cozinha. Com 261 litros de capacidade líquida, possui maior espaço e melhor organização para os congelados. E para o melhor aproveitamento do espaço, conta com gavetão de legumes transparente e gaveta de frios e carnes. Além de duas prateleiras com separador, e que comportam garrafas de até  2,5 litros. Além disso, ela tem o Compartimento Extra Frio, que gela as bebidas mais rápido e ainda conserva melhor os frios e laticínios.","{""capacidade_liquida_total"":""261 L"",""cor"":""Branco"",""marca"":""Consul"",""quantidade_de_portas"":""1 Porta"",""tipo_de_degelo"":""Degelo Seco"",""voltagem"":""127 V""}",261 L,Branco,Consul,,Degelo Seco,127 V,1 Porta,,261 Litros,Não informado,Consul,Não informado,Degelo Seco,Não informado,1 Porta,Não informado,Branco,Consul,,Automático,110V,1 Porta,261L
efacil||216878-67,Geladeira/Refrigerador Panasonic Frost Free 2 Portas Econavi NR-BT55PV2 483 Litros Aço Escovado,PRODUTO DESATIVADO<br>,"{""capacidade_liquida_total"":""483 L"",""marca"":""Panasonic"",""material"":""Aço Escovado"",""quantidade_de_portas"":""2 Portas"",""tipo_de_degelo"":""Frost Free"",""voltagem"":""127 V""}",483 L,,Panasonic,Aço Escovado,Frost Free,127 V,2 Portas,,483 Litros,Aço Escovado,Panasonic,Não informado,Frost Free,Não informado,2 Portas,Não informado,Inox,Panasonic,,Frost Free,110V,2 Portas,483L
engage-info||52930,Refrigerador Midea Frost Free Black Inox Look 411L MD-RT580MTA28,"O Refrigerador Frost Free 411L Preto Midea vai fazer toda a diferença na sua cozinha. Com eficiência energética A+++, garante mais economia para seu dia a dia. Possui Desodorizador Active-C Fresh com camadas de carbono, que promove alimentos frescos por mais tempo. <br>Conta com iluminação em LED no refrigerador, painel touch externo e Chiller Box Extra Frio, ideal para frios e bebidas mais geladas. Sua Gaveta com controle de umidade independente promove melhor organização e preservação de frutas e verduras. Acompanha 1 kit bandeja de gelo e 2 bandejas de ovos.<br><br>Características<br><br>- Classificação A+++: menos 30% de consumo de energia<br>De acordo com a classificação de Etiqueta Nacional de Conservação de Energia ENCE comparado com produtos A<br><br>- Desodorizador Active-C Fresh: com camadadas de carbono que promovem alimentos frescos por mais tempo.<br><br>- Iluminação em LED no refrigerador: mais conforto e praticidade para encontrar os alimentos<br><br>- Painel Touch externo: muito fácil de usar<br><br>- Chiller Box Extra Frio: compartimento extra frio, ideal para frios e bebidas mais geladas.<br><br>- Paredes mais finas e maior capacidade interna<br>Comparado com refrigeradores com mesmas dimensões<br><br>- Gaveta com controle de umidade independente: permite melhor organização e preservação de frutas e verduras <br>Acompanha 1 kit bandeja de gelo e 2 bandejas de ovos. <br><br>Especificações Técnicas<br><br>Eficiência energética: Selo Procel e classificação Energética A+++ para ambas voltagens (127V e 220V)<br>Classe Climática: T<br>Capacidade: 411L<br>Capacidade Freezer: 107L<br>Capacidade Refrigerador: 304L<br>Painel: Touch<br>Funções: Super Cool<br>Cor interna: Branco<br>Cor externa: Black Inox Look<br>Material interno: HIPS<br>Material externo: VCM<br>Número de portas: 2<br>Prateleiras : 3 (2 no refrigerador e 1 no freezer)<br>Gaveta para Frutas e Legumes: Sim (1)<br>Chiller Box: Sim (1)<br>Bandeja de ovos: Sim (2)<br>Kit bandeja de gelo: Sim (1)<br>Desodorizador: Sim<br>Trava de segurança: Sim (apenas para o painel de controle de temperatura)<br>Potência de degelo: 215W<br>Tipo de degelo: Automático<br>Agente expansor: Ciclopentano<br>Gás Refrigerante: R600a<br>Massa Total de Fluído Refrigerante: 58g<br>Eficiência energética<br>Selo Procel e classificação Energética A+++ para ambas voltagens (127V e 220V) <br>Classe ClimáticaT<br>Capacidade411L<br>Capacidade Freezer107L<br>Capacidade Refrigerador304L<br>PainelTouch<br>FunçõesSuper Cool<br>Cor internaBranco<br>Cor externaBlack Inox Look<br>Material interno HIPS<br>Material externo VCM<br>Número de portas2<br>Prateleiras 3 (2 no refrigerador e 1 no freezer)<br>Gaveta para Frutas e LegumesSim (1)<br>Chiller BoxSim (1)<br>Bandeja de ovosSim (2)<br>Kit bandeja de geloSim (1)<br>DesodorizadorSim<br>Trava de segurançaSim (apenas para o painel de controle de temperatura)<br>Potência de degelo 215W<br>Tipo de degelo Automático<br>Agente expansor Ciclopentano<br>Gás RefrigeranteR600a<br>Massa Total de Fluído Refrigerante: 58g<br>Voltagem<br>- 127v<br>- 220v<br>Consumo aproximado de energia: 40,2 kWh/mês / 38,5 kWh/mês<br>Máxima Retenção sem Energia: 10h<br>Frequência: 60 Hz<br>Tipo de Tomada: 10A<br>Itens inclusos na embalagem: 1 Refrigerador, 1 manual, 1 kit bandeja de gelo e 2 bandejas de ovos. <br><br>Dimensões<br><br>Altura (cm): 172,3<br>Largura (cm): 70,0<br>Largura (Abertura máxima das portas) (cm): 109,0<br>Profundidade (cm): 69,1<br>Profundidade com a porta aberta (cm): 109,0<br>Peso liquido (kg): 67,5<br><br>Produto Embalado<br>Altura (cm): 177,0<br>Largura (cm): 75,5<br>Profundidade (cm): 71,0<br>Peso Bruto (kg): 76,0<br><br>Garantia de 12 meses e 10 anos de garantia no compressor","{""capacidade_liquida_total"":""411 L"",""cor"":""Inox"",""marca"":""Midea"",""material"":""Inox"",""tipo_de_degelo"":""Frost Free"",""voltagem"":""127 V""}",411 L,Inox,Midea,Inox,Frost Free,127 V,,,411L,Black Inox Look,Midea,Não informado,Frost Free,127v / 220v,2,411L,Inox,Midea,,Frost Free,110V,2 Portas,411L
engage-info||52720,Refrigerador Midea 411L Frost Free Duplex Super Cool MD-RT580MTA46,"<p>O Refrigerador Frost Free 411L Midea vai fazer toda a diferença na sua cozinha. Com eficiência energética A+++, garante mais economia para seu dia a dia. Possui Desodorizador Active-C Fresh com camadas de carbono, que promove alimentos frescos por mais tempo.</p><p>Conta com iluminação em LED no refrigerador, painel touch externo e Chiller Box Extra Frio, ideal para frios e bebidas mais geladas. Sua Gaveta com controle de umidade independente promove melhor organização e preservação de frutas e verduras. Acompanha 1 kit bandeja de gelo e 2 bandejas de ovos.</p><p><br></p><p>Características</p><p><br></p><p>Classificação A+++ : menos 30% de consumo de energia</p><p>De acordo com a classificação de Etiqueta Nacional de Conservação de Energia ENCE comparado com produtos A</p><p><br></p><p>Desodorizador Active-C Fresh: com camadadas de carbono que promovem alimentos frescos por mais tempo.</p><p><br></p><p>Iluminação em LED no refrigerador: mais conforto e praticidade para encontrar os alimentos</p><p><br></p><p>Painel Touch externo: muito fácil de usar</p><p><br></p><p>Chiller Box Extra Frio: compartimento extra frio, ideal para frios e bebidas mais geladas.</p><p><br></p><p>Paredes mais finas e maior capacidade interna Comparado com refrigeradores com mesmas dimensões*</p><p><br></p><p>Gaveta com controle de umidade independente: permite melhor organização e preservação de frutas e verduras</p><p><br></p><p>Acompanha 1 kit bandeja de gelo e 2 bandejas de ovos.</p><p><br></p><p>Especificações Técnicas</p><p><br></p><p>Eficiência energética: Selo Procel e classificação Energética A+++ para ambas voltagens (127V e 220V)</p><p>Classe Climática: T</p><p>Capacidade: 411L</p><p>Capacidade Freezer: 107L</p><p>Capacidade Refrigerador: 304L</p><p>Painel: Touch</p><p>Funções: Super Cool</p><p>Cor interna: Branco</p><p>Cor externa: Pintado de Cor Inox</p><p>Material interno: HIPS</p><p>Material externo: VCM</p><p>Número de portas: 2</p><p>Prateleiras: 3 (2 no refrigerador e 1 no freezer)</p><p>Gaveta para Frutas e Legumes: Sim (1)</p><p>Chiller Box: Sim (1)</p><p>Bandeja de ovos: Sim (2)</p><p>Kit bandeja de gelo: Sim (1)</p><p>Desodorizador: Sim</p><p>Trava de segurança: Sim (apenas para o painel de controle de temperatura)</p><p>Potência de degelo: 215W</p><p>Tipo de degelo : Automático</p><p>Agente expansor: Ciclopentano</p><p>Gás Refrigerante: R600a</p><p>Massa Total de Fluído Refrigerante: 58g</p><p>Consumo aproximado de energia : 40,2 kWh/mês / 38,5 kWh/mês</p><p>Máxima Retenção sem Energia: 10h</p><p>Frequência: 60 Hz</p><p>Tipo de Tomada: 10A</p><p><br></p><p>Itens inclusos na embalagem: 1 Refrigerador, 1 manual, 1 kit bandeja de gelo e 2 bandejas de ovos.</p><p><br></p><p>Entrega do Produto</p><p>Não nos responsabilizamos pela instalação/montagem</p><p>Todas as instruções, manuais e peças necessárias para a montagem são fornecidas junto com o produto</p><p><br></p><p>Dimensões e Pesos</p><p><br></p><p>Altura (cm): 172,3</p><p>Largura (cm): 70,0</p><p>Largura (Abertura máxima das portas) (cm): 109,0</p><p>Profundidade (cm): 69,1</p><p>Profundidade com a porta aberta (cm): 109,0</p><p>Peso liquido (kg): 67,5</p><p><br></p><p>Produto Embalado</p><p>Altura (cm): 177,0</p><p>Largura (cm): 75,5</p><p>Profundidade (cm): 71,0</p><p>Peso Bruto (kg): 76,0</p><p><br></p><p>Garantia de 12 meses e 10 anos de garantia no compressor</p>","{""capacidade_liquida_total"":""411 L"",""cor"":""Inox"",""marca"":""Midea"",""tipo_de_degelo"":""Frost Free"",""voltagem"":""127 V""}",411 L,Inox,Midea,,Frost Free,127 V,,,411L,Pintado de Cor Inox,Midea,VCM,Automático,127V e 220V,2,411L,Inox,Midea,,Frost Free,110V,2 Portas,411L
continentalcenter||760020013013040301,Geladeira Electrolux 2 Portas 260L Cycle Defrost Branco 127V,"<strong>Geladeira Electrolux 2 Portas 260L Cycle Defrost Branco 127V DC335A</strong><p>O Geladeira Cycle Defrost DC35A possui um design único e moderno, com puxador ergonômico e integrado. A prateleira porta-latas é reversível e acomoda 5 unidades, melhorando o aproveitamento interno do Geladeira. O super freezer a -18o conserva a qualidade dos congelados por muito mais tempo.</p><p><strong>Selo Procel</strong><br>O Selo Procel, tem por objetivo orientar o consumidor no ato da compra, indicando os produtos que apresentam os melhores níveis de eficiência energética dentro de cada categoria. Este produto está classificado com ""Selo A"", com maior eficiência energética, garantindo mais economia de energia na sua casa e menos danos ao meio-ambiente.</p><p><strong>Design Moderno</strong><br>Projetado para combinar com a cozinha do brasileiro, o Geladeira Electrolux traz puxador ergonômico com design arrojado e extremamente fácil de limpar.</p><p><strong>Sistema Cycle Defrost:</strong> é o nome técnico do sistema de descongelamento do freezer (congelador), que precisa ser feito apenas 2 vezes por ano.</p><p>Design Único com Puxador Ergonômico e Integrado: Design moderno que combina com a cozinha. Puxador embutido, bonito e fácil de limpar.</p><p><strong>Mais Praticidade</strong><br>Cesta Porta Ovos:Armazena e transporta os ovos com facilidade e segurança, comporta 12 unidades.<br>Geladeira com Super Freezer -18oC: Conserva a qualidade dos congelados por mais tempo.</p><p><strong>Características:</strong></p><p>Puxador ergonômico;<br>- Porta-ovos removível para 12 unidades;<br>- Iluminação interna (Geladeira e Congelador);<br>- Prateleira Porta-latas reversível para 5 unidades;<br>- Gavetão Transparente para frutas e verduras;<br>- Prateleiras aramadas removíveis com altura regulável.<br>- Geladeira com Super Freezer -18o C</p><p><strong>Especificações Técnicas:</strong></p><p>Marca: Electrolux<br>- Código: DC335A<br>- Tensão: 127V/1F<br>- Capacidade: 260 Litros<br>- Procel: A<br>- Cor: Branca<br>- Consumo de Energia (kw/mês): 38,4<br>- Compartimento Refrigerador: 207 Litros<br>- Compartimento do Congelador: 53 Litros<br>- Temperatura do Congelador: -18oC<br>- Peso Líquido: 44 kg<br>- Gás: R134a<br>- Dimensões (LxAxP): 54,8cm x 161,9cm x 61,3cm<br>- Garantia: 1 Ano</p>","{""capacidade_liquida_total"":""260 L"",""cor"":""Branco"",""marca"":""Electrolux"",""quantidade_de_portas"":""2 Portas"",""tipo_de_degelo"":""Cycle Defrost""}",260 L,Branco,Electrolux,,Cycle Defrost,,2 Portas,,260L,Branco,Electrolux,Não informado,Cycle Defrost,127V,2 Portas,260 Litros,Branco,Electrolux,,Cycle Defrost,110V,2 Portas,260L
lojasguaibim1||872973,Refrigerador Continental Frost Free Duplex 472L TC56 Branco,"A Geladeira Frost Free Duplex Branca 472 Litros TC56 possui alta capacidade e prateleiras reversíveis, tanto no freezer quanto no refrigerador, que permitem que você tenha muito espaço para armazenar e organizar os alimentos da forma que quiser. Seu super freezer robusto e flexível de 126 litros, acomoda qualquer tipo de alimento e embalagem, sem complicação.<br><br>Possui um design único, na cor branca com puxador ergonômico e embutido, a Geladeira TC56 super fácil de limpar. Possui um compartimento fechado no freezer, que possibilita o congelamento mais rápido dos alimentos.<br><br>Além disso, a Geladeira TC56 possui um espaço extra frio reversível no refrigerador, ideal para alimentos frescos que necessitam maior refrigeração e cuidado. Para garantir uma alimentação saudável, você ainda conta com o Gavetão de frutas, legumes e vegetais que facilita a organização e a visualização dos alimentos.<br><br>Super Freezer Robusto e Flexível:<br>Com 126 litros o freezer tem espaço de sobra para armazenar alimentos e diversos tipos de embalagem sem passar aperto.<br><br>Design Único:<br>design moderno que combina com a sua cozinha e ainda conta com puxador ergonômico e integrado.<br><br>Espaço Freezer Reversível:<br>Compartimento fechado para congelar rapidamente os alimentos e diversos tipos de embalagens. Para maior aproveitamento do compartimento você pode reverter a prateleira conforme a sua necessidade.<br>.<br>Espaço Extra Frio:<br>Espaço fechado no refrigerador ideal para alimentos frescos que necessitam maior refrigeração e cuidado.<br><br>Gavetão com Tampa:<br>Espaço específico para frutas, verduras e legumes. Fácil de organizar e visualizar os alimentos através da abertura da gaveta e do frontal basculante.<br><br>Prateleiras Reversíveis:<br>Você pode adaptar o espaço da sua geladeira como quiser, tanto no freezer quanto no refrigerador.<br><br>Atenção:<br><br>1. Verifique a voltagem correta para o seu equipamento. Grande parte dos eletrodomésticos no Brasil está disponível em duas voltagens: 110V ou 220V. Certifique-se qual a voltagem de sua residência e selecione o produto conforme essa especificação.<br>2. Devido às normas da ABNT e às resoluções no 13 de 2006, no 2 de 2007 e no 8 de 2009 do CONMETRO, os fabricantes estão mudando as tomadas para o novo padrão. Para utilizar este produto, será preciso adaptador ou a troca da tomada antiga. Não nos responsabilizamos por esta alteração.","{""capacidade_liquida_total"":""472 L"",""cor"":""Branco"",""marca"":""Continental"",""tipo_de_degelo"":""Frost Free"",""voltagem"":""127 V""}",472 L,Branco,Continental,,Frost Free,127 V,,,472L,Branco,Continental,Não informado,Frost Free,Não informado,Duplex,Não informado,Branco,Continental,,Frost Free,110V,2 Portas,472L
leonfer||833,Geladeira / Refrigerador Electrolux 475 Litros Cycle Defrost 2 Portas DC51,"Refrigerador 2Portas 475L Cycle Defrost Electrolux DC51<br> O novo Refrigerador Electrolux DC51 possui o maior refrigerador Cycle Defrost do mercado, seu Freezer tem capacidade de 155 litros. Além disso suas prateleiras são em vidro temperado, muito mais bonitas, resistentes e fáceis de limpar, seu novo puxador integrado é fácil de abrir e limpar, e traz modernidade e inovação para sua cozinha. <br> Recursos: <br> Freezer com 155 litros de capacidade: <br> O Cyle Defrost conta com o maior freezer entre os modelos de duas portas de sua categoria. São 155 litros de capacidade. É mais espaço e comodidade para você armazenar seus alimentos e bebidas. <br> Compartimentos diferenciados: <br> O Refrigerador conta com um porta latas que comporta até seis unidades. Ideal para levar bebidas diretamente à mesa. O modelo também traz um porta laticínios com tampa transparente que permite armazenar queijos e derivados de maneira mais organizada. <br> Design e praticidade: <br> Prateleiras de vidro temperado unindo design e praticidade para organizar os alimentos, também são resistentes e fáceis de limpar. <br> Formas de gelo suspensas: <br> Duas formas, suspensas no freezer, tornam a produção de gelo mais simples e rápida. A localização das formas evita respingos de outros alimentos no gelo. <br> Multi Flow System: <br> A tecnologia Multi Flow System otimiza a circulação do ar frio do refrigerador, facilitando a conservação dos alimentos e os mantendo sempre frescos. <br> Melhor aproveitamento do espaço: <br> Duas prateleiras localizadas no fundo do Refrigerador comportam garrafas de até 2,5 litros. Travas de seguranças evitam que elas tombem. A distribuição correta do alimentos garante o melhor aproveitamento do espaço interno. <br> <br> Características:<br> Capacidade entre 400 e 500 l alta<br> Capacidade do freezer 320 l<br> Capacidade do refrigerador 155 l<br> Capacidade total de armazenamento 475 l<br> Consumo 58,8 kwh<br> Tecnologia cyclo defrost<br> Tipo duas portas<br> Total de prateleiras: 5<br> Água na porta: não<br> Alarme de porta aberta: não<br> Cesta porta ovos: sim<br> Compartimento congelamento rápido: não<br> Compartimento extra frio: não<br> Degelo automático: não<br> Fábrica de gelo automática: não<br> Gelo na porta: não<br> Home bar: não<br> Iluminação interna: sim<br> Painel eletrônico: não<br> Pés niveladores: sim<br> Porta latas: sim<br> Porta laticínios: sim<br> Prateleiras de vidro temperado: sim<br> Prateleiras na porta: sim<br> Prateleiras reguláveis: sim<br> Prateleiras removíveis: sim<br> Rodízios sim<br> Separador de garrafas: sim<br> Timer: não<br> Prateleiras no freezer: sim<br> Modelo DC51<br> <br> Especificações Técnicas:<br> Classificação energética A<br> Frequência 60 hz<br> <br> Dimensões:<br> Altura: 189 cm<br> Largura: 70.2 cm<br> Profundidade: 73.3 cm<br> Peso: 78 kg<br> <br> Garantia do fornecedor de 12 meses","{""capacidade_liquida_total"":""475 L"",""cor"":""Branco"",""marca"":""Electrolux"",""quantidade_de_portas"":""2 Portas"",""tipo_de_degelo"":""Cycle Defrost"",""voltagem"":""220 V""}",475 L,Branco,Electrolux,,Cycle Defrost,220 V,2 Portas,,475 L,Não informado,Electrolux,Não informado,Cycle Defrost,Não informado,2 Portas,475 Litros,Branco,Electrolux,,Cycle Defrost,220V,2 Portas,475L
multiloja||8596,Refrigerador Frost Free DF82X 553 litros Electrolux,"Deixe sua cozinha mais elegante e completa com a Geladeira Electrolux DF82X Frost Free 2 Portas 553L!<br> Quando você gosta de receber os amigos em casa é bom estar sempre preparado, ter gelo, drinks gelados e petiscos suficientes é fundamental. Na geladeira frost free DF82X tem espaço para tudo isso. <br> <br> <br> Especificações Técnicas:<br> Painel blue touch com funções como: compras, férias, festa, turbo freezer, drink express e controle de temperatura do freezer<br> Prateleira do turbo freezer retrátil com três posições<br> Ice Twister<br> Frosty Cups: Taças e copos sempre gelados<br> Gavetão transparente com controle de umidade<br> Turbo congelamento<br> Sistema Multiflow: Distribui o ar no interior do refrigerador garantindo a melhor preservação dos alimentos<br> Frost Free: Sim<br> Degelo: Frost Free.<br> Porta-ovos: Sim<br> Consumo de energia: 60 kW h.<br> Potência: 71,0W.<br> Capacidade liquida do refrigerador: 431L.<br> Capacidade liquida do freezer: 137L.<br> Capacidade liquida total: 568L.<br> <br> <br> Dimensões:<br> Altura: 191,5 cm<br> Largura: 80 cm<br> Profundidade: 75 cm<br> Peso: 101,5 kg<br> <br> <br> Garantia do fornecedor: 12 meses.<br> <br>","{""capacidade_liquida_total"":""553 L"",""cor"":""Inox"",""marca"":""Electrolux"",""quantidade_de_portas"":""2 Portas"",""tipo_de_degelo"":""Frost Free"",""voltagem"":""127 V""}",553 L,Inox,Electrolux,,Frost Free,127 V,2 Portas,,568Lbr,Não informado,Electrolux,Não informado,Frost Free,Não informado,2,553 litros,Inox,Electrolux,,Frost Free,110V,2 Portas,553L
engage-info||62727,Geladeira Frost Free Continental 394L TC44S Prata Top Freezer 127V,"Quer guardar todos os seus alimentos sem passar aperto? Então, conheça a Geladeira/Refrigerador Frost Free Duplex Prata 394 Litros TC44S - Continental, com capacidade de 394 litros.<br><br>O seu super freezer, amplo e flexível, possui 109 litros de capacidade, permitindo que você guarde todo tipo de alimento e de embalagem, de forma simples e rápida.<br><br>A Geladeira TC44S possui puxador integrado e ergonômico, muito fácil de limpar e combina com sua cozinha.<br><br>O freezer conta com o Espaço Freezer Reversível, um compartimento fechado para congelar seus alimentos ainda mais rápido. E você ainda pode reverter a prateleira para maior aproveitamento do espaço.<br><br>Já no refrigerador, há um espaço perfeito para guardar alimentos que precisam de maior refrigeração e cuidado, para uma conservação mais longa. Trata-se do Espaço Extra Frio. Além de uma prateleira reversível na porta que pode ser usada da forma convencional ou como porta-latas para facilitar na hora de pegar sua bebida favorita. Para conservar as frutas, legumes e vegetais, basta utilizar o clássico gavetão com frontal basculante, que facilita a visualização e organização dos alimentos.<br><br><br><br>Quer mais praticidade na cozinha? Escolha a Geladeira TC44S.<br><br><br><br>Ficha Técnica<br><br><br><br>MARCA: Continental<br><br>MODELO: TC44S<br><br>COR: Platinum (PRATA)<br><br>Voltagem: 127V<br><br>ALARME DE PORTA ABERTA: Não<br><br>CESTA PORTA OVOS: Sim<br><br>COMPARTIMENTO CONGELAMENTO RÁPIDO: Sim<br><br>COMPARTIMENTO EXTRA FRIO: Sim<br><br>DEGELO AUTOMÁTICO: Sim<br><br>HOME BAR:Não<br><br>ILUMINAÇÃO INTERNA: Sim<br><br>PAINEL ELETRÔNICO: Não<br><br>PÉS NIVELADORES: Sim<br><br>PORTA LATAS: Sim<br><br>PRATELEIRAS DE VIDRO TEMPERADO: Sim<br><br>RECIPIENTE PARA GUARDAR GELO: Sim<br><br>ALTURA DO PRODUTO: 187,1 cm<br><br>LARGURA DO PRODUTO: 60 cm<br><br>PROFUNDIDADE DO PRODUTO: 70 cm<br><br>CLASSIFICAÇÃO ENERGÉTICA: A<br><br>FREQUÊNCIA: 60 Hz<br>","{""capacidade_liquida_total"":""394 L"",""cor"":""Prata"",""marca"":""Continental"",""quantidade_de_portas"":""2 Portas"",""tipo_de_degelo"":""Frost Free"",""voltagem"":""127 V""}",394 L,Prata,Continental,,Frost Free,127 V,2 Portas,,394L,Prata,Continental,Não informado,Frost Free,127V,Não informado,394 litros,Prata,Continental,,Frost Free,110V,2 Portas,394L
lojas-berlanda||917,Geladeira / Refrigerador Consul 334 Litros Biplex - CRD37EB,"A Geladeira/Refrigerador CRD37 EBBNA da Consul conta com mais espaço interno para você guardar seus alimentos, além de freezer com 76 litros de capacidade. Possui controle eletrônico de temperatura, gerando mais economia de energia, o amplo freezer e a prateleira na porta facilita a organização dos seus alimentos congelados. Conta com gavetão de legumes onde você irá organizar e visualizar melhor os alimentos. Tem grande economia de energia e possui classificação A, o que garante seu baixo consumo de energia. As prateleiras são removíveis e reguláveis com muito mais facilidade na hora de limpar! Essa geladeira possui 334 litros de capacidade total, tem tecnologia Cycle Defrost, para que você precise descongelar a geladeira apenas 2 vezes ao ano. Ela possui também 15 níveis de altura, para ajustar as prateleiras e ter o melhor aproveitamento do espaço interno e o compartimento Gelo Extra, que permite armazenar mais gelo no freezer. Além disso conta com 2 portas, uma para o congelador e outra para a geladeira facilitando assim o seu dia a dia.","{""capacidade_liquida_total"":""334 L"",""cor"":""Branco"",""marca"":""Consul"",""quantidade_de_portas"":""2 Portas"",""voltagem"":""220 V""}",334 L,Branco,Consul,,,220 V,2 Portas,,334 Litros,Não informado,Consul,Não informado,Cycle Defrost,Não informado,2,334 Litros,Branco,Consul,,Cycle Defrost,220V,2 Portas,334L
frigelar2||kit9004,Refrigerador Panasonic 435 Litros 2 Portas com Freezer em Cima Branco BT50BD3W 220V,"Com a Geladeira/Refrigerador NR-BT50BD3XB Panasonic você vai ter tecnologia Econavi, exclusiva com economia de energia, monitorando o uso do produto no dia a dia e fazendo-o funcionar de acordo com a rotina da casa. O refrigerador é frost free, seu tipo de porta é duplex e armazena até até 435L de capacidade líquida, armazenando tudo o que você precisa e mais um pouco. Conta com a tecnologia desodorizador eliminando uma grande quantidade de bactérias que retiram o frescor dos alimentos e geram um odor desagradável. Os vegetais perdem o frescor quando a umidade está muito baixa ou muito alta. Perdem também vitaminas desde que são colhidos até serem consumidos. E para manter o máximo de nutrientes preservados por mais tempo.","{""capacidade_liquida_total"":""435 L"",""cor"":""Branco"",""marca"":""Panasonic"",""quantidade_de_portas"":""2 Portas"",""tipo_de_degelo"":""Frost Free"",""voltagem"":""220 V""}",435 L,Branco,Panasonic,,Frost Free,220 V,2 Portas,,435 Litros,Branco,Panasonic,Não informado,Frost Free,220V,2 Portas,435L,Branco,Panasonic,Aço,Frost Free,220V,2 Portas,435L
electrolux||310120601,Geladeira Electrolux Frost Free Inverter 390L Efficient AutoSense Duplex Black Inox Look (IF43B),"A Geladeira Electrolux Duplex Efficient com AutoSense cor Black Inox Look 390L IF43B oferece mais qualidade de armazenamento para seus alimentos, além de economia de energia. O design moderno e a elegante cor preta garantem mais sofisticação para a sua cozinha. A exclusiva tecnologia AutoSense reconhece sua frequência de uso e passa a controlar automaticamente a temperatura usando Inteligência Artificial, que prolonga a vida dos alimentos por até 30%1 mais tempo. A Tecnologia Inverter é responsável por garantir a estabilidade da temperatura, garantindo que os alimentos armazenados sejam mantidos frescos por mais tempo, com economia de energia de até 30%2, através da eficiência energética A+++. A Gaveta HortiNatura é mais uma aliada para preservar o frescor de frutas e vegetais por até 2x3 mais tempo. Possui uma vedação especial, que evita o contato direto com a temperatura interna da geladeira, reduzindo o desperdício desse tipo de alimentos. O sistema FastAdapt permite que as prateleiras deslizantes podem ser configuradas de diversas formas para armazenar alimentos de diferentes tamanhos e formatos. O MoveAdapt permite mover facilmente os compartimentos graças aos dois trilhos, se adaptando exatamente ao que precisa. O Separador de garrafas e porta-condimentos ajuda a organizar melhor o interior da geladeira e fornece um pequeno recipiente para ser usado para guardar temperos. Além disso, a Geladeira Electrolux Frost Free Duplex Efficient 390L IF43B tem a possibilidade de incluir o Filtro TasteGuard (vendido separadamente do produto), que consegue eliminar até 9x4 mais rápido maus odores causados por bactérias, garantindo uma geladeira sempre fresca e higiênica. <p> 1Resultados obtidos em testes realizados pela FURB (Universidade Regional de Blumenau) com morangos e leite.</p> <p> 2Com relação ao mínimo necessário para a classificação A.</p> <p> 3Resultados obtidos em testes realizados pela FURB (Universidade Regional de Blumenau) em morangos, cogumelos e alface.</p> <p> 4Resultado obtido considerando o uso perfeito do filtro e selamento total da gaveta.</p>","{""cor"":""Preto"",""marca"":""Electrolux"",""material"":""Inox"",""tipo_de_degelo"":""Frost Free"",""voltagem"":""Bivolt""}",,Preto,Electrolux,Inox,Frost Free,Bivolt,,,390L,Black Inox Look,Electrolux,Não informado,Frost Free,Não informado,Duplex,Não informado,Preto,Electrolux,,Frost Free,220V,2 Portas,390L
solarmagazineoficial||37,Geladeira Panasonic Frost Free 425 Litros Com Tecnologia Inverter Inox - NR BB53PV3X,"Na Solar dá pra levar Geladeira Panasonic Frost Free 425 Litros Com Tecnologia Inverter Inox - NR BB53PV3XRefrigerador Frost Free Panasonic 425L permite o armazenamento de alimentos de uma maneira sofisticada e prática, com gavetão de frutas e legumes, prateleiras removíveis e deslizante.Freezer com 120L para caber todos os alimentos da família.Com gaveta que utilizam fresh zone com vitamin power que potencializando os nutrientes dos alimentos, com a tecnologia inverter seu refrigerador ficará em funcionamento constante, sem picos de energia e a tecnologia inteligência Econavi que garante até 10% de economia de energia.","{""capacidade_liquida_total"":""425 L"",""cor"":""Inox"",""marca"":""Panasonic"",""material"":""Aço Escovado"",""tipo_de_degelo"":""Frost Free"",""voltagem"":""220 V""}",425 L,Inox,Panasonic,Aço Escovado,Frost Free,220 V,,,425 Litros,Inox,Panasonic,Não informado,Frost Free,Não informado,Não informado,425L,Inox,Panasonic,,Frost Free,220V,2 Portas,425L
madeiramadeira-openapi||326137,Geladeira Refrigerador Electrolux Frost Free DFN41 371L Duplex 127V,"Puxador ergonômico e funcional: Puxador arrojado e fácil de limpar. Design moderno que combina com a cozinha Prateleira retrátil no freezer: Prateleira retrátil que pode ser utilizada em 3 posições (prateleira inteira, meia prateleira e totalmente retraída, com amplo espaço). Otimização do espaço interno do freezer Painel de controle externo: Funções como drink express e turbo congelamento para facilita o dia a dia. Tecnologia que facilita o controle do refrigerador","{""capacidade_liquida_total"":""371 L"",""cor"":""Branco"",""marca"":""Electrolux"",""tipo_de_degelo"":""Frost Free"",""voltagem"":""127 V""}",371 L,Branco,Electrolux,,Frost Free,127 V,,,371L,Não informado,Electrolux,Não informado,Frost Free,127V,Duplex,Não informado,Branco,Electrolux,,Frost Free,110V,2 Portas,371L
magazineluiza||238303000,Geladeira/Refrigerador Esmaltec Degelo Manual 1 Porta Branca 259L Roc35 Pro,"O refrigerador Esmaltec Roc35 Pro na cor branca proporciona maior economia na conta de energia, pois reduz o tempo de resfriamento com maior estabilidade de temperatura e reduz desperdício de alimentos.
Com maior economia, elimina picos de energia do “on-off” e mantém os custos mais baixos.
Com 1 porta, tem degelo manual, capacidade líquida total de 259L, compressor inverter, gás ecológico R600a, gaveta de resfriamento rápido em PS cristal fumê, iluminação interna, borracha de vedação destacáveis, puxador embutido, pés elevados com niveladores, bandeja porta ovos e forma de gelo.","{""capacidade_liquida_total"":""259 L"",""cor"":""Branco"",""marca"":""Esmaltec"",""quantidade_de_portas"":""1 Porta"",""voltagem"":""127 V""}",259 L,Branco,Esmaltec,,,127 V,1 Porta,,259L,Branca,Esmaltec,Não informado,Manual,Não informado,1,Não informado,Branco,Esmaltec,Aço,Manual,110V,1 Porta,259L
magazineluiza||010039500,Geladeira/Refrigerador Electrolux Frost Free,"Refrigerador DFX50 Frost Free Celebrate Blue Touch DFX50 da Electrolux. Possui várias funcionalidades e diferenciais que farão toda a diferença em seu dia a dia. Possui a função Drink Express - gela bebidas rapidamente no freezer e é removível para mantê-las geladas no refrigerador e serví-las à mesa; painel Blue Touch com tecnologia touch control sem botões aparentes; porta-Laticínios, espaço light removível com alça, duplo gavetão de frutas e legumes, e ainda a função Ice twister. Prateleiras retrátil no freezer com acabamento em inox, dando um toque de charme e sofisticação a sua cozinha, além de possuir um design super moderno. Tudo isso, para lhe proporcionar mais qualidade, praticidade e comodidade em sei dia a dia!","{""capacidade_liquida_total"":""430 L"",""cor"":""Inox"",""marca"":""Electrolux"",""quantidade_de_portas"":""2 Portas"",""tipo_de_degelo"":""Frost Free"",""voltagem"":""220 V""}",430 L,Inox,Electrolux,,Frost Free,220 V,2 Portas,,Não informado,Celebrate Blue Touch,Electrolux,Não informado,Frost Free,Não informado,Não informado,Não informado,Inox,Electrolux,,Frost Free,220V,2 Portas,433L
friopecas||123162,Refrigerador Brastemp Frost Free 375 Litros Branco BRM44 - 127 Volts,"Se você procura um refrigerador moderno, e prático, a geladeira Brastemp Frost Free Duplex 375 litros - BRM44 - tem design sofisticado e grande capacidade para armazenar os alimentos. Com o compartimento Latas e Long Necks se encaixa perfeitamente no freezer ou na geladeira e possibilita gelar as bebidas de forma eficaz. Já o compartimento extrafrio, gele as bebidas mais rápido e conserve melhor frios e laticínios. Conta com design sofisticado e grande capacidade para armazenar os alimentos. Vem com Painel Eletrônico, compartimento Latas e Long Necks e compartimento Extrafrio.","{""capacidade_liquida_total"":""375 L"",""cor"":""Branco"",""marca"":""Brastemp"",""tipo_de_degelo"":""Frost Free"",""voltagem"":""127 V""}",375 L,Branco,Brastemp,,Frost Free,127 V,,,375 Litros,Branco,Brastemp,Não informado,Frost Free,127 Volts,Não informado,Não informado,Branco,Brastemp,,Frost Free,110V,2 Portas,375L
liberatti||56515,Refrigerador Cycle Defrost 1 Porta 261 Litros CRA30FBANA Consul,"A Geladeira Consul Degelo Seco 261 litros permite fazer o descongelamento com apenas um botão. Além disso, ela tem o Compartimento Extra Frio e o Gavetão Hortifruti, mais organização, conservação e rapidez.<br> DEGELO SECO, GAVETÃO DE LEGUMES TRANSPARENTE, GAVETA DE FRIOS E IOGURTE <br> Porque não faz sentido nenhum sujar a cozinha na hora de limpar a geladeira! Vai descongelar a geladeira? Aperte um botão que ela faz o resto sozinha e sem molhar o chão da cozinha. Que tal? Do lado de dentro, organização total: gaveta de frios, compartimentos e gavetas para todos os tipos de alimentos, sua cozinha sempre em ordem de forma fácil e rápida sem perder tempo.<br> Essa geladeira deixa sua vida na cozinha muito mais fácil, prática e gostosa. É uma ajudante fiel na hora de limpar, organizar e fazer desde grandes refeições até o lanchinho básico no meio da madrugada.<br> Gaveta de frios: Vai guardar frios, iogurtes e outros alimentos que precisam de mais refrigeração? Nessa gavetinha, eles ficam mais conservados e não correm o risco de serem esquecidos embaixo do pote de molho.<br> Gaveta multiuso transparente: Pra você ver de longe como suas frutas, verduras e legumes vão ficar fresquinhos.<br> Porta tudo: A porta da geladeira tem separador de bebidas, pra não desperdiçar nenhum cantinho e deixar tudo em ordem.<br> Compartimentos Removíveis: Dá pra montar as prateleiras da geladeira como você achar melhor, o que também facilita muito a sua vida na hora de limpar.<br> <br> Características:<br> Capacidade Total: 261 litros<br> Tipo de Degelo: Cycle Defrost<br> 1 Portas<br> Registro INMETRO: 005222/2016<br> Compartimento Extra Frio<br> Gavetão Hortifruti<br> <br> Dimensões:<br> Altura: 144 cm <br> Largura: 55 cm<br> Profundidade: 63,1 cm<br> <br> Garantia do Fabricante: 12 meses<br> <br> Observações: CONSUMIDOR, ESTE PRODUTO POSSUI DISPOSITIVO QUE ACUMULA ÁGUA DE DEGELO","{""capacidade_liquida_total"":""261 L"",""cor"":""Branco"",""marca"":""Consul"",""quantidade_de_portas"":""1 Porta"",""tipo_de_degelo"":""Degelo Seco"",""voltagem"":""127 V""}",261 L,Branco,Consul,,Degelo Seco,127 V,1 Porta,,261 Litros,Não informado,Consul,Não informado,Cycle Defrost,Não informado,1 Porta,261 litros,Branco,Consul,,Cycle Defrost,110V,1 Porta,261L
utilidadesdomesticasudltda||34,Refrigerador French Door 579l Dm84x Electrolux,"Refrigerador French Door 579l Electrolux Dm84x <br> <br> A Geladeira Frost Free Multi Door 579 L Electrolux é um daqueles itens que não pode faltar nas cozinhas mais elegantes, pois conta com diversas funcionalidades, alto padrão de fabricação e espaço interno superior. A geladeira Multi Door possui um gavetão Hortinatura e prateleiras Fast Adapt, armazenando os alimentos de forma inteligente e bem distribuídas. É mais saúde sempre, pois os alimentos estarão na temperatura ideal para sua conservação. Dessa forma, você não perde nada dos melhores alimentos para sua saúde. Este produto é totalmente versátil. Tudo para ser personalizado para comportar o que o você preferir. Se você aprecia uma bebida na temperatura ideal, o Drink Express deixa as bebidas geladas e prontas para consumo a qualquer hora do dia, na porta da Geladeira Electrolux. E o Ice Twister disponibiliza gelo para manter sua bebida harmonizada por mais tempo. Atenção: Confira as dimensões deste produto e certifique-se de que passará normalmente por supostos elevadores, portas, escadas e/ou corredores, não nos responsabilizamos por içamento ou serviço de guincho. Consumidor, Este Produto Possui Dispositivo Que Acumula Água De Degelo! French Door super flexível: Configure seu refrigerador de acordo com o seu perfil. Tenha um eletrodoméstico personalizado e que comporte tudo aquilo que você precisa armazenar. Prateleira Fast Adapt: Organize itens de tamanhos e formatos variados, sem dificuldades. Drink Express: Bebidas geladas e prontas para consumo a qualquer hora do dia. Gaveta de frutas e legumes com Hortinatura: Suas frutas e verduras conservadas por até 60 mais tempo (resultados registrados com alface crespa, alface lisa e rúcula). Ice Twister: Deixe suas bebidas favoritas mais refrescantes com gelo sempre que precisar. Porta ovos (12 unidades): Organize e transporte os ovos com segurança e praticidade. Pés niveladores frontais e rodízios traseiros: Nivele e movimente o refrigerador em qualquer superfície. Frost Free: esqueça o descongelamento manual. O refrigerador DM84X faz isso por você!<br> <br> Características:<br> Com freezer: Sim<br> Localização do freezer: Inferior<br> Capacidade total: 579 L<br> É frigobar: Não<br> Tipo de degelo: Frost free<br> Eficiência energética: A<br> Quantidade de portas: 3<br> Capacidade da geladeira em volume: 391 L<br> Capacidade do freezer em volume: 188 L<br> Tipo de controle: Digital<br> Quantidade de níveis de temperatura: 3<br> Número de grades de geladeira: 2<br> Material das prateleiras da geladeira: Vidro temperado<br> Com congelador: Sim<br> Com gaveta de vegetais: Sim<br> Com controle de temperatura do refrigerador: Sim<br> Com controle de temperatura do freezer: Sim<br> Com fabricador de gelo: Sim<br> Com dispenser de água: Não<br> Com dispenser de gelo: Não<br> Com alarme de porta aberta: Sim<br> Com luz interior: Sim<br> <br> Dimensões do Produto:<br> Altura: 190 cm<br> Largura: 83,5 cm<br> Profundidade: 79,5 cm<br> Peso: 95 Kg<br> <br> Garantia do Fornecedor: 12 meses.<br> <br> A Rede de lojas UD possui sede em Lagoa da Prata - MG, atuando na região Centro-oeste de Minas. Nosso objetivo é levar qualidade para nossos clientes, com o compromisso de atender as demandas e tendências do mercado com um mix de produtos no segmento de Utilidades Domésticas. Atualmente a Rede também é representante oficial Yamaha, oferecendo Motos e peças originais da marca.","{""capacidade_liquida_total"":""579 L"",""cor"":""Inox"",""marca"":""Electrolux"",""material"":""Inox"",""tipo_de_degelo"":""Frost Free"",""voltagem"":""127 V""}",579 L,Inox,Electrolux,Inox,Frost Free,127 V,,,579 L,Não informado,Electrolux,Não informado,Frost free,Não informado,3,579 L,Inox,Electrolux,,Frost Free,110V,3 Portas,579L
lojasminatel||FAUSTO1330987,GeladeiraRefrigerador Panasonic Frost Free 435 Litros BT50 - Branco,"<p><span>Geladeira/Refrigerador Panasonic Frost Free - Duplex Branco 435L NR-BT50BD3W<br><br>Com a Geladeira/Refrigerador NRBT50BD3WA Panasonic você vai ter tecnologia exclusiva com economia de energia, monitorando o uso do produto no dia a dia e fazendo-o funcionar de acordo com a rotina da casa. O refrigerador é frost free, seu tipo de porta é duplex e armazena até até 435L de capacidade líquida, armazenando tudo o que você precisa e mais um pouco. Conta com a tecnologia desodorizador eliminando uma grande quantidade de bactérias que retiram o frescor dos alimentos e geram um odor desagradável. Os vegetais perdem o frescor quando a umidade está muito baixa ou muito alta. Perdem também vitaminas desde que são colhidos até serem consumidos. E para manter o máximo de nutrientes preservados por mais tempo.</span></p>","{""capacidade_liquida_total"":""435 L"",""cor"":""Branco"",""marca"":""Panasonic"",""quantidade_de_portas"":""2 Portas"",""tipo_de_degelo"":""Frost Free"",""voltagem"":""220 V""}",435 L,Branco,Panasonic,,Frost Free,220 V,2 Portas,,435 Litros,Branco,Panasonic,Não informado,Frost Free,Não informado,Duplex,435L,Branco,Panasonic,,Frost Free,,2 Portas,425L
digitaleletro2||NR-BB53GV3,REFRIGERADOR PANASONIC 425 LITROS NR-BB53GV3 110v,"<p>Especificações Técnicas</p><p>Tipo de Degelo: Frost Free</p><p>Porta reversível: Não</p><p>Dispenser de água gelada: Não</p><p>Prateleira do refrigerador: Vidro temperado</p><p>Porta-latas: Sim</p><p>Capacidade de armazenagem total (L): 425</p><p>Consumo (kWh): 39,9 kWh/mês</p><p>Tensão/Voltagem: 110V</p><p>Capacidade de armazenagem do refrigerador (L): 305</p><p>Capacidade de armazenagem do freezer (L): 120</p><p>Consumo de Energia: A (menos 25% de consumo)</p><p>Garantia: 12 meses</p><p>Cor: Preto</p><p>Eficiência Energética: A</p><p>Dimensões e Peso</p><p>Altura: 1,85 m</p><p>Largura: 69,50 cm</p><p>Profundidade: 77,20 cm</p><p>Peso aproximado (sem embalagem): 87 kg</p><p>Peso aproximado (com embalagem): 90 kg</p><p>Itens Inclusos</p><p>01 Refrigerador Panasonic BB53 Inverter Bottom Freezer 425L 2 Portas Preto Frost Free 127V NR-BB53GV3BA</p>","{""capacidade_liquida_total"":""425 L"",""cor"":""Preto"",""marca"":""Panasonic"",""quantidade_de_portas"":""2 Portas"",""tipo_de_degelo"":""Frost Free"",""voltagem"":""127 V""}",425 L,Preto,Panasonic,,Frost Free,127 V,2 Portas,,425,Preto,Panasonic,Não informado,Frost Free,110V,2,425,Preto,Panasonic,,Frost Free,110V,2 Portas,425L
engageeletro||1949,Refrigerador Frost Free Electrolux 371 litros DFN41 Branco 220v,"Ideal para conseguir maior refrigeração de suas bebidas, a Geladeira Frost Free conta com a função Drink Express, que permite gelar com muita rapidez essas embalagens, como latas ou garrafas, mantendo temperatura ideal para satisfazer seu paladar.<br><br>O porta-ovos é muito mais prático e seguro para evitar quebras. Além disso, a grande capacidade de armazenamento dessa Geladeira Electrolux é algo realmente diferenciado, para um público mais exigente.<br>Suas formas de gelo são suspensas, para otimizar o grande espaço interno, além de evitar contato com alimentos, sem sofrer qualquer interferência, portanto.<br><br>O Geladeira traz tecnologia moderna, com prateleiras retráteis que auxiliam a arrumação do interior do freezer, sem apertos.<br><br>O turbo congelamento localizado no freezer agiliza o resfriamento e de alimentos, ampliando sua vida útil, sem perda de qualidade desses gêneros.<br><br>*CONSUMIDOR, ESTE PRODUTO POSSUI DISPOSITIVO QUE ACUMULA ÁGUA DE DEGELO!<br><br>? Função Drink Express<br>resfriar bebidas rapidamente.<br><br>? Turbo congelamento<br>compartimento no freezer que resfria e congela os alimentos mais rapidamente.<br><br>? Prateleira com porta-latas reversível<br>pode ser utilizada tanto como porta-latas como uma prateleira regular, possibilitando maior organização e flexibilidade.<br><br>? Formas de gelo suspensas<br>ocupa menos espaço e mantém o gelo fora do contato com outros alimentos.<br><br>? Espaço Extra Frio<br>espaço fechado no Geladeira, ideal para alimentos frescos.<br><br>? Pés niveladores e rodízios traseiros<br>facilitam o nivelamento e a movimentação do produto.<br><br>Especificações Técnicas<br><br>Água na porta: Não<br>Alarme de porta aberta: Sim<br>Cesta porta ovos: Sim<br>Compartimento congelamento rápido: Sim<br>Compartimento extra frio: Sim<br>Degelo automático: Sim<br>Fábrica de gelo automática: Não<br>Gelo na porta: Não<br>Home bar: Não<br>Iluminação interna: Sim<br>Painel eletrônico: Sim<br>Pés niveladores: Sim<br>Porta latas: Não<br>Porta laticínios: Não<br>Porta reversível: Não<br>Prateleiras de vidro temperado: Sim<br>Prateleiras na porta: Sim<br>Prateleiras reguláveis: Sim<br>Prateleiras removiveis: Sim<br>Recipiente para guardar gelo: Não<br>Rodízios: Sim<br>Separador de garrafas: Não<br>Timer: Não<br>Wifi: Não<br>Cor: Branco<br>Prateleiras no freezer: Sim<br>Instalação gratuita: Não<br>Garantia do produto: 1 ano<br>Modelo: Dfn41<br>Classificação energética: A<br>Frequência: 60 hz<br>Tensão<br>127 v / 220 v<br><br>Dimensões<br><br>Altura do produto: 179 cm<br>Largura do produto: 60 cm<br>Profundidade do produto: 68,8 cm<br>Altura do produto embalado: 180,8 cm<br>Largura do produto embalado: 64 cm<br>Profundidade do produto embalado: 73 cm<br>Profundidade com porta aberta: 123,3 cm<br>Largura porta aberta 90° sem puxador: 62 cm<br>Profundidade do gabinete sem porta: 61,7 cm<br>Profundidade com porta e sem puxador: 68,8 cm<br>Altura do gabinete sem porta: 176,4 cm<br>Capacidade líquida do refrigerador (l): 280<br>Capacidade líquida do freezer (l): 91<br>Capacidade total de armazenamento: 371<br>Capacidade bruta do refrigerador (l): 284<br>Capacidade bruta do freezer (l): 105<br>Capacidade total bruta (l): 389<br>Peso: 58,00 kg","{""capacidade_liquida_total"":""371 L"",""cor"":""Branco"",""marca"":""Electrolux"",""tipo_de_degelo"":""Frost Free"",""voltagem"":""220 V""}",371 L,Branco,Electrolux,,Frost Free,220 V,,,371,Branco,Electrolux,Não informado,Frost Free,220v,Não informado,371 litros,Branco,Electrolux,,Frost Free,220V,2 Portas,371L
engageeletro||5298,Refrigerador Panasonic Frost Free Tecnologia Econavi Aço Escovado 483 Litros 220V NR-BT55PV2XB,"Se você está em busca de um refrigerador amplo, com duas portas e tecnologia Frost Free, o modelo NR-BT55PV2X, da Panasonic, é uma excelente opção. Com design moderno, clean e elegante, ele foi desenvolvido na cor Aço Escovado, para combinar com qualquer projeto de decoração, e ainda apresenta um excelente desempenho.<br><br>O refrigerador possui tecnologia exclusiva Econavi que garante até 10% de economia de energia, monitorando o uso da geladeira no dia a dia e fazendo-o funcionar de acordo com a rotina da casa.<br>Seu sistema Antibactéria, é uma combinação de tecnologias que evita que os alimentos entrem em contato com bactérias. A incidência de luz azul em um filtro com nanopartículas de prata cria um agente antibacteriano chamado radical hidroxila, que também ocorre naturalmente na Troposfera. Este efeito natural é reproduzido no refrigerador Panasonic, eliminando 99.9999% das bactérias nocivas.<br><br>Além disso, possui também a Gaveta Fresh Zone com Vitamin Power: Luzes de LED especiais que potencializam os nutrientes dos alimentos, especialmente as vitaminas C e D.<br><br>Características Gerais<br><br>? VITAMIN POWER: Gaveta Fresh Zone com Vitamin Power Luzes de LED especiais que potencializam os nutrientes dos alimentos, especialmente as vitaminas C e D.**** Testado com pimentão?vermelho, alface, tomate e cogumelo com armazenagem de 3 a 7 dias.****<br><br>? ANTIBACTÉRIA: O sistema Antibactéria é uma combinação de tecnologias que evita que os alimentos entrem em contato com bactérias. A incidência de luz azul em um filtro com nanopartículas de prata cria um agente antibacteriano chamado radical hidroxila, que também ocorre naturalmente na Troposfera. Este efeito natural é reproduzido no refrigerador Panasonic, eliminando 99.9999% das bactérias nocivas.*** Testado pelo laboratório alemão independente Suedsachsen Wasser GmbH.***<br><br>? INVERTER: Reduz em até 43% o consumo de energia*, pois regula o compressor de acordo com a temperatura que varia com o abre e fecha da porta e com a quantidade de comida interna. Além disso, é mais silencioso e congela os alimentos mais rápido.** Em relação ao mínimo necessário para a classificação A no Programa Brasileiro de Etiquetagem.* Teste comparativo do mesmo produto com e sem a tecnologia Inverter.**<br><br>? ECONAVI: Tecnologia exclusiva que garante até 10% de economia de energia, monitorando o uso do refrigerador no dia a dia e fazendo-o funcionar de acordo com a rotina da casa.<br><br>Especificações Técnicas<br><br>Tipo de Degelo: Frost Free<br>Porta reversível: Não<br>Dispenser de água gelada: Não<br>Prateleira do refrigerador: Vidro temperado<br>Porta-latas: Sim<br>Controle automático de temperatura: Sim, no refrigerador e freezer<br>Consumo (kWh): 39 kWh/Mês<br>Capacidade de armazenagem total (L): 483<br>Capacidade de armazenagem do refrigerador (L): 368<br>Tensão/Voltagem<br>- 110V<br>- 220V<br>Consumo de Energia: A (menos 25% de consumo)<br>Capacidade de armazenagem do freezer (L): 115<br>Cor: Aço Escovado<br>Eficiência Energética: A<br><br>Dimensões do Produto<br><br>Altura: 190cm<br>Largura: 69,50cm<br>Profundidade: 75,80cm<br>Altura com embalagem: 195.4cm<br>Largura com embalagem: 73.8cm<br>Profundidade com embalagem: 79,9cm<br><br>Peso Liquído: 70kg<br>Peso Bruto: 73kg<br><br>Entrega do Produto<br>- Não nos responsabilizamos pelo transporte por escadas/elevadores, guincho ou içamento deste produto.<br>- Não nos responsabilizamos pela instalação/montagem<br><br>Garantia 12 meses","{""capacidade_liquida_total"":""483 L"",""marca"":""Panasonic"",""material"":""Aço Escovado"",""tipo_de_degelo"":""Frost Free"",""voltagem"":""220 V""}",483 L,,Panasonic,Aço Escovado,Frost Free,220 V,,,483 Litros,Aço Escovado,Panasonic,Não informado,Frost Free,220V,2,483 Litros,Aço Escovado,Panasonic,,Frost Free,220V,2 Portas,483L
magazineluiza||013082100,Geladeira/Refrigerador Brastemp Frost Free Inverse Prata 443L com Turbo Ice BRE57 AKBNA,"A Geladeira Brastemp Inverse Frost Free BRE57 443 litros Evox possui refrigerador em cima e freezer embaixo, deixando os alimentos mais utilizados sempre à mão. Com a função Turbo Ice, tenha gelo mais rápido sempre que precisar e saiba quando está pronto. O Twist Ice Advanced permite abastecer as formas de gelo e desenformá-lo facilmente, e com o Espaço Adapt você conta com prateleiras ajustáveis para armazenar itens de diversos tamanhos!Conta ainda com compartimento especial para gelar rápido suas bebidas sendo elas, latas ou Long Necks. Ele pode ser encaixado tanto no freezer como no refrigerador para gelar a cerveja ou o refrigerante, com um espaço para 03 garrafas Long Neck ou 06 latas!O refrigerador possui iluminação em LED, Cooling Control, prateleiras em vidro extra e prateleiras de vidro com suporte, tampa gaveta de frutas, gaveta de legumes, separador Acesso Rápido, prateleiras e compartimentos para temperos, prateleira e separador para garrafas!Já o freezer com abastecedor (sistema inteligente de fazer gelo), forma com extrator e gaveta para gelo, compartimento Turbo Freezer, cesto superior e inferior, separador/organizador de prateleiras, rodapé e para melhor nivelamento do produto, possui pés estabilizadores.Com tecnologia Evox que protege sua geladeira da ferrugem e corrosão com uma camada de zinco e uma película impermeabilizante aplicadas sobre o aço!Leve o melhor da Brastemp para sua casa! Atenção, o material não é inox.","{""capacidade_liquida_total"":""443 L"",""marca"":""Brastemp"",""material"":""Evox"",""tipo_de_degelo"":""Frost Free"",""voltagem"":""220 V""}",443 L,,Brastemp,Evox,Frost Free,220 V,,,443L,Prata,Brastemp,Não informado,Frost Free,Não informado,Não informado,443 litros,Prata,Brastemp,,Frost Free,220V,2 Portas,443L
magazineluiza||200163600,Refrigerador Side by Side,,"{""capacidade_liquida_total"":""570 L"",""cor"":""Branco"",""marca"":""LG"",""quantidade_de_portas"":""2 Portas"",""voltagem"":""220 V""}",570 L,Branco,LG,,,220 V,2 Portas,,Não informado,Não informado,Não informado,Não informado,Não informado,Não informado,Não informado,Não informado,Branco,LG,,,,2 Portas,570L
lojasguaibim1||820127,Geladeira/Refrigerador Electrolux Frost Free Duplex 454L,"A Geladeira Frost Free Bottom Freezer 454 Litros é o modelo ideal para quem deseja sofisticação e eficiência na cozinha.<br><br>Este Refrigerador Electrolux DB53X traz um conceito totalmente moderno e completamente em linha com as exigências de redução de consumo que estão presentes nos dias atuais, sobretudo para o público mais exigente. É um modelo que agrega conforto à vida diária e contribui para o equilíbrio ambiental do planeta.<br><br>A Geladeira Electrolux possui um design bastante inovador e seu freezer está localizado na parte inferior, facilitando a manipulação dos alimentos mais usados cotidianamente.<br><br>Este Refrigerador Electrolux Bottom, modelo DB53X, permite otimizar a organização de seu interior de maneira bastante interessante, trazendo praticidade para o dia a dia.<br><br>Dessa maneira, haverá muito menos perda de tempo ao procurar aquilo de que necessita, pois dá visibilidade a todo o conteúdo do refrigerador. Seu layout interno é totalmente pensado para o bem-estar do consumidor.<br><br>Assim, é possível organizar de forma simples o seu Refrigerador Inox, mesmo porque oferece o sistema Fast Adapt, que permite ampliar compartimentos.<br><br>Possui também um recurso excelente: gelar com rapidez as bebidas mais quentes. Tudo isso graças à função Drink Express. Esta Geladeira Frost Free é excelente opção para compor sua cozinha e se destacar pelo bom gosto.<br><br>Atenção:<br><br>1. Verifique a voltagem correta para o seu equipamento. Grande parte dos eletrodomésticos no Brasil está disponível em duas voltagens: 110V ou 220V. Certifique-se qual a voltagem de sua residência e selecione o produto conforme essa especificação.<br>2. Devido às normas da ABNT e às resoluções no 13 de 2006, no 2 de 2007 e no 8 de 2009 do CONMETRO, os fabricantes estão mudando as tomadas para o novo padrão. Para utilizar este produto, será preciso adaptador ou a troca da tomada antiga. Não nos responsabilizamos por esta alteração.","{""capacidade_liquida_total"":""454 L"",""cor"":""Inox"",""marca"":""Electrolux"",""material"":""Inox"",""tipo_de_degelo"":""Frost Free"",""voltagem"":""127 V""}",454 L,Inox,Electrolux,Inox,Frost Free,127 V,,,454L,Não informado,Electrolux,Não informado,Frost Free,110V ou 220V,Duplex,454 Litros,Inox,Electrolux,,Frost Free,110V,2 Portas,454L
efacil||2220303,"Geladeira/Refrigerador Samsung 432 Litros RL4363RBASL, Frost Free, Inox",PRODUTO DESATIVADO<br>,"{""capacidade_liquida_total"":""432 L"",""cor"":""Inox"",""marca"":""Samsung"",""quantidade_de_portas"":""2 Portas"",""tipo_de_degelo"":""Frost Free""}",432 L,Inox,Samsung,,Frost Free,,2 Portas,,432 Litros,Inox,Samsung,Não informado,Frost Free,Não informado,Não informado,Não informado,Inox,Samsung,,Frost Free,110V,2 Portas,432L
lojasguaibim1||820134,Geladeira/Refrigerador Electrolux Frost Free Duplex 454L,"A Geladeira Frost Free Bottom Freezer 454 Litros é o modelo ideal para quem deseja sofisticação e eficiência na cozinha.<br><br>Este Refrigerador Electrolux DB53X traz um conceito totalmente moderno e completamente em linha com as exigências de redução de consumo que estão presentes nos dias atuais, sobretudo para o público mais exigente. É um modelo que agrega conforto à vida diária e contribui para o equilíbrio ambiental do planeta.<br><br>A Geladeira Electrolux possui um design bastante inovador e seu freezer está localizado na parte inferior, facilitando a manipulação dos alimentos mais usados cotidianamente.<br><br>Este Refrigerador Electrolux Bottom, modelo DB53X, permite otimizar a organização de seu interior de maneira bastante interessante, trazendo praticidade para o dia a dia.<br><br>Dessa maneira, haverá muito menos perda de tempo ao procurar aquilo de que necessita, pois dá visibilidade a todo o conteúdo do refrigerador. Seu layout interno é totalmente pensado para o bem-estar do consumidor.<br><br>Assim, é possível organizar de forma simples o seu Refrigerador Inox, mesmo porque oferece o sistema Fast Adapt, que permite ampliar compartimentos.<br><br>Possui também um recurso excelente: gelar com rapidez as bebidas mais quentes. Tudo isso graças à função Drink Express. Esta Geladeira Frost Free é excelente opção para compor sua cozinha e se destacar pelo bom gosto.<br><br>Atenção:<br><br>1. Verifique a voltagem correta para o seu equipamento. Grande parte dos eletrodomésticos no Brasil está disponível em duas voltagens: 110V ou 220V. Certifique-se qual a voltagem de sua residência e selecione o produto conforme essa especificação.<br>2. Devido às normas da ABNT e às resoluções no 13 de 2006, no 2 de 2007 e no 8 de 2009 do CONMETRO, os fabricantes estão mudando as tomadas para o novo padrão. Para utilizar este produto, será preciso adaptador ou a troca da tomada antiga. Não nos responsabilizamos por esta alteração.","{""capacidade_liquida_total"":""454 L"",""cor"":""Inox"",""marca"":""Electrolux"",""tipo_de_degelo"":""Frost Free"",""voltagem"":""220 V""}",454 L,Inox,Electrolux,,Frost Free,220 V,,,454L,Não informado,Electrolux,Não informado,Frost Free,110V ou 220V,Duplex,454 Litros,,Electrolux,,Frost Free,220V,2 Portas,454L
utilidadesdomesticasudltda||1521,Geladeira IB7 Frost Free Inverter Electrolux,"A Geladeira Electrolux Efficient Inverse com AutoSense 490 L possui a tecnologia #NãoJogaNadaFora, que são todas as funções que preservam os alimentos por mais tempo, ajudando a evitar desperdícios.<br> <br> Usando Inteligência Artificial, a tecnologia AutoSense controla a temperatura automaticamente e prolonga a vida dos alimentos por até 30 mais tempo. Trata-se de uma tecnologia exclusiva Electrolux, que reconhece as suas rotinas, identificando os momentos de maior uso e de abertura de portas, ficando automaticamente mais fria. Ou reconhece os momentos de menor uso (durante a noite ou férias, por exemplo) e estabiliza a temperatura, além de reduzir possíveis ruídos.<br> <br> Já a Tecnologia Inverter mantém a temperatura mais estável da Geladeira, tornando-a uma das geladeiras brasileiras mais econômicas do segmento, que economiza até 42 de energia e garante as condições ideias para preservar seus alimentos.<br> <br> Pensando na melhor forma de consumo, a Geladeira conta com o FoodControl, que ajuda a controlar a validade dos alimentos frescos para que sejam consumidos no prazo ideal, evitando que estraguem.<br> <br> Conta também com a Gaveta HortiNatura, que preserva o frescor de frutas e vegetais por até 2x4 mais tempo.<br> <br> Para facilitar ainda mais o dia a dia, com IceMax é simples produzir gelo com o compartimento com abertura exclusiva que permite a reposição da água sem respingos e sem misturar odores do freezer.<br> <br> Já o sistema FastAdapt da Geladeira permite criar inúmeras configurações internas para armazenar alimentos de diferentes tamanhos.<br> <br> A Geladeira IB7 ainda conta com TasteGuard, que elimina até 9x5 mais rápido os maus odores causados por bactérias, garantindo que sua geladeira permaneça sempre fresca e higiênica.<br> <br> Maior economia de energia do segmento de geladeiras bottom freezer fabricadas no Brasil, conforme tabela de eficiência energética de 25/02/2022 PBE (Programa Brasileiro de Etiquetagem).<br> <br> Economia dos modelos IB7, IB7B e IB7S, em relação ao mínimo para a classificação A do Inmetro. Consulte a porcentagem de redução de consumo de cada modelo em electrolux.com.<br> <br> Resultados obtidos em testes realizados pela FURB (Universidade Regional de Blumenau) em morangos, cogumelos e alface.<br> <br> Comparado ao uso do bicarbonato de sódio, segundo procedimento interno testado no DM90X.<br> <br> Com a Geladeira Electrolux Inverse com AutoSense 490 L (IB7) você preserva seus alimentos por mais tempo e ainda economiza energia. Compre já a sua!<br> <br> Características do Produto: <br> Marca: Electrolux<br> Modelo: IB7<br> Consumo: 42.9(kWh/Mês)<br> Quantidade de funções: 4<br> Material: Aço<br> Capacidade líquida total (L): 490<br> Água na porta: Não<br> Alarme de porta aberta: Sim<br> Cesta porta ovos: Sim<br> Compartimento congelamento rápido: Sim<br> Compartimento extra frio: Sim<br> Degelo automático: Sim<br> Iluminação Interna: Sim<br> Pés niveladores: Sim<br> Porta latas: Não<br> Porta reversível: Não<br> Prateleiras removíveis: Sim<br> Rodízios: Sim<br> Separador de garrafas: Não<br> Puxadores: Sim (Embutido)<br> Máquina de gelo automática: Não<br> Trava painel de controle: Sim<br> Controle de temperatura: Automático<br> Compartimento FlexiSpace: Não<br> Conectividade: Não<br> Filtro desodorizador: Sim, TastGuard<br> Instalação gratuita: Não<br> Capacidade líquida do freezer (L): 167<br> Classificação energética: A+++<br> Frequência: 60 Hz<br> Capacidade bruta do refrigerador (L): 333<br> Capacidade líquida do refrigerador (L): 323<br> Quantidade de portas: 2<br> Painel digital: Sim<br> Prateleiras retráteis: Não<br> Prateleiras reversíveis: Sim<br> Prateleiras expansíveis (fast adapt): Sim<br> Nível de ruído (dB): 43.4 (dB)<br> Tipo de degelo: Frost Free<br> Dispenser de gelo na porta: Não<br> Função turbo freezer: Sim<br> Função turbo refrigerador: Não<br> Selo Procel: Não<br> Tipo de compressor: Inverter<br> Iluminação interna (freezer): Não<br> AutoSense: Sim<br> Tecnologia Inverter: Sim<br> <br> Conteúdo da Embalagem:<br> Refrigerador<br> Desodorizador<br> Porta Ovos<br> Forma de Gelo<br> Guia Rápido<br> Manual de Instruções<br> <br> Dimensões do Produto Montado: <br> Altura: 189,5 cm <br> Largura: 69,9 cm <br> Profundidade: 74,9 cm <br> Peso: 73 kg<br> <br> Garantia do Fabricante: 12 meses.","{""cor"":""Branco"",""marca"":""Electrolux"",""tipo_de_degelo"":""Frost Free"",""voltagem"":""127 V""}",,Branco,Electrolux,,Frost Free,127 V,,,490,Não informado,Electrolux,Aço,Frost Free,Não informado,2,Não informado,Branco,Electrolux,Aço,Frost Free,110V,2 Portas,490L
fidcomex||EXDFN41BR,Geladeira Refrigerador Electrolux Duplex DFN41 Frost Free 371L Branca - 110V,"Ideal para conseguir maior refrigeração de suas bebidas, a Geladeira Frost Free conta com a função Drink Express, que permite gelar com muita rapidez latas ou garrafas, mantendo temperatura ideal para satisfazer seu paladar.<br>O porta-ovos é muito mais prático e seguro para evitar quebras. Além disso, a grande capacidade de armazenamento dessa Geladeira Electrolux é algo realmente diferenciado.<br>Suas formas de gelo são suspensas, para otimizar o grande espaço interno, além de evitar contato com alimentos, sem sofrer qualquer interferência, portanto.<br>O Geladeira traz tecnologia moderna, com prateleiras retráteis que auxiliam a arrumação do interior do freezer, sem apertos.<br>O turbo congelamento localizado no freezer agiliza o resfriamento e de alimentos, ampliando sua vida útil, sem perda de qualidade desses gêneros.<br> <br>Características<br> <br>Modelo: DFN41<br>Cor: Branco<br>Marca: Electrolux<br>Frequência: 60 Hz<br>Eficiência Energética: A<br>Capacidade Líquida Total: 371 L<br>Tipo de Degelo:Frost Free<br>Função Drink Express: Resfriar bebidas rapidamente.<br>Turbo congelamento: Compartimento no freezer que resfria e congela os alimentos mais rapidamente.<br>Prateleira com porta-latas reversível: Pode ser utilizada tanto como porta-latas como uma prateleira regular, possibilitando maior organização e flexibilidade.<br>Formas de gelo suspensas: Ocupa menos espaço e mantém o gelo fora do contato com outros alimentos.<br>Espaço Extra Frio: Espaço fechado no Geladeira, ideal para alimentos frescos.<br>Pés niveladores e rodízios traseiros: Facilitam o nivelamento e a movimentação do produto.<br>Conteúdo da Embalagem: Refrigerador Eletrolux DFN41, Manual de instruções.<br> <br>Garantia de 12 meses contra defeitos de fabricação.<br>Produto novo, original, lacrado e acompanha nota fiscal.","{""capacidade_liquida_total"":""371 L"",""cor"":""Branco"",""marca"":""Electrolux"",""tipo_de_degelo"":""Frost Free"",""voltagem"":""127 V""}",371 L,Branco,Electrolux,,Frost Free,127 V,,,371 L,Branca,Electrolux,Não informado,Frost Free,110V,Não informado,Não informado,Branco,Electrolux,,Frost Free,110V,2 Portas,371L
digitaleletro2||4093450002,Refrigerador cuisinart arkton 518 litros  4093450002- 220v preta,"<p>Características TécnicasFreestanding, mas pode ser usado em conceito built inSistema de resfriamento ultra-rápido via sistema compressorIluminação interna em LED brancoCapacidade Total: 518 litrosCapacidade Refrigerador: 348 litrosCapacidade Freezer: 85 litrosCapacidade ATC: 85 litrosMaterial: aço inox 304 e plásticoPorta: inox e acabamento em vidroPrateleiras: vidro temperado</p><p>Especificações TécnicasVoltagem: 220 VFrequência: 60 HzPeso liquido: 106 KgPeso bruto: 115 KgTemper. Refrigerador: 0°C a 8°CTemper. Freezer: -14°C a -24°CTemper. ATC: 5°C a -24°CPotência total: 165 WAbertura das portas: 160°Consumo de energia: 1,08 kW/24hCapac. de congelamento: 12 kg/24hBitola do fio: 2,5 mm2</p><p>Dimensões do ProdutoLargura: 830mmProfundidade: 673mmAltura: 1900mm</p>","{""cor"":""Preto"",""material"":""Inox""}",,Preto,,Inox,,,,,518 litros,preta,cuisinart,aço inox 304 e plástico,Não informado,220V,Não informado,518 litros,Preto,Cuisinart,Aço Inox,,220V,4 Portas,518L
magazineluiza||010035501,Refrigerador 02 Portas Electrolux,,"{""marca"":""Electrolux"",""voltagem"":""220 V""}",,,Electrolux,,,220 V,,,Não informado,Não informado,Electrolux,Não informado,Não informado,Não informado,2,Não informado,,Electrolux,,,,2 Portas,
magazineluiza||211478500,Geladeira/Refrigerador Panasonic Frost Free Duplex,"Refrigerador Frost Free Duplex 423 litros da Panasonic. Este refrigerador possui as melhores tecnologias existentes no mercado para facilitar cada vez mais o seu dia a dia, garantindo mais espaço, economia de energia e deixando o seu ambiente muito mais moderno. A exclusiva Tecnologia Econavi faz com que o refrigerador monitore a rotina da casa e funcione de acordo com seu uso. Por exemplo, durante a noite enquanto todos dormem sua potência de operação é reduzida, aumentando perto da hora de todos acordarem, quando se inicia o abre e fecha de suas portas. Este sistema exclusivo da Panasonic permite economia de energia de até 10%. Já a Tecnologia Inverter controla o compressor, detectando as variações de temperatura de acordo com a quantidade de comida armazenada e o abre e fecha das portas, além de deixar o refrigerador bem mais silencioso. Este refrigerador também garante a preservação dos nutrientes dos alimentos por mais tempo, além da quantidade de vitamina C potencializada, tudo isso graças à Tecnologia Vitamin Safe, uma luz de LED especial que age sobre as frutas e verduras, potencializando seus processos de fotossíntese. Este modelo ainda é 19% mais silencioso e seu congelamento é mais rápido que refrigeradores comuns.","{""capacidade_liquida_total"":""423 L"",""marca"":""Panasonic"",""material"":""Aço Escovado"",""quantidade_de_portas"":""2 Portas"",""voltagem"":""127 V""}",423 L,,Panasonic,Aço Escovado,,127 V,2 Portas,,423 litros,Não informado,Panasonic,Não informado,Frost Free,Não informado,Duplex,Não informado,Aço Escovado,Panasonic,Aço Escovado,Frost Free,110V,2 Portas,423L
magazineluiza||013016201,Geladeira/Refrigerador Electrolux Frost Free,"Prática e muito elegante, a Geladeira Frost Free Electrolux DF56 branca, conta com o exclusivo sistema Ice Max, compartimento que produz gelo com alta tecnologia que evita respingos, odores e favorece remoção, garantindo muita praticidade. O modelo DF56 Top Freezer possui prateleiras reversíveis e retráteis no freezer e no refrigerador, permitindo que se adapte o espaço interno para guardar os mais diversos tipos de embalagens e alimentos. Além disso conta com 02 portas e capacidade de 474L, sendo assim tem espaço de sobra para guardar tudo o que você precisa. O refrigerador ainda acompanha um espaço Hortinatura onde suas verduras, frutas e legumes estarão mais protegidos. O produto tem freezer com 128L, que além de garantir que os alimentos sejam armazenados em uma temperatura ideal, tem espaço de sobra para guardar tudo o que você precisa. Possui também prateleiras reversíveis e retráteis para adaptar o espaço interno na hora de guardar os diversos tipos de embalagens.","{""capacidade_liquida_total"":""474 L"",""cor"":""Branco"",""marca"":""Electrolux"",""tipo_de_degelo"":""Frost Free"",""voltagem"":""220 V""}",474 L,Branco,Electrolux,,Frost Free,220 V,,,474L,branca,Electrolux,Não informado,Frost Free,Não informado,2,Não informado,Branco,Electrolux,,Frost Free,220V,2 Portas,474L
bidushopcomerco||gazn11389x1x1,Ref 260l Electrolux 2portas Classe A - Dc35a,"Cor: BRANCO - Voltagem: 110 VOLTS<br> O Refrigerador Electrolux 260 Litros Defrost 2 Portas Classe A tem design e acabamento impecáveis, que combina com a cozinha, gavetão transparente, prateleiras aramadas removíveis, pés niveladores frontais e rodízios traseiros, prateleira funda na porta para garrafas pet de até 2,5 litros, trava garrafas, porta latas reversível para 5 unidades mais organização e flexibilidade para acomodar e melhorar o aproveitamento interno do refrigerador.<br> <br> <br> <br> <br> Especificações Técnicas:<br> Tipo : Duplex Cycle Defrost<br> Prateleira da porta com trava para garrafas: Sim<br> Prateleiras na porta: Prateleira para garrafas de até 2,5 L<br> Prateleiras no refrigerador: Aramadas; 100 removíveis<br> Gavetão transparente para frutas e verduras: Sim<br> Prateleira porta latas : Reversível para 5 unidades<br> Livre de CFC: Sim<br> Puxador ergonômico embutido<br> Consumo: 38,4 kWh<br> Controle de Temperatura Interna<br> Porta ovos para até: 12 unidades com cesta removível<br> Capacidade Liquida: Freezer: 53; Refrigerador: 207; Total: 260<br> Capacidade Bruta: Freezer: 53; Refrigerador: 211; Capacidade total: 264<br> Pés: Rodízios traseiros; Niveladores dianteiros<br> <br> <br> <br> <br> Dimensões do Produto:<br> Altura: 161.9 cm<br> Largura: 54.8 cm<br> Profundidade: 61.3 cm<br> Peso: 44 kg<br> <br> <br> <br> <br> Garantia do Fornecedor de 12 Meses<br>","{""capacidade_liquida_total"":""260 L"",""cor"":""Branco"",""marca"":""Electrolux"",""quantidade_de_portas"":""2 Portas"",""tipo_de_degelo"":""Cycle Defrost"",""voltagem"":""127 V""}",260 L,Branco,Electrolux,,Cycle Defrost,127 V,2 Portas,,260,BRANCO,Electrolux,Não informado,Cycle Defrost,110 VOLTS,2,260 Litros,Branco,Electrolux,,Cycle Defrost,110V,2 Portas,260L
homepoint||SG9787,Geladeira Electrolux IM8IS Multidoor Efficient 540 Litros Inox,"PRINCIPAIS CARACTERÍSTICAS:<br>A Geladeira Electrolux Multidoor Frost Free Efficient com AutoSense, Inverter e Dispenser de Água e Gelo 540 L Inox Look1 (IM8IS) possui três portas, para garantir mais espaço para armazenar e mais funções destinadas a manter o frescor dos alimentos por mais tempo, além de possuir dispenser de água e gelo direto na porta. Com a tecnologia exclusiva AutoSense, a Geladeira Electrolux Multidoor Efficient com AutoSense 540 L ajusta a temperatura automaticamente, garantindo uma melhor preservação dos alimentos por até 30%2 mais tempo. A Inteligência Artificial reconhece seus hábitos de consumo, identificando os momentos de maior uso e menor uso da geladeira, deixando-a mais fria ou estabilizando a temperatura. A Gaveta HortiNatura preserva o frescor de frutas e vegetais por até 2x3 mais tempo, evitando o desperdício de alimentos. E como a Tecnologia Inverter mantém a temperatura da geladeira mais estável, reduz o consumo de energia em até 37%4, além de garantir as condições ideais de preservação dos alimentos. A Geladeira Electrolux Multidoor Efficient com AutoSense 540 L ainda conta com o TasteGuard, que elimina até 9x5 mais rápido os maus odores causados por bactérias, garantindo que sua geladeira permaneça sempre higiênica. E a Geladeira Electrolux Multidoor Efficient 540 L IM8IS ainda conta com dispenser de água e gelo, que possibilita ter água e gelo em cubos, filtrados para consumo imediato direto da porta da geladeira.<br><br>ESPECIFICAÇÕES DO PRODUTO:<br>• Voltagem 220v <br>• Classificação Energética: A+<br>• Frequência: 60Hz<br>• Cor: Inox <br>• Painel Digital: Sim<br>• Capacidade Líquida do Refrigerador (L): 340<br>• Capacidade Total de Armazenamento (L): 540<br>• Capacidade Bruta do Refrigerador (L): 393<br>• Capacidade Total Bruta (L): 622<br>• Capacidade Líq. Congelador (L): 200<br>• Capacidade Bruta Congelador (L): 229<br>• Garantia de 12 meses contra defeito de fabricação<br><br>IMAGENS MERAMENTE ILUSTRATIVAS","{""capacidade_liquida_total"":""540 L"",""cor"":""Inox"",""marca"":""Electrolux"",""tipo_de_degelo"":""Frost Free"",""voltagem"":""220 V""}",540 L,Inox,Electrolux,,Frost Free,220 V,,,540,Inox,Electrolux,Não informado,Frost Free,220v,3,540,Inox,Electrolux,,Frost Free,220V,3 Portas,540L
angeloni2||4868439,Geladeira Consul Frost Free Duplex 386L Altura Flex Branco CRM44AB,"Nos dias de hoje, ter eletrodomésticos que facilitam a rotina do dia a dia, trazem muitos benefícios. E com a Geladeira/Refrigerador não é diferente, não é mesmo? Se você está a procura de uma nova ou quer trocar, precisa conhecer o refrigerador CRM44AB da Consul. Uma geladeira na cor branca, Frost Free, iluminação em LED, o que deixa ela econômica e sustentável, com capacidade líquida total de 386 litros, duplex, e tem 5 níveis de temperatura que vão facilitar o seu dia a dia. Isso sem contar no exclusivo puxador embutido na cor preta, deixando ela com um design bonito, ergonômico e fácil de limpar. Além disso, conta com sistema de ajustes de Altura Flex, que dá para ajustar em até 4 níveis de altura para organizar a geladeira de forma fácil e rápida. Cabe da jarra a melância. E o Freezer Espaçoso, é perfeito para organizar seus congelados sem fazer malabarismo. Outro detalhe é a função turbo, que gela rápido até quando está cheia. Com esse refrigerador, você organiza tudo da sua maneira, e deixa sua cozinha mais bonita e completa!","{""capacidade_liquida_total"":""386 L"",""cor"":""Branco"",""marca"":""Consul"",""tipo_de_degelo"":""Frost Free"",""voltagem"":""220 V""}",386 L,Branco,Consul,,Frost Free,220 V,,,386L,Branco,Consul,Não informado,Frost Free,Não informado,Duplex,Não informado,Branco,Consul,Aço,Frost Free,220V,2 Portas,386L
angeloni2||5146741,Geladeira Electrolux Side by Side Frost Free 435L Efficient AutoSense Inverter Inox Look IS4S,Geladeira Electrolux Side by Side Frost Free 435L Efficient AutoSense Inverter Inox Look IS4S<br> Produto em conformidade com regulamentação do Inmetro. Todas as informações técnicas divulgadas são de responsabilidade exclusiva do fabricante/fornecedor. A cor do produto pode variar de acordo com as configurações do seu monitor.<br>,"{""cor"":""Inox"",""marca"":""Electrolux"",""material"":""Inox"",""tipo_de_degelo"":""Frost Free"",""voltagem"":""Bivolt""}",,Inox,Electrolux,Inox,Frost Free,Bivolt,,,435L,Inox Look,Electrolux,Não informado,Frost Free,Não informado,Não informado,Não informado,Inox,Electrolux,,Frost Free,110V,2 Portas,435L
eletrofacil||RT53K6240S8-BZ,Geladeira Samsung 5 em 1 Twin Cooling Plus 528 Litros 220V RT53K6240S8/BZ,"<p><strong>Geladeira Samsung 5 em 1 Twin Cooling Plus 528 Litros RT53K6240S8/BZ</strong></p><p>A <strong>Geladeira Samsung 5 em 1 Twin Cooling Plus 528 Litros</strong> se adapta a todas as suas necessidades. Você pode converter facilmente o freezer em refrigerador, quando precisar de mais espaço para produtos frescos. Ou então desligue o freezer para um modo econômico.*</p><p>A tecnologia Twin Cooling PlusTM cria um ambiente favorável para preservar o frescor dos alimentos, mantendo 70% de umidade dentro do refrigerador, comparado com 30% nos refrigeradores comuns. Ingredientes frescos e sem ressecar por mais tempo.</p><p>A tecnologia Twin Cooling PlusTM, exclusiva da Samsung, utiliza sistemas independentes de resfriamento para evitar que odores do refrigerador cheguem ao freezer. Assim, os congelados mantêm mais do seu sabor original.</p><p>Na <strong>Eletrofácil</strong> você encontra a <strong>Geladeira Samsung 5 em 1 Twin Cooling Plus 528 Litros RT53K6240S8/BZ</strong> e transforma as suas receitas e sua cozinha!!!</p> <p><strong>Características</strong></p><p>Recursos de Resfriamento<br>Twin Cooling PlusTM<br>Frost Free<br>Multi Fluxo<br>Filtro Anti-odor<br>Número de Prateleiras (Total): 3 EA<br>Prateleira Easy Slide<br>Material das Prateleiras: Vidro Temperado<br>Número de Gavetas de Legumes e Frutas: 2 EA<br>Número de Compartimentos na Porta: 5 EA<br>Fresh Room<br>Big Guard<br>Fábrica de Gelo: Twist<br>Material das Prateleiras: Plástico<br>Número de Prateleiras (Total): 1 EA<br>Número de Compartimentos na Porta: 2 EA<br>Iluminação Interna: LED<br>Gás Refrigerante: R-600a<br>Compressor: Digital Inverter<br>Display de Controle: Externo<br>Puxador na Porta: Embutido<br>Nível de Ruído: 39 dBA<br>Tensão: 220 V</p>","{""capacidade_liquida_total"":""528 L"",""marca"":""Samsung"",""tipo_de_degelo"":""Frost Free"",""voltagem"":""220 V""}",528 L,,Samsung,,Frost Free,220 V,,,528 Litros,Não informado,Samsung,Não informado,Frost Free,220V,Não informado,528 Litros,,Samsung,,Frost Free,220V,2 Portas,528L
efacil||191548-67,"Geladeira/Refrigerador Panasonic 387 Litros, BT40BD1W, Frost Free, 2 Portas NR, Branco",PRODUTO DESATIVADO<br>,"{""capacidade_liquida_total"":""387 L"",""cor"":""Branco"",""marca"":""Panasonic"",""quantidade_de_portas"":""2 Portas"",""tipo_de_degelo"":""Frost Free"",""voltagem"":""127 V""}",387 L,Branco,Panasonic,,Frost Free,127 V,2 Portas,,387 Litros,Branco,Panasonic,Não informado,Frost Free,Não informado,2 Portas,Não informado,Branco,Panasonic,,Frost Free,110V,2 Portas,387L
gazinshop||1157,Geladeira Refrigerador Electrolux 454 Litros 2 Portas Frost Free Inverse - DB52,"Confira o design inovador do novo Refrigerador 454 Litros Electrolux 2 Portas Frost Free Inverse.<br><br>O DB52 Ã© completo, conta com porta-latas removÃ­vel para diferentes tipos de latas, o funcional trava-garrafas que proporciona seguranÃ§a para garrafas e organizaÃ§Ã£o de recipientes, sem ocupar espaÃ§o. Conta ainda com a moderna tecnologia dedo Ice twister e turbo congelamento que congela mais rÃ¡pido os alimentos no freezer.<br><br> <br><br>CaracterÃ­sticas Gerais<br>Porta-latas<br>Dispenser de latas removÃ­vel para diferentes tipos de latas<br><br> <br><br>Trava-garrafas<br>SeguranÃ§a para garrafas e organizaÃ§Ã£o de recipientes, sem ocupar espaÃ§o.<br><br> <br><br>Ice twister<br>Bandeja de gelo giratÃ3ria.<br><br> <br><br>Porta-ovos<br>EspaÃ§o especÃ­fico para os ovos.<br><br> <br><br>Turbo Congelamento<br>Congela mais rÃ¡pido os alimentos no freezer.<br><br> <br><br>Supercapacidade do freezer<br>144 litros para organizar e armazenar seus alimentos.<br><br> <br><br>Frost Free<br>NÃ£o precisa descongelar nunca.<br><br> <br><br>Ice Express<br>Gelo pronto mais rÃ¡pido.<br><br> <br><br>Refrigerador mais flexÃ­vel do mercado<br>Mais de 7.000 possibilidades de layout para adaptÃ¡-lo a diferentes ocasiÃμes.<br><br> <br><br>Prateleiras deslizantes e encaixÃ¡veis<br>Organize-as na porta do refrigerador de acordo com sua necessidade.<br><br> <br><br>Duas prateleiras retrÃ¡teis<br>OtimizaÃ§Ã£o do espaÃ§o e adequaÃ§Ã£o de acordo com o que for armazenar.<br><br> <br><br>Potes hermÃ©ticos<br>Para condimentos e pequenas frutas, podem ser alocados na divisÃ3ria do gavetÃ£o, na porta do freezer ou do refrigerador, ou em qualquer local no interior do produto.<br><br> <br><br>FunÃ§Ãμes no painel Blue Touch<br>Adaptam a temperatura de acordo com a ocasiÃ£o.<br><br> <br><br>Trava para empilhar garrafas<br>Possibilita armazenar grande quantidade de diferentes tipos de garrafas. Ideal para dias de festa!<br><br> <br><br>Drink Express<br>Bebidas mais geladas em menos tempo<br><br> <br><br>Bandeja deslizante no turbo congelamento<br>FÃ¡cil de visualizar e fÃ¡cil de manusear.<br><br> <br><br>GavetÃ£o de frutas e legumes com divisÃ3ria<br>Organiza e separa diferentes tipos de alimentos<br><br> <br><br>Porta reversÃ­vel NÃ£o<br>Prateleira do refrigerador Vidro temperado<br>Porta-latas Sim<br>Dispenser de lata nÃ£o<br>Dispenser de Ã¡gua gelada NÃ£o<br>Dispenser de gelo NÃ£o<br>Degelo do freezer Frost Free<br><br> <br><br>EspecificaÃ§Ãμes TÃ©cnicas:<br>Capacidade de armazenagem total (L) 454 Litros<br>Capacidade de armazenagem do refrigerador (L) 310 Litros<br>Capacidade de armazenagem do freezer (L) 144 Litros<br>ClassificaÃ§Ã£o energÃ©tica Demais classificaÃ§Ãμes energÃ©ticas<br>TensÃ£o/Voltagem 110V ou 220V (NÃ£o Ã© Bivolt)<br><br> <br><br>DimensÃμes do Produto:<br>Altura: 191 cm<br>Largura: 71 cm<br>Profundidade: 80 cm<br>Peso: 83,5 kg<br><br> <br><br>Garantia do Fornecedor de 12 Meses","{""capacidade_liquida_total"":""454 L"",""cor"":""Branco"",""marca"":""Electrolux"",""quantidade_de_portas"":""2 Portas"",""tipo_de_degelo"":""Frost Free"",""voltagem"":""127 V""}",454 L,Branco,Electrolux,,Frost Free,127 V,2 Portas,,454 Litros,Não informado,Electrolux,Não informado,Frost Free,110V ou 220V,2 Portas,454 Litros,Branco,Electrolux,,Frost Free,110V,2 Portas,454L
magazineluiza||010079700,Geladeira/Refrigerador Brastemp Frost Free Duplex,,"{""capacidade_liquida_total"":""419 L"",""cor"":""Inox"",""marca"":""Brastemp"",""tipo_de_degelo"":""Frost Free"",""voltagem"":""127 V""}",419 L,Inox,Brastemp,,Frost Free,127 V,,,Não informado,Não informado,Brastemp,Não informado,Frost Free,Não informado,Duplex,Não informado,Inox,Brastemp,,Frost Free,110V,2 Portas,419L
oliststore||MGL7MOP2XGM7USSP,Ref 340L Consul 2P F. Free Classe A - Crm39Abbna,"Ref 340l consul 2p f. Free classe a - crm39abbna Descrição:geladeira consul frost free duplex 340 litros branca com prateleiras altura flextipo de degelo: frost freecor principal (visão frontal): brancocapacidade total líquida (l):340método de preparo: 1número de portas: 2painel de controle: internoposição do freezer: em cimavoltagem: 127 v,220 vgarantia produto (meses): 12principais diferenciais:paltura flexcom o exclusivo sistema de regulagem, as prateleiras podem ser ajustadas em até 8 níveis de altura para acomodar itens de diversos tamanhos sem precisar tirá-los da geladeira.pfunção turboresfrie sua geladeira muito mais rápido. Mais facilidade para quando ela está cheia e para ocasiões especiais.pfrost freesabe quando chega a hora de limpar a geladeira e você precisa esperar ela descongelar inteira Então, com uma geladeira frost free nada disso acontece isso por que ela possui uma tecnologia avançada que faz com que nunca se forme gelo nas paredes do congelador. Ou seja: você não precisa descongelar nunca.especificações de controle e segurança:painel de controle: internotipo de controle do painel: eletrônicotipo de display: ledcontrole de temperatura no refrigerador: simnúmero de níveis de temperatura do refrigerador: 5controle de temperatura no freezer: simnúmero de níveis de temperatura do freezer:3cor: branco - voltagem: 220 voltsdimensões e pesopeso líquido (kg): 58.5largura (cm): 62.1altura (cm): 169.5profundidade (cm): 71.4dimensões e peso(com embalagem)largura (cm): 66.1altura (cm): 173.7profundidade (cm): 73.8peso bruto (kg): 62","{""capacidade_liquida_total"":""340 L"",""marca"":""Consul"",""tipo_de_degelo"":""Frost Free"",""voltagem"":""220 V""}",340 L,,Consul,,Frost Free,220 V,,,340,branco,Consul,Não informado,frost free,127 v220 v,2,340,Branco,Consul,,Frost Free,220V,2 Portas,340L
fidcomex||MDRT580MTA282,Geladeira Frost Free Midea Md-rt580mta282 Duplex 411l Slim Preto Black Inox 220v,"O Refrigerador Frost Free 411L Preto Midea vai fazer toda a diferença na sua cozinha. Com eficiência energética A+++, garante mais economia para seu dia a dia.<br>Possui Desodorizador Active-C Fresh com camadas de carbono, que promove alimentos frescos por mais tempo. <br>Conta com iluminação em LED no refrigerador, painel touch externo e Chiller Box Extra Frio, ideal para frios e bebidas mais geladas.<br>Sua Gaveta com controle de umidade independente promove melhor organização e preservação de frutas e verduras. Acompanha 1 kit bandeja de gelo e 2 bandejas de ovos.<br> <br>Características<br> <br>Marca: Midea<br>Ref.: MD-RT580MTA282<br>Voltagem: 220V<br>Cor externa: Black Inox Look<br>Cor interna: Branco<br>Capacidade: 411L<br>Capacidade Freezer: 107L<br>Capacidade Refrigerador: 304L<br>Consumo aproximado de energia: 40,2 kWh/mês<br>Classe Climática T<br>Painel Touch<br>Funções Super Cool<br>Material interno HIPS<br>Material externo VCM<br>Número de portas: 2<br>Prateleiras: 3 (2 no refrigerador e 1 no freezer)<br>Gaveta para Frutas e Legumes: Sim (1)<br>Chiller Box: Sim (1)<br>Bandeja de ovos: Sim (2)<br>Kit bandeja de gelo: Sim (1)<br>Desodorizador: Sim<br>Trava de segurança: Sim (apenas para o painel de controle de temperatura)<br>Potência de degelo: 215W<br>Tipo de degelo: Automático<br>Agente expansor: Ciclopentano<br>Gás Refrigerante: R600a<br>Massa Total de Fluído Refrigerante: 58g<br>Selo Procel e classificação Energética A+++ para ambas as voltagens (127V e 220V)<br> <br>Dimensões Aproximadas do Produto (LxAxP): 70 cm x 172,3 cm x 69,1 cm<br>Dimensões Aproximadas do Produto com a Porta Aberta (LxP): 109 cm x 109 cm<br>Peso Líquido: 67,5 kg<br> <br>Importante: Imprescindível à conferência no ato da entrega. Em caso de anormalidade, recuse o recebimento.<br>As imagens correspondem aos produtos apresentados, porém, são ilustrativas e podem sofrer variações de acordo com a resolução de seu monitor, iluminação ou ainda, percepção visual. Os objetos decorativos das imagens não acompanham os produtos.<br>Todas as informações divulgadas são de responsabilidade do fabricante, podendo sofrer alterações sem nenhum aviso prévio.<br> <br>Garantia de 12 meses contra defeitos de fabricação, 10 anos de garantia no compressor de acordo com as normas do fabricante.","{""capacidade_liquida_total"":""411 L"",""cor"":""Preto"",""marca"":""Midea"",""material"":""Inox"",""tipo_de_degelo"":""Frost Free"",""voltagem"":""220 V""}",411 L,Preto,Midea,Inox,Frost Free,220 V,,,411L,Preto,Midea,Não informado,Frost Free,220V,2,411L,Preto,Midea,Inox,Frost Free,220V,2 Portas,411L
magazineluiza||010006101,Refrigerador 417 Litros Frost Free Brastemp,,"{""marca"":""Brastemp"",""tipo_de_degelo"":""Frost Free"",""voltagem"":""220 V""}",,,Brastemp,,Frost Free,220 V,,,417 Litros,Não informado,Brastemp,Não informado,Frost Free,Não informado,Não informado,Não informado,,Brastemp,,Frost Free,220V,,417L
lojasmm||5815,GeladeiraRefrigerador 425L Panasonic Porta de vidro e Painel Easy Touch BB53,"Porta de vidro e Painel Easy Touch: O modelo esbanja design com sua porta de vidro preta, com painel que acende ao ser tocado. Mais modernidade no seu dia a dia. <br>Prático e econômico, o BB53 reduz o consumo de energia em até 36% em relação ao mínimo necessário para a classificação A no Procel. <br>Tecnologia exclusiva que garante até 10% de economia de energia, monitorando o uso do refrigerador no dia a dia e fazendo-o funcionar de acordo com a rotina da casa.<br><br><br>Características:<br>Capacidade Total Líquida: 305 Litros <br>Tipo de Selo Inmetro: Procel <br>Classificação Energética: A <br>Tipo: Duplex <br>Subcategoria: Bottom Freezer <br>Consumo Aproximado de Energia: 39,9 kWh/mês <br>Inverter <br>Econavi <br>Vitamin Power <br>Desodorizador <br>Climate Control <br>Gavetão Horti Fruti <br>Compartimento Extra Frio <br>Drink Cooler <br>Turbo Freezer <br>Painel de Controle: Easy Touch <br>Funções Pré Programadas Férias, Festa e Compras <br>Controle de Temperatura do Refrigerador Interno <br>Controle de Temperatura do Freezer no Painel Externo <br>Ice Twister <br>Trava Painel <br>Porta Latas <br>Porta Ovos <br>Acessórios: Porta Laticínios <br>Iluminação: LED <br>Prateleita Retrátil: 1 <br>Quantidade de Portas: 2 <br>Quantidade de Prateleiras no Refrigerador: 3 (Vidro Temperado) <br>Quantidade de Prateleiras na Porta do Refrigerador: 4 <br>Quantidade de Gavetas no Refrigerador: 3 <br>Quantidade de Gavetas no Freezer: 3 <br>Potência de Operação (W): 115 <br>Potência de Degelo (W): 180 <br>Sistema de Refrigeração? Serpentina com fluído R600a <br>Tipo de Pés: Estabilizador <br>Material: Vidro Temperado <br><br><br>Dimensões:<br>Altura: 185.5 cm<br>Largura: 69.5 cm<br>Profundidade: 77.2 cm<br>Peso: 87 kg<br><br><br>Garantia do Fornecedor de 12 Meses","{""capacidade_liquida_total"":""425 L"",""cor"":""Preto"",""marca"":""Panasonic"",""voltagem"":""220 V""}",425 L,Preto,Panasonic,,,220 V,,,305 Litros,Não informado,Panasonic,Vidro Temperado,Não informado,Não informado,2,425L,Preto,Panasonic,,,220V,2 Portas,425L
mmcomerciodeequipamentos||881f9a6a42a811ee80954201ac18502e,Geladeira/Refrigerador Electrolux Manual - Duplex 260L Cycle Defrost DC35A Branco,"A geladeira Electrolux Cycle Defrost DC35A possui um design único e moderno, com puxador ergonômico e integrado, que é embutido e super fácil de limpar. O modelo é duplex, com degelo manual na cor branca, que combina com qualquer cozinha. Sua capacidade líquida é de 260 litros e tem um super freezer com capacidade 53 litros que atinge até -18oC que garante a qualidade dos alimentos congelados por mais tempo. O refrigerador contém vários tipos de compartimentos para você deixar tudo organizado. Ele conta com um trava-garrafas na porta do refrigerador, que evita que as bebidas tombem no seu interior e líquidos sejam derramados. Tem também o porta-ovos para 12 unidades que garante melhor distribuição do espaço interno de ainda é removível, isso ajuda na hora da limpeza. Conta também com gavetão transparente para frutas e legumes e prateleiras removíveis, sendo assim você pode regular a altura da maneira que preferir e guardar alimentos volumosos sem problemas. O modelo ainda tem um porta latas reversível para 05 unidades. Ideal para tornar seu dia a dia muito mais prático e sua cozinha ainda mais moderna.","{""capacidade_liquida_total"":""260 L"",""cor"":""Branco"",""marca"":""Electrolux"",""tipo_de_degelo"":""Cycle Defrost"",""voltagem"":""220 V""}",260 L,Branco,Electrolux,,Cycle Defrost,220 V,,,260 litros,Branco,Electrolux,Não informado,Manual,Não informado,Duplex,Não informado,Branco,Electrolux,,Cycle Defrost,220V,2 Portas,260L
madeiramadeira-openapi||311836,Geladeira Brastemp BRE57ABANA 443L 127V Branco,"Turbo IceTenha gelo mais rápido sempre que precisar.Twist Ice AdvancedO exclusivo sistema Twist Ice Advanced permite abastecer as formas de gelo de um jeito inteligente, evitando molhar o chão da cozinha, além de desenformar o gelo facilmente e armazená-lo em um recipiente portátil e prático.Espaço AdaptPrateleiras com múltiplas combinações possíveis para armazenar itens de diversos tamanhos na porta de sua geladeira.Latas e Long NecksCompartimento especial para gelar rápido suas bebidas. Ele pode ser encaixado tanto no freezer como no refrigerador para gelar a cerveja ou o refrigerante, com um espaço perfeito para 3 garrafas long neck ou 6 latas.Capacidade Total (L): 443Dispenser de água: NãoPrateleiras removíveis: SimTipo de Degelo: Frost FreeRecipiente para guardar gelo: SimCompartimento extra frio: NãoPorta ovos: SimPorta latas: SimAlarme de porta aberta: SimPés niveladores: SimPorta reversível: NãoDisplay: Touch ScreenControle de temperatura: SimMostrador frontal de temperatura: SimNo de Portas: 2Painel de Controle: ExternoFormato: Duplex","{""capacidade_liquida_total"":""443 L"",""cor"":""Branco"",""marca"":""Brastemp"",""quantidade_de_portas"":""2 Portas"",""tipo_de_degelo"":""Frost Free"",""voltagem"":""127 V""}",443 L,Branco,Brastemp,,Frost Free,127 V,2 Portas,,443L,Branco,Brastemp,Não informado,Frost Free,127V,2,443,Branco,Brastemp,,Frost Free,110V,2 Portas,443L
albaeletronicos||54610-2910,Geladeira / Refrigerador 415 Litros Consul 2 Portas Classe a - CRD46ABBNA,"GELADEIRA / REFRIGERADOR 415 LITROS CONSUL 2 PORTAS CLASSE A - CRD46ABBNA | BRANCO | 220 VOLTS<br><br><br>Marca / Fabricante = CONSUL<br><br>Prazo de Garantia = 12 meses<br><br>Código de fábrica = 7891130000000<br><br>Medidas aproximadas = 76 x 177 x 73 cm.<br><br>Peso = 69 Kg<br><br>Classificação fiscal = 84181000<br><br><br>Para mais informações, por favor, contate o fabricante ou entre em contatco conosco.<br><br>Com certeza esta é a melhor opção para você. Compre já!!!","{""capacidade_liquida_total"":""415 L"",""cor"":""Branco"",""marca"":""Consul"",""quantidade_de_portas"":""2 Portas"",""tipo_de_degelo"":""Cycle Defrost"",""voltagem"":""220 V""}",415 L,Branco,Consul,,Cycle Defrost,220 V,2 Portas,,415 Litros,BRANCO,CONSUL,Não informado,Não informado,220 VOLTS,2 Portas,Não informado,Branco,Consul,,Cycle Defrost,220V,2 Portas,415L
carrefouroficial||5892759,Geladeira Lg Automática 428L 4 Portas French Door,"As geladeiras French Door da marca LG trazem mais inteligência para a sua cozinha. Ela já foi premiada internacionalmente. O sistema Door in Door, exclusivo da LG, proporciona facilidade e rapidez para acessar seus alimentos preferidos, além de diminuir a perda de ar frio em 46.5. Além disso, o filtro desodoriza e elimina muito mais as bactérias que os modelos comuns. Este modelo possui compartimentos para melhorar o armazenamento dos alimentos, desde bandejas para molhos, cestas, e até recipientes vedados. Prateleiras deslizantes e dobráveis e cestas ajustáveis são apenas algumas inovações da marca, permitindo guardar e manter por mais tempo alguns itens, mais uma vez, é mais tecnologia diretamente na sua casa. Leve para casa a sua Geladeira LG Automática French Door e confira as opções de pagamento do Carrefour.<br> <br> Características: <br> Marca: LG<br> Modelo: APZFSBS<br> Painel: Touch<br> Quantidade de Cestos: 3.0<br> Quantidade de Gavetas: 8.0<br> Quantidade de Portas do Eletrodoméstico: 4<br> Quantidade de Prateleiras: 3.0<br> Tipo de Pés: Niveladores<br> Capacidade Total do Refrigerador: 428.0<br> Capacidade do Freezer: 143.0<br> Capacidade do Refrigerador: 285.0<br> Degelo: Automático<br> Sistema de Refrigeração: Compressor Linear Inverter<br> Tipo de Refrigerador: French Door<br> Material: Aço<br> Ambiente: Cozinha<br> Material Geral: Aço<br> Consumo Aproximado de Energia: 57 Kw/h<br> Eficiência Energética: Classe A<br> Condição do Produto: Novo<br> <br> Itens Inclusos: <br> 1 Refrigerador + Formas de Gelo Twist<br> 1 Manual de Instruções<br> 1 Manual de Instalação<br> <br> Dimensões:<br> Altura: 178.7 cm<br> Largura: 83.5 cm<br> Profundidade: 73.4 cm<br> Peso: 116.000 kg<br> <br> Garantia do Fornecedor: 12 Meses","{""capacidade_liquida_total"":""428 L"",""cor"":""Inox"",""marca"":""LG"",""quantidade_de_portas"":""4 Portas"",""voltagem"":""127 V""}",428 L,Inox,LG,,,127 V,4 Portas,,428L,Não informado,LG,Aço,Automático,Não informado,4,428L,Inox,LG,Aço,Automático,110V,4 Portas,428L
carrefouroficial||900005096,Geladeira 347 Litros Duplex Frost Free SmartSensor Midea,O refrigerador Frost Free SmartSensor 347L Midea veio para preservar muito mais seus alimentos Sua tecnologia SmartSensor com sensores que regulam a temperatura interna e seu Desodorizador ActiveC Fresh com camadas de carbono promovem alimentos frescos por mais tempo Possui tambm uma plataforma super moderna com paredes mais finas e maior capacidade interna ajudando a otimizar o espao em sua cozinha Conta com painel touch externo e super econmico com classificao A O Refrigerador Frost Free SmartSensor 347L Midea possui funo Super Cool para gelar muito mais rpido seus alimentos compartimento extra frio para alimentos frescos e bebidas mais geladas e gaveta com controle de umidade Alm de todas essas facilidades conta com iluminao em LED no refrigeradorbr br Caractersticas br Quantidade de Gavetas 1br Quantidade de Portas 2 Portasbr Quantidade de Prateleiras 3 2 no refrigerador e 1 no freezerbr Consumo Aproximado de Energia41 kWhbr Eficincia Energtica Classe Abr Linha Refrigeradorbr Capacidade do Freeezer 86Lbr Capacidade do Refrigerador 261Lbr Degelo Frost Freebr Sistema de Refrigerao Frost Freebr Material Inoxbr br Dimensesbr Altura 1724 cmbr Largura 595 cmbr Profundidade 695 cmbr Peso 57 kgbr br Itens Inclusos1 Refrigerador 1 manual 1 kit bandeja de gelo 1 p para retirada de gelo e 2 bandejas de ovosbr br Observaes Imagem meramente ilustrativabr Verifique a voltagem do produto antes de colocar no carrinhobr Todas as informaes divulgadas so de responsabilidade do fabricantefornecedorbr As cores podem sofrer variaes de acordo com o tipo configurao e resoluo do seu monitorbr No nos responsabilizamos pela montageminstalao dos produtosbr br Garantia do Fornecedor 12 meses,"{""capacidade_liquida_total"":""347 L"",""cor"":""Inox"",""marca"":""Midea"",""material"":""Inox"",""tipo_de_degelo"":""Frost Free"",""voltagem"":""Bivolt""}",347 L,Inox,Midea,Inox,Frost Free,Bivolt,,,347 Litros,Não informado,Midea,Inox,Frost Free,Não informado,2 Portas,347 Litros,Inox,Midea,Inox,Frost Free,Bivolt,2 Portas,347L
ebomdecomprar||30328,Geladeira Midea Side By Side 528L,"O novo refrigerador side by side Midea vai te surpreender! Ele conta com freezer de alta capacidade. Super econômico, possui gaveta dupla de frutas e legumes que permite melhor organização dos alimentos, painel touch facilita o manuseio do refrigerador, tendo acesso a todas as funções do produto externamente, prateleiras de vidro para maior estabilidade para latas e garrafas e ice twister, gelo fácil em apenas um toque.<br> <br> <br> Características: <br> Capacidade 528L<br> Capacidade Freezer 184L<br> Capacidade Refrigerador 344L<br> Degelo Automático Frost free <br> Funções: Turbo Freezer, Turbo Refrigerador e Férias<br> Trava de segurança para crianças<br> Iluminação em LED<br> 2 Portas<br> 2 Gavetas Refrigerador<br> 2 Gavetas Freezer<br> 4 Prateleiras Refrigerador<br> 3 Prateleiras Freezer<br> Frequência 60Hz<br> Potência de degelo 240W<br> Capacidade do Congelador 10kg/24h<br> Máxima Retenção sem Energia 7h <br> Material interno em PSAI<br> Material externo em aço galvanizado<br> Agente expansor Ciclopentano<br> Gás Refrigerante R600a<br> Eficiência energética Selo Procel A<br> Número de Registro 002669/2020<br> <br> <br> Dimensões:<br> Altura: 176,5 cm<br> Largura: 89,5 cm<br> Profundidade: 76,5 cm<br> Peso: 90,00 kg<br> <br> <br> Garantia do fornecedor de 12 meses.","{""capacidade_liquida_total"":""528 L"",""cor"":""Inox"",""marca"":""Midea"",""quantidade_de_portas"":""2 Portas"",""tipo_de_degelo"":""Frost Free"",""voltagem"":""220 V""}",528 L,Inox,Midea,,Frost Free,220 V,2 Portas,,528L,Não informado,Midea,Aço galvanizado,Frost free,Não informado,2 Portas,528L,Inox,Midea,,Frost Free,220V,2 Portas,528L
olistsp||OSPFB295KAXVEE8Y,Mini Cooler Para Glicol Utilizado Para Torres Congeláveis,"MINI COOLER PARA GLICOL UTILIZADO PARA TORRES CONGELÁVEISModelo: 1081455Referência: 100.0131.0000Campos de aplicação: Adequado para bar / hotel / restaurante / uso domésticoCor: PretaEstilo de design: Máquina inteligente de refrigeração a arMarca registrada: TalosPRODUTO IMPORTADO.Descrição do Produto:Temperatura Inicial - 30°CTemperatura de Trabalho - 0°CTempo de Resfriamento - 3 horasPotência do Compressor - 1/4+hpVoltagem/Frequência - 115/60HzDimensões (mm) - 440x430x490Peso Líquido (kg) - 26/75Características:O modo de resfriamento é resfriado a ar.O gabinete é móvel, aplicado a todo o negócio de varejo de cerveja.",,,,,,,,,,Não informado,Preta,Talos,Não informado,Não informado,11560Hz,Não informado,Não informado,,,,,,,
lojascolombooficial||803996,Geladeira Panasonic Frost Free 2 Portas 483 Litros BT55PV2X,"Para quem deseja ter mais espaço para organizar os mantimentos, o Refrigerador com 2 portas e capacidade para 483L Frost Free da Panasonic é ideal! O eletrodoméstico conta com o modo Econavi, que é uma tecnologia exclusiva. Ela garante até 10 de economia de energia e monitora o uso do refrigerador no dia a dia (faz ele funcionar de acordo com a rotina da casa). Além disso, o modo Inverter reduz em até 43 o consumo de energia, pois regula o compressor conforme a temperatura (que varia com o abre e fecha da porta e com a quantidade de comida interna). Você também vai adorar o sistema moderno de higienização: o recurso Antibactéria evita que os alimentos entrem em contato com bactérias. Conte ainda com a Gaveta Fresh Zone com Vitamin Power: luzes de LED especiais que potencializam os nutrientes dos alimentos, especialmente as vitaminas C e D. Você merece um produto com garantia de qualidade e durabilidade. Adquira logo o seu!<br> <br> Características:<br> Tipo: 2 portas Frost Free Inverter<br> Capacidade do refrigerador: 368 litros<br> Capacidade do freezer: 115 litros<br> Capacidade total (litros): 483 litros<br> Potência: 115 Watts<br> Painel de Controle: Eletrônico<br> Controle de temperatura: Do Refrigerador: interno; Do Freezer: externo.<br> Inverter: Sim<br> Econavi: Sim<br> Função trava painel: Sim<br> Iluminação: LED<br> Material das prateleiras: Vidro temperado<br> Ice Twister: Sim<br> Compartimento extra-frio: Sim<br> Funções: Férias, Festa e Compras<br> Porta ovos: Sim<br> Porta latas: Sim<br> Desodorizador: Sim<br> Turbo Freezer: Sim<br> Material: Aço escovado<br> Pés: Estabilizadores<br> Gás refrigerante: R600a<br> Classificação Energética: A<br> Consumo de energia: 39 kWh/mês<br> <br> Conteúdo da embalagem: <br> 1 refrigerador<br> 1 manual de instruções<br> 1 porta ovos<br> 1 porta laticínios.<br> <br> Gavetão para legumes: <br> Fresh Zone com Vitamin Power: com Luzes de LED especiais, que potencializam os nutrientes dos alimentos.<br> <br> Diferenciais: <br> Sistema Antibactéria: incidência de luz azul em um filtro com nanopartículas, uma combinação de tecnologias que evita que os alimentos entrem em contato com bactérias.<br> <br> Atenção: <br> Conferir as dimensões do produto e verificar se passará pela porta ou elevador do local da entrega.<br> <br> Dimensões:<br> Altura: 190 cm<br> Largura: 69,5 cm<br> Profundidade: 75,8 cm<br> Peso: 70 kg<br> <br> Garantia do Fornecedor: 12 meses","{""capacidade_liquida_total"":""483 L"",""marca"":""Panasonic"",""quantidade_de_portas"":""2 Portas"",""tipo_de_degelo"":""Frost Free"",""voltagem"":""127 V""}",483 L,,Panasonic,,Frost Free,127 V,2 Portas,,483 litros,Não informado,Panasonic,Aço escovado,Frost Free,Não informado,2 portas,483L,Aço Escovado,Panasonic,Aço Escovado,Frost Free,110V,2 Portas,483L
ebomdecomprar||23518,Geladeira Continental TC41 Frost Free 370L,"A Geladeira Frost Free Duplex Branca 370 Litros TC41 da Continental tem alta capacidade de armazenamento, com um super freezer robusto e flexível que possui 91 litros de capacidade para armazenar tudo que você quiser, sem aperto. <br> A Geladeira TC41 possui puxador embutido, ergonômico, bonito e fácil de limpar, para sua cozinha ficar ainda mais bonita. No freezer possui um compartimento fechado, que permite congelar os alimentos de forma mais rápida. Na geladeira possui o Espaço Extrafrio Reversível, ideal para os alimentos que precisam de mais cuidado na conservação.<br> A prateleira na porta é reversível e pode ser utilizada da forma convencional ou como porta-latas para facilitar o acesso às suas bebidas favoritas.<br> E o gavetão de frutas e legumes é perfeito para manter seus alimentos sempre frescos e sempre à mão. A Geladeira TC41 mostra que a Continental pensou em tudo para te surpreender.<br> <br> <br> <br> Características:<br> Freezer compacto de 91L<br> Freezer com prateleira retrátil<br> Gaveta de frutas/legumes<br> Porta latas<br> Cesta porta ovos removível<br> Iluminação em LED<br> <br> <br> Dimensões:<br> Altura: 179,1 cm<br> Largura: 60 cm<br> Profundidade: 70 cm<br> Peso: 57 kg<br> <br> Garantia do fornecedor 12 meses","{""capacidade_liquida_total"":""370 L"",""cor"":""Branco"",""marca"":""Continental"",""quantidade_de_portas"":""2 Portas"",""tipo_de_degelo"":""Frost Free"",""voltagem"":""127 V""}",370 L,Branco,Continental,,Frost Free,127 V,2 Portas,,370L,Branca,Continental,Não informado,Frost Free,Não informado,Duplex,370 Litros,Branco,Continental,,Frost Free,110V,2 Portas,370L
marciusmagazinees||0043140124,Refrigerador Consul Facilite Frost Free 300 Litros Branco 127V - CRB36AB,"<p>Refrigerador Consul Facilite Frost Free 300 Litros Branco 127V - CRB36AB</p> <br><p>Nunca mais precisar descongelar a geladeira? Com a geladeira Consul Facilite Frost Free 300L isso é possível!<br>Essa geladeira é super compacta porque possui somente uma porta, não ocupando espaço na sua cozinha, porém, quando aberta, podemos notar o amplo espaço interno pensado especialmente pra você.<br>Afinal, conta com um congelador espaçoso, que cabe o sorvete, pratos prontos e o que mais você quiser. <br>Com o seu compartimento extra frio, você pode guardar seus embutidos, iogurtes e outros alimentos em um local pensado especialmente para eles, pois necessitam de mais refrigeração. <br>Possui gaveta multiuso transparente, que garante suas compras sempre fresquinhas, além de poder enxergar suas frutas, legumes e verduras sem precisar abri-la.<br></p> <br> <p>Marca: Consul</p><p>Modelo: CRB36ABANA</p><p>Referência: CRB36ABANA</p><p>Cor: Branco</p><p>Linha: Facilite</p><p>Código de Barras EAN: 7891129180567</p><p>Tipo de Refrigerador: 1 Porta</p><p>Tipo de Degelo: Frost Free</p><p>Eficiência Energética: Classe A</p><p>Consumo Aproximado de Energia: 36,55 kWh/mês</p><p>Painel Externo: Com opção de regulagem da temperatura.</p><p>Painel: Sim</p><p>Porta Ovos: Sim. Para 12 ovos - melhor organização e visualização dos alimentos</p><p>Porta-latas: Sim. Para 6 unidades</p><p>Porta Reversível: Sim</p><p>Fabricação de Gelo: Sim</p><p>Pés Reguláveis: Sim</p><p>Porta Garrafa: Sim</p><p>Separador de garrafas: Permite acondicionar garrafas de forma organizada e segura.</p><p>Gavetas: Gavetão de legumes transparente - espaço ideal para frutas, verduras e legumes.</p><p>Prateleiras: 2</p><p>Tipo de Prateleiras: Prateleira de grade - são reguláveis e removíveis para facilitar a limpeza | Prateleira laticínios; | Prateleira multiuso; | Prateleira diversos.</p><p>Capacidade Líquida de Armazenamento: Refrigerador: 253 Litros | Freezer: 47 Litros | Refrigerador + freezer: 300 Litros</p><p>Extra Frio: Tem por propriedade prolongar o tempo de conservação e resfriar mais rapidamente alimentos de consumo diário e também as bebidas. Neste local a temperatura é mais fria do que nos demais compartimentos do refrigerador, e por isso, é indicado para armazenar laticínios, frios e embutidos.</p><p>Controle de Temperatura: Pode ser regulado para melhor atender as condições de conservação dos alimentos, conforme o grau de utilização de seu refrigerador.</p><p>Peso aproximado do produto: 48 Kg</p><p>Dimensões aproximadas do produto: -Altura: 153,9 cm | -Largura: 61,6 cm | -Profundidade: 69,1 cm</p><p>Peso aproximado do produto embalado: 50 Kg</p><p>Dimensões aproximadas do produto embalado: -Altura: 157 cm | -Largura: 64,5 cm | -Profundidade: 71,5 cm</p><p>Garantia do Fornecedor: 365 dias</p><p>Aviso: Imagens meramente ilustrativas</p>","{""capacidade_liquida_total"":""300 L"",""cor"":""Branco"",""marca"":""Consul"",""quantidade_de_portas"":""1 Porta"",""tipo_de_degelo"":""Frost Free"",""voltagem"":""127 V""}",300 L,Branco,Consul,,Frost Free,127 V,1 Porta,,300 Litros,Branco,Consul,Não informado,Frost Free,127V,1 Porta,300 Litros,Branco,Consul,,Frost Free,110V,1 Porta,300L
magazineluiza||010051701,Refrigerador Frost Free 02 Portas 324L Consul,,"{""marca"":""Consul"",""tipo_de_degelo"":""Frost Free"",""voltagem"":""220 V""}",,,Consul,,Frost Free,220 V,,,324L,Não informado,Consul,Não informado,Frost Free,Não informado,02 Portas,Não informado,,Consul,,Frost Free,220V,2 Portas,324L
mega-mamute||19331,Geladeira Inverter Frost Free Electrolux 400 Litros IB45 Duplex Bottom Freezer Branca 110V,"A nova Geladeira Electrolux Inverter IB45 de 400 Litros possui tecnologia AutoSense, que utiliza Inteligência Artificial para controlar a temperatura automaticamente, prolongando a vida dos alimentos por mais tempo. Trata-se de uma tecnologia exclusiva Electrolux, que reconhece as suas rotinas, identificando os momentos de maior uso e de abertura de portas, ficando automaticamente mais fria. Ou reconhece os momentos de menor uso (durante a noite ou férias, por exemplo) e estabiliza a temperatura, além de reduzir possíveis ruídos.<br><br>Modelo: IB45<br>PN: 02408FBA106<br>Cor: Branco<br>Marca: Electrolux<br><br>Capacidade Total: 400 litros<br>Capacidade Líquida do Congelador: 125 litros<br>Capacidade Liquida do Refrigerador: 275 litros<br>Sistema: Inverter Frost Free<br><br>AutoSense: Controla a temperatura automaticamente usando Inteligência Artificial e prolonga a vida dos alimentos por até 30% mais tempo.<br>Gaveta HortiFruti: Preserva frutas e verduras por mais tempo.<br><br>Gaveta Hortinatura: Preserva o frescor de frutas e vegetais.<br>Tecnologia Inverter: Mantém a temperatura mais estável, garantindo condições ideais para preservar seus alimentos e economia de energia.<br><br>Freezer: Grande freezer de 125 L e gavetas para organizar e armazenar diferentes alimentos e embalagens de uma forma mais rápida e fácil. Com compartimento TurboFreezer de congelamento rápido para alimentos e bebidas. Se precisar de mais espaço, você pode inverter a prateleira do TurboFreezer.<br><br>Icemax: Gelo sempre à mão de maneira mais fácil com IceMax, compartimento com abertura exclusiva que permite a reposição da água sem respingos, que não mistura odores com o restante do freezer e é fácil de remover.<br><br>FastAdapt: Prateleiras que permitem várias configurações internas para armazenar alimentos de diferentes tamanhos.<br>Luz de LED na geladeira: Melhor visualização da geladeira, com baixo consumo de energia.<br><br>TasteGuard: Elimina até 9x mais rápido os maus odores causados por bactérias, garantindo que sua geladeira permaneça sempre fresca e higiênica.<br><br>Tipo: Duplex<br>Puxadores: Embutidos<br>Prateleiras Removíveis: Sim<br>Prateleiras na Porta: Sim<br>Iluminação Interna: Sim<br>Cesta porta Ovos: Sim<br><br>Degelo Automático: Sim<br>Pés Niveladores: Sim<br>Prateleiras Reguláveis: Sim<br><br>Classificação Energética: A+++<br>Consumo: 37,2 Kw<br>Frequência: 60 Hz<br>Voltagem: 110V<br><br>Conteúdo da embalagem:<br>01 x Geladeira<br>01 x Manual de Instruções<br><br>Garantia: 12 meses com o fabricante<br>Fabricante: Electrolux<br><br>Dimensões do produto (A x L x P): 186,6 x 60,1 x 74,75 cm<br>Peso: 65,5 Kg<br><br>","{""capacidade_liquida_total"":""400 L"",""marca"":""Electrolux"",""tipo_de_degelo"":""Frost Free"",""voltagem"":""127 V""}",400 L,,Electrolux,,Frost Free,127 V,,,400 litros,Branca,Electrolux,Não informado,Frost Free,110V,Não informado,400 Litros,Branco,Electrolux,,Frost Free,110V,2 Portas,400L
magazineluiza||010044905,Refrigerador 417 Litros Frost Free Consul,,"{""cor"":""Bege"",""marca"":""Consul"",""quantidade_de_portas"":""2 Portas"",""tipo_de_degelo"":""Frost Free""}",,Bege,Consul,,Frost Free,,2 Portas,,417 Litros,Não informado,Consul,Não informado,Frost Free,Não informado,Não informado,Não informado,,Consul,,Frost Free,,,417L
fastshop2||LGGMB298N1,Refrigerador French Door LG  Frost Free com 695 Litros GM-B298NLNH Compressor Inverter Prata,"CaracterísticasTipo: French DoorNúmero de Portas: 3Frost FreePrateleiras: De vidro temperado, e com ajuste de alturaAlarme de Porta AbertaDegelo AutomáticoPorta-Garrafas Controle automático de temperaturaGavetas: 4 gavetas (3 no refrigerador e 1 no congelador) com controle de umidadeFreezer InvertidoMáxima Economia de EnergiaCompressor Linear InverterResfriamento Rápido (Door Cooling)Alta CapacidadeRefrigeração Uniforme (Multi Air Flow)Desing PremiumGavetas com controle de umidadeEspecificações TécnicasModelo: GMB298NCor: PrataCapacidade Total: 695 LitrosCapacidade Freezer: 153 LitrosCapacidade Armazenamento do Refrigerador: 542 LitrosSelo Procel (Eficiência Energética): AConsumo de Energia: 59 kwh/mêsVoltagem: 110V/220V (não é Bivolt)EAN: 8806091628367 (110V) / 8806091628541 (220V)Garantia: 12 meses produto - 10 anos compressorDimensões e PesoDimensões Líquidas do Produto sem Puxador (LxAxP): 1772x908x921 mmDimensões do produto com embalagem (LxAxP): 1820x956x921 mmPeso do produto sem embalagem: 120 KgPeso do produto com embalagem: 129 KgItens Inclusos01 RefrigeradorServiço de Instalação e Orientação de UsoPara sua comodidade, a Fast Shop dispõe do serviço de Instalação* e Orientação de Uso, com equipe especializada e autorizada pelo fabricante que poderá realizar a medição de todos os acessos, retirando as portas do produto caso necessário. Esse serviço pode ser adquirido em contato com nosso canal Blá pelo WhatsApp no número (11) 3232-2949 ou em uma de nossas lojas. Consulte os valores e regiões atendidas.","{""cor"":""Prata"",""marca"":""LG"",""tipo_de_degelo"":""Frost Free"",""voltagem"":""Bivolt""}",,Prata,LG,,Frost Free,Bivolt,,,695 Litros,Prata,LG,Não informado,Frost Free,110V220V,3,Não informado,Prata,LG,,Frost Free,,3 Portas,695L
friopecas||146169,Refrigerador Brastemp 400 Litros Frost Free Duplex com Freeze Control Inox BRM54JK - 127 Volts,"Refrigerador Brastemp 400 Litros Frost Free Duplex com Freeze Control Inox BRM54JK- 127 Volts <p> O Refrigerador Brastemp 400 Litros Frost Free Duplex com Freeze Control Inox BRM54 - 127 Volts possui o exclusivo compartimento Freeze Control, que conserva carnes por até 5 dias sem congelar e deixa bebidas, laticínios na temperatura ideal. </p> <p> Freeze Control: </p> <p> Compartimento que permite programar diferentes funções de acordo com a sua necessidade. Conserve carnes por até 5 dias sem congelar e deixe tanto bebidas como frios e laticínios na temperatura ideal. </p> <p> Twist Ice: </p> <p> Desenforme o gelo facilmente e armazene-o em um recipiente portátil e prático. </p> <p> Espaço Adapt: </p> <p> Prateleiras com múltiplas combinações possíveis para armazenar itens de diversos tamanhos na porta de sua geladeira. </p> <p> Latas e Long Necks: </p> <p> Compartimento especial para gelar rápido suas bebidas. Ele pode ser encaixado tanto no freezer como no refrigerador para gelar a cerveja ou o refrigerante, com um espaço perfeito para 3 garrafas long neck ou 6 latas. </p> <p> Gavetão de legumes: </p> <p> Suas frutas e verduras organizadas e conservadas por mais tempo com o sistema Fresh Zone. </p> <p> Tecnologia Evox: </p> <p> Protege sua geladeira da ferrugem e corrosão com uma camada de zinco e uma película impermeabilizante aplicadas sobre o aço. Tecnologia Evox com 3 anos de garantia contra ferrugem e corrosão na porta da sua geladeira. </p> <p> Painel Eletrônico: </p> <p> A melhor maneira de acionar as funções da sua geladeira, você pode controlar a temperatura do refrigerador, ser avisado quando a porta ficou aberta e escolher modos pré-programados para ativar funções especiais. </p> <p> Imagem Meramente Ilustrativa.</p>","{""capacidade_liquida_total"":""400 L"",""cor"":""Inox"",""marca"":""Brastemp"",""material"":""Inox"",""tipo_de_degelo"":""Frost Free"",""voltagem"":""127 V""}",400 L,Inox,Brastemp,Inox,Frost Free,127 V,,,400 Litros,Inox,Brastemp,Não informado,Frost Free,127 Volts,Duplex,Não informado,Inox,Brastemp,,Frost Free,110V,2 Portas,400L
lojasguaibim1||963299,Geladeira/Refrigerador Consul Frost Free Duplex 410L CRM50HK,"A Geladeira Consul Frost Free Duplex 410 litros Espaço Flex tem flexibilidade e capacidade de sobra para organizar tudo da sua maneira, chega de malabarismo para conseguir guardar os alimentos. Ela vem com o Espaço Flex, Gelo Extra e o Filtro Antiodor. Ahhh! Bem pensado.<br><br>Espaço Flex<br>Organize o espaço interno da porta da sua geladeira de acordo com a sua necessidade: são mais de 10 combinações possíveis para garantir mais flexibilidade e praticidade no seu dia a dia ao armazenar garrafas, jarras e diferentes itens!<br><br>Filtro Antiodor<br>Chega de água com gosto de geladeira! Com o filtro antiodor, elimine odores desagradáveis!<br><br>Gelo Extra<br>Armazene 2x mais gelo com o compartilhamento Gelo Extra: reserve os cubos de gelo prontos no recipiente enquanto as duas forminhas ficam disponíveis para preparar ainda mais gelo!<br><br>Frost Free<br>Com a tecnologia Frost Free não é necessário descongelar nunca sua geladeira e não há acúmulo de gelo na parede do seu freezer. Facilidade e praticidade na sua rotina!<br><br>Hortaliças<br>Com o gavetão de hortaliças, as verduras, legumes e frutas podem ser armazenadas em um local próprio, garantindo uma melhor organização e distribuição dos alimentos.<br><br>Controle de Temperatura Interno<br>Controle a temperatura da sua geladeira de acordo com as suas necessidades.<br><br>INFORMAÇÕES TÉCNICAS<br>Marca - Consul<br>Capacidade Total (L) - 410<br>Tipo de Degelo - Frost Free<br>Compartimento Extra Frio - Sim<br>Porta Ovos - Sim<br>Porta Reversível - Não<br>N° de Portas - 2<br>Dispenser de Água - Não<br>Capacidade Geladeira (L) - 311<br>Porta Latas - Não<br>Capacidade Freezer (L) - 99<br>Recipiente para Guardar Gelo - Sim<br>Trava de Segurança - Não<br>Garantia do Fornecedor (mês) - 12<br>Cor - Inox<br><br>Atenção:<br><br>1. Verifique a voltagem correta para o seu equipamento. Grande parte dos eletrodomésticos no Brasil está disponível em duas voltagens: 110V ou 220V. Certifique-se qual a voltagem de sua residência e selecione o produto conforme essa especificação.<br><br>2. Devido às normas da ABNT e às resoluções no 13 de 2006, no 2 de 2007 e no 8 de 2009 do CONMETRO, os fabricantes estão mudando as tomadas para o novo padrão. Para utilizar este produto, será preciso adaptador ou a troca da tomada antiga. Não nos responsabilizamos por esta alteração.","{""capacidade_liquida_total"":""410 L"",""cor"":""Inox"",""marca"":""Consul"",""material"":""Inox"",""tipo_de_degelo"":""Frost Free"",""voltagem"":""127 V""}",410 L,Inox,Consul,Inox,Frost Free,127 V,,,410L,Inox,Consul,Não informado,Frost Free,Não informado,2,410,Inox,Consul,,Frost Free,110V,2 Portas,410L
leonfer||2889,Refrigerador Panasonic BB71 480 Litros Inverter FF NR-BB71PVFXA,"Refrigerador Panasonic BB71 480 Litros Inverter FF NR-BB71PVFXA<br> <br> Com mais de 41 de economia de energia, a Geladeira Panasonic BB71 tem o menor consumo do Brasil<br> Considerado o consumo médio de produtos frost free por marca produzidos no Brasil, segundo a nova classificação energética do Inmetro. Alguns produtos podem conter ainda a etiqueta do padrão antigo, porém o consumo enquadra-se na atual classificação.<br> <br> Seus alimentos na temperatura certa com Freshfreezer<br> Mantenha diferentes tipos de alimentos na temperatura ideal. Com a BB71, você pode escolher quatro temperaturas diferentes independentes do restante da geladeira, proporcionando o armazenamento ideal de uma grande variedade de produtos. E, para que você tenha total controle das mudanças na sua geladeira, a luz do Freshfreezer muda de cor de acordo com alteração de temperatura.<br> O controle é ajustado de maneira que a temperatura média dos alimentos armazenados no compartimento Freshfreezer seja aproximadamente aquela descrita para cada configuração. Num intervalo de tempo, haverá oscilações de temperatura, o que é normal. A distribuição de temperatura também pode variar de acordo com a quantidade de produtos armazenados e a disposição deles na gaveta. Quando armazenar diferentes tipos de bebidas e/ou alimentos, selecione sempre a maior temperatura (mais quente) dentre os itens armazenados. 2 - Carnes: aves e bovinas de boa procedência e em boas condições, sempre respeitando o prazo de validade da embalagem. 3 - Não armazene bebidas não alcoólicas em temperaturas abaixo de 0 graus (como refrigerantes, sucos e cervejas sem álcool), pois há o risco de congelar o líquido e estourar o recipiente.<br> <br> Monitoramento de uso diário com Smartsense<br> Economize ainda mais energia. O Smartsense monitora o uso da geladeira no seu dia a dia, fazendo com que ela funcione de acordo com a rotina da casa e economizando energia através de sensores de abertura de portas, luminosidade (interna e externa) e temperatura.<br> <br> Economia de energia com Inverter<br> Além da economia de mais de 41 refletida na conta de luz, a tecnologia Inverter também deixa as geladeiras mais silenciosas e com o congelamento mais rápido, já que regula o compressor de acordo com a temperatura que varia com o abre e fecha da porta e com a quantidade de comida.<br> <br> Freezer em gaveta<br> Geladeira sempre organizada com o freezer em gaveta, que facilita o acesso a alimentos mais utilizados na preparação de pratos, como temperos e caldos.<br> <br> Mais praticidade<br> Possui espaços especiais para pizza, laticínios, latas, Tetra Pack, garrafas de 3L e de 600ml.<br> <br> Características: <br> Marca: Samsung <br> Modelo: NR-BB71PVFXA<br> Tipo: Duplex<br> Recursos: Tecnologia inverter<br> Certificação Inmetro (Portaria): N/C<br> Degelo: Frost Free<br> Capacidade Útil do Refrigerador: 334 L<br> Capacidade Útil do Freezer: 146 L<br> Garantia do Fornecedor: 12 meses<br> Capacidade Útil Total: 480 L<br> Eficiência Energética: A+++<br> Consumo Aproximado de Energia: 40,9kw H/mês<br> Inverter: Sim<br> Desodorizador: Sim<br> Gavetão Hortifrúti: Sim<br> Controle de Temperatura do Refrigerador no Painel Externo: Sim<br> Controle de Temperatura do Freezer no Painel Externo: Sim<br> Trava Painel: Sim<br> Porta Ovos: Sim<br> Quantidade de Portas: 2<br> <br> Dimensões:<br> Altura: 195 cm<br> Largura: 69,5 cm<br> Profundidade: 75,8 cm<br> Peso: 80 kg<br> <br> Garantia do Fornecedor: 12 meses","{""capacidade_liquida_total"":""480 L"",""cor"":""Aço escovado"",""marca"":""Panasonic"",""material"":""Aço Escovado"",""tipo_de_degelo"":""Frost Free"",""voltagem"":""127 V""}",480 L,Aço escovado,Panasonic,Aço Escovado,Frost Free,127 V,,,480 L,Não informado,Panasonic,Não informado,Frost Free,Não informado,2,480 Litros,Aço Escovado,Panasonic,,Frost Free,110V,2 Portas,480L
lojas-berlanda||3321,Refrigerador BRM54JK 2 Portas 400 Litros Brastemp,"Características: <br> Painel Eletrônico: A melhor maneira de acionar as funções da sua geladeira. Com o Painel Eletrônico Brastemp, você pode controlar a temperatura do refrigerador, ser avisado quando a porta ficou aberta e escolher modos pré-programados para ativar funções especiais.<br> Freeze Control: Compartimento que permite programar diferentes funções de acordo com a sua necessidade. Conserve carnes por até 5 dias sem congelar* e deixe tanto bebidas como frios e laticínios na temperatura ideal. *respeitada a data de validade impressa na embalagem.<br> Espaço Adapt: Prateleiras com múltiplas combinações possíveis para armazenar itens de diversos tamanhos na porta de sua geladeira.<br> Gavetão de legumes Fresh Zone: Suas frutas e verduras organizadas e conservadas por mais tempo com o sistema Fresh Zone.<br> Tecnologia Evox: Protege sua geladeira da ferrugem e corrosão com uma camada de zinco e uma película impermeabilizante aplicadas sobre o aço. Tecnologia Evox com 3 anos de garantia contra ferrugem e corrosão na porta da sua geladeira.<br> <br> Especificações técnicas:<br> Consumo Aproximado de Energia (kWh): 51,4 kWh<br> Eficiência Energética: A+<br> Capacidade Total (L): 400<br> Dispenser de água: Não<br> Prateleiras removíveis: Sim<br> Capacidade: 400L<br> Compartimento extra frio: Sim<br> Porta latas: Sim<br> Gavetas: 2 gavetas<br> Porta ovos: Sim<br> Capacidade Geladeira (L): 311<br> Alarme de porta aberta: Sim<br> Capacidade Freezer (L): 89<br> Tipo de Degelo: Frost Free<br> Pés niveladores: Sim<br> Display: Touch Screen<br> Controle de temperatura: Sim<br> Trava de segurança: Sim<br> No de Portas: 2<br> Painel Eletrônico: Externo<br> Formato: Duplex<br> Modelo: BRM54JK<br> Quantidade de níveis de temperatura: 5<br> Localização do Freezer: Em cima<br> <br> Dimensões:<br> Altura: 185cm<br> Largura: 62cm<br> Profundidade: 75,5cm<br> Peso: 66kg<br> <br> Garantia do fornecedor 12 meses.","{""capacidade_liquida_total"":""400 L"",""cor"":""Inox"",""marca"":""Brastemp"",""material"":""Evox"",""quantidade_de_portas"":""2 Portas"",""tipo_de_degelo"":""Frost Free"",""voltagem"":""220 V""}",400 L,Inox,Brastemp,Evox,Frost Free,220 V,2 Portas,,400L,Não informado,Brastemp,Não informado,Frost Free,Não informado,2,400L,Inox,Brastemp,,Frost Free,220V,2 Portas,400L
ebomdecomprar||31237,Geladeira Consul CRE44BK Duplex Frost Free 397L,"A Geladeira Consul Frost Free 397 litros com freezer embaixo deixa os alimentos do dia-a-dia na altura ideal para você encontrar tudo num piscar de olhos. Ela também tem um painel externo para controlar a temperatura do refrigerador e do freezer de maneira independente. Além disso, a função Turbo Freezer te ajuda a congelar ainda mais rápido os alimentos no freezer. Ahhh! Bem pensado. <br> <br> <br> Características: <br> Capacidade Total 397L <br> Capacidade Geladeira 285L <br> Capacidade Freezer 112L <br> 2 Portas <br> Degelo Frost Free <br> Controle de temperatura com 5 níveis <br> Mostrador frontal de temperatura <br> 1 gaveta <br> Prateleiras de vidro com moldura em plástico <br> Prateleiras removíveis <br> Porta ovos <br> Pés niveladores <br> Registro Inmetro: 005218/2016<br> <br> <br> Dimensões:<br> Altura: 184,7 cm <br> Largura: 62,1 cm <br> Profundidade: 71,3 cm <br> Peso: 72,00 kg.<br> <br> <br> Garantia do fornecedor de 12 meses.","{""capacidade_liquida_total"":""397 L"",""marca"":""Consul"",""material"":""Evox"",""quantidade_de_portas"":""2 Portas"",""tipo_de_degelo"":""Frost Free"",""voltagem"":""220 V""}",397 L,,Consul,Evox,Frost Free,220 V,2 Portas,,397L,Não informado,Consul,Não informado,Frost Free,Não informado,2 Portas,397L,Evox,Consul,,Frost Free,220V,2 Portas,397L
mega-mamute||14244,Geladeira Frost Free Electrolux DF44 402 Litros Duplex Branca 110V,"A nova Geladeira Electrolux Frost Free DF44 é perfeita para quem busca um refrigerador que deixa a vida mais prática. Com a tecnologia frost free você nunca mais vai precisar se preocupar em descongelar o freezer. Tem um freezer amplo de 112 litros, o maior do segmento de top freezer combinados frost free até 400 litros, possuindo o tamanho ideal para guardar alimentos e embalagens de tamanhos e formatos variados. Possui ainda painel digital, prateleiras em vidro temperado e gavetão para frutas e legumes para melhor organização dos alimentos.<br><br>Modelo: DF44<br>PN: DF44<br>Cor: Branco<br>Marca: Electrolux<br><br>Características:<br>Quantidade de portas: 02<br>Capacidade total: 402 litros<br>Capacidade líquida do congelador: 112 litros<br>Capacidade líquida do refrigerador: 290 litros<br>Tipo de Refrigeração: Frost Free<br>Degelo Automático: Sim<br>Compartimento Extra Frio: Sim<br>Compartimento de congelamento rápido: Sim<br>Painel Digital: Sim<br>Prateleiras de vidro temperado: Sim<br>Prateleiras na Porta: Sim<br>Prateleiras Reguláveis e removíveis: Sim<br>Iluminação interna: Sim<br>Cesta porta ovos: Sim<br>Separador de garrafas:Sim<br>Recipiente para guardar gelo: Sim<br>Rodízios: Sim<br>Pés niveladores: Sim<br>Puxador ergonômico<br>Classificação Energética: A<br>Frequência: 60 Hz<br>Potência de consumo: 56,3 kW<br>Voltagem: 110V<br><br>Imagem meramente ilustrativa.<br>Todas as informações divulgadas são de responsabilidade exclusiva do fabricante/fornecedor.<br><br>Conteúdo da embalagem:<br>01 x Geladeira Frost Free DF44<br>01 x Manual de Instruções<br>Garantia: 12 meses com o fabricante<br>Fabricante: Electrolux<br>Dimensões do produto (A x L x P): 186,3 x 60 x 76 cm<br>Peso: 64 Kg<br>","{""capacidade_liquida_total"":""402 L"",""cor"":""Branco"",""marca"":""Electrolux"",""tipo_de_degelo"":""Frost Free"",""voltagem"":""127 V""}",402 L,Branco,Electrolux,,Frost Free,127 V,,,402 litros,Branca,Electrolux,Não informado,Frost Free,110V,2,402 litros,Branco,Electrolux,,Frost Free,110V,2 Portas,402L
magazineluiza||010056400,Geladeira/Refrigerador Mabe Frost Free Duplex,,"{""cor"":""Titanium"",""marca"":""Mabe"",""tipo_de_degelo"":""Frost Free""}",,Titanium,Mabe,,Frost Free,,,,Não informado,Não informado,Mabe,Não informado,Frost Free,Não informado,Duplex,Não informado,Titânio,Mabe,,Frost Free,220V,2 Portas,418L
lojastaqi||218939110,"Geladeira / Refrigerador Electrolux Frost Free Duplex TF55, 431 Litros, Branca ","<br> A Geladeira / Refrigerador Electrolux Frost Free TF55 , possui um amplo espaço interno com 431 litros para você armazenar seus alimentos que necessitam de congelamento ou refrigeração. <br><br><br> Suas prateleiras deslizantes e reversíveis, possibilita que você organize sua geladeira da forma que mais lhe agrada, além de possuir um compartimento para a produção de gelo com exclusivo sistema sem respingos. <br><br><br> E se você deixou para gelar as bebidas da festa na última hora, com a Geladeira TF55 você não irá mais passar trabalho, pois ela conta com turbo freezer e drink express, que é o congelamento rápido para comidas e bebidas. <br><br><br> Com está geladeira você também não irá precisar se assustar ao chegar na cozinha e ela estiver descongelando, seu sistema de alarme para porta aberta irá acionar e lhe avisará que a porta ficou aberta. <br><br><br> Características: <br><br> Marca: Electrolux <br><br> Modelo: TF55 <br><br> Ref: 02435FBA106 <br><br> Cor: Branco <br><br> Capacidades: <br><br> Capacidade total de armazenamento: 431 litros <br><br> Capacidade líquida total: 461 litros <br><br> Capacidade líquida do Refrigerador: 303 litros <br><br> Capacidade líquida do congelador: 128 litros <br><br> Especificações: <br><br> Portas: 2 (duas) <br><br> Fast Adapt: Prateleiras deslizantes que possibilitam várias configurações internas na geladeira e freezer <br><br> Icemax: Compartimento para a produção de gelo com exclusivo sistema sem respingos <br><br> Sistema Multi Flow: Distribui o ar frio para o resfriamento dos alimentos no compartilhamento freezer e refrigerador. <br><br> Turbo Freezer e Drink Express: Congelamento rápido para alimentos e bebidas <br><br> Prateleiras reversíveis e de vidro <br><br> Modo compras <br><br> Modo férias <br><br> Modo festa <br><br> Alarme de porta aberta <br><br> Alarme de falha no refrigerador <br><br> Cesta de ovos <br><br> Gavetas de legumes <br><br> Prateleira de Drink Express <br><br> Prateleira Fast Adapt <br><br> Itens Inclusos: <br><br> 01 Geladeira <br><br> Alimentação: <br><br> Consumo: 49,8 kWh mês <br><br> Frequência: 60 Hz <br><br> Classificação energética: Classe A <br><br> Dimensões: <br><br> Tamanho (AxLxP): 175,9 x 69,90 x 73,3 cm <br><br> Peso: 68,5 Kg <br><br> Garantia: 12 meses <br><br> *NÃO FATURAMOS PARA CNPJ<br>","{""capacidade_liquida_total"":""431 L"",""cor"":""Branco"",""marca"":""Electrolux"",""tipo_de_degelo"":""Frost Free"",""voltagem"":""127 V""}",431 L,Branco,Electrolux,,Frost Free,127 V,,,461 litros,Branco,Electrolux,Não informado,Frost Free,Não informado,2,431 Litros,Branco,Electrolux,,Frost Free,110V,2 Portas,431L
cookeletroraro||2003526,Geladeira LG Smart Side By Side 601 Litros Aço Escovado 220V GC-L247SLU1,"<strong>Geladeira LG Smart Side By Side 601 Litros Aço Escovado 220V GC-L247SLU1 </strong><br><br><strong>IceWater &amp; System</strong> A máquina de gelo automática da <strong>LG</strong> oferece gelo em cubos ou triturado. Além disso o dispenser fornece água pura e gelada (filtragem de micropartículas e ação química) para o consumo diário de toda a família. Água pura e gelada sempre à disposição! <strong>Moist Balance CrisperTM</strong> Mantenha seus alimentos frescos por mais tempo na gaveta com controle de umidade, que por meio de suas cavidades mantêm a umidade no nível ótimo. <strong>Fresh 0 Zone</strong> Descongelamento ideal. A gaveta Fresh 0 Zone mantém a temperatura em torno de 0 oC e é ideal para descongelar alimentos da maneira correta. <strong>Compressor Linear Inverter</strong> 10 anos de garantia. A tecnologia do compressor Linear Inverter garante uma operação muito mais silenciosa e econômica que os compressores convencionais. Maior durabilidade e confiança com 10 anos* de garantia. <strong>Controle sua geladeira de qualquer lugar</strong> Utilizando o aplicativo <strong>LG</strong> ThinQ você pode ajustar a temperatura da sua geladeira e deixá-la pronta para armazenar toda sua compra. <strong>Multi Air Flow</strong> Refrigeração mais rápida e uniforme. O ar refrigerado é distribuído em todos os espaços da geladeira e do freezer através de múltipla saídas de ar.","{""capacidade_liquida_total"":""601 L"",""marca"":""LG"",""tipo_de_degelo"":""Frost Free"",""voltagem"":""220 V""}",601 L,,LG,,Frost Free,220 V,,,601 Litros,Aço Escovado,LG,Não informado,Frost Free,220V,Não informado,601 Litros,Inox,LG,,Frost Free,220V,,601L
ebomdecomprar||14562,Geladeira Electrolux DM90X Frost Free French Door 540L,"Guarde seus alimentos com facilidade e comodidade na Geladeira Electrolux DM90X Frost Free French Door 540 litros. Projetada para quem deseja um eletrodoméstico moderno e recheado de funcionalidades que vão deixar o seu dia a dia mais prático do que nunca.<br> Grande e espaçosa, conta com 540 litros, oferecendo espaço de sobra para guardar mantimentos dos mais variados tamanhos e formatos. Até mesmo as frutas, legumes e vegetais estão protegidas e possuem um lugar garantido com o Taste Lock.<br> O compartimento garante máxima refrigeração, além de proporcionar um tempo de durabilidade maior para esses alimentos. Para completar, o Painel Blue Touch permite que você defina o seu perfil de acordo com as suas necessidades!<br> <br> <br> Especificações Técnicas:<br> Dispenser de água (700 ml) e gelo<br> Drink express<br> Frost free<br> Espaço extra frio<br> Multidoor com portas assimétricas<br> Painel blue touch<br> Pés niveladores e rodízios traseiros<br> Porta em aço escovado<br> Alarme de porta aberta<br> Cesta porta ovos<br> 2 gavetas externas<br> Prateleiras reguláveis e removíveis em vidro temperado<br> Porta laticínios<br> Rodízios e pés niveladores<br> French door<br> Selo Procel: Não<br> Retractable shelves: Prateleiras retráteis e divisórias adaptáveis em todos os compartimentos<br> Tasteguard: Tecnologia que diminui drasticamente odores e preserva o sabor individual dos alimentos<br> Flexispace Control fully: Gaveta externa com temperatura variável que vai do freezer (-23°C) à geladeira (7°C), com ajustes automáticos para as funções freezer (-23°C), Bebidas geladas como cerveja (0°C), Alimentos e carnes frescas (3°C) e vinhos (7°C), a única do mercado com essa versatilidade<br> Tastelock: Compartimento interno com gaxetas de vedação e controle automático de umidade sealed crisper que mantém frutas e vegetais frescos por muito mais tempo<br> Capacidade líq. congelador: 177 litros<br> Capacidade liq. refrigerador: 363 litros<br> Classificação energética: A<br> Consumo: 56,3 Kw<br> Frequência: 60 Hz<br> <br> <br> Dimensões<br> Largura: 91,3 cm <br> Altura: 178,2 cm <br> Profundidade: 80,1 cm <br> Peso: 135 kg <br> <br> <br> Garantia do fornecedor: 12 meses.","{""capacidade_liquida_total"":""540 L"",""cor"":""Inox"",""marca"":""Electrolux"",""tipo_de_degelo"":""Frost Free"",""voltagem"":""127 V""}",540 L,Inox,Electrolux,,Frost Free,127 V,,,540L,Não informado,Electrolux,Não informado,Frost Free,Não informado,3,540 litros,Inox,Electrolux,,Frost Free,110V,2 Portas,540L
gazinshop||581,Geladeira Consul 239 Litros 1 Porta Classe A CRC28,"Esse Refrigerador 239 Litros da Consul pertence à Classe A em consumo e economia de energia. Se você tem pouco espaço na cozinha mas precisa de uma geladeira com espaço interno totalmente aproveitável , a Consul CRC28 é o que você procura.<br> <br> <br> Economia de Energia: Produto com Classificação energética A, o que garante seu baixo consumo de energia.<br> <br> <br> Melhor aproveitamento da porta: Com as prateleiras na porta você tem mais espaço para armazenar e organizar os alimentos.<br> <br> <br> Gavetão de legumes: Gavetão em plástico super resistente com tampa aproveitável para você organizar e conservar os alimentos.<br> <br> <br> Compartimento de resfriamento extra: Ideal para alimentos e bebidas que precisam ser armazenados em temperaturas mais baixas.<br> <br> <br> Prateleiras removíveis e reguláveis: Muito mais fáceis de limpar.<br> <br> <br> Caracteristicas:<br> Consumo aproximado de energia: 22,7 W<br> Classificação energética: A.<br> Capacidade do freezer: 20 l<br> Compartimento de resfriamento extra: Sim<br> Gavetão de legumes: Sim<br> Porta totalmente aproveitável: Sim<br> Prateleiras removíveis e reguláveis: Sim<br> Capacidade de armazenagem: 239 l<br> Gavetas: Legumes<br> Porta-ovos: Sim<br> Sistema de degelo: Manual<br> Capacidade da geladeira: 219 l<br> <br> <br> Dimensões:<br> Altura: 148,6 cm<br> Largura: 47,7 cm<br> Profundidade: 65 cm<br> Peso: 39 Kg<br> <br> <br> Garantia do fornecedor de 12 meses.<br> <br> Atenção:<br> Não nos responsabilizamos, no ato da entrega, por desmontagens, subir escadas e elevadores ou transporte por guincho para apartamentos. Eventuais despesas são de responsabilidade do cliente. Confira as dimensões deste produto e certifique-se de que passará normalmente por supostos elevadores, portas, escadas ou corredores de sua moradia.<br> Recomendamos que os produtos sejam instalados por profissionais especializados e não nos responsabilizamos pelo mau uso ou instalação indevida, causando a perda da garantia.<br> Todas as informações divulgadas são de responsabilidade do fabricante e fornecedor.<br> Valor unitário.<br> Imagem meramente ilustrativa.<br> Prazo de troca e devolução: 7 dias a partir do recebimento do produto - Lei número 8.078.<br> Sempre confira o produto no ato da entrega.","{""capacidade_liquida_total"":""239 L"",""cor"":""Branco"",""marca"":""Consul"",""quantidade_de_portas"":""1 Porta"",""tipo_de_degelo"":""Degelo Manual"",""voltagem"":""127 V""}",239 L,Branco,Consul,,Degelo Manual,127 V,1 Porta,,239 Litros,Não informado,Consul,Não informado,Manual,Não informado,1 Porta,239 lbr,Branco,Consul,,Manual,110V,1 Porta,239L
valdarmoveis||2871,Refrigerador Frost Free 371L  Duplex DFN41 Electrolux,"<p>Ideal para conseguir maior refrigeração de suas bebidas, a Geladeira Frost Free conta com a função Drink Express, que permite gelar com muita rapidez essas embalagens, como latas ou garrafas, mantendo temperatura ideal para satisfazer seu paladar.</p><p> O porta-ovos é muito mais prático e seguro para evitar quebras. Além disso, a grande capacidade de armazenamento dessa Geladeira Electrolux é algo realmente diferenciado, para um público mais exigentes, suas formas de gelo são suspensas, para otimizar o grande espaço interno, além de evitar contato com alimentos, sem sofrer qualquer interferência, portanto.</p><p> A Geladeira traz tecnologia moderna, com prateleiras retráteis que auxiliam a arrumação do interior do freezer, sem apertos, com turbo congelamento localizado no freezer agiliza o resfriamento e de alimentos, ampliando sua vida útil, sem perda de qualidade desses gêneros.</p><p> Função Drink Express - resfriar bebidas rapidamente.</p><p> Turbo congelamento - compartimento no freezer que resfria e congela os alimentos mais rapidamente.</p><p> Prateleira com porta-latas reversível - pode ser utilizada tanto como porta-latas como uma prateleira regular, possibilitando maior organização e flexibilidade.</p><p> Formas de gelo suspensas - ocupa menos espaço e mantém o gelo fora do contato com outros alimentos.</p><p> Espaço Extra Frio - espaço fechado no Geladeira, ideal para alimentos frescos.</p><p> Pés niveladores e rodízios traseiros - facilitam o nivelamento e a movimentação do produto.</p><p><br></p><p> Características:</p><p> Capacidade líquida do freezer: 91 litros</p><p> Capacidade total de armazenamento: 371 litros</p><p> Modelo: DFN41</p><p> Frequência: 60 Hz</p><p> Profundidade do produto embalado: 73 cm</p><p> Profundidade sem porta: 61,7 cm</p><p> Profundidade com porta e sem puxador: 68,8 cm</p><p> Profundidade com porta aberta: 123,3 cm</p><p> Capacidade bruta do refrigerador (L): 284</p><p> Capacidade líquida do refrigerador (L): 280</p><p> Classificação energética: A</p><p> Tipo de degelo: Frost Free</p><p><br></p><p> Dimensões do Produto:</p><p> Altura: 179 cm</p><p> Largura: 60 cm</p><p> Profundidade: 68,1 cm</p><p> Peso: 54,6 kg</p><p><br></p><p> Garantia do Fabricante:</p><p> 12 meses</p>","{""capacidade_liquida_total"":""371 L"",""cor"":""Branco"",""marca"":""Electrolux"",""tipo_de_degelo"":""Frost Free"",""voltagem"":""127 V""}",371 L,Branco,Electrolux,,Frost Free,127 V,,,371 litros,Não informado,Electrolux,Não informado,Frost Free,Não informado,Não informado,371 litros,Branco,Electrolux,,Frost Free,110V,2 Portas,371L
magazineluiza||010002101,Refrigerador Brastemp Zyrium 417 Litros,,"{""marca"":""Brastemp"",""voltagem"":""127 V""}",,,Brastemp,,,127 V,,,417 Litros,Não informado,Brastemp,Não informado,Não informado,Não informado,Não informado,Não informado,,Brastemp,,,110V,,417L
gazinshop||1209,Geladeira Refrigerador Consul 263 Litros 2 Portas Frost Free - CRM33EBB,"Armazene alimentos e bebidas de forma organizada com esse Refrigerador Consul de 263 Litros. AlÃ©m de possuir grande espaÃ§o essa geladeira mantÃ©m seus produtos saudÃ¡veis, porque conta com sistema de controle de temperatura que pode ser regulado para melhor atender as condiÃ§Ãμes de conservaÃ§Ã£o.<br><br>FÃ¡cil de limpar, pois possui sistema frost free, que evita o acÃomulo de gelo. AliÃ¡s, devido Ã constante circulaÃ§Ã£o de ar hÃ¡ a diminuiÃ§Ã£o do mau odor tambÃ©m, preservando o sabor dos congelados.<br>E mais! Exclusiva gaveta de legumes com controle de umidade, que impede a desidrataÃ§Ã£o das hortaliÃ§as e frutas.<br><br> <br><br>Tudo em seu lugar<br>A geladeira Consul CRM33 Ã© compacta por fora e grande por dentro, sÃ£o 263 litros de capacidade total, que permite vocÃa distribuir bebidas, condimentos, frutas, legumes, congelados de modo organizado, facilitando o acesso aos produtos.<br>AlÃ©m de espaÃ§osa, esta geladeira evita que suas garrafas balancem ou caiam com a abertura da porta. Porque ela conta com separador de garrafas localizado na prateleira da porta, que as mantÃ©m arrumadas e seguras.<br><br> <br><br>Controle de Temperatura<br>Permite que vocÃa regule de acordo com o clima ou se hÃ¡ abertura de porta vÃ¡rias vezes ao dia, tanto do freezer quanto do refrigerador.<br><br> <br><br>Porta Ovos<br>Cestos de ovos removÃ­veis com capacidade total para armazenar 12 ovos, que permite ser colocado tanto nas prateleiras da porta quanto nas do refrigerador.<br><br> <br><br>Super Freezer<br>Com 60 litros para acomodar muito mais congelados. E ao armazenar os produtos no freezer, faÃ§o isso em pequenas porÃ§Ãμes, assim obterÃ¡ um congelamento mais rÃ¡pido.<br><br> <br><br>Dicas de Uso<br>Para nÃ£o prejudicar o desempenho do produto e obter uma boa conservaÃ§Ã£o dos alimentos, nÃ£o os armazene prÃ3ximos Ã s saÃ­das de ar da geladeira. AlÃ©m de correr o risco de congelÃ¡-los.<br>Ã? importante tambÃ©m verificar e regular o nÃ­vel de temperatura do refrigerador Consul de acordo com o clima e a frequÃancia de uso, essas medidas irÃ£o preservar a umidade natural e vitaminas das bebidas e alimentos. Para que vocÃa possa consumi-los de maneira saudÃ¡vel.<br><br> <br><br>CaracterÃ­sticas:<br>Marca Consul<br>Tipo de Produto 2 Portas Frost Free<br>Capacidade lÃ­quida Refrigerador: 203 litros; Freezer: 60 litros<br>Capacidade Total de Armazenamento (em litros) 263<br>Consumo (Kw/h) 39.8 kWh/mÃas<br>Selo Procel Sim<br>Grades removÃ­veis Sim<br>Porta laticÃ­nios Sim<br>Dispenser de Ã¡gua externo/interno NÃ£o<br>Prateleiras na porta NÃ£o<br>Prateleiras de vidro temperado Sim<br>Recipiente para guardar gelo Sim<br>Prateleiras regulÃ¡veis Sim<br>Desodorizador NÃ£o<br>IluminaÃ§Ã£o interna Sim<br>Alarme de porta aberta NÃ£o<br>Compartimento extra frio NÃ£o<br>Compartimento congelamento rÃ¡pido NÃ£o<br>Gaveta Sim<br>Porta ovos Sim<br>Separador de garrafas NÃ£o<br>Degelo automÃ¡tico Sim<br>RodÃ­zios NÃ£o<br>PÃ©s niveladores NÃ£o<br>Porta latas Sim<br>Porta reversÃ­vel NÃ£o<br>Painel eletrÃ ́nico NÃ£o<br>Controle de temperatura Sim<br>Congelador Sim<br>Trava de seguranÃ§a NÃ£o<br>Timer NÃ£o<br>Mostrador frontal de temperatura NÃ£o<br>ConteÃodo da embalagem: 1 Refrigerador e Manual de InstruÃ§Ãμes<br><br> <br><br>DimensÃμes<br>Altura: 167.5 cm<br>Largura: 55.5 cm<br>Profundidade: 66 cm<br>Peso: 50 kg<br><br> <br><br>Garantia do Fornecedor de 12 Meses","{""capacidade_liquida_total"":""263 L"",""marca"":""Consul"",""quantidade_de_portas"":""2 Portas"",""tipo_de_degelo"":""Frost Free"",""voltagem"":""127 V""}",263 L,,Consul,,Frost Free,127 V,2 Portas,,263 Litros,Não informado,Consul,Não informado,Frost Free,Não informado,2 Portas,263 Litros,Branco,Consul,,Frost Free,,2 Portas,263L
tabaratotolevando||14715,Geladeira Samsung Frost Free 602L RS60T5200S9,"Geladeira Samsung RS60 Side by Side com All Around Cooling e SpaceMax. O refrigerador Side by Side Samsung RS60 é um produto de alta qualidade e desempenho, com capacidade de 602 litros. Com a tecnologia All Around Cooling, o ar frio é distribuído uniformemente em todas as prateleiras, mantendo os alimentos frescos e conservados por mais tempo.<br> <br> Além disso, o espaço interno do RS60 é maximizado com a tecnologia SpaceMax, que oferece uma maior capacidade de armazenamento sem comprometer o espaço da cozinha. O produto conta com um painel de controle digital, permitindo um fácil acesso às configurações de temperatura e outras funções.<br> <br> O refrigerador RS60 também possui um dispenser de água e gelo na porta, tornando mais fácil e conveniente para os usuários obterem água fresca e gelo sempre que necessário. Com a eficiência energética classe A, o RS60 é uma escolha responsável e econômica para sua casa. <br> <br> O refrigerador Samsung RS60 é a escolha perfeita para aqueles que procuram praticidade, funcionalidade e design elegante em um único produto. Guarde todos os seus alimentos de forma organizada. A exclusiva tecnologia SpaceMax permite que as paredes sejam mais finas, oferecendo mais espaço sem aumentar as dimensões externas ou comprometer a eficiência energética.<br> Esta esperando o que pra comprar a sua.<br> <br> Caracteristicas<br> MODELO: RS60<br> Capacidade Total (L): 602 <br> Freezer (L): 193 <br> Refrigerador (L): 409 <br> Tecnologia de Refrigeração: All-around Cooling<br> CoolSelect Zone: Não<br> Prateleiras no Freezer: 4 EA<br> Compartimento de Laticínios: Não<br> Compartimento para Latas: Não<br> Rack para Vinhos: Não<br> Prateleira na porta: 5 EA<br> Iluminação Interna: LED Superior<br> Controle de Umidade (Gaveta de Legumes e Frutas): Não<br> Compartimento multiuso flexível: Vidro Temperado<br> Gavetas no Refrigerador: 2 EA<br> Prateleiras no Freezer: 5 EA<br> Prateleira na porta: 3 EA<br> Fábrica de Gelo: Produção de Gelo Interna Automática<br> Iluminação Interna: LED Superior<br> Gavetas no Freezer: 1 EA<br> Número de Portas: 2<br> Alarme de Porta Aberta: Sim<br> Gás Refrigerante: R600a<br> Função Trava: Sim<br> Dispenser de Água e Gelo: Sim<br> Jarra com Enchimento Automático: Não<br> Tipo de display: Ref. Interna, Lateral (LED)<br> Tipo de puxador: Embutido<br> Performance: Selo PROCEL A+++<br> <br> Dimensões do produto:<br> Altura: 178 cm<br> Largura: 91,2 cm<br> Profundidade: 72,6 cm<br> <br> Peso: 108 kg<br> <br> Garantia: 12 meses","{""capacidade_liquida_total"":""602 L"",""cor"":""Inox"",""marca"":""Samsung"",""material"":""Inox"",""tipo_de_degelo"":""Frost Free"",""voltagem"":""127 V""}",602 L,Inox,Samsung,Inox,Frost Free,127 V,,,602L,Não informado,Samsung,Não informado,Frost Free,Não informado,2,602L,Inox,Samsung,,Frost Free,110V,2 Portas,602L
magazineluiza||010052801,Geladeira/Refrigerador Consul 1 Porta 241L,,"{""capacidade_liquida_total"":""241 L"",""marca"":""Consul"",""quantidade_de_portas"":""1 Porta"",""voltagem"":""127 V""}",241 L,,Consul,,,127 V,1 Porta,,241L,Não informado,Consul,Não informado,Não informado,Não informado,1 Porta,Não informado,Branco,Consul,,,,1 Porta,241L
solarmagazineoficial||327,Geladeira Esmaltec Cycle Defrost 276 Litros Preta - RCD34,"Na Solar dá pra levar Geladeira Esmaltec Cycle Defrost 276 Litros Preta - RCD34A geladeira Esmaltec RCD34 com capacidade total de 276 litros, possui o design perfeito para deixar sua cozinha mais charmosa e prática para conservar seus alimentos.Sendo fabricada com material de alta qualidade, o que proporciona maior resistência e durabilidade do eletrodoméstico, é bem distribuída com tamanho compacto para caber em sua cozinha.Ela conta puxadores ergonômicos, iluminação na lateral e gaveta em PS Cristal Fumê para conservar alimentos mais sensíveis e de textura mais delicada.Possui prateleiras aramadas, porta-latas interno e compartimentos para garrafas.","{""capacidade_liquida_total"":""276 L"",""marca"":""Esmaltec"",""tipo_de_degelo"":""Cycle Defrost"",""voltagem"":""220 V""}",276 L,,Esmaltec,,Cycle Defrost,220 V,,,276 Litros,Preta,Esmaltec,Não informado,Cycle Defrost,Não informado,Não informado,276 Litros,Preto,Esmaltec,,Cycle Defrost,220V,2 Portas,276L
cookeletroraro||2008199,Geladeira Electrolux Duplex IF45S 410 Litros Inox 110V 02414FBA130,"<p> Geladeira Electrolux Duplex IF45S 410 Litros Inox 110V 02414FBA130 </p> <p>A Geladeira Electrolux Duplex IF45S é a escolha perfeita para quem busca um produto de qualidade, com design moderno e capacidade ideal para famílias de até 4 pessoas.</p> <p>Com 410 litros de capacidade total, a Geladeira IF45S oferece espaço suficiente para armazenar todos os alimentos e bebidas da sua casa. O freezer com capacidade de 110 litros é ideal para guardar carnes, legumes e frutas congeladas.</p> <p>O design sofisticado em inox escovado combina com qualquer ambiente. O painel de controle frontal com iluminação LED facilita o controle das funções da geladeira.</p> <p>A Geladeira IF45S conta com diversas tecnologias que garantem o melhor desempenho e conservação dos alimentos. O sistema Frost Free dispensa o descongelamento manual, garantindo mais praticidade e economia de energia.</p> <p> Outras tecnologias que merecem destaque são: </p> Fresh Flow: Sistema de circulação de ar que mantém a temperatura uniforme em toda a geladeira. Turbo Freezer: Função que acelera o congelamento dos alimentos, preservando suas propriedades nutricionais. Drink Express: Gaveta com controle de temperatura para bebidas, ideal para manter a cerveja gelada na hora do churrasco. <p> Principais características: </p> Capacidade total: 410 litros Capacidade do freezer: 110 litros Sistema de refrigeração: Frost Free Painel de controle frontal com iluminação LED Sistema Fresh Flow Turbo Freezer Gaveta Drink Express Porta-latas removível Prateleiras reguláveis Pés niveladores Garantia de 1 ano <p> Medidas e peso: </p> Altura: 184,7 cm Largura: 60 cm Profundidade: 71,7 cm Peso: 57,75 kg","{""capacidade_liquida_total"":""410 L"",""cor"":""Inox"",""marca"":""Electrolux"",""material"":""Inox"",""tipo_de_degelo"":""Frost Free"",""voltagem"":""127 V""}",410 L,Inox,Electrolux,Inox,Frost Free,127 V,,,410 Litros,Inox,Electrolux,Não informado,Frost Free,110V,Duplex,Não informado,Inox,Electrolux,,Frost Free,110V,2 Portas,410L
zoo||97500,Geladeira Frost Free Electrolux DB84 Bottom Freezer 598L Branca 127V,"<strong>Geladeira Frost Free Electrolux DB84 Bottom Freezer 598L Branca 127V</strong><br> Se você procura por um refrigerador com design inovador e funcionalidades modernas e tecnologias para deixar o seu dia a dia mais prático e fácil, o Refrigerador Frost Free Bottom Freezer 598 litros (DB84) é a escolha perfeita.<br> <br> Organize melhor a sua cozinha com esse refrigerador Electrolux, que se encaixa em qualquer espaço, valorizando ainda mais outros eletrodomésticos do ambiente. E por falar em espaço, são 196 litros para você armazenar carnes e outros alimentos no interior do freezer!<br> <br> Possui tecnológico painel Blue Touch, que permite total controle sobre as funcionalidades do refrigerador. Já o gavetão de frutas e legumes é o que vai deixar os seus alimentos mais organizados e protegidos. Cozinha ainda mais bonita com o refrigerador DB84.<br> <br> <strong>Bottom Freezer</strong><br> Design ergonômico e inovador que oferece um uso mais prático e descomplicado do refrigerador em qualquer ocasião.<br> <br> <strong>Funções do painel Blue touch</strong><br> Navegue pelo painel moderno e intuitivo e personalize o seu refrigerador do jeito que achar melhor.<br> <br> <strong>Super freezer de 196 litros</strong><br> Alta capacidade para não se preocupar com espaço. Armazene tudo o que precisar, sem apertos.<br> <br> <strong>Gavetão de frutas e legumes com Hortinatura</strong><br> Auxilia na organização das suas frutas e legumes, deixando-as conservadas por até 60% mais tempo que gavetas comuns (resultado comprovado com alface crespa, alface lisa e rúcula).<br> <br> <strong>Turbo Freezer</strong><br> Resfria e congela seus alimentos, mantendo-os preservados por mais tempo.<br> <br> <strong>Drink Express</strong><br> Acione o painel e deixe suas garrafas e latas de bebidas geladas muito mais rápido.<br> <br> <strong>Porta ovos (12 unidades)</strong><br> Proporciona uma melhor organização dos ovos, evitando que eles se quebrem durante o transporte. <br> <br> <strong>Pés niveladores frontais e rodízios traseiros</strong><br> Facilita o nivelamento e movimentação do produto para qualquer lugar.<br> <br> <strong>Características:</strong><br> - Capacidade Do Freezer: 226L<br> - Capacidade Do Refrigerador: 411L<br> - Tecnologia: Frost Free<br> - Frequência: 60 Hz<br> <br> Dimensões:<br> Altura: 1950 mm<br> Largura: 835 mm<br> Profundidade: 750 mm<br> Peso: 109 Kg<br> <br> Conteúdo Da Embalagem:<br> - Refrigerador <br> - Manual de Instruções <br> <br> Garantia:<br> 12 meses","{""capacidade_liquida_total"":""598 L"",""cor"":""Branco"",""marca"":""Electrolux"",""quantidade_de_portas"":""2 Portas"",""tipo_de_degelo"":""Frost Free"",""voltagem"":""127 V""}",598 L,Branco,Electrolux,,Frost Free,127 V,2 Portas,,598L,Branca,Electrolux,Não informado,Frost Free,127V,Não informado,Não informado,Branco,Electrolux,,Frost Free,110V,2 Portas,595L
whirlpool||326125853,Geladeira Brastemp Frost Free French Door A+++ 554 litros cor Black Inox - BRO85AE,"A Geladeira Brastemp Frost Free French Door BRO85AE 554 litros possui tecnologia de refrigeração para preservar seus alimentos por mais tempo e um design surpreendente por fora e por dentro. Conta com compressor Inverter A+++, que economiza até 30% de energia*, sistema Smart Flow para distribuir o ar de maneira uniforme em toda a geladeira e com o filtro de ar Carbon AirFilter que neutraliza os odores internos. Abra as portas para um novo mundo de possibilidades e sofisticação. *Vs ao mínimo exigido para a classificação A pelo INMETRO.","{""capacidade_liquida_total"":""554 L"",""cor"":""Inox"",""marca"":""Brastemp"",""material"":""Inox"",""tipo_de_degelo"":""Frost Free"",""voltagem"":""Bivolt""}",554 L,Inox,Brastemp,Inox,Frost Free,Bivolt,,,554 litros,Black Inox,Brastemp,Não informado,Frost Free,Não informado,3 Portas,Não informado,Preto e Inox,Brastemp,,Frost Free,220V,3 Portas,554L
comprebel2||45922,Geladeira Consul Frost Free 300 litros Branca com Freezer Supercapacidade CRB36AB 127V,"A Geladeira/Refrigerador CRB36 ABANA da Consul é o que faltava na sua casa. Isso porque ela conta com uma porta e sistema de refrigeração Frost Free, ou seja praticidade garantida. Tem também controle de temperatura que pode ser regulado para melhor atender as condições de conservação dos alimentos, porta-latas para 6 unidades, porta-ovos e compartimento Extra Frio, que prolonga o tempo de conservação e resfria mais rapidamente alimentos de consumo diário e também as bebidas. Além disso, ela conta com 300 litros de capacidade líquida total, possui 9 níveis de altura para ajustar as prateleiras e ter o melhor aproveitamento do espaço interno. Deixe sua cozinha mais bonita e conserve bem os seus alimentos! Esse modelo vem na cor branca.","{""capacidade_liquida_total"":""300 L"",""cor"":""Branco"",""marca"":""Consul"",""quantidade_de_portas"":""1 Porta"",""tipo_de_degelo"":""Frost Free"",""voltagem"":""127 V""}",300 L,Branco,Consul,,Frost Free,127 V,1 Porta,,300 litros,Branca,Consul,Não informado,Frost Free,127V,1,Não informado,Branco,Consul,,Frost Free,110V,1 Porta,300L
electrolux||310119128,Geladeira Electrolux Frost Free Inverter 590L AutoSense 3 Portas Cor Inox Look (IM8S),"A Geladeira/Refrigerador French Door Electrolux Platinum IM8S Multidoor Efficient 590L Frost Free possui três portas para garantir mais espaço para armazenar e mais funções destinadas a manter o frescor dos alimentos por mais tempo. Com a tecnologia exclusiva AutoSense, a geladeira ajusta a temperatura automaticamente, garantindo uma melhor preservação dos alimentos por até 30% mais tempo. A Inteligência Artificial reconhece seus hábitos de consumo, identificando os momentos de maior uso e menor uso da geladeira, deixando-a mais fria ou estabilizando a temperatura. A gaveta HortiNatura preserva o frescor de frutas e vegetais por até 2x mais tempo, evitando o desperdício de alimentos. E como a Tecnologia Inverter mantém a temperatura mais estável, reduz o consumo de energia em até 37%, tornando-a uma das geladeiras brasileiras mais econômicas do segmento, além de garantir as condições ideais de preservação dos alimentos. Ainda conta com o TasteGuard, que elimina até 9x mais rápido os maus odores causados por bactérias, garantindo que sua geladeira permaneça sempre higiênica. Para facilitar a retirada de gelo, com o IceTwister é possível apenas girar a forma para que eles caiam no compartimento inferior, além da praticidade do sistema de abastecimento de água.","{""capacidade_liquida_total"":""590 L"",""cor"":""Inox Look"",""marca"":""Electrolux"",""material"":""Inox"",""quantidade_de_portas"":""3 Portas"",""tipo_de_degelo"":""Frost Free"",""voltagem"":""127 V""}",590 L,Inox Look,Electrolux,Inox,Frost Free,127 V,3 Portas,,590L,Inox,Electrolux,Não informado,Frost Free,Não informado,3,590L,Inox,Electrolux,VCM,Frost Free,110V,3 Portas,590L
comprebel2||34962,Geladeira Brastemp Frost Free Inverse 443 L Inox com Turbo Ice BRE57AK - 127V,"A Geladeira Brastemp Frost Free Inverse 443 litros cor Inox possui refrigerador em cima e freezer embaixo, deixando os alimentos mais utilizados sempre à mão. Com a função Turbo Ice, tenha gelo mais rápido sempre que precisar e saiba quando está pronto. O Twist Ice Advanced permite abastecer as formas de gelo e desenformá-lo facilmente, e com o Espaço Adapt você conta com prateleiras ajustáveis para armazenar itens de diversos tamanhos.<br><br>- Turbo Ice<br>Tenha gelo mais rápido sempre que precisar.<br><br>- Twist Ice Advanced<br>O exclusivo sistema Twist Ice Advanced permite abastecer as formas de gelo de um jeito inteligente, evitando molhar o chão da cozinha, além de desenformar o gelo facilmente e armazená-lo em um recipiente portátil e prático.<br><br>- Espaço Adapt<br>Prateleiras com múltiplas combinações possíveis para armazenar itens de diversos tamanhos na porta de sua geladeira.<br><br>- Latas e Long Necks<br>Compartimento especial para gelar rápido suas bebidas. Ele pode ser encaixado tanto no freezer como no refrigerador para gelar a cerveja ou o refrigerante, com um espaço perfeito para 3 garrafas long neck ou 6 latas.<br><br>- Cooling Control<br>A tecnologia Cooling Control mantém os alimentos bem conservados em qualquer lugar da geladeira. Isso porque conta com múltiplas saídas de ar que possibilitam uma temperatura homogênea em todo o seu interior.<br><br>- Tecnologia Evox<br>Protege sua geladeira da ferrugem e corrosão com uma camada de zinco e uma película impermeabilizante aplicadas sobre o aço. Tecnologia Evox com 3 anos de garantia contra ferrugem e corrosão na porta da sua geladeira.<br><br>INFORMAÇÕES TÉCNICAS<br><br>Marca: Brastemp<br>Modelo: BRE57AK<br>Voltagem: 127V<br>Capacidade total: 443 litros<br>Degelo: Frost Free<br>Posição do freezer: Embaixo<br>Cor: Inox<br><br>DIMENSÕES APROXIMADAS DO PRODUTO COM EMABALAGEM<br>Largura: 77cm<br>Altura: 189cm<br>Profundidade:79,4cm<br>Peso: 87kg<br><br>DIMENSÕES APROXIMADAS DO PRODUTO SEM EMBALAGEM<br>Largura: 72,5cm<br>Altura: 184cm<br>Profundidade:70,1cm<br>Peso: 85kg<br><br>GARANTIA<br>Prazo de garantia: 12 meses<br>","{""capacidade_liquida_total"":""443 L"",""cor"":""Inox"",""marca"":""Brastemp"",""tipo_de_degelo"":""Frost Free"",""voltagem"":""127 V""}",443 L,Inox,Brastemp,,Frost Free,127 V,,,443 L,Inox,Brastemp,Não informado,Frost Free,127V,Não informado,443 litros,Inox,Brastemp,VCM,Frost Free,110V,2 Portas,443L
magazineluiza||013099800,Geladeira/Refrigerador Electrolux Frost Free Inox,"Refrigerador Duas Portas Frost Free 382 litros da Electrolux. Moderno e prático, este refrigerador possui controle de temperatura externo Blue Touch digital externo, acessório 2 em 1 Porta-latas + cesta multiuso, porta-latas para 4 unidades e cesta multi-uso, que pode ser utilizada como porta-condimentos ou cesta de frutas, por exemplo. Tem ainda prateleira do freezer retrátil em 3 posições, demais prateleiras do refrigerador 100% removíveis, facilitando a limpeza e otimizando os espaços. O design é sofisticado e inovador, com puxador em metal ergonômico e gavetão de frutas e legumes com abertura diferenciada para melhor organização e visualização, além de abertura facilitada. As formas de gelo suspensas deixam tudo mais organizado, e o descongelamento é Frost Free, para você não ter trabalho algum.","{""capacidade_liquida_total"":""382L"",""cor"":""Inox"",""marca"":""Electrolux"",""tipo_de_degelo"":""Frost Free"",""voltagem"":""127 V""}",382L,Inox,Electrolux,,Frost Free,127 V,,,382 litros,Inox,Electrolux,Não informado,Frost Free,Não informado,Duas Portas,Não informado,Inox,Electrolux,Inox,Frost Free,110V,2 Portas,382L
carrefouroficial||5191831,Geladeira/Refrigerador Panasonic 2 Portas Frost Free Inverter 425 Litros NR-BB53PV3WB,"Até 33 de economia de energia<br> Prático e econômico, o BB53 reduz o consumo de energia em até 33 em relação ao mínimo necessário para a classificação A no Procel.<br> Tecnologia Inverter<br> Esta tecnologia controla o compressor, detectando as variações de temperatura de acordo com a quantidade de comida armazenada e o abre e fecha das portas, além de deixar o refrigerador supersilencioso.<br> Menos consumo de energia<br> Mais silencioso<br> Congelamento mais rápido que refrigeradores comuns.<br> Tecnologia Econvavi<br> Tecnologia exclusiva que garante até 10 de economia de energia, monitorando o uso do refrigerador no dia a dia e fazendo-o funcionar de acordo com a rotina da casa.<br> Tecnologia Vitamin Power<br> No gavetão hortifrúti, os nutrientes dos alimentos são preservados por mais tempo e a quantidade de vitaminas C e D potencializada.<br> Tudo isso graça à tecnologia Vitamin Power, uma luz de LED especial que age sobre as frutas e verduras, potencializando seus processos de fotossíntese. <br> <br> Características:<br> Refrigerador Interno: Sim<br> Controle de Temperatura do Freezer no Painel Externo: Sim<br> Ice Twister: Sim<br> Trava Painel: Sim<br> Porta Latas: Sim<br> Porta Ovos : Sim<br> Acessórios Porta Laticínios Porta Laticínios<br> Iluminação: LED<br> Quantidade de Portas: 2<br> <br> Dimensões:<br> Altura: 185,5 cm<br> Largura: 69,5 cm<br> Profundidade: 77,2 cm<br> Peso: 87 kg<br> <br> Garantia do fornecedor de 12 meses.","{""capacidade_liquida_total"":""425 L"",""cor"":""Branco"",""marca"":""Panasonic"",""quantidade_de_portas"":""2 Portas"",""tipo_de_degelo"":""Frost Free"",""voltagem"":""220 V""}",425 L,Branco,Panasonic,,Frost Free,220 V,2 Portas,,425 Litros,Não informado,Panasonic,Não informado,Frost Free,Não informado,2,Não informado,Branco,Panasonic,,Frost Free,220V,2 Portas,425L
utilidadesdomesticasudltda||1522,Geladeira IB7S Frost Free Inverter Electrolux,"A Geladeira Electrolux Efficient Inverse com AutoSense 490 L possui a tecnologia #NãoJogaNadaFora, que são todas as funções que preservam os alimentos por mais tempo, ajudando a evitar desperdícios.<br> <br> Usando Inteligência Artificial, a tecnologia AutoSense controla a temperatura automaticamente e prolonga a vida dos alimentos por até 30 mais tempo. Trata-se de uma tecnologia exclusiva Electrolux, que reconhece as suas rotinas, identificando os momentos de maior uso e de abertura de portas, ficando automaticamente mais fria. Ou reconhece os momentos de menor uso (durante a noite ou férias, por exemplo) e estabiliza a temperatura, além de reduzir possíveis ruídos.<br> <br> Já a Tecnologia Inverter mantém a temperatura mais estável da Geladeira Electrolux IB7S, tornando-a uma das geladeiras brasileiras mais econômicas do segmento, que economiza até 42 de energia e garante as condições ideias para preservar seus alimentos.<br> <br> Pensando na melhor forma de consumo, a Geladeira conta com o FoodControl, que ajuda a controlar a validade dos alimentos frescos para que sejam consumidos no prazo ideal, evitando que estraguem.<br> <br> Conta também com a Gaveta HortiNatura, que preserva o frescor de frutas e vegetais por até 2x4 mais tempo.<br> <br> Para facilitar ainda mais o dia a dia, com IceMax é simples produzir gelo com o compartimento com abertura exclusiva que permite a reposição da água sem respingos e sem misturar odores do freezer.<br> <br> Já o sistema FastAdapt da Geladeira permite criar inúmeras configurações internas para armazenar alimentos de diferentes tamanhos.<br> <br> A Geladeira IB7S ainda conta com TasteGuard, que elimina até 9x5 mais rápido os maus odores causados por bactérias, garantindo que sua geladeira permaneça sempre fresca e higiênica.<br> <br> Freezer: Com capacidade de 167 L, o freezer possui gavetas eficazes para organização e armazenamento. Contando ainda com o compartimento TurboFreezer, para congelamento rápido de alimentos e bebidas. Se precisar de mais espaço, você pode inverter a prateleira.<br> <br> Características do Produto: <br> Marca: Electrolux<br> Modelo: IB7S<br> Consumo: 42.9(kWh/Mês)<br> Quantidade de funções: 4<br> Material: Aço<br> Capacidade líquida total (L): 490<br> Água na porta: Sim<br> Alarme de porta aberta: Sim<br> Cesta porta ovos: Sim<br> Compartimento congelamento rápido: Sim<br> Compartimento extra frio: Sim<br> Degelo automático: Sim<br> Iluminação Interna: Sim<br> Pés niveladores: Sim<br> Porta latas: Sim<br> Porta reversível: Não<br> Prateleiras removíveis: Sim<br> Rodízios: Sim<br> Separador de garrafas: Não<br> Puxadores: Sim (Embutido)<br> Máquina de gelo automática: Não<br> Trava painel de controle: Sim<br> Controle de temperatura: Automático<br> Compartimento FlexiSpace: Não<br> Conectividade: Não<br> Filtro desodorizador: Sim, TastGuard<br> Instalação gratuita: Não<br> Capacidade líquida do freezer (L): 167<br> Classificação energética: A+++<br> Frequência: 60 Hz<br> Capacidade bruta do refrigerador (L): 333<br> Capacidade líquida do congelador (L): 167<br> Capacidade líquida do refrigerador (L): 323<br> Capacidade bruta do freezer (L): 194<br> Quantidade de portas: 2<br> Capacidade bruta congelador (L): 333<br> Gás refrigerante: R600A<br> Quantidade de prateleiras e gavetas do freezer: Gabinete: 1 Prateleira e 2 gavetas Porta: 2 Prateleiras<br> Quantidade de prateleiras e gavetas do refrigerador: Gabinete: 2 Prateleiras e 1 Gaveta Porta: 4 Prateleiras<br> Prateleiras retráteis: Não<br> Prateleiras reversíveis: Sim<br> Prateleiras expansíveis (fast adapt): Sim<br> Nível de ruído (dB): 43.4(dB)<br> Tipo de degelo: Frost Free<br> Dispenser de gelo na porta: Não<br> Função turbo freezer: Sim<br> Função turbo refrigerador: Não<br> Selo Procel: Não<br> Tipo de compressor: Inverter<br> Iluminação interna (freezer): Não<br> AutoSense: Sim<br> Tecnologia Inverter: Sim<br> <br> Conteúdo da Embalagem:<br> Refrigerador<br> Desodorizador<br> Porta Ovos<br> Forma de Gelo<br> Guia Rápido<br> Manual de Instruções<br> <br> Dimensões do Produto Montado: <br> Altura: 189,5 cm<br> Largura: 69,9 cm <br> Profundidade: 74,9 cm<br> Peso: 73 kg <br> <br> Garantia do Fabricante: 12 meses.","{""capacidade_liquida_total"":""490 L"",""cor"":""Inox"",""marca"":""Electrolux"",""material"":""Inox"",""tipo_de_degelo"":""Frost Free"",""voltagem"":""127 V""}",490 L,Inox,Electrolux,Inox,Frost Free,127 V,,,490,Não informado,Electrolux,Aço,Frost Free,Não informado,2,Não informado,Inox,Electrolux,Aço,Frost Free,110V,2 Portas,490L
magazineluiza||010088901,Geladeira/Refrigerador Brastemp Frost Free Side by,"A Geladeira BRS62 CBANA da Brastemp é Frost Free, Side by Side e conta com 560 litros de capacidade total que vai atender toda a família. Ela conta com diversos compartimentos, fica fácil armazenar de maneira inteligente tudo o que você precisa, tanto na geladeira como no freezer. Possui design moderno e “Couter Depth” (menor profundidade) para que o produto fique alinhado à bancada da cozinha. Suas prateleiras de vidro garantem mais resistência e facilidade na limpeza. Com o Ice Maker você tem uma fábrica de gelo na sua geladeira, ele produz 12 bandejas de gelo automaticamente e com o dispenser na porta fica fácil o acesso à água e gelo. E tem mais, seu painel Touch tem funções pré-programadas para ajsutar seu refrigerador de acordo com a sua necessidade.","{""capacidade_liquida_total"":""560 L"",""cor"":""Branco"",""marca"":""Brastemp"",""tipo_de_degelo"":""Frost Free"",""voltagem"":""220 V""}",560 L,Branco,Brastemp,,Frost Free,220 V,,,560 litros,Não informado,Brastemp,Não informado,Frost Free,Não informado,Não informado,Não informado,Branco,Brastemp,,Frost Free,220V,2 Portas,560L
compraokmatriz||1360,Geladeira Inverse Brastemp 419 Litros 3 Frost Free Inox Bry59bkana 110v,"A Geladeira Inverse Brastemp é o eletrodoméstico ideal para quem busca praticidade e estilo na cozinha. Com capacidade de 419 litros, ela oferece amplo espaço interno para acondicionar todos os alimentos de forma organizada e eficiente.<br><br>Design Inovador:<br>Com seu design moderno e acabamento em inox, essa geladeira Brastemp é perfeita para compor uma cozinha contemporânea e elegante. Além de sua beleza estética, ela conta com a tecnologia Frost Free, que evita a formação de gelo nas paredes internas, eliminando a necessidade de descongelamento manual e garantindo mais tempo para você aproveitar o que realmente importa.<br><br>Refrigeração Inteligente:<br>A Geladeira Inverse Brastemp possui o sistema de geladeira na parte de baixo e o freezer na parte superior, facilitando o acesso aos alimentos do dia a dia e proporcionando uma organização mais prática. Além disso, ela vem equipada com o compartimento Extra Fresh Zone, que conserva frutas, legumes e verduras por mais tempo, mantendo suas propriedades e sabor por muito mais tempo.<br><br>Economia e Eficiência:<br>Com classificação energética A, a Geladeira Inverse Brastemp consome menos energia, contribuindo para a preservação do meio ambiente e para a economia na sua conta de luz. Seu sistema de refrigeração é potente e eficiente, garantindo o resfriamento rápido dos alimentos e bebidas, mesmo em dias mais quentes.<br><br>Recursos Adicionais:<br>Painel Eletrônico: Com o painel de controle, você pode ajustar a temperatura de forma precisa e visualizar informações importantes sobre o funcionamento da geladeira.<br>Alarme de Porta Aberta: Caso você esqueça a porta aberta, a geladeira emitirá um alerta sonoro, evitando o desperdício de energia.<br><br>Iluminação LED: A iluminação interna em LED proporciona maior visibilidade e economia de energia.<br><br>Prateleiras Removíveis: As prateleiras são ajustáveis e removíveis, possibilitando acomodar itens maiores e facilitando a limpeza.<br><br>Voltagem: 110V<br><br>Conteúdo da Embalagem:<br>1 Geladeira Inverse Brastemp 419 Litros 3 Frost Free Inox 110V<br>Manual de Instruções<br><br>A Geladeira Inverse Brastemp 419 Litros 3 Frost Free Inox 110V é a escolha perfeita para famílias que buscam um eletrodoméstico de alta qualidade, tecnologia avançada e um design incrível para complementar a decoração da cozinha. Não perca mais tempo e garanta já a sua!<br><br>Observação: Verifique a disponibilidade de voltagem (110V) e outras especificações técnicas antes de efetuar a compra.<br>","{""capacidade_liquida_total"":""419 L"",""cor"":""Inox"",""marca"":""Brastemp"",""tipo_de_degelo"":""Frost Free"",""voltagem"":""127 V""}",419 L,Inox,Brastemp,,Frost Free,127 V,,,419 Litros,Inox,Brastemp,Não informado,Frost Free,110V,3,Não informado,Inox,Brastemp,,Frost Free,110V,2 Portas,419L
comprebel2||45929,Geladeira Brastemp Gourmand Frost Free Side Inverse 540 litros Inox com Ice Maker BRO81AR - 220V,"<p>A Geladeira Brastemp Gourmand Frost Free Side Inverse 540 litros possui duas portas lado a lado e freezer na parte inferior. Com maior aproveitamento interno e alta capacidade, conta com Ice Maker e Painel Eletrônico Touch.</p><p><br></p><p><strong>Características</strong></p><p>Tipo: French Door</p><p>Quantidade de Portas: 03 portas</p><p>Frost Free</p><p>Painel Eletrônico Touch</p><p>Alarme de Portas Abertas</p><p>Função Gelo Rápido</p><p>Degelo Automático</p><p>Porta Taças</p><p>Controle Automático de Temperatura</p><p><strong><strong>Especificações Técnicas</strong></strong></p><p><strong>Modelo: BRO81AR</strong></p><p><strong>Cor: Inox (Porta) e Cinza (Laterais)</strong></p><p><strong>Capacidade Total: 540 Litros</strong></p><p><strong>Capacidade de Armazenamento do Freezer: 167 Litros</strong></p><p><strong>Capacidade de Armazenamento do Refrigerador: 373 Litros</strong></p><p><strong>Selo Procel (Eficiência Energética): A</strong></p><p><strong>Consumo de Energia: 72,7 kwh/mês ~</strong></p><p><strong>Voltagem: 110V/220V (não é Bivolt)</strong></p><p><strong>EAN: 7891129491632 (110V) / 7891129491717 (220V)</strong></p><p><strong>Garantia: 12 meses</strong></p><p><strong><strong><strong>Dimensões e Peso</strong></strong></strong></p><p><strong><strong>Dimensões do produto sem embalagem (AxLxP): 1859x829x750 mm</strong></strong></p><p><strong><strong>Dimensões do produto com embalagem (AxLxP): 1908x870x813 mm</strong></strong></p><p><strong><strong>Peso do produto sem embalagem: 108 kg</strong></strong></p><p><strong><strong>Peso do produto com embalagem: 112 kg</strong></strong></p><p><strong><strong><br></strong></strong></p><p><strong><strong><strong>Itens Inclusos</strong></strong></strong></p><p><strong><strong>01 Refrigerador</strong></strong></p><p><strong><strong>Manual de Instruções</strong></strong></p>","{""capacidade_liquida_total"":""540 L"",""cor"":""Inox"",""marca"":""Brastemp"",""tipo_de_degelo"":""Frost Free""}",540 L,Inox,Brastemp,,Frost Free,,,,540 Litros,Inox Porta e Cinza Laterais,Brastemp,Não informado,Frost Free,220V,03 portas,Não informado,Inox e Cinza,Brastemp,,Frost Free,220V,3 Portas,540L
lojasminatel||1415993,Geladeira Consul Frost Free Duplex CRM56 450L Espaço Flex Inox com Painel Eletrônico Externo - 220v,"<p><span>Informações do produto<br><br>Geladeira/Refrigerador Consul Frost Free - Duplex 410L CRM50HK<br><br>Sua cozinha vai ficar muito mais bonita e organizada com a Geladeira CRM50HK da Consul. Disponível na cor inox, tem capacidade de 410 litros e porta Duplex, você tem espaço de sobra para armazenar e organizar os alimentos da forma que quiser, acessando o que precisa a qualquer momento, sem dificuldades. Isso porque ele possui prateleira flex, assim você organiza seu espaço conforme sua necessidade. E tem mais, com o filtro antiodor a água não vai mais ficar com gosto de geladeira, já o gelo extra você armazena 2x mais gelo no compartimento, assim você reserva o gelo pronto enquanto suas forminhas ficam disponíveis para preparar mais gelo. Isso tudo com classificação energética A, que garante um baixo consumo de energia.<br><br>-Produto sem caixa<br>Largura: 69,5cm<br>Altura: 186,3cm<br>Profundidade: 71,9cm<br>Peso: 76kg<br><br>-Produto com caixa<br>Largura: 74,6cm<br>Altura: 190,5cm<br>Profundidade: 74,8cm<br><br>Marca: Consul<br>Capacidade Total (L): 450<br>Tipo de Degelo: Frost Free<br>Compartimento extra frio: Sim<br>Porta ovos: Sim<br>Porta reversível: Não<br>No de Portas: 2<br>Dispenser de água: Não<br>Capacidade Geladeira (L): 353<br>Porta latas: Não<br>Capacidade Freezer (L): 97<br>Recipiente para guardar gelo: Sim<br>Trava de segurança: Não<br><br>Garantia do Fornecedor (mês): 12<br>Cor: Inox</span></p>","{""cor"":""Inox"",""marca"":""Consul"",""tipo_de_degelo"":""Frost Free"",""voltagem"":""220 V""}",,Inox,Consul,,Frost Free,220 V,,,450L,Inox,Consul,Não informado,Frost Free,220v,2,450,Inox,Consul,Inox,Frost Free,220V,2 Portas,450L
magazineluiza||013082500,Geladeira/Refrigerador Brastemp Frost Free Evox,"Refrigerador BRE59AK da Brastemp. Esse refrigerador Frost Free Inverse possui refrigerador em cima e freezer embaixo, mais o exclusivo compartimento Freeze Control Advanced – controle de temperatura independente que permite programar funções de acordo com sua necessidade. Conserve as carnes por até 10 dias sem congelar, resfrie o compartimento em até -4 °C, para deixar a cerveja no ponto ideal, ou utilize a função Frios e Laticínios para conservar melhor alimentos mais perecíveis. *respeitada a data de validade impressa na embalagem. Conta com prateleiras com múltiplas combinações possíveis para armazenar itens de diversos tamanhos na porta de sua geladeira. Compartimento especial para gelar rápido suas bebidas. Ele pode ser encaixado tanto no freezer como no refrigerador para gelar a cerveja ou o refrigerante, com um espaço perfeito para 3 garrafas long neck ou 6 latas. Leve agora esse refrigerador e tenha o melhor da Brastemp na sua casa.","{""capacidade_liquida_total"":""460 L"",""marca"":""Brastemp"",""material"":""Evox"",""tipo_de_degelo"":""Frost Free"",""voltagem"":""220 V""}",460 L,,Brastemp,Evox,Frost Free,220 V,,,Não informado,Não informado,Brastemp,Não informado,Frost Free,Não informado,Não informado,Não informado,Evox,Brastemp,,Frost Free,220V,2 Portas,460L
angeloni2||4128050,Geladeira Electrolux Bottom Freezer 2 Portas Frost Free 454L DB53X Cor Inox,<br> Geladeira Electrolux Frost Free 454L Inverse Inox DB53X <br> <br> <br>,"{""capacidade_liquida_total"":""454 L"",""cor"":""Inox"",""marca"":""Electrolux"",""quantidade_de_portas"":""2 Portas"",""tipo_de_degelo"":""Frost Free""}",454 L,Inox,Electrolux,,Frost Free,,2 Portas,,454L,Inox,Electrolux,Não informado,Frost Free,Não informado,2 Portas,Não informado,Inox,Electrolux,,Frost Free,220V,2 Portas,454L
alcamar2||GLP-80112.09.1,Refrigerador Expositor Gelopar 957 Litros Preto 127V GCVR-950 LB,"Refrigerador Expositor Gelopar 957 Litros Preto 127V GCVR-950 LB <br> O Refrigerador Expositor foi projetado para conservação e exposição de bebidas, frios e laticínios. É ideal para mercados, padarias, lanchonetes, conveniências e demais estabelecimentos. <br> <br> Com refrigeração por ar forçado com evaporador aletado, esse Refrigerador proporciona uma distribuição uniforme de temperatura. Conta com faixa de temperatura de 0 a +7C, para você ajustar a temperatura de acordo com a necessidade dos seus produtos, mantendo-os sempre na condição ideal para consumo.<br> <br> Possui também prateleiras aramadas em 4 níveis reguláveis e inclináveis, permitindo que você ajuste o espaço conforme a necessidade dos produtos.<br> <br> Compre agora o Refrigerador Expositor e tenha garanta de qualidade, estilo e eficiência!<br> Informações Técnicas <br> Modelo: GCVR-950<br> <br> Voltagem: 127V <br> <br> Consumo: 8,46kW/dia<br> <br> Capacidade Bruta: 957 litros<br> <br> Refrigeração: Ar forçado com evaporador aletado<br> <br> Temperatura: 0 a +7C<br> <br> Degelo: Manual<br> <br> Controle de Temperatura: Termostato<br> <br> Iluminação LED (interna), com interruptor<br> <br> Porta: Vidro duplo temperado baixo emissivo<br> <br> Fechamento automático<br> <br> Prateleiras aramadas<br> <br> 4 níveis reguláveis e inclináveis<br> <br> Pés niveladores<br> <br> Perfil porta etiquetas<br> <br> Peso: 94 kg<br> Medidas <br> Altura: 196 cm <br> <br> Largura: 129 cm <br> <br> Comprimento: 64 cm <br>","{""capacidade_liquida_total"":""957 L"",""cor"":""Preto"",""marca"":""Gelopar"",""voltagem"":""127 V""}",957 L,Preto,Gelopar,,,127 V,,,Não informado,Preto,Gelopar,Não informado,Manual,127V,Não informado,957 Litros,,,,,,,
magazineluiza||010034301,Geladeira/Refrigerador Electrolux Cycle Defrost,"Refrigerador Electrolux duplex com capacidade para 462 litros, possui sistema Air Flow System que melhora a circulação do ar frio. Conta com prateleiras resistentes anti-derramamento, prateleiras para garrafas até 2,5 litros e prateleiras do freezer que são resistentes e evitam que líquidos derramados escorram. O refrigerador Electrolux também possui porta-ovos, gavetão para frutas e legumes, compartimento para alimentos frescos, ideal para carnes massas, frios e laticínios. Acompanha 2 fôrmas de gelo e separador de garrafas. Os pés niveladores frontais e os rodízios traseiros facilitam a movimentação e nivelação do refrigerador.","{""capacidade_liquida_total"":""462 L"",""cor"":""Branco"",""marca"":""Electrolux"",""quantidade_de_portas"":""2 Portas"",""voltagem"":""220 V""}",462 L,Branco,Electrolux,,,220 V,2 Portas,,462 litros,Não informado,Electrolux,Não informado,Cycle Defrost,Não informado,Não informado,Não informado,Branco,Electrolux,,Cycle Defrost,220V,2 Portas,462L
utilidadesdomesticasudltda||395,Refrigerador Infinity  421 Litros DF82 Electrolux,"Moderno e espaçoso, o Refrigerador Electrolux Infinity DF82, vai deixar a sua cozinha muito mais elegante e organizada. Projetado para garantir o máximo de espaço interno, o refrigerador foi desenvolvido no modelo duplex com capacidade de 132 litros no freezer e 421L no refrigerador. Muito bem pensado, como todos os produtos da Electrolux, esta geladeira dispõe de gavetão transparente com controle de umidade, painel Blue Touch e Prateleira retrátil no freezer. Seu inovador sistema Multiflow, distribui o ar no interior do refrigerador garantindo a melhor preservação dos alimentos. E mais, suas funções Ice Twister e Ice Stock, facilitam a remoção e acelera a produção do gelo a qualquer hora de forma prática e simples.<br> <br> Características:<br> Marca: Electrolux<br> Modelo:DF82<br> Capacidade: 421 Litros<br> Capacidade do Freezer: 132 Litros<br> <br> Garantia do Fornecedor: 12 meses.","{""cor"":""Branco"",""marca"":""Electrolux"",""tipo_de_degelo"":""Frost Free"",""voltagem"":""127 V""}",,Branco,Electrolux,,Frost Free,127 V,,,421 Litros,Não informado,Electrolux,Não informado,Não informado,Não informado,Não informado,421 Litros,Branco,Electrolux,,Frost Free,110V,2 Portas,421L
continentalcenter||760100017023040202,Refrigerador Panasonic BT41 2 Portas Frost Free 387 Litros Branco 220V NR-BT41PD1WB,"Refrigerador Panasonic BT41 2 Portas Frost Free 387 Litros Branco 220V NR-BT41PD1WB<p>Pensando em deixar sua cozinha ainda mais completa e agregar ainda mais a sua decoração a Panasonic traz a geladeira BT41PD1. Com baixo consumo de energia, essa geladeira conta com classificação A+++ do INMETRO, uma economia de mais de 30% que você vê refletira diretamente na sua conta de luz.</p><p>Com o amplo espaço do Top Freezer, você poderá guardas os alimentos que você quiser da maneira mais organizada possível. Com prateleiras profundas para potes de sorvete de 2 litros, até 95kg de alimentos nesse compartimento. Já no refrigerador você tem disponíveis 387 Litros para organizar suas compras da maneira perfeita para sua família.</p><p>Conta com sistema Antibactéria AG2 que mantém a sua geladeira e alimentos livres de bactérias. Combinando o filtro de carbono e íons de prata, que age dentro do duto durante a circulação de ar, a geladeira Panasonic elimina 99,9% das bactérias. Seu painel é eletrônico que é capaz de controlar a temperatura do turbo freezer com design inovador minimalista.</p><p>Especificações Técnicas:</p><p>Marca: Panasonic<br>- Modelo: NR-BT41PD1WB<br>- Voltagem: 220V<br>- Tipo: Refrigerador Duplex<br>- Subcategoria: Top Freezer<br>- Cor: Branco<br>- Capacidade do Refrigerador: 292 Litros<br>- Capacidade do Freezer: 95 Litros<br>- Capacidade Total: 387 Litros<br>- Potência: 120W<br>- Classificação Energética: A+++<br>- Consumo: 39,4 kWh/mês<br>- Degelo: Frost Free<br>- Gavetão Hortifrúti: 1<br>- Painel de Controle: Eletrônico<br>- Iluminação: LED<br>- Quantidade de Portas: 2<br>- Quantidade de Prateleiras no Refrigerador: 3 Total: 2 (Vidro Temperado) + 1 (Plástico)<br>- Quantidade de Prateleiras na Porta do Refrigerador: 4<br>- Quantidade de Gavetas no Refrigerador: 1<br>- Quantidade de Prateleiras no Freezer: 1<br>- Quantidade de Prateleiras na Porta do Freezer: 2<br>- Potência de Degelo: 230W<br>- Sistema de Refrigeração: Serpentina com Fluido R600a<br>- Tipo de Pés: Estabilizador<br>- Material do Painel da Porta: Aço<br>- Porta-Ovos: Sim<br>- Turbo Freezer: Sim<br>- Antibacteria Ag: Sim<br>- Compartimento Extrafrio: Sim<br>- Controle de Temperatura do Refrigerador no Painel Externo: Sim<br>- Dimensões do Produto (LxAxP): 60 x 180 x 77 cm<br>- Dimensões da Embalagem (LxAxP): 64 x 186 x 79 cm<br>- Peso Líquido: 57kg<br>- Peso Bruto: 59kg<br>- Garantia: 12 meses</p>","{""capacidade_liquida_total"":""387 L"",""cor"":""Branco"",""marca"":""Panasonic"",""material"":""Aço"",""quantidade_de_portas"":""2 Portas"",""tipo_de_degelo"":""Frost Free""}",387 L,Branco,Panasonic,Aço,Frost Free,,2 Portas,,387 Litros,Branco,Panasonic,Não informado,Frost Free,220V,2,Não informado,Branco,Panasonic,Aço,Frost Free,220V,2 Portas,387L
tabaratotolevando||6996,Geladeira Refrigerador Brastemp 375 Litros 2 Portas Frost Free BRM44HB,"Geladeira / Refrigerador Brastemp 375 Litros 2 Portas Frost Free BRM44HB<br>Com design sofisticado, a Geladeira Brastemp Frost Free 2 Portas oferece um grande espaço para você armazenar alimentos. <br>O eletrodoméstico tem capacidade para até 375 litros e conta com painel eletrônico. <br>O modo de degelo é Frost Free - tecnologia avançada que faz com que a geladeira e o freezer nunca precisem ser descongelados, o que facilita na hora de realizar a limpeza. O modo faz com que a circulação de ar se distribua igualmente entre os compartimentos, impedindo a impregnação de odores indesejados.<br><br><br>Características:<br>Tipos de geladeira: Duplex <br>Capacidade Total de Armazenamento: 375 <br>Capacidade do Refrigerador (em litros): 288 <br>Capacidade do freezer (em litros): 86 <br>Material/Composição: Metal e plástico <br>Consumo (Kw/h): 54 <br>Termostato: Não <br>Tipo de Degelo: Frost Free <br>Selo Procel: Sim <br>Eficiência energética: A <br>Recursos/Compartimentos: Porta ovos <br>FunçõesFunção refrigerador <br>Painel: Digital <br>Controle de temperatura: Sim <br>Número de portas: 2 <br>Congelamento rápido: Sim <br>Dreno de degelo: Sim <br>Rodízios: Sim <br><br><br>Dimensões:<br>Altura: 176 cm<br>Largura: 62.1 cm<br>Profundidade: 75.5 cm<br>Peso: 58 kg<br><br><br>Garantia do fornecedor de 12 meses.","{""capacidade_liquida_total"":""375 L"",""cor"":""Branco"",""marca"":""Brastemp"",""quantidade_de_portas"":""2 Portas"",""tipo_de_degelo"":""Frost Free"",""voltagem"":""127 V""}",375 L,Branco,Brastemp,,Frost Free,127 V,2 Portas,,375,Não informado,Brastemp,Metal e plástico,Frost Free,Não informado,2,375,Branco,Brastemp,Metal e Plástico,Frost Free,110V,2 Portas,375L
homepoint||SF9593,Geladeira Frost Free Electrolux TF39S Inox 310 Litros,"PRINCIPAIS CARACTERÍSTICAS:<br>Tenha mais espaço, tecnologia e comodidade na sua cozinha com a Geladeira TF39 Frost Free 310 Litros Platinum. Foi feito para quem não abre mão de um eletrodoméstico moderno e recheado de funcionalidades. Supreenda-se com a prática tecnologia frost free, que poupa o trabalho de descongelar deixando que o refrigerador Electrolux faça o processo por si só, enquanto aproveita os comandos do Painel Externo para configurar o eletrodoméstico do seu jeito. Se você gosta de manter tudo organizado no seu devido lugar, tanto as prateleiras retráteis quanto o gavetão de frutas e legumes vão te ajudar na hora de armazenar seus alimentos e deixá-los ao alcance de suas mãos caso você seja surpreendido por uma visita inesperada. Conte sempre com o refrigerador frost free electrolux!<br><br>ESPECIFICAÇÕES DO PRODUTO:<br>• Voltagem: 110v<br>• ALARME DE PORTA ABERTA: Sim<br>• COMPARTIMENTO CONGELAMENTO RÁPIDO: Sim<br>• COMPARTIMENTO EXTRA FRIO: Sim<br>• DEGELO AUTOMÁTICO: Sim<br>• ILUMINAÇÃO INTERNA: Sim<br>• PÉS NIVELADORES: Sim<br>• PRATELEIRAS DE VIDRO TEMPERADO: Sim<br>• PRATELEIRAS NA PORTA: Sim<br>• PRATELEIRAS REGULÁVEIS: Sim<br>• PRATELEIRAS REMOVIVEIS: Sim<br>• RECIPIENTE PARA GUARDAR GELO: Sim<br>• RODÍZIOS: Sim<br>• ACABAMENTO LATERAL: Aço escovado<br>• MODELO: TF39S<br>• CLASSIFICAÇÃO ENERGÉTICA: A<br>• FREQUÊNCIA: 60 Hz<br>• ALTURA DO PRODUTO: 171,5 cm<br>• LARGURA DO PRODUTO: 60 cm<br>• PROFUNDIDADE COM PORTA ABERTA: 116,4 cm<br>• PROFUNDIDADE DO PRODUTO: 61 cm<br>• LARGURA PORTA ABERTA 90° SEM PUXADOR: 62 cm<br>• PESO DO PRODUTO: 52 kg<br>• PROFUNDIDADE DO GABINETE SEM PORTA: 54,6 cm<br>• PROFUNDIDADE COM PORTA E SEM PUXADOR: 61,8 cm<br>• ALTURA DO GABINETE SEM PORTA: 169 cm<br>• COR: Prata<br>• CAPACIDADE LÍQUIDA DO REFRIGERADOR (L): 247<br>• CAPACIDADE LÍQUIDA DO FREEZER (L): 63<br>• CAPACIDADE TOTAL DE ARMAZENAMENTO: 310<br>• CAPACIDADE BRUTA DO REFRIGERADOR (L): 252<br>• CAPACIDADE BRUTA DO FREEZER (L): 63<br>• CAPACIDADE TOTAL BRUTA (L): 315<br>• Garantia de 12 meses contra defeito de fabricação<br><br>IMAGENS MERAMENTE ILUSTRATIVAS","{""capacidade_liquida_total"":""310 L"",""cor"":""Inox"",""marca"":""Electrolux"",""tipo_de_degelo"":""Frost Free"",""voltagem"":""127 V""}",310 L,Inox,Electrolux,,Frost Free,127 V,,,310,Inox,Electrolux,Não informado,Frost Free,110v,Não informado,310 Litros,Prata,Electrolux,,Frost Free,110V,2 Portas,310L
moveislinhares||113945,Geladeira Consul 451 Litros CRM56FB Duplex Frost Free com Espaço Flex Branca,"Geladeira Consul 451 Litros CRM56FB Duplex Frost Free com Espaço Flex Branca <br> <br> A Geladeira Consul Frost Free Duplex 451 litros é espaçosa e flexível, permitindo organizar alimentos e potes de diversas formas. Com o Espaço Flex, é possível ajustar os compartimentos de mais de 10 maneiras, e a Prateleira Flex no freezer oferece três opções: inteira, meia prateleira ou nenhuma. <br> <br> Possui um gavetão transparente para legumes, agilizando a visualização, e uma gaveta separada para frutas, evitando que fiquem esquecidas no fundo. A função Gelo Extra mantém cubos prontos, com a opção de fazer mais nas forminhas, proporcionando o dobro de gelo. <br> <br> Para água fresca, a geladeira conta com um Filtro Antiodor que elimina o mau cheiro e sabor desagradável. <br> <br> Adquira a sua agora e tenha uma geladeira adaptável às suas necessidades :) <br> <br> *Características informadas pelo fabricante da marca* <br> <br> Informações Técnicas: <br> - Marca: Consul <br> - Modelo: CRM56FB <br> - Tamanho: 451 Litros (Refrigerador 353L / Freezer 98L) <br> - Voltagem: 127V ou 220V (NÃO É BIVOLT) <br> - Classificação energética: A+ <br> - Consumo mensal de energia: 56,9 kWh/mês <br> <br> Cor: <br> - Branco <br> <br> Características: <br> - 02 Portas <br> - Porta ovos <br> - Espaço Flex <br> - 01 Fruteira <br> - Função Turbo <br> - Filtro Antiodor <br> - Freezer Espaçoso <br> - Função Gelo Extra <br> - Iluminação em LED <br> - Compartimento extra frio <br> - Painel Eletrônico Externo <br> - Tipo de Degelo Frost Free <br> - Prateleira Flex Freezer 3 em 1 <br> - 01 Gavetão transparente para verduras e legumes <br> <br> Dimensões: <br> - Altura: 186,3cm <br> - Largura: 69,5cm <br> - Profundidade: 71,9cm <br> - Peso: 76kg <br> <br> Garantia do Fornecedor: 12 meses no produto e 10 anos de garantia no compressor (Se conter vidro ou espelho danificado/quebrado, o prazo para solicitar a troca é de até 7 dias corridos após a data da entrega) <br> <br> <br> ATENÇÃO CLIENTE: SE LIGA NAS DICAS ;) <br> <br> 1. A conferência da adequação das dimensões do produto é de exclusiva responsabilidade do cliente, que deverá se assegurar de que estão de acordo com os limites espaciais dos elevadores, portas e corredores do local da entrega. <br> <br> 2. Não será realizada a montagem ou desmontagem do produto, transporte pela escada e/ou portas e janelas, ou içamento das mercadorias. <br> <br> 3. Não é autorizado o transportador entrar no domicílio onde será entregue o produto. <br> <br> 4. Não é autorizado o transportador realizar instalação ou manutenção de produtos. <br> <br> 5. Não é autorizado o transportador abrir a embalagem do produto. <br> <br> 6. Não é autorizado o transportador entregar o Produto para pessoa com menos de 18 anos e/ou sem documento de identificação.","{""cor"":""Branco"",""marca"":""Consul"",""tipo_de_degelo"":""Frost Free"",""voltagem"":""127 V""}",,Branco,Consul,,Frost Free,127 V,,,451 Litros,Branca,Consul,Não informado,Frost Free,127V ou 220V,02 Portas,Não informado,Branco,Consul,,Frost Free,110V,2 Portas,451L
mega-mamute||14228,Geladeira Frost Free Electrolux TF39 310 Litros Duplex com Painel Digital Branca 110V,"A nova Geladeira Electrolux Frost Free TF39 tem design único e moderno que combina com sua cozinha. Ela resfria suas bebidas em minutos no freezer através do botão Drink Express localizado no painel digital. As formas de gelo são suspensas, ocupando menos espaço e mantendo o gelo fora de contato de outros alimentos. Possui prateleiras em vidro temperado, gavetão de frutas e legumes, pés niveladores e rodízios traseiros para fácil nivelamento e movimentação.<br><br>Modelo: TF39<br>PN: TF39 BR<br>Cor: Branco<br>Marca: Electrolux<br><br>Características:<br>Quantidade de portas: 02<br>Capacidade total: 310 litros<br>Capacidade líquida do congelador: 63 litros<br>Capacidade líquida do refrigerador: 247 litros<br>Tipo de Refrigeração: Frost Free<br>Tipo de degelo: Automático<br>Material das prateleiras: Vidro temperado<br>Prateleiras na Porta: Sim<br>Prateleiras Reguláveis e removíveis: Sim<br>Iluminação interna: Sim<br>Compartimento de congelamento rápido: Sim<br>Painel digital: Sim<br>Recipiente para guardar gelo: Sim<br>Rodízios: Sim<br>Pés niveladores: Sim<br>Puxador ergonômico<br>Selo Procel: Sim<br>Classificação Energética: A<br>Frequência: 60 Hz<br>Potência de consumo: 43,6 kWh<br>Voltagem: 110V<br><br>Imagem meramente ilustrativa.<br>Todas as informações divulgadas são de responsabilidade exclusiva do fabricante/fornecedor.<br><br>Conteúdo da embalagem:<br>01 x Geladeira Frost Free TF39<br>01 x Manual de Instruções<br>Garantia: 12 meses com o fabricante<br>Fabricante: Electrolux<br>Dimensões do produto (A x L x P): 172 x 60 x 61 cm<br>Peso: 52 Kg<br>","{""capacidade_liquida_total"":""310 L"",""cor"":""Branco"",""marca"":""Electrolux"",""tipo_de_degelo"":""Frost Free"",""voltagem"":""127 V""}",310 L,Branco,Electrolux,,Frost Free,127 V,,,310 litros,Branca,Electrolux,Não informado,Frost Free,110V,2,310 litros,Branco,Electrolux,,Frost Free,110V,2 Portas,310L
efacil||210511-75,"Geladeira/Refrigerador Esmaltec 306 Litros RCD38, Cycle Defrost, 2 Portas, Inox","Características do produto:<br>Tipo de Refrigerador: Cycle Defrost<br>Quantidade de portas: 2 Portas<br>Capacidade do Freezer: 69 Litros<br>Capacidade Total Líquida: 306 Litros<br>Frost Free: Não<br>Altura(em Cm): 173.5<br>Largura(em Cm): 62<br>Profundidade(em Cm): 66<br><br>Informações Adicionais:<br>Tipo de Gás: R134a<br>Alimentos congelados: Até -18<br>Prateleiras: Internas removíveis e reguláveis <br>Puxadores: Ergonômicos<br>Pés elevados com niveladores: sim<br>Gaxeta push in: Sim<br><br>Dimensão:<br>Produto sem Embalagem (LxAxC): 62 x 173.5 x 66 cm<br>Produto com Embalagem (LxAxC): 66.1 x 174.5 x 69.5 cm<br><br>Peso&gt;<br>Peso sem emblagem: 49.72 Kg<br>Peso com embalagem: 50.74 Kg<br><br>Garantia: 1 ano (ofertada pelo fabricante)<br>Confira as dimensões do produto e certifique -se de que estão adequadas aos elevadores, portas e corredores do local de entrega, pois não fazemos a montagem e desmontagem do produto ou de portas e janelas para entrega de produtos bem como içamento por fora de prédio ou transporte por escada quando oferecer risco para o produto e entregadores.<br>SAC - Fornecedor<br>Esmaltec<br>55 - 800 275 0707<br>","{""capacidade_liquida_total"":""306 L"",""cor"":""Inox"",""marca"":""Esmaltec"",""quantidade_de_portas"":""2 Portas"",""voltagem"":""Bivolt""}",306 L,Inox,Esmaltec,,,Bivolt,2 Portas,,306 Litros,Inox,Esmaltec,Não informado,Cycle Defrost,Não informado,2 Portas,306 Litros,Inox,Esmaltec,,Cycle Defrost,220V,2 Portas,306L
eletrofacil||BRO85AKANA,Geladeira Brastemp BRO85AK Frost Free French Door A+++ 554 litros Inox 110V BRO85AKANA,"<p><span><span><strong>Geladeira Brastemp BRO85AK Frost Free French Door A+++ 554 litros cor Inox 110V BRO85AKANA</strong></span></span><br><br><span><strong><br><br><strong>A Geladeira Brastemp Frost Free French Door BRO85 554 litros traz mais tecnologia e sofisticação para a sua cozinha. Com Tecnologia Inverter A+++, economiza até 30% de energia* e mantém a temperatura estável, o que ajuda na preservação dos alimentos. Acabamento que protege sua geladeira da ferrugem e corrosão e conta com 3 anos de garantia**. *A Tecnologia Inverter A+++, economiza até 30% de energia em relação a classificação energética A do INMETRO. **Contra Ferrugem e corrosão na porta da sua geladeira.</strong><br><br><span><strong>Carbon AirFilter</strong></span><strong><br><strong>Tecnologia que filtra o ar e neutraliza odores da sua geladeira.</strong></strong></strong></span></p><p><span><strong><strong><br><span><strong>Acabamento em cor Inox</strong></span><strong><br><strong>Protege sua geladeira da ferrugem e corrosão com uma camada de zinco e uma película impermeabilizante aplicadas sobre o aço. Material com 3 anos de garantia contra ferrugem e corrosão na porta da sua geladeira.</strong></strong></strong></strong></span></p><p><span><strong><strong><strong><br><span><strong>Iluminação em LED</strong></span><strong><br><strong>Facilita a visibilidade dos alimentos além de consumir menos energia*. (*1 LED = 1/3Watt comparado a lâmpadas incandescentes de 20 a 25 Watts).</strong></strong></strong></strong></strong></span></p><p><span><strong><strong><strong><strong><br><span><strong>Função Turbo Freezer</strong></span><strong><br><strong>Gele alimentos e bebidas mais rápido. Com capacidade para até 12 garrafas de 600ml ou 32 latas de 350ml.</strong></strong></strong></strong></strong></strong></span></p><p><span><strong><strong><strong><strong><strong><br><span><strong>Design Premium</strong></span><strong><br><strong>Acabamento Premium com visual sofisticado e minimalista. Puxadores com design elegante e funcional.</strong></strong></strong></strong></strong></strong></strong></span></p><p><span><strong><strong><strong><strong><strong><strong><br><span><strong>Taças Nevadas</strong></span><strong><br><strong>Compartimento especial para gelar as taças e manter as bebidas na temperatura ideal ao servir.</strong></strong></strong></strong></strong></strong></strong></strong></span></p><p><span><strong><strong><strong><strong><strong><strong><strong><br><span><strong>Infinity Shelves</strong></span><strong><br><strong>Prateleiras com acabamento Premium, design sofisticado e maior visibilidade dentro do refrigerador.</strong><br><br><span><strong>Especificações técnicas</strong></span><strong><br><strong>Altura 186,4cm x Profundidade 79,3cm x Largura 83,6cm</strong><br><strong>Peso: 100kg</strong><br><strong>Consumo Aproximado de Energia (kWh): 56.6</strong><br><strong>Capacidade Total (L): 554</strong><br><strong>Dispenser de água: Não</strong><br><strong>Prateleiras removíveis: Sim</strong><br><strong>Cor: Inox</strong></strong></strong></strong></strong></strong></strong></strong></strong></strong></span></p>","{""capacidade_liquida_total"":""554 L"",""cor"":""Inox"",""marca"":""Brastemp"",""material"":""Evox"",""tipo_de_degelo"":""Frost Free"",""voltagem"":""127 V""}",554 L,Inox,Brastemp,Evox,Frost Free,127 V,,,554 litros,Inox,Brastemp,Não informado,Frost Free,110V,3,554 litros,Inox,Brastemp,,Frost Free,110V,3 Portas,554L
friopecas||128973,Refrigerador Electrolux Frost Free 310 Litros Platinum TF39S - 127 Volts,"Refrigerador Electrolux Frost Free 310 Litros Platinum TF39S - 127 Volts <br> <br> <p> Tenha mais espaço, tecnologia e comodidade na sua cozinha com a Geladeira TF39 Frost Free 310 Litros Platinum. </p> <br> <br> <p>Feito para quem não abre mão de um eletrodoméstico moderno e recheado de funcionalidades. </p> <br> <br> <p> Supreenda-se com a prática tecnologia frost free, que poupa o trabalho de descongelar deixando que o refrigerador Electrolux faça o processo por si só, enquanto aproveita os comandos do Painel Externo para configurar o eletrodoméstico do seu jeito. </p> <br> <br> <p> Se você gosta de manter tudo organizado no seu devido lugar, tanto as prateleiras retráteis quanto o gavetão de frutas e legumes vão te ajudar na hora de armazenar seus alimentos e deixá-los ao alcance de suas mãos caso você seja surpreendido por uma visita inesperada.</p> <br> <br> <p> Conte sempre com o refrigerador frost free Electrolux! </p> <p> Design único com puxador ergonômico: </p> <p> Esteticamente bonito e fácil de limpar. Abra e feche a porta com facilidade e sem complicação. </p> <p> Painel externo: </p> <p> Selecione a função Drink Express ou Turbo Congelamento e tenha total controle sobre cada modo do refrigerador com apenas alguns toques no painel. </p> <p> Frost Free: </p> <p> Não precisa descongelar nunca. Mais praticidade no seu dia a dia na cozinha. </p> <p> Drink Express: </p> <p> Resfrie suas bebidas favoritas em poucos minutos, selecionando a opção no painel. </p> <p> Turbo congelamento: </p> <p> Permite resfriar e congelar os alimentos em poucos minutos.</p> <p> Prateleira retrátil no freezer: </p> <p> Garante mais flexibilidade na hora de organizar o espaço interno. </p> <p> Gavetão de frutas e legumes: </p> <p> Permite organizar e visualizar os alimentos que estão no seu interior de uma forma mais prática e rápida. </p> <p> Formas de gelo suspensas: </p> <p> Elas ocupam menos espaço e mantêm o gelo longe do contato de outros alimentos. </p> <p> Pés niveladores e rodízios traseiros: </p> <p> Mova o produto para onde quiser e mantenha-o sempre nivelado ao piso. </p> <br> <br> <p> CONSUMIDOR, ESTE PRODUTO POSSUI DISPOSITIVO QUE ACUMULA ÁGUA DE DEGELO! </p> <br> <br> <p>Imagens meramente ilustrativas</p>","{""capacidade_liquida_total"":""310 L"",""cor"":""Platinum"",""marca"":""Electrolux"",""tipo_de_degelo"":""Frost Free"",""voltagem"":""127 V""}",310 L,Platinum,Electrolux,,Frost Free,127 V,,,310 Litros,Platinum,Electrolux,Não informado,Frost Free,127 Volts,Não informado,310 Litros,Platinum,Electrolux,,Frost Free,110V,2 Portas,310L
electrolux||2004315,Geladeira/Refrigerador Continental Frost Free Duplex Prata 472 Litros (TC56S),"A <strong>Geladeira/Refrigerador Frost Free Duplex Prata 472 Litros TC56S - Continental</strong> possui prateleiras reversíveis no freezer e no refrigerador e é perfeita para você que deseja comodidade e espaço para guardar todos os seus alimentos. Com um super freezer, robusto e flexível, de 126 litros, permite armazenar e organizar os alimentos da forma ideal, de forma simples e rápida. Com puxador ergonômico e integrado, a <strong>Geladeira TC56S</strong> tem um design único e moderno que combinará com a sua cozinha, além de ser muito fácil de limpar. Possui um compartimento fechado no freezer, que possibilita o congelamento mais rápido dos alimentos. O refrigerador apresenta um espaço fechado, chamado de Espaço Extra Frio Reversível, ideal para alimentos frescos que necessitam maior refrigeração e cuidado. Para as frutas, legumes e vegetais é possível deixar tudo no clássico gavetão, assim fica mais fácil organizar e visualizar todos os alimentos. A <strong>Geladeira TC56S</strong> é ideal para manter os alimentos sempre frescos para proporcionar uma alimentação saudável para sua família.","{""capacidade_liquida_total"":""472 L"",""cor"":""Inox"",""marca"":""Continental"",""tipo_de_degelo"":""Frost Free"",""voltagem"":""Bivolt""}",472 L,Inox,Continental,,Frost Free,Bivolt,,,472 Litros,Prata,Continental,Não informado,Frost Free,Não informado,Duplex,Não informado,Prata,Continental,,Frost Free,110V,2 Portas,472L
magazineluiza||010004705,Refrigerador 302 Litros Brastemp,,"{""marca"":""Brastemp""}",,,Brastemp,,,,,,302 Litros,Não informado,Brastemp,Não informado,Não informado,Não informado,Não informado,Não informado,,Brastemp,,,,,302L
olistsp||OSPVCSGBOYMUS6FI,Refrigerador Electrolux Cycle Defrost Re31- 240L 220V Branco,"Geladeira refrigerador electrolux 240 litros 1 porta classe a - re31Esse lindo refrigerador, torna sua cozinha funcional e elegante. Prático e moderno possui selo procel, ou seja, é mais econômico, colabora com o meio ambiente e com o seu bolso, o freezer possui a função degelo que te auxilia muito na hora em que for fer a limpeza. Além disso, você desfruta de diversas funções inteligentes que otimizam seu tempo apertado e corrido. Mais praticidade e rapidez no dia-a-dia. Com um belo design integrado, o puxador é embutido com a porta do refrigerador, tornando-o mais moderno, discreto e funcional e liberando mais espaço na cozinha. Tecnologia, conforto e qualidade do começo ao fim confiraCaracterísticas:Design modernoPuxador ergonômicoControle externo da temperaturaPorta latas para 5 unidadesGaveta extra friaDegelo práticoCapacidade líquida 240 litrosCapacidade total de armenamento 214 litrosConsumo ( kw h ) 23,7kw hDesign único e moderno que combina com a sua cozinha. Novo controle externo da temperatura que facilita o ajuste da temperatura sem precisar abrir a porta. Prateleira porta-latas reversível para 5 unidades, gaveta extra fria. Além do degelo prático, basta apertar o botão para descongelar.Este modelo é cyclo defrostA electrolux possui 2 tipos de geladeira, cycle defrost e frost free.A diferença entre os 2 é simples, a frost free não acumula gelo, por isso, você não precisa descongelar nunca. Já a cycle defrost acumula um pouco, e precisa ser descongelada em torno de 2 vezes ao ano.Por isso, normalmente o freezer dele é maior, pois tem um compartimento de condensador de gelo.Em resumo, se você quer mais praticidade, a frost free é mais indicada. Mas, se quer economizar a cycle defrost é uma boa opção.Design único com puxador ergonômico e integradoDesign moderno que combina com a cozinha. Puxador embutido, bonito e fácil de limparNovo controle externo da temperaturaFacilita o ajuste da temperatura do refrigerador sem precisar abrir a porta. Bonito, resistente e fácil de usarPrateleira porta-latas reversível para 5 unidadesOrganização e flexibilidade para acomodar e melhorar o aproveitamento interno do refrigeradorGaveta extrafriaIdeal para resfriar bebidas e alimentos rapidamenteDegelo práticoBasta pressionar o botão para descongelar, sem precisar desligar o refrigerador. Após o degelo, ele volta a funcionar automaticamenteÁgua na porta: nãoAlarme de porta aberta: nãoCesta porta ovos: simCompartimento congelamento rápido: nãoCompartimento extra frio: nãoDegelo automático: simFábrica de gelo automática: nãoGelo na porta: nãoHome bar: nãoIluminação interna: simPainel eletrônico: nãoPés niveladores: simPorta latas: simPorta laticínios: nãoPorta reversível: nãoPrateleiras de vidro temperado: nãoPrateleiras na porta: simPrateleiras reguláveis: simPrateleiras removiveis: simRecipiente para guardar gelo: simRodízios: nãoSeparador de garrafas: simTimer: nãoPrateleiras no freezer: nãoTensão: 220vAltura do produto: 140,6 cmLargura do produto: 55 cmGarantia dos acessórios do produto: não se aplicaProfundidade do produto: 61,1 cmModelo: re31Classificação energética: aFrequência: 60 hzAltura do produto embalado: 144,2 cmLargura do produto embalado: 57,9 cmProfundidade do produto embalado: 65 cmCor: brancoPeso: 41kgPotência de consumo (w): 23,7 kwhCapacidade líquida do refrigerador (l): 214Capacidade líquida do freezer (l): 26Capacidade total de armenamento: 240Capacidade bruta do refrigerador (l): 214Capacidade bruta do freezer (l): 38Capacidade total bruta (l): menor que 300 l baixa","{""capacidade_liquida_total"":""240 L"",""cor"":""Branco"",""marca"":""Electrolux"",""quantidade_de_portas"":""1 Porta"",""tipo_de_degelo"":""Cycle Defrost"",""voltagem"":""220 V""}",240 L,Branco,Electrolux,,Cycle Defrost,220 V,1 Porta,,240L,Branco,Electrolux,Não informado,Cycle Defrost,220V,1,240 litros,Branco,Electrolux,,Cycle Defrost,220V,1 Porta,240L
frigelar2||KIT2914,Geladeira Consul 340 Litros Frost Free Duplex 220V,"<p>Descongelar a geladeira? Nunca mais! A Geladeira Consul 340 Litros Frost Free Duplex possui uma tecnologia avançada que faz com que nunca se forme gelo nas paredes do congelador. Além disso, conta com a Função Turbo, que permite resfriar seus alimentos muito mais rápido. Mais facilidade para quando o refrigerador está cheio e para ocasiões especiais. <br> <br>Com o exclusivo sistema de regulagem, as prateleiras podem ser ajustadas em até 8 níveis de altura para acomodar itens de diversos tamanhos. São 3 prateleiras na porta e 2 no refrigerador, 1 gaveta de legumes e 1 cold room. Iluminação interna em LED. <br> <br>Seu refrigerador tem capacidade de 268 litros, enquanto o freezer comporta 72 litros. A geladeira Consul CRM39AB tem painel de controle eletrônico e interno, com display LED. Oferece 5 níveis de ajuste de temperatura do refrigerador e 3 níveis de temperatura do freezer. Tem ainda separador de garrafas, compartimento extra frio e duas formas de gelo. <br> <br>Além de tudo, é eficiente no consumo de energia. Possui Selo Procel A de economia energética.</p>","{""capacidade_liquida_total"":""340 L"",""cor"":""Branco"",""marca"":""Consul"",""tipo_de_degelo"":""Frost Free"",""voltagem"":""220 V""}",340 L,Branco,Consul,,Frost Free,220 V,,,340 Litros,Não informado,Consul,Não informado,Frost Free,220V,Duplex,268 litros,Branco,Consul,,Frost Free,220V,2 Portas,340L
magazineluiza||223096800,Geladeira/Refrigerador Samsung Automático,"Conheça o refrigerador Samsung RF56K com degelo automático. Fabricado em aço vai dar estilo e praticidade para sua cozinha. Este modelo conta com a inversão da estrutura de uma geladeira convencional, sendo o seu freezer embaixo e o refrigerador em cima, ou seja, tipo de porta que chamamos de French Door , composta por 04 portas. Além do design moderno na cor preta, ele ainda conta com total de capacidade líquida de 564L. Ainda conta com prateleiras, espaços para frutas e legumes, controle de umidade e seu diferencial, a função especial Triple Cooling, que controla e otimiza a temperatura de forma independente, maximizando a umidade e prevenindo a mistura de odores nos 3 compartimentos. A placa Metal Cooling ajuda a manter o ar fresco durante mais tempo. Ela é uma ótima opção para quem busca algo amplo e prático.","{""capacidade_liquida_total"":""564 L"",""cor"":""Preto"",""marca"":""Samsung"",""voltagem"":""127 V""}",564 L,Preto,Samsung,,,127 V,,,564L,preta,Samsung,aço,automático,Não informado,4,Não informado,Preto,Samsung ,,Automático,110V,4 Portas,564L
friopecas||128293,Refrigerador Consul Frost Free 340L Evox CRM39AK  220 Volts,"<br> <br> Refrigerador Consul Frost Free 340L Evox CRM39AK – 220 Volts <p>A Geladeira Consul Frost Free Duplex 340 litros é a única com as prateleiras Altura Flex, que podem ser ajustadas em até 8 níveis de altura.</p> <p>Possui também a função Turbo, ideal para momentos em que sua geladeira está muito cheia, controle de temperatura e a tecnologia Frost Free, que não precisa descongelar nunca.</p> <p>Além disso possui a Tecnologia EVOX , que protege sua geladeira da ferrugem e corrosão e conta com 3 anos de garantia (Contra ferrugem e corrosão na porta da sua geladeira).</p> <p> Frost Free</p> <p>Sabe quando chega a hora de limpar a geladeira e você precisa esperar ela descongelar inteira? Então, com uma geladeira Frost Free nada disso acontece! Isso por que ela possui uma tecnologia avançada que faz com que nunca se forme gelo nas paredes do congelador. Ou seja: você não precisa descongelar nunca.</p> <p> Gavetão Hortifruti</p> <p>Deixa suas frutas, verduras e legumes organizados, mantendo-os fresquinhos.</p> <p> Freezer com alta capacidade</p> <p>Mais espaço e organização para os congelados.</p> <p> Altura Flex</p> <p>Com o exclusivo sistema de regulagem, as prateleiras podem ser ajustadas em até 8 níveis de altura para acomodar itens de diversos tamanhos sem precisar tirá-los da geladeira.</p> <p> Função Turbo</p> <p>Resfrie sua geladeira muito mais rápido. Mais facilidade para quando ela está cheia e para ocasiões especiais.</p>","{""capacidade_liquida_total"":""340 L"",""marca"":""Consul"",""material"":""Evox"",""tipo_de_degelo"":""Frost Free"",""voltagem"":""220 V""}",340 L,,Consul,Evox,Frost Free,220 V,,,340L,Não informado,Consul,Não informado,Frost Free,220 Volts,Não informado,340 litros,Inox,Consul,Evox,Frost Free,220V,2 Portas,340L
magazineluiza||235130400,Geladeira/Refrigerador Electrolux Frost Free,"O refrigerador Bottom Freezer Efficient DB44S inverse da Electrolux, tem degelo Frost Free, cor inox e capacidade líquida total de 400L. Ele tem AutoSense, que controla a temperatura automaticamente usando inteligência artificial e prolonga a vida dos alimentos em até 30%. Já o seu gavetão, é a gaveta hortifruti que preserva suas frutas e verduras por mais tempo, com o espaço especial do gavetão de frutas. Isso sem contar no FastAdapt, que são prateleiras  que permitem 20 configurações internas para armazenar alimentos de diferentes tamanhos. Já o TasteGuard, elimina até 9x mais rápido os maus odores causados por bactérias, garantindo que sua geladeira permaneça sempre fresca e higiênica. Deixe sua cozinha mais bonita e moderna com esse refrigerador da Electrolux.","{""capacidade_liquida_total"":""400L"",""cor"":""Inox"",""marca"":""Electrolux"",""tipo_de_degelo"":""Frost Free"",""voltagem"":""220 V""}",400L,Inox,Electrolux,,Frost Free,220 V,,,400L,inox,Electrolux,Não informado,Frost Free,Não informado,Não informado,Não informado,Inox,Electrolux,,Frost Free,220V,2 Portas,400L
madeiramadeira-openapi||311804,Geladeira Consul Frost Free Duplex 340L com Prateleiras Altura Flex 220V,"A Geladeira Consul Frost Free Duplex 340 litros é a única com as prateleiras Altura Flex, que podem ser ajustadas em até 8 níveis de altura para acomodar potes, jarras e alimentos de diversos tamanhos. Possui também a função Turbo, ideal para momentos em que sua geladeira está muito cheia. Tudo isso com controle de temperatura externo e a tecnologia Frost Free, que não precisa descongelar nunca. Ahhh! Bem pensado.","{""capacidade_liquida_total"":""340 L"",""marca"":""Consul"",""tipo_de_degelo"":""Frost Free"",""voltagem"":""220 V""}",340 L,,Consul,,Frost Free,220 V,,,340L,Não informado,Consul,Não informado,Frost Free,220V,Duplex,Não informado,Inox,Consul,,Frost Free,220V,2 Portas,340L
mega-mamute||14922,Geladeira Cycle Defrost Consul CRD37EB Duplex 334 Litros Branca 220V,"A nova geladeira Consul com capacidade para 334 litros é ideal para você que quer deixar a sua cozinha mais organizada. Com congelador e refrigerador separados, controle eletrônico de temperatura, gaveta multiuso e compartimentos removíveis, ela vai facilitar o seu dia a dia.<br><br>Modelo: CRD37EB<br>PN: CRD37EBBNA<br>Cor: Branco<br>Marca: Consul<br><br>Capacidade Total Líquida: 334 litros<br>Capacidade líquida do refrigerador: 258 litros<br>Capacidade líquida do freezer: 76 litros<br>Tipo de degelo: Cycle Defrost<br><br>Número de portas: 02<br>Painel de controle: Interno<br>Controle de temperatura: Sim<br>Porta Ovos: Sim<br>Pés ajustáveis: Sim<br><br>Super Freezer: Perfeito para você guardar seus alimentos congelados, sorvetes, gelo e o que mais desejar.<br>Gavetão Multiuso: Ideal para frutas, legumes e verduras, fica na parte de baixo da geladeira e é transparente.<br><br>Classificação energética: A<br>Voltagem: 220V<br><br>Conteúdo da embalagem:<br>01 x Geladeira<br>01 x Manual de instruções<br><br>Garantia: 12 meses com o fabricante<br>Fabricante: Consul<br>Dimensões do produto (A x L x P): 166,9 x 60,3 x 63,4 cm<br>Peso: 47 Kg<br>","{""capacidade_liquida_total"":""334 L"",""cor"":""Branco"",""marca"":""Consul"",""tipo_de_degelo"":""Cycle Defrost"",""voltagem"":""220 V""}",334 L,Branco,Consul,,Cycle Defrost,220 V,,,334 litros,Branca,Consul,Não informado,Cycle Defrost,220V,2,334 Litros,Branco,Consul,,Cycle Defrost,220V,2 Portas,334L
opescadordeofertas||15813564587,Refrigerador Philco Side By Side Touch Inox 520L PRF520DIP 220v,"Você precisa de um visual moderno e elegante que agregue muito mais requinte para a cozinha. <br> Você precisa da nova Side By Side Touch Philco PRF520DIP, ela é Freezer e Geladeira, capacidade total de 520 litros. <br> Mais praticidade em um único produto. <br> <br> O design proporciona o aproveitamento inteligente de espaço colocando freezer e refrigerador lado a lado, valorizando o ambiente e garantindo a alta capacidade de 520 litros. <br> O Dispenser de água na porta é muito mais prático e econômico, não precisa abrir a geladeira, tenha água fria facilmente. <br> No modo Ice Maker é possível obter até 1,5kg de gelo em cubos ou picado, conforme a opção selecionada.<br> <br> ATENÇÃO! As imagens utilizadas são meramente ilustrativas com seus direitos reservados. Itens de decoração ou de composição de imagem não acompanham o produto.<br> <br> CARACTERÍSTICAS:<br> - Capacidade de 520L (342L no refrigerador e 178L no freezer)<br> - Classificação ""A"" em eficiência energética<br> - Sistema de refrigeração Frost Free<br> - Painel touch com display LCD<br> - Controle de temperatura do freezer e refrigerador de forma independente<br> - Freezer com temperaturas de -16°C a -24°C<br> - Refrigerador com temperaturas de 2 a 8°C<br> - Funções férias, turbo freezer e turbo refrigerador<br> - Alarme de porta aberta<br> - Água e gelo na porta<br> - Filtro de água com vida útil de 1136L ou 6 meses<br> - Fabricador de gelo automático (em cubos ou picado)<br> - Porta em aço com tratamento anti-corrosão<br> - Puxador em alumínio<br> - Prateleiras em vidro temperado<br> - Iluminação interna LED<br> - Ruído de 43dBA<br> <br> DADOS TÉCNICOS:<br> - Voltagem: 220v<br> - Modelo: PRF520DIP<br> - Potência: 230 W<br> - Consumo: 61,3 kW/h<br> - Funções: Férias, turbo freezer e turbo refrigerador<br> - Classificação Energética: A<br> - Temperatura Freezer: 16°C a -22°C<br> - Temperatura Refrigerador: 2 a 8°C<br> - Prateleiras: Vidro temperado<br> - Água na Porta: Sim<br> - Capacidade: 520L<br> - Tipo: Side by Side - 2 Portas<br> - Tecnologia: Smart Cooling<br> - Medidas AxLxP: 176x89,5x77,5 cm<br> - Peso (Kg): 89,5<br> - Garantia: 12 meses<br> <br> CONTEÚDO DA EMBALAGEM:<br> - Refrigerador Philco Side By Side 520L PRF520DIP<br> - Bandeja porta-ovos<br> - Filtro de água<br> - Tubos para instalação<br> - Manual de instruções<br> <br> Aqui na Loja O Pescador de Ofertas, você pode concluir a sua compra facilmente, com toda a segurança e a sua entrega é garantida.<br> Aqui você está em 1o Lugar!","{""capacidade_liquida_total"":""520 L"",""cor"":""Inox"",""marca"":""Philco"",""quantidade_de_portas"":""2 Portas"",""tipo_de_degelo"":""Frost Free"",""voltagem"":""220 V""}",520 L,Inox,Philco,,Frost Free,220 V,2 Portas,,520L,Inox,Philco,Aço,Frost Free,220v,2 Portas,520L,Preto,Philco,,Frost Free,220V,2 Portas,520L
samsung||4387,Geladeira French Door RF59 com Fábrica de Gelo e Jarra Automática 575L Black Inox,"Geladeira Frost Free Samsung French Door 4 Portas com All Around CoolingTM RF59A7011B1 575L Black Inox Look Com um design minimalista e moderno, a RF59A possui em seu exterior portas planas, puxador embutido e nada mais. O acabamento built-in look a torna ainda mais conectada com os armários, eletrodomésticos e demais itens da sua cozinha, se encaixando perfeitamente no ambiente. Além do design elegante, os puxadores embutidos possuem acabamento antibacteriano, protegendo-os de microorganismos nocivos ao produto, graças à tecnologia Digital InverterTM, a geladeira tem durabilidade assegurada com 20 anos de garantia no compressor. Além disso, ela é mais silenciosa, trazendo uma dose extra de conforto pra você. A geladeira RF59A gera mais economia para você porque a tecnologia Digital InverterTM poupa até 50% de energia.","{""capacidade_liquida_total"":""575 L"",""cor"":""Preto"",""marca"":""Samsung"",""quantidade_de_portas"":""4 Portas"",""tipo_de_degelo"":""Frost Free"",""voltagem"":""220 V""}",575 L,Preto,Samsung,,Frost Free,220 V,4 Portas,,575L,Black Inox,Samsung,Não informado,Frost Free,Não informado,4 Portas,575L,Preto,Samsung ,,Frost Free,220V,4 Portas,575L
lojasbenoit||107543,Refrigerador / Geladeira LG GC-B569NLL 451L Smart Frost Free Inverter Inverse,"A Geladeira Frost Free Smart Inverse Inox Look GC-B569NLLM da LG é um eletro com design premium, que complementa o seu estilo e entrega mais sofisticação para a sua cozinha. Sua capacidade líquida total é de 451L, com sistema Door Cooling+, que gera um resfriamento rápido e mantém a temperatura estável. Enquanto isso, o Multi Air Flow dispõe de diversas saídas de ar, que mantém a temperatura interna uniforme, garantindo economia de energia com classificação energética A+++. A gaveta para frutas e vegetais oferece maior conservação para os itens de hortifruti e a gaveta freezing zone possibilita congelamento rápido dos seus alimentos. Prateleiras com controle de altura para melhor organização interna. A novidade é o Smart Diagnosis, que permite que você identifique problemas de funcionamento através do APP LG ThinQ em seu smartphone. Produto na cor prata.","{""capacidade_liquida_total"":""451 L"",""marca"":""LG"",""quantidade_de_portas"":""2 Portas"",""tipo_de_degelo"":""Frost Free"",""voltagem"":""127 V""}",451 L,,LG,,Frost Free,127 V,2 Portas,,451L,prata,LG,Não informado,Frost Free,Não informado,Não informado,451L,Prata,LG,,Frost Free,110V,2 Portas,451L
magazineluiza||234674700,Geladeira/Refrigerador Midea Frost Free Duplex 463L MD-RT645MTA4,"Sua cozinha vai ficar muito mais bonita e organizada com a Geladeira / Refrigerador Frost Free MD-RT645MTA462 da Midea. Disponível na cor inox, ela tem capacidade de 463 litros e porta duplex, oferecendo espaço de sobra para armazenar e organizar os alimentos da forma que você quiser, acessando o que precisa sem dificuldades. Isso porque ela possui 4 prateleiras, gaveta para frutas e legumes com controle de umidade, bandeja de ovos e compartimento extra frio, ideal para frios e bebidas. Um dos grandes destaques deste modelo é seu desodorizador Active-C Fresh com camadas de carbono que mantém os alimentos frescos por mais tempo e a iluminação em LED super moderna. O painel touch frontal traz mais facilidade para controlar todas as funções da sua geladeira. Tudo isso funcionando de forma super eficiente para garantir uma maior economia de energia.","{""cor"":""Inox"",""marca"":""Midea"",""material"":""Inox"",""quantidade_de_portas"":""2 Portas"",""tipo_de_degelo"":""Frost Free"",""voltagem"":""220 V""}",,Inox,Midea,Inox,Frost Free,220 V,2 Portas,,463L,inox,Midea,Não informado,Frost Free,Não informado,2,463 litros,Inox,Midea,,Frost Free,220V,2 Portas,463L
magazineluiza||013091500,Geladeira/Refrigerador Samsung Frost Free Inverter,"Para quem esta buscando uma geladeira, a Samsung conta com vários modelos, como o RT38K5A0KS9/FZ. A tecnologia Digital Inverter ajusta automaticamente a velocidade do compressor, de acordo com a necessidade. Assim, consome até 50% menos energia e minimiza ruídos, diferente das geladeiras convencionais. É muito mais economia e durabilidade, além dos 10 anos de garantia no compressor. A Geladeira/Refrigerador conta com All-around Cooling, para preservar os alimentos na condição ideal, o sistema refrigera igualmente todos os compartimentos através de várias saídas de ar. Assim, a temperatura se mantém uniforme e constante, colaborando para a conservação dos alimentos. Ela é Frost Free, duplex e possui capacidade de 385L. A Samsung pensou na sua conveniência e apresenta a primeira geladeira com tecnologia POWERvolt para ser ligada na voltagem 127v ou 220v. Além disso, ela é mais resistente a picos de energia porque suporta uma variação de tensão de 90v a 340v funcionando normalmente.","{""capacidade_liquida_total"":""385 L"",""cor"":""Inox"",""marca"":""Samsung"",""material"":""Inox"",""tipo_de_degelo"":""Frost Free"",""voltagem"":""Bivolt""}",385 L,Inox,Samsung,Inox,Frost Free,Bivolt,,,385L,Não informado,Samsung,Não informado,Frost Free,127v ou 220v,2,385L,Inox,Samsung ,Aço,Frost Free,Bivolt,2 Portas,385L
lojasmm||6992,Geladeira Refrigerador Electrolux Frost Free Duplex 310L TF39,"Geladeira Refrigerador Electrolux Frost Free Duplex 310L TF39<br>Design único com puxador ergonômico: Mais moderno, combina com a sua cozinha, além de ser fácil de limpar.<br>Design único com puxador ergonômico bonito e fácil de limpar.<br>O painel externo tecnologia que facilita o controle do refrigerador e oferece funções como drink express e turbo congelamento.<br>Frost Free não precisa descongelar nunca agilidade no seu dia a dia.<br>Possui prateleira retrátil no freezer, gavetão de frutas e legumes, Formas de gelo suspensas.<br>Características Drink Express Bebidas resfriadas em minutos no freezer, acionado pelo painel.<br>Turbo congelamento: Resfria e congela os alimentos mais rápido ao seu comando.<br>Prateleira retrátil no freezer: Flexibilidade e otimização do espaço interno.<br>Gavetão de frutas e legumes: Fácil de organizar e visualizar os alimentos Formas de gelo suspensas: <br>Ocupam menos espaço e mantêm o gelo fora do contato de outros alimentos.<br>Pés niveladores e rodízios traseiros: Fácil nivelamento e movimentação do produto.<br><br><br>Características:<br>Modelo: tf39<br>Frost free 310 litros <br>Drink express <br>Turbo congelamento <br>Prateleira retrátil no freezer <br>Gavetão de frutas e legumes <br>Formas de gelo suspensas <br>Frequência (hz)60<br>Capacidade líquida refrigerador: 247l<br>Capacidade líquida congelador: 63l<br>Capacidade total líquida: 310l<br>Capacidade bruta refrigerador: 252l<br>Capacidade bruta congelador: 63l<br>Capacidade total bruta: 315l<br><br><br>Conteúdo da embalagem:<br>1 Refrigerador Electrolux Frost Free<br><br><br>Dimensões:<br>Altura: 172 cm<br>Largura: 60 cm<br>Profundidade: 61 cm<br>Peso: 55 kg<br><br><br>Garantia do fornecedor de 12 meses","{""capacidade_liquida_total"":""310 L"",""cor"":""Branco"",""marca"":""Electrolux"",""quantidade_de_portas"":""2 Portas"",""tipo_de_degelo"":""Frost Free"",""voltagem"":""220 V""}",310 L,Branco,Electrolux,,Frost Free,220 V,2 Portas,,310L,Não informado,Electrolux,Não informado,Frost Free,Não informado,Duplex,310L,Branco,Electrolux,,Frost Free,220V,2 Portas,310L
cookeletroraro||995818491,Geladeira Samsung Bespoke Family Hub FlexZone 477L 220V RF23BB89006MBZ,"Geladeira Bespoke Family Hub 4 Portas com FlexZoneTM 477L RF23BB89006MBZ <p> Transforme sua cozinha com a Geladeira Bespoke Family Hub 4 Portas com FlexZoneTM 477L RF23BB89006MBZ. Um eletrodoméstico inteligente e elegante que vai te ajudar a organizar, armazenar e até mesmo cozinhar seus alimentos. </p> <p> Características: </p> Tela Family Hub de 21,5 polegadas: Conecte-se com sua família, acesse receitas, faça compras online, controle sua casa inteligente e muito mais. FlexZoneTM: Compartimento com temperatura ajustável que se transforma em refrigerador ou freezer, ideal para diferentes tipos de alimentos. Capacidade de 477L: Espaço para armazenar todos os seus alimentos com organização. Design Bespoke: Personalize sua geladeira com painéis intercambiáveis em diversas cores e materiais. Tecnologia SpaceMaxTM: Paredes mais finas para mais espaço interno sem aumentar as dimensões externas. Eficiência energética A+: Economize energia e dinheiro. Prateleiras ajustáveis e removíveis: Personalize o espaço interno de acordo com suas necessidades. Gavetas para frutas e legumes com controle de umidade: Conservação dos alimentos por mais tempo. Porta-ovos e porta-laticínios: Organização e praticidade no dia a dia. <p> Especificações: </p> Dimensões: 1853 x 912 x 716 mm (A x L x P) Peso: 107 kg Cor: Branco <p> Compre agora a Geladeira Bespoke Family Hub 4 Portas com FlexZoneTM 477L RF23BB89006MBZ e desfrute de uma experiência única e inovadora na sua cozinha! </p>","{""marca"":""Samsung"",""voltagem"":""220 V""}",,,Samsung,,,220 V,,,477L,Branco,Samsung,Não informado,Não informado,220V,4,477L,Branco,Samsung ,,Frost Free,220V,4 Portas,477L
angeloni2||4539092,Geladeira Continental Frost Free 472L TC56 Branco,Geladeira Continental Frost Free 472L TC56 Branco <br> <br> <br> <br> <br> <br> <br> <br>,"{""capacidade_liquida_total"":""472 L"",""cor"":""Branco"",""marca"":""Continental"",""tipo_de_degelo"":""Frost Free""}",472 L,Branco,Continental,,Frost Free,,,,472L,Branco,Continental,Não informado,Frost Free,Não informado,Não informado,Não informado,Branco,Continental,,Frost Free,220V,2 Portas,472L
continentalcenter||760100146713100201,Refrigerador Panasonic BB53 Inverter Bottom Freezer 425L 2 Portas Aço Escovado Frost Free 127V NR-BB53PV3XA,"<strong>Refrigerador Panasonic BB53 Inverter Bottom Freezer 425L 2 Portas Aço Escovado Frost Free 127V NR-BB53PV3XA</strong><p>A Panasonic está trazendo para você o refrigerador Panasonic BB53 Inverter Bottom Freezer, com um novo design inovador. Vai deixar sua cozinha esbanjando estilo e design. Ela vai mudar a sua cozinha para melhor.</p><p><strong>Tecnologia Inverter</strong><br>A tecnologia Inverter usada pela Panasonic controla o funcionamento do compressor, detectando possíveis variações de temperatura do refrigerador, de acordo com o uso da porta e quantidade de alimentos. Tudo isso sem aquele barulho de liga e desliga. Assim possibilitando um menor consumo de energia, mais silencioso, congelamento muito mais rápido e produção de gelo mais rápida. </p><p><strong>Inteligência Eco em função do Meio ambiente.</strong><br>A Panasonic desenvolveu a Tecnologia Econavi para poder monitorar automaticamente o uso do refrigerador durante as 3 últimas semanas, otimizando o funcionamento e reduzindo o consumo de energia em até 10%, isso sem diminuir a eficiência da refrigeração. Melhor para você e para o meio ambiente. </p><p><strong>Vitamin Power</strong><br>A tecnologia Vitamin Power chegou para inovar seu cuidado e conservação dos alimentos. O Refrigerador contém luzes de LED que simulam luz solar, potencializando vitaminas encontradas nos alimentos como por exemplo, pimentão, alface, tomate, cogumelos e muito mais. Sem contar que o compartimento possui controle automático de umidade para poder preservar os vegetais por muito mais tempo.</p><p>E pra manter sua organização e praticidade, ele ainda possui espaços especiais para pizzas, latas, garrafas de 3L ou 600ml. Sem contar que conta com Biodesodorizador, que elimina uma grande quantidade de bactérias que retiram o frescor dos alimentos e geram um um odor desagradável.</p><strong>Especificações Técnicas:</strong><p>Marca: Panasonic<br>- Modelo: NR-BB53PV3XA<br>- Voltagem: 127V<br>- Cor: Aço Escovado<br>- Capacidade: Total: 425 L<br>- Refrigerador: 305 L<br>- Freezer: 120 L<br>- Potência: 115W<br>- Sistema de refrigeração: Frost-Free<br>- Fluido refrigerante: R600a<br>- Prateleiras: Vidro temperado<br>- Dimensões externas (LxAxP): 69,5 x 185,4 x 75,8 cm<br>- Dimensões da embalagem (LxAxP): 73,7 x 191,4 x 79,9 cm<br>- Peso aproximado (sem embalagem): 76 kg<br>- Peso aproximado (com embalagem): 79 kg<br>- Consumo de energia (KwH): 39,9 kWh/mês<br>- Econavi: Sim<br>- Inverter: Sim<br>- Vitamin Power: Sim<br>- Climate Control: Sim<br>- Biodesodorizador: Sim<br>- Painel de controle: Sim (Externo)<br>- Garantia: 12 meses</p>","{""capacidade_liquida_total"":""425 L"",""marca"":""Panasonic"",""material"":""Aço Escovado"",""quantidade_de_portas"":""2 Portas"",""tipo_de_degelo"":""Frost Free"",""voltagem"":""127 V""}",425 L,,Panasonic,Aço Escovado,Frost Free,127 V,2 Portas,,425L,Aço Escovado,Panasonic,Não informado,Frost Free,127V,2 Portas,425 L,Inox,Panasonic,,Frost Free,110V,2 Portas,425L
samsung||5583,Geladeira Samsung  French Door RF26 com All Around Cooling com Dispenser de Água e Gelo 550L Inox,"Com a geladeira/refrigerador Samsung RF26CG740 prata você tem mais espaço para armazenar alimentos e bebidas, além de contar com diversas funcionalidades que facilitam o seu dia a dia. Com capacidade líquida total de 550L, ela possui portas tipo French Door, degelo Frost Free e um design elegante e moderno, resistente a marcas de dedos. O All-around Cooling mantém os alimentos frescos na temperatura ideal, resfriando uniformemente todos os compartimentos. Do tipo Smart, conta com painel de controle interno e 2 Freezers com mais opções de congelamento.
A fábrica de gelo automática produz gelo em cubos ou picado, na quantidade que você precisar. O dispenser de água e gelo na porta externa facilita o acesso a essas bebidas, sem que você precise abrir a geladeira.
Além disso, possui conexão com aplicativo SmartThings, permitindo controlar suas funções e receber notificações pelo smartphone.","{""capacidade_liquida_total"":""550L"",""marca"":""Samsung"",""material"":""Inox"",""tipo_de_degelo"":""Frost Free"",""voltagem"":""220 V""}",550L,,Samsung,Inox,Frost Free,220 V,,,550L,Inox,Samsung,Não informado,Frost Free,Não informado,3,Não informado,Prata,Samsung ,,Frost Free,220V,4 Portas,550L
friopecas||137450,Refrigerador Philco 437 Litros Side By Side Eco Inverter Inox PRF533I  127 Volts,"Refrigerador Philco 437 Litros Side By Side Eco Inverter Inox PRF533I – 127 Volts <p> O Refrigerador Philco 437 Litros Side By Side Eco Inverter Inox PRF533I possui design ''Side By Side'', onde refrigerador e freezer estão lado a lado para garantir maior aproveitamento do espaço vertical, assim, aumentando a eficiência em conjunto da tecnologia Smart Cooling, que distribui de maneira uniforme a temperatura por todo refrigerador e freezer, sem ter o acúmulo de gelo garantindo melhor higiene e conservação dos alimentos. Sem falar no compressor inverter, que não gera picos de funcionamento e ajuda na economia de energia. </p> <p> As temperaturas são facilmente configuradas a partir do painel digital. Cujo display, possui diversas funções e configurações para você alterar as preferências tanto do freezer quanto do refrigerador. Garantindo que o Refrigerador sempre atenderá suas necessidades quando precisar. Além de tornar sua cozinha muito mais atraente e completa! </p> <p>O Refrigerador Eco Inverter Philco Side By Side PRF533I 437 Litros possui visual moderno e elegante que agrega muito mais requinte para a cozinha, proporcionando o aproveitamento inteligente de espaço colocando freezer e refrigerador lado a lado, valorizando o espaço vertical e garantindo alta capacidade. </p> <p>Equipado com a tecnologia Smart Cooling, distribui de maneira uniforme a temperatura por todo refrigerador e freezer, sem ter o acúmulo de gelo garantindo melhor higiene e conservação dos alimentos. Sem falar no compressor Inverter, que não gera picos de funcionamento e ajuda na economia de energia. </p> <p>Suas temperaturas são facilmente configuradas, a partir do painel digital, cujo display possui diversas funções e configurações para você alterar as preferências tanto do freezer quanto do refrigerador, garantindo que o refrigerador sempre atenderá suas necessidades quando precisar. </p> <p> Características:</p> Capacidade de 437L (292L no refrigerador e 145L no freezer). Classificação """"A"""" em eficiência energética. Sistema de refrigeração Frost Free. Side by side (freezer na porta esquerda e refrigerador na porta direita). Painel touch. Controle de temperatura do freezer e refrigerador de forma independente. Freezer com temperaturas de -14°C a -22°C e refrigerador de 2 a 8°C. Funções Smart, Eco, turbo freezer e turbo refrigerador. Alarme de porta aberta. Iluminação interna LED. Porta em aço com tratamento anti-corrosão. Dispenser de água. Ice Twiste: facilidade para produzir e utilizar gelo no dia a dia. Prateleiras em vidro temperado. Divisão do refrigerador: 4 prateleiras, 2 gavetas e 3 prateleiras de porta. Divisão do freezer: 4 prateleiras, 2 gavetas e 4 prateleiras de porta. Compressor inverter. Adquira o Refrigerador Philco Side By Side PRF533I e torne sua cozinha muito mais atraente e completa! <p>Imagem meramente ilustrativa</p>","{""capacidade_liquida_total"":""437 L"",""cor"":""Inox"",""marca"":""Philco"",""tipo_de_degelo"":""Frost Free"",""voltagem"":""127 V""}",437 L,Inox,Philco,,Frost Free,127 V,,,437 Litros,Inox,Philco,Não informado,Frost Free,127 Volts,2,437 Litros,Inox,Philco,,Frost Free,110V,2 Portas,437L
electrolux||310119132,Geladeira Electrolux Frost Free Inverter 590L AutoSense 3 Portas Cor Black Inox Look (IM8B),"A Geladeira/Refrigerador French Door Electrolux preta IM8B Multidoor Efficient 590L Frost Free possui três portas para garantir mais espaço para armazenar e mais funções destinadas a manter o frescor dos alimentos por mais tempo. Com a tecnologia exclusiva AutoSense, a geladeira ajusta a temperatura automaticamente, garantindo uma melhor preservação dos alimentos por até 30% mais tempo. A inteligência artificial reconhece seus hábitos de consumo, identificando os momentos de maior uso e menor uso da geladeira, deixando-a mais fria ou estabilizando a temperatura. A gaveta HortiNatura preserva o frescor de frutas e vegetais por até 2x mais tempo, evitando o desperdício de alimentos. E com a tecnologia inverter mantém a temperatura mais estável, reduz o consumo de energia em até 37%, tornando-a uma das geladeiras brasileiras mais econômicas do segmento, além de garantir as condições ideais de preservação dos alimentos. Ainda conta com o TasteGuard, que elimina até 9x mais rápido os maus odores causados por bactérias, garantindo que sua geladeira permaneça sempre higiênica. Para facilitar a retirada de gelo, com o IceTwister é possível apenas girar a forma para que eles caiam no compartimento inferior, além da praticidade do sistema de abastecimento de água.","{""capacidade_liquida_total"":""590 L"",""cor"":""Preto"",""marca"":""Electrolux"",""material"":""Inox"",""quantidade_de_portas"":""3 Portas"",""tipo_de_degelo"":""Frost Free"",""voltagem"":""127 V""}",590 L,Preto,Electrolux,Inox,Frost Free,127 V,3 Portas,,590L,Black Inox Look,Electrolux,Não informado,Frost Free,Não informado,3 Portas,Não informado,Preto,Electrolux,Aço,Frost Free,110V,3 Portas,590L
engageeletro||52814,Refrigerador Frost Free 480L Midea MD-RT507FGA041/MD-RT507FGA042,"O novo refrigerador Frost Free Midea possui uma plataforma moderna, que garante mais capacidade interna,além de ser super econômico. Com gavetas com controle de umidade,ideal para frutas, verduras e legumes, seus alimentos permanecem sempre frescos. O refrigerador Frost Free Midea possui desodorizador,painel touch e compartimento extra frio.<br><br>Características:<br><br>-Chiller Box: compartimento extra frio<br>-Mais espaço: plataforma moderna,com paredes finas,entregam maior capacidade interna<br>-Frost free: sem preocupação com o degelo. É automático!<br>-Iluminação em LED tanto para o Refrigerador como para o Freezer<br>-Gavetas com controle de umidade, ideal para frutas, verduras e legumes.<br>-Desodorizador: seu refrigerador livre de cheiro<br>-Gaveta horti-fruti <br>-Painel Touch: facilita o manuseio do refrigerador, tendo acesso a todas as funções do produto externamente.<br>-Super econômico<br><br>Dimensões:<br><br>Produto<br>Altura: 188 cm<br>Largura: 70 cm<br>Largura (Abertura máxima das portas): 108 cm<br>Profundidade: 67 cm<br>Profundidade com a porta aberta: 132,5 cm<br>Peso liquido: 75kg<br><br>Produto Embalado<br>Altura: 195,5 cm<br>Largura: 75,5 cm<br>Profundidade: 71 cm<br>Peso Bruto: 83kg<br><br>Garantia de 12 meses","{""capacidade_liquida_total"":""480 L"",""cor"":""Inox"",""marca"":""Midea"",""tipo_de_degelo"":""Frost Free"",""voltagem"":""220 V""}",480 L,Inox,Midea,,Frost Free,220 V,,,480L,Não informado,Midea,Não informado,Frost Free,Não informado,Não informado,Não informado,Inox,Midea,,Frost Free,110V,2 Portas,480L
angeloni2||4818393,Geladeira Frost Free Electrolux Inverse 400L Inox DB44S,<br> Geladeira Frost Free Electrolux Inverse 400L Inox DB44S <br> <br> <br>,"{""capacidade_liquida_total"":""400L"",""cor"":""Inox"",""marca"":""Electrolux"",""material"":""Aço Inox"",""tipo_de_degelo"":""Frost Free"",""voltagem"":""127 V""}",400L,Inox,Electrolux,Aço Inox,Frost Free,127 V,,,400L,Inox,Electrolux,Não informado,Frost Free,Não informado,Não informado,Não informado,Inox,Electrolux,,Frost Free,110V,2 Portas,400L
fastshop2||HHRF79W2,Refrigerador French Door Hisense de 03 Portas Frost Free com 536 Litros Inox - RF-79W1AIQS,"CaracterísticasTipo: French Door Quantidade de Portas: 03Frost FreePainel Eletrônico Prateleiras: Vidro temperadoAlarme de Portas AbertasDispenser de Água na Porta: ExternoDispenser de Gelo na Porta: ExternoDegelo AutomáticoPorta GarrafasControle Automático de TemperaturaGavetas: 04 no refrigerador, 02 no freezerConexão de Ponto de ÁguaPés NiveladoresLuz internaSensor Digital de TemperaturaIluminação em LedPainel DigitalMetal CoolingPrateleiras Reguláveis E EscamoteáveisEspecificações TécnicasModelo: RF-79W1AIQS (110V) / RF-79W2AIQS (220V)Cor: InoxCapacidade Total: 536 LitrosCapacidade de Armazenamento do Freezer: 140 LitrosCapacidade de Armazenamento do Refrigerador: 396 LitrosSelo Procel (Eficiência Energética): A+++Consumo de Energia: 53 kwh/mêsVoltagem: 110V/220V (não é Bivolt) EAN: 6921727068156 (110V) / 6921727068163 (220V)Garantia: 12 mesesDimensões e PesoDimensões do produto sem porta (AxLxP): 1785x914x610 mmDimensões do produto sem puxador (AxLxP): 1785x914x730 mmDimensões do produto com puxador (AxLxP): 1785x914x730 mmDimensões do produto com embalagem (AxLxP): 1853x952x762 mmPeso do produto sem embalagem: 120 KgPeso do produto com embalagem: 134 KgItens Inclusos01 RefrigeradorManual de IntruçõesServiço de Instalação e Orientação de UsoPara sua comodidade, a Fast Shop dispõe do serviço de Instalação* e Orientação de Uso, com equipe especializada e autorizada pelo fabricante que poderá realizar a medição de todos os acessos, retirando as portas do produto caso necessário. Esse serviço pode ser adquirido em contato com nosso canal Blá pelo WhatsApp no número (11) 3232-2949 ou em uma de nossas lojas. Consulte os valores e regiões atendidas.","{""capacidade_liquida_total"":""536 L"",""marca"":""Hisense"",""tipo_de_degelo"":""Frost Free"",""voltagem"":""Bivolt""}",536 L,,Hisense,,Frost Free,Bivolt,,,536 Litros,Inox,Hisense,Não informado,Frost Free,110V,3,Não informado,Prata,Hisense ,,Frost Free,220V,3 Portas,536L
britania||22591,Refrigerador/Geladeira Side By Side Philco PRF637ID 434L,"A Geladeira Side By Side PRF637ID da Philco vai deixar sua cozinha muito mais moderna e completa. Com capacidade para 434 litros e design side by side, ela é geladeira e freezer lado a lado, valorizando o espaço vertical. Maior capacidade de armazenamento de alimentos e bebidas. Muito mais prática, a Geladeira Philco conta com dispensar de água, assim, você tem água sempre geladinha sem a necessidade de abrir a porta. Além disso, é classe “A+++” em eficiência energética e possui compressor inverter, ou seja, muito mais econômica, silenciosa e durável. E se você é daqueles que não abre mão de eficiência, vai amar a função Smart Cooling. Ela distribui de maneira uniforme a temperatura em todo o gabinete da geladeira e freezer proporcionando a conservação por igual de todos os alimentos. Já a tecnologia frost free evita o indesejado acúmulo de gelo, garantindo mais higiene - facilitando a limpeza e a conservação mais adequada dos alimentos. O moderno display digital possibilita acompanhar as temperaturas e as funções selecionadas, iluminação interna de LED, que fazem da Geladeira PRF535ID Side by Side da Philco um produto indispensável na sua cozinha. • Capacidade de 434L (289L no refrigerador e 145L no freezer) • Classificação ""A"" em eficiência energética • Sistema de refrigeração Frost Free • Side by side (freezer na porta esquerda e refrigerador na porta direita) • Dispenser de água na porta com abastecimento manual (2,5L de capacidade) • Painel touch • Controle de temperatura do freezer e refrigerador de forma independente • Freezer com temperaturas de -14°C a -22°C • Refrigerador com temperaturas de 2 a 8°C • Funções Smart, Eco, turbo freezer e turbo refrigerador • Alarme de porta aberta • Iluminação interna LED • Porta em aço com tratamento anti-corrosão • Prateleiras em vidro temperado • Divisão do refrigerador: 4 prateleiras, 1 gaveta, 3 prateleiras de porta e reservatório de água • Divisão do freezer: 4 prateleiras, 1 gaveta e 4 prateleiras de porta • Compressor inverter.","{""capacidade_liquida_total"":""434 L"",""cor"":""Inox"",""marca"":""Philco"",""quantidade_de_portas"":""2 Portas"",""tipo_de_degelo"":""Frost Free"",""voltagem"":""127 V""}",434 L,Inox,Philco,,Frost Free,127 V,2 Portas,,434L,Não informado,Philco,Aço,Frost Free,Não informado,Não informado,434L,Inox,Philco,,Frost Free,110V,2 Portas,434L
comprebel2||38895,Refrigerador Brastemp BRM44HK Frost Free com Gavetão de Legumes Fresh Zone Inox - 375L 127V,"<p>Geladeira Brastemp 375 Litros Frost Free com Gavetão de Legumes Fresh Zone Inox BRM44HK - 127V</p><p>A Geladeira Brastemp Frost Free Duplex BRM44 375 litros conta com design sofisticado e grande capacidade para armazenar os alimentos. Vem com Painel Eletrônico, compartimento Latas e Long Necks e compartimento Extrafrio.</p><p>FICHA TÉCNICA<br>Marca: Brastemp<br>Cor: Inox<br>Modelo: BRM44HK<br>Voltagem: 127V<br>Capacidade Total: 375L<br>Capacidade Freezer 86L<br>Consumo Aproximado de Energia: 54 kWh<br>Gavetas: 2 <br>Tipo de Degelo: Frost Free<br>Display: Eletrônico<br>No de Portas: 2 Portas<br>Painel Eletrônico: Externo<br>Quantidade de níveis de temperatura:</p><p>DIMENSÕES E PESO<br>(AxLxP - cm) 176,0x62,1x75,5<br>Peso: 58,5 kg</p><p>GARANTIA<br>01 Ano (Sendo 3 meses de garantia legal e mais 9 meses de garantia para defeito de fabricação).</p>","{""capacidade_liquida_total"":""375 L"",""cor"":""Inox"",""marca"":""Brastemp"",""quantidade_de_portas"":""2 Portas"",""tipo_de_degelo"":""Frost Free"",""voltagem"":""127 V""}",375 L,Inox,Brastemp,,Frost Free,127 V,2 Portas,,375L,Inox,Brastemp,Não informado,Frost Free,127V,2 Portas,375 Litros,Inox,Brastemp,,Frost Free,110V,2 Portas,375L
climario||20888,Geladeira/Refrigerador Frost Free 375L Brastemp BRM45HK Evox 127V,"Geladeira/Refrigerador Frost Free 375L Brastemp BRM45HK A Geladeira Brastemp Frost Free Duplex 375 litros - BRM45 - tem design sofisticado e grande capacidade para armazenar os alimentos. Pelo Painel Eletrônico você acessa funções como Turbo Freezer, Festa, Compras e Férias. Com o Espaço Adapt, você conta com prateleiras ajustáveis para armazenar itens de diversos tamanhos. Já o compartimento Latas e Long Necks se encaixa perfeitamente no freezer ou na geladeira e possibilita gelar as bebidas de forma eficaz. <strong>Espaço Adapt : </strong>Prateleiras com múltiplas combinações possíveis para armazenar itens de diversos tamanhos na porta de sua geladeira. <strong>Latas e Long Necks: </strong>Compartimento especial que se encaixa perfeitamente no freezer ou na geladeira e possibilita gelar as bebidas de forma eficaz. Com o espaço perfeito para 3 garrafas long neck ou 6 latas, ele pode gelar tanto a cerveja quanto o refrigerante. <strong>Compartimento extrafrio :</strong> Gele as bebidas mais rápido e conserve melhor frios e laticínios. <strong>Gavetão de legumes Fresh Zone : </strong>Suas frutas e verduras organizadas e conservadas por mais tempo com o sistema Fresh Zone. <strong>Acesso Rápido:</strong>Compartimento de fácil acesso para armazenar os itens que você mais usa. <strong>Temperos: </strong>Compartimento específico para guardar e deixar seus temperos sempre à mão. <strong>Cor :</strong> Evox <strong>Tipo de degelo :</strong> Frost Free <strong>Capacidade total: </strong>375 L <strong>Capacidade Refrigerador: </strong>288 L <strong>Capacidade Freezer :</strong> 86 L <strong>Número de portas :</strong>2 <strong>Painel de controle: </strong>Externo <strong>Controle de temperatura :</strong>Sim <strong>Função trava painel :</strong> Não <strong>Aviso de porta aberta :</strong>Não <strong>Porta ovos: </strong>Sim <strong>Porta latas: </strong>Sim <strong>Compartimento extra frio:</strong> Sim <strong>Ice maker :</strong> Não","{""capacidade_liquida_total"":""375 L"",""marca"":""Brastemp"",""material"":""Evox"",""tipo_de_degelo"":""Frost Free"",""voltagem"":""127 V""}",375 L,,Brastemp,Evox,Frost Free,127 V,,,375 L,Evox,Brastemp,Não informado,Frost Free,127V,2,Não informado,Cinza,Brastemp,Evox,Frost Free,110V,2 Portas,375L
mega-mamute||19190,Geladeira Frost Free Electrolux 520 Litros Side By Side IS9S Inverter Inox 110V,"Preserve seus alimentos e bebidas com a Geladeira Electrolux Frost Free Side by Side Efficient IS9S e ainda economize energia! Essa geladeira conta com a Tecnologia Inverter, que mantém a temperatura mais estável e ainda economiza energia elétrica.<br><br>Modelo: IS9S<br>PN: 02512LBA189<br>Cor: Inox<br>Marca: Electrolux<br><br>Tecnologia Inverter: Compressor que mantém a temperatura mais estável, garantindo condições ideais para preservar seus alimentos e economia de energia.<br>Dispenser de água e gelo: Para você desfrutar com todo o conforto de água filtrada, cubos de gelo e gelo picado direto da sua geladeira, sem a necessidade de abrir a porta.<br>As prateleiras da Geladeira Electrolux são retráteis e rebatíveis, você pode usar da maneira que preferir, seja totalmente ou parcialmente retraída e, assim, organizar o espaço interno com os recipientes e embalagens da melhor maneira.<br>O painel digital da Geladeira Electrolux Frost Free Side by Side Efficient IS9S permite que você controle todas as funções sem complicações.<br><br>Capacidade Total: 520 litros<br>Capacidade Líquida do Congelador: 178 litros<br>Capacidade Liquida do Refrigerador: 342 litros<br>Sistema: Inverter Frost Free<br><br>Água na Porta: Sim<br>Capacidade Dispenser de água: 600 ml<br>Alarme de Porta Aberta: Sim<br>Capacidade de congelamento (Kg/24h): 9<br>Cesta porta Ovos: Sim<br><br>Degelo Automático: Sim<br>Gelo na Porta: Sim<br>Máquina de Gelo Automática: Sim<br>Iluminação Interna: Sim<br><br>Material das Prateleiras: Vidro temperado<br>Painel Digital: Sim<br>Pés Niveladores: Sim<br>Prateleiras na Porta: Sim<br>Prateleiras reguláveis e removíveis: Sim<br><br>Puxadores: Sim<br>Quantidade de Portas: 2<br>Rodízios: Sim<br><br>Temperatura do congelador: -18 graus Celsius<br>Tipo: Side by Side<br>Selo Procel: Sim<br><br>Classificação Energética: A<br>Consumo: 61 Kw<br>Frequência: 60 Hz<br>Voltagem: 110V<br><br>Conteúdo da embalagem:<br>01 x Geladeira<br>01 x Manual de Instruções<br><br>Garantia: 12 meses com o fabricante<br>Fabricante: Electrolux<br>Dimensões do produto (A x L x P): 176,8 x 90,1 x 76,4 cm<br>Peso: 98 Kg<br>","{""capacidade_liquida_total"":""520 L"",""cor"":""Inox"",""marca"":""Electrolux"",""tipo_de_degelo"":""Frost Free"",""voltagem"":""127 V""}",520 L,Inox,Electrolux,,Frost Free,127 V,,,520 litros,Inox,Electrolux,Não informado,Frost Free,110V,2,Não informado,Inox,Electrolux,,Frost Free,110V,2 Portas,520L
lojastopmoveis1||1438,Geladeira CRM44 386 Litros Frost Free Duplex Consul,"Geladeira CRM44 386 Litros Frost Free Duplex Consul<br> <br> A Geladeira Consul Frost Free Duplex 386 litros CRM44 tem o design moderno que combina com a sua cozinha! Ela vem Altura Flex, que permite ajustar as prateleiras em até 4 níveis diferentes, cabe da jarra a melancia, além de possuir um freezer espaçoso para guardar todos os congelados, sem necessidade de malabarismos. A Geladeira também conta com Iluminação em LED, Função Turbo, Forminhas de Gelo e Porta Ovos.<br> <br> Características: <br> Marca: Consul<br> Capacidade Total: 386 litros<br> Capacidade Freezer: 96 litros<br> Tipo de Degelo: Frost Free<br> Quantidade de Portas: 02<br> Quantidade de Gavetas: 01<br> Compartimento extra frio: Sim<br> Porta ovos: Sim<br> Porta reversível: Não<br> Dispenser de água: Não<br> Porta latas: Não<br> Recipiente para guardar gelo: Não<br> Trava de segurança: Não<br> Eficiência Energética: A<br> <br> Dimensões do Produto:<br> Altura: 183,37 cm<br> Largura: 62,1 cm<br> Profundidade: 72,4 cm<br> Peso: 60 kg<br> <br> Garantia de 12 meses pelo Fabricante (Contra defeitos de Fabricação).<br> <br> Observações:<br> A entrega do seu produto está condicionada a disponibilidade deste serviço a CEPs selecionados, definidos pela loja através da análise do CEP informado no momento da compra. O valor e/ou a gratuidade deste serviço serão informados no campo Calcular Frete e Prazo com o preenchimento do CEP do local de entrega. <br> Na limpeza não utilizar produtos químicos e abrasivos, usar apenas com pano umedecido ou lavagem a seco (recomenda-se um profissional), para garantir a maior durabilidade do móvel.<br> Os objetos que ambientam as fotos não acompanham o produto.<br> Imagens meramente ilustrativas. Cores e tonalidades podem variar.<br> Ao receber a mercadoria, o cliente deve verificar as condições da embalagem, caso haja alguma avaria não assine comprovante de recebimento.<br> A desmontagem e outras instalações serão de responsabilidade do cliente.<br> Não nos responsabilizamos, no ato da entrega, por subir escadas/elevadores ou pelo transporte por guincho em apartamentos. Eventuais despesas são de responsabilidade do comprador.<br> Confira as dimensões do produto e certifique-se de que passará normalmente por supostos elevadores, portas, escadas e/ou corredores de sua residência.","{""capacidade_liquida_total"":""386 L"",""cor"":""Branco"",""marca"":""Consul"",""material"":""Inox"",""tipo_de_degelo"":""Frost Free"",""voltagem"":""220 V""}",386 L,Branco,Consul,Inox,Frost Free,220 V,,,386 litros,Não informado,Consul,Não informado,Frost Free,Não informado,2,386 litros,Inox,Consul,,Frost Free,220V,2 Portas,386L
gazinshop||9874,Refrigerador Consul 410 Litros Frost Free 2 Portas CRM50HB,"Organize o espaço interno da porta da sua geladeira conforme a sua necessidade: sao mais de 10 combinaçoes possiveis para garantir mais flexibilidade e praticidade no seu dia a dia ao armazenar garrafas, jarras e diferentes itens!<br> Chega de agua com gosto de geladeira! Com o filtro antiodor, elimine odores desagradaveis!<br> Armazene 2x mais gelo com o compartimento Gelo Extra: reserve os cubos de gelo prontos no recipiente enquanto as duas forminhas ficam disponiveis para preparar ainda mais gelo!<br> <br> Caracteristicas: <br> Tipo de degelo: Frost Free<br> Capacidade total liquida: 410 litros<br> Capacidade refrigerador: 311 litros<br> Capacidade freezer: 99 litros<br> Numero de portas: 2<br> Painel de controle: Interno<br> Tipo de controle do painel: Eeletronico<br> Posiçao do freezer: Em cima<br> Prateleiras, cestos e gavetas refrigerador: prateleiras do refrigerador em vidro com moldura plastica. prateleiras de porta. gavetas e cestos em plastico injetado.<br> prateleiras, cestos e gavetas freezer: prateleira do freezer e prateleiras de porta em plastico injetado.<br> Puxadores: Plastico injetado<br> Controle de temperatura no refrigerador: Sim<br> Numero de niveis de temperatura do refrigerador: 5<br> Controle de temperatura no freezer: Nao<br> Aviso de porta aberta: Nao<br> dispenser de agua na porta: Nao<br> dispenser de gelo na porta: Nao<br> <br> Especificaçoes do refrigerador: <br> Porta-ovos: Sim<br> Porta latas: Nao<br> Numero de porta-ovos:2<br> Porta latas removivel: Nao<br> Porta-ovos removivel: Sim<br> Separador de garrafas: Sim<br> Quantidade de ovos no porta-ovos:6<br> Porta garrafas: Nao<br> Compartimento extra frio: Sim<br> Filtro desodorizador: Sim<br> Filtro antibacterias: Nao<br> Tipo de iluminaçao interna refrigerador: Led<br> <br> Especificaçoes do freezer: <br> Numero de formas de gelo:2<br> Funçao turbo freezer: Geral<br> Quantidade de cubos por forma de gelo: 18<br> Ice maker: Nao<br> Compartimento de congelamento rapido: Sim<br> Compartimento para gelo: Sim<br> Suporte para taças: Nao<br> Dreno de degelo: Sim<br> <br> Especificaçoes das prateleiras e gavetas: <br> Numero de prateleiras, cestos e gavetas refrigerador: 10<br> Prateleiras com regulagem de altura: sim<br> Numero de prateleiras, cestos e gavetas freezer: 4<br> Numero de prateleiras com regulagem de altura: 4<br> Tipos de gavetas: gaveta de hortaliças<br> Prateleiras, cestos e gavetas removiveis: prateleiras de vidro, prateleiras flex e gaveta de hortaliças<br> <br> Ajustes: <br> Porta reversivel: Nao<br> Pes ajustaveis: Sim<br> Pes: Sim<br> Pes com rodizios: Sim<br> <br> Especificaçoes eletricas: <br> Potencia 127v: 190w<br> Potencia 220v: 165w<br> Consumo aproximado de energia 127v: 56 kwh<br> Consumo aproximado de energia 220v: 56 kwh<br> Frequencia: 60 hz<br> Certificaçao do inmetro: A<br> <br> Dimensoes: <br> Altura: 173,9 cm<br> Largura: 69,5 cm<br> Profundidade: 71,9 cm<br> Peso: 72,3 kg<br> <br> Garantia do fornecedor de 12 meses.<br> <br> Atençao:<br> Nao nos responsabilizamos, no ato da entrega, por desmontagens, subir escadas e elevadores ou transporte por guincho para apartamentos. Eventuais despesas sao de responsabilidade do cliente. Confira as dimensoes deste produto e certifique-se de que passara normalmente por supostos elevadores, portas, escadas ou corredores de sua moradia.<br> Recomendamos que os produtos sejam instalados por profissionais especializados e nao nos responsabilizamos pelo mau uso ou instalaçao indevida, causando a perda da garantia.<br> Todas as informaçoes divulgadas sao de responsabilidade do fabricante e fornecedor.<br> Valor unitario.<br> Imagem meramente ilustrativa.<br> Prazo de troca e devoluçao: 7 dias a partir do recebimento do produto - Lei numero 8.078.<br> Sempre confira o produto no ato da entrega.","{""capacidade_liquida_total"":""410 L"",""cor"":""Branco"",""marca"":""Consul"",""quantidade_de_portas"":""2 Portas"",""tipo_de_degelo"":""Frost Free""}",410 L,Branco,Consul,,Frost Free,,2 Portas,,410 litros,Não informado,Consul,Não informado,Frost Free,127v / 220v,2,410 Litros,Branco,Consul,,Frost Free,110V,\c,410L
engage-info||44375,Geladeira Brastemp Frost Free Duplex 375L BRM44HB com Compartimento Extrafrio Fresh Zone Branca,"Se você está em busca de uma geladeira, com design inovador, praticidade e tecnologia, o Refrigerador Brastemp BRM44HB é o eletrodoméstico perfeito. Com uma capacidade de 375 litros no total, ela dispõe de 86 litros para o freezer somados aos 288 litros do refrigerador.<br><br>A Geladeira Brastemp Frost Free Duplex BRM44 375 litros conta com design sofisticado e grande capacidade para armazenar os alimentos. Vem com Painel Eletrônico, compartimento Latas e Long Necks e compartimento Extrafrio.<br><br>Características<br><br>- Latas e Long Necks<br>Compartimento especial que se encaixa perfeitamente no freezer ou na geladeira e possibilita gelar as bebidas de forma eficaz. Com o espaço perfeito para 3 garrafas long neck ou 6 latas, ele pode gelar tanto a cerveja quanto o refrigerante.<br><br>- Compartimento extrafrio<br>Gele as bebidas mais rápido e conserve melhor frios e laticínios.<br><br>- Gavetão de legumes Fresh Zone<br>Suas frutas e verduras organizadas e conservadas por mais tempo com o sistema Fresh Zone.<br><br>- Acesso Rápido<br>Compartimento de fácil acesso para armazenar os itens que você mais usa.<br><br>- Temperos<br>Compartimento específico para guardar e deixar seus temperos sempre à mão.<br><br>Especificações Técnicas<br><br>Tipo de Degelo: Frost Free<br>Porta reversível: Não<br>Dispenser de água gelada na porta: Não<br>Dispenser de gelo na porta: Não<br>Porta-latas: Sim<br>Controle automático de temperatura: Sim, no refrigerador<br>Consumo (kWh): 54<br>Capacidade de armazenagem total (L): 375<br>Capacidade de armazenagem do refrigerador (L): 288<br>Capacidade de armazenagem do freezer (L): 86<br>Tensão/Voltagem<br>- 110V<br>- 220V<br>Cor: Branco<br>Eficiência Energética: A<br><br>Observações<br>1. Não nos responsabilizamos pela instalação/montagem deste produto. Para eventuais peças adicionais, bem como possíveis limitações à utilização de todas as funcionalidades, consulte o fabricante. <br><br>2. Devido às normas da ABNT e às resoluções no 13 de 2006, no 2 de 2007 e no 8 de 2009 do CONMETRO, os fabricantes estão mudando as tomadas para o novo padrão. Para utilizar este produto, será preciso adaptador ou a troca da tomada antiga. Não nos responsabilizamos por esta alteração. <br><br>3. Para instalação, funcionalidades, manutenção e cuidados específicos consulte o manual do produto. <br><br>4. Escolha a opção de voltagem do produto: 110V ou 220V<br><br>5. Item composto apenas pelo Refrigerador Brastemp BRM44HB Frost Free com Compartimento Extrafrio Branco - 375L. Demais itens apenas ilustrativos.<br><br>Entrega do Produto<br>- Não nos responsabilizamos pelo transporte por escadas/elevadores, guincho ou içamento deste produto.<br>- Não nos responsabilizamos pela instalação/montagem<br><br>Dimensões<br><br>Altura: 1,76 m<br>Largura: 62,10 cm<br>Profundidade: 75,50 cm<br>Peso: 58kg<br><br>Garantia de 12 meses","{""capacidade_liquida_total"":""375 L"",""cor"":""Branco"",""marca"":""Brastemp"",""tipo_de_degelo"":""Frost Free"",""voltagem"":""127 V""}",375 L,Branco,Brastemp,,Frost Free,127 V,,,375L,Branca,Brastemp,Não informado,Frost Free,"110V
- 220V",Duplex,375L,Branco,Brastemp,,Frost Free,110V,2 Portas,375L
magazineluiza||201030000,Geladeira/Refrigerador Electrolux Frost Free Inox,"Este refrigerador frost free inox Electrolux tem super capacidade para armazenar 542 litros, e conta com painel Touch Screen que facilita o acesso aos controles e aplicativos especiais. Entre eles estão as funções Livro de Receitas, com mais de 600 receitas sofisticadas e ilustradas, Calendário, para auxiliar na organização dos compromissos, Dicas divididas entre os temas Sustentabilidade, Culinária, Vida Útil, Lar e Bem-Estar, Fotos, para que os momentos inesquecíveis sejam exibidos no refrigerador através de slide show, Recados e Contatos, que permite a criação de uma agenda telefônica de fácil acesso. O reservatório de água do dispenser externo tem capacidade para 5 litros e conta com o sistema de filtragem Pure Filter. Os indicadores de temperatura interna elevada, necessidade de troca do filtro e porta aberta mostram as respectivas condições adversas a serem corrigidas para garantir alta performance de funcionamento do refrigerador. Suas prateleiras retráteis podem ser ajustadas em 3 posições diferentes, facilitando a organização e oferecendo amplo espaço para o armazenamento de grandes volumes. Além de todas estas funções ele também possui compartimentos especiais como, por exemplo, Gourmet Express, Drink Express, Ice Stock, Espaço Light, Frosty Cups, cesta para frutas delicadas, que irão facilitar seu dia a dia na cozinha!","{""capacidade_liquida_total"":""542L"",""cor"":""Inox"",""marca"":""Electrolux"",""quantidade_de_portas"":""2 Portas"",""tipo_de_degelo"":""Frost Free"",""voltagem"":""220 V""}",542L,Inox,Electrolux,,Frost Free,220 V,2 Portas,,542 litros,Inox,Electrolux,Não informado,Frost Free,Não informado,Não informado,Não informado,Inox,Electrolux,,Frost Free,220V,2 Portas,542L
olistplus||OPM868P39UTWR9TF,Placa Interface 72540110000 RF Electrolux DF47 / DF50,"Placa Interface 72540110000 Rf Electrolux Df47 / Df50Com essa Placa Interface, você terá a garantia de qualidade que só os produtos compatíveis com a marca Electrolux podem oferecer. Além disso, ela conta com todas as características e especificações técnicas necessárias para o bom desempenho do seu aparelho.Características Gerais:- Placa interface (peça paralela)- Compatível com os modelos Df47 e Df50- Compatível com os códigos 72540110000, 64502351 e 64800631- Produto de alta qualidade e durabilidadeEssa Placa Interface é a solução perfeita para quem busca praticidade e eficiência. Compatível com os modelos Df47 e Df50, ela permite que você restaure o funcionamento do seu eletrodoméstico de forma rápida e fácil.Além disso, essa peça é fabricada com materiais de alta qualidade, o que garante sua durabilidade e resistência. Com a Placa Interface 72540110000 Rf Electrolux Df47 / Df50, você terá a certeza de estar adquirindo um produto confiável e eficiente.",,,,,,,,,,Não informado,Não informado,Electrolux,Não informado,Não informado,Não informado,Não informado,Não informado,,,,,,,
gazinshop||4704,Refrigerador 2 Portas Frost Free 462 Litros Brastemp Classe A BRM56ABANA,"Com a Geladeira Brastemp Frost Free Duplex BRM56 462 litros, tenha gelo mais rápido sempre que precisar com a função Turbo Ice e saiba quando está pronto. O Twist Ice Advanced permite abastecer as formas de gelo e desenformá-lo facilmente, e com o Espaço Adapt você conta com prateleiras ajustáveis para armazenar itens de diversos tamanhos. Possui ainda com o compartimento bipartido Turbo Control, que permite aumentar a potência em um dos lados para gelar bebidas e sobremesas ainda mais rápido.<br><br><br>Características:<br>Capacidade: Acima de 400 Litros<br>Material: Gabinete<br>Porta Pintada branca<br>Puxadores Injetados na cor com acabamento metálico<br>Frost Free: Sim<br>Quantidade de Portas: 2<br>Dispenser na Porta: Não<br>Trava de Segurança no Dispenser: Não<br>Display: LED<br>Prateleiras/Cestos: 3 prateleiras vidro, 1 gaveta de legumes, 2 gavetas de frutas, Porta: 2 prat. temperos, 2 prateleiras adapt, 1 prateleira com acesso rápido, 1 prateleira inferior<br>Controle de Temperatura: Sim<br>Porta-Latas: Sim<br>Porta-Ovos: Sim<br>Gavetas: Sim<br>Congelamento Rápido: Sim<br>Separador de Garrafas: Sim<br>Iluminação Interna: Sim<br>Bandeja de Café da Manhã Removível: Não<br>Desodorizador: Não<br>Elimina Bactérias: Não<br>Fôrma de Gelo: Sim<br>Gelo Fácil: Não<br>Raspador de Gelo: Não<br>Pés: Sim<br>Rodízios: Sim<br>Porta Reversível: Não<br>Puxadores: Injetado na cor com acabamento metálico<br>Alarme Sonoro na Porta: Não<br>Condensador Embutido: Não<br>Eficiência Energética: A<br>Alimentação: Elétrico<br>Potência: 115W<br>Capacidade de Água do Dispenser: N/A<br>Capacidade Total: 462<br>Capacidade de Armazenagem do Refrigerador: 362<br>Capacidade de Armazenagem do Freezer: 100<br>Capacidade de Armazenagem Total: 462<br>Modelos: sim<br>Linha/Coleção: Tarantino<br><br><br>Dimensões:<br>Altura: 189 cm<br>Largura: 77 cm<br>Profundidade: 79,4 cm<br>Peso: 82 kg<br><br><br>Garantia do Fornecedor de 12 meses","{""capacidade_liquida_total"":""462 L"",""cor"":""Branco"",""marca"":""Brastemp"",""quantidade_de_portas"":""2 Portas"",""tipo_de_degelo"":""Frost Free"",""voltagem"":""127 V""}",462 L,Branco,Brastemp,,Frost Free,127 V,2 Portas,,462 Litros,Não informado,Brastemp,Não informado,Frost Free,Não informado,2,462,Branco,Brastemp,,Frost Free,110V,2 Portas,462L
whirlpool||1549,Geladeira Brastemp Frost Free Inverse 565 litros cor Inox com Ice Maker,"<p>Surpreenda-se<br>Elegante por fora e gigante por dentro, a Geladeira Brastemp Inverse Maxi possui 573 Litros de capacidade. A configuração Inverse, com freezer embaixo e refrigerador em cima, deixa os alimentos mais utilizados sempre à vista e à mão. Ela possui a solução de gelo Ice Maker e Smart Door. O Controle Eletrônico permite acionar as funções em apenas um toque.</p><p>Controle Eletrônico<br>Com funções pré-programadas, ajuste em apenas um toque a temperatura do refrigerador de acordo com a intensidade de uso.</p><p>Smart Stock<br>Já imaginou uma geladeira que mostra quando os alimentos estão para vencer e os incluem automaticamente em uma lista de compras digital que pode ser visualizada diretamente no celular? Com Brastemp Inverse com Central Inteligente isso é possível!</p><p>Smart Door<br>Tenha suas bebidas na temperatura ideal sempre a mão com a Smart Door. Por ela é possível pegar latas e garrafas armazenadas no compartimento Home Bar sem precisar abrir a porta da geladeira.</p><p>Ice Maker<br>Produz gelo automaticamente, a partir do abastecimento do reservatório de água, para que esteja disponível sempre que precisar!</p>","{""capacidade_liquida_total"":""565 L"",""cor"":""Inox"",""marca"":""Brastemp"",""quantidade_de_portas"":""2 Portas"",""tipo_de_degelo"":""Frost Free"",""voltagem"":""220 V""}",565 L,Inox,Brastemp,,Frost Free,220 V,2 Portas,,565 litros,Inox,Brastemp,Não informado,Frost Free,Não informado,Não informado,573 Litros,Inox,Brastemp,Evox,Frost Free,220V,2 Portas,565L
lojas-berlanda||189,Refrigerador Electrolux 2 Portas 462 Litros Cycle Defrost Classe A DC49,"Refrigerador Electrolux 2 Portas 462 Litros Cycle Defrost Classe A DC49<br> Seja por conta do espaço, da organização ou da tecnologia avançada, o Electrolux Duplex DC49A garante o desempenho perfeito para conservar seus alimentos. Ele possui uma capacidade de 462 litros e ainda vem equipado com vários compartimentos úteis. Aproveite o porta-ovos, prateleiras para garrafas, gavetão para legumes e porta-condimentos. O sistema Multiflow assegura uma circulação uniforme de ar e deixa a comida e a bebida na temperatura certa. As prateleiras são removíveis, duráveis e ainda contam com recurso antiderramamento, que evita o escorrimento de líquidos. Com os puxadores externos, você terá muita facilidade para abrir a porta do produto. Os pés niveladores frontais e rodízios traseiros auxiliam na movimentação do equipamento. Ele possui classificação A de energia no Inmetro, já que consome pouca energia. A iluminação interna facilita a visualização interna de maneira eficiente. O design elegante deixa sua cozinha muito mais sofisticada.<br> <br> <br> Características:<br> Modelo: DC49A<br> Puxadores externos: resistentes e com design diferenciado, facilitam a abertura da porta.<br> Porta Condimentos Removível: ideal para armazenar condimentos e molhos e levá-los juntos à mesa.<br> Multi Flow System: melhora a circulação do ar frio, mantendo a temperatura interna uniforme e conservando melhor os alimentos.<br> Prateleiras em PS Crystal antiderramamento no refrigerador e no freezer: resistentes, evitam que líquidos derramados escorram e facilitam a limpeza.<br> Amplo gavetão de frutas, legumes e verduras com controle de umidade: mais espaço e melhor conservação dos alimentos.<br> Cesta Porta-ovos removível para 12 unidades: armazena e transporta ovos com facilidade e segurança<br> Duas prateleiras de PS Crystal removíveis na porta do freezer: Garante melhor aproveitamento interno do freezer, visualização rápida e organização.<br> Duas prateleiras fundas na porta do refrigerador com travas para garrafas: Espaço para garrafas de até 2,5 litros com trava para evitar tombamento. Mais segurança, organização e melhor aproveitamento do espaço interno.<br> Zyncplus na porta: Garantia de 3 anos contra oxidação na porta.<br> Pés niveladores frontais e rodízios traseiros: Facilitam a movimentação e o nivelamento do refrigerador.<br> Iluminação interna: Mais comodidade e praticidade.<br> Duas fôrmas de gelo suspensas: Organiza melhor a produção de gelo, de forma prática, longe de possíveis respingos de outros alimentos.<br> <br> <br> Especificações Técnicas:<br> Classificação Energética: A.<br> Consumo de Energia (kWh/mês): 58,1.<br> Capacidade bruta de armazenamento (litros): Refrigerador 353 / Freezer 115 / Total 468<br> Capacidade líquida de armazenamento (litros): Refrigerador 347 / Freezer 115 / Total 462<br> <br> <br> Dimensões do Produto:<br> Altura: 186,5cm<br> Largura: 70,2cm<br> Profundidade: 73,3cm<br> Peso: 84.5 kg<br> <br> <br> Garantia do Fornecedor de 12 Meses","{""capacidade_liquida_total"":""462 L"",""cor"":""Branco"",""marca"":""Electrolux"",""quantidade_de_portas"":""2 Portas"",""tipo_de_degelo"":""Cycle Defrost"",""voltagem"":""220 V""}",462 L,Branco,Electrolux,,Cycle Defrost,220 V,2 Portas,,462 Litros,Não informado,Electrolux,Não informado,Cycle Defrost,Não informado,2 Portas,462 Litros,Branco,Electrolux,,Cycle Defrost,220V,2 Portas,462L
comprebel2||49236,Geladeira Side Inverse com Ice Maker Brastemp 540 Litros Frost Free Branca BRO80AB - 110V,"<p>Geladeira Side Inverse com Ice Maker Brastemp 540 Litros Frost Free Branca BRO80AB - 110V</p><p>O refrigerador Brastemp é sinônimo de eficiência e inteligência, além de possuir um design moderno para a sua cozinha o painel de controle touch torna mais prático controlar a temperatura do seu refrigerador e freezer. O Brastemp BRO80AB tem as funções Ice Maker, Turbo Freezer e os Modos Compras, Férias e Festa.</p><p>Possibilita você organizar seus mantimentos no devido lugar, são várias prateleiras e gavetas, por dentro todo iluminado com lâmpadas LED que são mais eficientes e te ajudam a visualizar rapidinho o que você deseja. </p><p>Refrigerador em cima:</p><p>São 374 litros de capacidade você pode jarra de sucos, travessa grande de assado, fora as bandejas que você pode alocar suas frutas, seus frios e suas verduras.</p><p>Freezer em baixo:</p><p>Chegou do mercado e quer resfriar rapidamente seus alimentos? E aquela sobremesa para o almoço que fica melhor bem geladinha? Vai ter festa hoje e as latinhas estão frias? Coloque no compartimento Turbo Freezer que em instantes vai estar na temperatura que você gosta!</p><p>Tem até um espaço especial para incluir suas taças para gelar e servir bebidas deliciosas em alto estilo! Use e abuse dos 166 litros de capacidade, incluindo uma fábrica particular de Gelo, o Ice Maker.</p><p><br></p><p>Faz gelo automaticamente:</p><p><br></p><p>Praticidade para você! Abasteça a água no reservatório e pressionar o botão que o Ice Maker vai encher as bandejas e produzir gelo para você!. Quando o gelo estiver acabando o Ice Maker vai produzir mais, e te avisar no Painel de Controle quando tiver gelo e quando a água do reservatório estiver acabado.</p><p><br></p><p>Painel Touch</p><p>Você comanda a temperatura ideal do seu refrigerador, tecnologia avançado na ponta dos seus dedos.</p><p><br></p><p>A Geladeira Side Inverse é completa, com a qualidade Brastemp e tecnologia que garante o funcionamento de sua cozinha! E está pronto para conservar e refrigerar seus alimentos com sua incrível eficiência.</p>","{""capacidade_liquida_total"":""540 L"",""cor"":""Branco"",""marca"":""Brastemp"",""tipo_de_degelo"":""Frost Free"",""voltagem"":""127 V""}",540 L,Branco,Brastemp,,Frost Free,127 V,,,540 Litros,Branca,Brastemp,Não informado,Frost Free,110V,Não informado,Não informado,Branco,Brastemp,,Frost Free,110V,3 Portas,540L
magazineluiza||013090900,Geladeira/Refrigerador Continental,"A Geladeira Continental TC56S é o que faltava para completar sua cozinha, trazendo mais praticidade e modernidade. Com capacidade de 472 litros e espaço de sobra para armazenar tudo que você quiser, ela conta com porta duplex, frost free e controle eletrônico de temperatura. A prateleira reversível garante espaço para armazenar garrafas de até 3,3 litros, enquanto o espaço extra frio é ideal para alimentos frescos. As frutas, legumes e vegetais podem ser guardados com o máximo de organização na gaveta com tampa e frontal basculante. O freezer tem capacidade de 126 litros para armazenar alimentos de todos os tamanhos, além de compartimento fechado, dispenser de gelo e controle individual de temperatura.","{""capacidade_liquida_total"":""472 L"",""cor"":""Prata"",""marca"":""Continental"",""tipo_de_degelo"":""Frost Free"",""voltagem"":""220 V""}",472 L,Prata,Continental,,Frost Free,220 V,,,472 litros,Não informado,Continental,Não informado,Frost Free,Não informado,2,Não informado,Prata,Continental,,Frost Free,220V,2 Portas,472L
continentalcenter||760020013023040301,Refrigerador Electrolux Duplex 260L Cycle DeFrost Branco 220V DC35A,"<strong>Refrigerador Electrolux Duplex 260L Cycle DeFrost Branco 220V DC35A</strong><p>O Refrigerador DC35A da Electrolux possui um design único e moderno, capaz de combinar com todos os tipos de cozinha. Seu Cycle DeFrost permite descongelar apertando um botão. Ele ainda conta com compartimentos variados, porta-latas, porta-ovos, gavetão para frutas e legumes e trava-garrafas na porta.</p><p><strong>Selo Procel A</strong><br>O Selo Procel, tem por objetivo orientar o consumidor no ato da compra, indicando os produtos que apresentam os melhores níveis de eficiência energética dentro de cada categoria. Este produto está classificado com ""Selo A"", com maior eficiência energética, garantindo mais economia de energia na sua casa e menos danos ao meio-ambiente.</p><p>O Cycle Defrost (em português ""ciclo de degelo"") é uma tecnologia que consiste no resfriamento natural dos alimentos. Dessa forma, os produtos com Cycle Defrost acumulam pouco gelo em seu interior, precisando fazer o descongelamento em média 2 vezes por ano.</p><p><strong>Mais Organizado</strong><br>As prateleiras removíveis do Electrolux DC35A são fáceis de limpar. Você poderá regular a altura da maneira que preferir e guardar alimentos volumosos sem problemas.</p><p><strong>Sem Derramar</strong><br>O Electrolux DC35A possui um trava-garrafas na porta do refrigerador, evitando que suas bebidas caiam ou que seus conteúdos sejam derramados.</p><p><strong>Freezer Potente</strong><br>O super freezer do Electrolux DC35A possui 53 litros de capacidade, garantindo espaço suficiente para seus alimentos, e mais praticidade para a sua vida.</p><p><strong>Espaço Interno Iluminado</strong><br>Graças a sua excelente iluminação interna, o Electrolux DC35A permite que você confira todos os alimentos do seu interior com mais facilidade.</p><p><strong>Acabamento Sofisticado</strong><br>O Electrolux DC35A possui um incrível e moderno acabamento, incluindo o seu puxador, completamente ergonômico e sofisticado.</p><p><strong>Os Mais Variados Compartimentos</strong><br>Deixei suas compras mais organizadas. O Electrolux DC35A possui porta-ovos para 12 unidades, gavetão transparente para frutas e legumes e porta-latas reversível.</p><p><strong>Especificações Técnicas:</strong></p><p>Marca: Electrolux<br>- Modelo: DC35A<br>- Tensão: 220V (não é bivolt)<br>- Capacidade do Refrigerador: 207 Litros<br>- Capacidade do Freezer: 53 Litros<br>- Capacidade Total de Armazenamento: 260 Litros<br>- Consumo: 38,4 kWh<br>- Potência: Não informado pelo Fabricante<br>- Total de Prateleiras: 3<br>- Material das Prateleiras: Não informado pelo Fabricante<br>- Cor: Branco<br>- Freqüência: 60 Hz<br>- Tipo de Degelo: Defrost<br>- Dimensões (L x A x P): 54,8 x 161,9 x 61,3<br>- Peso: 54Kg<br>- Garantia: 12 meses</p>","{""capacidade_liquida_total"":""260 L"",""cor"":""Branco"",""marca"":""Electrolux"",""tipo_de_degelo"":""Cycle Defrost"",""voltagem"":""220 V""}",260 L,Branco,Electrolux,,Cycle Defrost,220 V,,,260 Litros,Branco,Electrolux,Não informado,Cycle DeFrost,220V,Não informado,260 Litros,Branco,Electrolux,,Cycle Defrost,220V,2 Portas,260L
lojastaqi||221283110,"Geladeira Brastemp 400 litros, Frost Free, Branca","<br> Deixe sua casa muito mais moderna com a Geladeira Branca 400L 110V! Ela conta com display de led em um sistema de Touck Black, sendo assim, você pode monitorar a temperatura desejada, e ainda, a geladeira te avisa quando a porta estiver aberta. <br><br> Características: <br><br> Marca: Brastemp <br><br> Modelo: BRM54JB <br><br> Ref.: BRM54JBANA <br><br> Cor: Branca <br><br> Especificações: <br><br> Frost Free <br><br> 5 níveis de temperatura <br><br> Painel eletrônico <br><br> Display: led <br><br> 02 prateleiras <br><br> Fresh Zone <br><br> Pés ajustáveis <br><br> Portas: 2 (duas) <br><br> Capacidades: <br><br> Capacidade total: 400 litros <br><br> Capacidade do refrigerador: 311 litros <br><br> Capacidade do freezer: 89 litros <br><br> Compartimentos: <br><br> Prateleiras <br><br> Porta ovos <br><br> Gavetas de legumes <br><br> Porta-latas <br><br> Iluminação interna: LED <br><br> Itens Inclusos: <br><br> 01 Geladeira <br><br> Alimentação: <br><br> Consumo de energia: 51,4 kWh <br><br> Consumo/Eficiência Energética: A <br><br> Dimensões: <br><br> Tamanho (AxLxP): 185 x 62 x 75,5 cm <br><br> Peso: 66 kg <br><br> Garantia: <br><br> 12 meses <br><br> *NÃO FATURAMOS PARA CNPJ<br>","{""capacidade_liquida_total"":""400 L"",""cor"":""Branco"",""marca"":""Brastemp"",""tipo_de_degelo"":""Frost Free"",""voltagem"":""127 V""}",400 L,Branco,Brastemp,,Frost Free,127 V,,,400 litros,Branca,Brastemp,Não informado,Frost Free,110V,2,400 litros,Branco,Brastemp,,Frost Free,110V,2 Portas,400L
supertemdelivery||52425,Geladeira refrigerador esmaltec rcd34 bco 127v 276 litros,"Refrigerador Esmaltec RCD34 Branco - 276 L<br>Sua cozinha vai ganhar mais espaço e seus alimentos ficarão bem conservados com o Refrigerador Esmaltec RCD34. Com 276 litros de capacidade total, ele possui duas portas e freezer amplo para manter seus alimentos congelados. Seu interior bem distribuído conta com porta-latas na parte interna, compartimento para garrafas e uma prática Gaveta para legumes, frutas e verduras, feita em PS transparente para facilitar a visualização dos alimentos.<br>Com detalhes em seu design, este é o refrigerador perfeito para quem quer ganhar espaço e manter os alimentos da família conservados de forma organizada.<br>Tipo de DegeloManual<br>Características Gerais276 L de capacidade total Refrigerador com duas portas. Facilidade na distribuição interna. Puxadores ergonômicos Produto mais atraente e de fácil manuseio. Iluminação na lateral do refrigerador Boa visibilidade interna. Pés elevados com niveladores Maior facilidade na limpeza. Gaveta de legumes em PS Cristal Fumê Beleza e design aliados a praticidade de limpeza. Freezer de 55 litros Alimentos congelados a -18°C Prateleiras internas Removíveis, reguláveis e inclináveis. Controle de Temperatura Interno no refrigerador. <br>Porta do freezer aproveitávelNão<br>Dispenser de água geladaNão<br>Prateleira do refrigeradorAramada<br>Porta-latasSim<br><br><br>Capacidade de armazenagem total (L)276<br>Consumo (kWh)38,5 kWh<br>Tensão/Voltagem- 110V - 220V<br>Capacidade de armazenagem do refrigerador (L)221<br>Capacidade de armazenagem do freezer (L)55<br>Consumo de EnergiaA (menos 25% de consumo)<br>Garantia12 meses<br>CorBranco<br>Eficiência EnergéticaA<br>Observações1. Não nos responsabilizamos pela instalação/montagem deste produto. Para eventuais peças adicionais, bem como possíveis limitações à utilização de todas as funcionalidades, consulte o fabricante. 2. Devido às normas da ABNT e às resoluções no 13 de 2006, no 2 de 2007 e no 8 de 2009 do CONMETRO, os fabricantes estão mudando as tomadas para o novo padrão. Para utilizar este produto, será preciso adaptador ou a troca da tomada antiga. Não nos responsabilizamos por esta alteração. 3. Para instalação, funcionalidades, manutenção e cuidados específicos consulte o manual do produto. 4. Escolha a opção de voltagem do produto: 110V ou 220V<br>Entrega do ProdutoNão nos responsabilizamos pelo transporte por escadas/elevadores, guincho ou içamento deste produto.<br><br><br>Informações importantes<br> 1- podem ocorrer pequenas variações de cor entre a foto e o produto. As imagens correspondem aos produtos apresentados, porém, são ilustrativas e podem sofrer variações de acordo com a resolução de seu monitor, iluminação ou ainda, percepção visual. Os objetos decorativos das imagens não acompanham os produtos.<br> 2- pequenas variações de medidas de até 2% são normais, de acordo com a portaria 149/2011 do inmetro.","{""capacidade_liquida_total"":""276 L"",""cor"":""Branco"",""marca"":""Esmaltec"",""voltagem"":""127 V""}",276 L,Branco,Esmaltec,,,127 V,,,276,Branco,Esmaltec,Não informado,Manual,127V,2,276,Branco,Esmaltec,,Manual,110V,2 Portas,276L
magazineluiza||215131100,Geladeira/Refrigerador Brastemp Frost Free Evox,"A Geladeira Brastemp Inverse Viva! 422 Litros economiza até 33% de energia. A configuração Inverse, com freezer embaixo e refrigerador em cima, deixa os alimentos mais utilizados sempre à vista e à mão. Ela possui a solução de gelo Smart Ice que acelera a produção de gelo com o Turbo Gelo e a função Smart Bar que serve para resfriar as bebidas mais rápido. O Controle Eletrônico permite acionar as funções pré-programadas em apenas um toque. Bonita e elegante, sua iluminação de LED melhora a visualização e consome menos energia.","{""capacidade_liquida_total"":""422 L"",""cor"":""Inox"",""marca"":""Brastemp"",""material"":""Evox"",""quantidade_de_portas"":""2 Portas"",""tipo_de_degelo"":""Frost Free"",""voltagem"":""127 V""}",422 L,Inox,Brastemp,Evox,Frost Free,127 V,2 Portas,,422 Litros,Não informado,Brastemp,Não informado,Frost Free,Não informado,Não informado,Não informado,Cinza,Brastemp,Evox,Frost Free,110V,2 Portas,422L
magazineluiza||010069900,Geladeira/Refrigerador Electrolux Frost Free,"O refrigerador Infinity 542 litros é Frost Free, não precisa descongelar nunca, possui painel Blue Touch, sem botões aparentes para executar as funções eletrônicas do refrigerador, Funções festas, compras, e férias, facilidade de regulagem do refrigerador para diferentes situações, Espaço Conveniência, compartimento com tampa para alimentos que precisam de um espaço especial, prateleiras de vidro temperado bonitas resistentes e fáceis de limpar, compartimentos Flex Box, sistema Multiflow que distribui o ar no interior do refrigerador garantindo a melhor preservação dos alimentos, Frosty Cups, taças e copos sempre gelados para comemorar até inesperadas celebrações, Cesta de frutas delicadas removível para armazenar e transportar com todo o cuidado necessário, espaço light particular, removível e com alça, Indicadores de temperatura interna elevada, necessidade de troca do filtro e porta aberta, indicam as respectivas condições adversas a serem corrigidas para garantir alta performance de funcionamento do refrigerador, Reservatório de água para 5 litros com Pure Filter, mais água filtrada e gelada sempre à mão sem a necessidade de conexão hidráulica, Espaço Express composto do Drink Express e do Gourmet Express, Espaço Mais, ampla cesta interna que permite fácil transporte de alimentos para dentro e para fora do refrigerador, Gourmet Express, prepara e resfria rapidamente mousse, pavê, cheesecake e pudim no Espaço Express, Ice Maker, produção de gelo automática sem a necessidade de conexão hidráulica.","{""capacidade_liquida_total"":""542 L"",""cor"":""Inox"",""marca"":""Electrolux"",""tipo_de_degelo"":""Frost Free"",""voltagem"":""220 V""}",542 L,Inox,Electrolux,,Frost Free,220 V,,,542 litros,Não informado,Electrolux,Não informado,Frost Free,Não informado,Não informado,Não informado,Inox,Electrolux,Inox,Frost Free,220V,2 Portas,542L
lojascertel||2001551,Refrigerador Frost Free Duplex - CRM55AB - Consul - Branco,"Refrigerador Frost Free Duplex - Ref: CRM55AB - da marca Consul Se você busca bastante espaço para guardar alimentos e ainda ser saudável, a geladeira Consul Bem Estar é perfeita para você! Além de um super espaço, ela vem com a gaveta Horta em Casa, que conserva suas verduras pelo dobro do tempo. Para ficar ainda melhor, ela tem o Filtro Bem Estar, que elimina os cheiros desagradáveis da geladeira. E com a Frutaria, as frutas ficam bem ali na porta, para não serem esquecidas no fundo da gaveta. Principais Características: • Horta em casa • Frutaria • Porta Latas Flex • Meu Espaço • Gaveta Gelo Extra • Controle de temperatura • Exclusivo filtro de ar Bem-Estar • Interface Touch • Espaço Mais • Iluminação LED • Gaveta Hortifruti • Economia de Energia AVISO: Imagens meramente ilustrativas, objetos decorativos não acompanham o produto.","{""cor"":""Branco"",""marca"":""Consul"",""quantidade_de_portas"":""2 Portas"",""tipo_de_degelo"":""Frost Free"",""voltagem"":""220 V""}",,Branco,Consul,,Frost Free,220 V,2 Portas,,Não informado,Branco,Consul,Não informado,Frost Free,Não informado,Duplex,Não informado,Branco,Consul,,Frost Free,220V,2 Portas,437L
electrolux||2003354,Geladeira Electrolux Frost Free 382L Duplex Branca (TF42),"<p> Impressiona pela quantidade de funcionalidades que possui, com destaque para o controle de temperatura pelo painel externo, puxador ergonômico e prateleira retrátil do freezer. </p> <p> O Refrigerador Frost Free duplex também ajuda a ficar longe de doenças. É que ao contrário do que muita gente pensa, o local ideal para os ovos não é a prateleira da porta. Ela sofre muita alteração de temperatura, de tanto abrir e fechar, criando condições ideais para proliferação de bactérias que podem contaminar seus ovos e te deixar doente. </p> <p> Já com o compartimento Turbo Freezer você garante que seus laticínios fiquem sempre fresquinhos, à mão e conservados corretamente. Ele fica na região onde a temperatura é mais constante, evitando que eles estraguem rápido na sua geladeira duplex. Outra dica bacana é armazenar os potes de queijo cottage de cabeça para baixo, assim você cria um vácuo que evita o surgimento de fungos. </p> <p> Conservar os alimentos fica muito mais fácil com esse refrigerador Electrolux, pois com tudo em seu devido lugar você visualiza o que está para vencer e não deixa nada estragar. </p> <p>O freezer de 94 Litros com prateleira retrátil, permite a flexibilidade que você precisa para cada ocasião Desenvolvido para pessoas exigentes, que priorizam uma cozinha funcional e completa, este refrigerador electrolux Frost Free impressiona pela quantidade de funcionalidades que possui, com destaque para o controle de temperatura pelo painel externo, puxador ergonômico e prateleira retrátil do freezer.</p> <p> Conte também a função Turbo Congelamento do Refrigerador Frost Free, para acelerar o congelamento de carnes e mantê-las conservadas por mais tempo. Aproveite também para resfriar suas bebidas e deixá-las prontas para consumo com a prateleira para garrafas de até 3,3 litros. </p>","{""capacidade_liquida_total"":""382 L"",""cor"":""Branco"",""marca"":""Electrolux"",""tipo_de_degelo"":""Frost Free"",""voltagem"":""Bivolt""}",382 L,Branco,Electrolux,,Frost Free,Bivolt,,,382L,Branca,Electrolux,Não informado,Frost Free,Não informado,Duplex,94 Litros,Branco,Electrolux,,Frost Free,220V,2 Portas,382L
blackhome||BH70152-1,Refrigerador Retro Collection Ion Generation 2 Portas 334 Litros Inverse Preto Gorenje,"<p><strong>Refrigerador Retro Collection Ion Generation 2 Portas 334 Litros Inverse Preto Gorenje</strong><br>Código: ONRK192BK<br><br>A sofisticação do design retro está de volta à sua cozinha com muita tecnologia: o Refrigerador Bottom Freezer 02 portas Retro ION Generation da Gorenje resgata o charme do visual vintage com funções inovadoras para o seu dia a dia. Na clássica e elegante cor Black, o Refrigerador Retro é frost free, tem capacidade para 334 litros e possui Classe A em eficiência energética. Suas tecnologias são inovadoras e a ION Generation é o grande destaque: ela garante uma ótima circulação do ar frio no interior do aparelho, graças as partículas de IONs que são distribuídas uniformemente por todo o refrigerador. Isso permite que a comida fique fresca e conservada por mais tempo. Além disso, o Refrigerador Retro Gorenje Black possui gaveta zona zero (que deixa a temperatura constante de 0° graus, aperfeiçoando o armazenamento de carnes e peixe), Xtreme Freeze (gaveta superior do freezer que realiza o congelamento mais rápido e eficiente) e Qick Cooling (que acelera o resfriamento). Garanta já o seu Refrigerador Bottom Freezer 02 portas Gorenje Retro ION Generation Black.<br><br><strong>Características Técnicas:</strong><br>- Cor: Black.<br>- 2 Portas.<br>- Frost Free.<br>- Classe A em eficiência energética.<br>- Capacidade refrigerador Litros: 329/307.<br>- Capacidade Freezer Litros: 98.<br>- Gaveta zona zero: Temperatura constante de 0° graus aperfeiçoa o armazenamento de carnes e peixes.<br>- Gaveta XXL.<br>- Ion Generation: Ion Air com Multiflow 360o - garante ótima circulação do ar frio no interior do Refrigerador. O ar com partículas de IONs é distribuído uniformemente por todo o Refrigerador. O ventilador empurra o ar frio em torno de todo volume do Refrigerador permitindo que a comida fique fresca e conservada por mais tempo.<br>- Xtreme Freeze: Gaveta superior do Freezer com congelamento mais rápido e eficiente.<br>- Qick Cooling: acelera o resfriamento.<br>- Iluminação interna de LED.<br>- Display de LED.<br>- Alarme sonoro de abertura de porta.<br>- Salva as configurações em caso de falta de energia.<br>- 4 Prateleiras de vidro.<br><br><strong>Especificações Técnicas:</strong><br>- Peso líquido: 71 kg<br>- Peso bruto: 80 kg<br><br><strong>Dimensões do Produto:</strong><br>Largura: 600mm<br>Profundidade: 640mm<br>Altura: 1940mm<br><br><strong>Dimensões da Embalagem:</strong><br>Largura: 640mm<br>Profundidade: 770mm<br>Altura: 2000mm</p>","{""cor"":""Preto"",""marca"":""Gorenje"",""quantidade_de_portas"":""2 Portas"",""tipo_de_degelo"":""Frost Free""}",,Preto,Gorenje,,Frost Free,,2 Portas,,334 Litros,Preto,Gorenje,Não informado,Frost Free,Não informado,2 Portas,334 Litros,Preto,Gorenje,,Frost Free,220V,2 Portas,334L
magazineluiza||010044401,Refrigerador 424 Litros Consul,,"{""marca"":""Consul""}",,,Consul,,,,,,424 Litros,Não informado,Consul,Não informado,Não informado,Não informado,Não informado,Não informado,,Consul,,,,,424L
tabaratotolevando||5824,Geladeira Refrigerador 601L 3 Portas LG Side By Side P-Veyron GS65SDN1.ANSGSBS,"O sistema Door In Door? exclusivo da LG proporciona facilidade e rapidez ao acessar seus alimentos preferidos, além de diminuir a perda de ar frio em 46.5%. Agora com 9% a mais de espaço para armazenamento, equivalente a 6,2L.<br> Compressor Linear Inverter?<br> Economia de 32% de energia e diminuição de ruído de 25% com o Compressor Linear Inverter? a evolução do Inverter com 10 anos de garantia. Mais durabilidade e confiança.<br> Hygiene Fresh+?<br> Purifique o ar, desodorize seu refrigerador e elimine 99,999% das bactérias com o filtro Hygiene Fresh+? aliando filtro duplo de carbono, fotocatalisador de LED UV e ventilador automático integrado ao Múltiplo Fluxo de Ar.<br> Moist Balance Crisper?<br> Mantenha seus alimentos frescos por mais tempo na gaveta com controle de umidade, que por meio de suas cavidades mantêm a umidade no nível ótimo.<br> Rack para Vinhos<br> Armazena até 4 garrafas de vinho ou espumante em temperatura ideal para consumo.<br> FRESHBalancer<br> Tecnologia exclusiva da LG que mantém a umidade ideal de frutas e legumes. Frutas 88% e legumes 95%.<br> <br> <br> Características:<br> Referência GS65SDN<br> Tipo Side by Side<br> Capacidade 601 litros<br> Capacidade do refrigerador 405 litros<br> Capacidade do congelador 196 litros<br> Número de portas 3 (Door in Door)<br> Degelo Frost Free<br> Display Touch<br> Controle de temperatura: Sim<br> Dispenser de água e gelo: Sim<br> Recipiente para gelo: Sim<br> Iluminação interna ? Sim<br> Prateleira: Vidro temperado<br> Acabamento: Aço escovado<br> Consumo: 57,5 kWh<br> Classificação energética: A<br> <br> <br> Dimensões:<br> Altura: 179 cm<br> Largura: 91,2 cm<br> Profundidade: 73,8 cm<br> Peso: 130 kg<br> <br> <br> Garantia do Fornecedor de 12 Meses","{""capacidade_liquida_total"":""601 L"",""marca"":""LG"",""quantidade_de_portas"":""3 Portas"",""tipo_de_degelo"":""Frost Free"",""voltagem"":""127 V""}",601 L,,LG,,Frost Free,127 V,3 Portas,,601L,Não informado,LG,Não informado,Frost Free,Não informado,3,601 litros,Inox,LG,Aço,Frost Free,110V,3 Portas,601L
lojascolombooficial||1579091,Geladeira Duplex Consul Frost Free 451L com Painel Eletrônico CRM56FB,"A Geladeira Duplex Consul Frost Free 451L Branca com Painel Eletrônico - CRM56FB é a opção perfeita para ser sua nova geladeira. Conta com muito espaço, diversas funções para levar praticidade ao seu dia a dia além de sua economia de energia. <br> Seu Espaço Flexível vai permitir que os compartimentos sejam ajustáveis na porta, com mais de 10 combinações para você ajustar do seu jeito e guardar alimentos e potes de diferentes alturas. A Prateleira Flex Freezer 3 em 1, permite você ter a prateleira inteira, meia prateleira ou nenhuma, você ajusta do seu jeito. Basta empurrar ou puxar a prateleira para guardar itens de diferentes tamanhos e volumes. <br> Tenha o seu Gavetão transparente de frutas e legumes para organizar e visualizar os alimentos de forma rápida e prática, além de um espaço dedicado para você manter suas frutas organizadas e protegidas! Com essa gaveta separada das verduras e legumes, suas frutas não serão mais esquecidas no fundo da gaveta. <br> Conta com Filtro Antiodor eliminando odores desagradáveis, chega de água com gosto de geladeira. Com Gelo Extra, armazene 2x mais gelo! Reserve os cubos de gelo prontos no recipiente enquanto as duas forminhas ficam disponíveis para preparar ainda mais gelo, além da Função Turbo que gela rápido até quando está cheia! Ressaltando que o tempo de estabilização da temperatura do refrigerador pode variar dependendo da temperatura inicial da geladeira, de quantas vezes a porta é aberta nesse período e a temperatura ambiente. <br> Com sua Economia de Energiastrong&gt;, a sua Geladeira Duplex Consul Frost Free 451L Branca com Painel Eletrônico é pensada para economizar energia. *Em comparação ao menor índice de um produto na classificação A da tabela de eficiência energética do INMETRO. Consulte as informações do produto na tabela de eficiência energética do Inmetro no site oficial do instituto.<br> <br> Caracteristicas do produto:<br> Tipo: 2 portas Frost Free<br> Capacidade do refrigerador: 353 litros<br> Capacidade do freezer: 124 litros<br> Capacidade total (litros): 479 litros<br> Painel de Controle: Sim<br> Controle de temperatura: 5 níveis de temperatura<br> Frost free: Sim<br> Aviso de porta aberta: Sim<br> Puxadores: Plástico<br> Iluminação: LED<br> Iluminação interna: Sim<br> Turbo Freezer: Sim<br> Compartimento para gelo: Sim<br> Prateleiras no Freezer: Sim<br> Prateleira no refrigerador: Sim<br> Prateleiras deslizantes: Sim<br> Prateleiras reguláveis: Sim<br> Compartimento extra-frio: Sim<br> Porta latas: Não<br> Porta ovos: Sim<br> Gaveta multiuso: Sim<br> Gavetão para legumes: Sim<br> Desodorizador: Sim<br> Pés: Ajustáveis com rodízios<br> Classificação Energética: A<br> Frequência: 60 Hz<br> Filtro anti-odor: Sim<br> Certificação Inmetro: 5218/2016<br> Gaveta gelo extra: Sim<br> Congelamento rápido: Sim<br> <br> Dimensões do produto: <br> Altura: 186,00 cm<br> Largura: 69,70 cm<br> Profundidade: 74,10 cm<br> Peso: 76,00 kg<br> <br> Garantia do fabricante <br> 12 meses","{""capacidade_liquida_total"":""451 L"",""cor"":""Branco"",""marca"":""Consul"",""quantidade_de_portas"":""2 Portas"",""tipo_de_degelo"":""Frost Free"",""voltagem"":""127 V""}",451 L,Branco,Consul,,Frost Free,127 V,2 Portas,,451L,Branca,Consul,Não informado,Frost Free,Não informado,2 portas,479 litros,Branco,Consul,,Frost Free,110V,2 Portas,451L
loja-ultrafeu||6394,Refrigerador/Expositor Vertical Conveniência Cerveja E Carnes GCBC-950C PR - Preto 957 Litros Frost Free Porta Cega - Gelopar,"O GCBC da Gelopar foi desenvolvido para conservação e exposição de Cervejas ou Carnes, oferecendo maior visibilidade a seus produtos de forma elegante e com prático acesso para seus clientes. Com temperatura regulável para -6o, -4o, +1oC ou +3oC (Modo Economia), sua refrigeração é feita por ar forçado, contando ainda com controlador eletrônico com indicador de temperatura e degelo automático (frost free) - total praticidade para o dia-a-dia. Sua porta em chapa cega pré-pintada conta com sistema de fechamento automático, garante economia de energia por menor perda de temperatura interna. O GCBC acompanha 4 prateleiras aramadas reguláveis e inclináveis, perfil porta etiquetas para melhor identificação dos produtos e pés niveladores que garantem total ajuste a qualquer tipo de piso. O modo economia da GCBC proporciona maior economia de energia nos períodos de inatividade do estabelecimento, quando o refrigerador não é aberto - ainda mais benefícios que só a Gelopar poderia trazer para o seu negócio! Plano de Carga: Latas 350ml (unidades): 864 Long Necks 350ml (unidades): 480 Garrafas 600ml (unidades): 280 A Gelopar oferece 12 meses de garantia em seus produtos para sua tranquilidade!","{""capacidade_liquida_total"":""957 L"",""cor"":""Preto"",""marca"":""Gelopar"",""voltagem"":""220 V""}",957 L,Preto,Gelopar,,,220 V,,,957 Litros,Preto,Gelopar,Não informado,Frost Free,Não informado,Porta Cega,Não informado,,,,,,,
magazineluiza||010052505,Geladeira/Refrigerador Consul 239L,,"{""capacidade_liquida_total"":""239 L"",""marca"":""Consul"",""voltagem"":""220 V""}",239 L,,Consul,,,220 V,,,239L,Não informado,Consul,Não informado,Não informado,Não informado,Não informado,Não informado,,Consul,,,220V,,239L
engage-info||9946,Geladeira Brastemp 540L BRO80AE Frost Free Side Inverse com Ice Maker Preta 127V,"Sua cozinha ganha versatilidade com o novo Refrigerador Brastemp Side Inverse BRO80AE 540L!<br><br>Com 540 litros de capacidade, ele conta com acabamento Evox, um material resistente a corrosão e com design elegante para fazer parte do projeto de sua cozinha.<br><br>A Brastemp Side Inverse é a nova geração de geladeiras! Pequena por fora e gigante por dentro, ela tem capacidade de Side by Side e vem com compartimentos inteligentes.<br><br>Com o refrigerador na parte superior e freezer inferior, os alimentos mais utilizados ficam sempre ao alcance das mãos.<br><br>Este modelo também conta com funções especiais para o seu dia a dia, iluminação em LED de baixo consumo no refrigerador e programa Ice Maker, que produz 12 bandejas de gelo automaticamente, sem precisar de ponto de água!<br><br>Com o freezer na parte de baixo, tudo o que você mais usa fica ao alcance das suas mãos. O Ice Maker é uma verdadeira fábrica de gelo, produz 12 bandejas de gelo automaticamente, sem precisar de ponto de água!<br><br>*Comparação com os modelos de Side by Side com litragem entre 480 Litros e 540 Litros.<br><br>Ice Maker Painel de Controle Compartilhamento Interior Armazenagem Interna<br><br>Configuração Side Inverse<br><br>Você sabia que, em média, se abre a geladeira 26 vezes mais do que o freezer? Por essa razão, a Brastemp Side Inverse com Central Inteligente traz muita praticidade, deixando o que você mais usa ao alcance das mãos. E já que você usa menos o freezer, ele fica na parte de baixo, assim você não esquece mais nada no fundo da gaveta.<br><br>Capacidade 540L<br><br>A Geladeira Brastemp Side Inverse é completa. Com 540 litros de capacidade, tem design moderno e funcional. Sua estrutura inovadora, com freezer na parte inferior e refrigerador superior no modelo Side By Side, além de funções especiais, a torna uma geladeira única.<br><br>Iluminação Led<br><br>Deixa a sua geladeira ainda mais moderna. Além de melhorar a visualização interna, ela consome menos energia** que as lâmpadas tradicionais.<br><br>Side Inverse<br><br>Este modelo, além de ser Inverse, com freezer abaixo do refrigerador, também conta com portas Side By Side para melhor aproveitamento do espaço interno. Tudo isso ao alcance de suas mãos.<br><br>Painel de Controle<br><br>Por meio do Painel de Controle Eletrônico é possível comandas as funções da geladeira, como: Turbo Freezer; Modos Especiais, que inclui Festas, Férias e Compras; Ice Maker, para a produção de gelo; Aviso de Porta Aberta e Controles de Temperatura.<br><br>Turbo Freezer<br><br>Com capacidade para até 12 garrafas de 600ml ou 32 latas de 350ml, o Turbo Freezer gela suas bebidas mais rapidamente e conta com uma função especial para sobremesas.<br><br>Ice Maker<br><br>Com a Geladeira Preta Side Inverse nunca vai faltar gelo na sua casa. O Ice Maker, localizado no freezer, os cubos são armazenados em uma gaveta especial, com capacidade para até 12 bandejas de gelo.<br><br>Compartimentos Especiais <br><br>Para melhor organização dos alimentos, a geladeira conta com compartimentos especiais como: Cesto para Ovos; Gavetas para Legumes, Frios e Frutas; Prateleiras e Separador de Garrafas.<br><br>Características Gerais<br><br>Iluminação LED Refrigerador<br>Prateleiras de Vidro<br>Sistema Wind Flow<br>Cesto Porta Ovos<br>Prateleira Extra<br>Gaveta de Legumes<br>Gaveta de Frios<br>Gaveta de Frutas<br>Reservatório de água<br> do Ice Maker<br>Ice Maker<br> (Sistema automático de gelo)<br>Gaveta de Gelo<br>Iluminação LED Freezer<br>Compartimento Turbo Freezer<br>Tampa Compartimento Turbo Freezer<br>Cesto Superior Freezer<br>Cesto Inferior Freezer<br>Rodapé<br>Pés Estabilizadores<br>Prateleiras Garrafas<br>Prateleira Rasa<br>Acabamento Prateleira<br>Separadores de Garrafas<br>Prateleiras Inferior<br><br>Especificações Técnicas<br><br>Tipo de Degelo: Frost Free<br>Dispenser de água gelada: Não<br>Dispenser de gelo: Não<br>Prateleira do refrigerador: Vidro<br>Porta-latas: Não<br>Capacidade de armazenagem total (L): 540<br>Capacidade de armazenagem do refrigerador (L): 374 litros<br>Tensão/Voltagem<br>- 110V<br>- 220V<br>Consumo de Energia: A (menos 25% de consumo)<br>Capacidade de armazenagem do freezer (L): 166 litros<br>Cor: Preto<br>Eficiência Energética: A<br><br>Observações<br>1. Não nos responsabilizamos pela instalação/montagem deste produto. Para eventuais peças adicionais, bem como possíveis limitações à utilização de todas as funcionalidades, consulte o fabricante. <br><br>2. Devido às normas da ABNT e às resoluções no 13 de 2006, no 2 de 2007 e no 8 de 2009 do CONMETRO, os fabricantes estão mudando as tomadas para o novo padrão. Para utilizar este produto, será preciso adaptador ou a troca da tomada antiga. Não nos responsabilizamos por esta alteração. <br><br>3. Para instalação, funcionalidades, manutenção e cuidados específicos consulte o manual do produto. <br><br>4. Escolha a opção de voltagem do produto: 110V ou 220V<br>Entrega do Produto<br>- Não nos responsabilizamos pela instalação/montagem<br>- Não nos responsabilizamos pelo transporte por escadas/elevadores, guincho ou içamento deste produto.<br><br>Dimensões<br><br>Altura: 1,86 m<br>Largura: 82,90 cm<br>Profundidade: 75,00 cm<br>Peso: 110,00 kg<br><br>Garantia de 12 Meses","{""capacidade_liquida_total"":""540 L"",""cor"":""Preto"",""marca"":""Brastemp"",""tipo_de_degelo"":""Frost Free"",""voltagem"":""127 V""}",540 L,Preto,Brastemp,,Frost Free,127 V,,,540L,Preta,Brastemp,Não informado,Frost Free,127V,Não informado,540L,Preto,Brastemp,Evox,Frost Free,110V,3 Portas,540L
continentalcenter||760600046316070201,Refrigerador Brastemp Inverse 3 Frost Free 3 Portas 419L Evox127V BRY59AK,"Refrigerador Brastemp Inverse 3 Frost Free 3 Portas 419L Evox 127V BRY59AK<p>Conheça agora a mais <strong>nova geração de Refrigeradores da Brastemp</strong>! A linha traz modernidade e a funcionalidade de uma geladeira Brastemp, com <strong>funções pensadas para atender todas as suas expectativas</strong> e um design fora do comum, a nova <strong>Geladeira Inverse 3 BRY59AE </strong>vai conquistar a todos.</p><p>Dê um <em>upgrade</em> na sua geladeira, o refrigerador BRY59AK conta com<strong> tecnologia Frost Free</strong>, possui três portas e o freezer é <em>inverse</em>, espaço e compartimentos pensados para armazenar e conservar os alimentos da forma ideal!</p><p>A Tecnologia Evox protege sua geladeira da ferrugem e corrosão com uma camada de zinco e uma película impermeabilizante aplicadas sobre o aço. </p><p>A geladeira Brastemp conta com funções que fazem dela ser a melhor e a opção perfeita para você, o<strong> <em>Freeze Control Pro</em></strong> conta com controle de temperatura independente para programar diferentes funções, carnes conservadas por até 10 dias sem congelar*, cerveja extragelada a -4 °C, frios e laticínios nas condições ideais e vinhos e espumantes na temperatura ideal. </p><p>Tenha gelo mais rápido através do <em><strong>Turbo Ice</strong></em>, já o exclusivo sistema <em><strong>Twist Ice Advanced</strong></em> permite abastecer as formas de gelo de um jeito inteligente, evitando molhar o chão da cozinha, além de desenformar o gelo facilmente e armazená-lo em um recipiente portátil e prático. </p><p>O design da BRY59AK é moderno e traz um efeito positivo no ambiente, o painel eletrônico proporciona a melhor maneira de acionar as funções da sua geladeira, é possível controlar a temperatura do congelador, ser avisado quando a porta ficou aberta e escolher modos pré-programados para ativar funções especiais.</p><p>Espaço de sobra para armazenar itens,<strong> conta com prateleiras com múltiplas combinações</strong> possíveis para armazenar itens de diversos tamanhos na porta de sua geladeira. Além da<strong> Iluminação LED</strong>, facilitando a visibilidade dos alimentos consumindo menos energia. </p><p>Viu só como a Brastemp pensa em todos os detalhes? Dê um <em>upgrade </em>na sua cozinha, conte com a <strong>Geladeira Brastemp Inverse 3 </strong>BRY59AK e aproveite cade detalhe.</p><p><strong>Especificações Técnicas:</strong></p><p>Marca: Brastemp<br>- Modelo: BRY59AK<br>- Cor: Inox<br>- Porta: Evox<br>- Voltagem: 127V<br>- Capacidade total: 419L<br>- Capacidade do refrigerador: 283L<br>- Capacidade do freezer: 136L<br>- Tipo de display: LED<br>- Tipo de degelo: Frost Free<br>- Número de portas: 3<br>- Painel de controle: Externo<br>- Tipo: Inverse<br>- Plugue e tomada: 10 A<br>- Dimensões do produto (LxAxP): 70 x 194 x 75 cm<br>- Peso líquido: 87kg<br>- Classificação Energética: A<br>- Dimensões do nicho (LxAxP): 80 x 204 x 85 cm<br>- Dimensões aprox. da embalagem (LxAxP): 74,5 x 199 x 83,3 cm<br>- Peso bruto: 90kg<br>- Potência: 130 W<br>- Consumo aprox. de energia: 63 kWh<br>- Corrente: 2,3 A<br>- Frequência: 60 Hz<br>- Selo INMETRO: Sim<br>- Garantia: 12 meses</p>","{""capacidade_liquida_total"":""419 L"",""cor"":""Inox"",""marca"":""Brastemp"",""material"":""Evox"",""quantidade_de_portas"":""3 Portas"",""tipo_de_degelo"":""Frost Free"",""voltagem"":""127 V""}",419 L,Inox,Brastemp,Evox,Frost Free,127 V,3 Portas,,419L,Inox,Brastemp,Não informado,Frost Free,127V,3,419L,Inox,Brastemp,Evox,Frost Free,110V,3 Portas,419L
comprebel2||44139,Refrigerador Electrolux Top Freezer 474L Platinum (DF56S) 220V,"Geladeira/Refrigerador Top Freezer 474L Platinum (DF56S)<br><br>A geladeira Frost free Electrolux DF56S é uma excelente aquisição para as pessoas que desejam ter um eletrodoméstico sofisticado e de alta tecnologia em sua residência.<br><br>O amplo espaço interno do maior freezer do segmento com 128 litros* da geladeira DF56S Electrolux permite que você armazene, de maneira rápida e prática, itens de formatos e tamanhos variados.<br><br>Essa geladeira Electrolux possui o sistema Fast Adapt com prateleiras deslizantes que possibilitam variadas configurações internas da geladeira e do freezer. Isso garante flexibilidade e facilidade no momento de organizar os alimentos que precisam de refrigeração.<br><br>Além disso, a gaveta hortinatura dessa geladeira Frost free permite preservar frutas e verduras por até 60% mais tempo que gavetas comuns, garantindo assim os produtos que beneficiarão sua saúde.<br><br>Marca<br>- electrolux<br>- DF56S<br><br>ÁGUA NA PORTA<br>- Não<br><br>ALARME DE PORTA ABERTA<br>- Sim<br><br>CESTA PORTA OVOS<br>- Sim<br><br>COMPARTIMENTO CONGELAMENTO RÁPIDO<br>- Sim<br><br>COMPARTIMENTO EXTRA FRIO<br>- Sim<br><br>DEGELO AUTOMÁTICO<br>- Sim<br><br>HOME BAR<br>- Não<br><br>ILUMINAÇÃO INTERNA<br>- Sim<br><br>PAINEL ELETRÔNICO<br>- Sim<br><br>PORTA LATAS<br>- Não<br><br>PORTA LATICÍNIOS<br>- Não<br><br>PORTA REVERSÍVEL<br>- Não<br><br>PRATELEIRAS DE VIDRO TEMPERADO<br>- Sim<br><br>PRATELEIRAS NA PORTA<br>- Sim<br><br>PRATELEIRAS REGULÁVEIS<br>- Sim<br><br>PRATELEIRAS REMOVIVEIS<br>- Sim<br><br>RECIPIENTE PARA GUARDAR GELO<br>- Sim<br><br>RODÍZIOS<br>- Sim<br><br>SEPARADOR DE GARRAFAS<br>- Sim<br><br>TIMER<br>- Não<br><br>CLASSIFICAÇÃO ENERGÉTICA<br>A<br>FREQUÊNCIA<br>60 Hz<br>ACABAMENTO FRONTAL<br>- Platinum<br><br>ALTURA DO PRODUTO<br>- 189 cm<br><br>LARGURA DO PRODUTO<br>- 70 cm<br><br>LARGURA DO PRODUTO EMBALADO<br>- 73,5 cm<br><br>PROFUNDIDADE DO PRODUTO EMBALADO<br>- 79 cm<br><br>PROFUNDIDADE DO GABINETE SEM PORTA<br>- 62,8 cm<br><br>PROFUNDIDADE COM PORTA E SEM PUXADOR<br>- 73,3 cm<br><br>PROFUNDIDADE COM PORTA ABERTA<br>- 134,7 cm<br><br>LARGURA PORTA ABERTA 90° SEM PUXADOR<br>- 74,8 cm<br><br>LARGURA PORTA ABERTA 90° COM PUXADOR<br>- 77,7 cm<br><br>ALTURA DO GABINETE SEM PORTA<br>- 186,7 cm<br><br>Garantia do Fornecedor<br>- 12 Meses<br>","{""capacidade_liquida_total"":""474 L"",""cor"":""Prata"",""marca"":""Electrolux"",""quantidade_de_portas"":""2 Portas"",""tipo_de_degelo"":""Frost Free"",""voltagem"":""220 V""}",474 L,Prata,Electrolux,,Frost Free,220 V,2 Portas,,474L,Platinum,Electrolux,Não informado,Frost Free,220V,2,Não informado,Prata,Electrolux,,Frost Free,220V,2 Portas,474L
engageeletro||5305,Geladeira Refrigerador Panasonic Frost Free 2 Portas NR BT42 387L Inverter Aço Escovado 220v,<p>Descrição: Geladeira/Refrigerador 2 Portas Frost Free NR-BT42BV1 387 Litros Aço Escovado - Panasonic<br> Modelo: NR-BT42BV1<br> Linha: [re]generation<br> Tipo: Duplex<br> Sistema: Top Freezer<br> Degelo: Frost Free<br> Capacidade Útil do Refrigerador (L): 292<br> Capacidade Útil do Freezer (L): 95<br> Capacidade Útil Total (L): 387<br> Cor: Aço Escovado<br> Classificação Procel / Eficiência Energética: A<br> Consumo Aproximado de Energia: 31 kWh/mês<br> Inverter: Sim<br> Vitamin Safe: Sim<br> Gavetão Horti Fruti: 1<br> Compartimento Extra Frio: Sim<br> Turbo Freezer: Sim<br> Painel de Controle: Eletrônico<br> Controle de Temperatura do Refrigerador no Painel Externo: Sim<br> Porta Latas: Sim (Flexível)<br> Porta Ovos: Sim<br> Iluminação: LED<br> Quantidade de Portas: 2<br> Quantidade de Prateleiras no Refrigerador: 4 Total: 3 (Vidro Temperado) + 1 Plástico<br> Quantidade de Prateleiras na Porta do Refrigerador: 4<br> Quantidade de Gavetas no Refrigerador: 1<br> Quantidade de Prateleiras no freezer: 1<br> Quantidade de Prateleiras na Porta do Freezer: 2<br> Potência de Operação (W): 110W<br> Potência de Desgelo (W): 230W<br> Sistema de Refrigeração: Serpentina com fluído R600a<br> Tipo de Pés: Estabilizador<br> Material: Aço<br> Peso: 57 kg<br> Voltagem: 220V<br> Dimensões s/ Embalagem (A x L x P): 180 x 60 x 77 cm<br> Garantia: 1 Ano (ofertada pelo fabricante)</p>,"{""capacidade_liquida_total"":""387 L"",""marca"":""Panasonic"",""material"":""Aço"",""quantidade_de_portas"":""2 Portas"",""tipo_de_degelo"":""Frost Free"",""voltagem"":""220 V""}",387 L,,Panasonic,Aço,Frost Free,220 V,2 Portas,,387L,Aço Escovado,Panasonic,Aço,Frost Free,220V,2,Não informado,Inox,Panasonic,Aço,Frost Free,220V,2 Portas,387L
bendicasa||16575,Geladeira Consul CRM44ABANA Frost Free Duplex 386 Litros,"Nos dias de hoje, ter eletrodomésticos que facilitam a rotina do dia a dia, trazem muitos benefícios. E com a Geladeira/Refrigerador não é diferente, não é mesmo? Se você está a procura de uma nova ou quer trocar, precisa conhecer o refrigerador CRM44AB da Consul. Uma geladeira na cor branca, Frost Free, iluminação em LED, o que deixa ela econômica e sustentável, com capacidade líquida total de 386 litros, duplex, e tem 5 níveis de temperatura que vão facilitar o seu dia a dia. Isso sem contar no exclusivo puxador embutido na cor preta, deixando ela com um design bonito, ergonômico e fácil de limpar. Além disso, conta com sistema de ajustes de Altura Flex, que dá para ajustar em até 4 níveis de altura para organizar a geladeira de forma fácil e rápida. Cabe da jarra a melância. E o Freezer Espaçoso, é perfeito para organizar seus congelados sem fazer malabarismo. Outro detalhe é a função turbo, que gela rápido até quando está cheia. Com esse refrigerador, você organiza tudo da sua maneira, e deixa sua cozinha mais bonita e completa!","{""capacidade_liquida_total"":""386 L"",""cor"":""Branco"",""marca"":""Consul"",""tipo_de_degelo"":""Frost Free"",""voltagem"":""127 V""}",386 L,Branco,Consul,,Frost Free,127 V,,,386 Litros,branca,Consul,Não informado,Frost Free,Não informado,Duplex,Não informado,Branco,Consul,Aço,Frost Free,110V,2 Portas,386L
magazineluiza||010041901,Geladeira/Refrigerador Brastemp Frost Free 1 Porta,"A tecnologia Frost Free deste refrigerador Brastemp garante que você não precisa descongelar o refrigerador nunca. Possui prateleiras de vidro temperado, painel eletrônico externo, facilitando o controle de temperatura, e congelador com capacidade de armazenagem de 47 litros. Para a sua economia, conta ainda com classificação A em consumo de energia.","{""capacidade_liquida_total"":""342 L"",""cor"":""Branco"",""marca"":""Brastemp"",""quantidade_de_portas"":""1 Porta"",""tipo_de_degelo"":""Frost Free"",""voltagem"":""127 V""}",342 L,Branco,Brastemp,,Frost Free,127 V,1 Porta,,Não informado,Não informado,Brastemp,Não informado,Frost Free,Não informado,1 Porta,47 litros,Branco,Brastemp,,Frost Free,,1 Porta,342L
magazineluiza||224058700,Geladeira/Refrigerador Samsung Frost Free,"Conheça o refrigerador Samsung Ibaci com degelo automático. Fabricado em aço vai dar estilo e praticidade para sua cozinha. Este modelo conta com a inversão da estrutura de uma geladeira convencional, sendo o seu freezer embaixo e o refrigerador em cima, ou seja, tipo de porta que chamamos de French Door , composta por 03 portas. Além do design moderno, ele ainda conta com total de capacidade líquida de 547L. Ainda conta com prateleiras, espaços para frutas e legumes, controle de umidade e seu diferencial, a função especial All Around Cooling, que refrigera de um modo uniforme todos os pontos do refrigerador. Ela é uma ótima opção para quem busca algo amplo e prático.","{""capacidade_liquida_total"":""547 L"",""cor"":""Inox Look"",""marca"":""Samsung"",""tipo_de_degelo"":""Frost Free"",""voltagem"":""127 V""}",547 L,Inox Look,Samsung,,Frost Free,127 V,,,547L,Não informado,Samsung,aço,Frost Free,Não informado,3,Não informado,Inox,Samsung,,Frost Free,110V,3 Portas,547L
frigelar2||kit9201,Geladeira Brastemp 400 Litros Frost Free Duplex Freeze Control Branco BRM54JBANA 110V,"A Geladeira/Refrigerador Frost Free BRM54 400L da Brastemp é o que falta para completar sua cozinha. Ela possui o exclusivo compartimento Freeze Control, que conserva carnes por até 5 dias sem congelar e deixa bebidas e laticínios na temperatura ideal. Para ajudar na organização, ela possui 2 prateleiras e 1 gavetão, onde você pode conserva frutas e verduras por mais tempo. A gaveta de legumes mantém a temperatura e a umidade mais adequadas para o armazenamento de frutas e hortaliças, preservando suas características naturais por mais tempo. No espaço adapt você pode fazer múltiplas combinações possíveis com as prateleiras para armazenar itens de diversos tamanhos na porta de sua geladeira. Já pelo Painel Eletrônico você acessa o controle de temperatura e os modos especiais: compras, festa e férias, trazendo mais facilidade no dia a dia. Sua cor branca é neutra e combina com qualquer cozinha.","{""capacidade_liquida_total"":""400 L"",""cor"":""Branco"",""marca"":""Brastemp"",""quantidade_de_portas"":""2 Portas"",""tipo_de_degelo"":""Frost Free"",""voltagem"":""127 V""}",400 L,Branco,Brastemp,,Frost Free,127 V,2 Portas,,400 Litros,Branco,Brastemp,Não informado,Frost Free,110V,2,400L,Branco,Brastemp,Evox,Frost Free,110V,2 Portas,400L
spaceeletromaringa||BRM56AKBNA,Refrigerador Brastemp Frost Free 462 Litros Turbo Ice Evox BRM56AK 220V,"A Geladeira Brastemp Frost Free Duplex BRM56 462 litros conta com a função Turbo Ice – gelo mais rápido sempre que precisar, com aviso de quando está pronto. Vem também com o Twist Ice Advanced, o Espaço Adapt e o compartimento Turbo Control.DestaquesTurbo IceTenha gelo mais rápido sempre que precisar.Twist Ice AdvancedO exclusivo sistema Twist Ice Advanced permite abastecer as formas de gelo de um jeito inteligente, evitando molhar o chão da cozinha, além de desenformar o gelo facilmente e armazená-lo em um recipiente portátil e prático.Espaço AdaptPrateleiras com múltiplas combinações possíveis para armazenar itens de diversos tamanhos na porta de sua geladeira.Turbo ControlCompartimento extrafrio bipartido, com função turbo que permite aumentar a potência em um dos lados para gelar bebidas e sobremesas ainda mais rápido.Latas e Long NecksCompartimento especial para gelar rápido suas bebidas. Ele pode ser encaixado tanto no freezer como no refrigerador para gelar a cerveja ou o refrigerante, com um espaço perfeito para 3 garrafas long neck ou 6 latas.Painel EletrônicoA melhor maneira de acionar as funções da sua geladeira. Com o Painel Eletrônico Brastemp, você pode controlar a temperatura do refrigerador, ser avisado quando a porta ficou aberta e escolher modos pré-programados para ativar funções especiais.CaracterísticasQuantidade de Portas: 02 portasFrost FreeAlarme de porta abertaPainel de Controle ExternoDisplay Touch ScreenMostrador frontal de temperaturaPrateleiras: VidroPorta latasPorta ovosGavetas: 1 gaveta de legumes, 2 gavetas de frutas, 1 gaveta latas e long necksPés NiveladoresEspecificações TécnicasModelo: BRM56AKCor: EvoxCapacidade Total: 462 LitrosCapacidade de Armazenamento do Freezer: 109 LitrosCapacidade de Armazenamento do Refrigerador: 353 LitrosSelo Procel (Eficiência Energética): AConsumo de Energia: 66 kwh/mêsVoltagem: 220VEAN: 77891129251588 (220v)Garantia: 12 mesesDimensões e PesoDimensões do produto sem embalagem (AxLxP): 1840x 725 x 701 mmDimensões do produto com embalagem (AxLxP): 1890 x 770 x 794 mmPeso do produto sem embalagem: 80 kgPeso do produto com embalagem: 82 kgItens Inclusos01 Refrigerador","{""capacidade_liquida_total"":""462 L"",""marca"":""Brastemp"",""material"":""Evox"",""tipo_de_degelo"":""Frost Free"",""voltagem"":""220 V""}",462 L,,Brastemp,Evox,Frost Free,220 V,,,462 Litros,Evox,Brastemp,Não informado,Frost Free,220V,02 portas,462 Litros,Inox,Brastemp,Evox,Frost Free,220V,2 Portas,462L
magazineluiza||221811500,Geladeira/Refrigerador Panasonic Frost Free,"Com a Geladeira/Refrigerador NRBT50BD3WA Panasonic você vai ter tecnologia Econavi, exclusiva com economia de energia, monitorando o uso do produto no dia a dia e fazendo-o funcionar de acordo com a rotina da casa. O refrigerador é frost free, seu tipo de porta é duplex e armazena até até 435L de capacidade líquida, armazenando tudo o que você precisa e mais um pouco. Conta com a tecnologia desodorizador eliminando uma grande quantidade de bactérias que retiram o frescor dos alimentos e geram um odor desagradável. Os vegetais perdem o frescor quando a umidade está muito baixa ou muito alta. Perdem também vitaminas desde que são colhidos até serem consumidos. E para manter o máximo de nutrientes preservados por mais tempo.","{""capacidade_liquida_total"":""435 L"",""cor"":""Branco"",""marca"":""Panasonic"",""tipo_de_degelo"":""Frost Free"",""voltagem"":""127 V""}",435 L,Branco,Panasonic,,Frost Free,127 V,,,435L,Não informado,Panasonic,Não informado,Frost Free,Não informado,duplex,Não informado,Branco,Panasonic,Aço,Frost Free,110V,2 Portas,435L
gazinshop||6655,GeladeiraRefrigerador LG Frost Free Side by Side 601 Litros Painel Touch New Lancaster GS65SDN,"<p>Geladeira/Refrigerador LG Frost Free Side by Side 601 Litros Painel Touch New Lancaster GS65SDN</p><p><br></p><p> Puxador embutido: design simples e moderno, harmonizado para a sua cozinha. </p><p> Da figura moderna para a praticidade, a única com o puxador embutido em linhas retas que expande o glamour e o prestígio do interior da cozinha.</p><p> Gaveta controle de umidade: mantenha seus</p><p><br></p><p> Características:</p><p> Alimentos frescos por mais tempo na gaveta com controle de umidade, que por meio de suas cavidades mantém a umidade no nível ritimo.</p><p> Tecnologia exclusiva da LG que mantém a umidade ideal de frutas e legumes. </p><p> Frutas 88% e legumes 95%.</p><p> Novo door in door 9% mais espaço</p><p> Acesso rápido aos alimentos e bebidas favoritas</p><p> Menor perda de ar frio</p><p> Maior economia de energia</p><p> Compressor linear inverter</p><p> Design inovador com mais espaço</p><p> Novo conceito com puxador embutido</p><p> Painel touch led</p><p> Rack para vinhos</p><p> Dispenser de água e gelo</p><p> Máquina de gelo automática</p><p> Compressor linear inverter</p><p> 10 anos de garantia</p><p> Silencioso e eficiente</p><p> Filtro hygiene fresh+</p><p> Elimina 99,999% das bact?rias</p><p> Desodorização/elimina odores</p><p> Controle de temperatura</p><p> Painel touch</p><p> Iluminação led</p><p> Botão discreto</p><p> Puxador embutido</p><p> Dispenser de água e gelo</p><p> Prateleiras de vidro temperado mais resistente</p><p> Prateleiras de móveis com espaços mais inteligentes</p><p> Gaveta com controle de umidade: moist balance crisper</p><p> Rack para vinhos</p><p> Gaveta de utilidades do dia a dia como ovos, queijos, leites, etc.</p><p> Gaveta freshbalancer mantém a umidade ideal</p><p> Gaveta freezing zone</p><p> Iluminação led</p><p> Máquina de gelo</p><p> Capacidade total: 601l</p><p> Capacidade refrigerador: 405l</p><p> Capacidade freezer: 196l</p><p> Consumo de energia: 57,5 kwh</p><p> Classificação energética: a</p><p> Selo procel: sim</p><p><br></p><p> Dimensões:</p><p> Altura: 179 cm </p><p> Largura: 91.2 cm </p><p> Profundidade: 73.8 cm </p><p> Peso: 130 kg</p><p><br></p><p> Garantia do fornecedor de 12 meses.</p>","{""capacidade_liquida_total"":""601 L"",""cor"":""Aço escovado"",""marca"":""LG"",""material"":""Aço Escovado"",""tipo_de_degelo"":""Frost Free"",""voltagem"":""127 V""}",601 L,Aço escovado,LG,Aço Escovado,Frost Free,127 V,,,601 Litros,Não informado,LG,Não informado,Frost Free,Não informado,4,601 Litros,Inox,LG,Aço,Frost Free,110V,2 Portas,601L
magazineluiza||010031105,Refrigerador 337 Litros CCE,,{},,,,,,,,,337 Litros,Não informado,CCE,Não informado,Não informado,Não informado,Não informado,Não informado,,CCE,,,110V,,337L
homepoint||SG5892,Refrigerador Philco Side By Side PRF504I Inverter 489 Litros,"PRINCIPAIS CARACTERÍSTICAS:<br>Design moderno não é apenas um visual atrativo, mas também, modo de desenvolver um produto que traga maiores benefícios, simplesmente, a partir de sua estrutura. Assim como o Refrigerador Philco Side By Side PRF504I. Que possui design “Side By Side”, onde refrigerador e freezer estão lado a lado para garantir maior aproveitamento do espaço vertical do refrigerador. Aumentando a eficiência, em conjunto, da tecnologia Smart Colling. Distribuindo de maneira uniforme a temperatura por todo refrigerador e freezer. Sem ter o acúmulo de gelo. Garantindo melhor higiene e conservação dos alimentos. Aliado ao compressor Inverter, que em constante funcionamento evita picos de funcionamento fazendo com que o produto não consuma energia em excesso. Temperaturas que são facilmente configuradas a partir do painel digital. Cujo display, possui diversas funções e configurações para você alterar as preferências tanto do freezer quanto do refrigerador. Garantindo que o Refrigerador Philco Side By Side PRF504I sempre atenderá suas necessidades quando precisar. Além de tornar sua cozinha muito mais atraente e completa!<br><br>ESPECIFICAÇÕES DO PRODUTO:<br>• Voltagem: 220v<br>• Capacidade de 489L (324L no refrigerador e 165L no freezer)<br>• Classificação ""A"" em eficiência energética<br>• Sistema de refrigeração Frost Free<br>• Side by side (freezer na porta esquerda e refrigerador na porta direita)<br>• Painel touch <br>• Controle de temperatura do freezer e refrigerador de forma independente<br>• Freezer com temperaturas de -15°C a -22°C<br>• Refrigerador com temperaturas de 2 a 8°C<br>• Funções smart, turbo freezer e turbo refrigerador<br>• Alarme de porta aberta<br>• Porta em aço com tratamento anti-corrosão<br>• Prateleiras em vidro temperado<br>• Iluminação interna LED<br>• Compressor inverter<br>• Garantia de 12 meses contra defeito de fabricação<br><br>IMAGENS MERAMENTE ILUSTRATIVAS","{""capacidade_liquida_total"":""489 L"",""marca"":""Philco"",""tipo_de_degelo"":""Frost Free"",""voltagem"":""220 V""}",489 L,,Philco,,Frost Free,220 V,,,489 Litros,Não informado,Philco,Aço,Frost Free,220v,Não informado,489L,Inox,Philco,,Frost Free,220V,2 Portas,489L
electrolux||310118940,Geladeira Electrolux Frost Free Inverter 474L Efficient Duplex Cor Inox (IT56S),"A <strong>geladeira Electrolux Frost Free IT56S</strong> traz mais flexibilidade e praticidade para o seu dia a dia na cozinha. O amplo espaço interno desse refrigerador com capacidade de 474 litros e o maior freezer do segmento com 128 litros* permite que você armazene alimentos de tamanhos e formatos variados. Essa <strong>geladeira Electrolux</strong> conta com funções personalizadas, como Festa, Férias e Compras, que escolhem automaticamente a temperatura ideal para cada situação. Além disso, possui um sistema de prateleiras deslizantes e reversíveis, o FastAdapt, que trará muito mais versatilidade para guardar seus alimentos e embalagens, permitindo que seja usada toda a flexibilidade necessária para o uso da <strong>geladeira Frost Free</strong>. O IceMax, compartimento para produção de gelo com exclusivo sistema sem respingos e sem mistura de odores, é fácil de remover e mantém os cubos de gelo sempre prontos para usar no freezer dessa <strong>Geladeira Frost Free Electrolux IT56S</strong>. <p> (*) Maior freezer do segmento top freezer combinado frost free até 500 litros conforme tabela de eficiência energética de 06/10/2021 PBE (Programa Brasileiro de Etiquetagem).</p>","{""capacidade_liquida_total"":""474 L"",""cor"":""Inox"",""marca"":""Electrolux"",""material"":""Inox"",""tipo_de_degelo"":""Frost Free"",""voltagem"":""Bivolt""}",474 L,Inox,Electrolux,Inox,Frost Free,Bivolt,,,474L,Inox,Electrolux,Não informado,Frost Free,Não informado,Não informado,Não informado,Inox,Electrolux,,Frost Free,220V,2 Portas,474L
leonfer||2038,Refrigerador Evox 2 Portas Frost Free 340L com Freezer 72L Consul,"O Refrigerador Consul CRM39KNA é a único com as prateleiras Altura Flex, que podem ser ajustadas em até 8 níveis de altura. Possui também a função Turbo, ideal para momentos em que sua geladeira está muito cheia, controle de temperatura e a tecnologia Frost Free, que não precisa descongelar nunca. Além disso, conta com a Tecnologia EVOX, que protege sua geladeira da ferrugem e corrosão.<br> <br> Características:<br> Marca: Consul <br> Modelo: Crm39kna<br> Consumo: 49.1 kWh<br> Capacidade de armazenagem total: 340 L<br> Capacidade de armazenagem do refrigerador: 268 L<br> Capacidade de armazenagem do freezer: 72 L<br> Consumo de Energia: A (menos 25 de consumo)<br> Eficiência Energética: A<br> Prateleiras do refrigerador em vidro com moldura plástica, prateleiras de porta e gaveta em plástico injetado<br> Puxadores: 2<br> Tipo do puxador: Integrado cabeceira<br> <br> Dimensões:<br> Altura: 169,5 cm<br> Largura: 62,1 cm<br> Profundidade: 71,4 cm<br> Peso: 58,5 kg<br> <br> Garantia do fornecedor: 12 meses","{""capacidade_liquida_total"":""340 L"",""marca"":""Consul"",""material"":""Evox"",""quantidade_de_portas"":""2 Portas"",""tipo_de_degelo"":""Frost Free"",""voltagem"":""220 V""}",340 L,,Consul,Evox,Frost Free,220 V,2 Portas,,340L,Não informado,Consul,Não informado,Frost Free,Não informado,2 Portas,340L,Prata,Consul,Evox,Frost Free,220V,2 Portas,340L
samsung||1391,Geladeira Samsung RF56K Inverter Frost Free Smart 4 Portas com Dispenser de Água 564L Inox,"Modelo: RF56K9040 Projetado com profundidade de balcão e com as portas inferiores na altura da bancada, o Samsung French Door Convert se encaixa perfeitamente na sua cozinha, deixando-a elegante e prática. Seu sistema Triple Cooling de refrigeração mantém os alimentos frescos e saborosos por mais tempo.","{""capacidade_liquida_total"":""564 L"",""cor"":""Inox"",""marca"":""Samsung"",""material"":""Inox"",""quantidade_de_portas"":""4 Portas"",""tipo_de_degelo"":""Frost Free"",""voltagem"":""220 V""}",564 L,Inox,Samsung,Inox,Frost Free,220 V,4 Portas,,564L,Inox,Samsung,Não informado,Frost Free,Não informado,4 Portas,Não informado,Inox,Samsung,,Frost Free,220V,4 Portas,564L
lojaszema||3632,Refrigerador Panasonic 387L Frost Free Duplex NR-BT41PD1W,"A Geladeira BT41 Panasonic tem baixo consumo de energia e, por isso, possui classificação A+++ na tabela de eficiência energética do Inmetro. Uma economia de mais de 30 que você vê refletida na sua conta de luz.<br> PAINEL ELETRÔNICO A sua geladeira dúplex tem controle de temperatura do turbo freezer no novo painel externo e design inovador minimalista.<br> MAIS ESPAÇO NO FREEZER Com a geladeira top freezer BT41, espaço é o que não vai faltar. Além de prateleiras profundas para potes de sorvete de 2L, esta geladeira também conta com um freezer que comporta até 95L de alimentos.<br> GELADEIRA LIVRE DE BACTÉRIAS COM SISTEMA ANTIBACTERIA AG Mantenha sua geladeira e os alimentos livres de bactérias com o sistema Antibacteria Ag. Por meio da combinação entre um filtro de carbono e íons de prata, que age dentro do duto durante a circulação de ar, a geladeira Panasonic elimina 99,9 das bactérias.<br> <br> Características: <br> Tipo: Duplex<br> Subcategoria: Top Freezer<br> Degelo: Frost Free<br> Capacidade útil do refrigerador: 292 Litros<br> Capacidade útil do freezer: 95 Litros<br> Capacidade útil total: 387 Litros <br> Classificação Procel/eficiência energética: A+++<br> Consumo aproximado de energia: 39,4 kWh/mês<br> Inverter: Não<br> Econavi/Smartsense: Não<br> Vitamin Power: Não<br> Vitamin Safe: Sim<br> Antibacteria Ag: Sim<br> Desodorizador: Não<br> Climate control: Não<br> Gavetão hortifrúti: 1<br> Fresh Freezer: Não<br> Compartimento extrafrio: Sim<br> Drink cooler: Não<br> Turbo freezer: Sim<br> Painel de controle: Eletrônico<br> Funções pré-programadas: Não<br> Controle de temperatura do refrigerador no painel externo: Sim<br> Controle de temperatura do refrigerador interno: Não<br> Controle de temperatura do freezer no painel externo: Não<br> Dispenser de água/gelo na porta: Não<br> Capacidade do dispenser de gelo (kg): Não<br> Ice Twister: Não<br> Trava painel: Não<br> Porta-latas: Não<br> Porta-ovos: Sim<br> Iluminação: LED<br> Prateleira retrátil: Não<br> Quantidade de prateleiras no refrigerador: 3 Total: 2 (Vidro Temperado) + 1 (Plástico)<br> Quantidade de prateleiras flexíveis na porta do refrigerador: Não<br> Quantidade de prateleiras na porta do refrigerador: 4<br> Quantidade de gavetas no refrigerador: 1<br> Quantidade de prateleiras no freezer: 1<br> Quantidade de prateleiras na porta do freezer: 2<br> Quantidade de gavetas no freezer: Não<br> Potência de operação (W): 120W<br> Potência de degelo (W): 230W<br> Sistema de refrigeração: Serpentina com fluido R600a<br> Tipo de pés: Estabilizador<br> Material do painel da porta: Aço<br> Porta reversível: Não<br> <br> Dimensões: <br> Altura: 180 cm<br> Largura: 60 cm<br> Profundidade: 77 cm <br> Peso: 57 kg<br> <br> Garantia do fornecedor: 12 meses","{""capacidade_liquida_total"":""387 L"",""cor"":""Branco"",""marca"":""Panasonic"",""material"":""Aço"",""tipo_de_degelo"":""Frost Free"",""voltagem"":""127 V""}",387 L,Branco,Panasonic,Aço,Frost Free,127 V,,,387 Litros,Branco,Panasonic,Não informado,Frost Free,Não informado,2,387L,Branco,Panasonic,Aço,Frost Free,110V,2 Portas,387L
comprebel2||33999,Geladeira Brastemp Inverse 460 litros Inox com Freeze Control Advanced BRE59AK - 110V,"A Geladeira Brastemp Frost Free Inverse 460 litros possui refrigerador em cima e freezer embaixo, mais o exclusivo compartimento Freeze Control Advanced – controle de temperatura independente que permite programar funções de acordo com sua necessidade.<br><br>- <strong>Freeze Control Advanced</strong><br>Conserve as carnes por até 10 dias sem congelar*, resfrie o compartimento em até -4 °C, para deixar a cerveja no ponto ideal, ou utilize a função Frios e Laticínios para conservar melhor alimentos mais perecíveis. *respeitada a data de validade impressa na embalagem.<br><br>- T<strong>urbo Ice</strong><br>Tenha gelo mais rápido sempre que precisar.<br><br>- T<strong>wist Ice Advanced</strong><br>O exclusivo sistema Twist Ice Advanced permite abastecer as formas de gelo de um jeito inteligente, evitando molhar o chão da cozinha, além de desenformar o gelo facilmente e armazená-lo em um recipiente portátil e prático.<br><br>- <strong>Espaço Adapt</strong><br>Prateleiras com múltiplas combinações possíveis para armazenar itens de diversos tamanhos na porta de sua geladeira.<br><br>- <strong>Latas e Long Necks</strong><br>Compartimento especial para gelar rápido suas bebidas. Ele pode ser encaixado tanto no freezer como no refrigerador para gelar a cerveja ou o refrigerante, com um espaço perfeito para 3 garrafas long neck ou 6 latas.<br><br>- <strong>Adega</strong><br>Compartimento retrátil para armazenar vinhos na posição ideal de conservação, aproveitando ao máximo o espaço do seu refrigerador.<br><br>- <strong>Cooling Control</strong><br>A tecnologia Cooling Control mantém os alimentos bem conservados em qualquer lugar da geladeira. Isso porque conta com múltiplas saídas de ar que possibilitam uma temperatura homogênea em todo o seu interior.<br><br><br><strong>ESPECIFICAÇÕES TÉCNICAS</strong><br><br>Modelo: BRE59AK<br>Cor: Inox<br>Voltagem: 110V<br>Capacidade tota: 460L<br>Tipo de Degelo: Frost Free<br>Display: Touch Screen<br>Formato: Inverse<br><br><br><strong>MEDIDAS APROXIMADAS DO PRODUTO</strong><br><br>Largura: 70,1cm<br>Altura: 194cm<br>Profundidade: 75cm<br>Peso: 87kg<br><br><strong>MEDIDAS APROXIMADAS DO PRODUTO COM EMBALAGEM</strong><br><br>Largura: 77cm<br>Altura: 199cm<br>Profundidade: 79,4cm<br>Peso: 90kg<br><br><br><strong>GARANTIA</strong><br><br>Prazo de garantia: 12 meses<br><br><br>","{""capacidade_liquida_total"":""460 L"",""cor"":""Inox"",""marca"":""Brastemp"",""quantidade_de_portas"":""2 Portas"",""tipo_de_degelo"":""Frost Free"",""voltagem"":""127 V""}",460 L,Inox,Brastemp,,Frost Free,127 V,2 Portas,,460L,Inox,Brastemp,Não informado,Frost Free,110V,Não informado,460,Inox,Brastemp,,Frost Free,110V,2 Portas,460L
tabaratotolevando||10828,Refrigerador Duplex Electrolux 474 Litros Frost Free DF56,"Organize seus alimentos com praticidade e eficiência!<br> O Refrigerador Electrolux DF56 oferece ótimo aproveitamento interno com as prateleiras reversíveis e retráteis no freezer e no refrigerador, pois adapta o espaço interno para guardar os mais diversos tipos de embalagens e alimentos.<br> Sua tecnologia Icemax, possui compartimento para produção de gelo com exclusivo sistema sem respingos, sem mistura de odores e fácil de remover.<br> Com a Hortinatura, você consegue preservar frutas e verduras por até 60 mais** tempo que gavetas comuns.<br> Além disso, o refrigerador é equipado com o maior freezer do mercado, são 128 litros para conservar alimentos de diferentes tamanhos.<br> <br> CARACTERÍSTICAS: <br> Capacidade total 474 litros<br> Capacidade da geladeira em volume 346 litros<br> Capacidade do freezer em volume 128 litros<br> Tipo de degelo Frost free<br> Painel Eletrônico<br> Tipo de porta Duplex<br> Quantidade de portas 2<br> Freezer Sim<br> Quantidade de níveis de temperatura Refrigerador: 3 níveis<br> Número de grades da geladeira 2 grades<br> Material das prateleiras da geladeira Vidro temperado<br> Congelador Não<br> Portas reversíveis Não<br> Gaveta de vegetais Sim<br> Gaveta multiuso Sim<br> Porta latas Sim<br> Controle de temperatura do refrigerador Sim<br> Controle de temperatura do freezer Sim<br> Fabricador de gelo Sim<br> Dispenser de água Não<br> Dispenser de gelo Sim<br> Alarme de porta aberta Não<br> Luz interior Sim<br> Eficiência energética A<br> Potência 127V: 114 W | 220V: 110 W<br> Consumo 54 kW/h<br> Frequência 60 Hz<br> Inmetro Sim<br> <br> Dimensões: <br> Altura: 189 cm<br> Largura: 70 cm<br> Profundidade: 73,3 cm<br> Peso: 76 Kg<br> <br> Garantia do fornecedor de 12 meses.","{""capacidade_liquida_total"":""474 L"",""cor"":""Branco"",""marca"":""Electrolux"",""tipo_de_degelo"":""Frost Free"",""voltagem"":""127 V""}",474 L,Branco,Electrolux,,Frost Free,127 V,,,474 Litros,Não informado,Electrolux,Não informado,Frost Free,127V / 220V,2,474 Litros,Branco,Electrolux,,Frost Free,110V,2 Portas,474L
magazineluiza||010030605,Refrigerador CCE 307 Litros,,"{""capacidade_liquida_total"":""307 L""}",307 L,,,,,,,,307 Litros,Não informado,CCE,Não informado,Não informado,Não informado,Não informado,Não informado,,CCE,,,220V,,307L
lojasbenoit||101151,Refrigerador / Geladeira Electrolux TF42 382L Frost Free 2 Portas Degelo Automático,"<br> Tipo de degelo: Automático <br> Capacidade de armazenagem total (L): 382 <br> Capacidade de armazenagem do refrigerador (L): 288 <br> Capacidade de armazenagem do freezer (L): 94 <br> Porta: 2 <br> Classificação de consumo (Selo Procel): A <br> Prateleira: 5 <br> Tipo de prateleira: Removível <br> Gaveta: Refrigerador: 1 gaveta <br> Compartimento congelamento rápido: Sim <br> Trava de segurança: Não <br> Alarme de porta aberta: Sim <br> Iluminação interna: Sim <br> Mostrador frontal de temperatura: Sim <br> Cor: Branco <br> Voltagem: 110V ou 220V (não é bivolt) <br> Classificação de consumo (Selo Procel): A <br> Consumo (kWh): 51kWh <br> Peso (kg): 60 <br> Referência: TF42 <br> Dimensões (AxLxP): 178,5 x 60 x 76cm <br> Itens Inclusos: - 1 Geladeira Electrolux Frost Free - 1 Manual do Produto <br> Informações importantes: Imagens meramente ilustrativas. Objetos que ambientam as fotos não acompanham o produto. As tonalidades das cores dos produtos podem sofrer alterações de acordo com a calibração do seu monitor. Este produto não inclui montagem e instalação. Não nos responsabilizamos, no ato da entrega, por desmontagens, subir escadas, elevadores ou transporte por guincho para apartamentos. Eventuais despesas são de responsabilidade do cliente. <br> Registro INMETRO: Inmetro: informações relativas a certificação constam nas imagens acima <br> Garantia Fabricante: 12 meses","{""cor"":""Branco"",""marca"":""Electrolux"",""quantidade_de_portas"":""2 Portas"",""tipo_de_degelo"":""Frost Free"",""voltagem"":""127 V""}",,Branco,Electrolux,,Frost Free,127 V,2 Portas,,382L,Branco,Electrolux,Não informado,Automático,110V ou 220V,2,382,Branco,Electrolux,,Frost Free,110V,2 Portas,382L
multiloja||25718,Geladeira Consul CRM56HB Frost Free 450L,"A Geladeira Consul Frost Free 450 litros Espaço Flex é a mais espaçosa do segmento. Ela tem flexibilidade e capacidade de sobra para organizar tudo da sua maneira. <br> <br> <br> Características:<br> Filtro Antiodor<br> Frost Free<br> Iluminação em LED<br> Prateleiras do refrigerador em vidro com moldura plástica, prateleiras de porta, gavetas e cestos em plástico injetado<br> Refrigerador (l): 353L<br> Freezer (l): 97L<br> <br> <br> Dimensões:<br> Altura: 189,3 cm<br> Largura: 69,5 cm<br> Profundidade: 71,9 cm<br> Peso: 76 kg<br> <br> <br> Garantia do fornecedor de 12 meses.","{""cor"":""Branco"",""marca"":""Consul"",""tipo_de_degelo"":""Frost Free""}",,Branco,Consul,,Frost Free,,,,450L,Não informado,Consul,Não informado,Frost Free,Não informado,Não informado,Não informado,Branco,Consul,,Frost Free,110V,2 Portas,450L
britania||6780,Refrigerador/Geladeira 489L Side By Side Philco PRF504I,"A Geladeira 489L Philco PRF504I possui design “Side By Side” onde geladeira e freezer estão lado a lado, garantindo maior aproveitamento do espaço vertical. Ela conta também com tecnologia Smart Colling que distribui de maneira uniforme a temperatura por toda a geladeira e freezer, aumentando a eficiência e garantindo melhor higiene e conservação dos alimentos, sem acúmulo de gelo. O compressor Inverter da Geladeira Philco PRF504I trabalha de maneira silenciosa e constante, evitando picos de funcionamento e garantindo menos consumo de energia. Já o seu elegante display digital possibilita acompanhar as temperaturas e funções selecionadas, além de ser possível configurar individualmente as preferências tanto do freezer quanto da geladeira. A Geladeira Philco Side By Side PRF504I sempre atenderá suas necessidades e tornará a sua cozinha muito mais completa e moderna! • Capacidade de 489L (324L no refrigerador e 165L no freezer) • Classificação ""A"" em eficiência energética • Sistema de refrigeração Frost Free • Side by side (freezer na porta esquerda e refrigerador na porta direita) • Painel touch • Controle de temperatura do freezer e refrigerador de forma independente • Freezer com temperaturas de -15°C a -22°C • Refrigerador com temperaturas de 2 a 8°C • Funções smart, turbo freezer e turbo refrigerador • Alarme de porta aberta • Porta em aço com tratamento anti-corrosão • Prateleiras em vidro temperado • Iluminação interna LED • Compressor inverter.","{""capacidade_liquida_total"":""489 L"",""marca"":""Philco"",""quantidade_de_portas"":""2 Portas"",""tipo_de_degelo"":""Frost Free"",""voltagem"":""220 V""}",489 L,,Philco,,Frost Free,220 V,2 Portas,,489L,Não informado,Philco,Não informado,Frost Free,Não informado,Não informado,489L,Prata,Philco,,Frost Free,220V,2 Portas,489L
magazineluiza||010065500,Refrigerador Duplex Frost Free 319 Litros,,"{""marca"":""Brastemp"",""tipo_de_degelo"":""Frost Free""}",,,Brastemp,,Frost Free,,,,319 Litros,Não informado,Não informado,Não informado,Frost Free,Não informado,Duplex,Não informado,Prata,Brastemp,,Frost Free,220V,2 Portas,319L
moveisbrasilia||901,Refrigerador Panasonic Bt55 483l Inverter Frost Free Nr-bt55pv2x,"<p>Refrigerador Panasonic Bt55 483l Inverter Frost Free Nr-bt55pv2x</p><p> Em relação ao mínimo necessário para classificação A no programa Brasileiro de Etiquetagem. Com a tecnologia Inverter seu refrigerador funciona sem picos de energia. Reduz mais de 43 no consumo de energia, pois regula o compressor de acordo com a temperatura que varia com o abre e fecha da porta e com a quantidade de comida interna. Além disso, é mais silencioso e congela os alimentos mais rápido. Em relação ao mínimo necessário para classificação A no programa Brasileiro de Etiquetagem. **Teste comparativo do mesmo produto com e sem a tecnologia Inverter.</p><p><br></p><p> Especificações Técnicas:</p><p> Tipo: Duplex</p><p> Degelo: Frost Free</p><p> Capacidade Útil do Refrigerador: 368 L</p><p> Capacidade Útil do Freezer: 115 L</p><p> Capacidade Útil Total: 483 L</p><p> Eficiência Energética: A</p><p> Consumo Aproximado de Energia: 39 kWh/mês</p><p> Inverter: Sim</p><p> Desodorizador: Sim</p><p> Gavetão Hortifrúti: Sim</p><p> Compartimento Extrafrio: Sim</p><p> Controle de Temperatura do Freezer no Painel Externo: Sim</p><p> Trava Painel: Sim</p><p> Porta Ovos: Sim</p><p> Iluminação LED: LED</p><p> Quantidade de Portas: 2</p><p> Quantidade de Prateleiras no Refrigerador: 3 (Vidro Temperado)</p><p> Quantidade de Prateleiras na Porta do Refrigerador: 4</p><p> Quantidade de Gavetas no Refrigerador: 2</p><p> Tipo de Pés: Estabilizador</p><p> Material: Aço</p><p> Litragem: 483</p><p> Econavi: Sim</p><p> Vitamin Power: Sim</p><p> Anti-Bacteria: Sim</p><p><br></p><p> Dimensões do produto:</p><p> Altura: 190,0 cm</p><p> Largura: 69,5 cm</p><p> Profundidade: 75,8 cm</p><p> Peso: 70kg</p><p><br></p><p> Garantia do fornecedor: 12 Meses.</p>","{""capacidade_liquida_total"":""483 L"",""marca"":""Panasonic"",""tipo_de_degelo"":""Frost Free"",""voltagem"":""127 V""}",483 L,,Panasonic,,Frost Free,127 V,,,483 L,Não informado,Panasonic,Aço,Frost Free,Não informado,2,483,Prata,Panasonic,Aço,Frost Free,110V,2 Portas,483L
engage-info||51572,Geladeira Brastemp Frost Free Duplex 400L Branca BRM54JB,"A Geladeira Brastemp Frost Free Duplex BRM54 400 litros possui o exclusivo compartimento Freeze Control, que conserva carnes por até 5 dias sem congelar* e deixa bebidas e laticínios na temperatura ideal. Pelo Painel Eletrônico você acessa o Controle de Temperatura e os Modos Especiais: Compras, Festa e Férias. *Respeitada a data de validade impressa na embalagem.<br><br>GELADEIRA REFRIGERADOR BRASTEMP 400L FROST FREE DUPLEX BRM54JB<br>Espaço e opções para armazenar e refrigerar os mais variados alimentos, não vão faltar na Geladeira BRM54JB . São 400 litros de capacidade total divididos entre 311 litros para o refrigerador e outros 89 litros disponíveis para o freezer. As prateleiras internas são ajustáveis, com possibilidade de acomodar qualquer recipiente ou alimento sem transtornos! <br><br>Painel digital<br>Aproveite para escolher quando utilizar as funções compras, férias e festa! O painel digital deixa tudo mais fácil, é só acionar a função e pronto! Você pode desde manter o funcionamento no mínimo gasto energético, gelar ou congelar bebidas e alimentos em até 2 horas, colocar a refrigeração em nível máximo por até 3 horas, ou se preferir, pode congelar até a temperatura de operação no alto por no máximo 6 horas. Coloque também as carnes no espaço freeze control e mantenha tudo congelado por até 5 dias! <br><br>Bebidas trincando!<br>O compartimento para latas e long necks, cabe no refrigerador e também no freezer. Você escolhe o quão rápido quer que suas bebidas estejam geladas. O espaço acomoda até 6 latas e 3 garrafas.<br><br>Sobre a marca: Brastemp, soluções inteligentes!<br>A Brastemp faz parte do grupo Whirlpool Latin América e busca sempre despertar, estimular, provocar, intensificar, aproximar e impactar as pessoas transformando as suas vidas ao longo desses 60 anos. Mais do que produtos, oferecem soluções inteligentes com visão e propósito. Não acreditam em soluções genéricas para questões específicas. Atendem cada necessidade e desejo caso a caso, de forma particular. Conhecem profundamente as diferenças de todo o processo realizado pelos produtos tratando cada um deles de forma específica. <br><br>Especificações Técnicas<br><br>-Marca: Brastemp<br>-Modelo: BRM54JB<br>-Capacidade total: 400 litros<br>-Capacidade da geladeira em volume: 311 litros<br>-Freezer: Sim<br>-Capacidade do freezer em volume: 89 litros<br>-Tipo de degelo: Frost free<br>-Painel: Eletrônico<br>-Tipo de porta: Duplex<br>-Quantidade de portas: 2 portas<br>-Congelador: Sim<br>-Gaveta de vegetais: Sim<br>-Controle de temperatura do refrigerador: Sim<br>-Controle de temperatura do freezer: Sim<br>-Dispenser de água: Não<br>-Eficiência energética: A+<br>-Frequência: 60 Hz<br>-Conteúdo da embalagem: 1 refrigerador, acessórios e manual de instruções.<br><br>Dimensões<br><br>-Altura: 185 cm<br>-Largura: 62 cm<br>-Profundidade: 75,5 cm<br>-Peso: 66 kg<br><br>Garantia<br>01 ano (3 meses de garantia legal e mais 9 meses de garantia especial concedida pelo fabricante).","{""capacidade_liquida_total"":""400L"",""cor"":""Branco"",""marca"":""Brastemp"",""quantidade_de_portas"":""2 Portas"",""voltagem"":""Bivolt""}",400L,Branco,Brastemp,,,Bivolt,2 Portas,,400L,Branca,Brastemp,Não informado,Frost Free,Não informado,2 portas,400 litros,Branco,Brastemp,,Frost Free,110V,2 Portas,400L
fastshop2||SGRS60T5200B12,Refrigerador RS60 Samsung Side by Side Inverter 602 Litros com All Around CoolingT e SpaceMaxT Black Inox Look - RS,"CaracterísticasTipo: Side by sideVerticalFrost FreePainel de ControleFunção RefrigeraçãoControle automático de temperaturaGavetas RemovíveisTecnologia de refrigeração InverterLuz InternaPés com Rodízios e TravamentoPrateleiraEspaço interno maiorVisual elegante e modernoSeus alimentos frescos na temperatura perfeita Mais Economia Durabilidade e Conforto Especificações TécnicasModelo: RS60T5200B1Cor: Black Inox LookCapacidade: 602 LSelo Procel (Eficiência Energética): AConsumo de Energia: 57kwh/mêsVoltagem: 110 V / 220 V (não é Bivolt)EAN: 8806094620603 (110) / 8806094620610 (220 V)Garantia: 12 meseDimensões e PesoDimensões do Produto sem Embalagem (AxLxP): 1780x912x726 mmDimensões do Produto com embalagem (AxLxP): 1915x958x764 mmPeso do produto sem embalagem: 108 kgPeso do produto com embalagem: 117 kgItens Inclusos01 Refrigerador Side by SideAgente ValidadorProduto possui certificação de segurança compulsória, certificado pela 001337/2022, organismo acreditado pela CGCRE do Inmetro. Serviço de Instalação e Orientação de UsoPara sua comodidade, a Fast Shop dispõe do serviço de Instalação* e Orientação de Uso, com equipe especializada e autorizada pelo fabricante que poderá realizar a medição de todos os acessos, retirando as portas do produto caso necessário. Esse serviço pode ser adquirido em contato com nosso canal Blá pelo WhatsApp no número (11) 3232-2949 ou em uma de nossas lojas. Consulte os valores e regiões atendidas.","{""capacidade_liquida_total"":""602 L"",""marca"":""Samsung"",""material"":""Inox"",""tipo_de_degelo"":""Frost Free"",""voltagem"":""Bivolt""}",602 L,,Samsung,Inox,Frost Free,Bivolt,,,602 Litros,Black Inox Look,Samsung,Não informado,Frost Free,110 V  220 V,Não informado,602 L,Preto,Samsung,,Frost Free,220V,2 Portas,602L
lojaszema||78,Geladeira 2 Portas Frost Free 431 Litros TF55 Electrolux,"A geladeira Electrolux Frost free TF55 é uma excelente opção de compra. Maior freezer com 128 litros de capacidade para você armazenar alimentos de tamanhos e formatos variados sem se preocupar com o espaço interno. Prateleiras reversíveis no freezer e no refrigerador para adaptar o espaço interno e guardar os mais diversos tipos de embalagens e alimentos. O Icemax é um compartimento para produção de gelo com exclusivo sistema sem respingos, sem mistura de odores e fácil de remover. Mantém os cubos intactos, prontos para refrescar suas bebidas preferidas. Gavetão de frutas e verduras que as preserva por mais tempo que gavetas comuns. Turbo Freezer e Drink Express, é um compartimento de congelamento rápido para alimentos e bebidas. Fast Adapt: Prateleiras deslizantes que possibilitam variadas configurações internas da geladeira e freezer, otimiza o espaço de forma rápida e simples, organizando itens de diferentes tamanhos e formatos. Iluminação em Led. Painel digital: muito fácil de usar, o display digital permite que você acesse todas as funções do refrigerador sem complicações. A iluminação azul garante um ar moderno e elegante para a sua geladeira.<br> <br> Informações técnicas:<br> Tipo: 2 portas<br> Classificação Energética: A<br> Pés Niveladores: Sim<br> Timer: Não<br> Frequência (Hz): 60<br> Rodízios: Sim<br> Consumo de Energia (W): 49,8<br> Prateleiras Removíveis: Sim<br> Porta Reversível: Não<br> Sistema de Refrigeração: Frost Free<br> Painel Digital: Sim<br> Capacidade (BTUs/h): 8<br> Puxadores: Sim<br> Gavetas Externas: Não<br> Porta Laticínios: Não<br> Prateleiras na Porta: Sim<br> Prateleiras de Vidro Temperado: Sim<br> Recipiente para Guardar Gelo: Sim<br> Prateleiras internas: 3 <br> Prateleiras na contra porta: 7<br> Material das Prateleiras: Vidro temperado<br> Iluminação Interna: Sim<br> Cesta porta Ovos: Sim<br> Separador de Garrafas: Sim<br> Degelo Automático: Sim<br> Alarme de Porta Aberta: Sim<br> Compartimento Extra Frio: Sim<br> Compartimento Congelamento Rápido: Sim<br> Desodorizador: Não<br> Agua na Porta: Não<br> Capacidade Dispenser de Agua: Não tem<br> Gelo na Porta: Não<br> Porta Latas: Não<br> Maquina de Gelo Automática: Sim<br> Home Bar: Não<br> Tecnologia: Frost Free<br> Selo Procel: Não<br> Tipo de Degelo: Automático<br> Temperatura do congelador (oC): -18<br> Pés reguláveis: Sim<br> Capacidade liquida do refrigerador (L): 303<br> Capacidade bruta do refrigerador (L): 310<br> Capacidade total bruta (L): 461<br> Capacidade total de armazenamento (L): 431<br> Capacidade liquida do congelador (l): 128<br> Capacidade bruta do congelador (l): 151<br> Capacidade de congelamento (Kg/24h): 8<br> Tempo máximo de conservação sem energia (h): 8<br> <br> Dimensões do produto sem embalagem:<br> Altura: 176 cm<br> Largura: 70 cm<br> Profundidade: 73,2 cm<br> Peso: 67 Kg<br> Dimensões do produto embalado:<br> Altura: 179 cm <br> Largura: 73,5 cm<br> Profundidade: 77 cm <br> Peso Embalado: 69 Kg<br> <br> Garantia do Fornecedor: 12 meses","{""capacidade_liquida_total"":""431 L"",""cor"":""Branco"",""marca"":""Electrolux"",""quantidade_de_portas"":""2 Portas"",""tipo_de_degelo"":""Frost Free"",""voltagem"":""127 V""}",431 L,Branco,Electrolux,,Frost Free,127 V,2 Portas,,431,Não informado,Electrolux,Não informado,Frost Free,Não informado,2,431,Branco,Electrolux,,Frost Free,110V,2 Portas,431L
ebomdecomprar||17380,Geladeira Consul CRE44AB Frost Free 2 Portas 397L,"A Geladeira CRE44AB Frost Free 2 Portas 397L da Consul possui freezer embaixo, deixando os alimentos na altura ideal, destacando-se pelo seu material de ótima qualidade e seu painel externo de controle de temperatura.<br> <br> <br> Características:<br> Reverse freezer<br> Controle externo de temperatura<br> Turbo Freezer<br> <br> <br> Dimensões: <br> Altura: 184,7 cm <br> Largura: 62,1 cm<br> Profundidade: 71,3 cm<br> Peso: 69,7 kg<br> <br> <br> Garantia do fornecedor: 12 meses.","{""capacidade_liquida_total"":""397 L"",""cor"":""Branco"",""marca"":""Consul"",""quantidade_de_portas"":""2 Portas"",""tipo_de_degelo"":""Frost Free"",""voltagem"":""220 V""}",397 L,Branco,Consul,,Frost Free,220 V,2 Portas,,397L,Não informado,Consul,Não informado,Frost Free,Não informado,2 Portas,Não informado,Branco,Consul,,Frost Free,220V,2 Portas,397L
madeiramadeira-openapi||311763,Geladeira Consul 1 Porta Facilite CRB36 com Frost Free 300L  127V Branco,"Você nunca mais vai ter que descongelar a geladeira. Nunca mais! Já pensou? A gente pensou por você.Essa frost free tem uma porta só, ou seja: é bem compacta. Quem disse que tecnologia não cabe na sua cozinha? Não forma gelo, não faz bagunça, não ocupa espaço. Afinal, pra que se preocupar se a gente pode simplificar?Capacidade geladeira: 253 litrosCapacidade freezer: 47 litrosCapacidade total de armazenamento: 300 litrosDisplay/Painel: NãoControle de temperatura: SimDispenser de água: NãoAlarme de porta aberta: NãoTrava de segurança: NãoPrateleiras removíveis: SimRecipiente para guardar gelo: NãoPorta ovos: SimPorta latas: SimPés niveladores: SimClassificação energética: ATipo de degelo: Frost Free","{""capacidade_liquida_total"":""300 L"",""cor"":""Branco"",""marca"":""Consul"",""quantidade_de_portas"":""1 Porta"",""tipo_de_degelo"":""Frost Free"",""voltagem"":""127 V""}",300 L,Branco,Consul,,Frost Free,127 V,1 Porta,,300L,Branco,Consul,Não informado,Frost Free,127V,1 Porta,300 litros,Branco,Consul,,Frost Free,110V,1 Porta,300L
carrefouroficial||6648401,Geladeira Metalfrio Degelo Automático No Frost 1 Porta Soft Drinks VB28RB 324 Litros,"A temperatura pode subir o quanto quiser, pois com a Geladeira Metalfrio, modelo VB28RB, da Linha Soft Drinks mantem as bebidas na temperatura ideal. O produto possui capacidade total de 324 litros, degelo automático por meio do sistema Frost Free, porta de vidro com fechamento automático. O modelo ainda oferece uma perfeita conservação e exposição para bebidas como refrigerantes, sucos e águas, além de manter os produtos bem expostos em estabelecimentos como bares, restaurantes, padarias, farmácias, lan houses e mercados. <br> <br> Características<br> Evaporador aletado (com ventilação forçada de ar frio): mantém a temperatura uniforme em todos os pontos do equipamento. <br> Iluminação interna com lâmpadas LED: permite melhor visibilidade e destaque dos produtos<br> Porta de vidro antiembaçante: facilita a visualização interna e exposição do produto, gerando o desejo de compra por impulso no cliente. <br> Prateleiras suspensas e reguláveis: com pintura em esmalte epóxi são mais resistentes à corrosão e permitem exposições das mais variadas formas e tamanhos de produtos. <br> Base da unidade de refrigeração removível: facilita a limpeza e manutenção de todo o sistema de refrigeração. <br> Puxador embutido: maior resistência e design harmônico, integrado à porta<br> Quantidade de Portas do Eletrodoméstico: 1<br> Quantidade de Prateleiras: 3.0<br> Tipo de Pés: Niveladores<br> Capacidade Total do Refrigerador: 324.0<br> Capacidade do Refrigerador: 296.0<br> Degelo: Automático<br> Sistema de Refrigeração: No Frost com evaporador aletado<br> Tipo de Refrigerador: No Frost<br> Diferenciais do Refrigerador: Iluminação interna em LED<br> Linha: Soft Drinks<br> Modelo: VB28RB <br> Potência: 290 W<br> Material Geral: Vidro<br> Material Geral: Cobre<br> Material Geral: Plástico<br> Material Geral: Chapa<br> Condição do Produto: Novo<br> Material: Chapa pré pintada, plástico, cobre e vidro<br> Itens Inclusos: 1 Geladeira<br> Marca: Metalfrio<br> <br> Dimensões:<br> Altura: 190.3 cm<br> Largura: 52.5 cm<br> Profundidade: 61.5 cm<br> Peso: 95 kg<br> <br> Garantia do Fornecedor: 3 meses","{""cor"":""Branco"",""marca"":""Metalfrio"",""quantidade_de_portas"":""1 Porta"",""tipo_de_degelo"":""Frost Free"",""voltagem"":""127 V""}",,Branco,Metalfrio,,Frost Free,127 V,1 Porta,,324 Litros,Não informado,Metalfrio,"Vidro, Cobre, Plástico, Chapa",Automático,Não informado,1,3240,,,,,,,
multiloja||39513,Geladeira Electrolux Frost Free Inverse IB7S 490L,"Descubra a Geladeira Electrolux Efficient Inverse de 490L com tecnologia #NãoJogaNadaFora e Inteligência Artificial, que controla a temperatura automaticamente, prolongando a vida dos alimentos em até 30. Com reconhecimento de rotinas, ajusta-se automaticamente para maior eficiência. Equipada com a Tecnologia Inverter, economiza até 42 de energia, enquanto recursos como FoodControl, Gaveta HortiNatura, IceMax e FastAdapt proporcionam conveniência e eficácia no armazenamento. O sistema TasteGuard elimina maus odores rapidamente. <br> <br> <br> Características:<br> 2 Portas<br> Gaveta HortiFruti<br> Filtro TasteGuard<br> AutoSense<br> Tecnologia Inverter<br> Luz de LED<br> Sistema de refrigeração Frost Free<br> Freezer de 167L com gavetas organizadoras<br> Compartimento TurboFreezer de congelamento rápido<br> FastAdapt e prateleira retrátil: Prateleiras que permitem 80 configurações internas<br> FoodControl: Controla a validade de alimentos frescos até a data ideal de consumo<br> Freezer: Gabinete com 1 Prateleira, 2 gavetas e Porta com 2 Prateleiras<br> Refrigerador: Gabinete com 2 Prateleiras, 1 Gaveta e Porta com 4 Prateleiras<br> <br> <br> Dimensões:<br> Altura: 189,5 cm<br> Largura: 69,9 cm<br> Profundidade: 74,9 cm<br> Peso: 73,00 kg<br> <br> <br> Garantia do fornecedor de 12 meses","{""capacidade_liquida_total"":""490 L"",""cor"":""Inox"",""marca"":""Electrolux"",""material"":""Inox"",""quantidade_de_portas"":""2 Portas"",""tipo_de_degelo"":""Frost Free"",""voltagem"":""220 V""}",490 L,Inox,Electrolux,Inox,Frost Free,220 V,2 Portas,,490L,Não informado,Electrolux,Não informado,Frost Free,Não informado,2 Portas,Não informado,Inox,Electrolux,,Frost Free,220V,2 Portas,490L
magazineluiza||227394000,Geladeira/Refrigerador Midea Frost Free,"O Refrigerador/Geladeira RF5561 da Midea vai revolucionar a sua cozinha. Isso porque além de lindo ele é funcional e vai facilitar os seus dias, seu degelo é frost free com um total de quatro portas tipo French Door você vai ter espaço para armazenas todos os tipos de alimentos, cada um em seu devido lugar. Seu motor Inverter Quattro vai proporcionar mais economia de energia, alimentos frescos, baixo ruído e resfriamento rápido. Com capacidade total de 482 litros ele conta também com duas unidades evaporadoras que vão evita que os cheiros do refrigerador e do freezer se misturem, sem contar que vai manter a temperatura balanceada, assim o seu refrigerador e o seu freezer ficam sem odor e a comida sempre fresca. Além disso, possui filtro de carvão com camada de platina, o Platinum Fresh, remove os odores desagradáveis do refrigerador, mantendo um ambiente fresco e saudável. E tem mais, com iluminação em LED, painel de controle externo e cor em inox o maxi freezer tem 6 gavetas que além de mais organização dos alimentos a gaveta flex box com controle de temperatura é ideal para bebidas e lacticínios. Leve agora essa geladeira e tenha o melhor da Midea na sua casa!","{""capacidade_liquida_total"":""482 L"",""cor"":""Inox"",""marca"":""Midea"",""tipo_de_degelo"":""Frost Free"",""voltagem"":""220 V""}",482 L,Inox,Midea,,Frost Free,220 V,,,482 litros,inox,Midea,Não informado,Frost Free,Não informado,4 portas,Não informado,Inox,Midea,,Frost Free,220V,4 Portas,482L
comprebel2||59131,Geladeira Brastemp Frost Free Inverse 443 L Inox com Turbo Ice BRE57AK - 220V,"<p><strong>Geladeira Brastemp Frost Free Inverse 443 L Inox com Turbo Ice BRE57AK - 220V</strong></p><p><br></p><p>A Geladeira Brastemp Frost Free Inverse 443 litros cor Inox possui refrigerador em cima e freezer embaixo, deixando os alimentos mais utilizados sempre à mão. Com a função Turbo Ice, tenha gelo mais rápido sempre que precisar e saiba quando está pronto. O Twist Ice Advanced permite abastecer as formas de gelo e desenformá-lo facilmente, e com o Espaço Adapt você conta com prateleiras ajustáveis para armazenar itens de diversos tamanhos.</p><p><br></p><p>Turbo Ice</p><p>Tenha gelo mais rápido sempre que precisar.</p><p><br></p><p>Twist Ice Advanced</p><p>O exclusivo sistema Twist Ice Advanced permite abastecer as formas de gelo de um jeito inteligente, evitando molhar o chão da cozinha, além de desenformar o gelo facilmente e armazená-lo em um recipiente portátil e prático.</p><p><br></p><p>Espaço Adapt</p><p>Prateleiras com múltiplas combinações possíveis para armazenar itens de diversos tamanhos na porta de sua geladeira.</p><p><br></p><p>Latas e Long Necks</p><p>Compartimento especial para gelar rápido suas bebidas. Ele pode ser encaixado tanto no freezer como no refrigerador para gelar a cerveja ou o refrigerante, com um espaço perfeito para 3 garrafas long neck ou 6 latas.</p><p><br></p><p>Cooling Control</p><p>A tecnologia Cooling Control mantém os alimentos bem conservados em qualquer lugar da geladeira. Isso porque conta com múltiplas saídas de ar que possibilitam uma temperatura homogênea em todo o seu interior.</p><p><br></p><p>Tecnologia Evox</p><p>Protege sua geladeira da ferrugem e corrosão com uma camada de zinco e uma película impermeabilizante aplicadas sobre o aço. Tecnologia Evox com 3 anos de garantia contra ferrugem e corrosão na porta da sua geladeira.</p><p><br></p><p>INFORMAÇÕES TÉCNICAS</p><p><br></p><p>Marca: Brastemp</p><p>Modelo: BRE57AK</p><p>Voltagem: 220V</p><p>Capacidade total: 443 litros</p><p>Degelo: Frost Free</p><p>Posição do freezer: Embaixo</p><p>Cor: Inox</p><p><br></p><p>DIMENSÕES APROXIMADAS DO PRODUTO COM EMABALAGEM</p><p>Largura: 77cm</p><p>Altura: 189cm</p><p>Profundidade:79,4cm</p><p>Peso: 87kg</p><p><br></p><p><br></p><p>DIMENSÕES APROXIMADAS DO PRODUTO SEM EMBALAGEM</p><p>Largura: 72,5cm</p><p>Altura: 184cm</p><p>Profundidade:70,1cm</p><p>Peso: 85kg</p><p><br></p><p>GARANTIA</p><p> 01 Ano (Sendo 3 meses de garantia legal e mais 9 meses de garantia para defeito de fabricação).</p>","{""capacidade_liquida_total"":""443 L"",""cor"":""Inox"",""marca"":""Brastemp"",""material"":""Evox"",""tipo_de_degelo"":""Frost Free"",""voltagem"":""220 V""}",443 L,Inox,Brastemp,Evox,Frost Free,220 V,,,443 L,Inox,Brastemp,Não informado,Frost Free,220V,Não informado,443 litros,Inox,Brastemp,Evox,Frost Free,220V,2 Portas,443L
whirlpool||326020149,Geladeira Brastemp Gourmand Frost Free Side Inverse 540 litros Inox com Ice Maker   - BRO81AR,"A Geladeira Brastemp Gourmand Frost Free Side Inverse 540 litros possui duas portas lado a lado e freezer na parte inferior. Com maior aproveitamento interno e alta capacidade, conta com Ice Maker e Painel Eletrônico Touch.","{""capacidade_liquida_total"":""540 L"",""cor"":""Inox"",""marca"":""Brastemp"",""tipo_de_degelo"":""Frost Free"",""voltagem"":""127 V""}",540 L,Inox,Brastemp,,Frost Free,127 V,,,540 litros,Inox,Brastemp,Não informado,Frost Free,Não informado,2,Não informado,Inox,Brastemp,,Frost Free,110V,3 Portas,540L
zoo||97499,Geladeira / Refrigerador Top Freezer Electrolux TF42S 382L Platinum 220V,"<strong>Geladeira / Refrigerador Top Freezer Electrolux TF42S 382L Platinum 220V</strong><br> Sua cozinha nunca mais será a mesma quando você conhecer o refrigerador Top Freezer 382L Platinum. Este eletrodoméstico surpreende por fora e por dentro, mostrando que é possível ser moderno e, ao mesmo tempo, funcional.<br> <br> Tenha total controle da temperatura do refrigerador pressionando o painel externo, muito fácil de mexer e configurar. Com alguns toques, o interior fica refrigerado ao seu gosto, mantendo os alimentos devidamente congelados.<br> <br> Para não acumular sujeira e facilitar a limpeza, o puxador é ergonômico, feito em metal, que garante maior durabilidade, enquanto a prateleira retrátil do freezer permite o uso em três posições diferentes. Esse refrigerador Electrolux Frost Free é a escolha certeira para sua cozinha!<br> <br> <strong>Gavetão de frutas e legumes</strong><br> Espaçoso, simplifica a organização, além de facilitar na visualização de tudo que está no seu interior.<br> <br> <strong>Prateleiras 100% removíveis</strong><br> Facilita na hora de limpar e permite um uso mais inteligente do espaço interno;<br> <br> <strong>Compartimento para alimentos frescos</strong><br> Conserva melhor os alimentos, evitando que estraguem e sejam desperdiçados. <br> <br> <strong>Prateleiras de vidro</strong><br> São resistentes e mais fáceis de limpar. Ideal para quem quer deixar tudo limpo e brilhando.<br> <br> <strong>Turbo congelamento</strong><br> Quando acionado, congela mais rápido os alimentos, mantendo-os conservados por tempo prolongado.<br> <br> <strong>Formas de gelo suspensas 2 unidades</strong><br> Permite produzir mais gelo, facilitando a limpeza e o manuseio dos recipientes.<br> <br> <strong>2 Prateleiras na porta do freezer</strong><br> Espaço de sobra para acomodar diversos tipos de embalagem, graças a lacuna extra do freezer.<br> <br> <strong>Prateleira para garrafas de até 3,3L</strong><br> Aumenta o espaço útil e auxilia na organização interna.<br> <br> <strong>Características:</strong><br> - Capacidade Do Freezer: 114L<br> - Capacidade Do Refrigerador: 288L<br> - Tecnologia: Frost Free<br> - Alarme de Porta Aberta: Sim<br> - Frequência: 60 Hz<br> <br> Dimensões:<br> Altura: 1785 mm<br> Largura: 600 mm<br> Profundidade: 760 mm<br> Peso: 68 Kg<br> <br> Conteúdo Da Embalagem:<br> - Refrigerador <br> - Manual de Instruções <br> <br> Garantia:<br> 12 meses","{""capacidade_liquida_total"":""382 L"",""cor"":""Platinum"",""marca"":""Electrolux"",""quantidade_de_portas"":""2 Portas"",""tipo_de_degelo"":""Frost Free"",""voltagem"":""220 V""}",382 L,Platinum,Electrolux,,Frost Free,220 V,2 Portas,,382L,Platinum,Electrolux,Não informado,Frost Free,220V,Não informado,Não informado,Prata,Electrolux,,Frost Free,220V,2 Portas,382L
carrefouroficial||900009689,Geladeira Refrigerador Frost Free Duplex Inverse 397 l CRE44BK Consul,"A Geladeira Consul Frost Free Inverse CRE44BK é perfeita para atender as necessidades do dia a dia na cozinha, com a altura ideal para você encontrar tudo num piscar de olhos. A geladeira em aço Evox na cor prata possui capacidade de 397 litros, com duas portas sendo: 1 espaço refrigerador com capacidade de 285L e 1 espaço de freezer com capacidade de 112L. Ela também tem um painel externo para controlar a temperatura do refrigerador e do freezer de maneira independente. Além disso, a função Turbo Freezer te ajuda a congelar ainda mais rápido os alimentos no freezer. Com compartimentos como: gaveta de legumes, gavetas no freezer, cesto para ovos, separador de garrafas. Praticidade e qualidade para você e sua família!","{""capacidade_liquida_total"":""397 L"",""marca"":""Consul"",""quantidade_de_portas"":""2 Portas"",""tipo_de_degelo"":""Frost Free"",""voltagem"":""220 V""}",397 L,,Consul,,Frost Free,220 V,2 Portas,,397 l,prata,Consul,aço Evox,Frost Free,Não informado,2,Não informado,Prata,Consul,Evox,Frost Free,220V,2 Portas,397L
eletrofacil||RF23BB89006MAZ,Geladeira Samsung Bespoke Family Hub 4 Portas com FlexZone 477L 110V RF23BB89006MAZ,"<p><span>Geladeira Samsung Bespoke Family Hub 4 Portas com FlexZone 477L 110V RF23BB89006MAZ</span></p><p><span>A Geladeira Samsung Bespoke Family Hub 4 Portas com FlexZone 477L 110V RF23BB89006MAZ é a solução ideal para quem busca um produto moderno, eficiente e funcional. Com seu design elegante e sofisticado, ela é perfeita para qualquer cozinha.</span></p><p><span>Características</span></p><ul><li><span>Design Bespoke: personalize a sua geladeira com as portas e gavetas nas cores que você preferir.</span></li><li><span>Family Hub: com o Family Hub, você pode acessar suas receitas favoritas, ver a previsão do tempo, ouvir música e muito mais.</span></li><li><span>FlexZoneTM: compartimento versátil que pode ser ajustado para funcionar como refrigerador, congelador ou adega.</span></li><li><span>Tecnologia Twin Cooling PlusTM: resfria os alimentos de forma independente, mantendo-os frescos por mais tempo.</span></li><li><span>Compartimento FreshConverter+: mantém as frutas e legumes frescos por até 21 dias.</span></li><li><span>Compartimento FlexDrawerTM: gaveta multiuso que pode ser usada para armazenar uma variedade de alimentos.</span></li></ul><p><span>Adquira agora mesmo a sua Geladeira Samsung Bespoke Family Hub 4 Portas com FlexZone 477L 110V RF23BB89006MAZ e deixe a sua cozinha ainda mais bonita e funcional!</span></p><p><span>Especificações técnicas</span></p><ul><li><span>Voltagem: 110V</span></li><li><span>Potência: 200W</span></li><li><span>Dimensões: 91,2 x 72,4 x 183,3 cm</span></li><li><span>Peso: 175 kg</span></li><li><span>Garantia: 1 ano</span></li></ul>","{""marca"":""Samsung"",""quantidade_de_portas"":""4 Portas"",""voltagem"":""127 V""}",,,Samsung,,,127 V,4 Portas,,477L,Não informado,Samsung,Não informado,Não informado,110V,4,Não informado,,Samsung,,,110V,4 Portas,477L
grupoaudiolar||031144,Refrigerador Consul Crm54 2pts 441lt Platinun,"Geladeira Consul Bem Estar. Espaço para tudo o que você precisa.Além de espaço para armazenar tudo o que você precisa, a geladeira Consul Bem Estar vem com Filtro Bem Estar*, que acaba com o cheiro ruim e odores fortes; luz de LED, que traz mais modernidade com economia; compartimento extra frio, espaço perfeito para alimentos que precisam ficar mais gelados sem congelar e prateleiras de vidro removíveis. Sem contar que ela é frost free, para você nunca mais ter que tirar o gelo das paredes do congelador. *Para garantir o bom funcionamento, o filtro precisa ser trocado periodicamente.Capacidade tamanho famíliaA Geladeira Consul Frost Free com 441 litros de capacidade é perfeita para você que tem família grande e precisa de muito espaço para armazenar os alimentos. Moderna, conta com Filtro Bem Estar, compartimento extra-frio, luz de LED e prateleiras de vidro removíveis.Filtro Bem EstarNinguém merece abrir a geladeira e sentir cheiros desagradáveis ou por exemplo, tomar um suco com gosto de peixe só porque estava tudo junto. Com o Filtro Bem Estar você não tem este problema, pois elimina todos os aqueles odores ruins. Bem pensado, né?Compartimento extra-frioPara deixar seus alimentos conservados por mais tempo, a Geladeira Consul possui um compartimento extra-frio. Ele é ideal para armazenar alimentos de consumo diário como frios, laticínios e embutidos.Iluminação em LEDA iluminação em LED garante maior visibilidade para o interior da sua geladeira. Além de funcional e moderna, ela também é mais econômica se comparada as lâmpadas comuns.Prateleiras removíveisA geladeira 441 litros conta com duas prateleiras removíveis de vidro que garantem maior durabilidade e facilidade na limpeza. Código: 10004672Marca: ConsulTipo: Geladeira / Refrigerador - 2 portasConsumo: 56Eficiência: ACor: BrancoPorta Reversível: SimPrateleiras removíveis: SimCapacidade Freezer: 109 litrosTipo de Degelo: Frost FreeCapacidade Geladeira: 332 litrosCapacidade Total: 441 litrosDispenser de água: NãoCompartimento extra frio: SimRecipiente para guardar gelo: SimGavetas: 1 gavetaPorta ovos: SimPorta latas: NãoAlarme de porta aberta: NãoPés niveladores: SimPorta reversível: NãoDisplay: Não PossuiControle de temperatura: SimTrava de segurança: NãoN de Portas: 2Painel de Controle: InternoFormato: DuplexDimensões aproximadas do produto (AxLxP): 187,1x71,1x73 cmDimensões aproximadas do produto embalagem (AxLxP): 190,5x76,7x74,5 cmPeso aproximado do produto (Kg): 77,5 kgGarantia do Fornecedor: 12 mesesFornecedor: ConsulSAC: 0800 970 0999Características do ProdutoCor : Branco'","{""capacidade_liquida_total"":""441 L"",""cor"":""Platinun"",""marca"":""Consul"",""voltagem"":""220 V""}",441 L,Platinun,Consul,,,220 V,,,441 litros,Branco,Consul,Não informado,Frost Free,Não informado,2,441 litros,Branco,Consul,,Frost Free,220V,2 Portas,441L
gazinshop||7045,Geladeira Consul Frost Free Duplex 397 Litros Evox com Freezer,"Com uma geladeira com freezer embaixo, os alimentos do dia-a-dia ficam na altura ideal para voce encontrar tudo em um piscar de olhos. <br> Facilita na organizaçao e na limpeza, alem de ser mais pratica para pegar os produtos.<br> Controle externo: controle facilmente a temperatura do refrigerador e do freezer de maneira independente sem precisar abrir a porta.<br> Turbo freezer: a funçao turbo freezer te ajuda a congelar os alimentos mais rapido para acionar a funçao, basta acionar o controle externo.<br> <br> Caracteristicas:<br> Tipo de degelo: frost free<br> Capacidade total liquido: 397 Litros<br> Numero de portas: 2<br> Metodo de preparo: 1<br> Painel de controle: externo<br> Posiçao do freezer: embaixo<br> Principais diferenciais :geladeira com freezer embaixo<br> <br> Especificaçoes de controle e segurança:<br> Painel de controle: externo<br> Tipo de controle do painel: eletronico<br> Tipo de display: led<br> Controle de temperatura no refrigerador: sim<br> Numero de niveis de temperatura do refrigerador: 5<br> Controle de temperatura no freezer: sim<br> Numero de niveis de temperatura do freezer: 5<br> <br> Dimensoes:<br> Altura: 184.7 cm <br> Largura: 62.1 cm <br> Profundidade: 71.3 cm <br> Peso: 69.7 Kg <br> <br> Garantia do fornecedor de 12 meses.<br> <br> Atençao:<br> Nao nos responsabilizamos, no ato da entrega, por desmontagens, subir escadas e elevadores ou transporte por guincho para apartamentos. Eventuais despesas sao de responsabilidade do cliente. Confira as dimensoes deste produto e certifique-se de que passara normalmente por supostos elevadores, portas, escadas ou corredores de sua moradia.<br> Recomendamos que os produtos sejam instalados por profissionais especializados e nao nos responsabilizamos pelo mau uso ou instalaçao indevida, causando a perda da garantia.<br> Todas as informaçoes divulgadas sao de responsabilidade do fabricante e fornecedor.<br> Valor unitario.<br> Imagem meramente ilustrativa.<br> Prazo de troca e devoluçao: 7 dias a partir do recebimento do produto - Lei numero 8.078.<br> Sempre confira o produto no ato da entrega.","{""capacidade_liquida_total"":""397 L"",""cor"":""Inox"",""marca"":""Consul"",""material"":""Evox"",""tipo_de_degelo"":""Frost Free"",""voltagem"":""127 V""}",397 L,Inox,Consul,Evox,Frost Free,127 V,,,397 Litros,Não informado,Consul,Não informado,Frost Free,Não informado,2,397 Litros,Inox,Consul,Evox,Frost Free,110V,2 Portas,397L
tabaratotolevando||8964,Geladeira Refrigerador Samsung 606 Litros French Door Frost Free RF28HMEDBSR,"Geladeira / Refrigerador Samsung 606 Litros French Door Frost Free RF28HMEDBSR<br>Seus alimentos favoritos ao seu alcance<br>A gaveta do meio possui fácil acesso, na altura da bancada. Perfeita para guardar seus alimentos favoritos em um lugar especial.<br><br>Flexibilidade para todas as ocasiões<br>A gaveta do meio conta com a tecnologia Cool Select Zone?, que permite que seja usada para resfriar ou congelar, variando a temperatura com um toque.<br><br>Mantenha os alimentos mais frescos com sistema Twin Cooling Plus?<br>Nosso sistema de refrigeração Twin Cooling Plus? opera com dois ventiladores independentes ? um no freezer e outro no refrigerador. <br>Com isso, o ar dentro do freezer permanece seco para congelar melhor, enquanto que, na geladeira, permanece úmido para manter o frescor, o sabor e cor dos alimentos. Esse é o tipo de tecnologia que você encontraria em refrigeradores profissionais e que a Samsung leva à sua casa.<br><br>Elegância do formato French Door<br>A porta dupla se abre para que você veja facilmente tudo que está dentro do refrigerador e em seus compartimentos. <br>Você também pode operá-las de forma individual para acessar itens em um lado específico.<br><br>Mais economia, menos ruído<br>A tecnologia Digital Inverter oferece eficiência energética, menor nível de ruído e possui desempenho duradouro com garantia de 10 anos no compressor.<br><br>Nenhuma força extra. Finalmente.<br>Os puxadores Easy Handle abrem até as maiores gavetas de forma fácil e com mínimo esforço, além de fechar bem quando não estão em uso.<br><br>Fábrica de gelo compacta<br>A nova Ice Master é compacta em tamanho para que caibam mais alimentos no refrigerador e também potente o suficiente para produzir até 4.5 Kg de gelo por dia!<br><br>Fácil de organizar e encontrar<br>O Smart Divider permite que você divida sua gaveta do meio em compartimentos convenientes. <br>Você pode organizar os favoritos de cada um, por tipo de comida ou como quiser!<br><br>Iluminação completa e econômica em LED<br>O LED superior e os laterais iluminam todos os cantos do refrigerador, oferecendo beleza e visibilidade em cada detalhe.<br><br><br>Características:<br>Twin Cooling Plus?: Sistema de Refrigeração<br>Capacidade:<br>Líquida Total: 606 litros<br>Líquida do Freezer: 140 litros<br>Líquida do Refrigerador: 466 litros<br>Alarme porta aberta: sim<br>Gás Refrigerante: R-134a<br>Consumo Mensal (kWh): 70 kWh<br>Selo Procel: A<br>Filtro de Água: Removível<br><br>Recursos refrigerador:<br>Controle de Umidade (Gaveta de Legumes e Frutas): Sim<br>Número de Prateleiras (Total): 5 <br>Material das Prateleiras: Vidro Temperado<br>Número de Gavetas de Legumes e Frutas: 2 <br>Número de Compartimentos na Porta: 6 <br>Fábrica de Gelo: Automática<br>Iluminação Interna: LED topo e laterais<br><br>Recursos do Freezer: <br>Número de Compartimentos na Porta: 1 <br>Iluminação Interna: LED<br>Número de gavetas: 2 <br><br>Recursos Externos:<br>Dispenser de Água e Gelo: Sim<br>Display de Controle: Ice Blue LED Display<br>Puxador na Porta: Alumínio<br>Material do Gabinete: Aço carbono pintado<br>Material das portas: Inox<br><br><br>Dimensões:<br>Altura: 177.7 cm <br>Largura: 90.8 cm <br>Profundidade: 92.6 cm <br>Peso: 160 kg<br><br><br>Garantia do fornecedor de 12 meses.","{""capacidade_liquida_total"":""606 L"",""cor"":""Inox"",""marca"":""Samsung"",""quantidade_de_portas"":""4 Portas"",""tipo_de_degelo"":""Frost Free"",""voltagem"":""220 V""}",606 L,Inox,Samsung,,Frost Free,220 V,4 Portas,,606 litros,Não informado,Samsung,Aço carbono,Frost Free,Não informado,3,606 litros,Inox,Samsung,Inox,Frost Free,220V,4 Portas,606L
homepoint||SF9561,Geladeira Frost Free Electrolux DB84X Inverse Cor Inox 598 Litros,"PRINCIPAIS CARACTERÍSTICAS:<br>Diante de tantas opções de geladeira, às vezes fica difícil saber qual se encaixa melhor às nossas necessidades. Para não deixar nenhuma dúvida, o Refrigerador Frost Free Bottom Freezer 598 Litros (DB84X) conta com o que há de mais moderno em refrigeração. Basta uma olhada no seu design inovador para perceber que esse refrigerador Electrolux se diferencia dos demais modelos disponíveis no mercado. Se por fora ele já chama a atenção, por dentro ele traz ainda mais vantagens. As funções do painel Blue Touch proporcionam um uso simples e descomplicado, enquanto a capacidade de 196 litros do freezer auxilia no armazenamento e preservação dos frios. Já o gavetão de frutas e legumes facilita a organização e preserva os alimentos por até 60% mais tempo. Tecnologia ao seu favor!<br><br>ESPECIFICAÇÕES DO PRODUTO:<br>• Voltagem: 110v<br>• CESTA PORTA OVOS: Sim<br>• COMPARTIMENTO CONGELAMENTO RÁPIDO: Sim<br>• COMPARTIMENTO EXTRA FRIO: Sim<br>• DEGELO AUTOMÁTICO: Sim<br>• ILUMINAÇÃO INTERNA: Sim<br>• PAINEL ELETRÔNICO: Sim<br>• PRATELEIRAS DE VIDRO TEMPERADO: Sim<br>• RECIPIENTE PARA GUARDAR GELO: Sim<br>• RODÍZIOS: Sim<br>• SEPARADOR DE GARRAFAS: Sim<br>• MODELO: DB84Xvv<br>• CLASSIFICAÇÃO ENERGÉTICA: A<br>• FREQUÊNCIA: 60Hz<br>• ALTURA DO PRODUTO: 190,5 cm<br>• LARGURA DO PRODUTO: 83,5 cm<br>• PROFUNDIDADE COM PORTA ABERTA: 148,8 cm<br>• PROFUNDIDADE DO PRODUTO: 77,8 cm<br>• LARGURA PORTA ABERTA 90° SEM PUXADOR: 83,2 cm<br>• PESO DO PRODUTO: 109 kg<br>• PROFUNDIDADE DO GABINETE SEM PORTA: 63 cm<br>• PROFUNDIDADE COM PORTA E SEM PUXADOR: 77,2 cm<br>• LARGURA PORTA ABERTA 90° COM PUXADOR: 90 cm<br>• ALTURA DO GABINETE SEM PORTA: 186,9 cm<br>• COR: Inox<br>• CAPACIDADE LÍQUIDA DO REFRIGERADOR (L): 402<br>• CAPACIDADE LÍQUIDA DO FREEZER (L): 196<br>• CAPACIDADE TOTAL DE ARMAZENAMENTO: 598<br>• CAPACIDADE BRUTA DO REFRIGERADOR (L): 411<br>• CAPACIDADE BRUTA DO FREEZER (L): 226<br>• CAPACIDADE TOTAL BRUTA (L): 637<br>• Garantia de 12 meses contra defeito de fabricação<br><br>IMAGENS MERAMENTE ILUSTRATIVAS","{""capacidade_liquida_total"":""598 L"",""cor"":""Inox"",""marca"":""Electrolux"",""tipo_de_degelo"":""Frost Free"",""voltagem"":""127 V""}",598 L,Inox,Electrolux,,Frost Free,127 V,,,598,Inox,Electrolux,Não informado,Frost Free,110v,Não informado,598 Litros,Inox,Electrolux,,Frost Free,110V,2 Portas,598L
leonfer||1986,Refrigerador Consul 334 Litros Cycle Defrost 2 Portas CRB37E,"A Geladeira Consul Cycle Defrost Duplex 334 litros possui o Gavetao Hortifruti e 15 niveis de altura para ajustar as prateleiras. Mais facilidade com 2 portas e Tecnologia Cycle Defrost, para voce descongelar a geladeira apenas 2 vezes ao ano. Ahhh! Bem pensado.<br> A Geladeira Consul Biplex com capacidade para 334 litros e ideal para voce que quer deixar a sua cozinha mais organizada. <br> Com congelador e refrigerador separados, controle eletronico de temperatura, gaveta multiuso e compartimentos removiveis, ela vai facilitar o seu dia a dia.<br> Gaveta multiuso: Nela cabe tudo e mais um pouco. Ideal para frutas, legumes e verduras, fica na parte de baixo da geladeira e e transparente, o que facilita a visualizaçao sem precisar abrir a gaveta. Bem pensado, ne?<br> <br> Caracteristicas:<br> Material/Composiçao: Material Eletrico<br> Capacidade liquida: 76 Litros<br> Capacidade Total de Armazenamento (em litros): 334L<br> Consumo (Kw/h): 43,5<br> Selo Procel: Sim<br> Grades removiveis: Sim<br> Porta laticinios: Nao<br> Dispenser de agua externo/interno: Nao<br> Prateleiras na porta: Sim<br> Prateleiras de vidro temperado: Nao<br> Recipiente para guardar gelo: Sim<br> Prateleiras regulaveis: Sim<br> Desodorizador: Nao<br> Iluminaçao interna: Sim<br> Alarme de porta aberta: Nao<br> Compartimento extra frio: Nao<br> Compartimento congelamento rapido: Nao<br> Gaveta: Sim<br> Porta ovos: Sim<br> Separador de garrafas: Sim<br> Degelo automatico: Nao<br> Rodizios: Nao<br> Pes niveladores: Sim<br> Porta latas: Nao<br> Porta reversivel: Nao<br> Painel eletronico: Nao<br> Controle de temperatura: Sim<br> Congelador: Sim<br> Trava de segurança: Nao<br> Timer: Sim<br> Mostrador frontal de temperatura: Nao<br> <br> Dimensoes: <br> Altura: 166,9 cm <br> Largura: 60,3 cm <br> Profundidade: 63,4 cm <br> Peso: 47 kg <br> <br> Garantia do fornecedor de 12 meses.","{""capacidade_liquida_total"":""334 L"",""cor"":""Branco"",""marca"":""Consul"",""quantidade_de_portas"":""2 Portas"",""tipo_de_degelo"":""Cycle Defrost"",""voltagem"":""220 V""}",334 L,Branco,Consul,,Cycle Defrost,220 V,2 Portas,,76 Litros,Não informado,Consul,Não informado,Cycle Defrost,Não informado,2 Portas,334 Litros,Branco,Consul,,Cycle Defrost,220V,2 Portas,334L
lojasdular||2132,Refrigerador Frost Free 2 Portas TF55 431 Litros Electrolux,"O Refrigerador Frost Free 2 Portas TF55 431 Litros Electrolux é uma excelente opção de compra. Sua cozinha será valorizada com esse item moderno e com ótimo design. Tudo para manter seus alimentos muito bem conservados. O maior freezer do segmento, com capacidade de 128 litros, tem espaço de sobra para armazenar sobremesas, carnes e outros alimentos que necessitam de constante refrigeração.<br> Para auxiliar na organização interna da geladeira o Fast Adapt, sistema de prateleiras reversíveis no freezer e no refrigerador, permite adaptar da melhor maneira possível o espaço interno da geladeira Frost free para acomodar diversos alimentos. A geladeira Electrolux Frost free TF55 disponibiliza ainda o Ice Max, um compartimento para produção de gelo com sistema exclusivo sem respingos e sem odores, que mantêm os cubos de gelo intactos. Um excelente recurso capaz de garantir total conforto para quem opta por esse produto. Essa geladeira Electrolux possui alguns recursos interessantes que vão auxiliar bastante seus proprietários no uso do eletrodoméstico no dia a dia.<br> <br> Características: <br> Sistema de Refrigeração: Frost Free<br> Capacidade Total: 431 Litros<br> Capacidade do Refrigerador: 303 Litros<br> Capacidade do Freezer: 128 Litros<br> Cesta porta ovos: Sim<br> Classificação Energética: A<br> Compartimento Congelamento Rápido: Sim<br> Compartimento Extra Frio <br> Consumo de Energia: 49,8W<br> Alarme de porta aberta: Sim<br> Frequência: 60Hz<br> Iluminação Interna: Sim<br> Maquina de Gelo Automática : Sim<br> Prateleiras: Vidro temperado<br> Painel Digital: Sim<br> Pés: Niveladores e reguláveis <br> Temperatura do Congelador: - 18o C<br> Tempo máximo de conservação sem energia: 8 horas<br> Icemax: Compartimento para produção de gelo com exclusivo sistema sem respingos, sem mistura de odores e fácil de remover<br> Gavetão de frutas e verduras: Preserva frutas e verduras por mais tempo que gavetas comuns<br> Turbo freezer e drink express: Compartimento de congelamento rápido para alimentos e bebidas<br> Funções: Compras, férias e festa; escolhem automaticamente a temperatura ideal para cada situação<br> Fast Adapt: Prateleiras deslizantes que possibilitam variadas configurações internas da geladeira e freezer<br> Iluminação em LED: Melhor visualização do interior da geladeira e baixo consumo de energia elétrica<br> <br> Dimensões:<br> Altura: 175,9 cm<br> Largura: 69,9 cm<br> Profundidade: 73,3 cm<br> <br> Garantia do Fornecedor: 12 meses<br> <br> Atenção: Verifique a voltagem do produto. Fotos meramente ilustrativas. Demais produtos que não fazem parte do conteúdo da embalagem, são ilustrativos e não são vendidos com o produto. Não nos responsabilizamos pela instalação ou montagem; também não nos responsabilizamos pelo transporte por escadas, elevadores, guincho ou içamento deste produto. Todas as instruções, manuais e peças necessárias para a montagem são fornecidas junto com o produto","{""capacidade_liquida_total"":""431 L"",""cor"":""Branco"",""marca"":""Electrolux"",""quantidade_de_portas"":""2 Portas"",""tipo_de_degelo"":""Frost Free"",""voltagem"":""127 V""}",431 L,Branco,Electrolux,,Frost Free,127 V,2 Portas,,431 Litros,Não informado,Electrolux,Não informado,Frost Free,Não informado,2 Portas,431 Litros,Branco,Electrolux,,Frost Free,110V,2 Portas,431L
